{"type":"FeatureCollection","schema_version":"1.0.0","city_id":"nyc","year":2017,"features":[{"type":"Feature","id":"nyc_arch_brooklyn_navy_yard_building_77_opening_2017","properties":{"city_id":"nyc","event_id":"nyc_arch_brooklyn_navy_yard_building_77_opening_2017","title":"Brooklyn Navy Yard Building 77 reopened after renovation","year":2017,"effective_date":"2017-11-09","date_precision":"day","category":"built_environment","lens":"built_environment","confidence":"documented","source_ids":["nyc-architecture-public-pages"],"explanation":"A former Navy Yard storage building re-entered use as a manufacturing, food, and office hub."},"geometry":{"type":"Point","coordinates":[-73.9718,40.7004]}},{"type":"Feature","id":"nyc_arch_cornell_tech_roosevelt_island_opening_2017","properties":{"city_id":"nyc","event_id":"nyc_arch_cornell_tech_roosevelt_island_opening_2017","title":"Cornell Tech Roosevelt Island campus opened","year":2017,"effective_date":"2017-09-13","date_precision":"day","category":"built_environment","lens":"built_environment","confidence":"documented","source_ids":["nyc-architecture-public-pages"],"explanation":"A new applied-science campus and public open-space framework entered use on Roosevelt Island."},"geometry":{"type":"Point","coordinates":[-73.9566,40.7559]}},{"type":"Feature","id":"nyc_arch_lenfest_center_arts_opening_2017","properties":{"city_id":"nyc","event_id":"nyc_arch_lenfest_center_arts_opening_2017","title":"Lenfest Center for the Arts opened at Columbia Manhattanville","year":2017,"effective_date":"2017-04","date_precision":"month","category":"built_environment","lens":"built_environment","confidence":"documented","source_ids":["nyc-architecture-public-pages"],"explanation":"A new multidisciplinary arts building entered use at Columbia University's Manhattanville campus."},"geometry":{"type":"Point","coordinates":[-73.958,40.8167]}},{"type":"Feature","id":"nyc_arch_second_avenue_subway_phase1_opening_2017","properties":{"city_id":"nyc","event_id":"nyc_arch_second_avenue_subway_phase1_opening_2017","title":"Second Avenue Subway Phase 1 opened for service","year":2017,"effective_date":"2017-01-01","date_precision":"day","category":"built_environment","lens":"built_environment","confidence":"documented","source_ids":["nyc-architecture-public-pages"],"explanation":"A new subway extension and three new Upper East Side stations entered passenger service."},"geometry":{"type":"Point","coordinates":[-73.9517,40.7779]}},{"type":"Feature","id":"nyc_arch_times_square_plazas_completion_2017","properties":{"city_id":"nyc","event_id":"nyc_arch_times_square_plazas_completion_2017","title":"Times Square pedestrian plazas were completed","year":2017,"effective_date":"2017-04-19","date_precision":"day","category":"built_environment","lens":"built_environment","confidence":"documented","source_ids":["nyc-architecture-public-pages"],"explanation":"Permanent pedestrian plazas and public-realm improvements replaced temporary street treatments in Times Square."},"geometry":{"type":"Point","coordinates":[-73.9855,40.758]}},{"type":"Feature","id":"nyc_capital_project_status_101_2017-04-01","properties":{"city_id":"nyc","event_id":"nyc_capital_project_status_101_2017-04-01","title":"Capital project status: Roosevelt Avenue Bridge Superstructure and Substructure Repairs","year":2017,"effective_date":"2017-04-01","date_precision":"day","category":"environment","lens":"green_space","confidence":"documented","source_ids":["n7gv-k5yt"],"explanation":"Observed capital-project status record in phase Construction."},"geometry":{"type":"Point","coordinates":[-73.7949,40.7282]}},{"type":"Feature","id":"nyc_capital_project_status_101_2017-09-01","properties":{"city_id":"nyc","event_id":"nyc_capital_project_status_101_2017-09-01","title":"Capital project status: Roosevelt Avenue Bridge Superstructure and Substructure Repairs","year":2017,"effective_date":"2017-09-01","date_precision":"day","category":"environment","lens":"green_space","confidence":"documented","source_ids":["n7gv-k5yt"],"explanation":"Observed capital-project status record in phase Construction."},"geometry":{"type":"Point","coordinates":[-73.7949,40.7282]}},{"type":"Feature","id":"nyc_capital_project_status_106_2017-04-01","properties":{"city_id":"nyc","event_id":"nyc_capital_project_status_106_2017-04-01","title":"Capital project status: Broadway Bridge over Harlem River Replacement","year":2017,"effective_date":"2017-04-01","date_precision":"day","category":"transport","lens":"traffic","confidence":"documented","source_ids":["n7gv-k5yt"],"explanation":"Observed capital-project status record in phase Design."},"geometry":{"type":"Point","coordinates":[-73.9712,40.7831]}},{"type":"Feature","id":"nyc_capital_project_status_106_2017-09-01","properties":{"city_id":"nyc","event_id":"nyc_capital_project_status_106_2017-09-01","title":"Capital project status: Broadway Bridge over Harlem River Replacement","year":2017,"effective_date":"2017-09-01","date_precision":"day","category":"transport","lens":"traffic","confidence":"documented","source_ids":["n7gv-k5yt"],"explanation":"Observed capital-project status record in phase Design."},"geometry":{"type":"Point","coordinates":[-73.9712,40.7831]}},{"type":"Feature","id":"nyc_capital_project_status_112_2017-04-01","properties":{"city_id":"nyc","event_id":"nyc_capital_project_status_112_2017-04-01","title":"Capital project status: Westchester Avenue Bridge over Hutch River Parkway Rehabilitation","year":2017,"effective_date":"2017-04-01","date_precision":"day","category":"civic_services","lens":"services","confidence":"documented","source_ids":["n7gv-k5yt"],"explanation":"Observed capital-project status record in phase Construction."},"geometry":{"type":"Point","coordinates":[-73.8648,40.8448]}},{"type":"Feature","id":"nyc_capital_project_status_112_2017-09-01","properties":{"city_id":"nyc","event_id":"nyc_capital_project_status_112_2017-09-01","title":"Capital project status: Westchester Avenue Bridge over Hutch River Parkway Rehabilitation","year":2017,"effective_date":"2017-09-01","date_precision":"day","category":"civic_services","lens":"services","confidence":"documented","source_ids":["n7gv-k5yt"],"explanation":"Observed capital-project status record in phase Construction."},"geometry":{"type":"Point","coordinates":[-73.8648,40.8448]}},{"type":"Feature","id":"nyc_capital_project_status_113_2017-04-01","properties":{"city_id":"nyc","event_id":"nyc_capital_project_status_113_2017-04-01","title":"Capital project status: Riverside Drive/West 158th Street Bridge Rehabilitation","year":2017,"effective_date":"2017-04-01","date_precision":"day","category":"environment","lens":"green_space","confidence":"documented","source_ids":["n7gv-k5yt"],"explanation":"Observed capital-project status record in phase Design."},"geometry":{"type":"Point","coordinates":[-73.9712,40.7831]}},{"type":"Feature","id":"nyc_capital_project_status_113_2017-09-01","properties":{"city_id":"nyc","event_id":"nyc_capital_project_status_113_2017-09-01","title":"Capital project status: Riverside Drive/West 158th Street Bridge Rehabilitation","year":2017,"effective_date":"2017-09-01","date_precision":"day","category":"environment","lens":"green_space","confidence":"documented","source_ids":["n7gv-k5yt"],"explanation":"Observed capital-project status record in phase Design."},"geometry":{"type":"Point","coordinates":[-73.9712,40.7831]}},{"type":"Feature","id":"nyc_capital_project_status_114_2017-04-01","properties":{"city_id":"nyc","event_id":"nyc_capital_project_status_114_2017-04-01","title":"Capital project status: Madison Avenue Bridge Reconstruction","year":2017,"effective_date":"2017-04-01","date_precision":"day","category":"civic_services","lens":"services","confidence":"documented","source_ids":["n7gv-k5yt"],"explanation":"Observed capital-project status record in phase Design."},"geometry":{"type":"Point","coordinates":[-73.9712,40.7831]}},{"type":"Feature","id":"nyc_capital_project_status_114_2017-09-01","properties":{"city_id":"nyc","event_id":"nyc_capital_project_status_114_2017-09-01","title":"Capital project status: Madison Avenue Bridge Reconstruction","year":2017,"effective_date":"2017-09-01","date_precision":"day","category":"civic_services","lens":"services","confidence":"documented","source_ids":["n7gv-k5yt"],"explanation":"Observed capital-project status record in phase Design."},"geometry":{"type":"Point","coordinates":[-73.9712,40.7831]}},{"type":"Feature","id":"nyc_capital_project_status_120_2017-04-01","properties":{"city_id":"nyc","event_id":"nyc_capital_project_status_120_2017-04-01","title":"Capital project status: Grand Concourse Metro North Railroad Bridge Construction","year":2017,"effective_date":"2017-04-01","date_precision":"day","category":"transport","lens":"traffic","confidence":"documented","source_ids":["n7gv-k5yt"],"explanation":"Observed capital-project status record in phase Design."},"geometry":{"type":"Point","coordinates":[-73.8648,40.8448]}},{"type":"Feature","id":"nyc_capital_project_status_120_2017-09-01","properties":{"city_id":"nyc","event_id":"nyc_capital_project_status_120_2017-09-01","title":"Capital project status: Grand Concourse Metro North Railroad Bridge Construction","year":2017,"effective_date":"2017-09-01","date_precision":"day","category":"transport","lens":"traffic","confidence":"documented","source_ids":["n7gv-k5yt"],"explanation":"Observed capital-project status record in phase Design."},"geometry":{"type":"Point","coordinates":[-73.8648,40.8448]}},{"type":"Feature","id":"nyc_capital_project_status_131_2017-09-01","properties":{"city_id":"nyc","event_id":"nyc_capital_project_status_131_2017-09-01","title":"Capital project status: 49th Avenue Bridge Replacement","year":2017,"effective_date":"2017-09-01","date_precision":"day","category":"civic_services","lens":"services","confidence":"documented","source_ids":["n7gv-k5yt"],"explanation":"Observed capital-project status record in phase Design."},"geometry":{"type":"Point","coordinates":[-73.7949,40.7282]}},{"type":"Feature","id":"nyc_capital_project_status_170_2017-04-01","properties":{"city_id":"nyc","event_id":"nyc_capital_project_status_170_2017-04-01","title":"Capital project status: Bergen Avenue Street Reconstruction","year":2017,"effective_date":"2017-04-01","date_precision":"day","category":"environment","lens":"green_space","confidence":"documented","source_ids":["n7gv-k5yt"],"explanation":"Observed capital-project status record in phase Design."},"geometry":{"type":"Point","coordinates":[-73.9442,40.6782]}},{"type":"Feature","id":"nyc_capital_project_status_170_2017-09-01","properties":{"city_id":"nyc","event_id":"nyc_capital_project_status_170_2017-09-01","title":"Capital project status: Bergen Avenue Street Reconstruction","year":2017,"effective_date":"2017-09-01","date_precision":"day","category":"environment","lens":"green_space","confidence":"documented","source_ids":["n7gv-k5yt"],"explanation":"Observed capital-project status record in phase Design."},"geometry":{"type":"Point","coordinates":[-73.9442,40.6782]}},{"type":"Feature","id":"nyc_capital_project_status_180_2017-04-01","properties":{"city_id":"nyc","event_id":"nyc_capital_project_status_180_2017-04-01","title":"Capital project status: Pelham Parkway Roadway Reconstruction, Phase 2","year":2017,"effective_date":"2017-04-01","date_precision":"day","category":"transport","lens":"traffic","confidence":"documented","source_ids":["n7gv-k5yt"],"explanation":"Observed capital-project status record in phase Construction Procurement."},"geometry":{"type":"Point","coordinates":[-73.8648,40.8448]}},{"type":"Feature","id":"nyc_capital_project_status_180_2017-09-01","properties":{"city_id":"nyc","event_id":"nyc_capital_project_status_180_2017-09-01","title":"Capital project status: Pelham Parkway Roadway Reconstruction, Phase 2","year":2017,"effective_date":"2017-09-01","date_precision":"day","category":"transport","lens":"traffic","confidence":"documented","source_ids":["n7gv-k5yt"],"explanation":"Observed capital-project status record in phase Construction."},"geometry":{"type":"Point","coordinates":[-73.8648,40.8448]}},{"type":"Feature","id":"nyc_capital_project_status_191_2017-04-01","properties":{"city_id":"nyc","event_id":"nyc_capital_project_status_191_2017-04-01","title":"Capital project status: Wyckoff Avenue Street Reconstruction","year":2017,"effective_date":"2017-04-01","date_precision":"day","category":"environment","lens":"green_space","confidence":"documented","source_ids":["n7gv-k5yt"],"explanation":"Observed capital-project status record in phase Design."},"geometry":{"type":"Point","coordinates":[-73.9442,40.6782]}},{"type":"Feature","id":"nyc_capital_project_status_191_2017-09-01","properties":{"city_id":"nyc","event_id":"nyc_capital_project_status_191_2017-09-01","title":"Capital project status: Wyckoff Avenue Street Reconstruction","year":2017,"effective_date":"2017-09-01","date_precision":"day","category":"environment","lens":"green_space","confidence":"documented","source_ids":["n7gv-k5yt"],"explanation":"Observed capital-project status record in phase Design."},"geometry":{"type":"Point","coordinates":[-73.9442,40.6782]}},{"type":"Feature","id":"nyc_capital_project_status_193_2017-04-01","properties":{"city_id":"nyc","event_id":"nyc_capital_project_status_193_2017-04-01","title":"Capital project status: Dumbo and Vinegar Hill Area Roadway Reconstruction and Renovation","year":2017,"effective_date":"2017-04-01","date_precision":"day","category":"transport","lens":"traffic","confidence":"documented","source_ids":["n7gv-k5yt"],"explanation":"Observed capital-project status record in phase Design."},"geometry":{"type":"Point","coordinates":[-73.9442,40.6782]}},{"type":"Feature","id":"nyc_capital_project_status_193_2017-09-01","properties":{"city_id":"nyc","event_id":"nyc_capital_project_status_193_2017-09-01","title":"Capital project status: Dumbo and Vinegar Hill Area Roadway Reconstruction and Renovation","year":2017,"effective_date":"2017-09-01","date_precision":"day","category":"transport","lens":"traffic","confidence":"documented","source_ids":["n7gv-k5yt"],"explanation":"Observed capital-project status record in phase Design."},"geometry":{"type":"Point","coordinates":[-73.9442,40.6782]}},{"type":"Feature","id":"nyc_capital_project_status_204_2017-04-01","properties":{"city_id":"nyc","event_id":"nyc_capital_project_status_204_2017-04-01","title":"Capital project status: Edgewood Triangle Roadway Reconstruction","year":2017,"effective_date":"2017-04-01","date_precision":"day","category":"transport","lens":"traffic","confidence":"documented","source_ids":["n7gv-k5yt"],"explanation":"Observed capital-project status record in phase Design."},"geometry":{"type":"Point","coordinates":[-73.7949,40.7282]}},{"type":"Feature","id":"nyc_capital_project_status_204_2017-09-01","properties":{"city_id":"nyc","event_id":"nyc_capital_project_status_204_2017-09-01","title":"Capital project status: Edgewood Triangle Roadway Reconstruction","year":2017,"effective_date":"2017-09-01","date_precision":"day","category":"transport","lens":"traffic","confidence":"documented","source_ids":["n7gv-k5yt"],"explanation":"Observed capital-project status record in phase Design."},"geometry":{"type":"Point","coordinates":[-73.7949,40.7282]}},{"type":"Feature","id":"nyc_capital_project_status_206_2017-04-01","properties":{"city_id":"nyc","event_id":"nyc_capital_project_status_206_2017-04-01","title":"Capital project status: Roma and Hett Avenue Storm and Sanitary Sewer Installation","year":2017,"effective_date":"2017-04-01","date_precision":"day","category":"civic_services","lens":"services","confidence":"documented","source_ids":["n7gv-k5yt"],"explanation":"Observed capital-project status record in phase Design."},"geometry":{"type":"Point","coordinates":[-74.1502,40.5795]}},{"type":"Feature","id":"nyc_capital_project_status_206_2017-09-01","properties":{"city_id":"nyc","event_id":"nyc_capital_project_status_206_2017-09-01","title":"Capital project status: Roma and Hett Avenue Storm and Sanitary Sewer Installation","year":2017,"effective_date":"2017-09-01","date_precision":"day","category":"civic_services","lens":"services","confidence":"documented","source_ids":["n7gv-k5yt"],"explanation":"Observed capital-project status record in phase Design."},"geometry":{"type":"Point","coordinates":[-74.1502,40.5795]}},{"type":"Feature","id":"nyc_capital_project_status_267_2017-04-01","properties":{"city_id":"nyc","event_id":"nyc_capital_project_status_267_2017-04-01","title":"Capital project status: Emergency Communications Transformation Program (ECTP) Upgrades and Enhancements","year":2017,"effective_date":"2017-04-01","date_precision":"day","category":"civic_services","lens":"services","confidence":"documented","source_ids":["n7gv-k5yt"],"explanation":"Observed capital-project status record in phase IT."},"geometry":{"type":"Point","coordinates":[-73.941956,40.81369]}},{"type":"Feature","id":"nyc_capital_project_status_267_2017-09-01","properties":{"city_id":"nyc","event_id":"nyc_capital_project_status_267_2017-09-01","title":"Capital project status: Emergency Communications Transformation Program (ECTP) Upgrades and Enhancements","year":2017,"effective_date":"2017-09-01","date_precision":"day","category":"civic_services","lens":"services","confidence":"documented","source_ids":["n7gv-k5yt"],"explanation":"Observed capital-project status record in phase IT."},"geometry":{"type":"Point","coordinates":[-73.92806,40.77132]}},{"type":"Feature","id":"nyc_capital_project_status_313_2017-04-01","properties":{"city_id":"nyc","event_id":"nyc_capital_project_status_313_2017-04-01","title":"Capital project status: Dutch Kills and Lower Newtown Creek Enhanced Aeration Work","year":2017,"effective_date":"2017-04-01","date_precision":"day","category":"civic_services","lens":"services","confidence":"documented","source_ids":["n7gv-k5yt"],"explanation":"Observed capital-project status record in phase Construction Procurement."},"geometry":{"type":"Point","coordinates":[-73.7949,40.7282]}},{"type":"Feature","id":"nyc_capital_project_status_313_2017-09-01","properties":{"city_id":"nyc","event_id":"nyc_capital_project_status_313_2017-09-01","title":"Capital project status: Dutch Kills and Lower Newtown Creek Enhanced Aeration Work","year":2017,"effective_date":"2017-09-01","date_precision":"day","category":"civic_services","lens":"services","confidence":"documented","source_ids":["n7gv-k5yt"],"explanation":"Observed capital-project status record in phase Construction Procurement."},"geometry":{"type":"Point","coordinates":[-73.7949,40.7282]}},{"type":"Feature","id":"nyc_capital_project_status_347_2017-04-01","properties":{"city_id":"nyc","event_id":"nyc_capital_project_status_347_2017-04-01","title":"Capital project status: West 59th Street Marine Transfer Station Construction, Phase 2","year":2017,"effective_date":"2017-04-01","date_precision":"day","category":"environment","lens":"green_space","confidence":"documented","source_ids":["n7gv-k5yt"],"explanation":"Observed capital-project status record in phase Construction."},"geometry":{"type":"Point","coordinates":[-73.9712,40.7831]}},{"type":"Feature","id":"nyc_capital_project_status_347_2017-09-01","properties":{"city_id":"nyc","event_id":"nyc_capital_project_status_347_2017-09-01","title":"Capital project status: West 59th Street Marine Transfer Station Construction, Phase 2","year":2017,"effective_date":"2017-09-01","date_precision":"day","category":"environment","lens":"green_space","confidence":"documented","source_ids":["n7gv-k5yt"],"explanation":"Observed capital-project status record in phase Construction."},"geometry":{"type":"Point","coordinates":[-73.9712,40.7831]}},{"type":"Feature","id":"nyc_capital_project_status_364_2017-04-01","properties":{"city_id":"nyc","event_id":"nyc_capital_project_status_364_2017-04-01","title":"Capital project status: Hannah Street Pumping Station Construction","year":2017,"effective_date":"2017-04-01","date_precision":"day","category":"environment","lens":"green_space","confidence":"documented","source_ids":["n7gv-k5yt"],"explanation":"Observed capital-project status record in phase Design."},"geometry":{"type":"Point","coordinates":[-74.1502,40.5795]}},{"type":"Feature","id":"nyc_capital_project_status_364_2017-09-01","properties":{"city_id":"nyc","event_id":"nyc_capital_project_status_364_2017-09-01","title":"Capital project status: Hannah Street Pumping Station Construction","year":2017,"effective_date":"2017-09-01","date_precision":"day","category":"environment","lens":"green_space","confidence":"documented","source_ids":["n7gv-k5yt"],"explanation":"Observed capital-project status record in phase Design."},"geometry":{"type":"Point","coordinates":[-74.1502,40.5795]}},{"type":"Feature","id":"nyc_capital_project_status_370_2017-04-01","properties":{"city_id":"nyc","event_id":"nyc_capital_project_status_370_2017-04-01","title":"Capital project status: Flatbush Avenue Trunk Watermain Replacement","year":2017,"effective_date":"2017-04-01","date_precision":"day","category":"transport","lens":"traffic","confidence":"documented","source_ids":["n7gv-k5yt"],"explanation":"Observed capital-project status record in phase Construction Procurement."},"geometry":{"type":"Point","coordinates":[-73.9442,40.6782]}},{"type":"Feature","id":"nyc_capital_project_status_370_2017-09-01","properties":{"city_id":"nyc","event_id":"nyc_capital_project_status_370_2017-09-01","title":"Capital project status: Flatbush Avenue Trunk Watermain Replacement","year":2017,"effective_date":"2017-09-01","date_precision":"day","category":"transport","lens":"traffic","confidence":"documented","source_ids":["n7gv-k5yt"],"explanation":"Observed capital-project status record in phase Construction."},"geometry":{"type":"Point","coordinates":[-73.9442,40.6782]}},{"type":"Feature","id":"nyc_capital_project_status_388_2017-04-01","properties":{"city_id":"nyc","event_id":"nyc_capital_project_status_388_2017-04-01","title":"Capital project status: 2nd Avenue Watermain Trunk Construction","year":2017,"effective_date":"2017-04-01","date_precision":"day","category":"civic_services","lens":"services","confidence":"documented","source_ids":["n7gv-k5yt"],"explanation":"Observed capital-project status record in phase Construction."},"geometry":{"type":"Point","coordinates":[-73.9712,40.7831]}},{"type":"Feature","id":"nyc_capital_project_status_388_2017-09-01","properties":{"city_id":"nyc","event_id":"nyc_capital_project_status_388_2017-09-01","title":"Capital project status: 2nd Avenue Watermain Trunk Construction","year":2017,"effective_date":"2017-09-01","date_precision":"day","category":"civic_services","lens":"services","confidence":"documented","source_ids":["n7gv-k5yt"],"explanation":"Observed capital-project status record in phase Construction."},"geometry":{"type":"Point","coordinates":[-73.9712,40.7831]}},{"type":"Feature","id":"nyc_capital_project_status_403_2017-04-01","properties":{"city_id":"nyc","event_id":"nyc_capital_project_status_403_2017-04-01","title":"Capital project status: Electronic Medical Records Upgrade","year":2017,"effective_date":"2017-04-01","date_precision":"day","category":"civic_services","lens":"services","confidence":"documented","source_ids":["n7gv-k5yt"],"explanation":"Observed capital-project status record in phase IT."},"geometry":{"type":"Point","coordinates":[-73.819804,40.59121]}},{"type":"Feature","id":"nyc_capital_project_status_403_2017-09-01","properties":{"city_id":"nyc","event_id":"nyc_capital_project_status_403_2017-09-01","title":"Capital project status: Electronic Medical Records Upgrade","year":2017,"effective_date":"2017-09-01","date_precision":"day","category":"civic_services","lens":"services","confidence":"documented","source_ids":["n7gv-k5yt"],"explanation":"Observed capital-project status record in phase IT."},"geometry":{"type":"Point","coordinates":[-74.077132,40.64723]}},{"type":"Feature","id":"nyc_capital_project_status_405_2017-04-01","properties":{"city_id":"nyc","event_id":"nyc_capital_project_status_405_2017-04-01","title":"Capital project status: Gilboa Dam Reconstruction, Phase III","year":2017,"effective_date":"2017-04-01","date_precision":"day","category":"civic_services","lens":"services","confidence":"documented","source_ids":["n7gv-k5yt"],"explanation":"Observed capital-project status record in phase Construction."},"geometry":{"type":"Point","coordinates":[-73.99502,40.61842]}},{"type":"Feature","id":"nyc_capital_project_status_405_2017-09-01","properties":{"city_id":"nyc","event_id":"nyc_capital_project_status_405_2017-09-01","title":"Capital project status: Gilboa Dam Reconstruction, Phase III","year":2017,"effective_date":"2017-09-01","date_precision":"day","category":"civic_services","lens":"services","confidence":"documented","source_ids":["n7gv-k5yt"],"explanation":"Observed capital-project status record in phase Construction."},"geometry":{"type":"Point","coordinates":[-73.920536,40.76619]}},{"type":"Feature","id":"nyc_capital_project_status_406_2017-04-01","properties":{"city_id":"nyc","event_id":"nyc_capital_project_status_406_2017-04-01","title":"Capital project status: Gilboa Dam Reconstruction, Phase IV","year":2017,"effective_date":"2017-04-01","date_precision":"day","category":"civic_services","lens":"services","confidence":"documented","source_ids":["n7gv-k5yt"],"explanation":"Observed capital-project status record in phase Construction Procurement."},"geometry":{"type":"Point","coordinates":[-74.148592,40.57855]}},{"type":"Feature","id":"nyc_capital_project_status_406_2017-09-01","properties":{"city_id":"nyc","event_id":"nyc_capital_project_status_406_2017-09-01","title":"Capital project status: Gilboa Dam Reconstruction, Phase IV","year":2017,"effective_date":"2017-09-01","date_precision":"day","category":"civic_services","lens":"services","confidence":"documented","source_ids":["n7gv-k5yt"],"explanation":"Observed capital-project status record in phase Construction."},"geometry":{"type":"Point","coordinates":[-73.948824,40.81494]}},{"type":"Feature","id":"nyc_capital_project_status_409_2017-04-01","properties":{"city_id":"nyc","event_id":"nyc_capital_project_status_409_2017-04-01","title":"Capital project status: Rondout-West Branch Bypass Tunnel Construction Project 2","year":2017,"effective_date":"2017-04-01","date_precision":"day","category":"civic_services","lens":"services","confidence":"documented","source_ids":["n7gv-k5yt"],"explanation":"Observed capital-project status record in phase Construction."},"geometry":{"type":"Point","coordinates":[-73.994156,40.62409]}},{"type":"Feature","id":"nyc_capital_project_status_409_2017-09-01","properties":{"city_id":"nyc","event_id":"nyc_capital_project_status_409_2017-09-01","title":"Capital project status: Rondout-West Branch Bypass Tunnel Construction Project 2","year":2017,"effective_date":"2017-09-01","date_precision":"day","category":"civic_services","lens":"services","confidence":"documented","source_ids":["n7gv-k5yt"],"explanation":"Observed capital-project status record in phase Construction."},"geometry":{"type":"Point","coordinates":[-73.9759,40.57685]}},{"type":"Feature","id":"nyc_capital_project_status_423_2017-04-01","properties":{"city_id":"nyc","event_id":"nyc_capital_project_status_423_2017-04-01","title":"Capital project status: North River Wastewater Treatment Plant Cogeneration and Electrification","year":2017,"effective_date":"2017-04-01","date_precision":"day","category":"civic_services","lens":"services","confidence":"documented","source_ids":["n7gv-k5yt"],"explanation":"Observed capital-project status record in phase Construction Procurement."},"geometry":{"type":"Point","coordinates":[-73.9712,40.7831]}},{"type":"Feature","id":"nyc_capital_project_status_423_2017-09-01","properties":{"city_id":"nyc","event_id":"nyc_capital_project_status_423_2017-09-01","title":"Capital project status: North River Wastewater Treatment Plant Cogeneration and Electrification","year":2017,"effective_date":"2017-09-01","date_precision":"day","category":"civic_services","lens":"services","confidence":"documented","source_ids":["n7gv-k5yt"],"explanation":"Observed capital-project status record in phase Construction."},"geometry":{"type":"Point","coordinates":[-73.9712,40.7831]}},{"type":"Feature","id":"nyc_capital_project_status_432_2017-04-01","properties":{"city_id":"nyc","event_id":"nyc_capital_project_status_432_2017-04-01","title":"Capital project status: 20th Avenue Storm and Sanitary Sewer Construction","year":2017,"effective_date":"2017-04-01","date_precision":"day","category":"civic_services","lens":"services","confidence":"documented","source_ids":["n7gv-k5yt"],"explanation":"Observed capital-project status record in phase Construction Procurement."},"geometry":{"type":"Point","coordinates":[-73.7949,40.7282]}},{"type":"Feature","id":"nyc_capital_project_status_432_2017-09-01","properties":{"city_id":"nyc","event_id":"nyc_capital_project_status_432_2017-09-01","title":"Capital project status: 20th Avenue Storm and Sanitary Sewer Construction","year":2017,"effective_date":"2017-09-01","date_precision":"day","category":"civic_services","lens":"services","confidence":"documented","source_ids":["n7gv-k5yt"],"explanation":"Observed capital-project status record in phase Construction."},"geometry":{"type":"Point","coordinates":[-73.7949,40.7282]}},{"type":"Feature","id":"nyc_capital_project_status_443_2017-04-01","properties":{"city_id":"nyc","event_id":"nyc_capital_project_status_443_2017-04-01","title":"Capital project status: Replacement of the Esopus & Route 28A Railroad Bridges","year":2017,"effective_date":"2017-04-01","date_precision":"day","category":"transport","lens":"traffic","confidence":"documented","source_ids":["n7gv-k5yt"],"explanation":"Observed capital-project status record in phase Design."},"geometry":{"type":"Point","coordinates":[-73.791204,40.7074]}},{"type":"Feature","id":"nyc_capital_project_status_443_2017-09-01","properties":{"city_id":"nyc","event_id":"nyc_capital_project_status_443_2017-09-01","title":"Capital project status: Replacement of the Esopus & Route 28A Railroad Bridges","year":2017,"effective_date":"2017-09-01","date_precision":"day","category":"transport","lens":"traffic","confidence":"documented","source_ids":["n7gv-k5yt"],"explanation":"Observed capital-project status record in phase Design."},"geometry":{"type":"Point","coordinates":[-73.98012,40.69723]}},{"type":"Feature","id":"nyc_capital_project_status_444_2017-04-01","properties":{"city_id":"nyc","event_id":"nyc_capital_project_status_444_2017-04-01","title":"Capital project status: Reconstruction of the Port Jervis Wastewater Treatment Plant","year":2017,"effective_date":"2017-04-01","date_precision":"day","category":"civic_services","lens":"services","confidence":"documented","source_ids":["n7gv-k5yt"],"explanation":"Observed capital-project status record in phase Construction Procurement."},"geometry":{"type":"Point","coordinates":[-74.0011,40.75331]}},{"type":"Feature","id":"nyc_capital_project_status_444_2017-09-01","properties":{"city_id":"nyc","event_id":"nyc_capital_project_status_444_2017-09-01","title":"Capital project status: Reconstruction of the Port Jervis Wastewater Treatment Plant","year":2017,"effective_date":"2017-09-01","date_precision":"day","category":"civic_services","lens":"services","confidence":"documented","source_ids":["n7gv-k5yt"],"explanation":"Observed capital-project status record in phase Construction Procurement."},"geometry":{"type":"Point","coordinates":[-73.973692,40.57684]}},{"type":"Feature","id":"nyc_capital_project_status_448_2017-04-01","properties":{"city_id":"nyc","event_id":"nyc_capital_project_status_448_2017-04-01","title":"Capital project status: Jerome Reservoir and Aqueduct Rehabilitation","year":2017,"effective_date":"2017-04-01","date_precision":"day","category":"civic_services","lens":"services","confidence":"documented","source_ids":["n7gv-k5yt"],"explanation":"Observed capital-project status record in phase Design."},"geometry":{"type":"Point","coordinates":[-73.8648,40.8448]}},{"type":"Feature","id":"nyc_capital_project_status_448_2017-09-01","properties":{"city_id":"nyc","event_id":"nyc_capital_project_status_448_2017-09-01","title":"Capital project status: Jerome Reservoir and Aqueduct Rehabilitation","year":2017,"effective_date":"2017-09-01","date_precision":"day","category":"civic_services","lens":"services","confidence":"documented","source_ids":["n7gv-k5yt"],"explanation":"Observed capital-project status record in phase Construction Procurement."},"geometry":{"type":"Point","coordinates":[-73.8648,40.8448]}},{"type":"Feature","id":"nyc_capital_project_status_449_2017-04-01","properties":{"city_id":"nyc","event_id":"nyc_capital_project_status_449_2017-04-01","title":"Capital project status: Oakwood Beach WWTP Sludge Thickening Improvements","year":2017,"effective_date":"2017-04-01","date_precision":"day","category":"civic_services","lens":"services","confidence":"documented","source_ids":["n7gv-k5yt"],"explanation":"Observed capital-project status record in phase Design."},"geometry":{"type":"Point","coordinates":[-74.1502,40.5795]}},{"type":"Feature","id":"nyc_capital_project_status_449_2017-09-01","properties":{"city_id":"nyc","event_id":"nyc_capital_project_status_449_2017-09-01","title":"Capital project status: Oakwood Beach WWTP Sludge Thickening Improvements","year":2017,"effective_date":"2017-09-01","date_precision":"day","category":"civic_services","lens":"services","confidence":"documented","source_ids":["n7gv-k5yt"],"explanation":"Observed capital-project status record in phase Design."},"geometry":{"type":"Point","coordinates":[-74.1502,40.5795]}},{"type":"Feature","id":"nyc_capital_project_status_450_2017-04-01","properties":{"city_id":"nyc","event_id":"nyc_capital_project_status_450_2017-04-01","title":"Capital project status: Oakwood Beach WWTP Headworks Improvements","year":2017,"effective_date":"2017-04-01","date_precision":"day","category":"civic_services","lens":"services","confidence":"documented","source_ids":["n7gv-k5yt"],"explanation":"Observed capital-project status record in phase Design."},"geometry":{"type":"Point","coordinates":[-74.1502,40.5795]}},{"type":"Feature","id":"nyc_capital_project_status_450_2017-09-01","properties":{"city_id":"nyc","event_id":"nyc_capital_project_status_450_2017-09-01","title":"Capital project status: Oakwood Beach WWTP Headworks Improvements","year":2017,"effective_date":"2017-09-01","date_precision":"day","category":"civic_services","lens":"services","confidence":"documented","source_ids":["n7gv-k5yt"],"explanation":"Observed capital-project status record in phase Design."},"geometry":{"type":"Point","coordinates":[-74.1502,40.5795]}},{"type":"Feature","id":"nyc_capital_project_status_452_2017-04-01","properties":{"city_id":"nyc","event_id":"nyc_capital_project_status_452_2017-04-01","title":"Capital project status: Primary Treatment Improvement at Wards Island WWTP","year":2017,"effective_date":"2017-04-01","date_precision":"day","category":"civic_services","lens":"services","confidence":"documented","source_ids":["n7gv-k5yt"],"explanation":"Observed capital-project status record in phase Design."},"geometry":{"type":"Point","coordinates":[-73.9712,40.7831]}},{"type":"Feature","id":"nyc_capital_project_status_452_2017-09-01","properties":{"city_id":"nyc","event_id":"nyc_capital_project_status_452_2017-09-01","title":"Capital project status: Primary Treatment Improvement at Wards Island WWTP","year":2017,"effective_date":"2017-09-01","date_precision":"day","category":"civic_services","lens":"services","confidence":"documented","source_ids":["n7gv-k5yt"],"explanation":"Observed capital-project status record in phase Design."},"geometry":{"type":"Point","coordinates":[-73.9712,40.7831]}},{"type":"Feature","id":"nyc_capital_project_status_454_2017-04-01","properties":{"city_id":"nyc","event_id":"nyc_capital_project_status_454_2017-04-01","title":"Capital project status: Bainbridge Avenue Trunk Water Main","year":2017,"effective_date":"2017-04-01","date_precision":"day","category":"civic_services","lens":"services","confidence":"documented","source_ids":["n7gv-k5yt"],"explanation":"Observed capital-project status record in phase Construction."},"geometry":{"type":"Point","coordinates":[-73.8648,40.8448]}},{"type":"Feature","id":"nyc_capital_project_status_454_2017-09-01","properties":{"city_id":"nyc","event_id":"nyc_capital_project_status_454_2017-09-01","title":"Capital project status: Bainbridge Avenue Trunk Water Main","year":2017,"effective_date":"2017-09-01","date_precision":"day","category":"civic_services","lens":"services","confidence":"documented","source_ids":["n7gv-k5yt"],"explanation":"Observed capital-project status record in phase Construction."},"geometry":{"type":"Point","coordinates":[-73.8648,40.8448]}},{"type":"Feature","id":"nyc_capital_project_status_476_2017-04-01","properties":{"city_id":"nyc","event_id":"nyc_capital_project_status_476_2017-04-01","title":"Capital project status: Grand Concourse Reconstruction, Phase 4 (Great Streets)","year":2017,"effective_date":"2017-04-01","date_precision":"day","category":"environment","lens":"green_space","confidence":"documented","source_ids":["n7gv-k5yt"],"explanation":"Observed capital-project status record in phase Design."},"geometry":{"type":"Point","coordinates":[-73.949548,40.74113]}},{"type":"Feature","id":"nyc_capital_project_status_476_2017-09-01","properties":{"city_id":"nyc","event_id":"nyc_capital_project_status_476_2017-09-01","title":"Capital project status: Grand Concourse Reconstruction, Phase 4 (Great Streets)","year":2017,"effective_date":"2017-09-01","date_precision":"day","category":"environment","lens":"green_space","confidence":"documented","source_ids":["n7gv-k5yt"],"explanation":"Observed capital-project status record in phase Design."},"geometry":{"type":"Point","coordinates":[-73.826048,40.66503]}},{"type":"Feature","id":"nyc_capital_project_status_478_2017-04-01","properties":{"city_id":"nyc","event_id":"nyc_capital_project_status_478_2017-04-01","title":"Capital project status: Catskill Aqueduct Repair and Rehabilitation","year":2017,"effective_date":"2017-04-01","date_precision":"day","category":"environment","lens":"green_space","confidence":"documented","source_ids":["n7gv-k5yt"],"explanation":"Observed capital-project status record in phase Design."},"geometry":{"type":"Point","coordinates":[-73.896652,40.86113]}},{"type":"Feature","id":"nyc_capital_project_status_478_2017-09-01","properties":{"city_id":"nyc","event_id":"nyc_capital_project_status_478_2017-09-01","title":"Capital project status: Catskill Aqueduct Repair and Rehabilitation","year":2017,"effective_date":"2017-09-01","date_precision":"day","category":"environment","lens":"green_space","confidence":"documented","source_ids":["n7gv-k5yt"],"explanation":"Observed capital-project status record in phase Construction Procurement."},"geometry":{"type":"Point","coordinates":[-73.996676,40.61792]}},{"type":"Feature","id":"nyc_capital_project_status_484_2017-04-01","properties":{"city_id":"nyc","event_id":"nyc_capital_project_status_484_2017-04-01","title":"Capital project status: DBCD South Site Cultural Fit-Out","year":2017,"effective_date":"2017-04-01","date_precision":"day","category":"civic_services","lens":"services","confidence":"documented","source_ids":["n7gv-k5yt"],"explanation":"Observed capital-project status record in phase Design."},"geometry":{"type":"Point","coordinates":[-73.9442,40.6782]}},{"type":"Feature","id":"nyc_capital_project_status_484_2017-09-01","properties":{"city_id":"nyc","event_id":"nyc_capital_project_status_484_2017-09-01","title":"Capital project status: DBCD South Site Cultural Fit-Out","year":2017,"effective_date":"2017-09-01","date_precision":"day","category":"civic_services","lens":"services","confidence":"documented","source_ids":["n7gv-k5yt"],"explanation":"Observed capital-project status record in phase Design."},"geometry":{"type":"Point","coordinates":[-73.9442,40.6782]}},{"type":"Feature","id":"nyc_capital_project_status_502_2017-04-01","properties":{"city_id":"nyc","event_id":"nyc_capital_project_status_502_2017-04-01","title":"Capital project status: FDR Rehabilitation, Northbound (East 42nd to 49th Streets)","year":2017,"effective_date":"2017-04-01","date_precision":"day","category":"environment","lens":"green_space","confidence":"documented","source_ids":["n7gv-k5yt"],"explanation":"Observed capital-project status record in phase Design."},"geometry":{"type":"Point","coordinates":[-73.998092,40.62333]}},{"type":"Feature","id":"nyc_capital_project_status_502_2017-09-01","properties":{"city_id":"nyc","event_id":"nyc_capital_project_status_502_2017-09-01","title":"Capital project status: FDR Rehabilitation, Northbound (East 42nd to 49th Streets)","year":2017,"effective_date":"2017-09-01","date_precision":"day","category":"environment","lens":"green_space","confidence":"documented","source_ids":["n7gv-k5yt"],"explanation":"Observed capital-project status record in phase Design."},"geometry":{"type":"Point","coordinates":[-73.990292,40.62366]}},{"type":"Feature","id":"nyc_capital_project_status_503_2017-09-01","properties":{"city_id":"nyc","event_id":"nyc_capital_project_status_503_2017-09-01","title":"Capital project status: West Tremont Avenue over Metro North Railroad","year":2017,"effective_date":"2017-09-01","date_precision":"day","category":"transport","lens":"traffic","confidence":"documented","source_ids":["n7gv-k5yt"],"explanation":"Observed capital-project status record in phase Design."},"geometry":{"type":"Point","coordinates":[-73.8648,40.8448]}},{"type":"Feature","id":"nyc_capital_project_status_506_2017-09-01","properties":{"city_id":"nyc","event_id":"nyc_capital_project_status_506_2017-09-01","title":"Capital project status: Pelham Parkway Bridge Reconstruction over Hutchinson Parkway","year":2017,"effective_date":"2017-09-01","date_precision":"day","category":"civic_services","lens":"services","confidence":"documented","source_ids":["n7gv-k5yt"],"explanation":"Observed capital-project status record in phase Design."},"geometry":{"type":"Point","coordinates":[-73.8648,40.8448]}},{"type":"Feature","id":"nyc_capital_project_status_509_2017-04-01","properties":{"city_id":"nyc","event_id":"nyc_capital_project_status_509_2017-04-01","title":"Capital project status: Brooklyn Civil Court move to 210 Joralemon St","year":2017,"effective_date":"2017-04-01","date_precision":"day","category":"civic_services","lens":"services","confidence":"documented","source_ids":["n7gv-k5yt"],"explanation":"Observed capital-project status record in phase Design."},"geometry":{"type":"Point","coordinates":[-73.9442,40.6782]}},{"type":"Feature","id":"nyc_capital_project_status_509_2017-09-01","properties":{"city_id":"nyc","event_id":"nyc_capital_project_status_509_2017-09-01","title":"Capital project status: Brooklyn Civil Court move to 210 Joralemon St","year":2017,"effective_date":"2017-09-01","date_precision":"day","category":"civic_services","lens":"services","confidence":"documented","source_ids":["n7gv-k5yt"],"explanation":"Observed capital-project status record in phase Design."},"geometry":{"type":"Point","coordinates":[-73.9442,40.6782]}},{"type":"Feature","id":"nyc_capital_project_status_510_2017-04-01","properties":{"city_id":"nyc","event_id":"nyc_capital_project_status_510_2017-04-01","title":"Capital project status: Brooklyn Supreme Court Fire Alarm System Upgrade","year":2017,"effective_date":"2017-04-01","date_precision":"day","category":"civic_services","lens":"services","confidence":"documented","source_ids":["n7gv-k5yt"],"explanation":"Observed capital-project status record in phase Design."},"geometry":{"type":"Point","coordinates":[-73.9442,40.6782]}},{"type":"Feature","id":"nyc_capital_project_status_510_2017-09-01","properties":{"city_id":"nyc","event_id":"nyc_capital_project_status_510_2017-09-01","title":"Capital project status: Brooklyn Supreme Court Fire Alarm System Upgrade","year":2017,"effective_date":"2017-09-01","date_precision":"day","category":"civic_services","lens":"services","confidence":"documented","source_ids":["n7gv-k5yt"],"explanation":"Observed capital-project status record in phase Design."},"geometry":{"type":"Point","coordinates":[-73.9442,40.6782]}},{"type":"Feature","id":"nyc_capital_project_status_516_2017-04-01","properties":{"city_id":"nyc","event_id":"nyc_capital_project_status_516_2017-04-01","title":"Capital project status: Coney Island Area, Phase 3A","year":2017,"effective_date":"2017-04-01","date_precision":"day","category":"civic_services","lens":"services","confidence":"documented","source_ids":["n7gv-k5yt"],"explanation":"Observed capital-project status record in phase Design."},"geometry":{"type":"Point","coordinates":[-73.9442,40.6782]}},{"type":"Feature","id":"nyc_capital_project_status_516_2017-09-01","properties":{"city_id":"nyc","event_id":"nyc_capital_project_status_516_2017-09-01","title":"Capital project status: Coney Island Area, Phase 3A","year":2017,"effective_date":"2017-09-01","date_precision":"day","category":"civic_services","lens":"services","confidence":"documented","source_ids":["n7gv-k5yt"],"explanation":"Observed capital-project status record in phase Design."},"geometry":{"type":"Point","coordinates":[-73.9442,40.6782]}},{"type":"Feature","id":"nyc_capital_project_status_519_2017-04-01","properties":{"city_id":"nyc","event_id":"nyc_capital_project_status_519_2017-04-01","title":"Capital project status: Ped Safety Upgrades on Atlantic Avenue, Phase 2","year":2017,"effective_date":"2017-04-01","date_precision":"day","category":"civic_services","lens":"services","confidence":"documented","source_ids":["n7gv-k5yt"],"explanation":"Observed capital-project status record in phase Design."},"geometry":{"type":"Point","coordinates":[-73.962404,40.71197]}},{"type":"Feature","id":"nyc_capital_project_status_519_2017-09-01","properties":{"city_id":"nyc","event_id":"nyc_capital_project_status_519_2017-09-01","title":"Capital project status: Ped Safety Upgrades on Atlantic Avenue, Phase 2","year":2017,"effective_date":"2017-09-01","date_precision":"day","category":"civic_services","lens":"services","confidence":"documented","source_ids":["n7gv-k5yt"],"explanation":"Observed capital-project status record in phase Design."},"geometry":{"type":"Point","coordinates":[-73.947204,40.80675]}},{"type":"Feature","id":"nyc_capital_project_status_522_2017-04-01","properties":{"city_id":"nyc","event_id":"nyc_capital_project_status_522_2017-04-01","title":"Capital project status: Power Distribution at Bowery Bay WWTP","year":2017,"effective_date":"2017-04-01","date_precision":"day","category":"civic_services","lens":"services","confidence":"documented","source_ids":["n7gv-k5yt"],"explanation":"Observed capital-project status record in phase Construction Procurement."},"geometry":{"type":"Point","coordinates":[-73.7949,40.7282]}},{"type":"Feature","id":"nyc_capital_project_status_522_2017-09-01","properties":{"city_id":"nyc","event_id":"nyc_capital_project_status_522_2017-09-01","title":"Capital project status: Power Distribution at Bowery Bay WWTP","year":2017,"effective_date":"2017-09-01","date_precision":"day","category":"civic_services","lens":"services","confidence":"documented","source_ids":["n7gv-k5yt"],"explanation":"Observed capital-project status record in phase Construction Procurement."},"geometry":{"type":"Point","coordinates":[-73.7949,40.7282]}},{"type":"Feature","id":"nyc_capital_project_status_536_2017-04-01","properties":{"city_id":"nyc","event_id":"nyc_capital_project_status_536_2017-04-01","title":"Capital project status: Park Avenue Tunnel (Murray Hill)","year":2017,"effective_date":"2017-04-01","date_precision":"day","category":"civic_services","lens":"services","confidence":"documented","source_ids":["n7gv-k5yt"],"explanation":"Observed capital-project status record in phase Construction."},"geometry":{"type":"Point","coordinates":[-74.011208,40.71461]}},{"type":"Feature","id":"nyc_capital_project_status_536_2017-09-01","properties":{"city_id":"nyc","event_id":"nyc_capital_project_status_536_2017-09-01","title":"Capital project status: Park Avenue Tunnel (Murray Hill)","year":2017,"effective_date":"2017-09-01","date_precision":"day","category":"civic_services","lens":"services","confidence":"documented","source_ids":["n7gv-k5yt"],"explanation":"Observed capital-project status record in phase Construction."},"geometry":{"type":"Point","coordinates":[-73.96262,40.70926]}},{"type":"Feature","id":"nyc_capital_project_status_537_2017-09-01","properties":{"city_id":"nyc","event_id":"nyc_capital_project_status_537_2017-09-01","title":"Capital project status: Carl Schurz Park Promenade over FDR (East 81st to 90th Streets)","year":2017,"effective_date":"2017-09-01","date_precision":"day","category":"environment","lens":"green_space","confidence":"documented","source_ids":["n7gv-k5yt"],"explanation":"Observed capital-project status record in phase Design."},"geometry":{"type":"Point","coordinates":[-73.9712,40.7831]}},{"type":"Feature","id":"nyc_capital_project_status_541_2017-09-01","properties":{"city_id":"nyc","event_id":"nyc_capital_project_status_541_2017-09-01","title":"Capital project status: Shore Road Bridge over Hutchinson River","year":2017,"effective_date":"2017-09-01","date_precision":"day","category":"transport","lens":"traffic","confidence":"documented","source_ids":["n7gv-k5yt"],"explanation":"Observed capital-project status record in phase Design."},"geometry":{"type":"Point","coordinates":[-73.973788,40.57328]}},{"type":"Feature","id":"nyc_capital_project_status_544_2017-04-01","properties":{"city_id":"nyc","event_id":"nyc_capital_project_status_544_2017-04-01","title":"Capital project status: Coler Specialty Hospital Priority Mitigation Projects","year":2017,"effective_date":"2017-04-01","date_precision":"day","category":"civic_services","lens":"services","confidence":"documented","source_ids":["n7gv-k5yt"],"explanation":"Observed capital-project status record in phase Construction."},"geometry":{"type":"Point","coordinates":[-73.9712,40.7831]}},{"type":"Feature","id":"nyc_capital_project_status_544_2017-09-01","properties":{"city_id":"nyc","event_id":"nyc_capital_project_status_544_2017-09-01","title":"Capital project status: Coler Specialty Hospital Priority Mitigation Projects","year":2017,"effective_date":"2017-09-01","date_precision":"day","category":"civic_services","lens":"services","confidence":"documented","source_ids":["n7gv-k5yt"],"explanation":"Observed capital-project status record in phase Construction."},"geometry":{"type":"Point","coordinates":[-73.9712,40.7831]}},{"type":"Feature","id":"nyc_capital_project_status_545_2017-04-01","properties":{"city_id":"nyc","event_id":"nyc_capital_project_status_545_2017-04-01","title":"Capital project status: Bellevue Medical Center Priority Mitigation Projects","year":2017,"effective_date":"2017-04-01","date_precision":"day","category":"civic_services","lens":"services","confidence":"documented","source_ids":["n7gv-k5yt"],"explanation":"Observed capital-project status record in phase Design."},"geometry":{"type":"Point","coordinates":[-73.9712,40.7831]}},{"type":"Feature","id":"nyc_capital_project_status_545_2017-09-01","properties":{"city_id":"nyc","event_id":"nyc_capital_project_status_545_2017-09-01","title":"Capital project status: Bellevue Medical Center Priority Mitigation Projects","year":2017,"effective_date":"2017-09-01","date_precision":"day","category":"civic_services","lens":"services","confidence":"documented","source_ids":["n7gv-k5yt"],"explanation":"Observed capital-project status record in phase Construction."},"geometry":{"type":"Point","coordinates":[-73.9712,40.7831]}},{"type":"Feature","id":"nyc_capital_project_status_554_2017-09-01","properties":{"city_id":"nyc","event_id":"nyc_capital_project_status_554_2017-09-01","title":"Capital project status: Kensico Eastview Connection Tunnel Construction","year":2017,"effective_date":"2017-09-01","date_precision":"day","category":"civic_services","lens":"services","confidence":"documented","source_ids":["n7gv-k5yt"],"explanation":"Observed capital-project status record in phase Design."},"geometry":{"type":"Point","coordinates":[-74.074972,40.63993]}},{"type":"Feature","id":"nyc_capital_project_status_556_2017-09-01","properties":{"city_id":"nyc","event_id":"nyc_capital_project_status_556_2017-09-01","title":"Capital project status: Metropolitan Avenue Bridge over CSX Transport","year":2017,"effective_date":"2017-09-01","date_precision":"day","category":"transport","lens":"traffic","confidence":"documented","source_ids":["n7gv-k5yt"],"explanation":"Observed capital-project status record in phase Design."},"geometry":{"type":"Point","coordinates":[-73.7949,40.7282]}},{"type":"Feature","id":"nyc_capital_project_status_558_2017-09-01","properties":{"city_id":"nyc","event_id":"nyc_capital_project_status_558_2017-09-01","title":"Capital project status: Belt System - Cross Island over 115th Avenue/Dutch Broadway","year":2017,"effective_date":"2017-09-01","date_precision":"day","category":"transport","lens":"traffic","confidence":"documented","source_ids":["n7gv-k5yt"],"explanation":"Observed capital-project status record in phase Design."},"geometry":{"type":"Point","coordinates":[-73.7949,40.7282]}},{"type":"Feature","id":"nyc_capital_project_status_560_2017-04-01","properties":{"city_id":"nyc","event_id":"nyc_capital_project_status_560_2017-04-01","title":"Capital project status: Brooklyn Sanitation Garage Construction: Community District 3","year":2017,"effective_date":"2017-04-01","date_precision":"day","category":"civic_services","lens":"services","confidence":"documented","source_ids":["n7gv-k5yt"],"explanation":"Observed capital-project status record in phase Design."},"geometry":{"type":"Point","coordinates":[-73.9442,40.6782]}},{"type":"Feature","id":"nyc_capital_project_status_560_2017-09-01","properties":{"city_id":"nyc","event_id":"nyc_capital_project_status_560_2017-09-01","title":"Capital project status: Brooklyn Sanitation Garage Construction: Community District 3","year":2017,"effective_date":"2017-09-01","date_precision":"day","category":"civic_services","lens":"services","confidence":"documented","source_ids":["n7gv-k5yt"],"explanation":"Observed capital-project status record in phase Design."},"geometry":{"type":"Point","coordinates":[-73.9442,40.6782]}},{"type":"Feature","id":"nyc_capital_project_status_561_2017-04-01","properties":{"city_id":"nyc","event_id":"nyc_capital_project_status_561_2017-04-01","title":"Capital project status: Coney Island Hospital CSS Building and Perimeter Flood Protection","year":2017,"effective_date":"2017-04-01","date_precision":"day","category":"built_environment","lens":"built_environment","confidence":"documented","source_ids":["n7gv-k5yt"],"explanation":"Observed capital-project status record in phase Design."},"geometry":{"type":"Point","coordinates":[-73.9442,40.6782]}},{"type":"Feature","id":"nyc_capital_project_status_561_2017-09-01","properties":{"city_id":"nyc","event_id":"nyc_capital_project_status_561_2017-09-01","title":"Capital project status: Coney Island Hospital CSS Building and Perimeter Flood Protection","year":2017,"effective_date":"2017-09-01","date_precision":"day","category":"built_environment","lens":"built_environment","confidence":"documented","source_ids":["n7gv-k5yt"],"explanation":"Observed capital-project status record in phase Design."},"geometry":{"type":"Point","coordinates":[-73.9442,40.6782]}},{"type":"Feature","id":"nyc_capital_project_status_562_2017-04-01","properties":{"city_id":"nyc","event_id":"nyc_capital_project_status_562_2017-04-01","title":"Capital project status: Metropolitan Hospital Perimeter Flood Protection","year":2017,"effective_date":"2017-04-01","date_precision":"day","category":"environment","lens":"green_space","confidence":"documented","source_ids":["n7gv-k5yt"],"explanation":"Observed capital-project status record in phase Design."},"geometry":{"type":"Point","coordinates":[-73.9712,40.7831]}},{"type":"Feature","id":"nyc_capital_project_status_562_2017-09-01","properties":{"city_id":"nyc","event_id":"nyc_capital_project_status_562_2017-09-01","title":"Capital project status: Metropolitan Hospital Perimeter Flood Protection","year":2017,"effective_date":"2017-09-01","date_precision":"day","category":"environment","lens":"green_space","confidence":"documented","source_ids":["n7gv-k5yt"],"explanation":"Observed capital-project status record in phase Design."},"geometry":{"type":"Point","coordinates":[-73.9712,40.7831]}},{"type":"Feature","id":"nyc_capital_project_status_573_2017-09-01","properties":{"city_id":"nyc","event_id":"nyc_capital_project_status_573_2017-09-01","title":"Capital project status: Bronx Sanitation Garage Construction: Community District 9, 10, 11","year":2017,"effective_date":"2017-09-01","date_precision":"day","category":"civic_services","lens":"services","confidence":"documented","source_ids":["n7gv-k5yt"],"explanation":"Observed capital-project status record in phase Design."},"geometry":{"type":"Point","coordinates":[-73.8648,40.8448]}},{"type":"Feature","id":"nyc_capital_project_status_574_2017-04-01","properties":{"city_id":"nyc","event_id":"nyc_capital_project_status_574_2017-04-01","title":"Capital project status: Sunset Park Infrastructure","year":2017,"effective_date":"2017-04-01","date_precision":"day","category":"civic_services","lens":"services","confidence":"documented","source_ids":["n7gv-k5yt"],"explanation":"Observed capital-project status record in phase Design."},"geometry":{"type":"Point","coordinates":[-73.9442,40.6782]}},{"type":"Feature","id":"nyc_capital_project_status_574_2017-09-01","properties":{"city_id":"nyc","event_id":"nyc_capital_project_status_574_2017-09-01","title":"Capital project status: Sunset Park Infrastructure","year":2017,"effective_date":"2017-09-01","date_precision":"day","category":"civic_services","lens":"services","confidence":"documented","source_ids":["n7gv-k5yt"],"explanation":"Observed capital-project status record in phase Design."},"geometry":{"type":"Point","coordinates":[-73.9442,40.6782]}},{"type":"Feature","id":"nyc_capital_project_status_575_2017-04-01","properties":{"city_id":"nyc","event_id":"nyc_capital_project_status_575_2017-04-01","title":"Capital project status: Lower Concourse Initiative","year":2017,"effective_date":"2017-04-01","date_precision":"day","category":"civic_services","lens":"services","confidence":"documented","source_ids":["n7gv-k5yt"],"explanation":"Observed capital-project status record in phase Design."},"geometry":{"type":"Point","coordinates":[-73.8648,40.8448]}},{"type":"Feature","id":"nyc_capital_project_status_575_2017-09-01","properties":{"city_id":"nyc","event_id":"nyc_capital_project_status_575_2017-09-01","title":"Capital project status: Lower Concourse Initiative","year":2017,"effective_date":"2017-09-01","date_precision":"day","category":"civic_services","lens":"services","confidence":"documented","source_ids":["n7gv-k5yt"],"explanation":"Observed capital-project status record in phase Design."},"geometry":{"type":"Point","coordinates":[-73.8648,40.8448]}},{"type":"Feature","id":"nyc_capital_project_status_580_2017-09-01","properties":{"city_id":"nyc","event_id":"nyc_capital_project_status_580_2017-09-01","title":"Capital project status: Replacement of The Digester at The Hunts Point WWTP","year":2017,"effective_date":"2017-09-01","date_precision":"day","category":"civic_services","lens":"services","confidence":"documented","source_ids":["n7gv-k5yt"],"explanation":"Observed capital-project status record in phase Design."},"geometry":{"type":"Point","coordinates":[-73.8648,40.8448]}},{"type":"Feature","id":"nyc_capital_project_status_584_2017-04-01","properties":{"city_id":"nyc","event_id":"nyc_capital_project_status_584_2017-04-01","title":"Capital project status: Brooklyn Bridge - Approach Arches Rehabilitation","year":2017,"effective_date":"2017-04-01","date_precision":"day","category":"civic_services","lens":"services","confidence":"documented","source_ids":["n7gv-k5yt"],"explanation":"Observed capital-project status record in phase Design."},"geometry":{"type":"Point","coordinates":[-73.9442,40.6782]}},{"type":"Feature","id":"nyc_capital_project_status_584_2017-09-01","properties":{"city_id":"nyc","event_id":"nyc_capital_project_status_584_2017-09-01","title":"Capital project status: Brooklyn Bridge - Approach Arches Rehabilitation","year":2017,"effective_date":"2017-09-01","date_precision":"day","category":"civic_services","lens":"services","confidence":"documented","source_ids":["n7gv-k5yt"],"explanation":"Observed capital-project status record in phase Design."},"geometry":{"type":"Point","coordinates":[-73.9442,40.6782]}},{"type":"Feature","id":"nyc_capital_project_status_586_2017-04-01","properties":{"city_id":"nyc","event_id":"nyc_capital_project_status_586_2017-04-01","title":"Capital project status: Central Park Light Infrastructure","year":2017,"effective_date":"2017-04-01","date_precision":"day","category":"civic_services","lens":"services","confidence":"documented","source_ids":["n7gv-k5yt"],"explanation":"Observed capital-project status record in phase Construction Procurement."},"geometry":{"type":"Point","coordinates":[-73.90546,40.81607]}},{"type":"Feature","id":"nyc_capital_project_status_586_2017-09-01","properties":{"city_id":"nyc","event_id":"nyc_capital_project_status_586_2017-09-01","title":"Capital project status: Central Park Light Infrastructure","year":2017,"effective_date":"2017-09-01","date_precision":"day","category":"civic_services","lens":"services","confidence":"documented","source_ids":["n7gv-k5yt"],"explanation":"Observed capital-project status record in phase Construction."},"geometry":{"type":"Point","coordinates":[-73.984404,40.76099]}},{"type":"Feature","id":"nyc_capital_project_status_587_2017-09-01","properties":{"city_id":"nyc","event_id":"nyc_capital_project_status_587_2017-09-01","title":"Capital project status: Concourse Village Avenue over Metro North","year":2017,"effective_date":"2017-09-01","date_precision":"day","category":"civic_services","lens":"services","confidence":"documented","source_ids":["n7gv-k5yt"],"explanation":"Observed capital-project status record in phase Design."},"geometry":{"type":"Point","coordinates":[-73.8648,40.8448]}},{"type":"Feature","id":"nyc_capital_project_status_588_2017-09-01","properties":{"city_id":"nyc","event_id":"nyc_capital_project_status_588_2017-09-01","title":"Capital project status: East 156th Street Bridge over Access to Housing","year":2017,"effective_date":"2017-09-01","date_precision":"day","category":"built_environment","lens":"built_environment","confidence":"documented","source_ids":["n7gv-k5yt"],"explanation":"Observed capital-project status record in phase Design."},"geometry":{"type":"Point","coordinates":[-73.8648,40.8448]}},{"type":"Feature","id":"nyc_capital_project_status_594_2017-04-01","properties":{"city_id":"nyc","event_id":"nyc_capital_project_status_594_2017-04-01","title":"Capital project status: Queensboro Bridge Roadway Replacement over East River","year":2017,"effective_date":"2017-04-01","date_precision":"day","category":"transport","lens":"traffic","confidence":"documented","source_ids":["n7gv-k5yt"],"explanation":"Observed capital-project status record in phase Design."},"geometry":{"type":"Point","coordinates":[-73.7949,40.7282]}},{"type":"Feature","id":"nyc_capital_project_status_594_2017-09-01","properties":{"city_id":"nyc","event_id":"nyc_capital_project_status_594_2017-09-01","title":"Capital project status: Queensboro Bridge Roadway Replacement over East River","year":2017,"effective_date":"2017-09-01","date_precision":"day","category":"transport","lens":"traffic","confidence":"documented","source_ids":["n7gv-k5yt"],"explanation":"Observed capital-project status record in phase Design."},"geometry":{"type":"Point","coordinates":[-73.7949,40.7282]}},{"type":"Feature","id":"nyc_capital_project_status_617_2017-09-01","properties":{"city_id":"nyc","event_id":"nyc_capital_project_status_617_2017-09-01","title":"Capital project status: BROAD CHANNEL BULKHEADS - PH II","year":2017,"effective_date":"2017-09-01","date_precision":"day","category":"transport","lens":"traffic","confidence":"documented","source_ids":["n7gv-k5yt"],"explanation":"Observed capital-project status record in phase Design."},"geometry":{"type":"Point","coordinates":[-74.001952,40.75572]}},{"type":"Feature","id":"nyc_capital_project_status_618_2017-09-01","properties":{"city_id":"nyc","event_id":"nyc_capital_project_status_618_2017-09-01","title":"Capital project status: RECONSTRUCTION OF QUEENS BLVD - PHASE 1","year":2017,"effective_date":"2017-09-01","date_precision":"day","category":"civic_services","lens":"services","confidence":"documented","source_ids":["n7gv-k5yt"],"explanation":"Observed capital-project status record in phase Design."},"geometry":{"type":"Point","coordinates":[-73.7949,40.7282]}},{"type":"Feature","id":"nyc_capital_project_status_619_2017-09-01","properties":{"city_id":"nyc","event_id":"nyc_capital_project_status_619_2017-09-01","title":"Capital project status: RECONSTRUCTION OF QUEENS BLVD - PHASE 2","year":2017,"effective_date":"2017-09-01","date_precision":"day","category":"civic_services","lens":"services","confidence":"documented","source_ids":["n7gv-k5yt"],"explanation":"Observed capital-project status record in phase Design."},"geometry":{"type":"Point","coordinates":[-73.7949,40.7282]}},{"type":"Feature","id":"nyc_capital_project_status_623_2017-09-01","properties":{"city_id":"nyc","event_id":"nyc_capital_project_status_623_2017-09-01","title":"Capital project status: RECONSTRUCTION OF E 177 STREET/DEVOE AVENUE","year":2017,"effective_date":"2017-09-01","date_precision":"day","category":"environment","lens":"green_space","confidence":"documented","source_ids":["n7gv-k5yt"],"explanation":"Observed capital-project status record in phase Design."},"geometry":{"type":"Point","coordinates":[-73.8648,40.8448]}},{"type":"Feature","id":"nyc_capital_project_status_631_2017-09-01","properties":{"city_id":"nyc","event_id":"nyc_capital_project_status_631_2017-09-01","title":"Capital project status: CONSTRUCTION OF BMPs NC 6 AND 15 - SI","year":2017,"effective_date":"2017-09-01","date_precision":"day","category":"civic_services","lens":"services","confidence":"documented","source_ids":["n7gv-k5yt"],"explanation":"Observed capital-project status record in phase Design."},"geometry":{"type":"Point","coordinates":[-74.1502,40.5795]}},{"type":"Feature","id":"nyc_capital_project_status_634_2017-09-01","properties":{"city_id":"nyc","event_id":"nyc_capital_project_status_634_2017-09-01","title":"Capital project status: New 40th Precinct","year":2017,"effective_date":"2017-09-01","date_precision":"day","category":"civic_services","lens":"services","confidence":"documented","source_ids":["n7gv-k5yt"],"explanation":"Observed capital-project status record in phase Construction Procurement."},"geometry":{"type":"Point","coordinates":[-73.8648,40.8448]}},{"type":"Feature","id":"nyc_capital_project_status_639_2017-09-01","properties":{"city_id":"nyc","event_id":"nyc_capital_project_status_639_2017-09-01","title":"Capital project status: 253 Broadway Landmark's Space Renovations","year":2017,"effective_date":"2017-09-01","date_precision":"day","category":"built_environment","lens":"built_environment","confidence":"documented","source_ids":["n7gv-k5yt"],"explanation":"Observed capital-project status record in phase Construction."},"geometry":{"type":"Point","coordinates":[-73.9712,40.7831]}},{"type":"Feature","id":"nyc_capital_project_status_651_2017-09-01","properties":{"city_id":"nyc","event_id":"nyc_capital_project_status_651_2017-09-01","title":"Capital project status: STM & SAN SWR, WILLET PT BLVD WHITESTONE AREA, PH2","year":2017,"effective_date":"2017-09-01","date_precision":"day","category":"civic_services","lens":"services","confidence":"documented","source_ids":["n7gv-k5yt"],"explanation":"Observed capital-project status record in phase Design."},"geometry":{"type":"Point","coordinates":[-73.7949,40.7282]}},{"type":"Feature","id":"nyc_capital_project_status_652_2017-09-01","properties":{"city_id":"nyc","event_id":"nyc_capital_project_status_652_2017-09-01","title":"Capital project status: STM & SAN SWR, N.B. WHITESTONE EXPWY SERV RD, PH 3","year":2017,"effective_date":"2017-09-01","date_precision":"day","category":"civic_services","lens":"services","confidence":"documented","source_ids":["n7gv-k5yt"],"explanation":"Observed capital-project status record in phase Design."},"geometry":{"type":"Point","coordinates":[-73.7949,40.7282]}},{"type":"Feature","id":"nyc_capital_project_status_665_2017-09-01","properties":{"city_id":"nyc","event_id":"nyc_capital_project_status_665_2017-09-01","title":"Capital project status: TLC - NEW OFFICE FACILITY - 24-55 BQE WEST","year":2017,"effective_date":"2017-09-01","date_precision":"day","category":"civic_services","lens":"services","confidence":"documented","source_ids":["n7gv-k5yt"],"explanation":"Observed capital-project status record in phase Design."},"geometry":{"type":"Point","coordinates":[-73.7949,40.7282]}},{"type":"Feature","id":"nyc_capital_project_status_689_2017-09-01","properties":{"city_id":"nyc","event_id":"nyc_capital_project_status_689_2017-09-01","title":"Capital project status: Raise Shorelines Citywide","year":2017,"effective_date":"2017-09-01","date_precision":"day","category":"civic_services","lens":"services","confidence":"documented","source_ids":["n7gv-k5yt"],"explanation":"Observed capital-project status record in phase Design."},"geometry":{"type":"Point","coordinates":[-73.953212,40.70497]}},{"type":"Feature","id":"nyc_capital_project_status_94_2017-04-01","properties":{"city_id":"nyc","event_id":"nyc_capital_project_status_94_2017-04-01","title":"Capital project status: New Ferry Boat Construction","year":2017,"effective_date":"2017-04-01","date_precision":"day","category":"civic_services","lens":"services","confidence":"documented","source_ids":["n7gv-k5yt"],"explanation":"Observed capital-project status record in phase Construction Procurement."},"geometry":{"type":"Point","coordinates":[-73.898464,40.86613]}},{"type":"Feature","id":"nyc_capital_project_status_94_2017-09-01","properties":{"city_id":"nyc","event_id":"nyc_capital_project_status_94_2017-09-01","title":"Capital project status: New Ferry Boat Construction","year":2017,"effective_date":"2017-09-01","date_precision":"day","category":"civic_services","lens":"services","confidence":"documented","source_ids":["n7gv-k5yt"],"explanation":"Observed capital-project status record in phase Construction."},"geometry":{"type":"Point","coordinates":[-74.006308,40.75142]}},{"type":"Feature","id":"nyc_capital_project_status_97_2017-04-01","properties":{"city_id":"nyc","event_id":"nyc_capital_project_status_97_2017-04-01","title":"Capital project status: Bruckner Expressway Westchester Creek Bridge Reconstruction","year":2017,"effective_date":"2017-04-01","date_precision":"day","category":"civic_services","lens":"services","confidence":"documented","source_ids":["n7gv-k5yt"],"explanation":"Observed capital-project status record in phase Construction Procurement."},"geometry":{"type":"Point","coordinates":[-73.8648,40.8448]}},{"type":"Feature","id":"nyc_capital_project_status_97_2017-09-01","properties":{"city_id":"nyc","event_id":"nyc_capital_project_status_97_2017-09-01","title":"Capital project status: Bruckner Expressway Westchester Creek Bridge Reconstruction","year":2017,"effective_date":"2017-09-01","date_precision":"day","category":"civic_services","lens":"services","confidence":"documented","source_ids":["n7gv-k5yt"],"explanation":"Observed capital-project status record in phase Construction."},"geometry":{"type":"Point","coordinates":[-73.8648,40.8448]}},{"type":"Feature","id":"nyc_capital_project_tracker_1005111","properties":{"city_id":"nyc","event_id":"nyc_capital_project_tracker_1005111","title":"Capital project tracker: Oakridge Turn/Forest Park Drive Reconstruction, Queens","year":2017,"effective_date":"2017-09-01","date_precision":"day","category":"environment","lens":"green_space","confidence":"documented","source_ids":["4hcv-tc5r"],"explanation":"Capital Project Tracker row for Oakridge Turn/Forest Park Drive Reconstruction; current phase completed; public location not specified; funding $39,000."},"geometry":{"type":"Point","coordinates":[-73.86151,40.698903]}},{"type":"Feature","id":"nyc_capital_project_tracker_1028","properties":{"city_id":"nyc","event_id":"nyc_capital_project_tracker_1028","title":"Capital project tracker: Crispus Attucks Playground Reconstruction, Brooklyn","year":2017,"effective_date":"2017-04-01","date_precision":"day","category":"environment","lens":"green_space","confidence":"documented","source_ids":["4hcv-tc5r"],"explanation":"Capital Project Tracker row for Crispus Attucks Playground Reconstruction; current phase completed; public location Classon Avenue between Fulton Street and Lefferts Place; funding $1,595,000."},"geometry":{"type":"Point","coordinates":[-73.95892139,40.681495]}},{"type":"Feature","id":"nyc_capital_project_tracker_1036111","properties":{"city_id":"nyc","event_id":"nyc_capital_project_tracker_1036111","title":"Capital project tracker: Flushing Meadows Corona Park Pool Locker Room Reconstruction, Queens","year":2017,"effective_date":"2017-10-01","date_precision":"day","category":"environment","lens":"green_space","confidence":"documented","source_ids":["4hcv-tc5r"],"explanation":"Capital Project Tracker row for Flushing Meadows Corona Park Pool Locker Room Reconstruction; current phase completed; public location not specified; funding $145,000."},"geometry":{"type":"Point","coordinates":[-73.841842,40.746324]}},{"type":"Feature","id":"nyc_capital_project_tracker_1037111","properties":{"city_id":"nyc","event_id":"nyc_capital_project_tracker_1037111","title":"Capital project tracker: Bushwick Playground Pool Reconstruction, Brooklyn","year":2017,"effective_date":"2017-06-01","date_precision":"day","category":"transport","lens":"traffic","confidence":"documented","source_ids":["4hcv-tc5r"],"explanation":"Capital Project Tracker row for Bushwick Playground Pool Reconstruction; current phase completed; public location not specified; funding $220,000."},"geometry":{"type":"Point","coordinates":[-73.939443,40.702009]}},{"type":"Feature","id":"nyc_capital_project_tracker_1038111","properties":{"city_id":"nyc","event_id":"nyc_capital_project_tracker_1038111","title":"Capital project tracker: Commodore Barry Park Pool Deck Reconstruction, Brooklyn","year":2017,"effective_date":"2017-06-01","date_precision":"day","category":"environment","lens":"green_space","confidence":"documented","source_ids":["4hcv-tc5r"],"explanation":"Capital Project Tracker row for Commodore Barry Park Pool Deck Reconstruction; current phase completed; public location not specified; funding $54,000."},"geometry":{"type":"Point","coordinates":[-73.978041,40.697043]}},{"type":"Feature","id":"nyc_capital_project_tracker_1060111","properties":{"city_id":"nyc","event_id":"nyc_capital_project_tracker_1060111","title":"Capital project tracker: Fort Totten Park Building 429 Roof Reconstruction, Queens","year":2017,"effective_date":"2017-02-01","date_precision":"day","category":"built_environment","lens":"built_environment","confidence":"documented","source_ids":["4hcv-tc5r"],"explanation":"Capital Project Tracker row for Fort Totten Park Building 429 Roof Reconstruction; current phase completed; public location not specified; funding $227,000."},"geometry":{"type":"Point","coordinates":[-73.776061,40.79252]}},{"type":"Feature","id":"nyc_capital_project_tracker_1061111","properties":{"city_id":"nyc","event_id":"nyc_capital_project_tracker_1061111","title":"Capital project tracker: Freshkills Park Zink House Roof Reconstruction, Staten Island","year":2017,"effective_date":"2017-09-01","date_precision":"day","category":"environment","lens":"green_space","confidence":"documented","source_ids":["4hcv-tc5r"],"explanation":"Capital Project Tracker row for Freshkills Park Zink House Roof Reconstruction; current phase completed; public location not specified; funding $60,000."},"geometry":{"type":"Point","coordinates":[-74.180837,40.575345]}},{"type":"Feature","id":"nyc_capital_project_tracker_1063111","properties":{"city_id":"nyc","event_id":"nyc_capital_project_tracker_1063111","title":"Capital project tracker: Skyline Playground Tennis Courts Reconstruction, Staten Island","year":2017,"effective_date":"2017-07-01","date_precision":"day","category":"environment","lens":"green_space","confidence":"documented","source_ids":["4hcv-tc5r"],"explanation":"Capital Project Tracker row for Skyline Playground Tennis Courts Reconstruction; current phase completed; public location not specified; funding $275,000."},"geometry":{"type":"Point","coordinates":[-74.089686,40.639356]}},{"type":"Feature","id":"nyc_capital_project_tracker_1068111","properties":{"city_id":"nyc","event_id":"nyc_capital_project_tracker_1068111","title":"Capital project tracker: Conference House Park Visitor Center Restrooms Reconstruction, Staten Island","year":2017,"effective_date":"2017-11-01","date_precision":"day","category":"environment","lens":"green_space","confidence":"documented","source_ids":["4hcv-tc5r"],"explanation":"Capital Project Tracker row for Conference House Park Visitor Center Restrooms Reconstruction; current phase completed; public location not specified; funding $455,000."},"geometry":{"type":"Point","coordinates":[-74.227176,40.50505]}},{"type":"Feature","id":"nyc_capital_project_tracker_1158","properties":{"city_id":"nyc","event_id":"nyc_capital_project_tracker_1158","title":"Capital project tracker: Estella Diggs Park Reconstruction, Bronx","year":2017,"effective_date":"2017-05-01","date_precision":"day","category":"environment","lens":"green_space","confidence":"documented","source_ids":["4hcv-tc5r"],"explanation":"Capital Project Tracker row for Estella Diggs Park Reconstruction; current phase completed; public location East 167th Street between Third and Fulton Avenues; funding $1,523,000."},"geometry":{"type":"Point","coordinates":[-73.90616944,40.82898472]}},{"type":"Feature","id":"nyc_capital_project_tracker_1212","properties":{"city_id":"nyc","event_id":"nyc_capital_project_tracker_1212","title":"Capital project tracker: Grand Playground Construction, Bronx","year":2017,"effective_date":"2017-06-01","date_precision":"day","category":"environment","lens":"green_space","confidence":"documented","source_ids":["4hcv-tc5r"],"explanation":"Capital Project Tracker row for Grand Playground Construction; current phase completed; public location Grand Avenue and West 181st Street; funding $2,349,000."},"geometry":{"type":"Point","coordinates":[-73.90722944,40.85603167]}},{"type":"Feature","id":"nyc_capital_project_tracker_1343","properties":{"city_id":"nyc","event_id":"nyc_capital_project_tracker_1343","title":"Capital project tracker: Colucci Playground Seating Area Reconstruction, Bronx","year":2017,"effective_date":"2017-08-01","date_precision":"day","category":"environment","lens":"green_space","confidence":"documented","source_ids":["4hcv-tc5r"],"explanation":"Capital Project Tracker row for Colucci Playground Seating Area Reconstruction; current phase completed; public location Wilkinson Avenue between Hutchinson River Parkway East and Mayflower Avenue; funding $693,000."},"geometry":{"type":"Point","coordinates":[-73.8345825,40.85277861]}},{"type":"Feature","id":"nyc_capital_project_tracker_1721","properties":{"city_id":"nyc","event_id":"nyc_capital_project_tracker_1721","title":"Capital project tracker: Gravesend Park Public Restroom Building Construction, Brooklyn","year":2017,"effective_date":"2017-06-01","date_precision":"day","category":"built_environment","lens":"built_environment","confidence":"documented","source_ids":["4hcv-tc5r"],"explanation":"Capital Project Tracker row for Gravesend Park Public Restroom Building Construction; current phase completed; public location 18th Avenue between 56th Street and 57th Street; funding $1,855,000."},"geometry":{"type":"Point","coordinates":[-73.984896,40.624007]}},{"type":"Feature","id":"nyc_capital_project_tracker_4689","properties":{"city_id":"nyc","event_id":"nyc_capital_project_tracker_4689","title":"Capital project tracker: Old Croton Aqueduct Signage Installation, Bronx","year":2017,"effective_date":"2017-04-01","date_precision":"day","category":"environment","lens":"green_space","confidence":"documented","source_ids":["4hcv-tc5r"],"explanation":"Capital Project Tracker row for Old Croton Aqueduct Signage Installation; current phase completed; public location NYC - Westchester County Line, Van Cortlandt Park S. bet. Broadway and Jerome Ave.; funding $353,000."},"geometry":{"type":"Point","coordinates":[-73.885644,40.895759]}},{"type":"Feature","id":"nyc_capital_project_tracker_4745","properties":{"city_id":"nyc","event_id":"nyc_capital_project_tracker_4745","title":"Capital project tracker: Bronx River Park Greenway Construction, Bronx","year":2017,"effective_date":"2017-06-01","date_precision":"day","category":"environment","lens":"green_space","confidence":"documented","source_ids":["4hcv-tc5r"],"explanation":"Capital Project Tracker row for Bronx River Park Greenway Construction; current phase completed; public location Unionport Road and Allerton Avenue; funding $3,457,000."},"geometry":{"type":"Point","coordinates":[-73.870136,40.853752]}},{"type":"Feature","id":"nyc_capital_project_tracker_4752","properties":{"city_id":"nyc","event_id":"nyc_capital_project_tracker_4752","title":"Capital project tracker: Bronx General Site Work (XG-114M), Bronx","year":2017,"effective_date":"2017-03-01","date_precision":"day","category":"environment","lens":"green_space","confidence":"documented","source_ids":["4hcv-tc5r"],"explanation":"Capital Project Tracker row for Bronx General Site Work (XG-114M); current phase completed; public location Rev James Polite Av bet E 163 St & E 164 St; funding $2,387,000."},"geometry":{"type":"Point","coordinates":[-73.89851,40.822705]}},{"type":"Feature","id":"nyc_capital_project_tracker_5053","properties":{"city_id":"nyc","event_id":"nyc_capital_project_tracker_5053","title":"Capital project tracker: Citywide Electrical Systems Reconstruction (CNYG-1611MA), Manhattan","year":2017,"effective_date":"2017-07-01","date_precision":"day","category":"environment","lens":"green_space","confidence":"documented","source_ids":["4hcv-tc5r"],"explanation":"Capital Project Tracker row for Citywide Electrical Systems Reconstruction (CNYG-1611MA); current phase completed; public location Carmine Street and Clarkson Street, 7 Avenue; funding $2,626,000."},"geometry":{"type":"Point","coordinates":[-74.005481,40.72958]}},{"type":"Feature","id":"nyc_capital_project_tracker_5055","properties":{"city_id":"nyc","event_id":"nyc_capital_project_tracker_5055","title":"Capital project tracker: Citywide Pool Structural Systems Reconstruction (CNYG-1011M), Manhattan","year":2017,"effective_date":"2017-06-01","date_precision":"day","category":"environment","lens":"green_space","confidence":"documented","source_ids":["4hcv-tc5r"],"explanation":"Capital Project Tracker row for Citywide Pool Structural Systems Reconstruction (CNYG-1011M); current phase completed; public location E. 124 St. Bet 1 Ave. and 2 Ave.; funding $2,419,000."},"geometry":{"type":"Point","coordinates":[-73.933281,40.801956]}},{"type":"Feature","id":"nyc_capital_project_tracker_5191","properties":{"city_id":"nyc","event_id":"nyc_capital_project_tracker_5191","title":"Capital project tracker: Harry Maze Playground Security Lighting Installation, Brooklyn","year":2017,"effective_date":"2017-05-01","date_precision":"day","category":"environment","lens":"green_space","confidence":"documented","source_ids":["4hcv-tc5r"],"explanation":"Capital Project Tracker row for Harry Maze Playground Security Lighting Installation; current phase completed; public location Avenue D between 56th Street and 57th Street; funding $138,000."},"geometry":{"type":"Point","coordinates":[-73.92317583,40.64341778]}},{"type":"Feature","id":"nyc_capital_project_tracker_5236","properties":{"city_id":"nyc","event_id":"nyc_capital_project_tracker_5236","title":"Capital project tracker: Andrew Haswell Green Searail and Rooftop Sitting Area Construction, Manhattan","year":2017,"effective_date":"2017-01-01","date_precision":"day","category":"transport","lens":"traffic","confidence":"documented","source_ids":["4hcv-tc5r"],"explanation":"Capital Project Tracker row for Andrew Haswell Green Searail and Rooftop Sitting Area Construction; current phase completed; public location FDR Drive between East 60th Street and East 62nd Street; funding $4,443,000."},"geometry":{"type":"Point","coordinates":[-73.95759806,40.75957167]}},{"type":"Feature","id":"nyc_capital_project_tracker_5969","properties":{"city_id":"nyc","event_id":"nyc_capital_project_tracker_5969","title":"Capital project tracker: McKinley Park and Seth Low Playground Synthetic Turf Field Construction, Brooklyn","year":2017,"effective_date":"2017-09-01","date_precision":"day","category":"environment","lens":"green_space","confidence":"documented","source_ids":["4hcv-tc5r"],"explanation":"Capital Project Tracker row for McKinley Park and Seth Low Playground Synthetic Turf Field Construction; current phase completed; public location W. 12 St. bet. Bay Pkwy. and Ave. P; funding $4,142,000."},"geometry":{"type":"Point","coordinates":[-73.986603,40.607757]}},{"type":"Feature","id":"nyc_capital_project_tracker_6009","properties":{"city_id":"nyc","event_id":"nyc_capital_project_tracker_6009","title":"Capital project tracker: Queens General Site Work (QG-413M), Queens","year":2017,"effective_date":"2017-07-01","date_precision":"day","category":"environment","lens":"green_space","confidence":"documented","source_ids":["4hcv-tc5r"],"explanation":"Capital Project Tracker row for Queens General Site Work (QG-413M); current phase completed; public location 52 St., Woodside Ave. bet. 39 Rd. and 39 Dr.; funding $231,000."},"geometry":{"type":"Point","coordinates":[-73.910736,40.747507]}},{"type":"Feature","id":"nyc_capital_project_tracker_6074","properties":{"city_id":"nyc","event_id":"nyc_capital_project_tracker_6074","title":"Capital project tracker: Little Bay Park Soccer Fields Reconstruction, Queens","year":2017,"effective_date":"2017-05-01","date_precision":"day","category":"environment","lens":"green_space","confidence":"documented","source_ids":["4hcv-tc5r"],"explanation":"Capital Project Tracker row for Little Bay Park Soccer Fields Reconstruction; current phase completed; public location Little Bay and the Cross Island Parkway; funding $1,407,000."},"geometry":{"type":"Point","coordinates":[-73.790171,40.789194]}},{"type":"Feature","id":"nyc_capital_project_tracker_6081","properties":{"city_id":"nyc","event_id":"nyc_capital_project_tracker_6081","title":"Capital project tracker: Parque de los Ninos Playground and Seating Area Reconstruction, Bronx","year":2017,"effective_date":"2017-03-01","date_precision":"day","category":"environment","lens":"green_space","confidence":"documented","source_ids":["4hcv-tc5r"],"explanation":"Capital Project Tracker row for Parque de los Ninos Playground and Seating Area Reconstruction; current phase completed; public location Morrison Avenue and Watson Avenue; funding $1,417,000."},"geometry":{"type":"Point","coordinates":[-73.8737737,40.826866]}},{"type":"Feature","id":"nyc_capital_project_tracker_6094","properties":{"city_id":"nyc","event_id":"nyc_capital_project_tracker_6094","title":"Capital project tracker: Marine Park Gerritsen Avenue Pedestrian Path Construction Phase 1, Brooklyn","year":2017,"effective_date":"2017-04-01","date_precision":"day","category":"environment","lens":"green_space","confidence":"documented","source_ids":["4hcv-tc5r"],"explanation":"Capital Project Tracker row for Marine Park Gerritsen Avenue Pedestrian Path Construction Phase 1; current phase completed; public location Gerritsen Avenue between Seba Avenue and Florence Avenue; funding $480,000."},"geometry":{"type":"Point","coordinates":[-73.910525,40.586711]}},{"type":"Feature","id":"nyc_capital_project_tracker_6097","properties":{"city_id":"nyc","event_id":"nyc_capital_project_tracker_6097","title":"Capital project tracker: Martin Luther King Jr. Playground Spray Shower, Ocean Hill Playground, and Wingate Park Playground Reconstruction, Brooklyn","year":2017,"effective_date":"2017-08-01","date_precision":"day","category":"environment","lens":"green_space","confidence":"documented","source_ids":["4hcv-tc5r"],"explanation":"Capital Project Tracker row for Martin Luther King Jr. Playground Spray Shower, Ocean Hill Playground, and Wingate Park Playground Reconstruction; current phase completed; public location S E Corner Brooklyn Av and Rutl& Rd; funding $1,558,000."},"geometry":{"type":"Point","coordinates":[-73.944876,40.659512]}},{"type":"Feature","id":"nyc_capital_project_tracker_6107","properties":{"city_id":"nyc","event_id":"nyc_capital_project_tracker_6107","title":"Capital project tracker: Heritage Park Operations Building Demolition (Hurricane Sandy), Staten Island","year":2017,"effective_date":"2017-10-01","date_precision":"day","category":"built_environment","lens":"built_environment","confidence":"documented","source_ids":["4hcv-tc5r"],"explanation":"Capital Project Tracker row for Heritage Park Operations Building Demolition (Hurricane Sandy); current phase completed; public location Richmond Terrace and Tompkins Court; funding $1,245,000."},"geometry":{"type":"Point","coordinates":[-74.12266917,40.64117]}},{"type":"Feature","id":"nyc_capital_project_tracker_6125","properties":{"city_id":"nyc","event_id":"nyc_capital_project_tracker_6125","title":"Capital project tracker: Christopher J. Igneri Playground Reconstruction (RG-214MA), Staten Island","year":2017,"effective_date":"2017-09-01","date_precision":"day","category":"environment","lens":"green_space","confidence":"documented","source_ids":["4hcv-tc5r"],"explanation":"Capital Project Tracker row for Christopher J. Igneri Playground Reconstruction (RG-214MA); current phase completed; public location Schmidts Lane & Manor Road; funding $620,000."},"geometry":{"type":"Point","coordinates":[-74.119632,40.608704]}},{"type":"Feature","id":"nyc_capital_project_tracker_6134","properties":{"city_id":"nyc","event_id":"nyc_capital_project_tracker_6134","title":"Capital project tracker: Asser Levy Recreation Center Boiler and Pool Dehumidifier Reconstruction, Manhattan","year":2017,"effective_date":"2017-05-01","date_precision":"day","category":"environment","lens":"green_space","confidence":"documented","source_ids":["4hcv-tc5r"],"explanation":"Capital Project Tracker row for Asser Levy Recreation Center Boiler and Pool Dehumidifier Reconstruction; current phase completed; public location Asser Levy Place between East 23rd Street and East 25th Street; funding $1,364,000."},"geometry":{"type":"Point","coordinates":[-73.975408,40.735834]}},{"type":"Feature","id":"nyc_capital_project_tracker_6167","properties":{"city_id":"nyc","event_id":"nyc_capital_project_tracker_6167","title":"Capital project tracker: Wingate Park Gym, Heckscher Playground, and Nautilus Playground Reconstruction, Brooklyn","year":2017,"effective_date":"2017-05-01","date_precision":"day","category":"environment","lens":"green_space","confidence":"documented","source_ids":["4hcv-tc5r"],"explanation":"Capital Project Tracker row for Wingate Park Gym, Heckscher Playground, and Nautilus Playground Reconstruction; current phase completed; public location S E Corner Brooklyn Av and Rutl& Rd; funding $1,702,000."},"geometry":{"type":"Point","coordinates":[-73.9449,40.659213]}},{"type":"Feature","id":"nyc_capital_project_tracker_6205","properties":{"city_id":"nyc","event_id":"nyc_capital_project_tracker_6205","title":"Capital project tracker: Cedar Grove Beach Freshwater Wetlands Reconstruction and Planting, Staten Island","year":2017,"effective_date":"2017-01-01","date_precision":"day","category":"environment","lens":"green_space","confidence":"documented","source_ids":["4hcv-tc5r"],"explanation":"Capital Project Tracker row for Cedar Grove Beach Freshwater Wetlands Reconstruction and Planting; current phase completed; public location Ebbitts Street and Cedar Grove Avenue; funding $799,000."},"geometry":{"type":"Point","coordinates":[-74.11102,40.550913]}},{"type":"Feature","id":"nyc_capital_project_tracker_6206","properties":{"city_id":"nyc","event_id":"nyc_capital_project_tracker_6206","title":"Capital project tracker: Schmul Park and Dugan Playground Ballfield Reconstruction, Staten Island","year":2017,"effective_date":"2017-06-01","date_precision":"day","category":"environment","lens":"green_space","confidence":"documented","source_ids":["4hcv-tc5r"],"explanation":"Capital Project Tracker row for Schmul Park and Dugan Playground Ballfield Reconstruction; current phase completed; public location Wild Ave., Pearson St., Melvin Ave.; funding $1,522,000."},"geometry":{"type":"Point","coordinates":[-74.186332,40.589097]}},{"type":"Feature","id":"nyc_capital_project_tracker_6209","properties":{"city_id":"nyc","event_id":"nyc_capital_project_tracker_6209","title":"Capital project tracker: Glenwood Playground Synthetic Turf Field Construction, Brooklyn","year":2017,"effective_date":"2017-04-01","date_precision":"day","category":"environment","lens":"green_space","confidence":"documented","source_ids":["4hcv-tc5r"],"explanation":"Capital Project Tracker row for Glenwood Playground Synthetic Turf Field Construction; current phase completed; public location Farragut Road and Ralph Avenue; funding $1,441,000."},"geometry":{"type":"Point","coordinates":[-73.91978778,40.63674083]}},{"type":"Feature","id":"nyc_capital_project_tracker_6214","properties":{"city_id":"nyc","event_id":"nyc_capital_project_tracker_6214","title":"Capital project tracker: Ferry Point Park Synthetic Turf Soccer Field 1 Reconstruction (Hurricane Sandy), Bronx","year":2017,"effective_date":"2017-01-01","date_precision":"day","category":"environment","lens":"green_space","confidence":"documented","source_ids":["4hcv-tc5r"],"explanation":"Capital Project Tracker row for Ferry Point Park Synthetic Turf Soccer Field 1 Reconstruction (Hurricane Sandy); current phase completed; public location Schley Avenue and Hutchinson River Parkway; funding $869,000."},"geometry":{"type":"Point","coordinates":[-73.838329,40.815228]}},{"type":"Feature","id":"nyc_capital_project_tracker_6220","properties":{"city_id":"nyc","event_id":"nyc_capital_project_tracker_6220","title":"Capital project tracker: Hansborough Recreation Center Gym Floor and Window Reconstruction, Manhattan","year":2017,"effective_date":"2017-11-01","date_precision":"day","category":"environment","lens":"green_space","confidence":"documented","source_ids":["4hcv-tc5r"],"explanation":"Capital Project Tracker row for Hansborough Recreation Center Gym Floor and Window Reconstruction; current phase completed; public location 35 West 134th Street; funding $435,000."},"geometry":{"type":"Point","coordinates":[-73.939234,40.812823]}},{"type":"Feature","id":"nyc_capital_project_tracker_6245","properties":{"city_id":"nyc","event_id":"nyc_capital_project_tracker_6245","title":"Capital project tracker: Brownsville Recreation Center Pool Roof Reconstruction, Brooklyn","year":2017,"effective_date":"2017-06-01","date_precision":"day","category":"environment","lens":"green_space","confidence":"documented","source_ids":["4hcv-tc5r"],"explanation":"Capital Project Tracker row for Brownsville Recreation Center Pool Roof Reconstruction; current phase completed; public location Linden Boulevard and Mother Gaston Boulevard; funding $4,199,000."},"geometry":{"type":"Point","coordinates":[-73.902826,40.65673]}},{"type":"Feature","id":"nyc_capital_project_tracker_6247","properties":{"city_id":"nyc","event_id":"nyc_capital_project_tracker_6247","title":"Capital project tracker: Queens General Site Work (QG-514MA), Queens","year":2017,"effective_date":"2017-04-01","date_precision":"day","category":"environment","lens":"green_space","confidence":"documented","source_ids":["4hcv-tc5r"],"explanation":"Capital Project Tracker row for Queens General Site Work (QG-514MA); current phase completed; public location Triborough Bridge Playground A Hoyt Ave between 21st and Astoria Park.; funding $1,975,000."},"geometry":{"type":"Point","coordinates":[-73.923675,40.775713]}},{"type":"Feature","id":"nyc_capital_project_tracker_6255","properties":{"city_id":"nyc","event_id":"nyc_capital_project_tracker_6255","title":"Capital project tracker: Queens General Site Work (QG-614MA), Queens","year":2017,"effective_date":"2017-05-01","date_precision":"day","category":"environment","lens":"green_space","confidence":"documented","source_ids":["4hcv-tc5r"],"explanation":"Capital Project Tracker row for Queens General Site Work (QG-614MA); current phase completed; public location Southeast of Fence Running from 118th Road to Hospital; funding $2,253,000."},"geometry":{"type":"Point","coordinates":[-73.772853,40.687021]}},{"type":"Feature","id":"nyc_capital_project_tracker_6258","properties":{"city_id":"nyc","event_id":"nyc_capital_project_tracker_6258","title":"Capital project tracker: Captain Tilly Park Plaza Reconstruction, Queens","year":2017,"effective_date":"2017-10-01","date_precision":"day","category":"environment","lens":"green_space","confidence":"documented","source_ids":["4hcv-tc5r"],"explanation":"Capital Project Tracker row for Captain Tilly Park Plaza Reconstruction; current phase completed; public location Highland Avenue; funding $1,073,000."},"geometry":{"type":"Point","coordinates":[-73.798285,40.711404]}},{"type":"Feature","id":"nyc_capital_project_tracker_6260","properties":{"city_id":"nyc","event_id":"nyc_capital_project_tracker_6260","title":"Capital project tracker: Manhattan Roofing Systems Reconstruction (MG-614M), Manhattan","year":2017,"effective_date":"2017-09-01","date_precision":"day","category":"environment","lens":"green_space","confidence":"documented","source_ids":["4hcv-tc5r"],"explanation":"Capital Project Tracker row for Manhattan Roofing Systems Reconstruction (MG-614M); current phase completed; public location Canal St, Essex St, Jefferson St & E Broadway; funding $929,000."},"geometry":{"type":"Point","coordinates":[-73.98905,40.714777]}},{"type":"Feature","id":"nyc_capital_project_tracker_6262","properties":{"city_id":"nyc","event_id":"nyc_capital_project_tracker_6262","title":"Capital project tracker: Bronx Park Brady Playground Adult Fitness Equipment Construction, Bronx","year":2017,"effective_date":"2017-01-01","date_precision":"day","category":"environment","lens":"green_space","confidence":"documented","source_ids":["4hcv-tc5r"],"explanation":"Capital Project Tracker row for Bronx Park Brady Playground Adult Fitness Equipment Construction; current phase completed; public location Bronx Park East between Brady Avenue and Unionport Road; funding $167,000."},"geometry":{"type":"Point","coordinates":[-73.869903,40.851381]}},{"type":"Feature","id":"nyc_capital_project_tracker_6270","properties":{"city_id":"nyc","event_id":"nyc_capital_project_tracker_6270","title":"Capital project tracker: Carmansville Playground Reconstruction, Manhattan","year":2017,"effective_date":"2017-12-01","date_precision":"day","category":"environment","lens":"green_space","confidence":"documented","source_ids":["4hcv-tc5r"],"explanation":"Capital Project Tracker row for Carmansville Playground Reconstruction; current phase completed; public location Amsterdam Avenue between West 151st Street and West 152nd Street; funding $2,467,000."},"geometry":{"type":"Point","coordinates":[-73.94425778,40.82918889]}},{"type":"Feature","id":"nyc_capital_project_tracker_6302","properties":{"city_id":"nyc","event_id":"nyc_capital_project_tracker_6302","title":"Capital project tracker: Bronx General Site Work (XG-315M), Bronx","year":2017,"effective_date":"2017-12-01","date_precision":"day","category":"environment","lens":"green_space","confidence":"documented","source_ids":["4hcv-tc5r"],"explanation":"Capital Project Tracker row for Bronx General Site Work (XG-315M); current phase completed; public location W. 254 St. bet Riverdale Ave. and Mosholu Ave.; funding $1,300,000."},"geometry":{"type":"Point","coordinates":[-73.905005,40.902503]}},{"type":"Feature","id":"nyc_capital_project_tracker_6317","properties":{"city_id":"nyc","event_id":"nyc_capital_project_tracker_6317","title":"Capital project tracker: Bronx General Site Work (XG-514M), Bronx","year":2017,"effective_date":"2017-02-01","date_precision":"day","category":"environment","lens":"green_space","confidence":"documented","source_ids":["4hcv-tc5r"],"explanation":"Capital Project Tracker row for Bronx General Site Work (XG-514M); current phase completed; public location E. 138 St., Grand Concourse, Railroad tracks; funding $2,055,000."},"geometry":{"type":"Point","coordinates":[-73.93018,40.812717]}},{"type":"Feature","id":"nyc_capital_project_tracker_6331","properties":{"city_id":"nyc","event_id":"nyc_capital_project_tracker_6331","title":"Capital project tracker: Bronx, Manhattan and Queens Reforestation FY15, Queens","year":2017,"effective_date":"2017-10-01","date_precision":"day","category":"environment","lens":"green_space","confidence":"documented","source_ids":["4hcv-tc5r"],"explanation":"Capital Project Tracker row for Bronx, Manhattan and Queens Reforestation FY15; current phase completed; public location Bronx River, Lafayette, Metcalf, Bronx River Avenues; funding $1,318,000."},"geometry":{"type":"Point","coordinates":[-73.86623272,40.81157999]}},{"type":"Feature","id":"nyc_capital_project_tracker_6465","properties":{"city_id":"nyc","event_id":"nyc_capital_project_tracker_6465","title":"Capital project tracker: Bowne Park Playground Reconstruction, Queens","year":2017,"effective_date":"2017-08-01","date_precision":"day","category":"environment","lens":"green_space","confidence":"documented","source_ids":["4hcv-tc5r"],"explanation":"Capital Project Tracker row for Bowne Park Playground Reconstruction; current phase completed; public location 155th Street, 159th Street, 29th Avenue, 32nd Avenue; funding $1,411,000."},"geometry":{"type":"Point","coordinates":[-73.807177,40.770332]}},{"type":"Feature","id":"nyc_capital_project_tracker_6472","properties":{"city_id":"nyc","event_id":"nyc_capital_project_tracker_6472","title":"Capital project tracker: Joe Devoy Playground Reconstruction, Queens","year":2017,"effective_date":"2017-01-01","date_precision":"day","category":"environment","lens":"green_space","confidence":"documented","source_ids":["4hcv-tc5r"],"explanation":"Capital Project Tracker row for Joe Devoy Playground Reconstruction; current phase completed; public location Union Turnpike and 71st Avenue; funding $1,387,000."},"geometry":{"type":"Point","coordinates":[-73.857856,40.699487]}},{"type":"Feature","id":"nyc_capital_project_tracker_6575","properties":{"city_id":"nyc","event_id":"nyc_capital_project_tracker_6575","title":"Capital project tracker: Brooklyn and Staten Island Roofing Systems Reconstruction (CNYG-415M), Staten Island","year":2017,"effective_date":"2017-07-01","date_precision":"day","category":"environment","lens":"green_space","confidence":"documented","source_ids":["4hcv-tc5r"],"explanation":"Capital Project Tracker row for Brooklyn and Staten Island Roofing Systems Reconstruction (CNYG-415M); current phase completed; public location 41 Street, 44 Street, between 5 Avenue and 7 Avenue; funding $2,352,000."},"geometry":{"type":"Point","coordinates":[-74.002606,40.647168]}},{"type":"Feature","id":"nyc_capital_project_tracker_6608","properties":{"city_id":"nyc","event_id":"nyc_capital_project_tracker_6608","title":"Capital project tracker: Nautilus, Walter Ward, and Cambria Playgrounds Basketball and Handball Courts Reconstruction, Queens","year":2017,"effective_date":"2017-03-01","date_precision":"day","category":"environment","lens":"green_space","confidence":"documented","source_ids":["4hcv-tc5r"],"explanation":"Capital Project Tracker row for Nautilus, Walter Ward, and Cambria Playgrounds Basketball and Handball Courts Reconstruction; current phase completed; public location 89 St and 160 Av; funding $983,000."},"geometry":{"type":"Point","coordinates":[-73.843636,40.657667]}},{"type":"Feature","id":"nyc_capital_project_tracker_6609","properties":{"city_id":"nyc","event_id":"nyc_capital_project_tracker_6609","title":"Capital project tracker: Junction and Corona Golf Playground Play Equipment Installation (QG-615M), Queens","year":2017,"effective_date":"2017-04-01","date_precision":"day","category":"environment","lens":"green_space","confidence":"documented","source_ids":["4hcv-tc5r"],"explanation":"Capital Project Tracker row for Junction and Corona Golf Playground Play Equipment Installation (QG-615M); current phase completed; public location 34 Ave. bet. 96 St. and Junction Blvd.; funding $1,835,000."},"geometry":{"type":"Point","coordinates":[-73.872139,40.754835]}},{"type":"Feature","id":"nyc_capital_project_tracker_6883","properties":{"city_id":"nyc","event_id":"nyc_capital_project_tracker_6883","title":"Capital project tracker: Marlboro Playground Security Lighting Installation, Brooklyn","year":2017,"effective_date":"2017-03-01","date_precision":"day","category":"environment","lens":"green_space","confidence":"documented","source_ids":["4hcv-tc5r"],"explanation":"Capital Project Tracker row for Marlboro Playground Security Lighting Installation; current phase completed; public location West 11th Street and Avenue W; funding $89,000."},"geometry":{"type":"Point","coordinates":[-73.98084361,40.59121917]}},{"type":"Feature","id":"nyc_capital_project_tracker_7031","properties":{"city_id":"nyc","event_id":"nyc_capital_project_tracker_7031","title":"Capital project tracker: Henry M. Jackson Playground Reconstruction, Manhattan","year":2017,"effective_date":"2017-06-01","date_precision":"day","category":"environment","lens":"green_space","confidence":"documented","source_ids":["4hcv-tc5r"],"explanation":"Capital Project Tracker row for Henry M. Jackson Playground Reconstruction; current phase completed; public location Jackson, Madison, Henry Street; funding $1,691,000."},"geometry":{"type":"Point","coordinates":[-73.98150472,40.71397194]}},{"type":"Feature","id":"nyc_capital_project_tracker_7036","properties":{"city_id":"nyc","event_id":"nyc_capital_project_tracker_7036","title":"Capital project tracker: Grassmere Playground Reconstruction, Queens","year":2017,"effective_date":"2017-11-01","date_precision":"day","category":"environment","lens":"green_space","confidence":"documented","source_ids":["4hcv-tc5r"],"explanation":"Capital Project Tracker row for Grassmere Playground Reconstruction; current phase completed; public location Hanson Court between Grassmere Terrace and Briar Place; funding $3,723,000."},"geometry":{"type":"Point","coordinates":[-73.75891,40.59927694]}},{"type":"Feature","id":"nyc_capital_project_tracker_7061","properties":{"city_id":"nyc","event_id":"nyc_capital_project_tracker_7061","title":"Capital project tracker: Benson Playground Asphalt Field and Handball Court Reconstruction, Brooklyn","year":2017,"effective_date":"2017-05-01","date_precision":"day","category":"environment","lens":"green_space","confidence":"documented","source_ids":["4hcv-tc5r"],"explanation":"Capital Project Tracker row for Benson Playground Asphalt Field and Handball Court Reconstruction; current phase completed; public location Bath Avenue between Bay 22nd Street and Bay 23rd Street; funding $1,177,000."},"geometry":{"type":"Point","coordinates":[-74.00222306,40.60243944]}},{"type":"Feature","id":"nyc_capital_project_tracker_7133","properties":{"city_id":"nyc","event_id":"nyc_capital_project_tracker_7133","title":"Capital project tracker: Austin, Giovanelli, and Utopia Playgrounds Reconstruction, Queens","year":2017,"effective_date":"2017-12-01","date_precision":"day","category":"environment","lens":"green_space","confidence":"documented","source_ids":["4hcv-tc5r"],"explanation":"Capital Project Tracker row for Austin, Giovanelli, and Utopia Playgrounds Reconstruction; current phase completed; public location Utopia Parkway & 73rd Avenue; funding $2,142,000."},"geometry":{"type":"Point","coordinates":[-73.792227,40.730779]}},{"type":"Feature","id":"nyc_capital_project_tracker_7407","properties":{"city_id":"nyc","event_id":"nyc_capital_project_tracker_7407","title":"Capital project tracker: Lyons Square Playground Reconstruction, Bronx","year":2017,"effective_date":"2017-12-01","date_precision":"day","category":"environment","lens":"green_space","confidence":"documented","source_ids":["4hcv-tc5r"],"explanation":"Capital Project Tracker row for Lyons Square Playground Reconstruction; current phase completed; public location Bruckner Boulevard, Bryant Avenue, Aldus Street, Longfellow Avenue; funding $4,801,000."},"geometry":{"type":"Point","coordinates":[-73.888089,40.822788]}},{"type":"Feature","id":"nyc_capital_project_tracker_7410","properties":{"city_id":"nyc","event_id":"nyc_capital_project_tracker_7410","title":"Capital project tracker: Hilltop Playground Reconstruction, Brooklyn","year":2017,"effective_date":"2017-07-01","date_precision":"day","category":"environment","lens":"green_space","confidence":"documented","source_ids":["4hcv-tc5r"],"explanation":"Capital Project Tracker row for Hilltop Playground Reconstruction; current phase completed; public location Dean Street, Pacific Street, Thomas S. Boyland Street; funding $3,976,000."},"geometry":{"type":"Point","coordinates":[-73.914336,40.675321]}},{"type":"Feature","id":"nyc_capital_project_tracker_8515","properties":{"city_id":"nyc","event_id":"nyc_capital_project_tracker_8515","title":"Capital project tracker: Arsenal Emergency Elevator Reconstruction, Manhattan","year":2017,"effective_date":"2017-09-01","date_precision":"day","category":"environment","lens":"green_space","confidence":"documented","source_ids":["4hcv-tc5r"],"explanation":"Capital Project Tracker row for Arsenal Emergency Elevator Reconstruction; current phase completed; public location Fifth Avenue and East 64th Street; funding $999,000."},"geometry":{"type":"Point","coordinates":[-73.962807,40.779845]}},{"type":"Feature","id":"nyc_capital_project_tracker_8664","properties":{"city_id":"nyc","event_id":"nyc_capital_project_tracker_8664","title":"Capital project tracker: Flushing Meadows Corona Park Pool Emergency Roof Reconstruction, Queens","year":2017,"effective_date":"2017-10-01","date_precision":"day","category":"environment","lens":"green_space","confidence":"documented","source_ids":["4hcv-tc5r"],"explanation":"Capital Project Tracker row for Flushing Meadows Corona Park Pool Emergency Roof Reconstruction; current phase completed; public location 131-04 Meridian Road; funding Less than $1 million."},"geometry":{"type":"Point","coordinates":[-73.837496,40.751777]}},{"type":"Feature","id":"nyc_certificate_occupancy_101020020","properties":{"city_id":"nyc","event_id":"nyc_certificate_occupancy_101020020","title":"Certificate of occupancy issued: 116 WEST 23 STREET, Manhattan","year":2017,"effective_date":"2017-01-03","date_precision":"day","category":"built_environment","lens":"built_environment","confidence":"documented","source_ids":["bs8b-p36w"],"explanation":"Certificate of occupancy Temporary for job 101020020 at 116 WEST 23 STREET."},"geometry":{"type":"Point","coordinates":[-73.993562,40.743218]}},{"type":"Feature","id":"nyc_certificate_occupancy_103197229","properties":{"city_id":"nyc","event_id":"nyc_certificate_occupancy_103197229","title":"Certificate of occupancy issued: 225 WEST 86 STREET, Manhattan","year":2017,"effective_date":"2017-01-03","date_precision":"day","category":"built_environment","lens":"built_environment","confidence":"documented","source_ids":["bs8b-p36w"],"explanation":"Certificate of occupancy Temporary for job 103197229 at 225 WEST 86 STREET."},"geometry":{"type":"Point","coordinates":[-73.975855,40.788051]}},{"type":"Feature","id":"nyc_certificate_occupancy_103623900","properties":{"city_id":"nyc","event_id":"nyc_certificate_occupancy_103623900","title":"Certificate of occupancy issued: 85 TENTH AVENUE, Manhattan","year":2017,"effective_date":"2017-01-03","date_precision":"day","category":"built_environment","lens":"built_environment","confidence":"documented","source_ids":["bs8b-p36w"],"explanation":"Certificate of occupancy Temporary for job 103623900 at 85 TENTH AVENUE."},"geometry":{"type":"Point","coordinates":[-74.007546,40.743059]}},{"type":"Feature","id":"nyc_certificate_occupancy_103677433","properties":{"city_id":"nyc","event_id":"nyc_certificate_occupancy_103677433","title":"Certificate of occupancy issued: 123-5 CENTRAL PARK NORTH, Manhattan","year":2017,"effective_date":"2017-01-03","date_precision":"day","category":"built_environment","lens":"built_environment","confidence":"documented","source_ids":["bs8b-p36w"],"explanation":"Certificate of occupancy Temporary for job 103677433 at 123-5 CENTRAL PARK NORTH."},"geometry":{"type":"Point","coordinates":[-73.953516,40.798697]}},{"type":"Feature","id":"nyc_certificate_occupancy_103725480","properties":{"city_id":"nyc","event_id":"nyc_certificate_occupancy_103725480","title":"Certificate of occupancy issued: 514 BROADWAY, Manhattan","year":2017,"effective_date":"2017-01-03","date_precision":"day","category":"built_environment","lens":"built_environment","confidence":"documented","source_ids":["bs8b-p36w"],"explanation":"Certificate of occupancy Temporary for job 103725480 at 514 BROADWAY."},"geometry":{"type":"Point","coordinates":[-73.999177,40.722575]}},{"type":"Feature","id":"nyc_certificate_occupancy_103755651","properties":{"city_id":"nyc","event_id":"nyc_certificate_occupancy_103755651","title":"Certificate of occupancy issued: 311 CHURCH STREET, Manhattan","year":2017,"effective_date":"2017-01-03","date_precision":"day","category":"built_environment","lens":"built_environment","confidence":"documented","source_ids":["bs8b-p36w"],"explanation":"Certificate of occupancy Temporary for job 103755651 at 311 CHURCH STREET."},"geometry":{"type":"Point","coordinates":[-74.004159,40.71972]}},{"type":"Feature","id":"nyc_certificate_occupancy_103827325","properties":{"city_id":"nyc","event_id":"nyc_certificate_occupancy_103827325","title":"Certificate of occupancy issued: 58 WEST 48 STREET, Manhattan","year":2017,"effective_date":"2017-01-03","date_precision":"day","category":"built_environment","lens":"built_environment","confidence":"documented","source_ids":["bs8b-p36w"],"explanation":"Certificate of occupancy Temporary for job 103827325 at 58 WEST 48 STREET."},"geometry":{"type":"Point","coordinates":[-73.980281,40.758189]}},{"type":"Feature","id":"nyc_certificate_occupancy_103959316","properties":{"city_id":"nyc","event_id":"nyc_certificate_occupancy_103959316","title":"Certificate of occupancy issued: 11 PARK PLACE, Manhattan","year":2017,"effective_date":"2017-01-03","date_precision":"day","category":"built_environment","lens":"built_environment","confidence":"documented","source_ids":["bs8b-p36w"],"explanation":"Certificate of occupancy Temporary for job 103959316 at 11 PARK PLACE."},"geometry":{"type":"Point","coordinates":[-74.008296,40.712828]}},{"type":"Feature","id":"nyc_certificate_occupancy_104016654","properties":{"city_id":"nyc","event_id":"nyc_certificate_occupancy_104016654","title":"Certificate of occupancy issued: 555 5 AVENUE, Manhattan","year":2017,"effective_date":"2017-01-03","date_precision":"day","category":"built_environment","lens":"built_environment","confidence":"documented","source_ids":["bs8b-p36w"],"explanation":"Certificate of occupancy Temporary for job 104016654 at 555 5 AVENUE."},"geometry":{"type":"Point","coordinates":[-73.97874,40.755801]}},{"type":"Feature","id":"nyc_certificate_occupancy_104025706","properties":{"city_id":"nyc","event_id":"nyc_certificate_occupancy_104025706","title":"Certificate of occupancy issued: 75 9 AVENUE, Manhattan","year":2017,"effective_date":"2017-01-03","date_precision":"day","category":"built_environment","lens":"built_environment","confidence":"documented","source_ids":["bs8b-p36w"],"explanation":"Certificate of occupancy Temporary for job 104025706 at 75 9 AVENUE."},"geometry":{"type":"Point","coordinates":[-74.004713,40.741876]}},{"type":"Feature","id":"nyc_certificate_occupancy_104296708","properties":{"city_id":"nyc","event_id":"nyc_certificate_occupancy_104296708","title":"Certificate of occupancy issued: 141 5 AVENUE, Manhattan","year":2017,"effective_date":"2017-01-03","date_precision":"day","category":"built_environment","lens":"built_environment","confidence":"documented","source_ids":["bs8b-p36w"],"explanation":"Certificate of occupancy Temporary for job 104296708 at 141 5 AVENUE."},"geometry":{"type":"Point","coordinates":[-73.990722,40.739965]}},{"type":"Feature","id":"nyc_certificate_occupancy_104879810","properties":{"city_id":"nyc","event_id":"nyc_certificate_occupancy_104879810","title":"Certificate of occupancy issued: 114 KENMARE STREET, Manhattan","year":2017,"effective_date":"2017-01-03","date_precision":"day","category":"built_environment","lens":"built_environment","confidence":"documented","source_ids":["bs8b-p36w"],"explanation":"Certificate of occupancy Temporary for job 104879810 at 114 KENMARE STREET."},"geometry":{"type":"Point","coordinates":[-73.997626,40.721521]}},{"type":"Feature","id":"nyc_certificate_occupancy_110353750","properties":{"city_id":"nyc","event_id":"nyc_certificate_occupancy_110353750","title":"Certificate of occupancy issued: 196 GRAND ST, Manhattan","year":2017,"effective_date":"2017-01-03","date_precision":"day","category":"built_environment","lens":"built_environment","confidence":"documented","source_ids":["bs8b-p36w"],"explanation":"Certificate of occupancy Final for job 110353750 at 196 GRAND ST."},"geometry":{"type":"Point","coordinates":[-73.996883,40.719193]}},{"type":"Feature","id":"nyc_certificate_occupancy_110454491","properties":{"city_id":"nyc","event_id":"nyc_certificate_occupancy_110454491","title":"Certificate of occupancy issued: 1540 BROADWAY, Manhattan","year":2017,"effective_date":"2017-01-03","date_precision":"day","category":"built_environment","lens":"built_environment","confidence":"documented","source_ids":["bs8b-p36w"],"explanation":"Certificate of occupancy Temporary for job 110454491 at 1540 BROADWAY."},"geometry":{"type":"Point","coordinates":[-73.985009,40.757847]}},{"type":"Feature","id":"nyc_certificate_occupancy_120700795","properties":{"city_id":"nyc","event_id":"nyc_certificate_occupancy_120700795","title":"Certificate of occupancy issued: 220 BOWERY, Manhattan","year":2017,"effective_date":"2017-01-03","date_precision":"day","category":"built_environment","lens":"built_environment","confidence":"documented","source_ids":["bs8b-p36w"],"explanation":"Certificate of occupancy Temporary for job 120700795 at 220 BOWERY."},"geometry":{"type":"Point","coordinates":[-73.993416,40.721968]}},{"type":"Feature","id":"nyc_certificate_occupancy_120809287","properties":{"city_id":"nyc","event_id":"nyc_certificate_occupancy_120809287","title":"Certificate of occupancy issued: 8 WEST 126 STREET, Manhattan","year":2017,"effective_date":"2017-01-03","date_precision":"day","category":"built_environment","lens":"built_environment","confidence":"documented","source_ids":["bs8b-p36w"],"explanation":"Certificate of occupancy Temporary for job 120809287 at 8 WEST 126 STREET."},"geometry":{"type":"Point","coordinates":[-73.942384,40.80734]}},{"type":"Feature","id":"nyc_certificate_occupancy_120934551","properties":{"city_id":"nyc","event_id":"nyc_certificate_occupancy_120934551","title":"Certificate of occupancy issued: 10 UNION SQUARE EAST, Manhattan","year":2017,"effective_date":"2017-01-03","date_precision":"day","category":"built_environment","lens":"built_environment","confidence":"documented","source_ids":["bs8b-p36w"],"explanation":"Certificate of occupancy Temporary for job 120934551 at 10 UNION SQUARE EAST."},"geometry":{"type":"Point","coordinates":[-73.989926,40.734704]}},{"type":"Feature","id":"nyc_certificate_occupancy_120972652","properties":{"city_id":"nyc","event_id":"nyc_certificate_occupancy_120972652","title":"Certificate of occupancy issued: 157 SUFFOLK STREET, Manhattan","year":2017,"effective_date":"2017-01-03","date_precision":"day","category":"built_environment","lens":"built_environment","confidence":"documented","source_ids":["bs8b-p36w"],"explanation":"Certificate of occupancy Temporary for job 120972652 at 157 SUFFOLK STREET."},"geometry":{"type":"Point","coordinates":[-73.985151,40.720842]}},{"type":"Feature","id":"nyc_certificate_occupancy_121327386","properties":{"city_id":"nyc","event_id":"nyc_certificate_occupancy_121327386","title":"Certificate of occupancy issued: 1293 BROADWAY, Manhattan","year":2017,"effective_date":"2017-01-04","date_precision":"day","category":"built_environment","lens":"built_environment","confidence":"documented","source_ids":["bs8b-p36w"],"explanation":"Certificate of occupancy Final for job 121327386 at 1293 BROADWAY."},"geometry":{"type":"Point","coordinates":[-73.987978,40.749547]}},{"type":"Feature","id":"nyc_certificate_occupancy_121329268","properties":{"city_id":"nyc","event_id":"nyc_certificate_occupancy_121329268","title":"Certificate of occupancy issued: 5 BEEKMAN STREET, Manhattan","year":2017,"effective_date":"2017-01-03","date_precision":"day","category":"built_environment","lens":"built_environment","confidence":"documented","source_ids":["bs8b-p36w"],"explanation":"Certificate of occupancy Temporary for job 121329268 at 5 BEEKMAN STREET."},"geometry":{"type":"Point","coordinates":[-74.006666,40.711393]}},{"type":"Feature","id":"nyc_certificate_occupancy_121392723","properties":{"city_id":"nyc","event_id":"nyc_certificate_occupancy_121392723","title":"Certificate of occupancy issued: 41 PARK AVENUE, Manhattan","year":2017,"effective_date":"2017-01-03","date_precision":"day","category":"built_environment","lens":"built_environment","confidence":"documented","source_ids":["bs8b-p36w"],"explanation":"Certificate of occupancy Temporary for job 121392723 at 41 PARK AVENUE."},"geometry":{"type":"Point","coordinates":[-73.980247,40.748563]}},{"type":"Feature","id":"nyc_certificate_occupancy_121577481","properties":{"city_id":"nyc","event_id":"nyc_certificate_occupancy_121577481","title":"Certificate of occupancy issued: 154 SPRING STREET, Manhattan","year":2017,"effective_date":"2017-01-03","date_precision":"day","category":"built_environment","lens":"built_environment","confidence":"documented","source_ids":["bs8b-p36w"],"explanation":"Certificate of occupancy Temporary for job 121577481 at 154 SPRING STREET."},"geometry":{"type":"Point","coordinates":[-74.001566,40.724367]}},{"type":"Feature","id":"nyc_certificate_occupancy_121615975","properties":{"city_id":"nyc","event_id":"nyc_certificate_occupancy_121615975","title":"Certificate of occupancy issued: 120 WALL STREET, Manhattan","year":2017,"effective_date":"2017-01-03","date_precision":"day","category":"built_environment","lens":"built_environment","confidence":"documented","source_ids":["bs8b-p36w"],"explanation":"Certificate of occupancy Temporary for job 121615975 at 120 WALL STREET."},"geometry":{"type":"Point","coordinates":[-74.006427,40.70438]}},{"type":"Feature","id":"nyc_certificate_occupancy_121775631","properties":{"city_id":"nyc","event_id":"nyc_certificate_occupancy_121775631","title":"Certificate of occupancy issued: 250 VESEY STREET, Manhattan","year":2017,"effective_date":"2017-01-03","date_precision":"day","category":"built_environment","lens":"built_environment","confidence":"documented","source_ids":["bs8b-p36w"],"explanation":"Certificate of occupancy Temporary for job 121775631 at 250 VESEY STREET."},"geometry":{"type":"Point","coordinates":[-74.015677,40.714529]}},{"type":"Feature","id":"nyc_certificate_occupancy_121897983","properties":{"city_id":"nyc","event_id":"nyc_certificate_occupancy_121897983","title":"Certificate of occupancy issued: 324 EAST 4TH STREET, Manhattan","year":2017,"effective_date":"2017-01-03","date_precision":"day","category":"built_environment","lens":"built_environment","confidence":"documented","source_ids":["bs8b-p36w"],"explanation":"Certificate of occupancy Temporary for job 121897983 at 324 EAST 4TH STREET."},"geometry":{"type":"Point","coordinates":[-73.979462,40.721975]}},{"type":"Feature","id":"nyc_certificate_occupancy_121910487","properties":{"city_id":"nyc","event_id":"nyc_certificate_occupancy_121910487","title":"Certificate of occupancy issued: 315 WEST 112 STREET, Manhattan","year":2017,"effective_date":"2017-01-03","date_precision":"day","category":"built_environment","lens":"built_environment","confidence":"documented","source_ids":["bs8b-p36w"],"explanation":"Certificate of occupancy Temporary for job 121910487 at 315 WEST 112 STREET."},"geometry":{"type":"Point","coordinates":[-73.957595,40.802017]}},{"type":"Feature","id":"nyc_certificate_occupancy_121963303","properties":{"city_id":"nyc","event_id":"nyc_certificate_occupancy_121963303","title":"Certificate of occupancy issued: 1845 ADAM CLAYTON POWELL BLVD, Manhattan","year":2017,"effective_date":"2017-01-03","date_precision":"day","category":"built_environment","lens":"built_environment","confidence":"documented","source_ids":["bs8b-p36w"],"explanation":"Certificate of occupancy Temporary for job 121963303 at 1845 ADAM CLAYTON POWELL BLVD."},"geometry":{"type":"Point","coordinates":[-73.954233,40.80086]}},{"type":"Feature","id":"nyc_certificate_occupancy_122047114","properties":{"city_id":"nyc","event_id":"nyc_certificate_occupancy_122047114","title":"Certificate of occupancy issued: 11 MADISON AVENUE, Manhattan","year":2017,"effective_date":"2017-01-03","date_precision":"day","category":"built_environment","lens":"built_environment","confidence":"documented","source_ids":["bs8b-p36w"],"explanation":"Certificate of occupancy Temporary for job 122047114 at 11 MADISON AVENUE."},"geometry":{"type":"Point","coordinates":[-73.987449,40.741617]}},{"type":"Feature","id":"nyc_certificate_occupancy_122047123","properties":{"city_id":"nyc","event_id":"nyc_certificate_occupancy_122047123","title":"Certificate of occupancy issued: 11 MADISON AVENUE, Manhattan","year":2017,"effective_date":"2017-01-03","date_precision":"day","category":"built_environment","lens":"built_environment","confidence":"documented","source_ids":["bs8b-p36w"],"explanation":"Certificate of occupancy Temporary for job 122047123 at 11 MADISON AVENUE."},"geometry":{"type":"Point","coordinates":[-73.987449,40.741617]}},{"type":"Feature","id":"nyc_certificate_occupancy_122371361","properties":{"city_id":"nyc","event_id":"nyc_certificate_occupancy_122371361","title":"Certificate of occupancy issued: 99 BANK STREET, Manhattan","year":2017,"effective_date":"2017-01-03","date_precision":"day","category":"built_environment","lens":"built_environment","confidence":"documented","source_ids":["bs8b-p36w"],"explanation":"Certificate of occupancy Temporary for job 122371361 at 99 BANK STREET."},"geometry":{"type":"Point","coordinates":[-74.006502,40.736458]}},{"type":"Feature","id":"nyc_certificate_occupancy_122427454","properties":{"city_id":"nyc","event_id":"nyc_certificate_occupancy_122427454","title":"Certificate of occupancy issued: 100 WEST 33RD STREET, Manhattan","year":2017,"effective_date":"2017-01-03","date_precision":"day","category":"built_environment","lens":"built_environment","confidence":"documented","source_ids":["bs8b-p36w"],"explanation":"Certificate of occupancy Temporary for job 122427454 at 100 WEST 33RD STREET."},"geometry":{"type":"Point","coordinates":[-73.988675,40.7493]}},{"type":"Feature","id":"nyc_certificate_occupancy_122478531","properties":{"city_id":"nyc","event_id":"nyc_certificate_occupancy_122478531","title":"Certificate of occupancy issued: 1143 1ST AVENUE, Manhattan","year":2017,"effective_date":"2017-01-03","date_precision":"day","category":"built_environment","lens":"built_environment","confidence":"documented","source_ids":["bs8b-p36w"],"explanation":"Certificate of occupancy Temporary for job 122478531 at 1143 1ST AVENUE."},"geometry":{"type":"Point","coordinates":[-73.960361,40.761824]}},{"type":"Feature","id":"nyc_certificate_occupancy_122729510","properties":{"city_id":"nyc","event_id":"nyc_certificate_occupancy_122729510","title":"Certificate of occupancy issued: 223 EAST 62 STREET, Manhattan","year":2017,"effective_date":"2017-01-03","date_precision":"day","category":"built_environment","lens":"built_environment","confidence":"documented","source_ids":["bs8b-p36w"],"explanation":"Certificate of occupancy Final for job 122729510 at 223 EAST 62 STREET."},"geometry":{"type":"Point","coordinates":[-73.964519,40.763148]}},{"type":"Feature","id":"nyc_certificate_occupancy_200410572","properties":{"city_id":"nyc","event_id":"nyc_certificate_occupancy_200410572","title":"Certificate of occupancy issued: 1730 CROSS BRONX EXPRESSWAY, Bronx","year":2017,"effective_date":"2017-01-03","date_precision":"day","category":"built_environment","lens":"built_environment","confidence":"documented","source_ids":["bs8b-p36w"],"explanation":"Certificate of occupancy Temporary for job 200410572 at 1730 CROSS BRONX EXPRESSWAY."},"geometry":{"type":"Point","coordinates":[-73.870358,40.835679]}},{"type":"Feature","id":"nyc_certificate_occupancy_200718394","properties":{"city_id":"nyc","event_id":"nyc_certificate_occupancy_200718394","title":"Certificate of occupancy issued: 91 WESTCHESTER SQUARE, Bronx","year":2017,"effective_date":"2017-01-03","date_precision":"day","category":"built_environment","lens":"built_environment","confidence":"documented","source_ids":["bs8b-p36w"],"explanation":"Certificate of occupancy Temporary for job 200718394 at 91 WESTCHESTER SQUARE."},"geometry":{"type":"Point","coordinates":[-73.84124,40.840835]}},{"type":"Feature","id":"nyc_certificate_occupancy_200953110","properties":{"city_id":"nyc","event_id":"nyc_certificate_occupancy_200953110","title":"Certificate of occupancy issued: 1180 REVEREND JAMES A POLITE AVENUE, Bronx","year":2017,"effective_date":"2017-01-04","date_precision":"day","category":"built_environment","lens":"built_environment","confidence":"documented","source_ids":["bs8b-p36w"],"explanation":"Certificate of occupancy Temporary for job 200953110 at 1180 REVEREND JAMES A POLITE AVENUE."},"geometry":{"type":"Point","coordinates":[-73.897612,40.827315]}},{"type":"Feature","id":"nyc_certificate_occupancy_201025755","properties":{"city_id":"nyc","event_id":"nyc_certificate_occupancy_201025755","title":"Certificate of occupancy issued: 800 LYDIG, Bronx","year":2017,"effective_date":"2017-01-04","date_precision":"day","category":"built_environment","lens":"built_environment","confidence":"documented","source_ids":["bs8b-p36w"],"explanation":"Certificate of occupancy Temporary for job 201025755 at 800 LYDIG."},"geometry":{"type":"Point","coordinates":[-73.863732,40.854415]}},{"type":"Feature","id":"nyc_certificate_occupancy_220015383","properties":{"city_id":"nyc","event_id":"nyc_certificate_occupancy_220015383","title":"Certificate of occupancy issued: 2026 WESTCHESTER AVENUE, Bronx","year":2017,"effective_date":"2017-01-04","date_precision":"day","category":"built_environment","lens":"built_environment","confidence":"documented","source_ids":["bs8b-p36w"],"explanation":"Certificate of occupancy Temporary for job 220015383 at 2026 WESTCHESTER AVENUE."},"geometry":{"type":"Point","coordinates":[-73.856695,40.833662]}},{"type":"Feature","id":"nyc_certificate_occupancy_220127404","properties":{"city_id":"nyc","event_id":"nyc_certificate_occupancy_220127404","title":"Certificate of occupancy issued: 1237 JEROME AVENUE, Bronx","year":2017,"effective_date":"2017-01-03","date_precision":"day","category":"built_environment","lens":"built_environment","confidence":"documented","source_ids":["bs8b-p36w"],"explanation":"Certificate of occupancy Temporary for job 220127404 at 1237 JEROME AVENUE."},"geometry":{"type":"Point","coordinates":[-73.921496,40.836691]}},{"type":"Feature","id":"nyc_certificate_occupancy_220357423","properties":{"city_id":"nyc","event_id":"nyc_certificate_occupancy_220357423","title":"Certificate of occupancy issued: 74 WEST TREMONT AVENUE, Bronx","year":2017,"effective_date":"2017-01-04","date_precision":"day","category":"built_environment","lens":"built_environment","confidence":"documented","source_ids":["bs8b-p36w"],"explanation":"Certificate of occupancy Temporary for job 220357423 at 74 WEST TREMONT AVENUE."},"geometry":{"type":"Point","coordinates":[-73.912124,40.851025]}},{"type":"Feature","id":"nyc_certificate_occupancy_220446854","properties":{"city_id":"nyc","event_id":"nyc_certificate_occupancy_220446854","title":"Certificate of occupancy issued: 3133 SEDGWICK AVENUE, Bronx","year":2017,"effective_date":"2017-01-04","date_precision":"day","category":"built_environment","lens":"built_environment","confidence":"documented","source_ids":["bs8b-p36w"],"explanation":"Certificate of occupancy Final for job 220446854 at 3133 SEDGWICK AVENUE."},"geometry":{"type":"Point","coordinates":[-73.898887,40.877344]}},{"type":"Feature","id":"nyc_certificate_occupancy_220474831","properties":{"city_id":"nyc","event_id":"nyc_certificate_occupancy_220474831","title":"Certificate of occupancy issued: 1260 ZEREGA AVENUE, Bronx","year":2017,"effective_date":"2017-01-03","date_precision":"day","category":"built_environment","lens":"built_environment","confidence":"documented","source_ids":["bs8b-p36w"],"explanation":"Certificate of occupancy Temporary for job 220474831 at 1260 ZEREGA AVENUE."},"geometry":{"type":"Point","coordinates":[-73.845267,40.834303]}},{"type":"Feature","id":"nyc_certificate_occupancy_220479300","properties":{"city_id":"nyc","event_id":"nyc_certificate_occupancy_220479300","title":"Certificate of occupancy issued: 3273 EAST TREMONT AVENUE, Bronx","year":2017,"effective_date":"2017-01-03","date_precision":"day","category":"built_environment","lens":"built_environment","confidence":"documented","source_ids":["bs8b-p36w"],"explanation":"Certificate of occupancy Final for job 220479300 at 3273 EAST TREMONT AVENUE."},"geometry":{"type":"Point","coordinates":[-73.831847,40.835198]}},{"type":"Feature","id":"nyc_certificate_occupancy_301008479","properties":{"city_id":"nyc","event_id":"nyc_certificate_occupancy_301008479","title":"Certificate of occupancy issued: 327 GREENPOINT AVENUE, Brooklyn","year":2017,"effective_date":"2017-01-03","date_precision":"day","category":"built_environment","lens":"built_environment","confidence":"documented","source_ids":["bs8b-p36w"],"explanation":"Certificate of occupancy Temporary for job 301008479 at 327 GREENPOINT AVENUE."},"geometry":{"type":"Point","coordinates":[-73.947577,40.736174]}},{"type":"Feature","id":"nyc_certificate_occupancy_302312487","properties":{"city_id":"nyc","event_id":"nyc_certificate_occupancy_302312487","title":"Certificate of occupancy issued: 6209 11 AVENUE, Brooklyn","year":2017,"effective_date":"2017-01-04","date_precision":"day","category":"built_environment","lens":"built_environment","confidence":"documented","source_ids":["bs8b-p36w"],"explanation":"Certificate of occupancy Temporary for job 302312487 at 6209 11 AVENUE."},"geometry":{"type":"Point","coordinates":[-74.004248,40.630244]}},{"type":"Feature","id":"nyc_certificate_occupancy_320078321","properties":{"city_id":"nyc","event_id":"nyc_certificate_occupancy_320078321","title":"Certificate of occupancy issued: 575 DEGRAW STREET, Brooklyn","year":2017,"effective_date":"2017-01-04","date_precision":"day","category":"built_environment","lens":"built_environment","confidence":"documented","source_ids":["bs8b-p36w"],"explanation":"Certificate of occupancy Temporary for job 320078321 at 575 DEGRAW STREET."},"geometry":{"type":"Point","coordinates":[-73.984219,40.679484]}},{"type":"Feature","id":"nyc_certificate_occupancy_320121462","properties":{"city_id":"nyc","event_id":"nyc_certificate_occupancy_320121462","title":"Certificate of occupancy issued: 167 SOUTH 1ST STREET, Brooklyn","year":2017,"effective_date":"2017-01-04","date_precision":"day","category":"built_environment","lens":"built_environment","confidence":"documented","source_ids":["bs8b-p36w"],"explanation":"Certificate of occupancy Temporary for job 320121462 at 167 SOUTH 1ST STREET."},"geometry":{"type":"Point","coordinates":[-73.960945,40.71364]}},{"type":"Feature","id":"nyc_certificate_occupancy_320238809","properties":{"city_id":"nyc","event_id":"nyc_certificate_occupancy_320238809","title":"Certificate of occupancy issued: 85 ROCKWELL PLACE, Brooklyn","year":2017,"effective_date":"2017-01-03","date_precision":"day","category":"built_environment","lens":"built_environment","confidence":"documented","source_ids":["bs8b-p36w"],"explanation":"Certificate of occupancy Temporary for job 320238809 at 85 ROCKWELL PLACE."},"geometry":{"type":"Point","coordinates":[-73.979166,40.687531]}},{"type":"Feature","id":"nyc_certificate_occupancy_320254274","properties":{"city_id":"nyc","event_id":"nyc_certificate_occupancy_320254274","title":"Certificate of occupancy issued: 672 PARKSIDE AVENUE, Brooklyn","year":2017,"effective_date":"2017-01-04","date_precision":"day","category":"built_environment","lens":"built_environment","confidence":"documented","source_ids":["bs8b-p36w"],"explanation":"Certificate of occupancy Temporary for job 320254274 at 672 PARKSIDE AVENUE."},"geometry":{"type":"Point","coordinates":[-73.951204,40.656188]}},{"type":"Feature","id":"nyc_certificate_occupancy_320375232","properties":{"city_id":"nyc","event_id":"nyc_certificate_occupancy_320375232","title":"Certificate of occupancy issued: 333 SCHERMERHORN STREET, Brooklyn","year":2017,"effective_date":"2017-01-04","date_precision":"day","category":"built_environment","lens":"built_environment","confidence":"documented","source_ids":["bs8b-p36w"],"explanation":"Certificate of occupancy Temporary for job 320375232 at 333 SCHERMERHORN STREET."},"geometry":{"type":"Point","coordinates":[-73.981243,40.687144]}},{"type":"Feature","id":"nyc_certificate_occupancy_320464573","properties":{"city_id":"nyc","event_id":"nyc_certificate_occupancy_320464573","title":"Certificate of occupancy issued: 731 VANDALIA AVENUE, Brooklyn","year":2017,"effective_date":"2017-01-04","date_precision":"day","category":"built_environment","lens":"built_environment","confidence":"documented","source_ids":["bs8b-p36w"],"explanation":"Certificate of occupancy Final for job 320464573 at 731 VANDALIA AVENUE."},"geometry":{"type":"Point","coordinates":[-73.867751,40.658112]}},{"type":"Feature","id":"nyc_certificate_occupancy_320481046","properties":{"city_id":"nyc","event_id":"nyc_certificate_occupancy_320481046","title":"Certificate of occupancy issued: 211 STERLING PLACE, Brooklyn","year":2017,"effective_date":"2017-01-04","date_precision":"day","category":"built_environment","lens":"built_environment","confidence":"documented","source_ids":["bs8b-p36w"],"explanation":"Certificate of occupancy Final for job 320481046 at 211 STERLING PLACE."},"geometry":{"type":"Point","coordinates":[-73.970762,40.676174]}},{"type":"Feature","id":"nyc_certificate_occupancy_320517106","properties":{"city_id":"nyc","event_id":"nyc_certificate_occupancy_320517106","title":"Certificate of occupancy issued: 338 BERRY STREET, Brooklyn","year":2017,"effective_date":"2017-01-04","date_precision":"day","category":"built_environment","lens":"built_environment","confidence":"documented","source_ids":["bs8b-p36w"],"explanation":"Certificate of occupancy Temporary for job 320517106 at 338 BERRY STREET."},"geometry":{"type":"Point","coordinates":[-73.964777,40.711983]}},{"type":"Feature","id":"nyc_certificate_occupancy_320534720","properties":{"city_id":"nyc","event_id":"nyc_certificate_occupancy_320534720","title":"Certificate of occupancy issued: 839 FLATBUSH AVENUE, Brooklyn","year":2017,"effective_date":"2017-01-03","date_precision":"day","category":"built_environment","lens":"built_environment","confidence":"documented","source_ids":["bs8b-p36w"],"explanation":"Certificate of occupancy Temporary for job 320534720 at 839 FLATBUSH AVENUE."},"geometry":{"type":"Point","coordinates":[-73.959071,40.651865]}},{"type":"Feature","id":"nyc_certificate_occupancy_320576925","properties":{"city_id":"nyc","event_id":"nyc_certificate_occupancy_320576925","title":"Certificate of occupancy issued: 214 FRANKLIN STREET, Brooklyn","year":2017,"effective_date":"2017-01-04","date_precision":"day","category":"built_environment","lens":"built_environment","confidence":"documented","source_ids":["bs8b-p36w"],"explanation":"Certificate of occupancy Temporary for job 320576925 at 214 FRANKLIN STREET."},"geometry":{"type":"Point","coordinates":[-73.95809,40.732967]}},{"type":"Feature","id":"nyc_certificate_occupancy_320580395","properties":{"city_id":"nyc","event_id":"nyc_certificate_occupancy_320580395","title":"Certificate of occupancy issued: 45 JAY STREET, Brooklyn","year":2017,"effective_date":"2017-01-03","date_precision":"day","category":"built_environment","lens":"built_environment","confidence":"documented","source_ids":["bs8b-p36w"],"explanation":"Certificate of occupancy Temporary for job 320580395 at 45 JAY STREET."},"geometry":{"type":"Point","coordinates":[-73.986616,40.703463]}},{"type":"Feature","id":"nyc_certificate_occupancy_320592836","properties":{"city_id":"nyc","event_id":"nyc_certificate_occupancy_320592836","title":"Certificate of occupancy issued: 55 PROSPECT STREET, Brooklyn","year":2017,"effective_date":"2017-01-04","date_precision":"day","category":"built_environment","lens":"built_environment","confidence":"documented","source_ids":["bs8b-p36w"],"explanation":"Certificate of occupancy Temporary for job 320592836 at 55 PROSPECT STREET."},"geometry":{"type":"Point","coordinates":[-73.988463,40.700704]}},{"type":"Feature","id":"nyc_certificate_occupancy_320734158","properties":{"city_id":"nyc","event_id":"nyc_certificate_occupancy_320734158","title":"Certificate of occupancy issued: 97 DOUGLASS STREET, Brooklyn","year":2017,"effective_date":"2017-01-03","date_precision":"day","category":"built_environment","lens":"built_environment","confidence":"documented","source_ids":["bs8b-p36w"],"explanation":"Certificate of occupancy Temporary for job 320734158 at 97 DOUGLASS STREET."},"geometry":{"type":"Point","coordinates":[-73.991386,40.683075]}},{"type":"Feature","id":"nyc_certificate_occupancy_320785316","properties":{"city_id":"nyc","event_id":"nyc_certificate_occupancy_320785316","title":"Certificate of occupancy issued: 360 NEPTUNE AVE, Brooklyn","year":2017,"effective_date":"2017-01-03","date_precision":"day","category":"built_environment","lens":"built_environment","confidence":"documented","source_ids":["bs8b-p36w"],"explanation":"Certificate of occupancy Temporary for job 320785316 at 360 NEPTUNE AVE."},"geometry":{"type":"Point","coordinates":[-73.966074,40.580651]}},{"type":"Feature","id":"nyc_certificate_occupancy_320832480","properties":{"city_id":"nyc","event_id":"nyc_certificate_occupancy_320832480","title":"Certificate of occupancy issued: 2347 EAST 72 STREET, Brooklyn","year":2017,"effective_date":"2017-01-03","date_precision":"day","category":"built_environment","lens":"built_environment","confidence":"documented","source_ids":["bs8b-p36w"],"explanation":"Certificate of occupancy Final for job 320832480 at 2347 EAST 72 STREET."},"geometry":{"type":"Point","coordinates":[-73.902222,40.616258]}},{"type":"Feature","id":"nyc_certificate_occupancy_321053364","properties":{"city_id":"nyc","event_id":"nyc_certificate_occupancy_321053364","title":"Certificate of occupancy issued: 225 47 STREET, Brooklyn","year":2017,"effective_date":"2017-01-03","date_precision":"day","category":"built_environment","lens":"built_environment","confidence":"documented","source_ids":["bs8b-p36w"],"explanation":"Certificate of occupancy Temporary for job 321053364 at 225 47 STREET."},"geometry":{"type":"Point","coordinates":[-74.014469,40.650356]}},{"type":"Feature","id":"nyc_certificate_occupancy_321308722","properties":{"city_id":"nyc","event_id":"nyc_certificate_occupancy_321308722","title":"Certificate of occupancy issued: 200 SCHOLES STREET, Brooklyn","year":2017,"effective_date":"2017-01-03","date_precision":"day","category":"built_environment","lens":"built_environment","confidence":"documented","source_ids":["bs8b-p36w"],"explanation":"Certificate of occupancy Final for job 321308722 at 200 SCHOLES STREET."},"geometry":{"type":"Point","coordinates":[-73.941128,40.708995]}},{"type":"Feature","id":"nyc_certificate_occupancy_401293783","properties":{"city_id":"nyc","event_id":"nyc_certificate_occupancy_401293783","title":"Certificate of occupancy issued: 164-47 NADAL PLACE, Queens","year":2017,"effective_date":"2017-01-03","date_precision":"day","category":"built_environment","lens":"built_environment","confidence":"documented","source_ids":["bs8b-p36w"],"explanation":"Certificate of occupancy Final for job 401293783 at 164-47 NADAL PLACE."},"geometry":{"type":"Point","coordinates":[-73.786629,40.694087]}},{"type":"Feature","id":"nyc_certificate_occupancy_401586360","properties":{"city_id":"nyc","event_id":"nyc_certificate_occupancy_401586360","title":"Certificate of occupancy issued: 447 BEACH 46 STREET, Queens","year":2017,"effective_date":"2017-01-03","date_precision":"day","category":"built_environment","lens":"built_environment","confidence":"documented","source_ids":["bs8b-p36w"],"explanation":"Certificate of occupancy Final for job 401586360 at 447 BEACH 46 STREET."},"geometry":{"type":"Point","coordinates":[-73.777559,40.596761]}},{"type":"Feature","id":"nyc_certificate_occupancy_401857790","properties":{"city_id":"nyc","event_id":"nyc_certificate_occupancy_401857790","title":"Certificate of occupancy issued: 21-17 42 STREET, Queens","year":2017,"effective_date":"2017-01-03","date_precision":"day","category":"built_environment","lens":"built_environment","confidence":"documented","source_ids":["bs8b-p36w"],"explanation":"Certificate of occupancy Final for job 401857790 at 21-17 42 STREET."},"geometry":{"type":"Point","coordinates":[-73.902963,40.773178]}},{"type":"Feature","id":"nyc_certificate_occupancy_410075270","properties":{"city_id":"nyc","event_id":"nyc_certificate_occupancy_410075270","title":"Certificate of occupancy issued: 41-18 43RD STREET, Queens","year":2017,"effective_date":"2017-01-03","date_precision":"day","category":"built_environment","lens":"built_environment","confidence":"documented","source_ids":["bs8b-p36w"],"explanation":"Certificate of occupancy Temporary for job 410075270 at 41-18 43RD STREET."},"geometry":{"type":"Point","coordinates":[-73.920862,40.746622]}},{"type":"Feature","id":"nyc_certificate_occupancy_420519709","properties":{"city_id":"nyc","event_id":"nyc_certificate_occupancy_420519709","title":"Certificate of occupancy issued: 48-40 34TH STREET, Queens","year":2017,"effective_date":"2017-01-03","date_precision":"day","category":"built_environment","lens":"built_environment","confidence":"documented","source_ids":["bs8b-p36w"],"explanation":"Certificate of occupancy Temporary for job 420519709 at 48-40 34TH STREET."},"geometry":{"type":"Point","coordinates":[-73.931613,40.740316]}},{"type":"Feature","id":"nyc_certificate_occupancy_420595038","properties":{"city_id":"nyc","event_id":"nyc_certificate_occupancy_420595038","title":"Certificate of occupancy issued: 61-27 186 ST, Queens","year":2017,"effective_date":"2017-01-03","date_precision":"day","category":"built_environment","lens":"built_environment","confidence":"documented","source_ids":["bs8b-p36w"],"explanation":"Certificate of occupancy Temporary for job 420595038 at 61-27 186 ST."},"geometry":{"type":"Point","coordinates":[-73.788243,40.739881]}},{"type":"Feature","id":"nyc_certificate_occupancy_420631383","properties":{"city_id":"nyc","event_id":"nyc_certificate_occupancy_420631383","title":"Certificate of occupancy issued: 136-21 LATIMER PLACE, Queens","year":2017,"effective_date":"2017-01-03","date_precision":"day","category":"built_environment","lens":"built_environment","confidence":"documented","source_ids":["bs8b-p36w"],"explanation":"Certificate of occupancy Temporary for job 420631383 at 136-21 LATIMER PLACE."},"geometry":{"type":"Point","coordinates":[-73.831067,40.766664]}},{"type":"Feature","id":"nyc_certificate_occupancy_420888757","properties":{"city_id":"nyc","event_id":"nyc_certificate_occupancy_420888757","title":"Certificate of occupancy issued: 53-36 211 ST., Queens","year":2017,"effective_date":"2017-01-03","date_precision":"day","category":"built_environment","lens":"built_environment","confidence":"documented","source_ids":["bs8b-p36w"],"explanation":"Certificate of occupancy Final for job 420888757 at 53-36 211 ST.."},"geometry":{"type":"Point","coordinates":[-73.76796,40.750813]}},{"type":"Feature","id":"nyc_certificate_occupancy_420902125","properties":{"city_id":"nyc","event_id":"nyc_certificate_occupancy_420902125","title":"Certificate of occupancy issued: 112-28 69TH AVE, Queens","year":2017,"effective_date":"2017-01-03","date_precision":"day","category":"built_environment","lens":"built_environment","confidence":"documented","source_ids":["bs8b-p36w"],"explanation":"Certificate of occupancy Final for job 420902125 at 112-28 69TH AVE."},"geometry":{"type":"Point","coordinates":[-73.840698,40.726387]}},{"type":"Feature","id":"nyc_certificate_occupancy_420939818","properties":{"city_id":"nyc","event_id":"nyc_certificate_occupancy_420939818","title":"Certificate of occupancy issued: 146-13 NORTHERN BLVD, Queens","year":2017,"effective_date":"2017-01-03","date_precision":"day","category":"built_environment","lens":"built_environment","confidence":"documented","source_ids":["bs8b-p36w"],"explanation":"Certificate of occupancy Temporary for job 420939818 at 146-13 NORTHERN BLVD."},"geometry":{"type":"Point","coordinates":[-73.820378,40.765034]}},{"type":"Feature","id":"nyc_certificate_occupancy_420965735","properties":{"city_id":"nyc","event_id":"nyc_certificate_occupancy_420965735","title":"Certificate of occupancy issued: 156-07 SANFORD AVENUE, Queens","year":2017,"effective_date":"2017-01-03","date_precision":"day","category":"built_environment","lens":"built_environment","confidence":"documented","source_ids":["bs8b-p36w"],"explanation":"Certificate of occupancy Final for job 420965735 at 156-07 SANFORD AVENUE."},"geometry":{"type":"Point","coordinates":[-73.809332,40.761275]}},{"type":"Feature","id":"nyc_certificate_occupancy_421009571","properties":{"city_id":"nyc","event_id":"nyc_certificate_occupancy_421009571","title":"Certificate of occupancy issued: 136 BEACH 134TH STREET, Queens","year":2017,"effective_date":"2017-01-03","date_precision":"day","category":"built_environment","lens":"built_environment","confidence":"documented","source_ids":["bs8b-p36w"],"explanation":"Certificate of occupancy Final for job 421009571 at 136 BEACH 134TH STREET."},"geometry":{"type":"Point","coordinates":[-73.851286,40.573127]}},{"type":"Feature","id":"nyc_certificate_occupancy_421059721","properties":{"city_id":"nyc","event_id":"nyc_certificate_occupancy_421059721","title":"Certificate of occupancy issued: 37-20 PRINCE ST, Queens","year":2017,"effective_date":"2017-01-03","date_precision":"day","category":"built_environment","lens":"built_environment","confidence":"documented","source_ids":["bs8b-p36w"],"explanation":"Certificate of occupancy Temporary for job 421059721 at 37-20 PRINCE ST."},"geometry":{"type":"Point","coordinates":[-73.832772,40.760441]}},{"type":"Feature","id":"nyc_certificate_occupancy_421061166","properties":{"city_id":"nyc","event_id":"nyc_certificate_occupancy_421061166","title":"Certificate of occupancy issued: 55-30 58 STREET, Queens","year":2017,"effective_date":"2017-01-03","date_precision":"day","category":"built_environment","lens":"built_environment","confidence":"documented","source_ids":["bs8b-p36w"],"explanation":"Certificate of occupancy Temporary for job 421061166 at 55-30 58 STREET."},"geometry":{"type":"Point","coordinates":[-73.912144,40.726903]}},{"type":"Feature","id":"nyc_certificate_occupancy_421065563","properties":{"city_id":"nyc","event_id":"nyc_certificate_occupancy_421065563","title":"Certificate of occupancy issued: 155-14 ROOSEVELT AVE, Queens","year":2017,"effective_date":"2017-01-03","date_precision":"day","category":"built_environment","lens":"built_environment","confidence":"documented","source_ids":["bs8b-p36w"],"explanation":"Certificate of occupancy Temporary for job 421065563 at 155-14 ROOSEVELT AVE."},"geometry":{"type":"Point","coordinates":[-73.809483,40.764028]}},{"type":"Feature","id":"nyc_certificate_occupancy_421089379","properties":{"city_id":"nyc","event_id":"nyc_certificate_occupancy_421089379","title":"Certificate of occupancy issued: 92-45 175 STREET, Queens","year":2017,"effective_date":"2017-01-03","date_precision":"day","category":"built_environment","lens":"built_environment","confidence":"documented","source_ids":["bs8b-p36w"],"explanation":"Certificate of occupancy Final for job 421089379 at 92-45 175 STREET."},"geometry":{"type":"Point","coordinates":[-73.785469,40.707158]}},{"type":"Feature","id":"nyc_certificate_occupancy_421143729","properties":{"city_id":"nyc","event_id":"nyc_certificate_occupancy_421143729","title":"Certificate of occupancy issued: 21-48 41 STREET, Queens","year":2017,"effective_date":"2017-01-03","date_precision":"day","category":"built_environment","lens":"built_environment","confidence":"documented","source_ids":["bs8b-p36w"],"explanation":"Certificate of occupancy Final for job 421143729 at 21-48 41 STREET."},"geometry":{"type":"Point","coordinates":[-73.904208,40.773272]}},{"type":"Feature","id":"nyc_certificate_occupancy_421169363","properties":{"city_id":"nyc","event_id":"nyc_certificate_occupancy_421169363","title":"Certificate of occupancy issued: 36-36 33RD STREET, Queens","year":2017,"effective_date":"2017-01-03","date_precision":"day","category":"built_environment","lens":"built_environment","confidence":"documented","source_ids":["bs8b-p36w"],"explanation":"Certificate of occupancy Temporary for job 421169363 at 36-36 33RD STREET."},"geometry":{"type":"Point","coordinates":[-73.928728,40.755141]}},{"type":"Feature","id":"nyc_certificate_occupancy_421204404","properties":{"city_id":"nyc","event_id":"nyc_certificate_occupancy_421204404","title":"Certificate of occupancy issued: 130-18 LIBERTY AVENUE, Queens","year":2017,"effective_date":"2017-01-03","date_precision":"day","category":"built_environment","lens":"built_environment","confidence":"documented","source_ids":["bs8b-p36w"],"explanation":"Certificate of occupancy Final for job 421204404 at 130-18 LIBERTY AVENUE."},"geometry":{"type":"Point","coordinates":[-73.815335,40.689718]}},{"type":"Feature","id":"nyc_certificate_occupancy_421216375","properties":{"city_id":"nyc","event_id":"nyc_certificate_occupancy_421216375","title":"Certificate of occupancy issued: 220-01 MERRICK BOULEVARD, Queens","year":2017,"effective_date":"2017-01-03","date_precision":"day","category":"built_environment","lens":"built_environment","confidence":"documented","source_ids":["bs8b-p36w"],"explanation":"Certificate of occupancy Temporary for job 421216375 at 220-01 MERRICK BOULEVARD."},"geometry":{"type":"Point","coordinates":[-73.748962,40.678926]}},{"type":"Feature","id":"nyc_certificate_occupancy_500254137","properties":{"city_id":"nyc","event_id":"nyc_certificate_occupancy_500254137","title":"Certificate of occupancy issued: 1000J RICHMOND TERRACE, Staten Island","year":2017,"effective_date":"2017-01-03","date_precision":"day","category":"built_environment","lens":"built_environment","confidence":"documented","source_ids":["bs8b-p36w"],"explanation":"Certificate of occupancy Temporary for job 500254137 at 1000J RICHMOND TERRACE."},"geometry":{"type":"Point","coordinates":[-74.104674,40.645232]}},{"type":"Feature","id":"nyc_certificate_occupancy_520053780","properties":{"city_id":"nyc","event_id":"nyc_certificate_occupancy_520053780","title":"Certificate of occupancy issued: 1000Z RICHMOND TERRACE, Staten Island","year":2017,"effective_date":"2017-01-03","date_precision":"day","category":"built_environment","lens":"built_environment","confidence":"documented","source_ids":["bs8b-p36w"],"explanation":"Certificate of occupancy Temporary for job 520053780 at 1000Z RICHMOND TERRACE."},"geometry":{"type":"Point","coordinates":[-74.104674,40.645232]}},{"type":"Feature","id":"nyc_certificate_occupancy_520148894","properties":{"city_id":"nyc","event_id":"nyc_certificate_occupancy_520148894","title":"Certificate of occupancy issued: 641 YETMAN AVENUE, Staten Island","year":2017,"effective_date":"2017-01-03","date_precision":"day","category":"built_environment","lens":"built_environment","confidence":"documented","source_ids":["bs8b-p36w"],"explanation":"Certificate of occupancy Final for job 520148894 at 641 YETMAN AVENUE."},"geometry":{"type":"Point","coordinates":[-74.240135,40.500512]}},{"type":"Feature","id":"nyc_certificate_occupancy_520193193","properties":{"city_id":"nyc","event_id":"nyc_certificate_occupancy_520193193","title":"Certificate of occupancy issued: 146 RIDGE AVENUE, Staten Island","year":2017,"effective_date":"2017-01-03","date_precision":"day","category":"built_environment","lens":"built_environment","confidence":"documented","source_ids":["bs8b-p36w"],"explanation":"Certificate of occupancy Final for job 520193193 at 146 RIDGE AVENUE."},"geometry":{"type":"Point","coordinates":[-74.100114,40.59836]}},{"type":"Feature","id":"nyc_certificate_occupancy_520198731","properties":{"city_id":"nyc","event_id":"nyc_certificate_occupancy_520198731","title":"Certificate of occupancy issued: 22 ACADEMY PLACE, Staten Island","year":2017,"effective_date":"2017-01-03","date_precision":"day","category":"built_environment","lens":"built_environment","confidence":"documented","source_ids":["bs8b-p36w"],"explanation":"Certificate of occupancy Temporary for job 520198731 at 22 ACADEMY PLACE."},"geometry":{"type":"Point","coordinates":[-74.079092,40.644627]}},{"type":"Feature","id":"nyc_certificate_occupancy_520219521","properties":{"city_id":"nyc","event_id":"nyc_certificate_occupancy_520219521","title":"Certificate of occupancy issued: 86 LIVINGSTON AVENUE, Staten Island","year":2017,"effective_date":"2017-01-03","date_precision":"day","category":"built_environment","lens":"built_environment","confidence":"documented","source_ids":["bs8b-p36w"],"explanation":"Certificate of occupancy Final for job 520219521 at 86 LIVINGSTON AVENUE."},"geometry":{"type":"Point","coordinates":[-74.12878,40.603561]}},{"type":"Feature","id":"nyc_collision_crash_3589949","properties":{"city_id":"nyc","event_id":"nyc_collision_crash_3589949","title":"Motor vehicle collision: 150 ESSEX STREET","year":2017,"effective_date":"2017-01-01","date_precision":"day","category":"transport","lens":"traffic","confidence":"documented","source_ids":["h9gi-nx95"],"explanation":"Crash 3589949 at 1:30; injured=0, killed=0; factor=Driver Inattention/Distraction."},"geometry":{"type":"Point","coordinates":[-73.98716,40.720573]}},{"type":"Feature","id":"nyc_collision_crash_3589950","properties":{"city_id":"nyc","event_id":"nyc_collision_crash_3589950","title":"Motor vehicle collision: 59-48 161 STREET","year":2017,"effective_date":"2017-01-01","date_precision":"day","category":"transport","lens":"traffic","confidence":"documented","source_ids":["h9gi-nx95"],"explanation":"Crash 3589950 at 1:00; injured=0, killed=0; factor=Following Too Closely."},"geometry":{"type":"Point","coordinates":[-73.807465,40.73966]}},{"type":"Feature","id":"nyc_collision_crash_3589962","properties":{"city_id":"nyc","event_id":"nyc_collision_crash_3589962","title":"Motor vehicle collision: BERGEN STREET","year":2017,"effective_date":"2017-01-01","date_precision":"day","category":"transport","lens":"traffic","confidence":"documented","source_ids":["h9gi-nx95"],"explanation":"Crash 3589962 at 0:30; injured=0, killed=0; factor=Pavement Defective."},"geometry":{"type":"Point","coordinates":[-73.983955,40.68418]}},{"type":"Feature","id":"nyc_collision_crash_3589972","properties":{"city_id":"nyc","event_id":"nyc_collision_crash_3589972","title":"Motor vehicle collision: WOODHAVEN BOULEVARD","year":2017,"effective_date":"2017-01-01","date_precision":"day","category":"transport","lens":"traffic","confidence":"documented","source_ids":["h9gi-nx95"],"explanation":"Crash 3589972 at 1:50; injured=0, killed=0; factor=Unspecified."},"geometry":{"type":"Point","coordinates":[-73.84495,40.68231]}},{"type":"Feature","id":"nyc_collision_crash_3589981","properties":{"city_id":"nyc","event_id":"nyc_collision_crash_3589981","title":"Motor vehicle collision: CHRYSTIE STREET","year":2017,"effective_date":"2017-01-01","date_precision":"day","category":"transport","lens":"traffic","confidence":"documented","source_ids":["h9gi-nx95"],"explanation":"Crash 3589981 at 2:15; injured=1, killed=0; factor=Failure to Yield Right-of-Way."},"geometry":{"type":"Point","coordinates":[-73.99381,40.717987]}},{"type":"Feature","id":"nyc_collision_crash_3589982","properties":{"city_id":"nyc","event_id":"nyc_collision_crash_3589982","title":"Motor vehicle collision: CANAL STREET","year":2017,"effective_date":"2017-01-01","date_precision":"day","category":"transport","lens":"traffic","confidence":"documented","source_ids":["h9gi-nx95"],"explanation":"Crash 3589982 at 3:10; injured=0, killed=0; factor=Driver Inattention/Distraction."},"geometry":{"type":"Point","coordinates":[-73.99932,40.71755]}},{"type":"Feature","id":"nyc_collision_crash_3589986","properties":{"city_id":"nyc","event_id":"nyc_collision_crash_3589986","title":"Motor vehicle collision: VANDUZER STREET","year":2017,"effective_date":"2017-01-01","date_precision":"day","category":"transport","lens":"traffic","confidence":"documented","source_ids":["h9gi-nx95"],"explanation":"Crash 3589986 at 0:55; injured=1, killed=0; factor=Driver Inattention/Distraction."},"geometry":{"type":"Point","coordinates":[-74.087425,40.61593]}},{"type":"Feature","id":"nyc_collision_crash_3590020","properties":{"city_id":"nyc","event_id":"nyc_collision_crash_3590020","title":"Motor vehicle collision: WESTCHESTER AVENUE","year":2017,"effective_date":"2017-01-01","date_precision":"day","category":"transport","lens":"traffic","confidence":"documented","source_ids":["h9gi-nx95"],"explanation":"Crash 3590020 at 6:45; injured=2, killed=0; factor=Driver Inattention/Distraction."},"geometry":{"type":"Point","coordinates":[-73.86547,40.83213]}},{"type":"Feature","id":"nyc_collision_crash_3590027","properties":{"city_id":"nyc","event_id":"nyc_collision_crash_3590027","title":"Motor vehicle collision: SOUTH CONDUIT AVENUE","year":2017,"effective_date":"2017-01-01","date_precision":"day","category":"transport","lens":"traffic","confidence":"documented","source_ids":["h9gi-nx95"],"explanation":"Crash 3590027 at 2:15; injured=0, killed=1; factor=Unsafe Speed."},"geometry":{"type":"Point","coordinates":[-73.779945,40.66675]}},{"type":"Feature","id":"nyc_collision_crash_3590055","properties":{"city_id":"nyc","event_id":"nyc_collision_crash_3590055","title":"Motor vehicle collision: 4 AVENUE","year":2017,"effective_date":"2017-01-01","date_precision":"day","category":"transport","lens":"traffic","confidence":"documented","source_ids":["h9gi-nx95"],"explanation":"Crash 3590055 at 3:35; injured=0, killed=0; factor=Unsafe Lane Changing."},"geometry":{"type":"Point","coordinates":[-74.022484,40.63695]}},{"type":"Feature","id":"nyc_collision_crash_3590056","properties":{"city_id":"nyc","event_id":"nyc_collision_crash_3590056","title":"Motor vehicle collision: 65 AVENUE","year":2017,"effective_date":"2017-01-01","date_precision":"day","category":"transport","lens":"traffic","confidence":"documented","source_ids":["h9gi-nx95"],"explanation":"Crash 3590056 at 11:00; injured=0, killed=0; factor=Unspecified."},"geometry":{"type":"Point","coordinates":[-73.85114,40.73095]}},{"type":"Feature","id":"nyc_collision_crash_3590062","properties":{"city_id":"nyc","event_id":"nyc_collision_crash_3590062","title":"Motor vehicle collision: BELT PARKWAY","year":2017,"effective_date":"2017-01-01","date_precision":"day","category":"transport","lens":"traffic","confidence":"documented","source_ids":["h9gi-nx95"],"explanation":"Crash 3590062 at 8:00; injured=0, killed=0; factor=Driver Inattention/Distraction."},"geometry":{"type":"Point","coordinates":[-73.761,40.666233]}},{"type":"Feature","id":"nyc_collision_crash_3590073","properties":{"city_id":"nyc","event_id":"nyc_collision_crash_3590073","title":"Motor vehicle collision: NEW ENGLAND THRUWAY","year":2017,"effective_date":"2017-01-01","date_precision":"day","category":"transport","lens":"traffic","confidence":"documented","source_ids":["h9gi-nx95"],"explanation":"Crash 3590073 at 5:50; injured=1, killed=0; factor=Driver Inattention/Distraction."},"geometry":{"type":"Point","coordinates":[-73.80574,40.885868]}},{"type":"Feature","id":"nyc_collision_crash_3590121","properties":{"city_id":"nyc","event_id":"nyc_collision_crash_3590121","title":"Motor vehicle collision: PITMAN AVENUE","year":2017,"effective_date":"2017-01-01","date_precision":"day","category":"transport","lens":"traffic","confidence":"documented","source_ids":["h9gi-nx95"],"explanation":"Crash 3590121 at 13:40; injured=1, killed=0; factor=Driver Inattention/Distraction."},"geometry":{"type":"Point","coordinates":[-73.84511,40.896687]}},{"type":"Feature","id":"nyc_collision_crash_3590127","properties":{"city_id":"nyc","event_id":"nyc_collision_crash_3590127","title":"Motor vehicle collision: LURTING AVENUE","year":2017,"effective_date":"2017-01-01","date_precision":"day","category":"transport","lens":"traffic","confidence":"documented","source_ids":["h9gi-nx95"],"explanation":"Crash 3590127 at 11:45; injured=0, killed=0; factor=Driver Inattention/Distraction."},"geometry":{"type":"Point","coordinates":[-73.85656,40.87303]}},{"type":"Feature","id":"nyc_collision_crash_3590128","properties":{"city_id":"nyc","event_id":"nyc_collision_crash_3590128","title":"Motor vehicle collision: EAST 228 STREET","year":2017,"effective_date":"2017-01-01","date_precision":"day","category":"transport","lens":"traffic","confidence":"documented","source_ids":["h9gi-nx95"],"explanation":"Crash 3590128 at 0:45; injured=0, killed=0; factor=Driver Inattention/Distraction."},"geometry":{"type":"Point","coordinates":[-73.85642,40.889008]}},{"type":"Feature","id":"nyc_collision_crash_3590156","properties":{"city_id":"nyc","event_id":"nyc_collision_crash_3590156","title":"Motor vehicle collision: 35 AVENUE","year":2017,"effective_date":"2017-01-01","date_precision":"day","category":"transport","lens":"traffic","confidence":"documented","source_ids":["h9gi-nx95"],"explanation":"Crash 3590156 at 13:30; injured=0, killed=0; factor=View Obstructed/Limited."},"geometry":{"type":"Point","coordinates":[-73.8197,40.766308]}},{"type":"Feature","id":"nyc_collision_crash_3590157","properties":{"city_id":"nyc","event_id":"nyc_collision_crash_3590157","title":"Motor vehicle collision: LATIMER PLACE","year":2017,"effective_date":"2017-01-01","date_precision":"day","category":"transport","lens":"traffic","confidence":"documented","source_ids":["h9gi-nx95"],"explanation":"Crash 3590157 at 13:45; injured=0, killed=0; factor=Passing or Lane Usage Improper."},"geometry":{"type":"Point","coordinates":[-73.83145,40.76657]}},{"type":"Feature","id":"nyc_collision_crash_3590164","properties":{"city_id":"nyc","event_id":"nyc_collision_crash_3590164","title":"Motor vehicle collision: EMPIRE BOULEVARD","year":2017,"effective_date":"2017-01-01","date_precision":"day","category":"transport","lens":"traffic","confidence":"documented","source_ids":["h9gi-nx95"],"explanation":"Crash 3590164 at 8:30; injured=0, killed=0; factor=Unspecified."},"geometry":{"type":"Point","coordinates":[-73.934395,40.663605]}},{"type":"Feature","id":"nyc_collision_crash_3590173","properties":{"city_id":"nyc","event_id":"nyc_collision_crash_3590173","title":"Motor vehicle collision: EAST 44 STREET","year":2017,"effective_date":"2017-01-01","date_precision":"day","category":"transport","lens":"traffic","confidence":"documented","source_ids":["h9gi-nx95"],"explanation":"Crash 3590173 at 11:01; injured=0, killed=0; factor=Driver Inattention/Distraction."},"geometry":{"type":"Point","coordinates":[-73.97127,40.75112]}},{"type":"Feature","id":"nyc_collision_crash_3590177","properties":{"city_id":"nyc","event_id":"nyc_collision_crash_3590177","title":"Motor vehicle collision: 218-21 105 AVENUE","year":2017,"effective_date":"2017-01-01","date_precision":"day","category":"transport","lens":"traffic","confidence":"documented","source_ids":["h9gi-nx95"],"explanation":"Crash 3590177 at 8:40; injured=0, killed=0; factor=Unspecified."},"geometry":{"type":"Point","coordinates":[-73.73882,40.711994]}},{"type":"Feature","id":"nyc_collision_crash_3590179","properties":{"city_id":"nyc","event_id":"nyc_collision_crash_3590179","title":"Motor vehicle collision: 94-80 SPRINGFIELD BOULEVARD","year":2017,"effective_date":"2017-01-01","date_precision":"day","category":"transport","lens":"traffic","confidence":"documented","source_ids":["h9gi-nx95"],"explanation":"Crash 3590179 at 14:00; injured=0, killed=0; factor=Unspecified."},"geometry":{"type":"Point","coordinates":[-73.73551,40.719276]}},{"type":"Feature","id":"nyc_collision_crash_3590180","properties":{"city_id":"nyc","event_id":"nyc_collision_crash_3590180","title":"Motor vehicle collision: HUXLEY STREET","year":2017,"effective_date":"2017-01-01","date_precision":"day","category":"transport","lens":"traffic","confidence":"documented","source_ids":["h9gi-nx95"],"explanation":"Crash 3590180 at 14:50; injured=0, killed=0; factor=Driver Inattention/Distraction."},"geometry":{"type":"Point","coordinates":[-73.73979,40.654526]}},{"type":"Feature","id":"nyc_collision_crash_3590183","properties":{"city_id":"nyc","event_id":"nyc_collision_crash_3590183","title":"Motor vehicle collision: MERRICK BOULEVARD","year":2017,"effective_date":"2017-01-01","date_precision":"day","category":"transport","lens":"traffic","confidence":"documented","source_ids":["h9gi-nx95"],"explanation":"Crash 3590183 at 4:20; injured=0, killed=0; factor=Driver Inattention/Distraction."},"geometry":{"type":"Point","coordinates":[-73.76162,40.679737]}},{"type":"Feature","id":"nyc_collision_crash_3590185","properties":{"city_id":"nyc","event_id":"nyc_collision_crash_3590185","title":"Motor vehicle collision: 110 AVENUE","year":2017,"effective_date":"2017-01-01","date_precision":"day","category":"transport","lens":"traffic","confidence":"documented","source_ids":["h9gi-nx95"],"explanation":"Crash 3590185 at 8:00; injured=0, killed=0; factor=Driver Inattention/Distraction."},"geometry":{"type":"Point","coordinates":[-73.78894,40.693394]}},{"type":"Feature","id":"nyc_collision_crash_3590196","properties":{"city_id":"nyc","event_id":"nyc_collision_crash_3590196","title":"Motor vehicle collision: NEW ENGLAND THRUWAY","year":2017,"effective_date":"2017-01-01","date_precision":"day","category":"transport","lens":"traffic","confidence":"documented","source_ids":["h9gi-nx95"],"explanation":"Crash 3590196 at 14:30; injured=0, killed=0; factor=Unsafe Lane Changing."},"geometry":{"type":"Point","coordinates":[-73.82813,40.86062]}},{"type":"Feature","id":"nyc_collision_crash_3590224","properties":{"city_id":"nyc","event_id":"nyc_collision_crash_3590224","title":"Motor vehicle collision: BROOKLYN QUEENS EXPRESSWAY","year":2017,"effective_date":"2017-01-01","date_precision":"day","category":"transport","lens":"traffic","confidence":"documented","source_ids":["h9gi-nx95"],"explanation":"Crash 3590224 at 1:40; injured=0, killed=0; factor=Following Too Closely."},"geometry":{"type":"Point","coordinates":[-73.940414,40.722496]}},{"type":"Feature","id":"nyc_collision_crash_3590232","properties":{"city_id":"nyc","event_id":"nyc_collision_crash_3590232","title":"Motor vehicle collision: BELT PARKWAY","year":2017,"effective_date":"2017-01-01","date_precision":"day","category":"transport","lens":"traffic","confidence":"documented","source_ids":["h9gi-nx95"],"explanation":"Crash 3590232 at 14:50; injured=0, killed=0; factor=Following Too Closely."},"geometry":{"type":"Point","coordinates":[-73.87652,40.64254]}},{"type":"Feature","id":"nyc_collision_crash_3590244","properties":{"city_id":"nyc","event_id":"nyc_collision_crash_3590244","title":"Motor vehicle collision: NORTH 4 STREET","year":2017,"effective_date":"2017-01-01","date_precision":"day","category":"transport","lens":"traffic","confidence":"documented","source_ids":["h9gi-nx95"],"explanation":"Crash 3590244 at 11:00; injured=0, killed=0; factor=Unspecified."},"geometry":{"type":"Point","coordinates":[-73.95952,40.71617]}},{"type":"Feature","id":"nyc_collision_crash_3590246","properties":{"city_id":"nyc","event_id":"nyc_collision_crash_3590246","title":"Motor vehicle collision: CROSS ISLAND PARKWAY","year":2017,"effective_date":"2017-01-01","date_precision":"day","category":"transport","lens":"traffic","confidence":"documented","source_ids":["h9gi-nx95"],"explanation":"Crash 3590246 at 20:00; injured=0, killed=0; factor=Following Too Closely."},"geometry":{"type":"Point","coordinates":[-73.744286,40.753788]}},{"type":"Feature","id":"nyc_collision_crash_3590263","properties":{"city_id":"nyc","event_id":"nyc_collision_crash_3590263","title":"Motor vehicle collision: ROCKAWAY PARKWAY","year":2017,"effective_date":"2017-01-01","date_precision":"day","category":"transport","lens":"traffic","confidence":"documented","source_ids":["h9gi-nx95"],"explanation":"Crash 3590263 at 1:44; injured=0, killed=0; factor=Driver Inattention/Distraction."},"geometry":{"type":"Point","coordinates":[-73.91648,40.65785]}},{"type":"Feature","id":"nyc_collision_crash_3590267","properties":{"city_id":"nyc","event_id":"nyc_collision_crash_3590267","title":"Motor vehicle collision: AVENUE D","year":2017,"effective_date":"2017-01-01","date_precision":"day","category":"transport","lens":"traffic","confidence":"documented","source_ids":["h9gi-nx95"],"explanation":"Crash 3590267 at 19:00; injured=2, killed=0; factor=Driver Inattention/Distraction."},"geometry":{"type":"Point","coordinates":[-73.94814,40.640976]}},{"type":"Feature","id":"nyc_collision_crash_3590270","properties":{"city_id":"nyc","event_id":"nyc_collision_crash_3590270","title":"Motor vehicle collision: 145 DRIVE","year":2017,"effective_date":"2017-01-01","date_precision":"day","category":"transport","lens":"traffic","confidence":"documented","source_ids":["h9gi-nx95"],"explanation":"Crash 3590270 at 15:30; injured=0, killed=0; factor=Failure to Yield Right-of-Way."},"geometry":{"type":"Point","coordinates":[-73.76383,40.663364]}},{"type":"Feature","id":"nyc_collision_crash_3590289","properties":{"city_id":"nyc","event_id":"nyc_collision_crash_3590289","title":"Motor vehicle collision: GRAND CONCOURSE","year":2017,"effective_date":"2017-01-01","date_precision":"day","category":"transport","lens":"traffic","confidence":"documented","source_ids":["h9gi-nx95"],"explanation":"Crash 3590289 at 2:56; injured=0, killed=0; factor=Other Vehicular."},"geometry":{"type":"Point","coordinates":[-73.884476,40.879314]}},{"type":"Feature","id":"nyc_collision_crash_3590290","properties":{"city_id":"nyc","event_id":"nyc_collision_crash_3590290","title":"Motor vehicle collision: 148-15 LIBERTY AVENUE","year":2017,"effective_date":"2017-01-01","date_precision":"day","category":"transport","lens":"traffic","confidence":"documented","source_ids":["h9gi-nx95"],"explanation":"Crash 3590290 at 17:25; injured=0, killed=0; factor=Passing Too Closely."},"geometry":{"type":"Point","coordinates":[-73.803406,40.697083]}},{"type":"Feature","id":"nyc_collision_crash_3590295","properties":{"city_id":"nyc","event_id":"nyc_collision_crash_3590295","title":"Motor vehicle collision: INTERVALE AVENUE","year":2017,"effective_date":"2017-01-01","date_precision":"day","category":"transport","lens":"traffic","confidence":"documented","source_ids":["h9gi-nx95"],"explanation":"Crash 3590295 at 19:40; injured=3, killed=0; factor=Unspecified."},"geometry":{"type":"Point","coordinates":[-73.89609,40.81889]}},{"type":"Feature","id":"nyc_collision_crash_3590296","properties":{"city_id":"nyc","event_id":"nyc_collision_crash_3590296","title":"Motor vehicle collision: 112 STREET","year":2017,"effective_date":"2017-01-01","date_precision":"day","category":"transport","lens":"traffic","confidence":"documented","source_ids":["h9gi-nx95"],"explanation":"Crash 3590296 at 16:00; injured=0, killed=0; factor=Steering Failure."},"geometry":{"type":"Point","coordinates":[-73.839676,40.723637]}},{"type":"Feature","id":"nyc_collision_crash_3590301","properties":{"city_id":"nyc","event_id":"nyc_collision_crash_3590301","title":"Motor vehicle collision: BRINKERHOFF AVENUE","year":2017,"effective_date":"2017-01-01","date_precision":"day","category":"transport","lens":"traffic","confidence":"documented","source_ids":["h9gi-nx95"],"explanation":"Crash 3590301 at 6:30; injured=2, killed=0; factor=View Obstructed/Limited."},"geometry":{"type":"Point","coordinates":[-73.7668,40.704006]}},{"type":"Feature","id":"nyc_collision_crash_3590307","properties":{"city_id":"nyc","event_id":"nyc_collision_crash_3590307","title":"Motor vehicle collision: 153 STREET","year":2017,"effective_date":"2017-01-01","date_precision":"day","category":"transport","lens":"traffic","confidence":"documented","source_ids":["h9gi-nx95"],"explanation":"Crash 3590307 at 4:00; injured=0, killed=0; factor=Unspecified."},"geometry":{"type":"Point","coordinates":[-73.799904,40.694984]}},{"type":"Feature","id":"nyc_collision_crash_3590314","properties":{"city_id":"nyc","event_id":"nyc_collision_crash_3590314","title":"Motor vehicle collision: PEARL STREET","year":2017,"effective_date":"2017-01-01","date_precision":"day","category":"transport","lens":"traffic","confidence":"documented","source_ids":["h9gi-nx95"],"explanation":"Crash 3590314 at 14:00; injured=0, killed=0; factor=Driver Inattention/Distraction."},"geometry":{"type":"Point","coordinates":[-74.001144,40.710175]}},{"type":"Feature","id":"nyc_collision_crash_3590324","properties":{"city_id":"nyc","event_id":"nyc_collision_crash_3590324","title":"Motor vehicle collision: 487 CARLTON AVENUE","year":2017,"effective_date":"2017-01-01","date_precision":"day","category":"transport","lens":"traffic","confidence":"documented","source_ids":["h9gi-nx95"],"explanation":"Crash 3590324 at 19:49; injured=0, killed=0; factor=Unspecified."},"geometry":{"type":"Point","coordinates":[-73.9709,40.683395]}},{"type":"Feature","id":"nyc_collision_crash_3590334","properties":{"city_id":"nyc","event_id":"nyc_collision_crash_3590334","title":"Motor vehicle collision: HYLAN BOULEVARD","year":2017,"effective_date":"2017-01-01","date_precision":"day","category":"transport","lens":"traffic","confidence":"documented","source_ids":["h9gi-nx95"],"explanation":"Crash 3590334 at 19:28; injured=0, killed=0; factor=Following Too Closely."},"geometry":{"type":"Point","coordinates":[-74.096176,40.583042]}},{"type":"Feature","id":"nyc_collision_crash_3590346","properties":{"city_id":"nyc","event_id":"nyc_collision_crash_3590346","title":"Motor vehicle collision: CROSS ISLAND PARKWAY","year":2017,"effective_date":"2017-01-01","date_precision":"day","category":"transport","lens":"traffic","confidence":"documented","source_ids":["h9gi-nx95"],"explanation":"Crash 3590346 at 23:00; injured=0, killed=0; factor=Unsafe Speed."},"geometry":{"type":"Point","coordinates":[-73.72845,40.71143]}},{"type":"Feature","id":"nyc_collision_crash_3590348","properties":{"city_id":"nyc","event_id":"nyc_collision_crash_3590348","title":"Motor vehicle collision: 86 STREET","year":2017,"effective_date":"2017-01-01","date_precision":"day","category":"transport","lens":"traffic","confidence":"documented","source_ids":["h9gi-nx95"],"explanation":"Crash 3590348 at 5:00; injured=1, killed=0; factor=Driver Inattention/Distraction."},"geometry":{"type":"Point","coordinates":[-73.99087,40.600136]}},{"type":"Feature","id":"nyc_collision_crash_3590349","properties":{"city_id":"nyc","event_id":"nyc_collision_crash_3590349","title":"Motor vehicle collision: 1702 WEST 7 STREET","year":2017,"effective_date":"2017-01-01","date_precision":"day","category":"transport","lens":"traffic","confidence":"documented","source_ids":["h9gi-nx95"],"explanation":"Crash 3590349 at 11:00; injured=0, killed=0; factor=Following Too Closely."},"geometry":{"type":"Point","coordinates":[-73.98029,40.60569]}},{"type":"Feature","id":"nyc_collision_crash_3590351","properties":{"city_id":"nyc","event_id":"nyc_collision_crash_3590351","title":"Motor vehicle collision: 65 STREET","year":2017,"effective_date":"2017-01-01","date_precision":"day","category":"transport","lens":"traffic","confidence":"documented","source_ids":["h9gi-nx95"],"explanation":"Crash 3590351 at 20:05; injured=0, killed=0; factor=Unspecified."},"geometry":{"type":"Point","coordinates":[-73.98367,40.615185]}},{"type":"Feature","id":"nyc_collision_crash_3590352","properties":{"city_id":"nyc","event_id":"nyc_collision_crash_3590352","title":"Motor vehicle collision: BAY PARKWAY","year":2017,"effective_date":"2017-01-01","date_precision":"day","category":"transport","lens":"traffic","confidence":"documented","source_ids":["h9gi-nx95"],"explanation":"Crash 3590352 at 23:00; injured=0, killed=0; factor=Reaction to Uninvolved Vehicle."},"geometry":{"type":"Point","coordinates":[-74.00026,40.59575]}},{"type":"Feature","id":"nyc_collision_crash_3590360","properties":{"city_id":"nyc","event_id":"nyc_collision_crash_3590360","title":"Motor vehicle collision: KISSENA BOULEVARD","year":2017,"effective_date":"2017-01-01","date_precision":"day","category":"transport","lens":"traffic","confidence":"documented","source_ids":["h9gi-nx95"],"explanation":"Crash 3590360 at 15:40; injured=0, killed=0; factor=Passing Too Closely."},"geometry":{"type":"Point","coordinates":[-73.817116,40.74876]}},{"type":"Feature","id":"nyc_collision_crash_3590379","properties":{"city_id":"nyc","event_id":"nyc_collision_crash_3590379","title":"Motor vehicle collision: 3 AVENUE","year":2017,"effective_date":"2017-01-01","date_precision":"day","category":"transport","lens":"traffic","confidence":"documented","source_ids":["h9gi-nx95"],"explanation":"Crash 3590379 at 5:40; injured=0, killed=0; factor=Traffic Control Disregarded."},"geometry":{"type":"Point","coordinates":[-74.00537,40.656708]}},{"type":"Feature","id":"nyc_collision_crash_3590380","properties":{"city_id":"nyc","event_id":"nyc_collision_crash_3590380","title":"Motor vehicle collision: 4 AVENUE","year":2017,"effective_date":"2017-01-01","date_precision":"day","category":"transport","lens":"traffic","confidence":"documented","source_ids":["h9gi-nx95"],"explanation":"Crash 3590380 at 4:39; injured=1, killed=0; factor=Driver Inattention/Distraction."},"geometry":{"type":"Point","coordinates":[-74.00618,40.65263]}},{"type":"Feature","id":"nyc_collision_crash_3590381","properties":{"city_id":"nyc","event_id":"nyc_collision_crash_3590381","title":"Motor vehicle collision: 1157 FOREST AVENUE","year":2017,"effective_date":"2017-01-01","date_precision":"day","category":"transport","lens":"traffic","confidence":"documented","source_ids":["h9gi-nx95"],"explanation":"Crash 3590381 at 17:37; injured=0, killed=0; factor=Unspecified."},"geometry":{"type":"Point","coordinates":[-74.12854,40.626644]}},{"type":"Feature","id":"nyc_collision_crash_3590391","properties":{"city_id":"nyc","event_id":"nyc_collision_crash_3590391","title":"Motor vehicle collision: BROOKLYN QUEENS EXPRESSWAY","year":2017,"effective_date":"2017-01-01","date_precision":"day","category":"transport","lens":"traffic","confidence":"documented","source_ids":["h9gi-nx95"],"explanation":"Crash 3590391 at 23:49; injured=0, killed=0; factor=Following Too Closely."},"geometry":{"type":"Point","coordinates":[-73.90109,40.739143]}},{"type":"Feature","id":"nyc_collision_crash_3590395","properties":{"city_id":"nyc","event_id":"nyc_collision_crash_3590395","title":"Motor vehicle collision: BELT PARKWAY","year":2017,"effective_date":"2017-01-01","date_precision":"day","category":"transport","lens":"traffic","confidence":"documented","source_ids":["h9gi-nx95"],"explanation":"Crash 3590395 at 21:15; injured=0, killed=0; factor=Following Too Closely."},"geometry":{"type":"Point","coordinates":[-73.83481,40.66632]}},{"type":"Feature","id":"nyc_collision_crash_3590410","properties":{"city_id":"nyc","event_id":"nyc_collision_crash_3590410","title":"Motor vehicle collision: SUTPHIN BOULEVARD","year":2017,"effective_date":"2017-01-01","date_precision":"day","category":"transport","lens":"traffic","confidence":"documented","source_ids":["h9gi-nx95"],"explanation":"Crash 3590410 at 14:30; injured=0, killed=0; factor=Driver Inattention/Distraction."},"geometry":{"type":"Point","coordinates":[-73.79259,40.683388]}},{"type":"Feature","id":"nyc_collision_crash_3590421","properties":{"city_id":"nyc","event_id":"nyc_collision_crash_3590421","title":"Motor vehicle collision: 190 MAIN STREET","year":2017,"effective_date":"2017-01-01","date_precision":"day","category":"transport","lens":"traffic","confidence":"documented","source_ids":["h9gi-nx95"],"explanation":"Crash 3590421 at 16:00; injured=0, killed=0; factor=Unspecified."},"geometry":{"type":"Point","coordinates":[-74.24817,40.510387]}},{"type":"Feature","id":"nyc_collision_crash_3590424","properties":{"city_id":"nyc","event_id":"nyc_collision_crash_3590424","title":"Motor vehicle collision: WEBSTER AVENUE","year":2017,"effective_date":"2017-01-01","date_precision":"day","category":"transport","lens":"traffic","confidence":"documented","source_ids":["h9gi-nx95"],"explanation":"Crash 3590424 at 3:50; injured=0, killed=0; factor=Driver Inattention/Distraction."},"geometry":{"type":"Point","coordinates":[-73.90247,40.84497]}},{"type":"Feature","id":"nyc_collision_crash_3590430","properties":{"city_id":"nyc","event_id":"nyc_collision_crash_3590430","title":"Motor vehicle collision: WOODBINE STREET","year":2017,"effective_date":"2017-01-01","date_precision":"day","category":"transport","lens":"traffic","confidence":"documented","source_ids":["h9gi-nx95"],"explanation":"Crash 3590430 at 0:00; injured=0, killed=0; factor=Unspecified."},"geometry":{"type":"Point","coordinates":[-73.90921,40.70017]}},{"type":"Feature","id":"nyc_collision_crash_3590432","properties":{"city_id":"nyc","event_id":"nyc_collision_crash_3590432","title":"Motor vehicle collision: PARK AVENUE","year":2017,"effective_date":"2017-01-01","date_precision":"day","category":"transport","lens":"traffic","confidence":"documented","source_ids":["h9gi-nx95"],"explanation":"Crash 3590432 at 3:11; injured=0, killed=0; factor=Other Vehicular."},"geometry":{"type":"Point","coordinates":[-73.979965,40.748985]}},{"type":"Feature","id":"nyc_collision_crash_3590436","properties":{"city_id":"nyc","event_id":"nyc_collision_crash_3590436","title":"Motor vehicle collision: 59-14 PALMETTO STREET","year":2017,"effective_date":"2017-01-01","date_precision":"day","category":"transport","lens":"traffic","confidence":"documented","source_ids":["h9gi-nx95"],"explanation":"Crash 3590436 at 1:00; injured=0, killed=0; factor=Unspecified."},"geometry":{"type":"Point","coordinates":[-73.90267,40.707268]}},{"type":"Feature","id":"nyc_collision_crash_3590440","properties":{"city_id":"nyc","event_id":"nyc_collision_crash_3590440","title":"Motor vehicle collision: 15 AVENUE","year":2017,"effective_date":"2017-01-01","date_precision":"day","category":"transport","lens":"traffic","confidence":"documented","source_ids":["h9gi-nx95"],"explanation":"Crash 3590440 at 15:15; injured=0, killed=0; factor=Driver Inattention/Distraction."},"geometry":{"type":"Point","coordinates":[-73.981895,40.637966]}},{"type":"Feature","id":"nyc_collision_crash_3590445","properties":{"city_id":"nyc","event_id":"nyc_collision_crash_3590445","title":"Motor vehicle collision: 59-36 59 ROAD","year":2017,"effective_date":"2017-01-01","date_precision":"day","category":"transport","lens":"traffic","confidence":"documented","source_ids":["h9gi-nx95"],"explanation":"Crash 3590445 at 9:00; injured=0, killed=0; factor=Unspecified."},"geometry":{"type":"Point","coordinates":[-73.906876,40.71799]}},{"type":"Feature","id":"nyc_collision_crash_3590448","properties":{"city_id":"nyc","event_id":"nyc_collision_crash_3590448","title":"Motor vehicle collision: 71-50 69 PLACE","year":2017,"effective_date":"2017-01-01","date_precision":"day","category":"transport","lens":"traffic","confidence":"documented","source_ids":["h9gi-nx95"],"explanation":"Crash 3590448 at 12:34; injured=0, killed=0; factor=Unspecified."},"geometry":{"type":"Point","coordinates":[-73.88241,40.70303]}},{"type":"Feature","id":"nyc_collision_crash_3590455","properties":{"city_id":"nyc","event_id":"nyc_collision_crash_3590455","title":"Motor vehicle collision: BELT PARKWAY","year":2017,"effective_date":"2017-01-01","date_precision":"day","category":"transport","lens":"traffic","confidence":"documented","source_ids":["h9gi-nx95"],"explanation":"Crash 3590455 at 12:50; injured=4, killed=0; factor=Unsafe Speed."},"geometry":{"type":"Point","coordinates":[-73.8169,40.665478]}},{"type":"Feature","id":"nyc_collision_crash_3590457","properties":{"city_id":"nyc","event_id":"nyc_collision_crash_3590457","title":"Motor vehicle collision: 87-47 MYRTLE AVENUE","year":2017,"effective_date":"2017-01-01","date_precision":"day","category":"transport","lens":"traffic","confidence":"documented","source_ids":["h9gi-nx95"],"explanation":"Crash 3590457 at 3:30; injured=0, killed=0; factor=Driver Inattention/Distraction."},"geometry":{"type":"Point","coordinates":[-73.859795,40.7031]}},{"type":"Feature","id":"nyc_collision_crash_3590458","properties":{"city_id":"nyc","event_id":"nyc_collision_crash_3590458","title":"Motor vehicle collision: EAST 22 STREET","year":2017,"effective_date":"2017-01-01","date_precision":"day","category":"transport","lens":"traffic","confidence":"documented","source_ids":["h9gi-nx95"],"explanation":"Crash 3590458 at 14:15; injured=0, killed=0; factor=Unspecified."},"geometry":{"type":"Point","coordinates":[-73.95033,40.60424]}},{"type":"Feature","id":"nyc_collision_crash_3590469","properties":{"city_id":"nyc","event_id":"nyc_collision_crash_3590469","title":"Motor vehicle collision: FLATBUSH AVENUE","year":2017,"effective_date":"2017-01-01","date_precision":"day","category":"transport","lens":"traffic","confidence":"documented","source_ids":["h9gi-nx95"],"explanation":"Crash 3590469 at 6:00; injured=0, killed=0; factor=Unspecified."},"geometry":{"type":"Point","coordinates":[-73.97584,40.681835]}},{"type":"Feature","id":"nyc_collision_crash_3590473","properties":{"city_id":"nyc","event_id":"nyc_collision_crash_3590473","title":"Motor vehicle collision: 311 11 STREET","year":2017,"effective_date":"2017-01-01","date_precision":"day","category":"transport","lens":"traffic","confidence":"documented","source_ids":["h9gi-nx95"],"explanation":"Crash 3590473 at 17:32; injured=1, killed=0; factor=unknown."},"geometry":{"type":"Point","coordinates":[-73.988,40.668316]}},{"type":"Feature","id":"nyc_collision_crash_3590480","properties":{"city_id":"nyc","event_id":"nyc_collision_crash_3590480","title":"Motor vehicle collision: 85-49 110 STREET","year":2017,"effective_date":"2017-01-01","date_precision":"day","category":"transport","lens":"traffic","confidence":"documented","source_ids":["h9gi-nx95"],"explanation":"Crash 3590480 at 19:55; injured=1, killed=0; factor=Other Vehicular."},"geometry":{"type":"Point","coordinates":[-73.83934,40.699272]}},{"type":"Feature","id":"nyc_collision_crash_3590546","properties":{"city_id":"nyc","event_id":"nyc_collision_crash_3590546","title":"Motor vehicle collision: 48 WEST 37 STREET","year":2017,"effective_date":"2017-01-01","date_precision":"day","category":"transport","lens":"traffic","confidence":"documented","source_ids":["h9gi-nx95"],"explanation":"Crash 3590546 at 17:15; injured=0, killed=0; factor=Backing Unsafely."},"geometry":{"type":"Point","coordinates":[-73.98475,40.75099]}},{"type":"Feature","id":"nyc_collision_crash_3590560","properties":{"city_id":"nyc","event_id":"nyc_collision_crash_3590560","title":"Motor vehicle collision: WORTMAN AVENUE","year":2017,"effective_date":"2017-01-01","date_precision":"day","category":"transport","lens":"traffic","confidence":"documented","source_ids":["h9gi-nx95"],"explanation":"Crash 3590560 at 6:30; injured=0, killed=0; factor=Reaction to Uninvolved Vehicle."},"geometry":{"type":"Point","coordinates":[-73.87202,40.662514]}},{"type":"Feature","id":"nyc_collision_crash_3590577","properties":{"city_id":"nyc","event_id":"nyc_collision_crash_3590577","title":"Motor vehicle collision: 60 HEMLOCK STREET","year":2017,"effective_date":"2017-01-01","date_precision":"day","category":"transport","lens":"traffic","confidence":"documented","source_ids":["h9gi-nx95"],"explanation":"Crash 3590577 at 7:00; injured=0, killed=0; factor=Passing Too Closely."},"geometry":{"type":"Point","coordinates":[-73.87229,40.688534]}},{"type":"Feature","id":"nyc_collision_crash_3590578","properties":{"city_id":"nyc","event_id":"nyc_collision_crash_3590578","title":"Motor vehicle collision: CLEVELAND STREET","year":2017,"effective_date":"2017-01-01","date_precision":"day","category":"transport","lens":"traffic","confidence":"documented","source_ids":["h9gi-nx95"],"explanation":"Crash 3590578 at 7:39; injured=0, killed=0; factor=Unsafe Speed."},"geometry":{"type":"Point","coordinates":[-73.88319,40.669563]}},{"type":"Feature","id":"nyc_collision_crash_3590595","properties":{"city_id":"nyc","event_id":"nyc_collision_crash_3590595","title":"Motor vehicle collision: WOODHAVEN BOULEVARD","year":2017,"effective_date":"2017-01-01","date_precision":"day","category":"transport","lens":"traffic","confidence":"documented","source_ids":["h9gi-nx95"],"explanation":"Crash 3590595 at 2:00; injured=0, killed=0; factor=Driver Inattention/Distraction."},"geometry":{"type":"Point","coordinates":[-73.85457,40.700592]}},{"type":"Feature","id":"nyc_collision_crash_3590596","properties":{"city_id":"nyc","event_id":"nyc_collision_crash_3590596","title":"Motor vehicle collision: 101 AVENUE","year":2017,"effective_date":"2017-01-01","date_precision":"day","category":"transport","lens":"traffic","confidence":"documented","source_ids":["h9gi-nx95"],"explanation":"Crash 3590596 at 4:30; injured=0, killed=0; factor=Driver Inattention/Distraction."},"geometry":{"type":"Point","coordinates":[-73.84604,40.684258]}},{"type":"Feature","id":"nyc_collision_crash_3590621","properties":{"city_id":"nyc","event_id":"nyc_collision_crash_3590621","title":"Motor vehicle collision: 96 STREET","year":2017,"effective_date":"2017-01-01","date_precision":"day","category":"transport","lens":"traffic","confidence":"documented","source_ids":["h9gi-nx95"],"explanation":"Crash 3590621 at 11:20; injured=0, killed=0; factor=Passing Too Closely."},"geometry":{"type":"Point","coordinates":[-73.84744,40.68937]}},{"type":"Feature","id":"nyc_collision_crash_3590642","properties":{"city_id":"nyc","event_id":"nyc_collision_crash_3590642","title":"Motor vehicle collision: BUSHWICK AVENUE","year":2017,"effective_date":"2017-01-01","date_precision":"day","category":"transport","lens":"traffic","confidence":"documented","source_ids":["h9gi-nx95"],"explanation":"Crash 3590642 at 2:30; injured=0, killed=0; factor=Following Too Closely."},"geometry":{"type":"Point","coordinates":[-73.93185,40.697075]}},{"type":"Feature","id":"nyc_collision_crash_3590644","properties":{"city_id":"nyc","event_id":"nyc_collision_crash_3590644","title":"Motor vehicle collision: JACKIE ROBINSON PKWY","year":2017,"effective_date":"2017-01-01","date_precision":"day","category":"transport","lens":"traffic","confidence":"documented","source_ids":["h9gi-nx95"],"explanation":"Crash 3590644 at 0:40; injured=0, killed=0; factor=Outside Car Distraction."},"geometry":{"type":"Point","coordinates":[-73.89029,40.689686]}},{"type":"Feature","id":"nyc_collision_crash_3590691","properties":{"city_id":"nyc","event_id":"nyc_collision_crash_3590691","title":"Motor vehicle collision: EAST 61 STREET","year":2017,"effective_date":"2017-01-01","date_precision":"day","category":"transport","lens":"traffic","confidence":"documented","source_ids":["h9gi-nx95"],"explanation":"Crash 3590691 at 12:16; injured=0, killed=0; factor=Unspecified."},"geometry":{"type":"Point","coordinates":[-73.961075,40.760857]}},{"type":"Feature","id":"nyc_collision_crash_3590716","properties":{"city_id":"nyc","event_id":"nyc_collision_crash_3590716","title":"Motor vehicle collision: BROADWAY","year":2017,"effective_date":"2017-01-01","date_precision":"day","category":"transport","lens":"traffic","confidence":"documented","source_ids":["h9gi-nx95"],"explanation":"Crash 3590716 at 15:45; injured=0, killed=0; factor=Driver Inattention/Distraction."},"geometry":{"type":"Point","coordinates":[-74.00305,40.718025]}},{"type":"Feature","id":"nyc_collision_crash_3590717","properties":{"city_id":"nyc","event_id":"nyc_collision_crash_3590717","title":"Motor vehicle collision: 101 WEST 56 STREET","year":2017,"effective_date":"2017-01-01","date_precision":"day","category":"transport","lens":"traffic","confidence":"documented","source_ids":["h9gi-nx95"],"explanation":"Crash 3590717 at 22:00; injured=0, killed=0; factor=Failure to Yield Right-of-Way."},"geometry":{"type":"Point","coordinates":[-73.97812,40.763832]}},{"type":"Feature","id":"nyc_collision_crash_3590720","properties":{"city_id":"nyc","event_id":"nyc_collision_crash_3590720","title":"Motor vehicle collision: 85 LEONARD STREET","year":2017,"effective_date":"2017-01-01","date_precision":"day","category":"transport","lens":"traffic","confidence":"documented","source_ids":["h9gi-nx95"],"explanation":"Crash 3590720 at 2:00; injured=0, killed=0; factor=Passing or Lane Usage Improper."},"geometry":{"type":"Point","coordinates":[-74.0048,40.71723]}},{"type":"Feature","id":"nyc_collision_crash_3590730","properties":{"city_id":"nyc","event_id":"nyc_collision_crash_3590730","title":"Motor vehicle collision: CROSS BRONX EXPY","year":2017,"effective_date":"2017-01-01","date_precision":"day","category":"transport","lens":"traffic","confidence":"documented","source_ids":["h9gi-nx95"],"explanation":"Crash 3590730 at 9:00; injured=1, killed=0; factor=Alcohol Involvement."},"geometry":{"type":"Point","coordinates":[-73.90348,40.844604]}},{"type":"Feature","id":"nyc_collision_crash_3590749","properties":{"city_id":"nyc","event_id":"nyc_collision_crash_3590749","title":"Motor vehicle collision: 27 STREET","year":2017,"effective_date":"2017-01-01","date_precision":"day","category":"transport","lens":"traffic","confidence":"documented","source_ids":["h9gi-nx95"],"explanation":"Crash 3590749 at 2:45; injured=1, killed=0; factor=Failure to Yield Right-of-Way."},"geometry":{"type":"Point","coordinates":[-73.91084,40.779633]}},{"type":"Feature","id":"nyc_collision_crash_3590752","properties":{"city_id":"nyc","event_id":"nyc_collision_crash_3590752","title":"Motor vehicle collision: 31 STREET","year":2017,"effective_date":"2017-01-01","date_precision":"day","category":"transport","lens":"traffic","confidence":"documented","source_ids":["h9gi-nx95"],"explanation":"Crash 3590752 at 0:49; injured=0, killed=0; factor=Alcohol Involvement."},"geometry":{"type":"Point","coordinates":[-73.91771,40.77039]}},{"type":"Feature","id":"nyc_collision_crash_3590760","properties":{"city_id":"nyc","event_id":"nyc_collision_crash_3590760","title":"Motor vehicle collision: LEXINGTON AVENUE","year":2017,"effective_date":"2017-01-01","date_precision":"day","category":"transport","lens":"traffic","confidence":"documented","source_ids":["h9gi-nx95"],"explanation":"Crash 3590760 at 3:48; injured=0, killed=0; factor=Unspecified."},"geometry":{"type":"Point","coordinates":[-73.952805,40.783306]}},{"type":"Feature","id":"nyc_collision_crash_3590784","properties":{"city_id":"nyc","event_id":"nyc_collision_crash_3590784","title":"Motor vehicle collision: 83 STREET","year":2017,"effective_date":"2017-01-01","date_precision":"day","category":"transport","lens":"traffic","confidence":"documented","source_ids":["h9gi-nx95"],"explanation":"Crash 3590784 at 4:57; injured=1, killed=0; factor=Driver Inattention/Distraction."},"geometry":{"type":"Point","coordinates":[-73.88376,40.751884]}},{"type":"Feature","id":"nyc_collision_crash_3590790","properties":{"city_id":"nyc","event_id":"nyc_collision_crash_3590790","title":"Motor vehicle collision: 107 STREET","year":2017,"effective_date":"2017-01-01","date_precision":"day","category":"transport","lens":"traffic","confidence":"documented","source_ids":["h9gi-nx95"],"explanation":"Crash 3590790 at 14:20; injured=1, killed=0; factor=Driver Inattention/Distraction."},"geometry":{"type":"Point","coordinates":[-73.86122,40.753933]}},{"type":"Feature","id":"nyc_collision_crash_3590801","properties":{"city_id":"nyc","event_id":"nyc_collision_crash_3590801","title":"Motor vehicle collision: 7204 COLONIAL ROAD","year":2017,"effective_date":"2017-01-01","date_precision":"day","category":"transport","lens":"traffic","confidence":"documented","source_ids":["h9gi-nx95"],"explanation":"Crash 3590801 at 13:25; injured=0, killed=0; factor=Turning Improperly."},"geometry":{"type":"Point","coordinates":[-74.03239,40.634674]}},{"type":"Feature","id":"nyc_collision_crash_3590804","properties":{"city_id":"nyc","event_id":"nyc_collision_crash_3590804","title":"Motor vehicle collision: 10 AVENUE","year":2017,"effective_date":"2017-01-01","date_precision":"day","category":"transport","lens":"traffic","confidence":"documented","source_ids":["h9gi-nx95"],"explanation":"Crash 3590804 at 13:43; injured=0, killed=0; factor=View Obstructed/Limited."},"geometry":{"type":"Point","coordinates":[-74.01283,40.625454]}},{"type":"Feature","id":"nyc_collision_crash_3590808","properties":{"city_id":"nyc","event_id":"nyc_collision_crash_3590808","title":"Motor vehicle collision: 134 82 STREET","year":2017,"effective_date":"2017-01-01","date_precision":"day","category":"transport","lens":"traffic","confidence":"documented","source_ids":["h9gi-nx95"],"explanation":"Crash 3590808 at 19:00; injured=0, killed=0; factor=Unspecified."},"geometry":{"type":"Point","coordinates":[-74.03455,40.627472]}},{"type":"Feature","id":"nyc_collision_crash_3590824","properties":{"city_id":"nyc","event_id":"nyc_collision_crash_3590824","title":"Motor vehicle collision: WEST 133 STREET","year":2017,"effective_date":"2017-01-01","date_precision":"day","category":"transport","lens":"traffic","confidence":"documented","source_ids":["h9gi-nx95"],"explanation":"Crash 3590824 at 6:15; injured=1, killed=0; factor=Alcohol Involvement."},"geometry":{"type":"Point","coordinates":[-73.95319,40.817593]}},{"type":"Feature","id":"nyc_collision_crash_3590840","properties":{"city_id":"nyc","event_id":"nyc_collision_crash_3590840","title":"Motor vehicle collision: 440 WEST 202 STREET","year":2017,"effective_date":"2017-01-01","date_precision":"day","category":"transport","lens":"traffic","confidence":"documented","source_ids":["h9gi-nx95"],"explanation":"Crash 3590840 at 21:30; injured=0, killed=0; factor=Passing or Lane Usage Improper."},"geometry":{"type":"Point","coordinates":[-73.9202,40.860863]}},{"type":"Feature","id":"nyc_collision_crash_3590841","properties":{"city_id":"nyc","event_id":"nyc_collision_crash_3590841","title":"Motor vehicle collision: 78 SHERMAN AVENUE","year":2017,"effective_date":"2017-01-01","date_precision":"day","category":"transport","lens":"traffic","confidence":"documented","source_ids":["h9gi-nx95"],"explanation":"Crash 3590841 at 14:00; injured=0, killed=0; factor=Backing Unsafely."},"geometry":{"type":"Point","coordinates":[-73.926445,40.863422]}},{"type":"Feature","id":"nyc_collision_crash_3590861","properties":{"city_id":"nyc","event_id":"nyc_collision_crash_3590861","title":"Motor vehicle collision: 101-32 102 STREET","year":2017,"effective_date":"2017-01-01","date_precision":"day","category":"transport","lens":"traffic","confidence":"documented","source_ids":["h9gi-nx95"],"explanation":"Crash 3590861 at 17:30; injured=0, killed=0; factor=Driver Inattention/Distraction."},"geometry":{"type":"Point","coordinates":[-73.84062,40.68541]}},{"type":"Feature","id":"nyc_collision_crash_3590913","properties":{"city_id":"nyc","event_id":"nyc_collision_crash_3590913","title":"Motor vehicle collision: 365 7 AVENUE","year":2017,"effective_date":"2017-01-01","date_precision":"day","category":"transport","lens":"traffic","confidence":"documented","source_ids":["h9gi-nx95"],"explanation":"Crash 3590913 at 18:00; injured=0, killed=0; factor=Driver Inattention/Distraction."},"geometry":{"type":"Point","coordinates":[-73.99232,40.748657]}},{"type":"Feature","id":"nyc_collision_crash_3590923","properties":{"city_id":"nyc","event_id":"nyc_collision_crash_3590923","title":"Motor vehicle collision: WEST 125 STREET","year":2017,"effective_date":"2017-01-01","date_precision":"day","category":"transport","lens":"traffic","confidence":"documented","source_ids":["h9gi-nx95"],"explanation":"Crash 3590923 at 16:15; injured=1, killed=0; factor=Driver Inattention/Distraction."},"geometry":{"type":"Point","coordinates":[-73.94549,40.80777]}},{"type":"Feature","id":"nyc_collision_crash_3590935","properties":{"city_id":"nyc","event_id":"nyc_collision_crash_3590935","title":"Motor vehicle collision: MORRIS AVENUE","year":2017,"effective_date":"2017-01-01","date_precision":"day","category":"transport","lens":"traffic","confidence":"documented","source_ids":["h9gi-nx95"],"explanation":"Crash 3590935 at 8:30; injured=0, killed=0; factor=Driver Inattention/Distraction."},"geometry":{"type":"Point","coordinates":[-73.90754,40.851006]}},{"type":"Feature","id":"nyc_collision_crash_3590936","properties":{"city_id":"nyc","event_id":"nyc_collision_crash_3590936","title":"Motor vehicle collision: CEDAR AVENUE","year":2017,"effective_date":"2017-01-01","date_precision":"day","category":"transport","lens":"traffic","confidence":"documented","source_ids":["h9gi-nx95"],"explanation":"Crash 3590936 at 11:10; injured=0, killed=0; factor=Unspecified."},"geometry":{"type":"Point","coordinates":[-73.92071,40.85214]}},{"type":"Feature","id":"nyc_collision_crash_3590941","properties":{"city_id":"nyc","event_id":"nyc_collision_crash_3590941","title":"Motor vehicle collision: JEROME AVENUE","year":2017,"effective_date":"2017-01-01","date_precision":"day","category":"transport","lens":"traffic","confidence":"documented","source_ids":["h9gi-nx95"],"explanation":"Crash 3590941 at 0:58; injured=0, killed=0; factor=Driver Inattention/Distraction."},"geometry":{"type":"Point","coordinates":[-73.91807,40.84036]}},{"type":"Feature","id":"nyc_collision_crash_3590942","properties":{"city_id":"nyc","event_id":"nyc_collision_crash_3590942","title":"Motor vehicle collision: NASSAU STREET","year":2017,"effective_date":"2017-01-01","date_precision":"day","category":"transport","lens":"traffic","confidence":"documented","source_ids":["h9gi-nx95"],"explanation":"Crash 3590942 at 16:30; injured=0, killed=0; factor=Unspecified."},"geometry":{"type":"Point","coordinates":[-73.98055,40.698246]}},{"type":"Feature","id":"nyc_collision_crash_3591055","properties":{"city_id":"nyc","event_id":"nyc_collision_crash_3591055","title":"Motor vehicle collision: 19 BRUNSWICK STREET","year":2017,"effective_date":"2017-01-01","date_precision":"day","category":"transport","lens":"traffic","confidence":"documented","source_ids":["h9gi-nx95"],"explanation":"Crash 3591055 at 17:21; injured=1, killed=0; factor=Driver Inattention/Distraction."},"geometry":{"type":"Point","coordinates":[-74.15796,40.584297]}},{"type":"Feature","id":"nyc_collision_crash_3591079","properties":{"city_id":"nyc","event_id":"nyc_collision_crash_3591079","title":"Motor vehicle collision: FDR DRIVE","year":2017,"effective_date":"2017-01-01","date_precision":"day","category":"transport","lens":"traffic","confidence":"documented","source_ids":["h9gi-nx95"],"explanation":"Crash 3591079 at 2:20; injured=0, killed=0; factor=Driver Inattention/Distraction."},"geometry":{"type":"Point","coordinates":[-73.97962,40.710976]}},{"type":"Feature","id":"nyc_collision_crash_3591086","properties":{"city_id":"nyc","event_id":"nyc_collision_crash_3591086","title":"Motor vehicle collision: 171 LUDLOW STREET","year":2017,"effective_date":"2017-01-01","date_precision":"day","category":"transport","lens":"traffic","confidence":"documented","source_ids":["h9gi-nx95"],"explanation":"Crash 3591086 at 10:00; injured=0, killed=0; factor=Driver Inattention/Distraction."},"geometry":{"type":"Point","coordinates":[-73.98752,40.721756]}},{"type":"Feature","id":"nyc_collision_crash_3591087","properties":{"city_id":"nyc","event_id":"nyc_collision_crash_3591087","title":"Motor vehicle collision: FDR DRIVE","year":2017,"effective_date":"2017-01-01","date_precision":"day","category":"transport","lens":"traffic","confidence":"documented","source_ids":["h9gi-nx95"],"explanation":"Crash 3591087 at 12:30; injured=0, killed=0; factor=Pavement Defective."},"geometry":{"type":"Point","coordinates":[-73.97807,40.71186]}},{"type":"Feature","id":"nyc_collision_crash_3591127","properties":{"city_id":"nyc","event_id":"nyc_collision_crash_3591127","title":"Motor vehicle collision: TRIBOROUGH BRIDGE","year":2017,"effective_date":"2017-01-01","date_precision":"day","category":"transport","lens":"traffic","confidence":"documented","source_ids":["h9gi-nx95"],"explanation":"Crash 3591127 at 15:34; injured=0, killed=0; factor=Unsafe Lane Changing."},"geometry":{"type":"Point","coordinates":[-73.921974,40.79537]}},{"type":"Feature","id":"nyc_collision_crash_3591133","properties":{"city_id":"nyc","event_id":"nyc_collision_crash_3591133","title":"Motor vehicle collision: JOHNSON AVENUE","year":2017,"effective_date":"2017-01-01","date_precision":"day","category":"transport","lens":"traffic","confidence":"documented","source_ids":["h9gi-nx95"],"explanation":"Crash 3591133 at 3:32; injured=3, killed=0; factor=Traffic Control Disregarded."},"geometry":{"type":"Point","coordinates":[-73.92249,40.70933]}},{"type":"Feature","id":"nyc_collision_crash_3591145","properties":{"city_id":"nyc","event_id":"nyc_collision_crash_3591145","title":"Motor vehicle collision: GLENWOOD ROAD","year":2017,"effective_date":"2017-01-01","date_precision":"day","category":"transport","lens":"traffic","confidence":"documented","source_ids":["h9gi-nx95"],"explanation":"Crash 3591145 at 23:55; injured=1, killed=0; factor=Unspecified."},"geometry":{"type":"Point","coordinates":[-73.92284,40.63554]}},{"type":"Feature","id":"nyc_collision_crash_3591146","properties":{"city_id":"nyc","event_id":"nyc_collision_crash_3591146","title":"Motor vehicle collision: AVENUE K","year":2017,"effective_date":"2017-01-01","date_precision":"day","category":"transport","lens":"traffic","confidence":"documented","source_ids":["h9gi-nx95"],"explanation":"Crash 3591146 at 0:45; injured=0, killed=0; factor=Unspecified."},"geometry":{"type":"Point","coordinates":[-73.94265,40.624798]}},{"type":"Feature","id":"nyc_collision_crash_3591177","properties":{"city_id":"nyc","event_id":"nyc_collision_crash_3591177","title":"Motor vehicle collision: EAST 17 STREET","year":2017,"effective_date":"2017-01-01","date_precision":"day","category":"transport","lens":"traffic","confidence":"documented","source_ids":["h9gi-nx95"],"explanation":"Crash 3591177 at 15:00; injured=0, killed=0; factor=Turning Improperly."},"geometry":{"type":"Point","coordinates":[-73.95452,40.599037]}},{"type":"Feature","id":"nyc_collision_crash_3591180","properties":{"city_id":"nyc","event_id":"nyc_collision_crash_3591180","title":"Motor vehicle collision: CONEY ISLAND AVENUE","year":2017,"effective_date":"2017-01-01","date_precision":"day","category":"transport","lens":"traffic","confidence":"documented","source_ids":["h9gi-nx95"],"explanation":"Crash 3591180 at 20:00; injured=0, killed=0; factor=Following Too Closely."},"geometry":{"type":"Point","coordinates":[-73.96119,40.598312]}},{"type":"Feature","id":"nyc_collision_crash_3591215","properties":{"city_id":"nyc","event_id":"nyc_collision_crash_3591215","title":"Motor vehicle collision: 58 COVERT STREET","year":2017,"effective_date":"2017-01-01","date_precision":"day","category":"transport","lens":"traffic","confidence":"documented","source_ids":["h9gi-nx95"],"explanation":"Crash 3591215 at 19:00; injured=0, killed=0; factor=Unspecified."},"geometry":{"type":"Point","coordinates":[-73.912,40.686615]}},{"type":"Feature","id":"nyc_collision_crash_3591220","properties":{"city_id":"nyc","event_id":"nyc_collision_crash_3591220","title":"Motor vehicle collision: 1 STREET","year":2017,"effective_date":"2017-01-01","date_precision":"day","category":"transport","lens":"traffic","confidence":"documented","source_ids":["h9gi-nx95"],"explanation":"Crash 3591220 at 1:20; injured=0, killed=0; factor=Alcohol Involvement."},"geometry":{"type":"Point","coordinates":[-73.982285,40.674]}},{"type":"Feature","id":"nyc_collision_crash_3591233","properties":{"city_id":"nyc","event_id":"nyc_collision_crash_3591233","title":"Motor vehicle collision: AVENUE OF THE AMERICAS","year":2017,"effective_date":"2017-01-01","date_precision":"day","category":"transport","lens":"traffic","confidence":"documented","source_ids":["h9gi-nx95"],"explanation":"Crash 3591233 at 2:39; injured=0, killed=0; factor=Unspecified."},"geometry":{"type":"Point","coordinates":[-73.98363,40.755516]}},{"type":"Feature","id":"nyc_collision_crash_3591244","properties":{"city_id":"nyc","event_id":"nyc_collision_crash_3591244","title":"Motor vehicle collision: 10 AVENUE","year":2017,"effective_date":"2017-01-01","date_precision":"day","category":"transport","lens":"traffic","confidence":"documented","source_ids":["h9gi-nx95"],"explanation":"Crash 3591244 at 4:10; injured=0, killed=0; factor=Alcohol Involvement."},"geometry":{"type":"Point","coordinates":[-73.91811,40.865593]}},{"type":"Feature","id":"nyc_collision_crash_3591308","properties":{"city_id":"nyc","event_id":"nyc_collision_crash_3591308","title":"Motor vehicle collision: OCEAN PARKWAY","year":2017,"effective_date":"2017-01-01","date_precision":"day","category":"transport","lens":"traffic","confidence":"documented","source_ids":["h9gi-nx95"],"explanation":"Crash 3591308 at 19:30; injured=1, killed=0; factor=Unspecified."},"geometry":{"type":"Point","coordinates":[-73.97157,40.629986]}},{"type":"Feature","id":"nyc_collision_crash_3591320","properties":{"city_id":"nyc","event_id":"nyc_collision_crash_3591320","title":"Motor vehicle collision: EAST 167 STREET","year":2017,"effective_date":"2017-01-01","date_precision":"day","category":"transport","lens":"traffic","confidence":"documented","source_ids":["h9gi-nx95"],"explanation":"Crash 3591320 at 19:15; injured=0, killed=0; factor=Unspecified."},"geometry":{"type":"Point","coordinates":[-73.890915,40.826786]}},{"type":"Feature","id":"nyc_collision_crash_3591324","properties":{"city_id":"nyc","event_id":"nyc_collision_crash_3591324","title":"Motor vehicle collision: BRUCKNER BOULEVARD","year":2017,"effective_date":"2017-01-01","date_precision":"day","category":"transport","lens":"traffic","confidence":"documented","source_ids":["h9gi-nx95"],"explanation":"Crash 3591324 at 20:47; injured=0, killed=0; factor=Unspecified."},"geometry":{"type":"Point","coordinates":[-73.89083,40.820305]}},{"type":"Feature","id":"nyc_collision_crash_3591349","properties":{"city_id":"nyc","event_id":"nyc_collision_crash_3591349","title":"Motor vehicle collision: WEST 35 STREET","year":2017,"effective_date":"2017-01-01","date_precision":"day","category":"transport","lens":"traffic","confidence":"documented","source_ids":["h9gi-nx95"],"explanation":"Crash 3591349 at 7:35; injured=0, killed=0; factor=Following Too Closely."},"geometry":{"type":"Point","coordinates":[-73.997116,40.754616]}},{"type":"Feature","id":"nyc_collision_crash_3591351","properties":{"city_id":"nyc","event_id":"nyc_collision_crash_3591351","title":"Motor vehicle collision: WEST 17 STREET","year":2017,"effective_date":"2017-01-01","date_precision":"day","category":"transport","lens":"traffic","confidence":"documented","source_ids":["h9gi-nx95"],"explanation":"Crash 3591351 at 16:00; injured=0, killed=0; factor=Turning Improperly."},"geometry":{"type":"Point","coordinates":[-73.99829,40.74047]}},{"type":"Feature","id":"nyc_collision_crash_3591352","properties":{"city_id":"nyc","event_id":"nyc_collision_crash_3591352","title":"Motor vehicle collision: WEST 42 STREET","year":2017,"effective_date":"2017-01-01","date_precision":"day","category":"transport","lens":"traffic","confidence":"documented","source_ids":["h9gi-nx95"],"explanation":"Crash 3591352 at 16:30; injured=0, killed=0; factor=Following Too Closely."},"geometry":{"type":"Point","coordinates":[-73.99832,40.760822]}},{"type":"Feature","id":"nyc_collision_crash_3591498","properties":{"city_id":"nyc","event_id":"nyc_collision_crash_3591498","title":"Motor vehicle collision: EAST 144 STREET","year":2017,"effective_date":"2017-01-01","date_precision":"day","category":"transport","lens":"traffic","confidence":"documented","source_ids":["h9gi-nx95"],"explanation":"Crash 3591498 at 2:00; injured=1, killed=0; factor=Passing Too Closely."},"geometry":{"type":"Point","coordinates":[-73.92822,40.816532]}},{"type":"Feature","id":"nyc_collision_crash_3591515","properties":{"city_id":"nyc","event_id":"nyc_collision_crash_3591515","title":"Motor vehicle collision: EAST 8 STREET","year":2017,"effective_date":"2017-01-01","date_precision":"day","category":"transport","lens":"traffic","confidence":"documented","source_ids":["h9gi-nx95"],"explanation":"Crash 3591515 at 21:40; injured=0, killed=0; factor=Driver Inattention/Distraction."},"geometry":{"type":"Point","coordinates":[-73.96667,40.617275]}},{"type":"Feature","id":"nyc_collision_crash_3591654","properties":{"city_id":"nyc","event_id":"nyc_collision_crash_3591654","title":"Motor vehicle collision: MC DONALD AVENUE","year":2017,"effective_date":"2017-01-01","date_precision":"day","category":"transport","lens":"traffic","confidence":"documented","source_ids":["h9gi-nx95"],"explanation":"Crash 3591654 at 16:46; injured=0, killed=0; factor=unknown."},"geometry":{"type":"Point","coordinates":[-73.972916,40.59931]}},{"type":"Feature","id":"nyc_collision_crash_3591787","properties":{"city_id":"nyc","event_id":"nyc_collision_crash_3591787","title":"Motor vehicle collision: BEVERLEY ROAD","year":2017,"effective_date":"2017-01-01","date_precision":"day","category":"transport","lens":"traffic","confidence":"documented","source_ids":["h9gi-nx95"],"explanation":"Crash 3591787 at 2:25; injured=0, killed=0; factor=Unspecified."},"geometry":{"type":"Point","coordinates":[-73.95803,40.64507]}},{"type":"Feature","id":"nyc_collision_crash_3591821","properties":{"city_id":"nyc","event_id":"nyc_collision_crash_3591821","title":"Motor vehicle collision: 83 STREET","year":2017,"effective_date":"2017-01-01","date_precision":"day","category":"transport","lens":"traffic","confidence":"documented","source_ids":["h9gi-nx95"],"explanation":"Crash 3591821 at 17:50; injured=1, killed=0; factor=Failure to Yield Right-of-Way."},"geometry":{"type":"Point","coordinates":[-73.99647,40.606327]}},{"type":"Feature","id":"nyc_collision_crash_3591953","properties":{"city_id":"nyc","event_id":"nyc_collision_crash_3591953","title":"Motor vehicle collision: WILLOUGHBY AVENUE","year":2017,"effective_date":"2017-01-01","date_precision":"day","category":"transport","lens":"traffic","confidence":"documented","source_ids":["h9gi-nx95"],"explanation":"Crash 3591953 at 2:45; injured=4, killed=0; factor=Unspecified."},"geometry":{"type":"Point","coordinates":[-73.94892,40.693905]}},{"type":"Feature","id":"nyc_collision_crash_3591992","properties":{"city_id":"nyc","event_id":"nyc_collision_crash_3591992","title":"Motor vehicle collision: EASTCHESTER ROAD","year":2017,"effective_date":"2017-01-01","date_precision":"day","category":"transport","lens":"traffic","confidence":"documented","source_ids":["h9gi-nx95"],"explanation":"Crash 3591992 at 3:23; injured=3, killed=0; factor=Traffic Control Disregarded."},"geometry":{"type":"Point","coordinates":[-73.84512,40.874714]}},{"type":"Feature","id":"nyc_collision_crash_3592060","properties":{"city_id":"nyc","event_id":"nyc_collision_crash_3592060","title":"Motor vehicle collision: 611 8 AVENUE","year":2017,"effective_date":"2017-01-01","date_precision":"day","category":"transport","lens":"traffic","confidence":"documented","source_ids":["h9gi-nx95"],"explanation":"Crash 3592060 at 16:40; injured=0, killed=0; factor=Driver Inattention/Distraction."},"geometry":{"type":"Point","coordinates":[-73.97782,40.66743]}},{"type":"Feature","id":"nyc_collision_crash_3592085","properties":{"city_id":"nyc","event_id":"nyc_collision_crash_3592085","title":"Motor vehicle collision: 31 STREET","year":2017,"effective_date":"2017-01-01","date_precision":"day","category":"transport","lens":"traffic","confidence":"documented","source_ids":["h9gi-nx95"],"explanation":"Crash 3592085 at 21:00; injured=0, killed=0; factor=Driver Inattention/Distraction."},"geometry":{"type":"Point","coordinates":[-73.93635,40.740337]}},{"type":"Feature","id":"nyc_collision_crash_3592113","properties":{"city_id":"nyc","event_id":"nyc_collision_crash_3592113","title":"Motor vehicle collision: JEROME AVENUE","year":2017,"effective_date":"2017-01-01","date_precision":"day","category":"transport","lens":"traffic","confidence":"documented","source_ids":["h9gi-nx95"],"explanation":"Crash 3592113 at 15:25; injured=0, killed=0; factor=Turning Improperly."},"geometry":{"type":"Point","coordinates":[-73.89741,40.867474]}},{"type":"Feature","id":"nyc_collision_crash_3592231","properties":{"city_id":"nyc","event_id":"nyc_collision_crash_3592231","title":"Motor vehicle collision: VERRAZANO BRIDGE LOWER","year":2017,"effective_date":"2017-01-01","date_precision":"day","category":"transport","lens":"traffic","confidence":"documented","source_ids":["h9gi-nx95"],"explanation":"Crash 3592231 at 18:00; injured=0, killed=0; factor=Unsafe Lane Changing."},"geometry":{"type":"Point","coordinates":[-74.038086,40.608757]}},{"type":"Feature","id":"nyc_collision_crash_3592253","properties":{"city_id":"nyc","event_id":"nyc_collision_crash_3592253","title":"Motor vehicle collision: AVENUE U","year":2017,"effective_date":"2017-01-01","date_precision":"day","category":"transport","lens":"traffic","confidence":"documented","source_ids":["h9gi-nx95"],"explanation":"Crash 3592253 at 20:17; injured=0, killed=0; factor=Unspecified."},"geometry":{"type":"Point","coordinates":[-73.95356,40.599144]}},{"type":"Feature","id":"nyc_collision_crash_3592263","properties":{"city_id":"nyc","event_id":"nyc_collision_crash_3592263","title":"Motor vehicle collision: JACKIE ROBINSON PKWY","year":2017,"effective_date":"2017-01-01","date_precision":"day","category":"transport","lens":"traffic","confidence":"documented","source_ids":["h9gi-nx95"],"explanation":"Crash 3592263 at 13:00; injured=0, killed=0; factor=Obstruction/Debris."},"geometry":{"type":"Point","coordinates":[-73.89714,40.67944]}},{"type":"Feature","id":"nyc_collision_crash_3592360","properties":{"city_id":"nyc","event_id":"nyc_collision_crash_3592360","title":"Motor vehicle collision: HORACE HARDING EXPRESSWAY","year":2017,"effective_date":"2017-01-01","date_precision":"day","category":"transport","lens":"traffic","confidence":"documented","source_ids":["h9gi-nx95"],"explanation":"Crash 3592360 at 0:00; injured=0, killed=0; factor=Driver Inattention/Distraction."},"geometry":{"type":"Point","coordinates":[-73.85887,40.73594]}},{"type":"Feature","id":"nyc_collision_crash_3592407","properties":{"city_id":"nyc","event_id":"nyc_collision_crash_3592407","title":"Motor vehicle collision: WEST SHORE EXPRESSWAY RAMP","year":2017,"effective_date":"2017-01-01","date_precision":"day","category":"transport","lens":"traffic","confidence":"documented","source_ids":["h9gi-nx95"],"explanation":"Crash 3592407 at 20:45; injured=0, killed=0; factor=Unsafe Speed."},"geometry":{"type":"Point","coordinates":[-74.194,40.590717]}},{"type":"Feature","id":"nyc_collision_crash_3592519","properties":{"city_id":"nyc","event_id":"nyc_collision_crash_3592519","title":"Motor vehicle collision: 216 ROCKAWAY PARKWAY","year":2017,"effective_date":"2017-01-01","date_precision":"day","category":"transport","lens":"traffic","confidence":"documented","source_ids":["h9gi-nx95"],"explanation":"Crash 3592519 at 14:40; injured=0, killed=0; factor=Unspecified."},"geometry":{"type":"Point","coordinates":[-73.920906,40.661804]}},{"type":"Feature","id":"nyc_collision_crash_3592536","properties":{"city_id":"nyc","event_id":"nyc_collision_crash_3592536","title":"Motor vehicle collision: PENNSYLVANIA AVENUE","year":2017,"effective_date":"2017-01-01","date_precision":"day","category":"transport","lens":"traffic","confidence":"documented","source_ids":["h9gi-nx95"],"explanation":"Crash 3592536 at 18:10; injured=1, killed=0; factor=Unspecified."},"geometry":{"type":"Point","coordinates":[-73.895546,40.670624]}},{"type":"Feature","id":"nyc_collision_crash_3592624","properties":{"city_id":"nyc","event_id":"nyc_collision_crash_3592624","title":"Motor vehicle collision: ADAMS STREET","year":2017,"effective_date":"2017-01-01","date_precision":"day","category":"transport","lens":"traffic","confidence":"documented","source_ids":["h9gi-nx95"],"explanation":"Crash 3592624 at 18:44; injured=0, killed=0; factor=Passing or Lane Usage Improper."},"geometry":{"type":"Point","coordinates":[-73.98869,40.696198]}},{"type":"Feature","id":"nyc_collision_crash_3592939","properties":{"city_id":"nyc","event_id":"nyc_collision_crash_3592939","title":"Motor vehicle collision: MC DONALD AVENUE","year":2017,"effective_date":"2017-01-01","date_precision":"day","category":"transport","lens":"traffic","confidence":"documented","source_ids":["h9gi-nx95"],"explanation":"Crash 3592939 at 12:10; injured=0, killed=0; factor=Driver Inattention/Distraction."},"geometry":{"type":"Point","coordinates":[-73.97324,40.596977]}},{"type":"Feature","id":"nyc_collision_crash_3592975","properties":{"city_id":"nyc","event_id":"nyc_collision_crash_3592975","title":"Motor vehicle collision: EAST 6 STREET","year":2017,"effective_date":"2017-01-01","date_precision":"day","category":"transport","lens":"traffic","confidence":"documented","source_ids":["h9gi-nx95"],"explanation":"Crash 3592975 at 0:00; injured=0, killed=0; factor=Driver Inattention/Distraction."},"geometry":{"type":"Point","coordinates":[-73.98618,40.726406]}},{"type":"Feature","id":"nyc_collision_crash_3592977","properties":{"city_id":"nyc","event_id":"nyc_collision_crash_3592977","title":"Motor vehicle collision: 78 TEN EYCK STREET","year":2017,"effective_date":"2017-01-01","date_precision":"day","category":"transport","lens":"traffic","confidence":"documented","source_ids":["h9gi-nx95"],"explanation":"Crash 3592977 at 15:15; injured=0, killed=0; factor=Driver Inattention/Distraction."},"geometry":{"type":"Point","coordinates":[-73.947426,40.70984]}},{"type":"Feature","id":"nyc_collision_crash_3594316","properties":{"city_id":"nyc","event_id":"nyc_collision_crash_3594316","title":"Motor vehicle collision: KINGS HIGHWAY","year":2017,"effective_date":"2017-01-01","date_precision":"day","category":"transport","lens":"traffic","confidence":"documented","source_ids":["h9gi-nx95"],"explanation":"Crash 3594316 at 18:30; injured=0, killed=0; factor=Unspecified."},"geometry":{"type":"Point","coordinates":[-73.91975,40.66077]}},{"type":"Feature","id":"nyc_collision_crash_3594340","properties":{"city_id":"nyc","event_id":"nyc_collision_crash_3594340","title":"Motor vehicle collision: KINGS HIGHWAY","year":2017,"effective_date":"2017-01-01","date_precision":"day","category":"transport","lens":"traffic","confidence":"documented","source_ids":["h9gi-nx95"],"explanation":"Crash 3594340 at 14:00; injured=0, killed=0; factor=Unsafe Lane Changing."},"geometry":{"type":"Point","coordinates":[-73.92604,40.638542]}},{"type":"Feature","id":"nyc_collision_crash_3594362","properties":{"city_id":"nyc","event_id":"nyc_collision_crash_3594362","title":"Motor vehicle collision: EAST 55 STREET","year":2017,"effective_date":"2017-01-01","date_precision":"day","category":"transport","lens":"traffic","confidence":"documented","source_ids":["h9gi-nx95"],"explanation":"Crash 3594362 at 5:15; injured=0, killed=0; factor=Unspecified."},"geometry":{"type":"Point","coordinates":[-73.9258,40.654102]}},{"type":"Feature","id":"nyc_collision_crash_3594567","properties":{"city_id":"nyc","event_id":"nyc_collision_crash_3594567","title":"Motor vehicle collision: MELROSE AVENUE","year":2017,"effective_date":"2017-01-01","date_precision":"day","category":"transport","lens":"traffic","confidence":"documented","source_ids":["h9gi-nx95"],"explanation":"Crash 3594567 at 12:00; injured=0, killed=0; factor=Unspecified."},"geometry":{"type":"Point","coordinates":[-73.915184,40.821667]}},{"type":"Feature","id":"nyc_collision_crash_3594886","properties":{"city_id":"nyc","event_id":"nyc_collision_crash_3594886","title":"Motor vehicle collision: BROADWAY","year":2017,"effective_date":"2017-01-01","date_precision":"day","category":"transport","lens":"traffic","confidence":"documented","source_ids":["h9gi-nx95"],"explanation":"Crash 3594886 at 5:30; injured=1, killed=0; factor=Alcohol Involvement."},"geometry":{"type":"Point","coordinates":[-73.906105,40.877068]}},{"type":"Feature","id":"nyc_collision_crash_3595712","properties":{"city_id":"nyc","event_id":"nyc_collision_crash_3595712","title":"Motor vehicle collision: ASTORIA BOULEVARD","year":2017,"effective_date":"2017-01-01","date_precision":"day","category":"transport","lens":"traffic","confidence":"documented","source_ids":["h9gi-nx95"],"explanation":"Crash 3595712 at 4:35; injured=1, killed=0; factor=Alcohol Involvement."},"geometry":{"type":"Point","coordinates":[-73.88807,40.76518]}},{"type":"Feature","id":"nyc_collision_crash_3596737","properties":{"city_id":"nyc","event_id":"nyc_collision_crash_3596737","title":"Motor vehicle collision: 35 AVENUE","year":2017,"effective_date":"2017-01-01","date_precision":"day","category":"transport","lens":"traffic","confidence":"documented","source_ids":["h9gi-nx95"],"explanation":"Crash 3596737 at 10:20; injured=0, killed=0; factor=Unspecified."},"geometry":{"type":"Point","coordinates":[-73.89213,40.751003]}},{"type":"Feature","id":"nyc_collision_crash_3597190","properties":{"city_id":"nyc","event_id":"nyc_collision_crash_3597190","title":"Motor vehicle collision: TILLARY STREET","year":2017,"effective_date":"2017-01-01","date_precision":"day","category":"transport","lens":"traffic","confidence":"documented","source_ids":["h9gi-nx95"],"explanation":"Crash 3597190 at 16:23; injured=2, killed=0; factor=Unsafe Lane Changing."},"geometry":{"type":"Point","coordinates":[-73.98453,40.696033]}},{"type":"Feature","id":"nyc_collision_crash_3597388","properties":{"city_id":"nyc","event_id":"nyc_collision_crash_3597388","title":"Motor vehicle collision: MAJOR DEEGAN EXPRESSWAY","year":2017,"effective_date":"2017-01-01","date_precision":"day","category":"transport","lens":"traffic","confidence":"documented","source_ids":["h9gi-nx95"],"explanation":"Crash 3597388 at 9:20; injured=0, killed=0; factor=Unspecified."},"geometry":{"type":"Point","coordinates":[-73.905174,40.875122]}},{"type":"Feature","id":"nyc_collision_crash_3599045","properties":{"city_id":"nyc","event_id":"nyc_collision_crash_3599045","title":"Motor vehicle collision: SHORE PARKWAY","year":2017,"effective_date":"2017-01-01","date_precision":"day","category":"transport","lens":"traffic","confidence":"documented","source_ids":["h9gi-nx95"],"explanation":"Crash 3599045 at 8:00; injured=0, killed=0; factor=Failure to Yield Right-of-Way."},"geometry":{"type":"Point","coordinates":[-73.99401,40.59192]}},{"type":"Feature","id":"nyc_collision_crash_3603137","properties":{"city_id":"nyc","event_id":"nyc_collision_crash_3603137","title":"Motor vehicle collision: SANDS STREET","year":2017,"effective_date":"2017-01-01","date_precision":"day","category":"transport","lens":"traffic","confidence":"documented","source_ids":["h9gi-nx95"],"explanation":"Crash 3603137 at 19:30; injured=1, killed=0; factor=Failure to Yield Right-of-Way."},"geometry":{"type":"Point","coordinates":[-73.98294,40.69977]}},{"type":"Feature","id":"nyc_collision_crash_3603728","properties":{"city_id":"nyc","event_id":"nyc_collision_crash_3603728","title":"Motor vehicle collision: LINDEN BOULEVARD","year":2017,"effective_date":"2017-01-01","date_precision":"day","category":"transport","lens":"traffic","confidence":"documented","source_ids":["h9gi-nx95"],"explanation":"Crash 3603728 at 20:20; injured=1, killed=0; factor=Unspecified."},"geometry":{"type":"Point","coordinates":[-73.90692,40.65473]}},{"type":"Feature","id":"nyc_collision_crash_3604765","properties":{"city_id":"nyc","event_id":"nyc_collision_crash_3604765","title":"Motor vehicle collision: EAST 29 STREET","year":2017,"effective_date":"2017-01-01","date_precision":"day","category":"transport","lens":"traffic","confidence":"documented","source_ids":["h9gi-nx95"],"explanation":"Crash 3604765 at 9:30; injured=0, killed=0; factor=Driver Inattention/Distraction."},"geometry":{"type":"Point","coordinates":[-73.94899,40.636208]}},{"type":"Feature","id":"nyc_collision_crash_3609060","properties":{"city_id":"nyc","event_id":"nyc_collision_crash_3609060","title":"Motor vehicle collision: TAPSCOTT STREET","year":2017,"effective_date":"2017-01-01","date_precision":"day","category":"transport","lens":"traffic","confidence":"documented","source_ids":["h9gi-nx95"],"explanation":"Crash 3609060 at 2:10; injured=0, killed=0; factor=Following Too Closely."},"geometry":{"type":"Point","coordinates":[-73.91963,40.662556]}},{"type":"Feature","id":"nyc_collision_crash_3609065","properties":{"city_id":"nyc","event_id":"nyc_collision_crash_3609065","title":"Motor vehicle collision: BOYLAND STREET","year":2017,"effective_date":"2017-01-01","date_precision":"day","category":"transport","lens":"traffic","confidence":"documented","source_ids":["h9gi-nx95"],"explanation":"Crash 3609065 at 0:30; injured=0, killed=0; factor=Unspecified."},"geometry":{"type":"Point","coordinates":[-73.91362,40.677498]}},{"type":"Feature","id":"nyc_collision_crash_3641871","properties":{"city_id":"nyc","event_id":"nyc_collision_crash_3641871","title":"Motor vehicle collision: 290 BLAKE AVENUE","year":2017,"effective_date":"2017-01-01","date_precision":"day","category":"transport","lens":"traffic","confidence":"documented","source_ids":["h9gi-nx95"],"explanation":"Crash 3641871 at 23:10; injured=0, killed=0; factor=Driver Inexperience."},"geometry":{"type":"Point","coordinates":[-73.90885,40.665745]}},{"type":"Feature","id":"nyc_collision_crash_3819179","properties":{"city_id":"nyc","event_id":"nyc_collision_crash_3819179","title":"Motor vehicle collision: SPRINGFIELD BOULEVARD","year":2017,"effective_date":"2017-01-01","date_precision":"day","category":"transport","lens":"traffic","confidence":"documented","source_ids":["h9gi-nx95"],"explanation":"Crash 3819179 at 6:30; injured=0, killed=0; factor=Driver Inattention/Distraction."},"geometry":{"type":"Point","coordinates":[-73.74729,40.689735]}},{"type":"Feature","id":"nyc_collision_crash_3821035","properties":{"city_id":"nyc","event_id":"nyc_collision_crash_3821035","title":"Motor vehicle collision: 1011 EAST 37 STREET","year":2017,"effective_date":"2017-01-01","date_precision":"day","category":"transport","lens":"traffic","confidence":"documented","source_ids":["h9gi-nx95"],"explanation":"Crash 3821035 at 0:00; injured=0, killed=0; factor=Unspecified."},"geometry":{"type":"Point","coordinates":[-73.94083,40.632427]}},{"type":"Feature","id":"nyc_collision_crash_3821421","properties":{"city_id":"nyc","event_id":"nyc_collision_crash_3821421","title":"Motor vehicle collision: 3 AVENUE","year":2017,"effective_date":"2017-01-01","date_precision":"day","category":"transport","lens":"traffic","confidence":"documented","source_ids":["h9gi-nx95"],"explanation":"Crash 3821421 at 21:50; injured=0, killed=0; factor=Driver Inexperience."},"geometry":{"type":"Point","coordinates":[-74.03206,40.62104]}},{"type":"Feature","id":"nyc_dob_permit_2968173","properties":{"city_id":"nyc","event_id":"nyc_dob_permit_2968173","title":"DOB permit issued: EW at 471 11 STREET, BROOKLYN","year":2017,"effective_date":"2017-01-20","date_precision":"day","category":"built_environment","lens":"built_environment","confidence":"documented","source_ids":["ipu4-2q9a"],"explanation":"ISSUED EW record for job 321043759 at 471 11 STREET in BROOKLYN."},"geometry":{"type":"Point","coordinates":[-73.983293,40.666045]}},{"type":"Feature","id":"nyc_dob_permit_3140094","properties":{"city_id":"nyc","event_id":"nyc_dob_permit_3140094","title":"DOB permit issued: PL at 1954 EAST 4TH STREET, BROOKLYN","year":2017,"effective_date":"2017-01-25","date_precision":"day","category":"built_environment","lens":"built_environment","confidence":"documented","source_ids":["ipu4-2q9a"],"explanation":"ISSUED PL record for job 320132708 at 1954 EAST 4TH STREET in BROOKLYN."},"geometry":{"type":"Point","coordinates":[-73.968792,40.602893]}},{"type":"Feature","id":"nyc_dob_permit_3187136","properties":{"city_id":"nyc","event_id":"nyc_dob_permit_3187136","title":"DOB permit issued: PL at 27 EAST 65TH STREET, MANHATTAN","year":2017,"effective_date":"2017-01-10","date_precision":"day","category":"built_environment","lens":"built_environment","confidence":"documented","source_ids":["ipu4-2q9a"],"explanation":"ISSUED PL record for job 122782587 at 27 EAST 65TH STREET in MANHATTAN."},"geometry":{"type":"Point","coordinates":[-73.968441,40.767255]}},{"type":"Feature","id":"nyc_dob_permit_3187865","properties":{"city_id":"nyc","event_id":"nyc_dob_permit_3187865","title":"DOB permit issued: EW at 440 WEST 47TH STREET, MANHATTAN","year":2017,"effective_date":"2017-01-11","date_precision":"day","category":"built_environment","lens":"built_environment","confidence":"documented","source_ids":["ipu4-2q9a"],"explanation":"ISSUED EW record for job 140491055 at 440 WEST 47TH STREET in MANHATTAN."},"geometry":{"type":"Point","coordinates":[-73.991557,40.762124]}},{"type":"Feature","id":"nyc_dob_permit_3188877","properties":{"city_id":"nyc","event_id":"nyc_dob_permit_3188877","title":"DOB permit issued: PL at 2250 BROADWAY, MANHATTAN","year":2017,"effective_date":"2017-01-11","date_precision":"day","category":"built_environment","lens":"built_environment","confidence":"documented","source_ids":["ipu4-2q9a"],"explanation":"ISSUED PL record for job 122907676 at 2250 BROADWAY in MANHATTAN."},"geometry":{"type":"Point","coordinates":[-73.979193,40.784879]}},{"type":"Feature","id":"nyc_dob_permit_3193312","properties":{"city_id":"nyc","event_id":"nyc_dob_permit_3193312","title":"DOB permit issued: EW at 128 INDIA STREET, BROOKLYN","year":2017,"effective_date":"2017-01-04","date_precision":"day","category":"built_environment","lens":"built_environment","confidence":"documented","source_ids":["ipu4-2q9a"],"explanation":"ISSUED EW record for job 340391775 at 128 INDIA STREET in BROOKLYN."},"geometry":{"type":"Point","coordinates":[-73.955374,40.732244]}},{"type":"Feature","id":"nyc_dob_permit_3193721","properties":{"city_id":"nyc","event_id":"nyc_dob_permit_3193721","title":"DOB permit issued: EW at 243 51 STREET, BROOKLYN","year":2017,"effective_date":"2017-01-05","date_precision":"day","category":"built_environment","lens":"built_environment","confidence":"documented","source_ids":["ipu4-2q9a"],"explanation":"ISSUED EW record for job 340458524 at 243 51 STREET in BROOKLYN."},"geometry":{"type":"Point","coordinates":[-74.016515,40.647944]}},{"type":"Feature","id":"nyc_dob_permit_3195010","properties":{"city_id":"nyc","event_id":"nyc_dob_permit_3195010","title":"DOB permit issued: EW at 312 GREENWICH STREET, MANHATTAN","year":2017,"effective_date":"2017-01-03","date_precision":"day","category":"built_environment","lens":"built_environment","confidence":"documented","source_ids":["ipu4-2q9a"],"explanation":"ISSUED EW record for job 140570861 at 312 GREENWICH STREET in MANHATTAN."},"geometry":{"type":"Point","coordinates":[-74.01066,40.717642]}},{"type":"Feature","id":"nyc_dob_permit_3195213","properties":{"city_id":"nyc","event_id":"nyc_dob_permit_3195213","title":"DOB permit issued: EQ at 33 LINCOLN ROAD, BROOKLYN","year":2017,"effective_date":"2017-01-04","date_precision":"day","category":"built_environment","lens":"built_environment","confidence":"documented","source_ids":["ipu4-2q9a"],"explanation":"ISSUED EQ record for job 321169007 at 33 LINCOLN ROAD in BROOKLYN."},"geometry":{"type":"Point","coordinates":[-73.961574,40.660765]}},{"type":"Feature","id":"nyc_dob_permit_3195284","properties":{"city_id":"nyc","event_id":"nyc_dob_permit_3195284","title":"DOB permit issued: EW at 730 FT WASHINGTON AVE, MANHATTAN","year":2017,"effective_date":"2017-01-04","date_precision":"day","category":"built_environment","lens":"built_environment","confidence":"documented","source_ids":["ipu4-2q9a"],"explanation":"ISSUED EW record for job 122955668 at 730 FT WASHINGTON AVE in MANHATTAN."},"geometry":{"type":"Point","coordinates":[-73.934734,40.858256]}},{"type":"Feature","id":"nyc_dob_permit_3195391","properties":{"city_id":"nyc","event_id":"nyc_dob_permit_3195391","title":"DOB permit issued: FO at 896 NEW YORK AVE, BROOKLYN","year":2017,"effective_date":"2017-01-04","date_precision":"day","category":"built_environment","lens":"built_environment","confidence":"documented","source_ids":["ipu4-2q9a"],"explanation":"ISSUED FO record for job 321362912 at 896 NEW YORK AVE in BROOKLYN."},"geometry":{"type":"Point","coordinates":[-73.946753,40.65155]}},{"type":"Feature","id":"nyc_dob_permit_3195434","properties":{"city_id":"nyc","event_id":"nyc_dob_permit_3195434","title":"DOB permit issued: PL at 172 SUYDAM STREET, BROOKLYN","year":2017,"effective_date":"2017-01-04","date_precision":"day","category":"built_environment","lens":"built_environment","confidence":"documented","source_ids":["ipu4-2q9a"],"explanation":"ISSUED PL record for job 321295497 at 172 SUYDAM STREET in BROOKLYN."},"geometry":{"type":"Point","coordinates":[-73.926191,40.6996]}},{"type":"Feature","id":"nyc_dob_permit_3195445","properties":{"city_id":"nyc","event_id":"nyc_dob_permit_3195445","title":"DOB permit issued: EQ at 4366 3RD AVENUE, BRONX","year":2017,"effective_date":"2017-01-18","date_precision":"day","category":"built_environment","lens":"built_environment","confidence":"documented","source_ids":["ipu4-2q9a"],"explanation":"ISSUED EQ record for job 240165254 at 4366 3RD AVENUE in BRONX."},"geometry":{"type":"Point","coordinates":[-73.894258,40.850354]}},{"type":"Feature","id":"nyc_dob_permit_3195504","properties":{"city_id":"nyc","event_id":"nyc_dob_permit_3195504","title":"DOB permit issued: EW at 8800 SEAVIEW AVENUE, BROOKLYN","year":2017,"effective_date":"2017-01-05","date_precision":"day","category":"built_environment","lens":"built_environment","confidence":"documented","source_ids":["ipu4-2q9a"],"explanation":"ISSUED EW record for job 321177481 at 8800 SEAVIEW AVENUE in BROOKLYN."},"geometry":{"type":"Point","coordinates":[-73.896132,40.629656]}},{"type":"Feature","id":"nyc_dob_permit_3195507","properties":{"city_id":"nyc","event_id":"nyc_dob_permit_3195507","title":"DOB permit issued: EW at 654 HENDERSON AVE, STATEN ISLAND","year":2017,"effective_date":"2017-01-04","date_precision":"day","category":"built_environment","lens":"built_environment","confidence":"documented","source_ids":["ipu4-2q9a"],"explanation":"ISSUED EW record for job 540119959 at 654 HENDERSON AVE in STATEN ISLAND."},"geometry":{"type":"Point","coordinates":[-74.11425,40.637364]}},{"type":"Feature","id":"nyc_dob_permit_3195562","properties":{"city_id":"nyc","event_id":"nyc_dob_permit_3195562","title":"DOB permit issued: EW at 30-59 COLLEGE POINT BOULEVARD, QUEENS","year":2017,"effective_date":"2017-01-04","date_precision":"day","category":"built_environment","lens":"built_environment","confidence":"documented","source_ids":["ipu4-2q9a"],"explanation":"ISSUED EW record for job 440374097 at 30-59 COLLEGE POINT BOULEVARD in QUEENS."},"geometry":{"type":"Point","coordinates":[-73.842535,40.770116]}},{"type":"Feature","id":"nyc_dob_permit_3195566","properties":{"city_id":"nyc","event_id":"nyc_dob_permit_3195566","title":"DOB permit issued: EQ at 69 GREENE AVE, BROOKLYN","year":2017,"effective_date":"2017-01-04","date_precision":"day","category":"built_environment","lens":"built_environment","confidence":"documented","source_ids":["ipu4-2q9a"],"explanation":"ISSUED EQ record for job 321365688 at 69 GREENE AVE in BROOKLYN."},"geometry":{"type":"Point","coordinates":[-73.970019,40.686236]}},{"type":"Feature","id":"nyc_dob_permit_3195674","properties":{"city_id":"nyc","event_id":"nyc_dob_permit_3195674","title":"DOB permit issued: EW at 6125 LIEBIG AVE, BRONX","year":2017,"effective_date":"2017-01-04","date_precision":"day","category":"built_environment","lens":"built_environment","confidence":"documented","source_ids":["ipu4-2q9a"],"explanation":"ISSUED EW record for job 220384625 at 6125 LIEBIG AVE in BRONX."},"geometry":{"type":"Point","coordinates":[-73.901265,40.910351]}},{"type":"Feature","id":"nyc_dob_permit_3195720","properties":{"city_id":"nyc","event_id":"nyc_dob_permit_3195720","title":"DOB permit issued: AL at 354 HENRY STREET, BROOKLYN","year":2017,"effective_date":"2017-01-10","date_precision":"day","category":"built_environment","lens":"built_environment","confidence":"documented","source_ids":["ipu4-2q9a"],"explanation":"ISSUED AL record for job 310008050 at 354 HENRY STREET in BROOKLYN."},"geometry":{"type":"Point","coordinates":[-73.997018,40.689152]}},{"type":"Feature","id":"nyc_dob_permit_3195723","properties":{"city_id":"nyc","event_id":"nyc_dob_permit_3195723","title":"DOB permit issued: EQ at 123-30 ROOSEVELT AVENUE, QUEENS","year":2017,"effective_date":"2017-01-11","date_precision":"day","category":"built_environment","lens":"built_environment","confidence":"documented","source_ids":["ipu4-2q9a"],"explanation":"ISSUED EQ record for job 421386841 at 123-30 ROOSEVELT AVENUE in QUEENS."},"geometry":{"type":"Point","coordinates":[-73.847129,40.750514]}},{"type":"Feature","id":"nyc_dob_permit_3195926","properties":{"city_id":"nyc","event_id":"nyc_dob_permit_3195926","title":"DOB permit issued: EW at 245 EAST 40TH STREET, MANHATTAN","year":2017,"effective_date":"2017-01-05","date_precision":"day","category":"built_environment","lens":"built_environment","confidence":"documented","source_ids":["ipu4-2q9a"],"explanation":"ISSUED EW record for job 122974371 at 245 EAST 40TH STREET in MANHATTAN."},"geometry":{"type":"Point","coordinates":[-73.973589,40.748738]}},{"type":"Feature","id":"nyc_dob_permit_3196131","properties":{"city_id":"nyc","event_id":"nyc_dob_permit_3196131","title":"DOB permit issued: EW at 2413 86 STREET, BROOKLYN","year":2017,"effective_date":"2017-01-05","date_precision":"day","category":"built_environment","lens":"built_environment","confidence":"documented","source_ids":["ipu4-2q9a"],"explanation":"ISSUED EW record for job 321418006 at 2413 86 STREET in BROOKLYN."},"geometry":{"type":"Point","coordinates":[-73.989039,40.599046]}},{"type":"Feature","id":"nyc_dob_permit_3196142","properties":{"city_id":"nyc","event_id":"nyc_dob_permit_3196142","title":"DOB permit issued: EW at 45-16 83RD STREET, QUEENS","year":2017,"effective_date":"2017-01-05","date_precision":"day","category":"built_environment","lens":"built_environment","confidence":"documented","source_ids":["ipu4-2q9a"],"explanation":"ISSUED EW record for job 421171350 at 45-16 83RD STREET in QUEENS."},"geometry":{"type":"Point","coordinates":[-73.881761,40.74153]}},{"type":"Feature","id":"nyc_dob_permit_3196294","properties":{"city_id":"nyc","event_id":"nyc_dob_permit_3196294","title":"DOB permit issued: PL at 32-46 61 STREET, QUEENS","year":2017,"effective_date":"2017-01-05","date_precision":"day","category":"built_environment","lens":"built_environment","confidence":"documented","source_ids":["ipu4-2q9a"],"explanation":"ISSUED PL record for job 420498410 at 32-46 61 STREET in QUEENS."},"geometry":{"type":"Point","coordinates":[-73.90143,40.755003]}},{"type":"Feature","id":"nyc_dob_permit_3196300","properties":{"city_id":"nyc","event_id":"nyc_dob_permit_3196300","title":"DOB permit issued: PL at 32-42 61 STREET, QUEENS","year":2017,"effective_date":"2017-01-05","date_precision":"day","category":"built_environment","lens":"built_environment","confidence":"documented","source_ids":["ipu4-2q9a"],"explanation":"ISSUED PL record for job 420498394 at 32-42 61 STREET in QUEENS."},"geometry":{"type":"Point","coordinates":[-73.901441,40.755064]}},{"type":"Feature","id":"nyc_dob_permit_3196436","properties":{"city_id":"nyc","event_id":"nyc_dob_permit_3196436","title":"DOB permit issued: EW at 304 E 65 ST, MANHATTAN","year":2017,"effective_date":"2017-01-05","date_precision":"day","category":"built_environment","lens":"built_environment","confidence":"documented","source_ids":["ipu4-2q9a"],"explanation":"ISSUED EW record for job 122341135 at 304 E 65 ST in MANHATTAN."},"geometry":{"type":"Point","coordinates":[-73.96119,40.764179]}},{"type":"Feature","id":"nyc_dob_permit_3196583","properties":{"city_id":"nyc","event_id":"nyc_dob_permit_3196583","title":"DOB permit issued: EQ at 601 LEXINGTON AVENUE, MANHATTAN","year":2017,"effective_date":"2017-01-06","date_precision":"day","category":"built_environment","lens":"built_environment","confidence":"documented","source_ids":["ipu4-2q9a"],"explanation":"ISSUED EQ record for job 122973121 at 601 LEXINGTON AVENUE in MANHATTAN."},"geometry":{"type":"Point","coordinates":[-73.970914,40.758465]}},{"type":"Feature","id":"nyc_dob_permit_3196631","properties":{"city_id":"nyc","event_id":"nyc_dob_permit_3196631","title":"DOB permit issued: EW at 111-02 QUEENS BOULEVARD, QUEENS","year":2017,"effective_date":"2017-01-06","date_precision":"day","category":"built_environment","lens":"built_environment","confidence":"documented","source_ids":["ipu4-2q9a"],"explanation":"ISSUED EW record for job 421209472 at 111-02 QUEENS BOULEVARD in QUEENS."},"geometry":{"type":"Point","coordinates":[-73.837437,40.718522]}},{"type":"Feature","id":"nyc_dob_permit_3196740","properties":{"city_id":"nyc","event_id":"nyc_dob_permit_3196740","title":"DOB permit issued: PL at 112-07 179 STREET, QUEENS","year":2017,"effective_date":"2017-01-06","date_precision":"day","category":"built_environment","lens":"built_environment","confidence":"documented","source_ids":["ipu4-2q9a"],"explanation":"ISSUED PL record for job 421189350 at 112-07 179 STREET in QUEENS."},"geometry":{"type":"Point","coordinates":[-73.772281,40.696889]}},{"type":"Feature","id":"nyc_dob_permit_3196989","properties":{"city_id":"nyc","event_id":"nyc_dob_permit_3196989","title":"DOB permit issued: EQ at 97-22 57TH AVE, QUEENS","year":2017,"effective_date":"2017-01-06","date_precision":"day","category":"built_environment","lens":"built_environment","confidence":"documented","source_ids":["ipu4-2q9a"],"explanation":"ISSUED EQ record for job 421369931 at 97-22 57TH AVE in QUEENS."},"geometry":{"type":"Point","coordinates":[-73.863394,40.737349]}},{"type":"Feature","id":"nyc_dob_permit_3197034","properties":{"city_id":"nyc","event_id":"nyc_dob_permit_3197034","title":"DOB permit issued: NB at 158-17 RIVERSIDE DRIVE, QUEENS","year":2017,"effective_date":"2017-01-06","date_precision":"day","category":"built_environment","lens":"built_environment","confidence":"documented","source_ids":["ipu4-2q9a"],"explanation":"ISSUED NB record for job 420836411 at 158-17 RIVERSIDE DRIVE in QUEENS."},"geometry":{"type":"Point","coordinates":[-73.80257,40.795649]}},{"type":"Feature","id":"nyc_dob_permit_3197047","properties":{"city_id":"nyc","event_id":"nyc_dob_permit_3197047","title":"DOB permit issued: EW at 69 SOMMER AVENUE, STATEN ISLAND","year":2017,"effective_date":"2017-01-06","date_precision":"day","category":"built_environment","lens":"built_environment","confidence":"documented","source_ids":["ipu4-2q9a"],"explanation":"ISSUED EW record for job 540107622 at 69 SOMMER AVENUE in STATEN ISLAND."},"geometry":{"type":"Point","coordinates":[-74.16512,40.607588]}},{"type":"Feature","id":"nyc_dob_permit_3197064","properties":{"city_id":"nyc","event_id":"nyc_dob_permit_3197064","title":"DOB permit issued: EW at 139 EAST 36TH ST, MANHATTAN","year":2017,"effective_date":"2017-01-06","date_precision":"day","category":"built_environment","lens":"built_environment","confidence":"documented","source_ids":["ipu4-2q9a"],"explanation":"ISSUED EW record for job 122792077 at 139 EAST 36TH ST in MANHATTAN."},"geometry":{"type":"Point","coordinates":[-73.978566,40.747602]}},{"type":"Feature","id":"nyc_dob_permit_3197362","properties":{"city_id":"nyc","event_id":"nyc_dob_permit_3197362","title":"DOB permit issued: PL at 143-48 41ST AVENUE, QUEENS","year":2017,"effective_date":"2017-01-11","date_precision":"day","category":"built_environment","lens":"built_environment","confidence":"documented","source_ids":["ipu4-2q9a"],"explanation":"ISSUED PL record for job 421418781 at 143-48 41ST AVENUE in QUEENS."},"geometry":{"type":"Point","coordinates":[-73.822759,40.760201]}},{"type":"Feature","id":"nyc_dob_permit_3197717","properties":{"city_id":"nyc","event_id":"nyc_dob_permit_3197717","title":"DOB permit issued: PL at 984 INTERVALE AVENUE, BRONX","year":2017,"effective_date":"2017-01-09","date_precision":"day","category":"built_environment","lens":"built_environment","confidence":"documented","source_ids":["ipu4-2q9a"],"explanation":"ISSUED PL record for job 220576099 at 984 INTERVALE AVENUE in BRONX."},"geometry":{"type":"Point","coordinates":[-73.89686,40.822662]}},{"type":"Feature","id":"nyc_dob_permit_3197810","properties":{"city_id":"nyc","event_id":"nyc_dob_permit_3197810","title":"DOB permit issued: EQ at 7 WEST 21 STREET, MANHATTAN","year":2017,"effective_date":"2017-01-09","date_precision":"day","category":"built_environment","lens":"built_environment","confidence":"documented","source_ids":["ipu4-2q9a"],"explanation":"ISSUED EQ record for job 122990585 at 7 WEST 21 STREET in MANHATTAN."},"geometry":{"type":"Point","coordinates":[-73.99113,40.740531]}},{"type":"Feature","id":"nyc_dob_permit_3197859","properties":{"city_id":"nyc","event_id":"nyc_dob_permit_3197859","title":"DOB permit issued: EW at 115-26 146 STREET, QUEENS","year":2017,"effective_date":"2017-01-09","date_precision":"day","category":"built_environment","lens":"built_environment","confidence":"documented","source_ids":["ipu4-2q9a"],"explanation":"ISSUED EW record for job 440357775 at 115-26 146 STREET in QUEENS."},"geometry":{"type":"Point","coordinates":[-73.796046,40.682933]}},{"type":"Feature","id":"nyc_dob_permit_3197904","properties":{"city_id":"nyc","event_id":"nyc_dob_permit_3197904","title":"DOB permit issued: EW at 205 BLEECKER ST, MANHATTAN","year":2017,"effective_date":"2017-01-13","date_precision":"day","category":"built_environment","lens":"built_environment","confidence":"documented","source_ids":["ipu4-2q9a"],"explanation":"ISSUED EW record for job 140551043 at 205 BLEECKER ST in MANHATTAN."},"geometry":{"type":"Point","coordinates":[-74.001606,40.729377]}},{"type":"Feature","id":"nyc_dob_permit_3198114","properties":{"city_id":"nyc","event_id":"nyc_dob_permit_3198114","title":"DOB permit issued: EW at 450 PARK AVENUE, MANHATTAN","year":2017,"effective_date":"2017-01-10","date_precision":"day","category":"built_environment","lens":"built_environment","confidence":"documented","source_ids":["ipu4-2q9a"],"explanation":"ISSUED EW record for job 122974932 at 450 PARK AVENUE in MANHATTAN."},"geometry":{"type":"Point","coordinates":[-73.97092,40.761396]}},{"type":"Feature","id":"nyc_dob_permit_3198504","properties":{"city_id":"nyc","event_id":"nyc_dob_permit_3198504","title":"DOB permit issued: EW at 257 WEST 17TH STREET, MANHATTAN","year":2017,"effective_date":"2017-01-10","date_precision":"day","category":"built_environment","lens":"built_environment","confidence":"documented","source_ids":["ipu4-2q9a"],"explanation":"ISSUED EW record for job 140573555 at 257 WEST 17TH STREET in MANHATTAN."},"geometry":{"type":"Point","coordinates":[-73.999845,40.741135]}},{"type":"Feature","id":"nyc_dob_permit_3198541","properties":{"city_id":"nyc","event_id":"nyc_dob_permit_3198541","title":"DOB permit issued: EQ at 1939 WEST FARMS ROAD, BRONX","year":2017,"effective_date":"2017-01-10","date_precision":"day","category":"built_environment","lens":"built_environment","confidence":"documented","source_ids":["ipu4-2q9a"],"explanation":"ISSUED EQ record for job 240169090 at 1939 WEST FARMS ROAD in BRONX."},"geometry":{"type":"Point","coordinates":[-73.880594,40.839162]}},{"type":"Feature","id":"nyc_dob_permit_3198548","properties":{"city_id":"nyc","event_id":"nyc_dob_permit_3198548","title":"DOB permit issued: EW at 1210 WHEELER AVENUE, BRONX","year":2017,"effective_date":"2017-01-10","date_precision":"day","category":"built_environment","lens":"built_environment","confidence":"documented","source_ids":["ipu4-2q9a"],"explanation":"ISSUED EW record for job 240169107 at 1210 WHEELER AVENUE in BRONX."},"geometry":{"type":"Point","coordinates":[-73.880229,40.829075]}},{"type":"Feature","id":"nyc_dob_permit_3198764","properties":{"city_id":"nyc","event_id":"nyc_dob_permit_3198764","title":"DOB permit issued: EW at 1 PENN PLAZA, MANHATTAN","year":2017,"effective_date":"2017-01-11","date_precision":"day","category":"built_environment","lens":"built_environment","confidence":"documented","source_ids":["ipu4-2q9a"],"explanation":"ISSUED EW record for job 122844636 at 1 PENN PLAZA in MANHATTAN."},"geometry":{"type":"Point","coordinates":[-73.992926,40.751098]}},{"type":"Feature","id":"nyc_dob_permit_3198888","properties":{"city_id":"nyc","event_id":"nyc_dob_permit_3198888","title":"DOB permit issued: PL at 989 PACIFIC STREET, BROOKLYN","year":2017,"effective_date":"2017-01-11","date_precision":"day","category":"built_environment","lens":"built_environment","confidence":"documented","source_ids":["ipu4-2q9a"],"explanation":"ISSUED PL record for job 321410683 at 989 PACIFIC STREET in BROOKLYN."},"geometry":{"type":"Point","coordinates":[-73.960864,40.679541]}},{"type":"Feature","id":"nyc_dob_permit_3198928","properties":{"city_id":"nyc","event_id":"nyc_dob_permit_3198928","title":"DOB permit issued: EW at 1286 FIRST AVENUE, MANHATTAN","year":2017,"effective_date":"2017-01-11","date_precision":"day","category":"built_environment","lens":"built_environment","confidence":"documented","source_ids":["ipu4-2q9a"],"explanation":"ISSUED EW record for job 122879215 at 1286 FIRST AVENUE in MANHATTAN."},"geometry":{"type":"Point","coordinates":[-73.957337,40.765959]}},{"type":"Feature","id":"nyc_dob_permit_3199249","properties":{"city_id":"nyc","event_id":"nyc_dob_permit_3199249","title":"DOB permit issued: PL at 223 EAST 74 STREET, MANHATTAN","year":2017,"effective_date":"2017-01-11","date_precision":"day","category":"built_environment","lens":"built_environment","confidence":"documented","source_ids":["ipu4-2q9a"],"explanation":"ISSUED PL record for job 140585953 at 223 EAST 74 STREET in MANHATTAN."},"geometry":{"type":"Point","coordinates":[-73.958951,40.770782]}},{"type":"Feature","id":"nyc_dob_permit_3199394","properties":{"city_id":"nyc","event_id":"nyc_dob_permit_3199394","title":"DOB permit issued: EW at 250 WEST 54TH STREET, MANHATTAN","year":2017,"effective_date":"2017-01-12","date_precision":"day","category":"built_environment","lens":"built_environment","confidence":"documented","source_ids":["ipu4-2q9a"],"explanation":"ISSUED EW record for job 122835753 at 250 WEST 54TH STREET in MANHATTAN."},"geometry":{"type":"Point","coordinates":[-73.983145,40.764308]}},{"type":"Feature","id":"nyc_dob_permit_3199427","properties":{"city_id":"nyc","event_id":"nyc_dob_permit_3199427","title":"DOB permit issued: EW at 216-25 HEMPSTEAD AVE, QUEENS","year":2017,"effective_date":"2017-01-12","date_precision":"day","category":"built_environment","lens":"built_environment","confidence":"documented","source_ids":["ipu4-2q9a"],"explanation":"ISSUED EW record for job 421325729 at 216-25 HEMPSTEAD AVE in QUEENS."},"geometry":{"type":"Point","coordinates":[-73.742584,40.715283]}},{"type":"Feature","id":"nyc_dob_permit_3199672","properties":{"city_id":"nyc","event_id":"nyc_dob_permit_3199672","title":"DOB permit issued: DM at 25 HILL STREET, BROOKLYN","year":2017,"effective_date":"2017-01-25","date_precision":"day","category":"built_environment","lens":"built_environment","confidence":"documented","source_ids":["ipu4-2q9a"],"explanation":"ISSUED DM record for job 321144524 at 25 HILL STREET in BROOKLYN."},"geometry":{"type":"Point","coordinates":[-73.872044,40.678708]}},{"type":"Feature","id":"nyc_dob_permit_3200088","properties":{"city_id":"nyc","event_id":"nyc_dob_permit_3200088","title":"DOB permit issued: AL at 128-18 POWELLS COVE BLVD, QUEENS","year":2017,"effective_date":"2017-01-24","date_precision":"day","category":"built_environment","lens":"built_environment","confidence":"documented","source_ids":["ipu4-2q9a"],"explanation":"ISSUED AL record for job 440376424 at 128-18 POWELLS COVE BLVD in QUEENS."},"geometry":{"type":"Point","coordinates":[-73.839584,40.793226]}},{"type":"Feature","id":"nyc_dob_permit_3200411","properties":{"city_id":"nyc","event_id":"nyc_dob_permit_3200411","title":"DOB permit issued: PL at 81 BAYARD STREET, MANHATTAN","year":2017,"effective_date":"2017-01-31","date_precision":"day","category":"built_environment","lens":"built_environment","confidence":"documented","source_ids":["ipu4-2q9a"],"explanation":"ISSUED PL record for job 123003230 at 81 BAYARD STREET in MANHATTAN."},"geometry":{"type":"Point","coordinates":[-73.998788,40.715727]}},{"type":"Feature","id":"nyc_dob_permit_3200601","properties":{"city_id":"nyc","event_id":"nyc_dob_permit_3200601","title":"DOB permit issued: EW at 220 EAST 42ND STREET, MANHATTAN","year":2017,"effective_date":"2017-01-13","date_precision":"day","category":"built_environment","lens":"built_environment","confidence":"documented","source_ids":["ipu4-2q9a"],"explanation":"ISSUED EW record for job 122963766 at 220 EAST 42ND STREET in MANHATTAN."},"geometry":{"type":"Point","coordinates":[-73.973256,40.750256]}},{"type":"Feature","id":"nyc_dob_permit_3200947","properties":{"city_id":"nyc","event_id":"nyc_dob_permit_3200947","title":"DOB permit issued: EW at 102 MACON ST, BROOKLYN","year":2017,"effective_date":"2017-01-20","date_precision":"day","category":"built_environment","lens":"built_environment","confidence":"documented","source_ids":["ipu4-2q9a"],"explanation":"ISSUED EW record for job 321308900 at 102 MACON ST in BROOKLYN."},"geometry":{"type":"Point","coordinates":[-73.946859,40.681391]}},{"type":"Feature","id":"nyc_dob_permit_3201030","properties":{"city_id":"nyc","event_id":"nyc_dob_permit_3201030","title":"DOB permit issued: PL at 1065 SOUTHERN BLVD, BRONX","year":2017,"effective_date":"2017-01-17","date_precision":"day","category":"built_environment","lens":"built_environment","confidence":"documented","source_ids":["ipu4-2q9a"],"explanation":"ISSUED PL record for job 220405791 at 1065 SOUTHERN BLVD in BRONX."},"geometry":{"type":"Point","coordinates":[-73.891935,40.825276]}},{"type":"Feature","id":"nyc_dob_permit_3201134","properties":{"city_id":"nyc","event_id":"nyc_dob_permit_3201134","title":"DOB permit issued: PL at 345 PARK AVENUE, MANHATTAN","year":2017,"effective_date":"2017-01-17","date_precision":"day","category":"built_environment","lens":"built_environment","confidence":"documented","source_ids":["ipu4-2q9a"],"explanation":"ISSUED PL record for job 122514680 at 345 PARK AVENUE in MANHATTAN."},"geometry":{"type":"Point","coordinates":[-73.973246,40.758171]}},{"type":"Feature","id":"nyc_dob_permit_3201717","properties":{"city_id":"nyc","event_id":"nyc_dob_permit_3201717","title":"DOB permit issued: PL at 301 EAST 47 STREET, MANHATTAN","year":2017,"effective_date":"2017-01-18","date_precision":"day","category":"built_environment","lens":"built_environment","confidence":"documented","source_ids":["ipu4-2q9a"],"explanation":"ISSUED PL record for job 140593007 at 301 EAST 47 STREET in MANHATTAN."},"geometry":{"type":"Point","coordinates":[-73.969555,40.752862]}},{"type":"Feature","id":"nyc_dob_permit_3202038","properties":{"city_id":"nyc","event_id":"nyc_dob_permit_3202038","title":"DOB permit issued: EW at 3400 HOLLAND AVE, BRONX","year":2017,"effective_date":"2017-01-18","date_precision":"day","category":"built_environment","lens":"built_environment","confidence":"documented","source_ids":["ipu4-2q9a"],"explanation":"ISSUED EW record for job 220290165 at 3400 HOLLAND AVE in BRONX."},"geometry":{"type":"Point","coordinates":[-73.864955,40.874977]}},{"type":"Feature","id":"nyc_dob_permit_3202137","properties":{"city_id":"nyc","event_id":"nyc_dob_permit_3202137","title":"DOB permit issued: EW at 133-43 245 STREET, QUEENS","year":2017,"effective_date":"2017-01-18","date_precision":"day","category":"built_environment","lens":"built_environment","confidence":"documented","source_ids":["ipu4-2q9a"],"explanation":"ISSUED EW record for job 421395984 at 133-43 245 STREET in QUEENS."},"geometry":{"type":"Point","coordinates":[-73.729077,40.673111]}},{"type":"Feature","id":"nyc_dob_permit_3202139","properties":{"city_id":"nyc","event_id":"nyc_dob_permit_3202139","title":"DOB permit issued: EQ at 105 CASSIDY PLACE, STATEN ISLAND","year":2017,"effective_date":"2017-01-18","date_precision":"day","category":"built_environment","lens":"built_environment","confidence":"documented","source_ids":["ipu4-2q9a"],"explanation":"ISSUED EQ record for job 540120910 at 105 CASSIDY PLACE in STATEN ISLAND."},"geometry":{"type":"Point","coordinates":[-74.095412,40.642007]}},{"type":"Feature","id":"nyc_dob_permit_3202359","properties":{"city_id":"nyc","event_id":"nyc_dob_permit_3202359","title":"DOB permit issued: PL at 990 PRESIDENT STREET, BROOKLYN","year":2017,"effective_date":"2017-01-19","date_precision":"day","category":"built_environment","lens":"built_environment","confidence":"documented","source_ids":["ipu4-2q9a"],"explanation":"ISSUED PL record for job 321506722 at 990 PRESIDENT STREET in BROOKLYN."},"geometry":{"type":"Point","coordinates":[-73.959547,40.669086]}},{"type":"Feature","id":"nyc_dob_permit_3202428","properties":{"city_id":"nyc","event_id":"nyc_dob_permit_3202428","title":"DOB permit issued: FO at 3016 BRIGHTON 5TH STREET, BROOKLYN","year":2017,"effective_date":"2017-01-19","date_precision":"day","category":"built_environment","lens":"built_environment","confidence":"documented","source_ids":["ipu4-2q9a"],"explanation":"ISSUED FO record for job 321390650 at 3016 BRIGHTON 5TH STREET in BROOKLYN."},"geometry":{"type":"Point","coordinates":[-73.962899,40.578806]}},{"type":"Feature","id":"nyc_dob_permit_3202625","properties":{"city_id":"nyc","event_id":"nyc_dob_permit_3202625","title":"DOB permit issued: EW at 105 CASSIDY PLACE, STATEN ISLAND","year":2017,"effective_date":"2017-01-19","date_precision":"day","category":"built_environment","lens":"built_environment","confidence":"documented","source_ids":["ipu4-2q9a"],"explanation":"ISSUED EW record for job 520257114 at 105 CASSIDY PLACE in STATEN ISLAND."},"geometry":{"type":"Point","coordinates":[-74.095412,40.642007]}},{"type":"Feature","id":"nyc_dob_permit_3202769","properties":{"city_id":"nyc","event_id":"nyc_dob_permit_3202769","title":"DOB permit issued: PL at 1900 BROADWAY, MANHATTAN","year":2017,"effective_date":"2017-01-19","date_precision":"day","category":"built_environment","lens":"built_environment","confidence":"documented","source_ids":["ipu4-2q9a"],"explanation":"ISSUED PL record for job 140552774 at 1900 BROADWAY in MANHATTAN."},"geometry":{"type":"Point","coordinates":[-73.982151,40.771518]}},{"type":"Feature","id":"nyc_dob_permit_3202908","properties":{"city_id":"nyc","event_id":"nyc_dob_permit_3202908","title":"DOB permit issued: EW at 303 GREENWICH STREET, MANHATTAN","year":2017,"effective_date":"2017-01-19","date_precision":"day","category":"built_environment","lens":"built_environment","confidence":"documented","source_ids":["ipu4-2q9a"],"explanation":"ISSUED EW record for job 122906052 at 303 GREENWICH STREET in MANHATTAN."},"geometry":{"type":"Point","coordinates":[-74.010934,40.716396]}},{"type":"Feature","id":"nyc_dob_permit_3203294","properties":{"city_id":"nyc","event_id":"nyc_dob_permit_3203294","title":"DOB permit issued: EW at 291 PENNSYLVANIA AVE, BROOKLYN","year":2017,"effective_date":"2017-02-01","date_precision":"day","category":"built_environment","lens":"built_environment","confidence":"documented","source_ids":["ipu4-2q9a"],"explanation":"ISSUED EW record for job 321511217 at 291 PENNSYLVANIA AVE in BROOKLYN."},"geometry":{"type":"Point","coordinates":[-73.895452,40.670319]}},{"type":"Feature","id":"nyc_dob_permit_3203652","properties":{"city_id":"nyc","event_id":"nyc_dob_permit_3203652","title":"DOB permit issued: EQ at 58 LEE AVENUE, BROOKLYN","year":2017,"effective_date":"2017-01-20","date_precision":"day","category":"built_environment","lens":"built_environment","confidence":"documented","source_ids":["ipu4-2q9a"],"explanation":"ISSUED EQ record for job 340464241 at 58 LEE AVENUE in BROOKLYN."},"geometry":{"type":"Point","coordinates":[-73.960257,40.705979]}},{"type":"Feature","id":"nyc_dob_permit_3203691","properties":{"city_id":"nyc","event_id":"nyc_dob_permit_3203691","title":"DOB permit issued: DM at 25-88 49 STREET, QUEENS","year":2017,"effective_date":"2017-01-20","date_precision":"day","category":"built_environment","lens":"built_environment","confidence":"documented","source_ids":["ipu4-2q9a"],"explanation":"ISSUED DM record for job 421327442 at 25-88 49 STREET in QUEENS."},"geometry":{"type":"Point","coordinates":[-73.906238,40.762465]}},{"type":"Feature","id":"nyc_dob_permit_3203701","properties":{"city_id":"nyc","event_id":"nyc_dob_permit_3203701","title":"DOB permit issued: PL at 51 WARREN STREET, MANHATTAN","year":2017,"effective_date":"2017-01-20","date_precision":"day","category":"built_environment","lens":"built_environment","confidence":"documented","source_ids":["ipu4-2q9a"],"explanation":"ISSUED PL record for job 122904223 at 51 WARREN STREET in MANHATTAN."},"geometry":{"type":"Point","coordinates":[-74.009079,40.714667]}},{"type":"Feature","id":"nyc_dob_permit_3203706","properties":{"city_id":"nyc","event_id":"nyc_dob_permit_3203706","title":"DOB permit issued: PL at 2120 ST RAYMOND AVE, BRONX","year":2017,"effective_date":"2017-01-20","date_precision":"day","category":"built_environment","lens":"built_environment","confidence":"documented","source_ids":["ipu4-2q9a"],"explanation":"ISSUED PL record for job 201190068 at 2120 ST RAYMOND AVE in BRONX."},"geometry":{"type":"Point","coordinates":[-73.8548,40.837524]}},{"type":"Feature","id":"nyc_dob_permit_3203712","properties":{"city_id":"nyc","event_id":"nyc_dob_permit_3203712","title":"DOB permit issued: EW at 70 UNIVERSITY PLACE, MANHATTAN","year":2017,"effective_date":"2017-01-20","date_precision":"day","category":"built_environment","lens":"built_environment","confidence":"documented","source_ids":["ipu4-2q9a"],"explanation":"ISSUED EW record for job 140596102 at 70 UNIVERSITY PLACE in MANHATTAN."},"geometry":{"type":"Point","coordinates":[-73.99352,40.733087]}},{"type":"Feature","id":"nyc_dob_permit_3203953","properties":{"city_id":"nyc","event_id":"nyc_dob_permit_3203953","title":"DOB permit issued: EW at 2073 57 STREET, BROOKLYN","year":2017,"effective_date":"2017-01-25","date_precision":"day","category":"built_environment","lens":"built_environment","confidence":"documented","source_ids":["ipu4-2q9a"],"explanation":"ISSUED EW record for job 321506679 at 2073 57 STREET in BROOKLYN."},"geometry":{"type":"Point","coordinates":[-73.979648,40.62021]}},{"type":"Feature","id":"nyc_dob_permit_3203955","properties":{"city_id":"nyc","event_id":"nyc_dob_permit_3203955","title":"DOB permit issued: AL at 25 LEXINGTON AVE, BROOKLYN","year":2017,"effective_date":"2017-01-23","date_precision":"day","category":"built_environment","lens":"built_environment","confidence":"documented","source_ids":["ipu4-2q9a"],"explanation":"ISSUED AL record for job 320377436 at 25 LEXINGTON AVE in BROOKLYN."},"geometry":{"type":"Point","coordinates":[-73.961019,40.686521]}},{"type":"Feature","id":"nyc_dob_permit_3204154","properties":{"city_id":"nyc","event_id":"nyc_dob_permit_3204154","title":"DOB permit issued: EW at 97 MARLBOROUGH ROAD, BROOKLYN","year":2017,"effective_date":"2017-01-23","date_precision":"day","category":"built_environment","lens":"built_environment","confidence":"documented","source_ids":["ipu4-2q9a"],"explanation":"ISSUED EW record for job 321390749 at 97 MARLBOROUGH ROAD in BROOKLYN."},"geometry":{"type":"Point","coordinates":[-73.96565,40.647728]}},{"type":"Feature","id":"nyc_dob_permit_3204155","properties":{"city_id":"nyc","event_id":"nyc_dob_permit_3204155","title":"DOB permit issued: AL at 141 GATES AVENUE, BROOKLYN","year":2017,"effective_date":"2017-01-23","date_precision":"day","category":"built_environment","lens":"built_environment","confidence":"documented","source_ids":["ipu4-2q9a"],"explanation":"ISSUED AL record for job 320917415 at 141 GATES AVENUE in BROOKLYN."},"geometry":{"type":"Point","coordinates":[-73.962422,40.684864]}},{"type":"Feature","id":"nyc_dob_permit_3204310","properties":{"city_id":"nyc","event_id":"nyc_dob_permit_3204310","title":"DOB permit issued: EW at 321 WEST 94 STREET, MANHATTAN","year":2017,"effective_date":"2017-01-23","date_precision":"day","category":"built_environment","lens":"built_environment","confidence":"documented","source_ids":["ipu4-2q9a"],"explanation":"ISSUED EW record for job 140597129 at 321 WEST 94 STREET in MANHATTAN."},"geometry":{"type":"Point","coordinates":[-73.974762,40.794216]}},{"type":"Feature","id":"nyc_dob_permit_3204329","properties":{"city_id":"nyc","event_id":"nyc_dob_permit_3204329","title":"DOB permit issued: EW at 199 COOK STREET, BROOKLYN","year":2017,"effective_date":"2017-01-23","date_precision":"day","category":"built_environment","lens":"built_environment","confidence":"documented","source_ids":["ipu4-2q9a"],"explanation":"ISSUED EW record for job 340087952 at 199 COOK STREET in BROOKLYN."},"geometry":{"type":"Point","coordinates":[-73.935312,40.703108]}},{"type":"Feature","id":"nyc_dob_permit_3204364","properties":{"city_id":"nyc","event_id":"nyc_dob_permit_3204364","title":"DOB permit issued: EW at 26 EAST 125 STREET, MANHATTAN","year":2017,"effective_date":"2017-01-23","date_precision":"day","category":"built_environment","lens":"built_environment","confidence":"documented","source_ids":["ipu4-2q9a"],"explanation":"ISSUED EW record for job 122999363 at 26 EAST 125 STREET in MANHATTAN."},"geometry":{"type":"Point","coordinates":[-73.941378,40.806033]}},{"type":"Feature","id":"nyc_dob_permit_3204404","properties":{"city_id":"nyc","event_id":"nyc_dob_permit_3204404","title":"DOB permit issued: EW at 7701 RIDGE BOULEVARD, BROOKLYN","year":2017,"effective_date":"2017-01-23","date_precision":"day","category":"built_environment","lens":"built_environment","confidence":"documented","source_ids":["ipu4-2q9a"],"explanation":"ISSUED EW record for job 321514090 at 7701 RIDGE BOULEVARD in BROOKLYN."},"geometry":{"type":"Point","coordinates":[-74.031095,40.63055]}},{"type":"Feature","id":"nyc_dob_permit_3204493","properties":{"city_id":"nyc","event_id":"nyc_dob_permit_3204493","title":"DOB permit issued: PL at 251 WEST 95TH STREET, MANHATTAN","year":2017,"effective_date":"2017-01-24","date_precision":"day","category":"built_environment","lens":"built_environment","confidence":"documented","source_ids":["ipu4-2q9a"],"explanation":"ISSUED PL record for job 140449575 at 251 WEST 95TH STREET in MANHATTAN."},"geometry":{"type":"Point","coordinates":[-73.972758,40.79419]}},{"type":"Feature","id":"nyc_dob_permit_3204508","properties":{"city_id":"nyc","event_id":"nyc_dob_permit_3204508","title":"DOB permit issued: SG at 2 AVENUE OF THE AMERICAS, MANHATTAN","year":2017,"effective_date":"2017-01-24","date_precision":"day","category":"built_environment","lens":"built_environment","confidence":"documented","source_ids":["ipu4-2q9a"],"explanation":"ISSUED SG record for job 122984618 at 2 AVENUE OF THE AMERICAS in MANHATTAN."},"geometry":{"type":"Point","coordinates":[-74.005166,40.719128]}},{"type":"Feature","id":"nyc_dob_permit_3204584","properties":{"city_id":"nyc","event_id":"nyc_dob_permit_3204584","title":"DOB permit issued: PL at 26 EAST 109TH STREET, MANHATTAN","year":2017,"effective_date":"2017-01-24","date_precision":"day","category":"built_environment","lens":"built_environment","confidence":"documented","source_ids":["ipu4-2q9a"],"explanation":"ISSUED PL record for job 140565127 at 26 EAST 109TH STREET in MANHATTAN."},"geometry":{"type":"Point","coordinates":[-73.948545,40.795722]}},{"type":"Feature","id":"nyc_dob_permit_3204625","properties":{"city_id":"nyc","event_id":"nyc_dob_permit_3204625","title":"DOB permit issued: AL at 1565 FOREST AVENUE, STATEN ISLAND","year":2017,"effective_date":"2017-01-24","date_precision":"day","category":"built_environment","lens":"built_environment","confidence":"documented","source_ids":["ipu4-2q9a"],"explanation":"ISSUED AL record for job 520207008 at 1565 FOREST AVENUE in STATEN ISLAND."},"geometry":{"type":"Point","coordinates":[-74.140046,40.62446]}},{"type":"Feature","id":"nyc_dob_permit_3204637","properties":{"city_id":"nyc","event_id":"nyc_dob_permit_3204637","title":"DOB permit issued: PL at 71-24A AUSTIN STREET, QUEENS","year":2017,"effective_date":"2017-01-24","date_precision":"day","category":"built_environment","lens":"built_environment","confidence":"documented","source_ids":["ipu4-2q9a"],"explanation":"ISSUED PL record for job 421338243 at 71-24A AUSTIN STREET in QUEENS."},"geometry":{"type":"Point","coordinates":[-73.844007,40.719873]}},{"type":"Feature","id":"nyc_dob_permit_3204656","properties":{"city_id":"nyc","event_id":"nyc_dob_permit_3204656","title":"DOB permit issued: NB at 35 78 STREET, BROOKLYN","year":2017,"effective_date":"2017-01-24","date_precision":"day","category":"built_environment","lens":"built_environment","confidence":"documented","source_ids":["ipu4-2q9a"],"explanation":"ISSUED NB record for job 320622849 at 35 78 STREET in BROOKLYN."},"geometry":{"type":"Point","coordinates":[-74.036265,40.6311]}},{"type":"Feature","id":"nyc_dob_permit_3204683","properties":{"city_id":"nyc","event_id":"nyc_dob_permit_3204683","title":"DOB permit issued: EQ at 230 WITHERS STREET, BROOKLYN","year":2017,"effective_date":"2017-01-24","date_precision":"day","category":"built_environment","lens":"built_environment","confidence":"documented","source_ids":["ipu4-2q9a"],"explanation":"ISSUED EQ record for job 340462635 at 230 WITHERS STREET in BROOKLYN."},"geometry":{"type":"Point","coordinates":[-73.942245,40.717595]}},{"type":"Feature","id":"nyc_dob_permit_3204686","properties":{"city_id":"nyc","event_id":"nyc_dob_permit_3204686","title":"DOB permit issued: EW at 254 SCHENCK AVENUE, BROOKLYN","year":2017,"effective_date":"2017-01-24","date_precision":"day","category":"built_environment","lens":"built_environment","confidence":"documented","source_ids":["ipu4-2q9a"],"explanation":"ISSUED EW record for job 340463457 at 254 SCHENCK AVENUE in BROOKLYN."},"geometry":{"type":"Point","coordinates":[-73.888988,40.674815]}},{"type":"Feature","id":"nyc_dob_permit_3204906","properties":{"city_id":"nyc","event_id":"nyc_dob_permit_3204906","title":"DOB permit issued: EW at 575 MAIN STREET, MANHATTAN","year":2017,"effective_date":"2017-01-24","date_precision":"day","category":"built_environment","lens":"built_environment","confidence":"documented","source_ids":["ipu4-2q9a"],"explanation":"ISSUED EW record for job 122802832 at 575 MAIN STREET in MANHATTAN."},"geometry":{"type":"Point","coordinates":[-73.949423,40.76253]}},{"type":"Feature","id":"nyc_dob_permit_3205085","properties":{"city_id":"nyc","event_id":"nyc_dob_permit_3205085","title":"DOB permit issued: EW at 97-28 57TH AVENUE, QUEENS","year":2017,"effective_date":"2017-01-25","date_precision":"day","category":"built_environment","lens":"built_environment","confidence":"documented","source_ids":["ipu4-2q9a"],"explanation":"ISSUED EW record for job 421299473 at 97-28 57TH AVENUE in QUEENS."},"geometry":{"type":"Point","coordinates":[-73.86304,40.737453]}},{"type":"Feature","id":"nyc_dob_permit_3205097","properties":{"city_id":"nyc","event_id":"nyc_dob_permit_3205097","title":"DOB permit issued: FO at 59-27 55 STREET, QUEENS","year":2017,"effective_date":"2017-01-25","date_precision":"day","category":"built_environment","lens":"built_environment","confidence":"documented","source_ids":["ipu4-2q9a"],"explanation":"ISSUED FO record for job 421162342 at 59-27 55 STREET in QUEENS."},"geometry":{"type":"Point","coordinates":[-73.91312,40.716715]}},{"type":"Feature","id":"nyc_dob_permit_3205101","properties":{"city_id":"nyc","event_id":"nyc_dob_permit_3205101","title":"DOB permit issued: PL at 340 WEST 57TH STREET, MANHATTAN","year":2017,"effective_date":"2017-01-25","date_precision":"day","category":"built_environment","lens":"built_environment","confidence":"documented","source_ids":["ipu4-2q9a"],"explanation":"ISSUED PL record for job 122952689 at 340 WEST 57TH STREET in MANHATTAN."},"geometry":{"type":"Point","coordinates":[-73.984119,40.767231]}},{"type":"Feature","id":"nyc_dob_permit_3205102","properties":{"city_id":"nyc","event_id":"nyc_dob_permit_3205102","title":"DOB permit issued: PL at 261 BROADWAY, MANHATTAN","year":2017,"effective_date":"2017-01-25","date_precision":"day","category":"built_environment","lens":"built_environment","confidence":"documented","source_ids":["ipu4-2q9a"],"explanation":"ISSUED PL record for job 122671983 at 261 BROADWAY in MANHATTAN."},"geometry":{"type":"Point","coordinates":[-74.00672,40.713696]}},{"type":"Feature","id":"nyc_dob_permit_3205290","properties":{"city_id":"nyc","event_id":"nyc_dob_permit_3205290","title":"DOB permit issued: EQ at 85 STANHOPE ST, BROOKLYN","year":2017,"effective_date":"2017-01-25","date_precision":"day","category":"built_environment","lens":"built_environment","confidence":"documented","source_ids":["ipu4-2q9a"],"explanation":"ISSUED EQ record for job 321513144 at 85 STANHOPE ST in BROOKLYN."},"geometry":{"type":"Point","coordinates":[-73.924467,40.69661]}},{"type":"Feature","id":"nyc_dob_permit_3205375","properties":{"city_id":"nyc","event_id":"nyc_dob_permit_3205375","title":"DOB permit issued: AL at 123 EAST 18 STREET, MANHATTAN","year":2017,"effective_date":"2017-01-25","date_precision":"day","category":"built_environment","lens":"built_environment","confidence":"documented","source_ids":["ipu4-2q9a"],"explanation":"ISSUED AL record for job 122195793 at 123 EAST 18 STREET in MANHATTAN."},"geometry":{"type":"Point","coordinates":[-73.987284,40.736608]}},{"type":"Feature","id":"nyc_dob_permit_3205630","properties":{"city_id":"nyc","event_id":"nyc_dob_permit_3205630","title":"DOB permit issued: EW at 237 PARK AVENUE, MANHATTAN","year":2017,"effective_date":"2017-01-25","date_precision":"day","category":"built_environment","lens":"built_environment","confidence":"documented","source_ids":["ipu4-2q9a"],"explanation":"ISSUED EW record for job 122739135 at 237 PARK AVENUE in MANHATTAN."},"geometry":{"type":"Point","coordinates":[-73.975514,40.753904]}},{"type":"Feature","id":"nyc_dob_permit_3205878","properties":{"city_id":"nyc","event_id":"nyc_dob_permit_3205878","title":"DOB permit issued: PL at 1 7TH AVENUE, MANHATTAN","year":2017,"effective_date":"2017-01-26","date_precision":"day","category":"built_environment","lens":"built_environment","confidence":"documented","source_ids":["ipu4-2q9a"],"explanation":"ISSUED PL record for job 122932425 at 1 7TH AVENUE in MANHATTAN."},"geometry":{"type":"Point","coordinates":[-74.001018,40.736658]}},{"type":"Feature","id":"nyc_dob_permit_3205880","properties":{"city_id":"nyc","event_id":"nyc_dob_permit_3205880","title":"DOB permit issued: EW at 35 EAST 38 STREET, MANHATTAN","year":2017,"effective_date":"2017-01-26","date_precision":"day","category":"built_environment","lens":"built_environment","confidence":"documented","source_ids":["ipu4-2q9a"],"explanation":"ISSUED EW record for job 122975968 at 35 EAST 38 STREET in MANHATTAN."},"geometry":{"type":"Point","coordinates":[-73.980395,40.749988]}},{"type":"Feature","id":"nyc_dob_permit_3205889","properties":{"city_id":"nyc","event_id":"nyc_dob_permit_3205889","title":"DOB permit issued: EW at 329 VAN BRUNT STREET, BROOKLYN","year":2017,"effective_date":"2017-01-26","date_precision":"day","category":"built_environment","lens":"built_environment","confidence":"documented","source_ids":["ipu4-2q9a"],"explanation":"ISSUED EW record for job 321390222 at 329 VAN BRUNT STREET in BROOKLYN."},"geometry":{"type":"Point","coordinates":[-74.012204,40.677936]}},{"type":"Feature","id":"nyc_dob_permit_3206026","properties":{"city_id":"nyc","event_id":"nyc_dob_permit_3206026","title":"DOB permit issued: PL at 22-11 STEINWAY STREET, QUEENS","year":2017,"effective_date":"2017-01-26","date_precision":"day","category":"built_environment","lens":"built_environment","confidence":"documented","source_ids":["ipu4-2q9a"],"explanation":"ISSUED PL record for job 440374266 at 22-11 STEINWAY STREET in QUEENS."},"geometry":{"type":"Point","coordinates":[-73.906531,40.772456]}},{"type":"Feature","id":"nyc_dob_permit_3206109","properties":{"city_id":"nyc","event_id":"nyc_dob_permit_3206109","title":"DOB permit issued: EQ at 1178 GATES AVE, BROOKLYN","year":2017,"effective_date":"2017-01-26","date_precision":"day","category":"built_environment","lens":"built_environment","confidence":"documented","source_ids":["ipu4-2q9a"],"explanation":"ISSUED EQ record for job 340465749 at 1178 GATES AVE in BROOKLYN."},"geometry":{"type":"Point","coordinates":[-73.919849,40.69174]}},{"type":"Feature","id":"nyc_dob_permit_3206419","properties":{"city_id":"nyc","event_id":"nyc_dob_permit_3206419","title":"DOB permit issued: DM at 86 DELANCEY ST, MANHATTAN","year":2017,"effective_date":"2017-01-26","date_precision":"day","category":"built_environment","lens":"built_environment","confidence":"documented","source_ids":["ipu4-2q9a"],"explanation":"ISSUED DM record for job 122802529 at 86 DELANCEY ST in MANHATTAN."},"geometry":{"type":"Point","coordinates":[-73.98965,40.718998]}},{"type":"Feature","id":"nyc_dob_permit_3206421","properties":{"city_id":"nyc","event_id":"nyc_dob_permit_3206421","title":"DOB permit issued: EW at 5550 NETHERLAND AVE, BRONX","year":2017,"effective_date":"2017-01-26","date_precision":"day","category":"built_environment","lens":"built_environment","confidence":"documented","source_ids":["ipu4-2q9a"],"explanation":"ISSUED EW record for job 220472209 at 5550 NETHERLAND AVE in BRONX."},"geometry":{"type":"Point","coordinates":[-73.906375,40.903779]}},{"type":"Feature","id":"nyc_dob_permit_3206597","properties":{"city_id":"nyc","event_id":"nyc_dob_permit_3206597","title":"DOB permit issued: PL at 220 EAST 22ND STREET, MANHATTAN","year":2017,"effective_date":"2017-01-26","date_precision":"day","category":"built_environment","lens":"built_environment","confidence":"documented","source_ids":["ipu4-2q9a"],"explanation":"ISSUED PL record for job 140439862 at 220 EAST 22ND STREET in MANHATTAN."},"geometry":{"type":"Point","coordinates":[-73.982982,40.737884]}},{"type":"Feature","id":"nyc_dob_permit_3206804","properties":{"city_id":"nyc","event_id":"nyc_dob_permit_3206804","title":"DOB permit issued: EW at 645 MADISON AVENUE, MANHATTAN","year":2017,"effective_date":"2017-01-27","date_precision":"day","category":"built_environment","lens":"built_environment","confidence":"documented","source_ids":["ipu4-2q9a"],"explanation":"ISSUED EW record for job 123005817 at 645 MADISON AVENUE in MANHATTAN."},"geometry":{"type":"Point","coordinates":[-73.97111,40.763987]}},{"type":"Feature","id":"nyc_dob_permit_3206942","properties":{"city_id":"nyc","event_id":"nyc_dob_permit_3206942","title":"DOB permit issued: EQ at 1333 BROADWAY, MANHATTAN","year":2017,"effective_date":"2017-01-30","date_precision":"day","category":"built_environment","lens":"built_environment","confidence":"documented","source_ids":["ipu4-2q9a"],"explanation":"ISSUED EQ record for job 122961562 at 1333 BROADWAY in MANHATTAN."},"geometry":{"type":"Point","coordinates":[-73.987761,40.750829]}},{"type":"Feature","id":"nyc_dob_permit_3207110","properties":{"city_id":"nyc","event_id":"nyc_dob_permit_3207110","title":"DOB permit issued: EW at 55 WATER STREET, BROOKLYN","year":2017,"effective_date":"2017-02-03","date_precision":"day","category":"built_environment","lens":"built_environment","confidence":"documented","source_ids":["ipu4-2q9a"],"explanation":"ISSUED EW record for job 321511565 at 55 WATER STREET in BROOKLYN."},"geometry":{"type":"Point","coordinates":[-73.992047,40.703301]}},{"type":"Feature","id":"nyc_dob_permit_3207256","properties":{"city_id":"nyc","event_id":"nyc_dob_permit_3207256","title":"DOB permit issued: EQ at 591 RUTLAND ROAD, BROOKLYN","year":2017,"effective_date":"2017-01-27","date_precision":"day","category":"built_environment","lens":"built_environment","confidence":"documented","source_ids":["ipu4-2q9a"],"explanation":"ISSUED EQ record for job 340466515 at 591 RUTLAND ROAD in BROOKLYN."},"geometry":{"type":"Point","coordinates":[-73.941214,40.659985]}},{"type":"Feature","id":"nyc_dob_permit_3207259","properties":{"city_id":"nyc","event_id":"nyc_dob_permit_3207259","title":"DOB permit issued: NB at 94 AMITY STREET, BROOKLYN","year":2017,"effective_date":"2017-01-27","date_precision":"day","category":"built_environment","lens":"built_environment","confidence":"documented","source_ids":["ipu4-2q9a"],"explanation":"ISSUED NB record for job 320909549 at 94 AMITY STREET in BROOKLYN."},"geometry":{"type":"Point","coordinates":[-73.997252,40.689528]}},{"type":"Feature","id":"nyc_dob_permit_3207288","properties":{"city_id":"nyc","event_id":"nyc_dob_permit_3207288","title":"DOB permit issued: EW at 120 WEST 45TH STREET, MANHATTAN","year":2017,"effective_date":"2017-01-27","date_precision":"day","category":"built_environment","lens":"built_environment","confidence":"documented","source_ids":["ipu4-2q9a"],"explanation":"ISSUED EW record for job 122963588 at 120 WEST 45TH STREET in MANHATTAN."},"geometry":{"type":"Point","coordinates":[-73.983544,40.757117]}},{"type":"Feature","id":"nyc_dob_permit_3207828","properties":{"city_id":"nyc","event_id":"nyc_dob_permit_3207828","title":"DOB permit issued: NB at 797 STERLING PLACE, BROOKLYN","year":2017,"effective_date":"2017-01-30","date_precision":"day","category":"built_environment","lens":"built_environment","confidence":"documented","source_ids":["ipu4-2q9a"],"explanation":"ISSUED NB record for job 320909745 at 797 STERLING PLACE in BROOKLYN."},"geometry":{"type":"Point","coordinates":[-73.951989,40.672635]}},{"type":"Feature","id":"nyc_dob_permit_3207878","properties":{"city_id":"nyc","event_id":"nyc_dob_permit_3207878","title":"DOB permit issued: EW at 2228 VALENTINE AVENUE, BRONX","year":2017,"effective_date":"2017-01-30","date_precision":"day","category":"built_environment","lens":"built_environment","confidence":"documented","source_ids":["ipu4-2q9a"],"explanation":"ISSUED EW record for job 240171345 at 2228 VALENTINE AVENUE in BRONX."},"geometry":{"type":"Point","coordinates":[-73.89862,40.855708]}},{"type":"Feature","id":"nyc_dob_permit_3207967","properties":{"city_id":"nyc","event_id":"nyc_dob_permit_3207967","title":"DOB permit issued: PL at 2417 EAST 69TH STREET, BROOKLYN","year":2017,"effective_date":"2017-01-30","date_precision":"day","category":"built_environment","lens":"built_environment","confidence":"documented","source_ids":["ipu4-2q9a"],"explanation":"ISSUED PL record for job 320625855 at 2417 EAST 69TH STREET in BROOKLYN."},"geometry":{"type":"Point","coordinates":[-73.903108,40.613674]}},{"type":"Feature","id":"nyc_dob_permit_3208009","properties":{"city_id":"nyc","event_id":"nyc_dob_permit_3208009","title":"DOB permit issued: PL at 2423 EAST 69 STREET, BROOKLYN","year":2017,"effective_date":"2017-01-30","date_precision":"day","category":"built_environment","lens":"built_environment","confidence":"documented","source_ids":["ipu4-2q9a"],"explanation":"ISSUED PL record for job 320625864 at 2423 EAST 69 STREET in BROOKLYN."},"geometry":{"type":"Point","coordinates":[-73.903051,40.613621]}},{"type":"Feature","id":"nyc_dob_permit_3208241","properties":{"city_id":"nyc","event_id":"nyc_dob_permit_3208241","title":"DOB permit issued: NB at 101 DOUGLASS STREET, BROOKLYN","year":2017,"effective_date":"2017-01-31","date_precision":"day","category":"built_environment","lens":"built_environment","confidence":"documented","source_ids":["ipu4-2q9a"],"explanation":"ISSUED NB record for job 321004603 at 101 DOUGLASS STREET in BROOKLYN."},"geometry":{"type":"Point","coordinates":[-73.991282,40.683034]}},{"type":"Feature","id":"nyc_dob_permit_3208302","properties":{"city_id":"nyc","event_id":"nyc_dob_permit_3208302","title":"DOB permit issued: EW at 27 EAST 79 STREET, MANHATTAN","year":2017,"effective_date":"2017-01-31","date_precision":"day","category":"built_environment","lens":"built_environment","confidence":"documented","source_ids":["ipu4-2q9a"],"explanation":"ISSUED EW record for job 122987143 at 27 EAST 79 STREET in MANHATTAN."},"geometry":{"type":"Point","coordinates":[-73.962573,40.77652]}},{"type":"Feature","id":"nyc_dob_permit_3208423","properties":{"city_id":"nyc","event_id":"nyc_dob_permit_3208423","title":"DOB permit issued: EW at 119 FIFTH AVENUE, MANHATTAN","year":2017,"effective_date":"2017-01-31","date_precision":"day","category":"built_environment","lens":"built_environment","confidence":"documented","source_ids":["ipu4-2q9a"],"explanation":"ISSUED EW record for job 122997089 at 119 FIFTH AVENUE in MANHATTAN."},"geometry":{"type":"Point","coordinates":[-73.991303,40.739172]}},{"type":"Feature","id":"nyc_dob_permit_3208431","properties":{"city_id":"nyc","event_id":"nyc_dob_permit_3208431","title":"DOB permit issued: NB at 92-43 173 STREET, QUEENS","year":2017,"effective_date":"2017-01-31","date_precision":"day","category":"built_environment","lens":"built_environment","confidence":"documented","source_ids":["ipu4-2q9a"],"explanation":"ISSUED NB record for job 420607686 at 92-43 173 STREET in QUEENS."},"geometry":{"type":"Point","coordinates":[-73.78641,40.707105]}},{"type":"Feature","id":"nyc_dob_permit_3208712","properties":{"city_id":"nyc","event_id":"nyc_dob_permit_3208712","title":"DOB permit issued: EW at 226 CORBIN AVENUE, STATEN ISLAND","year":2017,"effective_date":"2017-01-31","date_precision":"day","category":"built_environment","lens":"built_environment","confidence":"documented","source_ids":["ipu4-2q9a"],"explanation":"ISSUED EW record for job 540121544 at 226 CORBIN AVENUE in STATEN ISLAND."},"geometry":{"type":"Point","coordinates":[-74.147241,40.561255]}},{"type":"Feature","id":"nyc_dob_permit_3208850","properties":{"city_id":"nyc","event_id":"nyc_dob_permit_3208850","title":"DOB permit issued: EW at 415 EAST 54 STREET, MANHATTAN","year":2017,"effective_date":"2017-01-31","date_precision":"day","category":"built_environment","lens":"built_environment","confidence":"documented","source_ids":["ipu4-2q9a"],"explanation":"ISSUED EW record for job 122765953 at 415 EAST 54 STREET in MANHATTAN."},"geometry":{"type":"Point","coordinates":[-73.963761,40.756157]}},{"type":"Feature","id":"nyc_dob_permit_3209147","properties":{"city_id":"nyc","event_id":"nyc_dob_permit_3209147","title":"DOB permit issued: PL at 666 FIFTH AVENUE, MANHATTAN","year":2017,"effective_date":"2017-02-01","date_precision":"day","category":"built_environment","lens":"built_environment","confidence":"documented","source_ids":["ipu4-2q9a"],"explanation":"ISSUED PL record for job 122905188 at 666 FIFTH AVENUE in MANHATTAN."},"geometry":{"type":"Point","coordinates":[-73.976421,40.760549]}},{"type":"Feature","id":"nyc_dob_permit_3209173","properties":{"city_id":"nyc","event_id":"nyc_dob_permit_3209173","title":"DOB permit issued: EW at 1035 FLUSHING AVE, BROOKLYN","year":2017,"effective_date":"2017-02-01","date_precision":"day","category":"built_environment","lens":"built_environment","confidence":"documented","source_ids":["ipu4-2q9a"],"explanation":"ISSUED EW record for job 321516061 at 1035 FLUSHING AVE in BROOKLYN."},"geometry":{"type":"Point","coordinates":[-73.930896,40.703884]}},{"type":"Feature","id":"nyc_dob_permit_3209280","properties":{"city_id":"nyc","event_id":"nyc_dob_permit_3209280","title":"DOB permit issued: EW at 27 WEST 72ND STREET, MANHATTAN","year":2017,"effective_date":"2017-02-01","date_precision":"day","category":"built_environment","lens":"built_environment","confidence":"documented","source_ids":["ipu4-2q9a"],"explanation":"ISSUED EW record for job 122340396 at 27 WEST 72ND STREET in MANHATTAN."},"geometry":{"type":"Point","coordinates":[-73.977766,40.776988]}},{"type":"Feature","id":"nyc_dob_permit_3209497","properties":{"city_id":"nyc","event_id":"nyc_dob_permit_3209497","title":"DOB permit issued: EW at 17 WEST 125 STREET, MANHATTAN","year":2017,"effective_date":"2017-02-01","date_precision":"day","category":"built_environment","lens":"built_environment","confidence":"documented","source_ids":["ipu4-2q9a"],"explanation":"ISSUED EW record for job 122853475 at 17 WEST 125 STREET in MANHATTAN."},"geometry":{"type":"Point","coordinates":[-73.942912,40.806698]}},{"type":"Feature","id":"nyc_dob_permit_3209502","properties":{"city_id":"nyc","event_id":"nyc_dob_permit_3209502","title":"DOB permit issued: PL at 2831 BRAGG STREET, BROOKLYN","year":2017,"effective_date":"2017-02-01","date_precision":"day","category":"built_environment","lens":"built_environment","confidence":"documented","source_ids":["ipu4-2q9a"],"explanation":"ISSUED PL record for job 340431811 at 2831 BRAGG STREET in BROOKLYN."},"geometry":{"type":"Point","coordinates":[-73.933108,40.584828]}},{"type":"Feature","id":"nyc_dob_permit_3209861","properties":{"city_id":"nyc","event_id":"nyc_dob_permit_3209861","title":"DOB permit issued: PL at 99-45 64 ROAD, QUEENS","year":2017,"effective_date":"2017-02-02","date_precision":"day","category":"built_environment","lens":"built_environment","confidence":"documented","source_ids":["ipu4-2q9a"],"explanation":"ISSUED PL record for job 421178576 at 99-45 64 ROAD in QUEENS."},"geometry":{"type":"Point","coordinates":[-73.854272,40.730794]}},{"type":"Feature","id":"nyc_dob_permit_3210082","properties":{"city_id":"nyc","event_id":"nyc_dob_permit_3210082","title":"DOB permit issued: SG at 4360 HYLAN BLVD, STATEN ISLAND","year":2017,"effective_date":"2017-02-02","date_precision":"day","category":"built_environment","lens":"built_environment","confidence":"documented","source_ids":["ipu4-2q9a"],"explanation":"ISSUED SG record for job 520289973 at 4360 HYLAN BLVD in STATEN ISLAND."},"geometry":{"type":"Point","coordinates":[-74.153862,40.534355]}},{"type":"Feature","id":"nyc_dob_permit_3210130","properties":{"city_id":"nyc","event_id":"nyc_dob_permit_3210130","title":"DOB permit issued: PL at 15 CLIFF ST., MANHATTAN","year":2017,"effective_date":"2017-02-02","date_precision":"day","category":"built_environment","lens":"built_environment","confidence":"documented","source_ids":["ipu4-2q9a"],"explanation":"ISSUED PL record for job 140587069 at 15 CLIFF ST. in MANHATTAN."},"geometry":{"type":"Point","coordinates":[-74.00545,40.708143]}},{"type":"Feature","id":"nyc_dob_permit_3210132","properties":{"city_id":"nyc","event_id":"nyc_dob_permit_3210132","title":"DOB permit issued: EW at 17 EAST 80 STREET, MANHATTAN","year":2017,"effective_date":"2017-02-02","date_precision":"day","category":"built_environment","lens":"built_environment","confidence":"documented","source_ids":["ipu4-2q9a"],"explanation":"ISSUED EW record for job 103160847 at 17 EAST 80 STREET in MANHATTAN."},"geometry":{"type":"Point","coordinates":[-73.962457,40.777362]}},{"type":"Feature","id":"nyc_dob_permit_3210356","properties":{"city_id":"nyc","event_id":"nyc_dob_permit_3210356","title":"DOB permit issued: PL at 75-20 ASTORIA BLVD, QUEENS","year":2017,"effective_date":"2017-02-02","date_precision":"day","category":"built_environment","lens":"built_environment","confidence":"documented","source_ids":["ipu4-2q9a"],"explanation":"ISSUED PL record for job 421396233 at 75-20 ASTORIA BLVD in QUEENS."},"geometry":{"type":"Point","coordinates":[-73.892382,40.765724]}},{"type":"Feature","id":"nyc_dob_permit_3210739","properties":{"city_id":"nyc","event_id":"nyc_dob_permit_3210739","title":"DOB permit issued: EQ at 229 HUDSON STREET, MANHATTAN","year":2017,"effective_date":"2017-02-03","date_precision":"day","category":"built_environment","lens":"built_environment","confidence":"documented","source_ids":["ipu4-2q9a"],"explanation":"ISSUED EQ record for job 121799580 at 229 HUDSON STREET in MANHATTAN."},"geometry":{"type":"Point","coordinates":[-74.007843,40.724238]}},{"type":"Feature","id":"nyc_dob_permit_3210770","properties":{"city_id":"nyc","event_id":"nyc_dob_permit_3210770","title":"DOB permit issued: FO at 172-03 67TH AVE., QUEENS","year":2017,"effective_date":"2017-02-03","date_precision":"day","category":"built_environment","lens":"built_environment","confidence":"documented","source_ids":["ipu4-2q9a"],"explanation":"ISSUED FO record for job 421143113 at 172-03 67TH AVE. in QUEENS."},"geometry":{"type":"Point","coordinates":[-73.797392,40.73466]}},{"type":"Feature","id":"nyc_dob_permit_3210829","properties":{"city_id":"nyc","event_id":"nyc_dob_permit_3210829","title":"DOB permit issued: EW at 21301 JAMAICA AVE, QUEENS","year":2017,"effective_date":"2017-02-03","date_precision":"day","category":"built_environment","lens":"built_environment","confidence":"documented","source_ids":["ipu4-2q9a"],"explanation":"ISSUED EW record for job 421429289 at 21301 JAMAICA AVE in QUEENS."},"geometry":{"type":"Point","coordinates":[-73.744597,40.716209]}},{"type":"Feature","id":"nyc_dob_permit_3210890","properties":{"city_id":"nyc","event_id":"nyc_dob_permit_3210890","title":"DOB permit issued: EQ at 1749 BROOKHAVEN AVENUE, QUEENS","year":2017,"effective_date":"2017-02-03","date_precision":"day","category":"built_environment","lens":"built_environment","confidence":"documented","source_ids":["ipu4-2q9a"],"explanation":"ISSUED EQ record for job 440229584 at 1749 BROOKHAVEN AVENUE in QUEENS."},"geometry":{"type":"Point","coordinates":[-73.750987,40.598908]}},{"type":"Feature","id":"nyc_dob_permit_3210919","properties":{"city_id":"nyc","event_id":"nyc_dob_permit_3210919","title":"DOB permit issued: EW at 1 PENN PLAZA, MANHATTAN","year":2017,"effective_date":"2017-02-03","date_precision":"day","category":"built_environment","lens":"built_environment","confidence":"documented","source_ids":["ipu4-2q9a"],"explanation":"ISSUED EW record for job 122963427 at 1 PENN PLAZA in MANHATTAN."},"geometry":{"type":"Point","coordinates":[-73.992926,40.751098]}},{"type":"Feature","id":"nyc_dob_permit_3211060","properties":{"city_id":"nyc","event_id":"nyc_dob_permit_3211060","title":"DOB permit issued: EW at 175 RIVERSIDE DRIVE, MANHATTAN","year":2017,"effective_date":"2017-02-03","date_precision":"day","category":"built_environment","lens":"built_environment","confidence":"documented","source_ids":["ipu4-2q9a"],"explanation":"ISSUED EW record for job 122971560 at 175 RIVERSIDE DRIVE in MANHATTAN."},"geometry":{"type":"Point","coordinates":[-73.978176,40.791949]}},{"type":"Feature","id":"nyc_dob_permit_3211069","properties":{"city_id":"nyc","event_id":"nyc_dob_permit_3211069","title":"DOB permit issued: PL at 575 EVERGREEN AVE, BROOKLYN","year":2017,"effective_date":"2017-02-03","date_precision":"day","category":"built_environment","lens":"built_environment","confidence":"documented","source_ids":["ipu4-2q9a"],"explanation":"ISSUED PL record for job 340467747 at 575 EVERGREEN AVE in BROOKLYN."},"geometry":{"type":"Point","coordinates":[-73.913593,40.689216]}},{"type":"Feature","id":"nyc_dob_permit_3211070","properties":{"city_id":"nyc","event_id":"nyc_dob_permit_3211070","title":"DOB permit issued: PL at 166-07 25TH DR, QUEENS","year":2017,"effective_date":"2017-02-03","date_precision":"day","category":"built_environment","lens":"built_environment","confidence":"documented","source_ids":["ipu4-2q9a"],"explanation":"ISSUED PL record for job 421430071 at 166-07 25TH DR in QUEENS."},"geometry":{"type":"Point","coordinates":[-73.79823,40.773744]}},{"type":"Feature","id":"nyc_dob_permit_3211072","properties":{"city_id":"nyc","event_id":"nyc_dob_permit_3211072","title":"DOB permit issued: EW at 328 E 14 ST, MANHATTAN","year":2017,"effective_date":"2017-02-03","date_precision":"day","category":"built_environment","lens":"built_environment","confidence":"documented","source_ids":["ipu4-2q9a"],"explanation":"ISSUED EW record for job 123013577 at 328 E 14 ST in MANHATTAN."},"geometry":{"type":"Point","coordinates":[-73.983882,40.731898]}},{"type":"Feature","id":"nyc_dob_permit_3211073","properties":{"city_id":"nyc","event_id":"nyc_dob_permit_3211073","title":"DOB permit issued: EW at 244 WEST 39 STREET, MANHATTAN","year":2017,"effective_date":"2017-02-03","date_precision":"day","category":"built_environment","lens":"built_environment","confidence":"documented","source_ids":["ipu4-2q9a"],"explanation":"ISSUED EW record for job 140601533 at 244 WEST 39 STREET in MANHATTAN."},"geometry":{"type":"Point","coordinates":[-73.989659,40.75468]}},{"type":"Feature","id":"nyc_dob_permit_3211081","properties":{"city_id":"nyc","event_id":"nyc_dob_permit_3211081","title":"DOB permit issued: PL at 187-15 HILBURN AVENUE, QUEENS","year":2017,"effective_date":"2017-02-03","date_precision":"day","category":"built_environment","lens":"built_environment","confidence":"documented","source_ids":["ipu4-2q9a"],"explanation":"ISSUED PL record for job 421422552 at 187-15 HILBURN AVENUE in QUEENS."},"geometry":{"type":"Point","coordinates":[-73.768124,40.701745]}},{"type":"Feature","id":"nyc_dob_permit_3211171","properties":{"city_id":"nyc","event_id":"nyc_dob_permit_3211171","title":"DOB permit issued: PL at 1 MORTON SQUARE, MANHATTAN","year":2017,"effective_date":"2017-02-03","date_precision":"day","category":"built_environment","lens":"built_environment","confidence":"documented","source_ids":["ipu4-2q9a"],"explanation":"ISSUED PL record for job 122883816 at 1 MORTON SQUARE in MANHATTAN."},"geometry":{"type":"Point","coordinates":[-74.009139,40.731166]}},{"type":"Feature","id":"nyc_fdny_fire_incident_1700101470140020","properties":{"city_id":"nyc","event_id":"nyc_fdny_fire_incident_1700101470140020","title":"FDNY dispatch incident: Odor - Other Smoke, Brooklyn","year":2017,"effective_date":"2017-01-01","date_precision":"day","category":"civic_services","lens":"services","confidence":"documented","source_ids":["8m42-w767"],"explanation":"Observed FDNY dispatch incident record for Odor - Other Smoke in Brooklyn."},"geometry":{"type":"Point","coordinates":[-73.9442,40.6782]}},{"type":"Feature","id":"nyc_fdny_fire_incident_1700101480110010","properties":{"city_id":"nyc","event_id":"nyc_fdny_fire_incident_1700101480110010","title":"FDNY dispatch incident: Assist Civilian - Non-Medical, Manhattan","year":2017,"effective_date":"2017-01-01","date_precision":"day","category":"civic_services","lens":"services","confidence":"documented","source_ids":["8m42-w767"],"explanation":"Observed FDNY dispatch incident record for Assist Civilian - Non-Medical in Manhattan."},"geometry":{"type":"Point","coordinates":[-73.9712,40.7831]}},{"type":"Feature","id":"nyc_fdny_fire_incident_1700101760110030","properties":{"city_id":"nyc","event_id":"nyc_fdny_fire_incident_1700101760110030","title":"FDNY dispatch incident: Non-Medical MFA - ERS No Contact, Manhattan","year":2017,"effective_date":"2017-01-01","date_precision":"day","category":"civic_services","lens":"services","confidence":"documented","source_ids":["8m42-w767"],"explanation":"Observed FDNY dispatch incident record for Non-Medical MFA - ERS No Contact in Manhattan."},"geometry":{"type":"Point","coordinates":[-73.9712,40.7831]}},{"type":"Feature","id":"nyc_fdny_fire_incident_1700102410140010","properties":{"city_id":"nyc","event_id":"nyc_fdny_fire_incident_1700102410140010","title":"FDNY dispatch incident: Demolition Debris or Rubbish Fire, Brooklyn","year":2017,"effective_date":"2017-01-01","date_precision":"day","category":"civic_services","lens":"services","confidence":"documented","source_ids":["8m42-w767"],"explanation":"Observed FDNY dispatch incident record for Demolition Debris or Rubbish Fire in Brooklyn."},"geometry":{"type":"Point","coordinates":[-73.9442,40.6782]}},{"type":"Feature","id":"nyc_fdny_fire_incident_1700102870110050","properties":{"city_id":"nyc","event_id":"nyc_fdny_fire_incident_1700102870110050","title":"FDNY dispatch incident: Medical - Assist Civilian, Manhattan","year":2017,"effective_date":"2017-01-01","date_precision":"day","category":"civic_services","lens":"services","confidence":"documented","source_ids":["8m42-w767"],"explanation":"Observed FDNY dispatch incident record for Medical - Assist Civilian in Manhattan."},"geometry":{"type":"Point","coordinates":[-73.9712,40.7831]}},{"type":"Feature","id":"nyc_fdny_fire_incident_1700103250140000","properties":{"city_id":"nyc","event_id":"nyc_fdny_fire_incident_1700103250140000","title":"FDNY dispatch incident: Odor - Other Smoke, Brooklyn","year":2017,"effective_date":"2017-01-01","date_precision":"day","category":"civic_services","lens":"services","confidence":"documented","source_ids":["8m42-w767"],"explanation":"Observed FDNY dispatch incident record for Odor - Other Smoke in Brooklyn."},"geometry":{"type":"Point","coordinates":[-73.9442,40.6782]}},{"type":"Feature","id":"nyc_fdny_fire_incident_1700104370110030","properties":{"city_id":"nyc","event_id":"nyc_fdny_fire_incident_1700104370110030","title":"FDNY dispatch incident: Medical - Assist Civilian, Manhattan","year":2017,"effective_date":"2017-01-01","date_precision":"day","category":"civic_services","lens":"services","confidence":"documented","source_ids":["8m42-w767"],"explanation":"Observed FDNY dispatch incident record for Medical - Assist Civilian in Manhattan."},"geometry":{"type":"Point","coordinates":[-73.9712,40.7831]}},{"type":"Feature","id":"nyc_fdny_fire_incident_1700105440110000","properties":{"city_id":"nyc","event_id":"nyc_fdny_fire_incident_1700105440110000","title":"FDNY dispatch incident: Medical - PD Link 10-91, Manhattan","year":2017,"effective_date":"2017-01-01","date_precision":"day","category":"civic_services","lens":"services","confidence":"documented","source_ids":["8m42-w767"],"explanation":"Observed FDNY dispatch incident record for Medical - PD Link 10-91 in Manhattan."},"geometry":{"type":"Point","coordinates":[-73.9712,40.7831]}},{"type":"Feature","id":"nyc_fdny_fire_incident_1700105710110060","properties":{"city_id":"nyc","event_id":"nyc_fdny_fire_incident_1700105710110060","title":"FDNY dispatch incident: Odor - Other Smoke, Manhattan","year":2017,"effective_date":"2017-01-01","date_precision":"day","category":"civic_services","lens":"services","confidence":"documented","source_ids":["8m42-w767"],"explanation":"Observed FDNY dispatch incident record for Odor - Other Smoke in Manhattan."},"geometry":{"type":"Point","coordinates":[-73.9712,40.7831]}},{"type":"Feature","id":"nyc_fdny_fire_incident_1700105910140000","properties":{"city_id":"nyc","event_id":"nyc_fdny_fire_incident_1700105910140000","title":"FDNY dispatch incident: Alarm System - Defective, Brooklyn","year":2017,"effective_date":"2017-01-01","date_precision":"day","category":"civic_services","lens":"services","confidence":"documented","source_ids":["8m42-w767"],"explanation":"Observed FDNY dispatch incident record for Alarm System - Defective in Brooklyn."},"geometry":{"type":"Point","coordinates":[-73.9442,40.6782]}},{"type":"Feature","id":"nyc_fdny_fire_incident_1700105910240050","properties":{"city_id":"nyc","event_id":"nyc_fdny_fire_incident_1700105910240050","title":"FDNY dispatch incident: Medical - Assist Civilian, Brooklyn","year":2017,"effective_date":"2017-01-01","date_precision":"day","category":"civic_services","lens":"services","confidence":"documented","source_ids":["8m42-w767"],"explanation":"Observed FDNY dispatch incident record for Medical - Assist Civilian in Brooklyn."},"geometry":{"type":"Point","coordinates":[-73.9442,40.6782]}},{"type":"Feature","id":"nyc_fdny_fire_incident_1700105950140020","properties":{"city_id":"nyc","event_id":"nyc_fdny_fire_incident_1700105950140020","title":"FDNY dispatch incident: Odor - Other Smoke, Brooklyn","year":2017,"effective_date":"2017-01-01","date_precision":"day","category":"civic_services","lens":"services","confidence":"documented","source_ids":["8m42-w767"],"explanation":"Observed FDNY dispatch incident record for Odor - Other Smoke in Brooklyn."},"geometry":{"type":"Point","coordinates":[-73.9442,40.6782]}},{"type":"Feature","id":"nyc_fdny_fire_incident_1700106070110020","properties":{"city_id":"nyc","event_id":"nyc_fdny_fire_incident_1700106070110020","title":"FDNY dispatch incident: Medical - EMS Link 10-91, Manhattan","year":2017,"effective_date":"2017-01-01","date_precision":"day","category":"civic_services","lens":"services","confidence":"documented","source_ids":["8m42-w767"],"explanation":"Observed FDNY dispatch incident record for Medical - EMS Link 10-91 in Manhattan."},"geometry":{"type":"Point","coordinates":[-73.9712,40.7831]}},{"type":"Feature","id":"nyc_fdny_fire_incident_1700106570140020","properties":{"city_id":"nyc","event_id":"nyc_fdny_fire_incident_1700106570140020","title":"FDNY dispatch incident: Odor - Other Than Smoke, Brooklyn","year":2017,"effective_date":"2017-01-01","date_precision":"day","category":"civic_services","lens":"services","confidence":"documented","source_ids":["8m42-w767"],"explanation":"Observed FDNY dispatch incident record for Odor - Other Than Smoke in Brooklyn."},"geometry":{"type":"Point","coordinates":[-73.9442,40.6782]}},{"type":"Feature","id":"nyc_fdny_fire_incident_1700106670110060","properties":{"city_id":"nyc","event_id":"nyc_fdny_fire_incident_1700106670110060","title":"FDNY dispatch incident: Medical - EMS Link 10-91, Manhattan","year":2017,"effective_date":"2017-01-01","date_precision":"day","category":"civic_services","lens":"services","confidence":"documented","source_ids":["8m42-w767"],"explanation":"Observed FDNY dispatch incident record for Medical - EMS Link 10-91 in Manhattan."},"geometry":{"type":"Point","coordinates":[-73.9712,40.7831]}},{"type":"Feature","id":"nyc_fdny_fire_incident_1700107330110040","properties":{"city_id":"nyc","event_id":"nyc_fdny_fire_incident_1700107330110040","title":"FDNY dispatch incident: Medical - Assist Civilian, Manhattan","year":2017,"effective_date":"2017-01-01","date_precision":"day","category":"civic_services","lens":"services","confidence":"documented","source_ids":["8m42-w767"],"explanation":"Observed FDNY dispatch incident record for Medical - Assist Civilian in Manhattan."},"geometry":{"type":"Point","coordinates":[-73.9712,40.7831]}},{"type":"Feature","id":"nyc_fdny_fire_incident_1700107650130000","properties":{"city_id":"nyc","event_id":"nyc_fdny_fire_incident_1700107650130000","title":"FDNY dispatch incident: Alarm System - Defective, Staten Island","year":2017,"effective_date":"2017-01-01","date_precision":"day","category":"civic_services","lens":"services","confidence":"documented","source_ids":["8m42-w767"],"explanation":"Observed FDNY dispatch incident record for Alarm System - Defective in Staten Island."},"geometry":{"type":"Point","coordinates":[-74.1502,40.5795]}},{"type":"Feature","id":"nyc_fdny_fire_incident_1700108190110060","properties":{"city_id":"nyc","event_id":"nyc_fdny_fire_incident_1700108190110060","title":"FDNY dispatch incident: Medical - EMS Link 10-91, Manhattan","year":2017,"effective_date":"2017-01-01","date_precision":"day","category":"civic_services","lens":"services","confidence":"documented","source_ids":["8m42-w767"],"explanation":"Observed FDNY dispatch incident record for Medical - EMS Link 10-91 in Manhattan."},"geometry":{"type":"Point","coordinates":[-73.9712,40.7831]}},{"type":"Feature","id":"nyc_fdny_fire_incident_1700108970130000","properties":{"city_id":"nyc","event_id":"nyc_fdny_fire_incident_1700108970130000","title":"FDNY dispatch incident: Medical - Assist Civilian, Staten Island","year":2017,"effective_date":"2017-01-01","date_precision":"day","category":"civic_services","lens":"services","confidence":"documented","source_ids":["8m42-w767"],"explanation":"Observed FDNY dispatch incident record for Medical - Assist Civilian in Staten Island."},"geometry":{"type":"Point","coordinates":[-74.1502,40.5795]}},{"type":"Feature","id":"nyc_fdny_fire_incident_1700108980110070","properties":{"city_id":"nyc","event_id":"nyc_fdny_fire_incident_1700108980110070","title":"FDNY dispatch incident: Assist Civilian - Non-Medical, Manhattan","year":2017,"effective_date":"2017-01-01","date_precision":"day","category":"civic_services","lens":"services","confidence":"documented","source_ids":["8m42-w767"],"explanation":"Observed FDNY dispatch incident record for Assist Civilian - Non-Medical in Manhattan."},"geometry":{"type":"Point","coordinates":[-73.9712,40.7831]}},{"type":"Feature","id":"nyc_fdny_fire_incident_1700109260140000","properties":{"city_id":"nyc","event_id":"nyc_fdny_fire_incident_1700109260140000","title":"FDNY dispatch incident: Odor - Other Smoke, Brooklyn","year":2017,"effective_date":"2017-01-01","date_precision":"day","category":"civic_services","lens":"services","confidence":"documented","source_ids":["8m42-w767"],"explanation":"Observed FDNY dispatch incident record for Odor - Other Smoke in Brooklyn."},"geometry":{"type":"Point","coordinates":[-73.9442,40.6782]}},{"type":"Feature","id":"nyc_fdny_fire_incident_1700109580140050","properties":{"city_id":"nyc","event_id":"nyc_fdny_fire_incident_1700109580140050","title":"FDNY dispatch incident: Medical - Assist Civilian, Brooklyn","year":2017,"effective_date":"2017-01-01","date_precision":"day","category":"civic_services","lens":"services","confidence":"documented","source_ids":["8m42-w767"],"explanation":"Observed FDNY dispatch incident record for Medical - Assist Civilian in Brooklyn."},"geometry":{"type":"Point","coordinates":[-73.9442,40.6782]}},{"type":"Feature","id":"nyc_fdny_fire_incident_1700110190110010","properties":{"city_id":"nyc","event_id":"nyc_fdny_fire_incident_1700110190110010","title":"FDNY dispatch incident: Assist Civilian - Non-Medical, Manhattan","year":2017,"effective_date":"2017-01-01","date_precision":"day","category":"civic_services","lens":"services","confidence":"documented","source_ids":["8m42-w767"],"explanation":"Observed FDNY dispatch incident record for Assist Civilian - Non-Medical in Manhattan."},"geometry":{"type":"Point","coordinates":[-73.9712,40.7831]}},{"type":"Feature","id":"nyc_fdny_fire_incident_1700110210110010","properties":{"city_id":"nyc","event_id":"nyc_fdny_fire_incident_1700110210110010","title":"FDNY dispatch incident: Assist Civilian - Non-Medical, Manhattan","year":2017,"effective_date":"2017-01-01","date_precision":"day","category":"civic_services","lens":"services","confidence":"documented","source_ids":["8m42-w767"],"explanation":"Observed FDNY dispatch incident record for Assist Civilian - Non-Medical in Manhattan."},"geometry":{"type":"Point","coordinates":[-73.9712,40.7831]}},{"type":"Feature","id":"nyc_fdny_fire_incident_1700111450140000","properties":{"city_id":"nyc","event_id":"nyc_fdny_fire_incident_1700111450140000","title":"FDNY dispatch incident: Medical - Assist Civilian, Brooklyn","year":2017,"effective_date":"2017-01-01","date_precision":"day","category":"civic_services","lens":"services","confidence":"documented","source_ids":["8m42-w767"],"explanation":"Observed FDNY dispatch incident record for Medical - Assist Civilian in Brooklyn."},"geometry":{"type":"Point","coordinates":[-73.9442,40.6782]}},{"type":"Feature","id":"nyc_fdny_fire_incident_1700114430110030","properties":{"city_id":"nyc","event_id":"nyc_fdny_fire_incident_1700114430110030","title":"FDNY dispatch incident: Assist Civilian - Non-Medical, Manhattan","year":2017,"effective_date":"2017-01-01","date_precision":"day","category":"civic_services","lens":"services","confidence":"documented","source_ids":["8m42-w767"],"explanation":"Observed FDNY dispatch incident record for Assist Civilian - Non-Medical in Manhattan."},"geometry":{"type":"Point","coordinates":[-73.9712,40.7831]}},{"type":"Feature","id":"nyc_fdny_fire_incident_1700114930110010","properties":{"city_id":"nyc","event_id":"nyc_fdny_fire_incident_1700114930110010","title":"FDNY dispatch incident: Alarm System - Defective, Manhattan","year":2017,"effective_date":"2017-01-01","date_precision":"day","category":"civic_services","lens":"services","confidence":"documented","source_ids":["8m42-w767"],"explanation":"Observed FDNY dispatch incident record for Alarm System - Defective in Manhattan."},"geometry":{"type":"Point","coordinates":[-73.9712,40.7831]}},{"type":"Feature","id":"nyc_fdny_fire_incident_1700115340110020","properties":{"city_id":"nyc","event_id":"nyc_fdny_fire_incident_1700115340110020","title":"FDNY dispatch incident: Multiple Dwelling 'A' - Food on the stove fire, Manhattan","year":2017,"effective_date":"2017-01-01","date_precision":"day","category":"civic_services","lens":"services","confidence":"documented","source_ids":["8m42-w767"],"explanation":"Observed FDNY dispatch incident record for Multiple Dwelling 'A' - Food on the stove fire in Manhattan."},"geometry":{"type":"Point","coordinates":[-73.9712,40.7831]}},{"type":"Feature","id":"nyc_fdny_fire_incident_1700115960110040","properties":{"city_id":"nyc","event_id":"nyc_fdny_fire_incident_1700115960110040","title":"FDNY dispatch incident: Utility Emergency - Gas, Manhattan","year":2017,"effective_date":"2017-01-01","date_precision":"day","category":"civic_services","lens":"services","confidence":"documented","source_ids":["8m42-w767"],"explanation":"Observed FDNY dispatch incident record for Utility Emergency - Gas in Manhattan."},"geometry":{"type":"Point","coordinates":[-73.9712,40.7831]}},{"type":"Feature","id":"nyc_fdny_fire_incident_1700116130110020","properties":{"city_id":"nyc","event_id":"nyc_fdny_fire_incident_1700116130110020","title":"FDNY dispatch incident: Undefined Emergency, Manhattan","year":2017,"effective_date":"2017-01-01","date_precision":"day","category":"civic_services","lens":"services","confidence":"documented","source_ids":["8m42-w767"],"explanation":"Observed FDNY dispatch incident record for Undefined Emergency in Manhattan."},"geometry":{"type":"Point","coordinates":[-73.9712,40.7831]}},{"type":"Feature","id":"nyc_fdny_fire_incident_1700116130210030","properties":{"city_id":"nyc","event_id":"nyc_fdny_fire_incident_1700116130210030","title":"FDNY dispatch incident: Non-Medical MFA - ERS No Contact, Manhattan","year":2017,"effective_date":"2017-01-01","date_precision":"day","category":"civic_services","lens":"services","confidence":"documented","source_ids":["8m42-w767"],"explanation":"Observed FDNY dispatch incident record for Non-Medical MFA - ERS No Contact in Manhattan."},"geometry":{"type":"Point","coordinates":[-73.9712,40.7831]}},{"type":"Feature","id":"nyc_fdny_fire_incident_1700116500140020","properties":{"city_id":"nyc","event_id":"nyc_fdny_fire_incident_1700116500140020","title":"FDNY dispatch incident: Medical - Assist Civilian, Brooklyn","year":2017,"effective_date":"2017-01-01","date_precision":"day","category":"civic_services","lens":"services","confidence":"documented","source_ids":["8m42-w767"],"explanation":"Observed FDNY dispatch incident record for Medical - Assist Civilian in Brooklyn."},"geometry":{"type":"Point","coordinates":[-73.9442,40.6782]}},{"type":"Feature","id":"nyc_fdny_fire_incident_1700116830110030","properties":{"city_id":"nyc","event_id":"nyc_fdny_fire_incident_1700116830110030","title":"FDNY dispatch incident: Demolition Debris or Rubbish Fire, Manhattan","year":2017,"effective_date":"2017-01-01","date_precision":"day","category":"civic_services","lens":"services","confidence":"documented","source_ids":["8m42-w767"],"explanation":"Observed FDNY dispatch incident record for Demolition Debris or Rubbish Fire in Manhattan."},"geometry":{"type":"Point","coordinates":[-73.9712,40.7831]}},{"type":"Feature","id":"nyc_fdny_fire_incident_1700117270110050","properties":{"city_id":"nyc","event_id":"nyc_fdny_fire_incident_1700117270110050","title":"FDNY dispatch incident: Utility Emergency - Electric, Manhattan","year":2017,"effective_date":"2017-01-01","date_precision":"day","category":"civic_services","lens":"services","confidence":"documented","source_ids":["8m42-w767"],"explanation":"Observed FDNY dispatch incident record for Utility Emergency - Electric in Manhattan."},"geometry":{"type":"Point","coordinates":[-73.9712,40.7831]}},{"type":"Feature","id":"nyc_fdny_fire_incident_1700118730140000","properties":{"city_id":"nyc","event_id":"nyc_fdny_fire_incident_1700118730140000","title":"FDNY dispatch incident: Medical - Assist Civilian, Brooklyn","year":2017,"effective_date":"2017-01-01","date_precision":"day","category":"civic_services","lens":"services","confidence":"documented","source_ids":["8m42-w767"],"explanation":"Observed FDNY dispatch incident record for Medical - Assist Civilian in Brooklyn."},"geometry":{"type":"Point","coordinates":[-73.9442,40.6782]}},{"type":"Feature","id":"nyc_fdny_fire_incident_1700120020140020","properties":{"city_id":"nyc","event_id":"nyc_fdny_fire_incident_1700120020140020","title":"FDNY dispatch incident: Non-Medical MFA - ERS No Contact, Brooklyn","year":2017,"effective_date":"2017-01-01","date_precision":"day","category":"civic_services","lens":"services","confidence":"documented","source_ids":["8m42-w767"],"explanation":"Observed FDNY dispatch incident record for Non-Medical MFA - ERS No Contact in Brooklyn."},"geometry":{"type":"Point","coordinates":[-73.9442,40.6782]}},{"type":"Feature","id":"nyc_fdny_fire_incident_1700121630120040","properties":{"city_id":"nyc","event_id":"nyc_fdny_fire_incident_1700121630120040","title":"FDNY dispatch incident: Medical - EMS Link 10-91, Bronx","year":2017,"effective_date":"2017-01-01","date_precision":"day","category":"civic_services","lens":"services","confidence":"documented","source_ids":["8m42-w767"],"explanation":"Observed FDNY dispatch incident record for Medical - EMS Link 10-91 in Bronx."},"geometry":{"type":"Point","coordinates":[-73.8648,40.8448]}},{"type":"Feature","id":"nyc_fdny_fire_incident_1700122070120000","properties":{"city_id":"nyc","event_id":"nyc_fdny_fire_incident_1700122070120000","title":"FDNY dispatch incident: Alarm System - Defective, Bronx","year":2017,"effective_date":"2017-01-01","date_precision":"day","category":"civic_services","lens":"services","confidence":"documented","source_ids":["8m42-w767"],"explanation":"Observed FDNY dispatch incident record for Alarm System - Defective in Bronx."},"geometry":{"type":"Point","coordinates":[-73.8648,40.8448]}},{"type":"Feature","id":"nyc_fdny_fire_incident_1700123430120040","properties":{"city_id":"nyc","event_id":"nyc_fdny_fire_incident_1700123430120040","title":"FDNY dispatch incident: Non-Medical 10-91 (Unnecessary Alarm), Bronx","year":2017,"effective_date":"2017-01-01","date_precision":"day","category":"civic_services","lens":"services","confidence":"documented","source_ids":["8m42-w767"],"explanation":"Observed FDNY dispatch incident record for Non-Medical 10-91 (Unnecessary Alarm) in Bronx."},"geometry":{"type":"Point","coordinates":[-73.8648,40.8448]}},{"type":"Feature","id":"nyc_fdny_fire_incident_1700124670140040","properties":{"city_id":"nyc","event_id":"nyc_fdny_fire_incident_1700124670140040","title":"FDNY dispatch incident: Medical - Assist Civilian, Brooklyn","year":2017,"effective_date":"2017-01-01","date_precision":"day","category":"civic_services","lens":"services","confidence":"documented","source_ids":["8m42-w767"],"explanation":"Observed FDNY dispatch incident record for Medical - Assist Civilian in Brooklyn."},"geometry":{"type":"Point","coordinates":[-73.9442,40.6782]}},{"type":"Feature","id":"nyc_fdny_fire_incident_1700125750120010","properties":{"city_id":"nyc","event_id":"nyc_fdny_fire_incident_1700125750120010","title":"FDNY dispatch incident: Medical - Assist Civilian, Bronx","year":2017,"effective_date":"2017-01-01","date_precision":"day","category":"civic_services","lens":"services","confidence":"documented","source_ids":["8m42-w767"],"explanation":"Observed FDNY dispatch incident record for Medical - Assist Civilian in Bronx."},"geometry":{"type":"Point","coordinates":[-73.8648,40.8448]}},{"type":"Feature","id":"nyc_fdny_fire_incident_1700125850120000","properties":{"city_id":"nyc","event_id":"nyc_fdny_fire_incident_1700125850120000","title":"FDNY dispatch incident: Alarm System - Defective, Bronx","year":2017,"effective_date":"2017-01-01","date_precision":"day","category":"civic_services","lens":"services","confidence":"documented","source_ids":["8m42-w767"],"explanation":"Observed FDNY dispatch incident record for Alarm System - Defective in Bronx."},"geometry":{"type":"Point","coordinates":[-73.8648,40.8448]}},{"type":"Feature","id":"nyc_fdny_fire_incident_1700127520120010","properties":{"city_id":"nyc","event_id":"nyc_fdny_fire_incident_1700127520120010","title":"FDNY dispatch incident: Non-Medical MFA - Phone, Bronx","year":2017,"effective_date":"2017-01-01","date_precision":"day","category":"civic_services","lens":"services","confidence":"documented","source_ids":["8m42-w767"],"explanation":"Observed FDNY dispatch incident record for Non-Medical MFA - Phone in Bronx."},"geometry":{"type":"Point","coordinates":[-73.8648,40.8448]}},{"type":"Feature","id":"nyc_fdny_fire_incident_1700127980130000","properties":{"city_id":"nyc","event_id":"nyc_fdny_fire_incident_1700127980130000","title":"FDNY dispatch incident: Odor - Other Than Smoke, Staten Island","year":2017,"effective_date":"2017-01-01","date_precision":"day","category":"civic_services","lens":"services","confidence":"documented","source_ids":["8m42-w767"],"explanation":"Observed FDNY dispatch incident record for Odor - Other Than Smoke in Staten Island."},"geometry":{"type":"Point","coordinates":[-74.1502,40.5795]}},{"type":"Feature","id":"nyc_fdny_fire_incident_1700129890120010","properties":{"city_id":"nyc","event_id":"nyc_fdny_fire_incident_1700129890120010","title":"FDNY dispatch incident: Odor - Other Than Smoke, Bronx","year":2017,"effective_date":"2017-01-01","date_precision":"day","category":"civic_services","lens":"services","confidence":"documented","source_ids":["8m42-w767"],"explanation":"Observed FDNY dispatch incident record for Odor - Other Than Smoke in Bronx."},"geometry":{"type":"Point","coordinates":[-73.8648,40.8448]}},{"type":"Feature","id":"nyc_fdny_fire_incident_1700129920120020","properties":{"city_id":"nyc","event_id":"nyc_fdny_fire_incident_1700129920120020","title":"FDNY dispatch incident: Medical - Assist Civilian, Bronx","year":2017,"effective_date":"2017-01-01","date_precision":"day","category":"civic_services","lens":"services","confidence":"documented","source_ids":["8m42-w767"],"explanation":"Observed FDNY dispatch incident record for Medical - Assist Civilian in Bronx."},"geometry":{"type":"Point","coordinates":[-73.8648,40.8448]}},{"type":"Feature","id":"nyc_fdny_fire_incident_1700129920140040","properties":{"city_id":"nyc","event_id":"nyc_fdny_fire_incident_1700129920140040","title":"FDNY dispatch incident: Non-Medical MFA - ERS No Contact, Brooklyn","year":2017,"effective_date":"2017-01-01","date_precision":"day","category":"civic_services","lens":"services","confidence":"documented","source_ids":["8m42-w767"],"explanation":"Observed FDNY dispatch incident record for Non-Medical MFA - ERS No Contact in Brooklyn."},"geometry":{"type":"Point","coordinates":[-73.9442,40.6782]}},{"type":"Feature","id":"nyc_fdny_fire_incident_1700131040150030","properties":{"city_id":"nyc","event_id":"nyc_fdny_fire_incident_1700131040150030","title":"FDNY dispatch incident: Medical - Assist Civilian, Queens","year":2017,"effective_date":"2017-01-01","date_precision":"day","category":"civic_services","lens":"services","confidence":"documented","source_ids":["8m42-w767"],"explanation":"Observed FDNY dispatch incident record for Medical - Assist Civilian in Queens."},"geometry":{"type":"Point","coordinates":[-73.7949,40.7282]}},{"type":"Feature","id":"nyc_fdny_fire_incident_1700131740120000","properties":{"city_id":"nyc","event_id":"nyc_fdny_fire_incident_1700131740120000","title":"FDNY dispatch incident: Odor - Other Than Smoke, Bronx","year":2017,"effective_date":"2017-01-01","date_precision":"day","category":"civic_services","lens":"services","confidence":"documented","source_ids":["8m42-w767"],"explanation":"Observed FDNY dispatch incident record for Odor - Other Than Smoke in Bronx."},"geometry":{"type":"Point","coordinates":[-73.8648,40.8448]}},{"type":"Feature","id":"nyc_fdny_fire_incident_1700132480140050","properties":{"city_id":"nyc","event_id":"nyc_fdny_fire_incident_1700132480140050","title":"FDNY dispatch incident: Demolition Debris or Rubbish Fire, Brooklyn","year":2017,"effective_date":"2017-01-01","date_precision":"day","category":"civic_services","lens":"services","confidence":"documented","source_ids":["8m42-w767"],"explanation":"Observed FDNY dispatch incident record for Demolition Debris or Rubbish Fire in Brooklyn."},"geometry":{"type":"Point","coordinates":[-73.9442,40.6782]}},{"type":"Feature","id":"nyc_fdny_fire_incident_1700132890140000","properties":{"city_id":"nyc","event_id":"nyc_fdny_fire_incident_1700132890140000","title":"FDNY dispatch incident: Alarm System - Unnecessary, Brooklyn","year":2017,"effective_date":"2017-01-01","date_precision":"day","category":"civic_services","lens":"services","confidence":"documented","source_ids":["8m42-w767"],"explanation":"Observed FDNY dispatch incident record for Alarm System - Unnecessary in Brooklyn."},"geometry":{"type":"Point","coordinates":[-73.9442,40.6782]}},{"type":"Feature","id":"nyc_fdny_fire_incident_1700133340120010","properties":{"city_id":"nyc","event_id":"nyc_fdny_fire_incident_1700133340120010","title":"FDNY dispatch incident: Medical - Assist Civilian, Bronx","year":2017,"effective_date":"2017-01-01","date_precision":"day","category":"civic_services","lens":"services","confidence":"documented","source_ids":["8m42-w767"],"explanation":"Observed FDNY dispatch incident record for Medical - Assist Civilian in Bronx."},"geometry":{"type":"Point","coordinates":[-73.8648,40.8448]}},{"type":"Feature","id":"nyc_fdny_fire_incident_1700133420120010","properties":{"city_id":"nyc","event_id":"nyc_fdny_fire_incident_1700133420120010","title":"FDNY dispatch incident: Medical - Assist Civilian, Bronx","year":2017,"effective_date":"2017-01-01","date_precision":"day","category":"civic_services","lens":"services","confidence":"documented","source_ids":["8m42-w767"],"explanation":"Observed FDNY dispatch incident record for Medical - Assist Civilian in Bronx."},"geometry":{"type":"Point","coordinates":[-73.8648,40.8448]}},{"type":"Feature","id":"nyc_fdny_fire_incident_1700133660140040","properties":{"city_id":"nyc","event_id":"nyc_fdny_fire_incident_1700133660140040","title":"FDNY dispatch incident: Demolition Debris or Rubbish Fire, Brooklyn","year":2017,"effective_date":"2017-01-01","date_precision":"day","category":"civic_services","lens":"services","confidence":"documented","source_ids":["8m42-w767"],"explanation":"Observed FDNY dispatch incident record for Demolition Debris or Rubbish Fire in Brooklyn."},"geometry":{"type":"Point","coordinates":[-73.9442,40.6782]}},{"type":"Feature","id":"nyc_fdny_fire_incident_1700133700120000","properties":{"city_id":"nyc","event_id":"nyc_fdny_fire_incident_1700133700120000","title":"FDNY dispatch incident: Non-Medical MFA - ERS No Contact, Bronx","year":2017,"effective_date":"2017-01-01","date_precision":"day","category":"civic_services","lens":"services","confidence":"documented","source_ids":["8m42-w767"],"explanation":"Observed FDNY dispatch incident record for Non-Medical MFA - ERS No Contact in Bronx."},"geometry":{"type":"Point","coordinates":[-73.8648,40.8448]}},{"type":"Feature","id":"nyc_fdny_fire_incident_1700134350120010","properties":{"city_id":"nyc","event_id":"nyc_fdny_fire_incident_1700134350120010","title":"FDNY dispatch incident: Medical - PD Link 10-91, Bronx","year":2017,"effective_date":"2017-01-01","date_precision":"day","category":"civic_services","lens":"services","confidence":"documented","source_ids":["8m42-w767"],"explanation":"Observed FDNY dispatch incident record for Medical - PD Link 10-91 in Bronx."},"geometry":{"type":"Point","coordinates":[-73.8648,40.8448]}},{"type":"Feature","id":"nyc_fdny_fire_incident_1700135030140030","properties":{"city_id":"nyc","event_id":"nyc_fdny_fire_incident_1700135030140030","title":"FDNY dispatch incident: Utility Emergency - Water, Brooklyn","year":2017,"effective_date":"2017-01-01","date_precision":"day","category":"civic_services","lens":"services","confidence":"documented","source_ids":["8m42-w767"],"explanation":"Observed FDNY dispatch incident record for Utility Emergency - Water in Brooklyn."},"geometry":{"type":"Point","coordinates":[-73.9442,40.6782]}},{"type":"Feature","id":"nyc_fdny_fire_incident_1700135140120030","properties":{"city_id":"nyc","event_id":"nyc_fdny_fire_incident_1700135140120030","title":"FDNY dispatch incident: Medical - Assist Civilian, Bronx","year":2017,"effective_date":"2017-01-01","date_precision":"day","category":"civic_services","lens":"services","confidence":"documented","source_ids":["8m42-w767"],"explanation":"Observed FDNY dispatch incident record for Medical - Assist Civilian in Bronx."},"geometry":{"type":"Point","coordinates":[-73.8648,40.8448]}},{"type":"Feature","id":"nyc_fdny_fire_incident_1700135720120040","properties":{"city_id":"nyc","event_id":"nyc_fdny_fire_incident_1700135720120040","title":"FDNY dispatch incident: Non-Medical MFA - ERS No Contact, Bronx","year":2017,"effective_date":"2017-01-01","date_precision":"day","category":"civic_services","lens":"services","confidence":"documented","source_ids":["8m42-w767"],"explanation":"Observed FDNY dispatch incident record for Non-Medical MFA - ERS No Contact in Bronx."},"geometry":{"type":"Point","coordinates":[-73.8648,40.8448]}},{"type":"Feature","id":"nyc_fdny_fire_incident_1700136640130000","properties":{"city_id":"nyc","event_id":"nyc_fdny_fire_incident_1700136640130000","title":"FDNY dispatch incident: Medical - Assist Civilian, Staten Island","year":2017,"effective_date":"2017-01-01","date_precision":"day","category":"civic_services","lens":"services","confidence":"documented","source_ids":["8m42-w767"],"explanation":"Observed FDNY dispatch incident record for Medical - Assist Civilian in Staten Island."},"geometry":{"type":"Point","coordinates":[-74.1502,40.5795]}},{"type":"Feature","id":"nyc_fdny_fire_incident_1700137090140010","properties":{"city_id":"nyc","event_id":"nyc_fdny_fire_incident_1700137090140010","title":"FDNY dispatch incident: Assist Civilian - Non-Medical, Brooklyn","year":2017,"effective_date":"2017-01-01","date_precision":"day","category":"civic_services","lens":"services","confidence":"documented","source_ids":["8m42-w767"],"explanation":"Observed FDNY dispatch incident record for Assist Civilian - Non-Medical in Brooklyn."},"geometry":{"type":"Point","coordinates":[-73.9442,40.6782]}},{"type":"Feature","id":"nyc_fdny_fire_incident_1700137160120040","properties":{"city_id":"nyc","event_id":"nyc_fdny_fire_incident_1700137160120040","title":"FDNY dispatch incident: Assist Civilian - Non-Medical, Bronx","year":2017,"effective_date":"2017-01-01","date_precision":"day","category":"civic_services","lens":"services","confidence":"documented","source_ids":["8m42-w767"],"explanation":"Observed FDNY dispatch incident record for Assist Civilian - Non-Medical in Bronx."},"geometry":{"type":"Point","coordinates":[-73.8648,40.8448]}},{"type":"Feature","id":"nyc_fdny_fire_incident_1700137760140020","properties":{"city_id":"nyc","event_id":"nyc_fdny_fire_incident_1700137760140020","title":"FDNY dispatch incident: Manhole Fire - Other, Brooklyn","year":2017,"effective_date":"2017-01-01","date_precision":"day","category":"civic_services","lens":"services","confidence":"documented","source_ids":["8m42-w767"],"explanation":"Observed FDNY dispatch incident record for Manhole Fire - Other in Brooklyn."},"geometry":{"type":"Point","coordinates":[-73.9442,40.6782]}},{"type":"Feature","id":"nyc_fdny_fire_incident_1700137940140060","properties":{"city_id":"nyc","event_id":"nyc_fdny_fire_incident_1700137940140060","title":"FDNY dispatch incident: Demolition Debris or Rubbish Fire, Brooklyn","year":2017,"effective_date":"2017-01-01","date_precision":"day","category":"civic_services","lens":"services","confidence":"documented","source_ids":["8m42-w767"],"explanation":"Observed FDNY dispatch incident record for Demolition Debris or Rubbish Fire in Brooklyn."},"geometry":{"type":"Point","coordinates":[-73.9442,40.6782]}},{"type":"Feature","id":"nyc_fdny_fire_incident_1700138320140010","properties":{"city_id":"nyc","event_id":"nyc_fdny_fire_incident_1700138320140010","title":"FDNY dispatch incident: Medical - Assist Civilian, Brooklyn","year":2017,"effective_date":"2017-01-01","date_precision":"day","category":"civic_services","lens":"services","confidence":"documented","source_ids":["8m42-w767"],"explanation":"Observed FDNY dispatch incident record for Medical - Assist Civilian in Brooklyn."},"geometry":{"type":"Point","coordinates":[-73.9442,40.6782]}},{"type":"Feature","id":"nyc_fdny_fire_incident_1700141260140040","properties":{"city_id":"nyc","event_id":"nyc_fdny_fire_incident_1700141260140040","title":"FDNY dispatch incident: Alarm System - Defective, Brooklyn","year":2017,"effective_date":"2017-01-01","date_precision":"day","category":"civic_services","lens":"services","confidence":"documented","source_ids":["8m42-w767"],"explanation":"Observed FDNY dispatch incident record for Alarm System - Defective in Brooklyn."},"geometry":{"type":"Point","coordinates":[-73.9442,40.6782]}},{"type":"Feature","id":"nyc_fdny_fire_incident_1700142130150000","properties":{"city_id":"nyc","event_id":"nyc_fdny_fire_incident_1700142130150000","title":"FDNY dispatch incident: Alarm System - Unnecessary, Queens","year":2017,"effective_date":"2017-01-01","date_precision":"day","category":"civic_services","lens":"services","confidence":"documented","source_ids":["8m42-w767"],"explanation":"Observed FDNY dispatch incident record for Alarm System - Unnecessary in Queens."},"geometry":{"type":"Point","coordinates":[-73.7949,40.7282]}},{"type":"Feature","id":"nyc_fdny_fire_incident_1700142210120020","properties":{"city_id":"nyc","event_id":"nyc_fdny_fire_incident_1700142210120020","title":"FDNY dispatch incident: Multiple Dwelling 'A' - Other fire, Bronx","year":2017,"effective_date":"2017-01-01","date_precision":"day","category":"civic_services","lens":"services","confidence":"documented","source_ids":["8m42-w767"],"explanation":"Observed FDNY dispatch incident record for Multiple Dwelling 'A' - Other fire in Bronx."},"geometry":{"type":"Point","coordinates":[-73.8648,40.8448]}},{"type":"Feature","id":"nyc_fdny_fire_incident_1700142360140020","properties":{"city_id":"nyc","event_id":"nyc_fdny_fire_incident_1700142360140020","title":"FDNY dispatch incident: Non-Medical MFA - ERS No Contact, Brooklyn","year":2017,"effective_date":"2017-01-01","date_precision":"day","category":"civic_services","lens":"services","confidence":"documented","source_ids":["8m42-w767"],"explanation":"Observed FDNY dispatch incident record for Non-Medical MFA - ERS No Contact in Brooklyn."},"geometry":{"type":"Point","coordinates":[-73.9442,40.6782]}},{"type":"Feature","id":"nyc_fdny_fire_incident_1700143270150030","properties":{"city_id":"nyc","event_id":"nyc_fdny_fire_incident_1700143270150030","title":"FDNY dispatch incident: Alarm System - Defective, Queens","year":2017,"effective_date":"2017-01-01","date_precision":"day","category":"civic_services","lens":"services","confidence":"documented","source_ids":["8m42-w767"],"explanation":"Observed FDNY dispatch incident record for Alarm System - Defective in Queens."},"geometry":{"type":"Point","coordinates":[-73.7949,40.7282]}},{"type":"Feature","id":"nyc_fdny_fire_incident_1700146370150010","properties":{"city_id":"nyc","event_id":"nyc_fdny_fire_incident_1700146370150010","title":"FDNY dispatch incident: Assist Civilian - Non-Medical, Queens","year":2017,"effective_date":"2017-01-01","date_precision":"day","category":"civic_services","lens":"services","confidence":"documented","source_ids":["8m42-w767"],"explanation":"Observed FDNY dispatch incident record for Assist Civilian - Non-Medical in Queens."},"geometry":{"type":"Point","coordinates":[-73.7949,40.7282]}},{"type":"Feature","id":"nyc_fdny_fire_incident_1700147580120030","properties":{"city_id":"nyc","event_id":"nyc_fdny_fire_incident_1700147580120030","title":"FDNY dispatch incident: Utility Emergency - Gas, Bronx","year":2017,"effective_date":"2017-01-01","date_precision":"day","category":"civic_services","lens":"services","confidence":"documented","source_ids":["8m42-w767"],"explanation":"Observed FDNY dispatch incident record for Utility Emergency - Gas in Bronx."},"geometry":{"type":"Point","coordinates":[-73.8648,40.8448]}},{"type":"Feature","id":"nyc_fdny_fire_incident_1700151650150020","properties":{"city_id":"nyc","event_id":"nyc_fdny_fire_incident_1700151650150020","title":"FDNY dispatch incident: Medical - EMS Link 10-91, Queens","year":2017,"effective_date":"2017-01-01","date_precision":"day","category":"civic_services","lens":"services","confidence":"documented","source_ids":["8m42-w767"],"explanation":"Observed FDNY dispatch incident record for Medical - EMS Link 10-91 in Queens."},"geometry":{"type":"Point","coordinates":[-73.7949,40.7282]}},{"type":"Feature","id":"nyc_fdny_fire_incident_1700153010150020","properties":{"city_id":"nyc","event_id":"nyc_fdny_fire_incident_1700153010150020","title":"FDNY dispatch incident: Medical - EMS Link 10-91, Queens","year":2017,"effective_date":"2017-01-01","date_precision":"day","category":"civic_services","lens":"services","confidence":"documented","source_ids":["8m42-w767"],"explanation":"Observed FDNY dispatch incident record for Medical - EMS Link 10-91 in Queens."},"geometry":{"type":"Point","coordinates":[-73.7949,40.7282]}},{"type":"Feature","id":"nyc_fdny_fire_incident_1700160430150010","properties":{"city_id":"nyc","event_id":"nyc_fdny_fire_incident_1700160430150010","title":"FDNY dispatch incident: Alarm System - Defective, Queens","year":2017,"effective_date":"2017-01-01","date_precision":"day","category":"civic_services","lens":"services","confidence":"documented","source_ids":["8m42-w767"],"explanation":"Observed FDNY dispatch incident record for Alarm System - Defective in Queens."},"geometry":{"type":"Point","coordinates":[-73.7949,40.7282]}},{"type":"Feature","id":"nyc_fdny_fire_incident_1700163320150040","properties":{"city_id":"nyc","event_id":"nyc_fdny_fire_incident_1700163320150040","title":"FDNY dispatch incident: Assist Civilian - Non-Medical, Queens","year":2017,"effective_date":"2017-01-01","date_precision":"day","category":"civic_services","lens":"services","confidence":"documented","source_ids":["8m42-w767"],"explanation":"Observed FDNY dispatch incident record for Assist Civilian - Non-Medical in Queens."},"geometry":{"type":"Point","coordinates":[-73.7949,40.7282]}},{"type":"Feature","id":"nyc_fdny_fire_incident_1700166320150000","properties":{"city_id":"nyc","event_id":"nyc_fdny_fire_incident_1700166320150000","title":"FDNY dispatch incident: Alarm System - Unnecessary, Queens","year":2017,"effective_date":"2017-01-01","date_precision":"day","category":"civic_services","lens":"services","confidence":"documented","source_ids":["8m42-w767"],"explanation":"Observed FDNY dispatch incident record for Alarm System - Unnecessary in Queens."},"geometry":{"type":"Point","coordinates":[-73.7949,40.7282]}},{"type":"Feature","id":"nyc_fdny_fire_incident_1700167600150030","properties":{"city_id":"nyc","event_id":"nyc_fdny_fire_incident_1700167600150030","title":"FDNY dispatch incident: Utility Emergency - Water, Queens","year":2017,"effective_date":"2017-01-01","date_precision":"day","category":"civic_services","lens":"services","confidence":"documented","source_ids":["8m42-w767"],"explanation":"Observed FDNY dispatch incident record for Utility Emergency - Water in Queens."},"geometry":{"type":"Point","coordinates":[-73.7949,40.7282]}},{"type":"Feature","id":"nyc_fdny_fire_incident_1700173880150000","properties":{"city_id":"nyc","event_id":"nyc_fdny_fire_incident_1700173880150000","title":"FDNY dispatch incident: Medical MFA - PD Link, Queens","year":2017,"effective_date":"2017-01-01","date_precision":"day","category":"civic_services","lens":"services","confidence":"documented","source_ids":["8m42-w767"],"explanation":"Observed FDNY dispatch incident record for Medical MFA - PD Link in Queens."},"geometry":{"type":"Point","coordinates":[-73.7949,40.7282]}},{"type":"Feature","id":"nyc_fdny_fire_incident_1700177150150010","properties":{"city_id":"nyc","event_id":"nyc_fdny_fire_incident_1700177150150010","title":"FDNY dispatch incident: Demolition Debris or Rubbish Fire, Queens","year":2017,"effective_date":"2017-01-01","date_precision":"day","category":"civic_services","lens":"services","confidence":"documented","source_ids":["8m42-w767"],"explanation":"Observed FDNY dispatch incident record for Demolition Debris or Rubbish Fire in Queens."},"geometry":{"type":"Point","coordinates":[-73.7949,40.7282]}},{"type":"Feature","id":"nyc_fdny_fire_incident_1700177680150000","properties":{"city_id":"nyc","event_id":"nyc_fdny_fire_incident_1700177680150000","title":"FDNY dispatch incident: Alarm System - Unnecessary, Queens","year":2017,"effective_date":"2017-01-01","date_precision":"day","category":"civic_services","lens":"services","confidence":"documented","source_ids":["8m42-w767"],"explanation":"Observed FDNY dispatch incident record for Alarm System - Unnecessary in Queens."},"geometry":{"type":"Point","coordinates":[-73.7949,40.7282]}},{"type":"Feature","id":"nyc_fdny_fire_incident_1700183710250030","properties":{"city_id":"nyc","event_id":"nyc_fdny_fire_incident_1700183710250030","title":"FDNY dispatch incident: Assist Civilian - Non-Medical, Queens","year":2017,"effective_date":"2017-01-01","date_precision":"day","category":"civic_services","lens":"services","confidence":"documented","source_ids":["8m42-w767"],"explanation":"Observed FDNY dispatch incident record for Assist Civilian - Non-Medical in Queens."},"geometry":{"type":"Point","coordinates":[-73.7949,40.7282]}},{"type":"Feature","id":"nyc_fdny_fire_incident_1700183720150010","properties":{"city_id":"nyc","event_id":"nyc_fdny_fire_incident_1700183720150010","title":"FDNY dispatch incident: Vehicle Accident - Other, Queens","year":2017,"effective_date":"2017-01-01","date_precision":"day","category":"civic_services","lens":"services","confidence":"documented","source_ids":["8m42-w767"],"explanation":"Observed FDNY dispatch incident record for Vehicle Accident - Other in Queens."},"geometry":{"type":"Point","coordinates":[-73.7949,40.7282]}},{"type":"Feature","id":"nyc_fdny_fire_incident_1700186420150020","properties":{"city_id":"nyc","event_id":"nyc_fdny_fire_incident_1700186420150020","title":"FDNY dispatch incident: Non-Medical MFA - ERS No Contact, Queens","year":2017,"effective_date":"2017-01-01","date_precision":"day","category":"civic_services","lens":"services","confidence":"documented","source_ids":["8m42-w767"],"explanation":"Observed FDNY dispatch incident record for Non-Medical MFA - ERS No Contact in Queens."},"geometry":{"type":"Point","coordinates":[-73.7949,40.7282]}},{"type":"Feature","id":"nyc_fdny_fire_incident_1700188360120030","properties":{"city_id":"nyc","event_id":"nyc_fdny_fire_incident_1700188360120030","title":"FDNY dispatch incident: Alarm System - Defective, Bronx","year":2017,"effective_date":"2017-01-01","date_precision":"day","category":"civic_services","lens":"services","confidence":"documented","source_ids":["8m42-w767"],"explanation":"Observed FDNY dispatch incident record for Alarm System - Defective in Bronx."},"geometry":{"type":"Point","coordinates":[-73.8648,40.8448]}},{"type":"Feature","id":"nyc_fdny_fire_incident_1700188740150000","properties":{"city_id":"nyc","event_id":"nyc_fdny_fire_incident_1700188740150000","title":"FDNY dispatch incident: Medical - Assist Civilian, Queens","year":2017,"effective_date":"2017-01-01","date_precision":"day","category":"civic_services","lens":"services","confidence":"documented","source_ids":["8m42-w767"],"explanation":"Observed FDNY dispatch incident record for Medical - Assist Civilian in Queens."},"geometry":{"type":"Point","coordinates":[-73.7949,40.7282]}},{"type":"Feature","id":"nyc_fdny_fire_incident_1700194130150010","properties":{"city_id":"nyc","event_id":"nyc_fdny_fire_incident_1700194130150010","title":"FDNY dispatch incident: Demolition Debris or Rubbish Fire, Queens","year":2017,"effective_date":"2017-01-01","date_precision":"day","category":"civic_services","lens":"services","confidence":"documented","source_ids":["8m42-w767"],"explanation":"Observed FDNY dispatch incident record for Demolition Debris or Rubbish Fire in Queens."},"geometry":{"type":"Point","coordinates":[-73.7949,40.7282]}},{"type":"Feature","id":"nyc_fdny_fire_incident_1700194130350020","properties":{"city_id":"nyc","event_id":"nyc_fdny_fire_incident_1700194130350020","title":"FDNY dispatch incident: Medical - Assist Civilian, Queens","year":2017,"effective_date":"2017-01-01","date_precision":"day","category":"civic_services","lens":"services","confidence":"documented","source_ids":["8m42-w767"],"explanation":"Observed FDNY dispatch incident record for Medical - Assist Civilian in Queens."},"geometry":{"type":"Point","coordinates":[-73.7949,40.7282]}},{"type":"Feature","id":"nyc_fdny_fire_incident_1700194240150030","properties":{"city_id":"nyc","event_id":"nyc_fdny_fire_incident_1700194240150030","title":"FDNY dispatch incident: Medical - Assist Civilian, Queens","year":2017,"effective_date":"2017-01-01","date_precision":"day","category":"civic_services","lens":"services","confidence":"documented","source_ids":["8m42-w767"],"explanation":"Observed FDNY dispatch incident record for Medical - Assist Civilian in Queens."},"geometry":{"type":"Point","coordinates":[-73.7949,40.7282]}},{"type":"Feature","id":"nyc_housing_database_project_120577009","properties":{"city_id":"nyc","event_id":"nyc_housing_database_project_120577009","title":"Housing database project: Alteration at 525 EAST 83 STREET, 1","year":2017,"effective_date":"2017-01-20","date_precision":"day","category":"built_environment","lens":"built_environment","confidence":"documented","source_ids":["br6q-ssj3"],"explanation":"DCP Housing Database project 120577009; status 5. Completed Construction; Class A units 16 initial to 17 proposed, net 1; version 25Q4."},"geometry":{"type":"Point","coordinates":[-73.94704817035141,40.77357654578305]}},{"type":"Feature","id":"nyc_housing_database_project_120945558","properties":{"city_id":"nyc","event_id":"nyc_housing_database_project_120945558","title":"Housing database project: Alteration at 1733 FIRST AVENUE, 1","year":2017,"effective_date":"2017-11-06","date_precision":"day","category":"built_environment","lens":"built_environment","confidence":"documented","source_ids":["br6q-ssj3"],"explanation":"DCP Housing Database project 120945558; status 5. Completed Construction; Class A units 41 initial to 40 proposed, net -1; version 25Q4."},"geometry":{"type":"Point","coordinates":[-73.94789421267116,40.77943822613968]}},{"type":"Feature","id":"nyc_housing_database_project_121181675","properties":{"city_id":"nyc","event_id":"nyc_housing_database_project_121181675","title":"Housing database project: Alteration at 444 PARK AVENUE SOUTH, 1","year":2017,"effective_date":"2017-09-19","date_precision":"day","category":"built_environment","lens":"built_environment","confidence":"documented","source_ids":["br6q-ssj3"],"explanation":"DCP Housing Database project 121181675; status 5. Completed Construction; Class A units 0 initial to 0 proposed, net 0; version 25Q4."},"geometry":{"type":"Point","coordinates":[-73.98335341163752,40.744851906432146]}},{"type":"Feature","id":"nyc_housing_database_project_121184431","properties":{"city_id":"nyc","event_id":"nyc_housing_database_project_121184431","title":"Housing database project: New Building at 221 WEST 29 STREET, 1","year":2017,"effective_date":"2017-11-02","date_precision":"day","category":"built_environment","lens":"built_environment","confidence":"documented","source_ids":["br6q-ssj3"],"explanation":"DCP Housing Database project 121184431; status 5. Completed Construction; Class A units 0 initial to 95 proposed, net 95; version 25Q4."},"geometry":{"type":"Point","coordinates":[-73.99366808873434,40.74838699337728]}},{"type":"Feature","id":"nyc_housing_database_project_121184486","properties":{"city_id":"nyc","event_id":"nyc_housing_database_project_121184486","title":"Housing database project: New Building at 20 WEST 40 STREET, 1","year":2017,"effective_date":"2017-09-28","date_precision":"day","category":"built_environment","lens":"built_environment","confidence":"documented","source_ids":["br6q-ssj3"],"explanation":"DCP Housing Database project 121184486; status 5. Completed Construction; Class A units 0 initial to 57 proposed, net 57; version 25Q4."},"geometry":{"type":"Point","coordinates":[-73.98301058326886,40.75248004068514]}},{"type":"Feature","id":"nyc_housing_database_project_121191469","properties":{"city_id":"nyc","event_id":"nyc_housing_database_project_121191469","title":"Housing database project: Alteration at 220 FIFTH AVENUE, 1","year":2017,"effective_date":"2017-01-05","date_precision":"day","category":"built_environment","lens":"built_environment","confidence":"documented","source_ids":["br6q-ssj3"],"explanation":"DCP Housing Database project 121191469; status 9. Withdrawn; Class A units 1 initial to 1 proposed, net 0; version 25Q4."},"geometry":{"type":"Point","coordinates":[-73.98845371459919,40.7437383380649]}},{"type":"Feature","id":"nyc_housing_database_project_121891694","properties":{"city_id":"nyc","event_id":"nyc_housing_database_project_121891694","title":"Housing database project: Alteration at 4 BEDFORD STREET, 1","year":2017,"effective_date":"2017-11-13","date_precision":"day","category":"built_environment","lens":"built_environment","confidence":"documented","source_ids":["br6q-ssj3"],"explanation":"DCP Housing Database project 121891694; status 5. Completed Construction; Class A units 3 initial to 1 proposed, net -2; version 25Q4."},"geometry":{"type":"Point","coordinates":[-74.00322428833411,40.7288865880808]}},{"type":"Feature","id":"nyc_housing_database_project_122241733","properties":{"city_id":"nyc","event_id":"nyc_housing_database_project_122241733","title":"Housing database project: Alteration at 212 5 AVENUE, 1","year":2017,"effective_date":"2017-02-07","date_precision":"day","category":"built_environment","lens":"built_environment","confidence":"documented","source_ids":["br6q-ssj3"],"explanation":"DCP Housing Database project 122241733; status 5. Completed Construction; Class A units 0 initial to 53 proposed, net 53; version 25Q4."},"geometry":{"type":"Point","coordinates":[-73.988684213995,40.74347977774656]}},{"type":"Feature","id":"nyc_housing_database_project_122643121","properties":{"city_id":"nyc","event_id":"nyc_housing_database_project_122643121","title":"Housing database project: Alteration at 4 SUTTON PLACE, 1","year":2017,"effective_date":"2017-08-17","date_precision":"day","category":"built_environment","lens":"built_environment","confidence":"documented","source_ids":["br6q-ssj3"],"explanation":"DCP Housing Database project 122643121; status 5. Completed Construction; Class A units 11 initial to 12 proposed, net 1; version 25Q4."},"geometry":{"type":"Point","coordinates":[-73.96071530472376,40.75768346603031]}},{"type":"Feature","id":"nyc_housing_database_project_122651870","properties":{"city_id":"nyc","event_id":"nyc_housing_database_project_122651870","title":"Housing database project: New Building at 152 EAST 106 STREET, 1","year":2017,"effective_date":"2017-07-07","date_precision":"day","category":"built_environment","lens":"built_environment","confidence":"documented","source_ids":["br6q-ssj3"],"explanation":"DCP Housing Database project 122651870; status 3. Permitted for Construction; Class A units 0 initial to 10 proposed, net 10; version 25Q4."},"geometry":{"type":"Point","coordinates":[-73.946215,40.791939]}},{"type":"Feature","id":"nyc_housing_database_project_122965130","properties":{"city_id":"nyc","event_id":"nyc_housing_database_project_122965130","title":"Housing database project: Alteration at 516 MANHATTAN AVENUE, 1","year":2017,"effective_date":"2017-05-16","date_precision":"day","category":"built_environment","lens":"built_environment","confidence":"documented","source_ids":["br6q-ssj3"],"explanation":"DCP Housing Database project 122965130; status 5. Completed Construction; Class A units 23 initial to 23 proposed, net 0; version 25Q4."},"geometry":{"type":"Point","coordinates":[-73.95399641853845,40.80847168018062]}},{"type":"Feature","id":"nyc_housing_database_project_122981185","properties":{"city_id":"nyc","event_id":"nyc_housing_database_project_122981185","title":"Housing database project: Alteration at 600 WEST 116 STREET, 1","year":2017,"effective_date":"2017-01-05","date_precision":"day","category":"built_environment","lens":"built_environment","confidence":"documented","source_ids":["br6q-ssj3"],"explanation":"DCP Housing Database project 122981185; status 9. Withdrawn; Class A units 63 initial to 63 proposed, net 0; version 25Q4."},"geometry":{"type":"Point","coordinates":[-73.96443093094297,40.80794273279384]}},{"type":"Feature","id":"nyc_housing_database_project_122984529","properties":{"city_id":"nyc","event_id":"nyc_housing_database_project_122984529","title":"Housing database project: Alteration at 412 WEST 48 STREET, 1","year":2017,"effective_date":"2017-07-26","date_precision":"day","category":"built_environment","lens":"built_environment","confidence":"documented","source_ids":["br6q-ssj3"],"explanation":"DCP Housing Database project 122984529; status 5. Completed Construction; Class A units 20 initial to 20 proposed, net 0; version 25Q4."},"geometry":{"type":"Point","coordinates":[-73.99080368056595,40.76243291955394]}},{"type":"Feature","id":"nyc_housing_database_project_122987526","properties":{"city_id":"nyc","event_id":"nyc_housing_database_project_122987526","title":"Housing database project: Alteration at 75 WEST 118 STREET, 1","year":2017,"effective_date":"2017-01-05","date_precision":"day","category":"built_environment","lens":"built_environment","confidence":"documented","source_ids":["br6q-ssj3"],"explanation":"DCP Housing Database project 122987526; status 1. Filed Application; Class A units 8 initial to 8 proposed, net 0; version 25Q4."},"geometry":{"type":"Point","coordinates":[-73.94783503069058,40.80315276552032]}},{"type":"Feature","id":"nyc_housing_database_project_220246712","properties":{"city_id":"nyc","event_id":"nyc_housing_database_project_220246712","title":"Housing database project: Alteration at 1428 SHAKESPEARE AVENUE, 2","year":2017,"effective_date":"2017-06-13","date_precision":"day","category":"built_environment","lens":"built_environment","confidence":"documented","source_ids":["br6q-ssj3"],"explanation":"DCP Housing Database project 220246712; status 3. Permitted for Construction; Class A units 2 initial to 1 proposed, net -1; version 25Q4."},"geometry":{"type":"Point","coordinates":[-73.92044503848331,40.84262812233009]}},{"type":"Feature","id":"nyc_housing_database_project_220353212","properties":{"city_id":"nyc","event_id":"nyc_housing_database_project_220353212","title":"Housing database project: New Building at 2538 GRAND AVENUE, 2","year":2017,"effective_date":"2017-05-23","date_precision":"day","category":"built_environment","lens":"built_environment","confidence":"documented","source_ids":["br6q-ssj3"],"explanation":"DCP Housing Database project 220353212; status 5. Completed Construction; Class A units 0 initial to 8 proposed, net 8; version 25Q4."},"geometry":{"type":"Point","coordinates":[-73.900702,40.865774]}},{"type":"Feature","id":"nyc_housing_database_project_220353221","properties":{"city_id":"nyc","event_id":"nyc_housing_database_project_220353221","title":"Housing database project: New Building at 2536 GRAND AVENUE, 2","year":2017,"effective_date":"2017-05-25","date_precision":"day","category":"built_environment","lens":"built_environment","confidence":"documented","source_ids":["br6q-ssj3"],"explanation":"DCP Housing Database project 220353221; status 5. Completed Construction; Class A units 0 initial to 7 proposed, net 7; version 25Q4."},"geometry":{"type":"Point","coordinates":[-73.90077296999463,40.86573649518334]}},{"type":"Feature","id":"nyc_housing_database_project_220512354","properties":{"city_id":"nyc","event_id":"nyc_housing_database_project_220512354","title":"Housing database project: New Building at 1725 UNDERCLIFF AVENUE, 2","year":2017,"effective_date":"2017-01-09","date_precision":"day","category":"built_environment","lens":"built_environment","confidence":"documented","source_ids":["br6q-ssj3"],"explanation":"DCP Housing Database project 220512354; status 2. Approved Application; Class A units 0 initial to 3 proposed, net 3; version 25Q4."},"geometry":{"type":"Point","coordinates":[-73.920963,40.850745]}},{"type":"Feature","id":"nyc_housing_database_project_220558563","properties":{"city_id":"nyc","event_id":"nyc_housing_database_project_220558563","title":"Housing database project: Demolition at 311 LOCUST AVENUE, 2","year":2017,"effective_date":"2017-01-09","date_precision":"day","category":"built_environment","lens":"built_environment","confidence":"documented","source_ids":["br6q-ssj3"],"explanation":"DCP Housing Database project 220558563; status 9. Withdrawn; Class A units 2 initial to 0 proposed, net -2; version 25Q4."},"geometry":{"type":"Point","coordinates":[-73.905913,40.803847]}},{"type":"Feature","id":"nyc_housing_database_project_220577007","properties":{"city_id":"nyc","event_id":"nyc_housing_database_project_220577007","title":"Housing database project: Alteration at 2239 GLEASON AVENUE, 2","year":2017,"effective_date":"2017-01-05","date_precision":"day","category":"built_environment","lens":"built_environment","confidence":"documented","source_ids":["br6q-ssj3"],"explanation":"DCP Housing Database project 220577007; status 9. Withdrawn; Class A units 2 initial to 2 proposed, net 0; version 25Q4."},"geometry":{"type":"Point","coordinates":[-73.84958768183486,40.83229703259072]}},{"type":"Feature","id":"nyc_housing_database_project_320374769","properties":{"city_id":"nyc","event_id":"nyc_housing_database_project_320374769","title":"Housing database project: New Building at 730 FRANKLIN AVENUE, 3","year":2017,"effective_date":"2017-01-18","date_precision":"day","category":"built_environment","lens":"built_environment","confidence":"documented","source_ids":["br6q-ssj3"],"explanation":"DCP Housing Database project 320374769; status 5. Completed Construction; Class A units 0 initial to 9 proposed, net 9; version 25Q4."},"geometry":{"type":"Point","coordinates":[-73.95712651845604,40.67370693767709]}},{"type":"Feature","id":"nyc_housing_database_project_320514163","properties":{"city_id":"nyc","event_id":"nyc_housing_database_project_320514163","title":"Housing database project: New Building at 315 FRANKLIN AVENUE, 3","year":2017,"effective_date":"2017-09-28","date_precision":"day","category":"built_environment","lens":"built_environment","confidence":"documented","source_ids":["br6q-ssj3"],"explanation":"DCP Housing Database project 320514163; status 5. Completed Construction; Class A units 0 initial to 8 proposed, net 8; version 25Q4."},"geometry":{"type":"Point","coordinates":[-73.95695628805503,40.68883177934359]}},{"type":"Feature","id":"nyc_housing_database_project_320622689","properties":{"city_id":"nyc","event_id":"nyc_housing_database_project_320622689","title":"Housing database project: New Building at 1171 GREENE AVENUE, 3","year":2017,"effective_date":"2017-01-23","date_precision":"day","category":"built_environment","lens":"built_environment","confidence":"documented","source_ids":["br6q-ssj3"],"explanation":"DCP Housing Database project 320622689; status 5. Completed Construction; Class A units 0 initial to 7 proposed, net 7; version 25Q4."},"geometry":{"type":"Point","coordinates":[-73.92260871092556,40.69520250560387]}},{"type":"Feature","id":"nyc_housing_database_project_320622698","properties":{"city_id":"nyc","event_id":"nyc_housing_database_project_320622698","title":"Housing database project: New Building at 1173 GREENE AVENUE, 3","year":2017,"effective_date":"2017-01-23","date_precision":"day","category":"built_environment","lens":"built_environment","confidence":"documented","source_ids":["br6q-ssj3"],"explanation":"DCP Housing Database project 320622698; status 5. Completed Construction; Class A units 0 initial to 7 proposed, net 7; version 25Q4."},"geometry":{"type":"Point","coordinates":[-73.92255873061433,40.695252680176324]}},{"type":"Feature","id":"nyc_housing_database_project_320824471","properties":{"city_id":"nyc","event_id":"nyc_housing_database_project_320824471","title":"Housing database project: Alteration at 827 58 STREET, 3","year":2017,"effective_date":"2017-11-16","date_precision":"day","category":"built_environment","lens":"built_environment","confidence":"documented","source_ids":["br6q-ssj3"],"explanation":"DCP Housing Database project 320824471; status 5. Completed Construction; Class A units 2 initial to 4 proposed, net 2; version 25Q4."},"geometry":{"type":"Point","coordinates":[-74.00746712689669,40.636325469693965]}},{"type":"Feature","id":"nyc_housing_database_project_320902831","properties":{"city_id":"nyc","event_id":"nyc_housing_database_project_320902831","title":"Housing database project: Alteration at 1554 58 STREET, 3","year":2017,"effective_date":"2017-03-07","date_precision":"day","category":"built_environment","lens":"built_environment","confidence":"documented","source_ids":["br6q-ssj3"],"explanation":"DCP Housing Database project 320902831; status 5. Completed Construction; Class A units 2 initial to 1 proposed, net -1; version 25Q4."},"geometry":{"type":"Point","coordinates":[-73.99173171182939,40.62634868773894]}},{"type":"Feature","id":"nyc_housing_database_project_321044259","properties":{"city_id":"nyc","event_id":"nyc_housing_database_project_321044259","title":"Housing database project: New Building at 583 FRANKLIN AVENUE, 3","year":2017,"effective_date":"2017-10-20","date_precision":"day","category":"built_environment","lens":"built_environment","confidence":"documented","source_ids":["br6q-ssj3"],"explanation":"DCP Housing Database project 321044259; status 5. Completed Construction; Class A units 0 initial to 4 proposed, net 4; version 25Q4."},"geometry":{"type":"Point","coordinates":[-73.95494022303922,40.67855179245737]}},{"type":"Feature","id":"nyc_housing_database_project_321049566","properties":{"city_id":"nyc","event_id":"nyc_housing_database_project_321049566","title":"Housing database project: Alteration at 5216 8 AVENUE, 3","year":2017,"effective_date":"2017-09-22","date_precision":"day","category":"built_environment","lens":"built_environment","confidence":"documented","source_ids":["br6q-ssj3"],"explanation":"DCP Housing Database project 321049566; status 5. Completed Construction; Class A units 5 initial to 4 proposed, net -1; version 25Q4."},"geometry":{"type":"Point","coordinates":[-74.00542861190047,40.639774473349796]}},{"type":"Feature","id":"nyc_housing_database_project_321049824","properties":{"city_id":"nyc","event_id":"nyc_housing_database_project_321049824","title":"Housing database project: Alteration at 4410 3 AVENUE, 3","year":2017,"effective_date":"2017-10-13","date_precision":"day","category":"built_environment","lens":"built_environment","confidence":"documented","source_ids":["br6q-ssj3"],"explanation":"DCP Housing Database project 321049824; status 5. Completed Construction; Class A units 0 initial to 0 proposed, net 0; version 25Q4."},"geometry":{"type":"Point","coordinates":[-74.0117686455266,40.65100414665243]}},{"type":"Feature","id":"nyc_housing_database_project_321062069","properties":{"city_id":"nyc","event_id":"nyc_housing_database_project_321062069","title":"Housing database project: Alteration at 264 HIGHLAND BOULEVARD, 3","year":2017,"effective_date":"2017-11-06","date_precision":"day","category":"built_environment","lens":"built_environment","confidence":"documented","source_ids":["br6q-ssj3"],"explanation":"DCP Housing Database project 321062069; status 3. Permitted for Construction; Class A units 1 initial to 1 proposed, net 0; version 25Q4."},"geometry":{"type":"Point","coordinates":[-73.89214150573697,40.68234479269964]}},{"type":"Feature","id":"nyc_housing_database_project_321189879","properties":{"city_id":"nyc","event_id":"nyc_housing_database_project_321189879","title":"Housing database project: Alteration at 2172 EAST 63 STREET, 3","year":2017,"effective_date":"2017-08-03","date_precision":"day","category":"built_environment","lens":"built_environment","confidence":"documented","source_ids":["br6q-ssj3"],"explanation":"DCP Housing Database project 321189879; status 3. Permitted for Construction; Class A units 1 initial to 1 proposed, net 0; version 25Q4."},"geometry":{"type":"Point","coordinates":[-73.9118283353079,40.614505351859584]}},{"type":"Feature","id":"nyc_housing_database_project_321197343","properties":{"city_id":"nyc","event_id":"nyc_housing_database_project_321197343","title":"Housing database project: New Building at 1120 LAWN COURT, 3","year":2017,"effective_date":"2017-09-20","date_precision":"day","category":"built_environment","lens":"built_environment","confidence":"documented","source_ids":["br6q-ssj3"],"explanation":"DCP Housing Database project 321197343; status 5. Completed Construction; Class A units 0 initial to 1 proposed, net 1; version 25Q4."},"geometry":{"type":"Point","coordinates":[-73.95835621687075,40.58323181548524]}},{"type":"Feature","id":"nyc_housing_database_project_321197352","properties":{"city_id":"nyc","event_id":"nyc_housing_database_project_321197352","title":"Housing database project: New Building at 23 BEACON COURT, 3","year":2017,"effective_date":"2017-06-30","date_precision":"day","category":"built_environment","lens":"built_environment","confidence":"documented","source_ids":["br6q-ssj3"],"explanation":"DCP Housing Database project 321197352; status 5. Completed Construction; Class A units 0 initial to 1 proposed, net 1; version 25Q4."},"geometry":{"type":"Point","coordinates":[-73.92004663605357,40.58704152556375]}},{"type":"Feature","id":"nyc_housing_database_project_321244809","properties":{"city_id":"nyc","event_id":"nyc_housing_database_project_321244809","title":"Housing database project: New Building at 48 SOMERS STREET, 3","year":2017,"effective_date":"2017-08-28","date_precision":"day","category":"built_environment","lens":"built_environment","confidence":"documented","source_ids":["br6q-ssj3"],"explanation":"DCP Housing Database project 321244809; status 3. Permitted for Construction; Class A units 0 initial to 29 proposed, net 29; version 25Q4."},"geometry":{"type":"Point","coordinates":[-73.91030442805639,40.67856703289299]}},{"type":"Feature","id":"nyc_housing_database_project_321245620","properties":{"city_id":"nyc","event_id":"nyc_housing_database_project_321245620","title":"Housing database project: Demolition at 916 HERKIMER STREET, 3","year":2017,"effective_date":"2017-09-12","date_precision":"day","category":"built_environment","lens":"built_environment","confidence":"documented","source_ids":["br6q-ssj3"],"explanation":"DCP Housing Database project 321245620; status 5. Completed Construction; Class A units 2 initial to 0 proposed, net -2; version 25Q4."},"geometry":{"type":"Point","coordinates":[-73.92312490331524,40.67803178501615]}},{"type":"Feature","id":"nyc_housing_database_project_321273411","properties":{"city_id":"nyc","event_id":"nyc_housing_database_project_321273411","title":"Housing database project: Demolition at 2807 SNYDER AVENUE, 3","year":2017,"effective_date":"2017-03-24","date_precision":"day","category":"built_environment","lens":"built_environment","confidence":"documented","source_ids":["br6q-ssj3"],"explanation":"DCP Housing Database project 321273411; status 5. Completed Construction; Class A units 2 initial to 0 proposed, net -2; version 25Q4."},"geometry":{"type":"Point","coordinates":[-73.950943,40.649104]}},{"type":"Feature","id":"nyc_housing_database_project_321290465","properties":{"city_id":"nyc","event_id":"nyc_housing_database_project_321290465","title":"Housing database project: Alteration at 7408 AVENUE T, 3","year":2017,"effective_date":"2017-02-14","date_precision":"day","category":"built_environment","lens":"built_environment","confidence":"documented","source_ids":["br6q-ssj3"],"explanation":"DCP Housing Database project 321290465; status 5. Completed Construction; Class A units 2 initial to 2 proposed, net 0; version 25Q4."},"geometry":{"type":"Point","coordinates":[-73.90649424251491,40.62277219844251]}},{"type":"Feature","id":"nyc_housing_database_project_321295629","properties":{"city_id":"nyc","event_id":"nyc_housing_database_project_321295629","title":"Housing database project: Alteration at 1377 ST MARKS AVENUE, 3","year":2017,"effective_date":"2017-06-08","date_precision":"day","category":"built_environment","lens":"built_environment","confidence":"documented","source_ids":["br6q-ssj3"],"explanation":"DCP Housing Database project 321295629; status 5. Completed Construction; Class A units 2 initial to 2 proposed, net 0; version 25Q4."},"geometry":{"type":"Point","coordinates":[-73.92278448540095,40.673903294565505]}},{"type":"Feature","id":"nyc_housing_database_project_321297137","properties":{"city_id":"nyc","event_id":"nyc_housing_database_project_321297137","title":"Housing database project: Demolition at 129 EAGLE STREET, 3","year":2017,"effective_date":"2017-11-13","date_precision":"day","category":"built_environment","lens":"built_environment","confidence":"documented","source_ids":["br6q-ssj3"],"explanation":"DCP Housing Database project 321297137; status 5. Completed Construction; Class A units 2 initial to 0 proposed, net -2; version 25Q4."},"geometry":{"type":"Point","coordinates":[-73.95574464932734,40.73527338713998]}},{"type":"Feature","id":"nyc_housing_database_project_321297244","properties":{"city_id":"nyc","event_id":"nyc_housing_database_project_321297244","title":"Housing database project: Alteration at 374 THROOP AVENUE, 3","year":2017,"effective_date":"2017-12-21","date_precision":"day","category":"built_environment","lens":"built_environment","confidence":"documented","source_ids":["br6q-ssj3"],"explanation":"DCP Housing Database project 321297244; status 5. Completed Construction; Class A units 2 initial to 6 proposed, net 4; version 25Q4."},"geometry":{"type":"Point","coordinates":[-73.94285863829492,40.69139877098636]}},{"type":"Feature","id":"nyc_housing_database_project_321409837","properties":{"city_id":"nyc","event_id":"nyc_housing_database_project_321409837","title":"Housing database project: Demolition at 5918 BAY PARKWAY, 3","year":2017,"effective_date":"2017-07-07","date_precision":"day","category":"built_environment","lens":"built_environment","confidence":"documented","source_ids":["br6q-ssj3"],"explanation":"DCP Housing Database project 321409837; status 5. Completed Construction; Class A units 2 initial to 0 proposed, net -2; version 25Q4."},"geometry":{"type":"Point","coordinates":[-73.978536,40.617064]}},{"type":"Feature","id":"nyc_housing_database_project_321409846","properties":{"city_id":"nyc","event_id":"nyc_housing_database_project_321409846","title":"Housing database project: Demolition at 5914 BAY PARKWAY, 3","year":2017,"effective_date":"2017-07-07","date_precision":"day","category":"built_environment","lens":"built_environment","confidence":"documented","source_ids":["br6q-ssj3"],"explanation":"DCP Housing Database project 321409846; status 5. Completed Construction; Class A units 2 initial to 0 proposed, net -2; version 25Q4."},"geometry":{"type":"Point","coordinates":[-73.978536,40.617064]}},{"type":"Feature","id":"nyc_housing_database_project_321409855","properties":{"city_id":"nyc","event_id":"nyc_housing_database_project_321409855","title":"Housing database project: Demolition at 5910 11 AVENUE, 3","year":2017,"effective_date":"2017-05-03","date_precision":"day","category":"built_environment","lens":"built_environment","confidence":"documented","source_ids":["br6q-ssj3"],"explanation":"DCP Housing Database project 321409855; status 5. Completed Construction; Class A units 2 initial to 0 proposed, net -2; version 25Q4."},"geometry":{"type":"Point","coordinates":[-74.00278115033292,40.632011867456086]}},{"type":"Feature","id":"nyc_housing_database_project_321414812","properties":{"city_id":"nyc","event_id":"nyc_housing_database_project_321414812","title":"Housing database project: Alteration at 5707 13 AVENUE, 3","year":2017,"effective_date":"2017-01-06","date_precision":"day","category":"built_environment","lens":"built_environment","confidence":"documented","source_ids":["br6q-ssj3"],"explanation":"DCP Housing Database project 321414812; status 1. Filed Application; Class A units 2 initial to 2 proposed, net 0; version 25Q4."},"geometry":{"type":"Point","coordinates":[-73.99677707457552,40.63020227711874]}},{"type":"Feature","id":"nyc_housing_database_project_321477424","properties":{"city_id":"nyc","event_id":"nyc_housing_database_project_321477424","title":"Housing database project: Demolition at 5920 BAY PARKWAY, 3","year":2017,"effective_date":"2017-08-15","date_precision":"day","category":"built_environment","lens":"built_environment","confidence":"documented","source_ids":["br6q-ssj3"],"explanation":"DCP Housing Database project 321477424; status 5. Completed Construction; Class A units 2 initial to 0 proposed, net -2; version 25Q4."},"geometry":{"type":"Point","coordinates":[-73.978536,40.617064]}},{"type":"Feature","id":"nyc_housing_database_project_321477479","properties":{"city_id":"nyc","event_id":"nyc_housing_database_project_321477479","title":"Housing database project: Demolition at 5902 11 AVENUE, 3","year":2017,"effective_date":"2017-04-24","date_precision":"day","category":"built_environment","lens":"built_environment","confidence":"documented","source_ids":["br6q-ssj3"],"explanation":"DCP Housing Database project 321477479; status 5. Completed Construction; Class A units 3 initial to 0 proposed, net -3; version 25Q4."},"geometry":{"type":"Point","coordinates":[-74.00268350847462,40.63212845378606]}},{"type":"Feature","id":"nyc_housing_database_project_321477488","properties":{"city_id":"nyc","event_id":"nyc_housing_database_project_321477488","title":"Housing database project: Demolition at 1544 NOSTRAND AVENUE, 3","year":2017,"effective_date":"2017-11-14","date_precision":"day","category":"built_environment","lens":"built_environment","confidence":"documented","source_ids":["br6q-ssj3"],"explanation":"DCP Housing Database project 321477488; status 5. Completed Construction; Class A units 2 initial to 0 proposed, net -2; version 25Q4."},"geometry":{"type":"Point","coordinates":[-73.94960048759663,40.64847794134356]}},{"type":"Feature","id":"nyc_housing_database_project_321479967","properties":{"city_id":"nyc","event_id":"nyc_housing_database_project_321479967","title":"Housing database project: Demolition at 230 MALCOLM X BOULEVARD, 3","year":2017,"effective_date":"2017-02-14","date_precision":"day","category":"built_environment","lens":"built_environment","confidence":"documented","source_ids":["br6q-ssj3"],"explanation":"DCP Housing Database project 321479967; status 5. Completed Construction; Class A units 1 initial to 0 proposed, net -1; version 25Q4."},"geometry":{"type":"Point","coordinates":[-73.929823,40.685255]}},{"type":"Feature","id":"nyc_housing_database_project_321490800","properties":{"city_id":"nyc","event_id":"nyc_housing_database_project_321490800","title":"Housing database project: Alteration at 1681 59 STREET, 3","year":2017,"effective_date":"2017-01-09","date_precision":"day","category":"built_environment","lens":"built_environment","confidence":"documented","source_ids":["br6q-ssj3"],"explanation":"DCP Housing Database project 321490800; status 1. Filed Application; Class A units 4 initial to 3 proposed, net -1; version 25Q4."},"geometry":{"type":"Point","coordinates":[-73.98917865430035,40.62438046803074]}},{"type":"Feature","id":"nyc_housing_database_project_321495128","properties":{"city_id":"nyc","event_id":"nyc_housing_database_project_321495128","title":"Housing database project: Alteration at 1601 55 STREET, 3","year":2017,"effective_date":"2017-01-05","date_precision":"day","category":"built_environment","lens":"built_environment","confidence":"documented","source_ids":["br6q-ssj3"],"explanation":"DCP Housing Database project 321495128; status 9. Withdrawn; Class A units 2 initial to 3 proposed, net 1; version 25Q4."},"geometry":{"type":"Point","coordinates":[-73.98868814615477,40.627763693201764]}},{"type":"Feature","id":"nyc_housing_database_project_321495921","properties":{"city_id":"nyc","event_id":"nyc_housing_database_project_321495921","title":"Housing database project: Demolition at 280 ELDERT STREET, 3","year":2017,"effective_date":"2017-05-08","date_precision":"day","category":"built_environment","lens":"built_environment","confidence":"documented","source_ids":["br6q-ssj3"],"explanation":"DCP Housing Database project 321495921; status 5. Completed Construction; Class A units 2 initial to 0 proposed, net -2; version 25Q4."},"geometry":{"type":"Point","coordinates":[-73.907484,40.692063]}},{"type":"Feature","id":"nyc_housing_database_project_321498054","properties":{"city_id":"nyc","event_id":"nyc_housing_database_project_321498054","title":"Housing database project: Demolition at 156 BEARD STREET, 3","year":2017,"effective_date":"2017-01-09","date_precision":"day","category":"built_environment","lens":"built_environment","confidence":"documented","source_ids":["br6q-ssj3"],"explanation":"DCP Housing Database project 321498054; status 9. Withdrawn; Class A units 1 initial to 0 proposed, net -1; version 25Q4."},"geometry":{"type":"Point","coordinates":[-74.01577791968036,40.67562547730724]}},{"type":"Feature","id":"nyc_housing_database_project_321504449","properties":{"city_id":"nyc","event_id":"nyc_housing_database_project_321504449","title":"Housing database project: Demolition at 1032 OCEAN PARKWAY, 3","year":2017,"effective_date":"2017-06-27","date_precision":"day","category":"built_environment","lens":"built_environment","confidence":"documented","source_ids":["br6q-ssj3"],"explanation":"DCP Housing Database project 321504449; status 5. Completed Construction; Class A units 1 initial to 0 proposed, net -1; version 25Q4."},"geometry":{"type":"Point","coordinates":[-73.97093367996794,40.623298146398675]}},{"type":"Feature","id":"nyc_housing_database_project_321506526","properties":{"city_id":"nyc","event_id":"nyc_housing_database_project_321506526","title":"Housing database project: Alteration at 1651 MADISON PLACE, 3","year":2017,"effective_date":"2017-01-05","date_precision":"day","category":"built_environment","lens":"built_environment","confidence":"documented","source_ids":["br6q-ssj3"],"explanation":"DCP Housing Database project 321506526; status 1. Filed Application; Class A units 1 initial to 1 proposed, net 0; version 25Q4."},"geometry":{"type":"Point","coordinates":[-73.94248201584858,40.612109686641865]}},{"type":"Feature","id":"nyc_housing_database_project_321506848","properties":{"city_id":"nyc","event_id":"nyc_housing_database_project_321506848","title":"Housing database project: Alteration at 1503 DEAN STREET, 3","year":2017,"effective_date":"2017-01-06","date_precision":"day","category":"built_environment","lens":"built_environment","confidence":"documented","source_ids":["br6q-ssj3"],"explanation":"DCP Housing Database project 321506848; status 1. Filed Application; Class A units 3 initial to 4 proposed, net 1; version 25Q4."},"geometry":{"type":"Point","coordinates":[-73.93823098595747,40.676426474083776]}},{"type":"Feature","id":"nyc_housing_database_project_321506866","properties":{"city_id":"nyc","event_id":"nyc_housing_database_project_321506866","title":"Housing database project: Alteration at 82 BAY 46 STREET, 3","year":2017,"effective_date":"2017-01-06","date_precision":"day","category":"built_environment","lens":"built_environment","confidence":"documented","source_ids":["br6q-ssj3"],"explanation":"DCP Housing Database project 321506866; status 9. Withdrawn; Class A units 1 initial to 2 proposed, net 1; version 25Q4."},"geometry":{"type":"Point","coordinates":[-73.98648285207297,40.590883788801065]}},{"type":"Feature","id":"nyc_housing_database_project_321507366","properties":{"city_id":"nyc","event_id":"nyc_housing_database_project_321507366","title":"Housing database project: Demolition at 148 SACKMAN STREET, 3","year":2017,"effective_date":"2017-01-09","date_precision":"day","category":"built_environment","lens":"built_environment","confidence":"documented","source_ids":["br6q-ssj3"],"explanation":"DCP Housing Database project 321507366; status 9. Withdrawn; Class A units 2 initial to 0 proposed, net -2; version 25Q4."},"geometry":{"type":"Point","coordinates":[-73.90644277503078,40.674731563390544]}},{"type":"Feature","id":"nyc_housing_database_project_420303594","properties":{"city_id":"nyc","event_id":"nyc_housing_database_project_420303594","title":"Housing database project: New Building at 38-27 204 STREET, 4","year":2017,"effective_date":"2017-10-27","date_precision":"day","category":"built_environment","lens":"built_environment","confidence":"documented","source_ids":["br6q-ssj3"],"explanation":"DCP Housing Database project 420303594; status 5. Completed Construction; Class A units 0 initial to 1 proposed, net 1; version 25Q4."},"geometry":{"type":"Point","coordinates":[-73.7814425431481,40.762941043248134]}},{"type":"Feature","id":"nyc_housing_database_project_420658988","properties":{"city_id":"nyc","event_id":"nyc_housing_database_project_420658988","title":"Housing database project: New Building at 610 WALTON ROAD, 4","year":2017,"effective_date":"2017-01-04","date_precision":"day","category":"built_environment","lens":"built_environment","confidence":"documented","source_ids":["br6q-ssj3"],"explanation":"DCP Housing Database project 420658988; status 9. Withdrawn; Class A units 0 initial to 1 proposed, net 1; version 25Q4."},"geometry":{"type":"Point","coordinates":[-73.816809,40.608419]}},{"type":"Feature","id":"nyc_housing_database_project_420658997","properties":{"city_id":"nyc","event_id":"nyc_housing_database_project_420658997","title":"Housing database project: New Building at 331 BEACH 68 STREET, 4","year":2017,"effective_date":"2017-01-06","date_precision":"day","category":"built_environment","lens":"built_environment","confidence":"documented","source_ids":["br6q-ssj3"],"explanation":"DCP Housing Database project 420658997; status 9. Withdrawn; Class A units 0 initial to 1 proposed, net 1; version 25Q4."},"geometry":{"type":"Point","coordinates":[-73.79736028258172,40.59212664130115]}},{"type":"Feature","id":"nyc_housing_database_project_420800654","properties":{"city_id":"nyc","event_id":"nyc_housing_database_project_420800654","title":"Housing database project: Alteration at 63-78 76 STREET, 4","year":2017,"effective_date":"2017-08-03","date_precision":"day","category":"built_environment","lens":"built_environment","confidence":"documented","source_ids":["br6q-ssj3"],"explanation":"DCP Housing Database project 420800654; status 5. Completed Construction; Class A units 1 initial to 1 proposed, net 0; version 25Q4."},"geometry":{"type":"Point","coordinates":[-73.8790051823211,40.717539468762205]}},{"type":"Feature","id":"nyc_housing_database_project_420800672","properties":{"city_id":"nyc","event_id":"nyc_housing_database_project_420800672","title":"Housing database project: Alteration at 122-39 135 AVENUE, 4","year":2017,"effective_date":"2017-03-17","date_precision":"day","category":"built_environment","lens":"built_environment","confidence":"documented","source_ids":["br6q-ssj3"],"explanation":"DCP Housing Database project 420800672; status 5. Completed Construction; Class A units 2 initial to 1 proposed, net -1; version 25Q4."},"geometry":{"type":"Point","coordinates":[-73.81647763968091,40.66993977938349]}},{"type":"Feature","id":"nyc_housing_database_project_420898755","properties":{"city_id":"nyc","event_id":"nyc_housing_database_project_420898755","title":"Housing database project: New Building at 69-02 225 STREET, 4","year":2017,"effective_date":"2017-04-03","date_precision":"day","category":"built_environment","lens":"built_environment","confidence":"documented","source_ids":["br6q-ssj3"],"explanation":"DCP Housing Database project 420898755; status 5. Completed Construction; Class A units 0 initial to 2 proposed, net 2; version 25Q4."},"geometry":{"type":"Point","coordinates":[-73.7505909933167,40.74424561240335]}},{"type":"Feature","id":"nyc_housing_database_project_420914504","properties":{"city_id":"nyc","event_id":"nyc_housing_database_project_420914504","title":"Housing database project: Alteration at 20-02 SEAGIRT BOULEVARD, 4","year":2017,"effective_date":"2017-08-02","date_precision":"day","category":"built_environment","lens":"built_environment","confidence":"documented","source_ids":["br6q-ssj3"],"explanation":"DCP Housing Database project 420914504; status 5. Completed Construction; Class A units 126 initial to 126 proposed, net 0; version 25Q4."},"geometry":{"type":"Point","coordinates":[-73.75456833606626,40.59570123361397]}},{"type":"Feature","id":"nyc_housing_database_project_420932637","properties":{"city_id":"nyc","event_id":"nyc_housing_database_project_420932637","title":"Housing database project: New Building at 2 BEACH 219 STREET, 4","year":2017,"effective_date":"2017-03-30","date_precision":"day","category":"built_environment","lens":"built_environment","confidence":"documented","source_ids":["br6q-ssj3"],"explanation":"DCP Housing Database project 420932637; status 5. Completed Construction; Class A units 0 initial to 1 proposed, net 1; version 25Q4."},"geometry":{"type":"Point","coordinates":[-73.920731,40.556881]}},{"type":"Feature","id":"nyc_housing_database_project_420935992","properties":{"city_id":"nyc","event_id":"nyc_housing_database_project_420935992","title":"Housing database project: Alteration at 166-07 21 AVENUE, 4","year":2017,"effective_date":"2017-03-16","date_precision":"day","category":"built_environment","lens":"built_environment","confidence":"documented","source_ids":["br6q-ssj3"],"explanation":"DCP Housing Database project 420935992; status 5. Completed Construction; Class A units 1 initial to 1 proposed, net 0; version 25Q4."},"geometry":{"type":"Point","coordinates":[-73.79737090661783,40.77872019894213]}},{"type":"Feature","id":"nyc_housing_database_project_420936287","properties":{"city_id":"nyc","event_id":"nyc_housing_database_project_420936287","title":"Housing database project: Alteration at 25-19 36 AVENUE, 4","year":2017,"effective_date":"2017-11-16","date_precision":"day","category":"built_environment","lens":"built_environment","confidence":"documented","source_ids":["br6q-ssj3"],"explanation":"DCP Housing Database project 420936287; status 5. Completed Construction; Class A units 2 initial to 1 proposed, net -1; version 25Q4."},"geometry":{"type":"Point","coordinates":[-73.9325328169988,40.75813809395796]}},{"type":"Feature","id":"nyc_housing_database_project_420937188","properties":{"city_id":"nyc","event_id":"nyc_housing_database_project_420937188","title":"Housing database project: Alteration at 148-23 87 ROAD, 4","year":2017,"effective_date":"2017-08-23","date_precision":"day","category":"built_environment","lens":"built_environment","confidence":"documented","source_ids":["br6q-ssj3"],"explanation":"DCP Housing Database project 420937188; status 5. Completed Construction; Class A units 1 initial to 2 proposed, net 1; version 25Q4."},"geometry":{"type":"Point","coordinates":[-73.8085130994344,40.70713810388777]}},{"type":"Feature","id":"nyc_housing_database_project_420937348","properties":{"city_id":"nyc","event_id":"nyc_housing_database_project_420937348","title":"Housing database project: Alteration at 33-18 24 AVENUE, 4","year":2017,"effective_date":"2017-02-23","date_precision":"day","category":"built_environment","lens":"built_environment","confidence":"documented","source_ids":["br6q-ssj3"],"explanation":"DCP Housing Database project 420937348; status 5. Completed Construction; Class A units 2 initial to 2 proposed, net 0; version 25Q4."},"geometry":{"type":"Point","coordinates":[-73.91393110346193,40.77099513592373]}},{"type":"Feature","id":"nyc_housing_database_project_421028792","properties":{"city_id":"nyc","event_id":"nyc_housing_database_project_421028792","title":"Housing database project: Alteration at 221-73 91 AVENUE, 4","year":2017,"effective_date":"2017-04-27","date_precision":"day","category":"built_environment","lens":"built_environment","confidence":"documented","source_ids":["br6q-ssj3"],"explanation":"DCP Housing Database project 421028792; status 5. Completed Construction; Class A units 1 initial to 2 proposed, net 1; version 25Q4."},"geometry":{"type":"Point","coordinates":[-73.73639756789719,40.72797290136669]}},{"type":"Feature","id":"nyc_housing_database_project_421062539","properties":{"city_id":"nyc","event_id":"nyc_housing_database_project_421062539","title":"Housing database project: New Building at 112-46 38 AVENUE, 4","year":2017,"effective_date":"2017-02-10","date_precision":"day","category":"built_environment","lens":"built_environment","confidence":"documented","source_ids":["br6q-ssj3"],"explanation":"DCP Housing Database project 421062539; status 5. Completed Construction; Class A units 0 initial to 8 proposed, net 8; version 25Q4."},"geometry":{"type":"Point","coordinates":[-73.8537358686234,40.75385694536872]}},{"type":"Feature","id":"nyc_housing_database_project_421072314","properties":{"city_id":"nyc","event_id":"nyc_housing_database_project_421072314","title":"Housing database project: New Building at 57-30 HOFFMAN DRIVE, 4","year":2017,"effective_date":"2017-12-05","date_precision":"day","category":"built_environment","lens":"built_environment","confidence":"documented","source_ids":["br6q-ssj3"],"explanation":"DCP Housing Database project 421072314; status 5. Completed Construction; Class A units 0 initial to 4 proposed, net 4; version 25Q4."},"geometry":{"type":"Point","coordinates":[-73.87341241387556,40.73338843128128]}},{"type":"Feature","id":"nyc_housing_database_project_421230661","properties":{"city_id":"nyc","event_id":"nyc_housing_database_project_421230661","title":"Housing database project: Demolition at 150-05 COHANCY STREET, 4","year":2017,"effective_date":"2017-02-28","date_precision":"day","category":"built_environment","lens":"built_environment","confidence":"documented","source_ids":["br6q-ssj3"],"explanation":"DCP Housing Database project 421230661; status 5. Completed Construction; Class A units 1 initial to 0 proposed, net -1; version 25Q4."},"geometry":{"type":"Point","coordinates":[-73.834047,40.667329]}},{"type":"Feature","id":"nyc_housing_database_project_421233490","properties":{"city_id":"nyc","event_id":"nyc_housing_database_project_421233490","title":"Housing database project: Alteration at 82-37 51 AVENUE, 4","year":2017,"effective_date":"2017-03-23","date_precision":"day","category":"built_environment","lens":"built_environment","confidence":"documented","source_ids":["br6q-ssj3"],"explanation":"DCP Housing Database project 421233490; status 5. Completed Construction; Class A units 1 initial to 2 proposed, net 1; version 25Q4."},"geometry":{"type":"Point","coordinates":[-73.88053715904142,40.73822040561014]}},{"type":"Feature","id":"nyc_housing_database_project_421243540","properties":{"city_id":"nyc","event_id":"nyc_housing_database_project_421243540","title":"Housing database project: Alteration at 150-42 77 ROAD, 4","year":2017,"effective_date":"2017-01-17","date_precision":"day","category":"built_environment","lens":"built_environment","confidence":"documented","source_ids":["br6q-ssj3"],"explanation":"DCP Housing Database project 421243540; status 5. Completed Construction; Class A units 1 initial to 2 proposed, net 1; version 25Q4."},"geometry":{"type":"Point","coordinates":[-73.8129635228301,40.72218400429702]}},{"type":"Feature","id":"nyc_housing_database_project_421250318","properties":{"city_id":"nyc","event_id":"nyc_housing_database_project_421250318","title":"Housing database project: Alteration at 134-27 156 STREET, 4","year":2017,"effective_date":"2017-02-16","date_precision":"day","category":"built_environment","lens":"built_environment","confidence":"documented","source_ids":["br6q-ssj3"],"explanation":"DCP Housing Database project 421250318; status 5. Completed Construction; Class A units 1 initial to 2 proposed, net 1; version 25Q4."},"geometry":{"type":"Point","coordinates":[-73.77982666128169,40.67058138044481]}},{"type":"Feature","id":"nyc_housing_database_project_421250728","properties":{"city_id":"nyc","event_id":"nyc_housing_database_project_421250728","title":"Housing database project: Alteration at 31-17 STEINWAY STREET, 4","year":2017,"effective_date":"2017-01-06","date_precision":"day","category":"built_environment","lens":"built_environment","confidence":"documented","source_ids":["br6q-ssj3"],"explanation":"DCP Housing Database project 421250728; status 5. Completed Construction; Class A units 0 initial to 2 proposed, net 2; version 25Q4."},"geometry":{"type":"Point","coordinates":[-73.91724541219583,40.76069855758945]}},{"type":"Feature","id":"nyc_housing_database_project_421251852","properties":{"city_id":"nyc","event_id":"nyc_housing_database_project_421251852","title":"Housing database project: New Building at 208 EAST 8 ROAD, 4","year":2017,"effective_date":"2017-03-28","date_precision":"day","category":"built_environment","lens":"built_environment","confidence":"documented","source_ids":["br6q-ssj3"],"explanation":"DCP Housing Database project 421251852; status 3. Permitted for Construction; Class A units 0 initial to 1 proposed, net 1; version 25Q4."},"geometry":{"type":"Point","coordinates":[-73.81666763922262,40.607090481450555]}},{"type":"Feature","id":"nyc_housing_database_project_421252726","properties":{"city_id":"nyc","event_id":"nyc_housing_database_project_421252726","title":"Housing database project: Alteration at 230-40 148 AVENUE, 4","year":2017,"effective_date":"2017-01-20","date_precision":"day","category":"built_environment","lens":"built_environment","confidence":"documented","source_ids":["br6q-ssj3"],"explanation":"DCP Housing Database project 421252726; status 5. Completed Construction; Class A units 1 initial to 2 proposed, net 1; version 25Q4."},"geometry":{"type":"Point","coordinates":[-73.75183412913078,40.65573051392692]}},{"type":"Feature","id":"nyc_housing_database_project_421252735","properties":{"city_id":"nyc","event_id":"nyc_housing_database_project_421252735","title":"Housing database project: Alteration at 225-17 148 AVENUE, 4","year":2017,"effective_date":"2017-01-20","date_precision":"day","category":"built_environment","lens":"built_environment","confidence":"documented","source_ids":["br6q-ssj3"],"explanation":"DCP Housing Database project 421252735; status 5. Completed Construction; Class A units 1 initial to 2 proposed, net 1; version 25Q4."},"geometry":{"type":"Point","coordinates":[-73.75644862793128,40.657871575058145]}},{"type":"Feature","id":"nyc_housing_database_project_421252744","properties":{"city_id":"nyc","event_id":"nyc_housing_database_project_421252744","title":"Housing database project: New Building at 34-12 100 STREET, 4","year":2017,"effective_date":"2017-11-02","date_precision":"day","category":"built_environment","lens":"built_environment","confidence":"documented","source_ids":["br6q-ssj3"],"explanation":"DCP Housing Database project 421252744; status 3. Permitted for Construction; Class A units 0 initial to 2 proposed, net 2; version 25Q4."},"geometry":{"type":"Point","coordinates":[-73.86837648715019,40.755040292155975]}},{"type":"Feature","id":"nyc_housing_database_project_421363615","properties":{"city_id":"nyc","event_id":"nyc_housing_database_project_421363615","title":"Housing database project: Demolition at 25-28 BROADWAY, 4","year":2017,"effective_date":"2017-07-28","date_precision":"day","category":"built_environment","lens":"built_environment","confidence":"documented","source_ids":["br6q-ssj3"],"explanation":"DCP Housing Database project 421363615; status 5. Completed Construction; Class A units 2 initial to 0 proposed, net -2; version 25Q4."},"geometry":{"type":"Point","coordinates":[-73.927713,40.762782]}},{"type":"Feature","id":"nyc_housing_database_project_421372455","properties":{"city_id":"nyc","event_id":"nyc_housing_database_project_421372455","title":"Housing database project: Demolition at 28-10 21 STREET, 4","year":2017,"effective_date":"2017-04-17","date_precision":"day","category":"built_environment","lens":"built_environment","confidence":"documented","source_ids":["br6q-ssj3"],"explanation":"DCP Housing Database project 421372455; status 5. Completed Construction; Class A units 1 initial to 0 proposed, net -1; version 25Q4."},"geometry":{"type":"Point","coordinates":[-73.927317,40.771024]}},{"type":"Feature","id":"nyc_housing_database_project_421374569","properties":{"city_id":"nyc","event_id":"nyc_housing_database_project_421374569","title":"Housing database project: Alteration at 45-15 97 PLACE, 4","year":2017,"effective_date":"2017-01-09","date_precision":"day","category":"built_environment","lens":"built_environment","confidence":"documented","source_ids":["br6q-ssj3"],"explanation":"DCP Housing Database project 421374569; status 1. Filed Application; Class A units 2 initial to 2 proposed, net 0; version 25Q4."},"geometry":{"type":"Point","coordinates":[-73.8656761428288,40.744841608133534]}},{"type":"Feature","id":"nyc_housing_database_project_421402404","properties":{"city_id":"nyc","event_id":"nyc_housing_database_project_421402404","title":"Housing database project: Demolition at 21-30 45 ROAD, 4","year":2017,"effective_date":"2017-04-25","date_precision":"day","category":"built_environment","lens":"built_environment","confidence":"documented","source_ids":["br6q-ssj3"],"explanation":"DCP Housing Database project 421402404; status 5. Completed Construction; Class A units 2 initial to 0 proposed, net -2; version 25Q4."},"geometry":{"type":"Point","coordinates":[-73.94669782169554,40.74626881784236]}},{"type":"Feature","id":"nyc_housing_database_project_421404171","properties":{"city_id":"nyc","event_id":"nyc_housing_database_project_421404171","title":"Housing database project: New Building at 45-12 163 STREET, 4","year":2017,"effective_date":"2017-01-06","date_precision":"day","category":"built_environment","lens":"built_environment","confidence":"documented","source_ids":["br6q-ssj3"],"explanation":"DCP Housing Database project 421404171; status 9. Withdrawn; Class A units 0 initial to 2 proposed, net 2; version 25Q4."},"geometry":{"type":"Point","coordinates":[-73.80389661348153,40.7559581006684]}},{"type":"Feature","id":"nyc_housing_database_project_421404279","properties":{"city_id":"nyc","event_id":"nyc_housing_database_project_421404279","title":"Housing database project: Alteration at 9-03 127 STREET, 4","year":2017,"effective_date":"2017-11-16","date_precision":"day","category":"built_environment","lens":"built_environment","confidence":"documented","source_ids":["br6q-ssj3"],"explanation":"DCP Housing Database project 421404279; status 5. Completed Construction; Class A units 1 initial to 2 proposed, net 1; version 25Q4."},"geometry":{"type":"Point","coordinates":[-73.84067708786745,40.789091357671204]}},{"type":"Feature","id":"nyc_housing_database_project_421413820","properties":{"city_id":"nyc","event_id":"nyc_housing_database_project_421413820","title":"Housing database project: Alteration at 99-20 NORTHERN BOULEVARD, 4","year":2017,"effective_date":"2017-04-11","date_precision":"day","category":"built_environment","lens":"built_environment","confidence":"documented","source_ids":["br6q-ssj3"],"explanation":"DCP Housing Database project 421413820; status 3. Permitted for Construction; Class A units 2 initial to 2 proposed, net 0; version 25Q4."},"geometry":{"type":"Point","coordinates":[-73.86868595729688,40.75710701839093]}},{"type":"Feature","id":"nyc_housing_database_project_421413839","properties":{"city_id":"nyc","event_id":"nyc_housing_database_project_421413839","title":"Housing database project: Alteration at 99-18 NORTHERN BOULEVARD, 4","year":2017,"effective_date":"2017-04-11","date_precision":"day","category":"built_environment","lens":"built_environment","confidence":"documented","source_ids":["br6q-ssj3"],"explanation":"DCP Housing Database project 421413839; status 3. Permitted for Construction; Class A units 5 initial to 2 proposed, net -3; version 25Q4."},"geometry":{"type":"Point","coordinates":[-73.8687581737792,40.757099189757476]}},{"type":"Feature","id":"nyc_housing_database_project_421417292","properties":{"city_id":"nyc","event_id":"nyc_housing_database_project_421417292","title":"Housing database project: New Building at 165-05 14 ROAD, 4","year":2017,"effective_date":"2017-01-04","date_precision":"day","category":"built_environment","lens":"built_environment","confidence":"documented","source_ids":["br6q-ssj3"],"explanation":"DCP Housing Database project 421417292; status 9. Withdrawn; Class A units 0 initial to 1 proposed, net 1; version 25Q4."},"geometry":{"type":"Point","coordinates":[-73.79733652852671,40.78749263949931]}},{"type":"Feature","id":"nyc_housing_database_project_421417363","properties":{"city_id":"nyc","event_id":"nyc_housing_database_project_421417363","title":"Housing database project: Demolition at 162-23 99 STREET, 4","year":2017,"effective_date":"2017-03-22","date_precision":"day","category":"built_environment","lens":"built_environment","confidence":"documented","source_ids":["br6q-ssj3"],"explanation":"DCP Housing Database project 421417363; status 5. Completed Construction; Class A units 1 initial to 0 proposed, net -1; version 25Q4."},"geometry":{"type":"Point","coordinates":[-73.83262338923355,40.65428690315875]}},{"type":"Feature","id":"nyc_housing_database_project_421417728","properties":{"city_id":"nyc","event_id":"nyc_housing_database_project_421417728","title":"Housing database project: Demolition at 144-06 22 AVENUE, 4","year":2017,"effective_date":"2017-01-06","date_precision":"day","category":"built_environment","lens":"built_environment","confidence":"documented","source_ids":["br6q-ssj3"],"explanation":"DCP Housing Database project 421417728; status 9. Withdrawn; Class A units 1 initial to 0 proposed, net -1; version 25Q4."},"geometry":{"type":"Point","coordinates":[-73.82440342830664,40.77911473926207]}},{"type":"Feature","id":"nyc_housing_database_project_421417764","properties":{"city_id":"nyc","event_id":"nyc_housing_database_project_421417764","title":"Housing database project: Alteration at 122-08 153 STREET, 4","year":2017,"effective_date":"2017-08-10","date_precision":"day","category":"built_environment","lens":"built_environment","confidence":"documented","source_ids":["br6q-ssj3"],"explanation":"DCP Housing Database project 421417764; status 5. Completed Construction; Class A units 1 initial to 2 proposed, net 1; version 25Q4."},"geometry":{"type":"Point","coordinates":[-73.78868825022282,40.676757012281165]}},{"type":"Feature","id":"nyc_housing_database_project_421417899","properties":{"city_id":"nyc","event_id":"nyc_housing_database_project_421417899","title":"Housing database project: Alteration at 140 BEACH 134 STREET, 4","year":2017,"effective_date":"2017-01-05","date_precision":"day","category":"built_environment","lens":"built_environment","confidence":"documented","source_ids":["br6q-ssj3"],"explanation":"DCP Housing Database project 421417899; status 9. Withdrawn; Class A units 1 initial to 1 proposed, net 0; version 25Q4."},"geometry":{"type":"Point","coordinates":[-73.85075566476478,40.57270928567552]}},{"type":"Feature","id":"nyc_housing_database_project_421418022","properties":{"city_id":"nyc","event_id":"nyc_housing_database_project_421418022","title":"Housing database project: Alteration at 118-15 223 STREET, 4","year":2017,"effective_date":"2017-01-05","date_precision":"day","category":"built_environment","lens":"built_environment","confidence":"documented","source_ids":["br6q-ssj3"],"explanation":"DCP Housing Database project 421418022; status 9. Withdrawn; Class A units 1 initial to 1 proposed, net 0; version 25Q4."},"geometry":{"type":"Point","coordinates":[-73.73829535306155,40.692245198748616]}},{"type":"Feature","id":"nyc_housing_database_project_421418709","properties":{"city_id":"nyc","event_id":"nyc_housing_database_project_421418709","title":"Housing database project: Alteration at 58-07 SEABURY STREET, 4","year":2017,"effective_date":"2017-01-06","date_precision":"day","category":"built_environment","lens":"built_environment","confidence":"documented","source_ids":["br6q-ssj3"],"explanation":"DCP Housing Database project 421418709; status 2. Approved Application; Class A units 1 initial to 2 proposed, net 1; version 25Q4."},"geometry":{"type":"Point","coordinates":[-73.87336819865284,40.73232480537386]}},{"type":"Feature","id":"nyc_housing_database_project_520117034","properties":{"city_id":"nyc","event_id":"nyc_housing_database_project_520117034","title":"Housing database project: New Building at 123 LAFAYETTE AVENUE, 5","year":2017,"effective_date":"2017-05-30","date_precision":"day","category":"built_environment","lens":"built_environment","confidence":"documented","source_ids":["br6q-ssj3"],"explanation":"DCP Housing Database project 520117034; status 5. Completed Construction; Class A units 0 initial to 1 proposed, net 1; version 25Q4."},"geometry":{"type":"Point","coordinates":[-74.09486254859542,40.641883225680274]}},{"type":"Feature","id":"nyc_housing_database_project_520135568","properties":{"city_id":"nyc","event_id":"nyc_housing_database_project_520135568","title":"Housing database project: New Building at 33 HEMPSTEAD AVENUE, 5","year":2017,"effective_date":"2017-01-06","date_precision":"day","category":"built_environment","lens":"built_environment","confidence":"documented","source_ids":["br6q-ssj3"],"explanation":"DCP Housing Database project 520135568; status 9. Withdrawn; Class A units 0 initial to 1 proposed, net 1; version 25Q4."},"geometry":{"type":"Point","coordinates":[-74.09222799841127,40.5729568419349]}},{"type":"Feature","id":"nyc_housing_database_project_520135586","properties":{"city_id":"nyc","event_id":"nyc_housing_database_project_520135586","title":"Housing database project: New Building at 2807 ARTHUR KILL ROAD, 5","year":2017,"effective_date":"2017-01-05","date_precision":"day","category":"built_environment","lens":"built_environment","confidence":"documented","source_ids":["br6q-ssj3"],"explanation":"DCP Housing Database project 520135586; status 9. Withdrawn; Class A units 0 initial to 1 proposed, net 1; version 25Q4."},"geometry":{"type":"Point","coordinates":[-74.22548106127286,40.54916892356469]}},{"type":"Feature","id":"nyc_housing_database_project_520138841","properties":{"city_id":"nyc","event_id":"nyc_housing_database_project_520138841","title":"Housing database project: New Building at 540 HUNTER AVENUE, 5","year":2017,"effective_date":"2017-01-31","date_precision":"day","category":"built_environment","lens":"built_environment","confidence":"documented","source_ids":["br6q-ssj3"],"explanation":"DCP Housing Database project 520138841; status 5. Completed Construction; Class A units 0 initial to 1 proposed, net 1; version 25Q4."},"geometry":{"type":"Point","coordinates":[-74.09212983096808,40.57519358021847]}},{"type":"Feature","id":"nyc_housing_database_project_520200595","properties":{"city_id":"nyc","event_id":"nyc_housing_database_project_520200595","title":"Housing database project: New Building at 24 FOREST STREET, 5","year":2017,"effective_date":"2017-07-18","date_precision":"day","category":"built_environment","lens":"built_environment","confidence":"documented","source_ids":["br6q-ssj3"],"explanation":"DCP Housing Database project 520200595; status 5. Completed Construction; Class A units 0 initial to 2 proposed, net 2; version 25Q4."},"geometry":{"type":"Point","coordinates":[-74.16328249624138,40.605631423597664]}},{"type":"Feature","id":"nyc_housing_database_project_520260538","properties":{"city_id":"nyc","event_id":"nyc_housing_database_project_520260538","title":"Housing database project: New Building at 106 WHITMAN AVENUE, 5","year":2017,"effective_date":"2017-05-10","date_precision":"day","category":"built_environment","lens":"built_environment","confidence":"documented","source_ids":["br6q-ssj3"],"explanation":"DCP Housing Database project 520260538; status 5. Completed Construction; Class A units 0 initial to 2 proposed, net 2; version 25Q4."},"geometry":{"type":"Point","coordinates":[-74.14349063293159,40.54447331442269]}},{"type":"Feature","id":"nyc_housing_database_project_520282872","properties":{"city_id":"nyc","event_id":"nyc_housing_database_project_520282872","title":"Housing database project: Demolition at 15 DEPEW PLACE, 5","year":2017,"effective_date":"2017-04-18","date_precision":"day","category":"built_environment","lens":"built_environment","confidence":"documented","source_ids":["br6q-ssj3"],"explanation":"DCP Housing Database project 520282872; status 5. Completed Construction; Class A units 1 initial to 0 proposed, net -1; version 25Q4."},"geometry":{"type":"Point","coordinates":[-74.210714,40.528797]}},{"type":"Feature","id":"nyc_housing_database_project_520286556","properties":{"city_id":"nyc","event_id":"nyc_housing_database_project_520286556","title":"Housing database project: Demolition at 1100 TARGEE STREET, 5","year":2017,"effective_date":"2017-02-16","date_precision":"day","category":"built_environment","lens":"built_environment","confidence":"documented","source_ids":["br6q-ssj3"],"explanation":"DCP Housing Database project 520286556; status 5. Completed Construction; Class A units 1 initial to 0 proposed, net -1; version 25Q4."},"geometry":{"type":"Point","coordinates":[-74.09174802665315,40.601238701738495]}},{"type":"Feature","id":"nyc_housing_database_project_520286574","properties":{"city_id":"nyc","event_id":"nyc_housing_database_project_520286574","title":"Housing database project: Demolition at 1094 TARGEE STREET, 5","year":2017,"effective_date":"2017-02-16","date_precision":"day","category":"built_environment","lens":"built_environment","confidence":"documented","source_ids":["br6q-ssj3"],"explanation":"DCP Housing Database project 520286574; status 5. Completed Construction; Class A units 1 initial to 0 proposed, net -1; version 25Q4."},"geometry":{"type":"Point","coordinates":[-74.091753,40.601464]}},{"type":"Feature","id":"nyc_housing_database_project_520288091","properties":{"city_id":"nyc","event_id":"nyc_housing_database_project_520288091","title":"Housing database project: New Building at 398 LENEVAR AVENUE, 5","year":2017,"effective_date":"2017-01-05","date_precision":"day","category":"built_environment","lens":"built_environment","confidence":"documented","source_ids":["br6q-ssj3"],"explanation":"DCP Housing Database project 520288091; status 1. Filed Application; Class A units 0 initial to 1 proposed, net 1; version 25Q4."},"geometry":{"type":"Point","coordinates":[-74.206939,40.530454]}},{"type":"Feature","id":"nyc_housing_database_project_520288206","properties":{"city_id":"nyc","event_id":"nyc_housing_database_project_520288206","title":"Housing database project: New Building at 1321 RICHMOND ROAD, 5","year":2017,"effective_date":"2017-01-06","date_precision":"day","category":"built_environment","lens":"built_environment","confidence":"documented","source_ids":["br6q-ssj3"],"explanation":"DCP Housing Database project 520288206; status 1. Filed Application; Class A units 0 initial to 16 proposed, net 16; version 25Q4."},"geometry":{"type":"Point","coordinates":[-74.09591692343643,40.596233740681136]}},{"type":"Feature","id":"nyc_housing_database_project_520288359","properties":{"city_id":"nyc","event_id":"nyc_housing_database_project_520288359","title":"Housing database project: Demolition at 112 TAYLOR STREET, 5","year":2017,"effective_date":"2017-01-25","date_precision":"day","category":"built_environment","lens":"built_environment","confidence":"documented","source_ids":["br6q-ssj3"],"explanation":"DCP Housing Database project 520288359; status 5. Completed Construction; Class A units 1 initial to 0 proposed, net -1; version 25Q4."},"geometry":{"type":"Point","coordinates":[-74.123648,40.636153]}},{"type":"Feature","id":"nyc_housing_database_project_520297072","properties":{"city_id":"nyc","event_id":"nyc_housing_database_project_520297072","title":"Housing database project: Demolition at 402 LINCOLN AVENUE, 5","year":2017,"effective_date":"2017-03-09","date_precision":"day","category":"built_environment","lens":"built_environment","confidence":"documented","source_ids":["br6q-ssj3"],"explanation":"DCP Housing Database project 520297072; status 5. Completed Construction; Class A units 1 initial to 0 proposed, net -1; version 25Q4."},"geometry":{"type":"Point","coordinates":[-74.10053980222413,40.574863088717215]}},{"type":"Feature","id":"nyc_hpd_affordable_housing_building_44332-1005272","properties":{"city_id":"nyc","event_id":"nyc_hpd_affordable_housing_building_44332-1005272","title":"HPD affordable housing building: HOPKINSON/PARK PLACE PARK PLACE, Brooklyn","year":2017,"effective_date":"2017-02-10","date_precision":"day","category":"built_environment","lens":"built_environment","confidence":"documented","source_ids":["hg8x-zxpr"],"explanation":"HPD affordable housing production building record for project 44332; construction type New Construction; 17 counted affordable units and 17 total units reported."},"geometry":{"type":"Point","coordinates":[-73.914794,40.671483]}},{"type":"Feature","id":"nyc_hpd_affordable_housing_building_44332-975662","properties":{"city_id":"nyc","event_id":"nyc_hpd_affordable_housing_building_44332-975662","title":"HPD affordable housing building: HOPKINSON/PARK PLACE THOMAS S BOYLAND STREET, Brooklyn","year":2017,"effective_date":"2017-02-10","date_precision":"day","category":"built_environment","lens":"built_environment","confidence":"documented","source_ids":["hg8x-zxpr"],"explanation":"HPD affordable housing production building record for project 44332; construction type New Construction; 8 counted affordable units and 8 total units reported."},"geometry":{"type":"Point","coordinates":[-73.914128,40.67101]}},{"type":"Feature","id":"nyc_hpd_affordable_housing_building_47878-19629","properties":{"city_id":"nyc","event_id":"nyc_hpd_affordable_housing_building_47878-19629","title":"HPD affordable housing building: 152 EAST 116TH STREET EAST 116 STREET, Manhattan","year":2017,"effective_date":"2017-06-23","date_precision":"day","category":"built_environment","lens":"built_environment","confidence":"documented","source_ids":["hg8x-zxpr"],"explanation":"HPD affordable housing production building record for project 47878; construction type Preservation; 9 counted affordable units and 9 total units reported."},"geometry":{"type":"Point","coordinates":[-73.941186,40.79843]}},{"type":"Feature","id":"nyc_hpd_affordable_housing_building_49279-948086","properties":{"city_id":"nyc","event_id":"nyc_hpd_affordable_housing_building_49279-948086","title":"HPD affordable housing building: 1402 YORK AVENUE YORK AVENUE, Manhattan","year":2017,"effective_date":"2017-05-23","date_precision":"day","category":"built_environment","lens":"built_environment","confidence":"documented","source_ids":["hg8x-zxpr"],"explanation":"HPD affordable housing production building record for project 49279; construction type New Construction; 10 counted affordable units and 11 total units reported."},"geometry":{"type":"Point","coordinates":[-73.952512,40.768529]}},{"type":"Feature","id":"nyc_hpd_affordable_housing_building_50347-47143","properties":{"city_id":"nyc","event_id":"nyc_hpd_affordable_housing_building_50347-47143","title":"HPD affordable housing building: LIND RIC HOUSING CO., INC. BARKER AVENUE, Bronx","year":2017,"effective_date":"2017-06-26","date_precision":"day","category":"built_environment","lens":"built_environment","confidence":"documented","source_ids":["hg8x-zxpr"],"explanation":"HPD affordable housing production building record for project 50347; construction type Preservation; 172 counted affordable units and 172 total units reported."},"geometry":{"type":"Point","coordinates":[-73.869411,40.861793]}},{"type":"Feature","id":"nyc_hpd_affordable_housing_building_51950-281922","properties":{"city_id":"nyc","event_id":"nyc_hpd_affordable_housing_building_51950-281922","title":"HPD affordable housing building: HABITAT-NYC SINGLE FAMILY HOMES PHASE II EAST 92 STREET, Brooklyn","year":2017,"effective_date":"2017-02-23","date_precision":"day","category":"built_environment","lens":"built_environment","confidence":"documented","source_ids":["hg8x-zxpr"],"explanation":"HPD affordable housing production building record for project 51950; construction type Preservation; 1 counted affordable units and 1 total units reported."},"geometry":{"type":"Point","coordinates":[-73.929435,40.663607]}},{"type":"Feature","id":"nyc_hpd_affordable_housing_building_51950-324387","properties":{"city_id":"nyc","event_id":"nyc_hpd_affordable_housing_building_51950-324387","title":"HPD affordable housing building: HABITAT-NYC SINGLE FAMILY HOMES PHASE II LENOX ROAD, Brooklyn","year":2017,"effective_date":"2017-02-23","date_precision":"day","category":"built_environment","lens":"built_environment","confidence":"documented","source_ids":["hg8x-zxpr"],"explanation":"HPD affordable housing production building record for project 51950; construction type Preservation; 1 counted affordable units and 1 total units reported."},"geometry":{"type":"Point","coordinates":[-73.923229,40.65628]}},{"type":"Feature","id":"nyc_hpd_affordable_housing_building_51950-367956","properties":{"city_id":"nyc","event_id":"nyc_hpd_affordable_housing_building_51950-367956","title":"HPD affordable housing building: HABITAT-NYC SINGLE FAMILY HOMES PHASE II SCHENECTADY AVENUE, Brooklyn","year":2017,"effective_date":"2017-02-23","date_precision":"day","category":"built_environment","lens":"built_environment","confidence":"documented","source_ids":["hg8x-zxpr"],"explanation":"HPD affordable housing production building record for project 51950; construction type Preservation; 1 counted affordable units and 1 total units reported."},"geometry":{"type":"Point","coordinates":[-73.934186,40.659855]}},{"type":"Feature","id":"nyc_hpd_affordable_housing_building_51950-532932","properties":{"city_id":"nyc","event_id":"nyc_hpd_affordable_housing_building_51950-532932","title":"HPD affordable housing building: HABITAT-NYC SINGLE FAMILY HOMES PHASE II 119 AVENUE, Queens","year":2017,"effective_date":"2017-02-23","date_precision":"day","category":"built_environment","lens":"built_environment","confidence":"documented","source_ids":["hg8x-zxpr"],"explanation":"HPD affordable housing production building record for project 51950; construction type Preservation; 1 counted affordable units and 1 total units reported."},"geometry":{"type":"Point","coordinates":[-73.755395,40.690479]}},{"type":"Feature","id":"nyc_hpd_affordable_housing_building_51950-536580","properties":{"city_id":"nyc","event_id":"nyc_hpd_affordable_housing_building_51950-536580","title":"HPD affordable housing building: HABITAT-NYC SINGLE FAMILY HOMES PHASE II 123 AVENUE, Queens","year":2017,"effective_date":"2017-02-23","date_precision":"day","category":"built_environment","lens":"built_environment","confidence":"documented","source_ids":["hg8x-zxpr"],"explanation":"HPD affordable housing production building record for project 51950; construction type Preservation; 1 counted affordable units and 1 total units reported."},"geometry":{"type":"Point","coordinates":[-73.792254,40.675556]}},{"type":"Feature","id":"nyc_hpd_affordable_housing_building_51950-543689","properties":{"city_id":"nyc","event_id":"nyc_hpd_affordable_housing_building_51950-543689","title":"HPD affordable housing building: HABITAT-NYC SINGLE FAMILY HOMES PHASE II 131 AVENUE, Queens","year":2017,"effective_date":"2017-02-23","date_precision":"day","category":"built_environment","lens":"built_environment","confidence":"documented","source_ids":["hg8x-zxpr"],"explanation":"HPD affordable housing production building record for project 51950; construction type Preservation; 1 counted affordable units and 1 total units reported."},"geometry":{"type":"Point","coordinates":[-73.746166,40.682093]}},{"type":"Feature","id":"nyc_hpd_affordable_housing_building_51950-544663","properties":{"city_id":"nyc","event_id":"nyc_hpd_affordable_housing_building_51950-544663","title":"HPD affordable housing building: HABITAT-NYC SINGLE FAMILY HOMES PHASE II 132 STREET, Queens","year":2017,"effective_date":"2017-02-23","date_precision":"day","category":"built_environment","lens":"built_environment","confidence":"documented","source_ids":["hg8x-zxpr"],"explanation":"HPD affordable housing production building record for project 51950; construction type Preservation; 1 counted affordable units and 1 total units reported."},"geometry":{"type":"Point","coordinates":[-73.814738,40.691674]}},{"type":"Feature","id":"nyc_hpd_affordable_housing_building_51950-549840","properties":{"city_id":"nyc","event_id":"nyc_hpd_affordable_housing_building_51950-549840","title":"HPD affordable housing building: HABITAT-NYC SINGLE FAMILY HOMES PHASE II 138 PLACE, Queens","year":2017,"effective_date":"2017-02-23","date_precision":"day","category":"built_environment","lens":"built_environment","confidence":"documented","source_ids":["hg8x-zxpr"],"explanation":"HPD affordable housing production building record for project 51950; construction type Preservation; 1 counted affordable units and 1 total units reported."},"geometry":{"type":"Point","coordinates":[-73.812652,40.699795]}},{"type":"Feature","id":"nyc_hpd_affordable_housing_building_51950-550818","properties":{"city_id":"nyc","event_id":"nyc_hpd_affordable_housing_building_51950-550818","title":"HPD affordable housing building: HABITAT-NYC SINGLE FAMILY HOMES PHASE II 140 AVENUE, Queens","year":2017,"effective_date":"2017-02-23","date_precision":"day","category":"built_environment","lens":"built_environment","confidence":"documented","source_ids":["hg8x-zxpr"],"explanation":"HPD affordable housing production building record for project 51950; construction type Preservation; 1 counted affordable units and 1 total units reported."},"geometry":{"type":"Point","coordinates":[-73.755491,40.672177]}},{"type":"Feature","id":"nyc_hpd_affordable_housing_building_51950-561639","properties":{"city_id":"nyc","event_id":"nyc_hpd_affordable_housing_building_51950-561639","title":"HPD affordable housing building: HABITAT-NYC SINGLE FAMILY HOMES PHASE II 152 STREET, Queens","year":2017,"effective_date":"2017-02-23","date_precision":"day","category":"built_environment","lens":"built_environment","confidence":"documented","source_ids":["hg8x-zxpr"],"explanation":"HPD affordable housing production building record for project 51950; construction type Preservation; 1 counted affordable units and 1 total units reported."},"geometry":{"type":"Point","coordinates":[-73.789128,40.675836]}},{"type":"Feature","id":"nyc_hpd_affordable_housing_building_51950-572104","properties":{"city_id":"nyc","event_id":"nyc_hpd_affordable_housing_building_51950-572104","title":"HPD affordable housing building: HABITAT-NYC SINGLE FAMILY HOMES PHASE II 167 STREET, Queens","year":2017,"effective_date":"2017-02-23","date_precision":"day","category":"built_environment","lens":"built_environment","confidence":"documented","source_ids":["hg8x-zxpr"],"explanation":"HPD affordable housing production building record for project 51950; construction type Preservation; 1 counted affordable units and 1 total units reported."},"geometry":{"type":"Point","coordinates":[-73.774792,40.663614]}},{"type":"Feature","id":"nyc_hpd_affordable_housing_building_51950-583620","properties":{"city_id":"nyc","event_id":"nyc_hpd_affordable_housing_building_51950-583620","title":"HPD affordable housing building: HABITAT-NYC SINGLE FAMILY HOMES PHASE II 187 STREET, Queens","year":2017,"effective_date":"2017-02-23","date_precision":"day","category":"built_environment","lens":"built_environment","confidence":"documented","source_ids":["hg8x-zxpr"],"explanation":"HPD affordable housing production building record for project 51950; construction type Preservation; 1 counted affordable units and 1 total units reported."},"geometry":{"type":"Point","coordinates":[-73.76991,40.705597]}},{"type":"Feature","id":"nyc_hpd_affordable_housing_building_51950-589736","properties":{"city_id":"nyc","event_id":"nyc_hpd_affordable_housing_building_51950-589736","title":"HPD affordable housing building: HABITAT-NYC SINGLE FAMILY HOMES PHASE II 198 STREET, Queens","year":2017,"effective_date":"2017-02-23","date_precision":"day","category":"built_environment","lens":"built_environment","confidence":"documented","source_ids":["hg8x-zxpr"],"explanation":"HPD affordable housing production building record for project 51950; construction type Preservation; 1 counted affordable units and 1 total units reported."},"geometry":{"type":"Point","coordinates":[-73.755131,40.696547]}},{"type":"Feature","id":"nyc_hpd_affordable_housing_building_51950-591716","properties":{"city_id":"nyc","event_id":"nyc_hpd_affordable_housing_building_51950-591716","title":"HPD affordable housing building: HABITAT-NYC SINGLE FAMILY HOMES PHASE II 201 STREET, Queens","year":2017,"effective_date":"2017-02-23","date_precision":"day","category":"built_environment","lens":"built_environment","confidence":"documented","source_ids":["hg8x-zxpr"],"explanation":"HPD affordable housing production building record for project 51950; construction type Preservation; 1 counted affordable units and 1 total units reported."},"geometry":{"type":"Point","coordinates":[-73.754269,40.701285]}},{"type":"Feature","id":"nyc_hpd_affordable_housing_building_51950-595312","properties":{"city_id":"nyc","event_id":"nyc_hpd_affordable_housing_building_51950-595312","title":"HPD affordable housing building: HABITAT-NYC SINGLE FAMILY HOMES PHASE II 205 STREET, Queens","year":2017,"effective_date":"2017-02-23","date_precision":"day","category":"built_environment","lens":"built_environment","confidence":"documented","source_ids":["hg8x-zxpr"],"explanation":"HPD affordable housing production building record for project 51950; construction type Preservation; 1 counted affordable units and 1 total units reported."},"geometry":{"type":"Point","coordinates":[-73.751668,40.704406]}},{"type":"Feature","id":"nyc_hpd_affordable_housing_building_51950-597082","properties":{"city_id":"nyc","event_id":"nyc_hpd_affordable_housing_building_51950-597082","title":"HPD affordable housing building: HABITAT-NYC SINGLE FAMILY HOMES PHASE II 208 STREET, Queens","year":2017,"effective_date":"2017-02-23","date_precision":"day","category":"built_environment","lens":"built_environment","confidence":"documented","source_ids":["hg8x-zxpr"],"explanation":"HPD affordable housing production building record for project 51950; construction type Preservation; 1 counted affordable units and 1 total units reported."},"geometry":{"type":"Point","coordinates":[-73.749855,40.708857]}},{"type":"Feature","id":"nyc_hpd_affordable_housing_building_51950-610826","properties":{"city_id":"nyc","event_id":"nyc_hpd_affordable_housing_building_51950-610826","title":"HPD affordable housing building: HABITAT-NYC SINGLE FAMILY HOMES PHASE II 224 STREET, Queens","year":2017,"effective_date":"2017-02-23","date_precision":"day","category":"built_environment","lens":"built_environment","confidence":"documented","source_ids":["hg8x-zxpr"],"explanation":"HPD affordable housing production building record for project 51950; construction type Preservation; 1 counted affordable units and 1 total units reported."},"geometry":{"type":"Point","coordinates":[-73.735038,40.697084]}},{"type":"Feature","id":"nyc_hpd_affordable_housing_building_51950-611866","properties":{"city_id":"nyc","event_id":"nyc_hpd_affordable_housing_building_51950-611866","title":"HPD affordable housing building: HABITAT-NYC SINGLE FAMILY HOMES PHASE II 225 STREET, Queens","year":2017,"effective_date":"2017-02-23","date_precision":"day","category":"built_environment","lens":"built_environment","confidence":"documented","source_ids":["hg8x-zxpr"],"explanation":"HPD affordable housing production building record for project 51950; construction type Preservation; 1 counted affordable units and 1 total units reported."},"geometry":{"type":"Point","coordinates":[-73.743794,40.67937]}},{"type":"Feature","id":"nyc_hpd_affordable_housing_building_51950-679081","properties":{"city_id":"nyc","event_id":"nyc_hpd_affordable_housing_building_51950-679081","title":"HPD affordable housing building: HABITAT-NYC SINGLE FAMILY HOMES PHASE II MENTONE AVENUE, Queens","year":2017,"effective_date":"2017-02-23","date_precision":"day","category":"built_environment","lens":"built_environment","confidence":"documented","source_ids":["hg8x-zxpr"],"explanation":"HPD affordable housing production building record for project 51950; construction type Preservation; 1 counted affordable units and 1 total units reported."},"geometry":{"type":"Point","coordinates":[-73.746537,40.667115]}},{"type":"Feature","id":"nyc_hpd_affordable_housing_building_51950-690769","properties":{"city_id":"nyc","event_id":"nyc_hpd_affordable_housing_building_51950-690769","title":"HPD affordable housing building: HABITAT-NYC SINGLE FAMILY HOMES PHASE II REMINGTON STREET, Queens","year":2017,"effective_date":"2017-02-23","date_precision":"day","category":"built_environment","lens":"built_environment","confidence":"documented","source_ids":["hg8x-zxpr"],"explanation":"HPD affordable housing production building record for project 51950; construction type Preservation; 1 counted affordable units and 1 total units reported."},"geometry":{"type":"Point","coordinates":[-73.806186,40.689746]}},{"type":"Feature","id":"nyc_hpd_affordable_housing_building_52735-810153","properties":{"city_id":"nyc","event_id":"nyc_hpd_affordable_housing_building_52735-810153","title":"HPD affordable housing building: HELP DUMONT LLC.YR15.FY17 HINSDALE STREET, Brooklyn","year":2017,"effective_date":"2017-03-22","date_precision":"day","category":"built_environment","lens":"built_environment","confidence":"documented","source_ids":["hg8x-zxpr"],"explanation":"HPD affordable housing production building record for project 52735; construction type Preservation; 150 counted affordable units and 150 total units reported."},"geometry":{"type":"Point","coordinates":[-73.899405,40.66684]}},{"type":"Feature","id":"nyc_hpd_affordable_housing_building_52985-79168","properties":{"city_id":"nyc","event_id":"nyc_hpd_affordable_housing_building_52985-79168","title":"HPD affordable housing building: 788 FOX STREET HDFC.HUDMF.FY17 FOX STREET, Bronx","year":2017,"effective_date":"2017-02-22","date_precision":"day","category":"built_environment","lens":"built_environment","confidence":"documented","source_ids":["hg8x-zxpr"],"explanation":"HPD affordable housing production building record for project 52985; construction type Preservation; 52 counted affordable units and 52 total units reported."},"geometry":{"type":"Point","coordinates":[-73.897455,40.816391]}},{"type":"Feature","id":"nyc_hpd_affordable_housing_building_52989-956174","properties":{"city_id":"nyc","event_id":"nyc_hpd_affordable_housing_building_52989-956174","title":"HPD affordable housing building: 635 4TH AVENUE 4 AVENUE, Brooklyn","year":2017,"effective_date":"2017-01-18","date_precision":"day","category":"built_environment","lens":"built_environment","confidence":"documented","source_ids":["hg8x-zxpr"],"explanation":"HPD affordable housing production building record for project 52989; construction type New Construction; 19 counted affordable units and 91 total units reported."},"geometry":{"type":"Point","coordinates":[-73.994453,40.663881]}},{"type":"Feature","id":"nyc_hpd_affordable_housing_building_54520-975517","properties":{"city_id":"nyc","event_id":"nyc_hpd_affordable_housing_building_54520-975517","title":"HPD affordable housing building: COMPASS 5 WEST FARMS ROAD, Bronx","year":2017,"effective_date":"2017-04-05","date_precision":"day","category":"built_environment","lens":"built_environment","confidence":"documented","source_ids":["hg8x-zxpr"],"explanation":"HPD affordable housing production building record for project 54520; construction type New Construction; 218 counted affordable units and 218 total units reported."},"geometry":{"type":"Point","coordinates":[-73.881325,40.838446]}},{"type":"Feature","id":"nyc_hpd_affordable_housing_building_58388-970697","properties":{"city_id":"nyc","event_id":"nyc_hpd_affordable_housing_building_58388-970697","title":"HPD affordable housing building: COMUNILIFE. 1815 WEST FARMS ROAD WEST FARMS ROAD, Bronx","year":2017,"effective_date":"2017-01-19","date_precision":"day","category":"built_environment","lens":"built_environment","confidence":"documented","source_ids":["hg8x-zxpr"],"explanation":"HPD affordable housing production building record for project 58388; construction type New Construction; 81 counted affordable units and 81 total units reported."},"geometry":{"type":"Point","coordinates":[-73.882148,40.836723]}},{"type":"Feature","id":"nyc_hpd_affordable_housing_building_58521-973747","properties":{"city_id":"nyc","event_id":"nyc_hpd_affordable_housing_building_58521-973747","title":"HPD affordable housing building: 505 WEST 43RD STREET WEST 43 STREET, Manhattan","year":2017,"effective_date":"2017-06-09","date_precision":"day","category":"built_environment","lens":"built_environment","confidence":"documented","source_ids":["hg8x-zxpr"],"explanation":"HPD affordable housing production building record for project 58521; construction type New Construction; 9 counted affordable units and 123 total units reported."},"geometry":{"type":"Point","coordinates":[-73.995748,40.760634]}},{"type":"Feature","id":"nyc_hpd_affordable_housing_building_58621-972781","properties":{"city_id":"nyc","event_id":"nyc_hpd_affordable_housing_building_58621-972781","title":"HPD affordable housing building: TREE OF LIFE 164 STREET, Queens","year":2017,"effective_date":"2017-05-24","date_precision":"day","category":"built_environment","lens":"built_environment","confidence":"documented","source_ids":["hg8x-zxpr"],"explanation":"HPD affordable housing production building record for project 58621; construction type New Construction; 174 counted affordable units and 174 total units reported."},"geometry":{"type":"Point","coordinates":[-73.796924,40.707058]}},{"type":"Feature","id":"nyc_hpd_affordable_housing_building_58667-822620","properties":{"city_id":"nyc","event_id":"nyc_hpd_affordable_housing_building_58667-822620","title":"HPD affordable housing building: 140 JOHNSON AVENUE JOHNSON AVENUE, Brooklyn","year":2017,"effective_date":"2017-06-08","date_precision":"day","category":"built_environment","lens":"built_environment","confidence":"documented","source_ids":["hg8x-zxpr"],"explanation":"HPD affordable housing production building record for project 58667; construction type Preservation; 22 counted affordable units and 23 total units reported."},"geometry":{"type":"Point","coordinates":[-73.944167,40.706491]}},{"type":"Feature","id":"nyc_hpd_affordable_housing_building_58671-976883","properties":{"city_id":"nyc","event_id":"nyc_hpd_affordable_housing_building_58671-976883","title":"HPD affordable housing building: COMUNILIFE. 760 BROADWAY. WOODHULL COMMUNITY RESIDEN THROOP AVENUE, Brooklyn","year":2017,"effective_date":"2017-05-12","date_precision":"day","category":"built_environment","lens":"built_environment","confidence":"documented","source_ids":["hg8x-zxpr"],"explanation":"HPD affordable housing production building record for project 58671; construction type New Construction; 89 counted affordable units and 89 total units reported."},"geometry":{"type":"Point","coordinates":[-73.943986,40.698451]}},{"type":"Feature","id":"nyc_hpd_affordable_housing_building_58756-968816","properties":{"city_id":"nyc","event_id":"nyc_hpd_affordable_housing_building_58756-968816","title":"HPD affordable housing building: 977 MANHATTAN AVENUE MANHATTAN AVENUE, Brooklyn","year":2017,"effective_date":"2017-01-05","date_precision":"day","category":"built_environment","lens":"built_environment","confidence":"documented","source_ids":["hg8x-zxpr"],"explanation":"HPD affordable housing production building record for project 58756; construction type New Construction; 3 counted affordable units and 14 total units reported."},"geometry":{"type":"Point","coordinates":[-73.954659,40.732565]}},{"type":"Feature","id":"nyc_hpd_affordable_housing_building_58876-62785","properties":{"city_id":"nyc","event_id":"nyc_hpd_affordable_housing_building_58876-62785","title":"HPD affordable housing building: NEW VISION COMMUNITY REDEVELOPMENT HDFC EAST 138 STREET, Bronx","year":2017,"effective_date":"2017-02-02","date_precision":"day","category":"built_environment","lens":"built_environment","confidence":"documented","source_ids":["hg8x-zxpr"],"explanation":"HPD affordable housing production building record for project 58876; construction type Preservation; 97 counted affordable units and 97 total units reported."},"geometry":{"type":"Point","coordinates":[-73.921161,40.808387]}},{"type":"Feature","id":"nyc_hpd_affordable_housing_building_58876-64056","properties":{"city_id":"nyc","event_id":"nyc_hpd_affordable_housing_building_58876-64056","title":"HPD affordable housing building: NEW VISION COMMUNITY REDEVELOPMENT HDFC EAST 155 STREET, Bronx","year":2017,"effective_date":"2017-02-02","date_precision":"day","category":"built_environment","lens":"built_environment","confidence":"documented","source_ids":["hg8x-zxpr"],"explanation":"HPD affordable housing production building record for project 58876; construction type Preservation; 97 counted affordable units and 97 total units reported."},"geometry":{"type":"Point","coordinates":[-73.914767,40.819888]}},{"type":"Feature","id":"nyc_hpd_affordable_housing_building_58885-52766","properties":{"city_id":"nyc","event_id":"nyc_hpd_affordable_housing_building_58885-52766","title":"HPD affordable housing building: MCGEE PLAZA HDFC.YR15.FY2017 BROOK AVENUE, Bronx","year":2017,"effective_date":"2017-06-16","date_precision":"day","category":"built_environment","lens":"built_environment","confidence":"documented","source_ids":["hg8x-zxpr"],"explanation":"HPD affordable housing production building record for project 58885; construction type Preservation; 10 counted affordable units and 10 total units reported."},"geometry":{"type":"Point","coordinates":[-73.910485,40.822773]}},{"type":"Feature","id":"nyc_hpd_affordable_housing_building_58885-806341","properties":{"city_id":"nyc","event_id":"nyc_hpd_affordable_housing_building_58885-806341","title":"HPD affordable housing building: MCGEE PLAZA HDFC.YR15.FY2017 BROOK AVENUE, Bronx","year":2017,"effective_date":"2017-06-16","date_precision":"day","category":"built_environment","lens":"built_environment","confidence":"documented","source_ids":["hg8x-zxpr"],"explanation":"HPD affordable housing production building record for project 58885; construction type Preservation; 7 counted affordable units and 7 total units reported."},"geometry":{"type":"Point","coordinates":[-73.910467,40.822943]}},{"type":"Feature","id":"nyc_hpd_affordable_housing_building_58885-806532","properties":{"city_id":"nyc","event_id":"nyc_hpd_affordable_housing_building_58885-806532","title":"HPD affordable housing building: MCGEE PLAZA HDFC.YR15.FY2017 EAST 161 STREET, Bronx","year":2017,"effective_date":"2017-06-16","date_precision":"day","category":"built_environment","lens":"built_environment","confidence":"documented","source_ids":["hg8x-zxpr"],"explanation":"HPD affordable housing production building record for project 58885; construction type Preservation; 7 counted affordable units and 7 total units reported."},"geometry":{"type":"Point","coordinates":[-73.910586,40.823226]}},{"type":"Feature","id":"nyc_hpd_affordable_housing_building_59058-45448","properties":{"city_id":"nyc","event_id":"nyc_hpd_affordable_housing_building_59058-45448","title":"HPD affordable housing building: 963 ANDERSON AVE.GHPP.FY17 ANDERSON AVENUE, Bronx","year":2017,"effective_date":"2017-06-26","date_precision":"day","category":"built_environment","lens":"built_environment","confidence":"documented","source_ids":["hg8x-zxpr"],"explanation":"HPD affordable housing production building record for project 59058; construction type Preservation; 52 counted affordable units and 52 total units reported."},"geometry":{"type":"Point","coordinates":[-73.927841,40.831406]}},{"type":"Feature","id":"nyc_hpd_affordable_housing_building_59382-239514","properties":{"city_id":"nyc","event_id":"nyc_hpd_affordable_housing_building_59382-239514","title":"HPD affordable housing building: AHI EZER APARTMENTS EAST 7 STREET, Brooklyn","year":2017,"effective_date":"2017-06-05","date_precision":"day","category":"built_environment","lens":"built_environment","confidence":"documented","source_ids":["hg8x-zxpr"],"explanation":"HPD affordable housing production building record for project 59382; construction type Preservation; 39 counted affordable units and 39 total units reported."},"geometry":{"type":"Point","coordinates":[-73.965083,40.603084]}},{"type":"Feature","id":"nyc_hpd_affordable_housing_building_59382-239515","properties":{"city_id":"nyc","event_id":"nyc_hpd_affordable_housing_building_59382-239515","title":"HPD affordable housing building: AHI EZER APARTMENTS EAST 7 STREET, Brooklyn","year":2017,"effective_date":"2017-06-05","date_precision":"day","category":"built_environment","lens":"built_environment","confidence":"documented","source_ids":["hg8x-zxpr"],"explanation":"HPD affordable housing production building record for project 59382; construction type Preservation; 35 counted affordable units and 35 total units reported."},"geometry":{"type":"Point","coordinates":[-73.965039,40.60298]}},{"type":"Feature","id":"nyc_hpd_affordable_housing_building_59411-968997","properties":{"city_id":"nyc","event_id":"nyc_hpd_affordable_housing_building_59411-968997","title":"HPD affordable housing building: 102 CHARLTON STREET CHARLTON STREET, Manhattan","year":2017,"effective_date":"2017-06-26","date_precision":"day","category":"built_environment","lens":"built_environment","confidence":"documented","source_ids":["hg8x-zxpr"],"explanation":"HPD affordable housing production building record for project 59411; construction type New Construction; 17 counted affordable units and 67 total units reported."},"geometry":{"type":"Point","coordinates":[-74.008125,40.727395]}},{"type":"Feature","id":"nyc_hpd_affordable_housing_building_59495-969140","properties":{"city_id":"nyc","event_id":"nyc_hpd_affordable_housing_building_59495-969140","title":"HPD affordable housing building: 2700 JEROME AVENUE JEROME AVENUE, Bronx","year":2017,"effective_date":"2017-03-16","date_precision":"day","category":"built_environment","lens":"built_environment","confidence":"documented","source_ids":["hg8x-zxpr"],"explanation":"HPD affordable housing production building record for project 59495; construction type New Construction; 136 counted affordable units and 136 total units reported."},"geometry":{"type":"Point","coordinates":[-73.89679,40.868255]}},{"type":"Feature","id":"nyc_hpd_affordable_housing_building_59637-39842","properties":{"city_id":"nyc","event_id":"nyc_hpd_affordable_housing_building_59637-39842","title":"HPD affordable housing building: VICTOR SANCHEZ HDFC.HRP.FY17 WEST 127 STREET, Manhattan","year":2017,"effective_date":"2017-03-24","date_precision":"day","category":"built_environment","lens":"built_environment","confidence":"documented","source_ids":["hg8x-zxpr"],"explanation":"HPD affordable housing production building record for project 59637; construction type Preservation; 18 counted affordable units and 18 total units reported."},"geometry":{"type":"Point","coordinates":[-73.953492,40.812854]}},{"type":"Feature","id":"nyc_hpd_affordable_housing_building_59637-39843","properties":{"city_id":"nyc","event_id":"nyc_hpd_affordable_housing_building_59637-39843","title":"HPD affordable housing building: VICTOR SANCHEZ HDFC.HRP.FY17 WEST 127 STREET, Manhattan","year":2017,"effective_date":"2017-03-24","date_precision":"day","category":"built_environment","lens":"built_environment","confidence":"documented","source_ids":["hg8x-zxpr"],"explanation":"HPD affordable housing production building record for project 59637; construction type Preservation; 24 counted affordable units and 24 total units reported."},"geometry":{"type":"Point","coordinates":[-73.953553,40.812879]}},{"type":"Feature","id":"nyc_hpd_affordable_housing_building_60000-6626","properties":{"city_id":"nyc","event_id":"nyc_hpd_affordable_housing_building_60000-6626","title":"HPD affordable housing building: 139-141 AVENUE D HDFC.YR15.FY2017 AVENUE D, Manhattan","year":2017,"effective_date":"2017-06-20","date_precision":"day","category":"built_environment","lens":"built_environment","confidence":"documented","source_ids":["hg8x-zxpr"],"explanation":"HPD affordable housing production building record for project 60000; construction type Preservation; 45 counted affordable units and 45 total units reported."},"geometry":{"type":"Point","coordinates":[-73.975373,40.724606]}},{"type":"Feature","id":"nyc_hpd_affordable_housing_building_60020-974093","properties":{"city_id":"nyc","event_id":"nyc_hpd_affordable_housing_building_60020-974093","title":"HPD affordable housing building: MORRIS II APARTMENTS PARK AVENUE, Bronx","year":2017,"effective_date":"2017-04-05","date_precision":"day","category":"built_environment","lens":"built_environment","confidence":"documented","source_ids":["hg8x-zxpr"],"explanation":"HPD affordable housing production building record for project 60020; construction type New Construction; 154 counted affordable units and 154 total units reported."},"geometry":{"type":"Point","coordinates":[-73.922849,40.820309]}},{"type":"Feature","id":"nyc_hpd_affordable_housing_building_60027-119640","properties":{"city_id":"nyc","event_id":"nyc_hpd_affordable_housing_building_60027-119640","title":"HPD affordable housing building: 163RD ST IMPROVEMENT COUNCIL WASHINGTON AVENUE, Bronx","year":2017,"effective_date":"2017-06-26","date_precision":"day","category":"built_environment","lens":"built_environment","confidence":"documented","source_ids":["hg8x-zxpr"],"explanation":"HPD affordable housing production building record for project 60027; construction type Preservation; 21 counted affordable units and 21 total units reported."},"geometry":{"type":"Point","coordinates":[-73.908501,40.828392]}},{"type":"Feature","id":"nyc_hpd_affordable_housing_building_60027-119648","properties":{"city_id":"nyc","event_id":"nyc_hpd_affordable_housing_building_60027-119648","title":"HPD affordable housing building: 163RD ST IMPROVEMENT COUNCIL WASHINGTON AVENUE, Bronx","year":2017,"effective_date":"2017-06-26","date_precision":"day","category":"built_environment","lens":"built_environment","confidence":"documented","source_ids":["hg8x-zxpr"],"explanation":"HPD affordable housing production building record for project 60027; construction type Preservation; 25 counted affordable units and 25 total units reported."},"geometry":{"type":"Point","coordinates":[-73.908436,40.82851]}},{"type":"Feature","id":"nyc_hpd_affordable_housing_building_60027-64956","properties":{"city_id":"nyc","event_id":"nyc_hpd_affordable_housing_building_60027-64956","title":"HPD affordable housing building: 163RD ST IMPROVEMENT COUNCIL EAST 167 STREET, Bronx","year":2017,"effective_date":"2017-06-26","date_precision":"day","category":"built_environment","lens":"built_environment","confidence":"documented","source_ids":["hg8x-zxpr"],"explanation":"HPD affordable housing production building record for project 60027; construction type Preservation; 17 counted affordable units and 17 total units reported."},"geometry":{"type":"Point","coordinates":[-73.907076,40.829607]}},{"type":"Feature","id":"nyc_hpd_affordable_housing_building_60027-65043","properties":{"city_id":"nyc","event_id":"nyc_hpd_affordable_housing_building_60027-65043","title":"HPD affordable housing building: 163RD ST IMPROVEMENT COUNCIL EAST 168 STREET, Bronx","year":2017,"effective_date":"2017-06-26","date_precision":"day","category":"built_environment","lens":"built_environment","confidence":"documented","source_ids":["hg8x-zxpr"],"explanation":"HPD affordable housing production building record for project 60027; construction type Preservation; 10 counted affordable units and 10 total units reported."},"geometry":{"type":"Point","coordinates":[-73.910306,40.832497]}},{"type":"Feature","id":"nyc_hpd_affordable_housing_building_60034-117114","properties":{"city_id":"nyc","event_id":"nyc_hpd_affordable_housing_building_60034-117114","title":"HPD affordable housing building: RENEWAL HDFC.GHPP.FY17 VALENTINE AVENUE, Bronx","year":2017,"effective_date":"2017-03-01","date_precision":"day","category":"built_environment","lens":"built_environment","confidence":"documented","source_ids":["hg8x-zxpr"],"explanation":"HPD affordable housing production building record for project 60034; construction type Preservation; 0 counted affordable units and 11 total units reported."},"geometry":{"type":"Point","coordinates":[-73.893008,40.865784]}},{"type":"Feature","id":"nyc_hpd_affordable_housing_building_60034-117122","properties":{"city_id":"nyc","event_id":"nyc_hpd_affordable_housing_building_60034-117122","title":"HPD affordable housing building: RENEWAL HDFC.GHPP.FY17 VALENTINE AVENUE, Bronx","year":2017,"effective_date":"2017-03-01","date_precision":"day","category":"built_environment","lens":"built_environment","confidence":"documented","source_ids":["hg8x-zxpr"],"explanation":"HPD affordable housing production building record for project 60034; construction type Preservation; 0 counted affordable units and 11 total units reported."},"geometry":{"type":"Point","coordinates":[-73.892812,40.866182]}},{"type":"Feature","id":"nyc_hpd_affordable_housing_building_60034-117124","properties":{"city_id":"nyc","event_id":"nyc_hpd_affordable_housing_building_60034-117124","title":"HPD affordable housing building: RENEWAL HDFC.GHPP.FY17 VALENTINE AVENUE, Bronx","year":2017,"effective_date":"2017-03-01","date_precision":"day","category":"built_environment","lens":"built_environment","confidence":"documented","source_ids":["hg8x-zxpr"],"explanation":"HPD affordable housing production building record for project 60034; construction type Preservation; 0 counted affordable units and 10 total units reported."},"geometry":{"type":"Point","coordinates":[-73.892562,40.866571]}},{"type":"Feature","id":"nyc_hpd_affordable_housing_building_60034-51243","properties":{"city_id":"nyc","event_id":"nyc_hpd_affordable_housing_building_60034-51243","title":"HPD affordable housing building: RENEWAL HDFC.GHPP.FY17 BRIGGS AVENUE, Bronx","year":2017,"effective_date":"2017-03-01","date_precision":"day","category":"built_environment","lens":"built_environment","confidence":"documented","source_ids":["hg8x-zxpr"],"explanation":"HPD affordable housing production building record for project 60034; construction type Preservation; 49 counted affordable units and 49 total units reported."},"geometry":{"type":"Point","coordinates":[-73.893151,40.864431]}},{"type":"Feature","id":"nyc_hpd_affordable_housing_building_60034-66855","properties":{"city_id":"nyc","event_id":"nyc_hpd_affordable_housing_building_60034-66855","title":"HPD affordable housing building: RENEWAL HDFC.GHPP.FY17 EAST 190 STREET, Bronx","year":2017,"effective_date":"2017-03-01","date_precision":"day","category":"built_environment","lens":"built_environment","confidence":"documented","source_ids":["hg8x-zxpr"],"explanation":"HPD affordable housing production building record for project 60034; construction type Preservation; 0 counted affordable units and 26 total units reported."},"geometry":{"type":"Point","coordinates":[-73.898475,40.863011]}},{"type":"Feature","id":"nyc_hpd_affordable_housing_building_60034-66882","properties":{"city_id":"nyc","event_id":"nyc_hpd_affordable_housing_building_60034-66882","title":"HPD affordable housing building: RENEWAL HDFC.GHPP.FY17 EAST 193 STREET, Bronx","year":2017,"effective_date":"2017-03-01","date_precision":"day","category":"built_environment","lens":"built_environment","confidence":"documented","source_ids":["hg8x-zxpr"],"explanation":"HPD affordable housing production building record for project 60034; construction type Preservation; 0 counted affordable units and 11 total units reported."},"geometry":{"type":"Point","coordinates":[-73.891114,40.863246]}},{"type":"Feature","id":"nyc_hpd_affordable_housing_building_60034-67110","properties":{"city_id":"nyc","event_id":"nyc_hpd_affordable_housing_building_60034-67110","title":"HPD affordable housing building: RENEWAL HDFC.GHPP.FY17 EAST 197 STREET, Bronx","year":2017,"effective_date":"2017-03-01","date_precision":"day","category":"built_environment","lens":"built_environment","confidence":"documented","source_ids":["hg8x-zxpr"],"explanation":"HPD affordable housing production building record for project 60034; construction type Preservation; 0 counted affordable units and 14 total units reported."},"geometry":{"type":"Point","coordinates":[-73.888011,40.865996]}},{"type":"Feature","id":"nyc_hpd_affordable_housing_building_60212-971000","properties":{"city_id":"nyc","event_id":"nyc_hpd_affordable_housing_building_60212-971000","title":"HPD affordable housing building: 909 ATLANTIC AVENUE (BPL OFFSITE 2 OF 2) ATLANTIC AVENUE, Brooklyn","year":2017,"effective_date":"2017-06-15","date_precision":"day","category":"built_environment","lens":"built_environment","confidence":"documented","source_ids":["hg8x-zxpr"],"explanation":"HPD affordable housing production building record for project 60212; construction type New Construction; 77 counted affordable units and 78 total units reported."},"geometry":{"type":"Point","coordinates":[-73.962626,40.680747]}},{"type":"Feature","id":"nyc_hpd_affordable_housing_building_60213-977267","properties":{"city_id":"nyc","event_id":"nyc_hpd_affordable_housing_building_60213-977267","title":"HPD affordable housing building: 1043 FULTON STREET (BPL OFFSITE 1 OF 2) FULTON STREET, Brooklyn","year":2017,"effective_date":"2017-06-15","date_precision":"day","category":"built_environment","lens":"built_environment","confidence":"documented","source_ids":["hg8x-zxpr"],"explanation":"HPD affordable housing production building record for project 60213; construction type New Construction; 37 counted affordable units and 37 total units reported."},"geometry":{"type":"Point","coordinates":[-73.960163,40.68208]}},{"type":"Feature","id":"nyc_hpd_affordable_housing_building_60427-25206","properties":{"city_id":"nyc","event_id":"nyc_hpd_affordable_housing_building_60427-25206","title":"HPD affordable housing building: HP 109TH STREET HDFC.HUDMF.FY17 MANHATTAN AVENUE, Manhattan","year":2017,"effective_date":"2017-01-23","date_precision":"day","category":"built_environment","lens":"built_environment","confidence":"documented","source_ids":["hg8x-zxpr"],"explanation":"HPD affordable housing production building record for project 60427; construction type Preservation; 17 counted affordable units and 17 total units reported."},"geometry":{"type":"Point","coordinates":[-73.960248,40.800319]}},{"type":"Feature","id":"nyc_hpd_affordable_housing_building_60427-37471","properties":{"city_id":"nyc","event_id":"nyc_hpd_affordable_housing_building_60427-37471","title":"HPD affordable housing building: HP 109TH STREET HDFC.HUDMF.FY17 WEST 104 STREET, Manhattan","year":2017,"effective_date":"2017-01-23","date_precision":"day","category":"built_environment","lens":"built_environment","confidence":"documented","source_ids":["hg8x-zxpr"],"explanation":"HPD affordable housing production building record for project 60427; construction type Preservation; 27 counted affordable units and 27 total units reported."},"geometry":{"type":"Point","coordinates":[-73.965237,40.798528]}},{"type":"Feature","id":"nyc_hpd_affordable_housing_building_60427-805084","properties":{"city_id":"nyc","event_id":"nyc_hpd_affordable_housing_building_60427-805084","title":"HPD affordable housing building: HP 109TH STREET HDFC.HUDMF.FY17 MANHATTAN AVENUE, Manhattan","year":2017,"effective_date":"2017-01-23","date_precision":"day","category":"built_environment","lens":"built_environment","confidence":"documented","source_ids":["hg8x-zxpr"],"explanation":"HPD affordable housing production building record for project 60427; construction type Preservation; 23 counted affordable units and 23 total units reported."},"geometry":{"type":"Point","coordinates":[-73.960201,40.800387]}},{"type":"Feature","id":"nyc_hpd_affordable_housing_building_60427-805832","properties":{"city_id":"nyc","event_id":"nyc_hpd_affordable_housing_building_60427-805832","title":"HPD affordable housing building: HP 109TH STREET HDFC.HUDMF.FY17 WEST 109 STREET, Manhattan","year":2017,"effective_date":"2017-01-23","date_precision":"day","category":"built_environment","lens":"built_environment","confidence":"documented","source_ids":["hg8x-zxpr"],"explanation":"HPD affordable housing production building record for project 60427; construction type Preservation; 35 counted affordable units and 35 total units reported."},"geometry":{"type":"Point","coordinates":[-73.959471,40.800327]}},{"type":"Feature","id":"nyc_hpd_affordable_housing_building_60427-805835","properties":{"city_id":"nyc","event_id":"nyc_hpd_affordable_housing_building_60427-805835","title":"HPD affordable housing building: HP 109TH STREET HDFC.HUDMF.FY17 WEST 109 STREET, Manhattan","year":2017,"effective_date":"2017-01-23","date_precision":"day","category":"built_environment","lens":"built_environment","confidence":"documented","source_ids":["hg8x-zxpr"],"explanation":"HPD affordable housing production building record for project 60427; construction type Preservation; 24 counted affordable units and 24 total units reported."},"geometry":{"type":"Point","coordinates":[-73.95963,40.800392]}},{"type":"Feature","id":"nyc_hpd_affordable_housing_building_60484-885781","properties":{"city_id":"nyc","event_id":"nyc_hpd_affordable_housing_building_60484-885781","title":"HPD affordable housing building: ALMA - 523 PROSPECT PROSPECT PLACE, Brooklyn","year":2017,"effective_date":"2017-06-22","date_precision":"day","category":"built_environment","lens":"built_environment","confidence":"documented","source_ids":["hg8x-zxpr"],"explanation":"HPD affordable housing production building record for project 60484; construction type Preservation; 83 counted affordable units and 83 total units reported."},"geometry":{"type":"Point","coordinates":[-73.958977,40.675602]}},{"type":"Feature","id":"nyc_hpd_affordable_housing_building_60740-977177","properties":{"city_id":"nyc","event_id":"nyc_hpd_affordable_housing_building_60740-977177","title":"HPD affordable housing building: LIGHTHOUSE POINT BAY STREET, Staten Island","year":2017,"effective_date":"2017-06-07","date_precision":"day","category":"built_environment","lens":"built_environment","confidence":"documented","source_ids":["hg8x-zxpr"],"explanation":"HPD affordable housing production building record for project 60740; construction type New Construction; 24 counted affordable units and 115 total units reported."},"geometry":{"type":"Point","coordinates":[-74.075734,40.6415]}},{"type":"Feature","id":"nyc_hpd_affordable_housing_building_60810-972899","properties":{"city_id":"nyc","event_id":"nyc_hpd_affordable_housing_building_60810-972899","title":"HPD affordable housing building: MLK PLAZA EAST 147 STREET, Bronx","year":2017,"effective_date":"2017-04-05","date_precision":"day","category":"built_environment","lens":"built_environment","confidence":"documented","source_ids":["hg8x-zxpr"],"explanation":"HPD affordable housing production building record for project 60810; construction type New Construction; 167 counted affordable units and 167 total units reported."},"geometry":{"type":"Point","coordinates":[-73.904671,40.810414]}},{"type":"Feature","id":"nyc_hpd_affordable_housing_building_60872-19899","properties":{"city_id":"nyc","event_id":"nyc_hpd_affordable_housing_building_60872-19899","title":"HPD affordable housing building: MHANY 2004 HDFC.HPOP.FY17 EAST 117 STREET, Manhattan","year":2017,"effective_date":"2017-06-22","date_precision":"day","category":"built_environment","lens":"built_environment","confidence":"documented","source_ids":["hg8x-zxpr"],"explanation":"HPD affordable housing production building record for project 60872; construction type Preservation; 35 counted affordable units and 35 total units reported."},"geometry":{"type":"Point","coordinates":[-73.93413,40.796343]}},{"type":"Feature","id":"nyc_hpd_affordable_housing_building_60872-19905","properties":{"city_id":"nyc","event_id":"nyc_hpd_affordable_housing_building_60872-19905","title":"HPD affordable housing building: MHANY 2004 HDFC.HPOP.FY17 EAST 117 STREET, Manhattan","year":2017,"effective_date":"2017-06-22","date_precision":"day","category":"built_environment","lens":"built_environment","confidence":"documented","source_ids":["hg8x-zxpr"],"explanation":"HPD affordable housing production building record for project 60872; construction type Preservation; 16 counted affordable units and 16 total units reported."},"geometry":{"type":"Point","coordinates":[-73.933842,40.79622]}},{"type":"Feature","id":"nyc_hpd_affordable_housing_building_60872-20142","properties":{"city_id":"nyc","event_id":"nyc_hpd_affordable_housing_building_60872-20142","title":"HPD affordable housing building: MHANY 2004 HDFC.HPOP.FY17 EAST 119 STREET, Manhattan","year":2017,"effective_date":"2017-06-22","date_precision":"day","category":"built_environment","lens":"built_environment","confidence":"documented","source_ids":["hg8x-zxpr"],"explanation":"HPD affordable housing production building record for project 60872; construction type Preservation; 30 counted affordable units and 30 total units reported."},"geometry":{"type":"Point","coordinates":[-73.937833,40.799559]}},{"type":"Feature","id":"nyc_hpd_affordable_housing_building_60872-20143","properties":{"city_id":"nyc","event_id":"nyc_hpd_affordable_housing_building_60872-20143","title":"HPD affordable housing building: MHANY 2004 HDFC.HPOP.FY17 EAST 119 STREET, Manhattan","year":2017,"effective_date":"2017-06-22","date_precision":"day","category":"built_environment","lens":"built_environment","confidence":"documented","source_ids":["hg8x-zxpr"],"explanation":"HPD affordable housing production building record for project 60872; construction type Preservation; 30 counted affordable units and 30 total units reported."},"geometry":{"type":"Point","coordinates":[-73.937707,40.799504]}},{"type":"Feature","id":"nyc_hpd_affordable_housing_building_61405-976362","properties":{"city_id":"nyc","event_id":"nyc_hpd_affordable_housing_building_61405-976362","title":"HPD affordable housing building: THE GILBERT 1 AVENUE, Manhattan","year":2017,"effective_date":"2017-04-05","date_precision":"day","category":"built_environment","lens":"built_environment","confidence":"documented","source_ids":["hg8x-zxpr"],"explanation":"HPD affordable housing production building record for project 61405; construction type New Construction; 153 counted affordable units and 153 total units reported."},"geometry":{"type":"Point","coordinates":[-73.94353,40.784867]}},{"type":"Feature","id":"nyc_hpd_affordable_housing_building_61627-299254","properties":{"city_id":"nyc","event_id":"nyc_hpd_affordable_housing_building_61627-299254","title":"HPD affordable housing building: GIBBMANSIONHDFC.YR15.FY2017 GATES AVENUE, Brooklyn","year":2017,"effective_date":"2017-06-08","date_precision":"day","category":"built_environment","lens":"built_environment","confidence":"documented","source_ids":["hg8x-zxpr"],"explanation":"HPD affordable housing production building record for project 61627; construction type Preservation; 14 counted affordable units and 14 total units reported."},"geometry":{"type":"Point","coordinates":[-73.958297,40.685321]}},{"type":"Feature","id":"nyc_hpd_affordable_housing_building_61627-808861","properties":{"city_id":"nyc","event_id":"nyc_hpd_affordable_housing_building_61627-808861","title":"HPD affordable housing building: GIBBMANSIONHDFC.YR15.FY2017 MONROE STREET, Brooklyn","year":2017,"effective_date":"2017-06-08","date_precision":"day","category":"built_environment","lens":"built_environment","confidence":"documented","source_ids":["hg8x-zxpr"],"explanation":"HPD affordable housing production building record for project 61627; construction type Preservation; 58 counted affordable units and 58 total units reported."},"geometry":{"type":"Point","coordinates":[-73.958229,40.684596]}},{"type":"Feature","id":"nyc_hpd_affordable_housing_building_61655-363424","properties":{"city_id":"nyc","event_id":"nyc_hpd_affordable_housing_building_61655-363424","title":"HPD affordable housing building: 123 HOPE STREET HOPE STREET, Brooklyn","year":2017,"effective_date":"2017-02-02","date_precision":"day","category":"built_environment","lens":"built_environment","confidence":"documented","source_ids":["hg8x-zxpr"],"explanation":"HPD affordable housing production building record for project 61655; construction type New Construction; 41 counted affordable units and 136 total units reported."},"geometry":{"type":"Point","coordinates":[-73.953295,40.712295]}},{"type":"Feature","id":"nyc_hpd_affordable_housing_building_61902-974040","properties":{"city_id":"nyc","event_id":"nyc_hpd_affordable_housing_building_61902-974040","title":"HPD affordable housing building: 810 FULTON STREET CLERMONT AVENUE, Brooklyn","year":2017,"effective_date":"2017-03-28","date_precision":"day","category":"built_environment","lens":"built_environment","confidence":"documented","source_ids":["hg8x-zxpr"],"explanation":"HPD affordable housing production building record for project 61902; construction type New Construction; 73 counted affordable units and 363 total units reported."},"geometry":{"type":"Point","coordinates":[-73.968891,40.683304]}},{"type":"Feature","id":"nyc_hpd_affordable_housing_building_62266-45427","properties":{"city_id":"nyc","event_id":"nyc_hpd_affordable_housing_building_62266-45427","title":"HPD affordable housing building: 1130 SHEVA REALTY HDFC.HPO.FY17 ANDERSON AVENUE, Bronx","year":2017,"effective_date":"2017-06-21","date_precision":"day","category":"built_environment","lens":"built_environment","confidence":"documented","source_ids":["hg8x-zxpr"],"explanation":"HPD affordable housing production building record for project 62266; construction type Preservation; 43 counted affordable units and 43 total units reported."},"geometry":{"type":"Point","coordinates":[-73.924895,40.835238]}},{"type":"Feature","id":"nyc_hpd_affordable_housing_building_62267-81954","properties":{"city_id":"nyc","event_id":"nyc_hpd_affordable_housing_building_62267-81954","title":"HPD affordable housing building: 424 SHEVA REALTY HDFC.HPO.FY17 GRAND CONCOURSE, Bronx","year":2017,"effective_date":"2017-06-21","date_precision":"day","category":"built_environment","lens":"built_environment","confidence":"documented","source_ids":["hg8x-zxpr"],"explanation":"HPD affordable housing production building record for project 62267; construction type Preservation; 28 counted affordable units and 28 total units reported."},"geometry":{"type":"Point","coordinates":[-73.928033,40.816925]}},{"type":"Feature","id":"nyc_hpd_affordable_housing_building_62267-81956","properties":{"city_id":"nyc","event_id":"nyc_hpd_affordable_housing_building_62267-81956","title":"HPD affordable housing building: 424 SHEVA REALTY HDFC.HPO.FY17 GRAND CONCOURSE, Bronx","year":2017,"effective_date":"2017-06-21","date_precision":"day","category":"built_environment","lens":"built_environment","confidence":"documented","source_ids":["hg8x-zxpr"],"explanation":"HPD affordable housing production building record for project 62267; construction type Preservation; 28 counted affordable units and 28 total units reported."},"geometry":{"type":"Point","coordinates":[-73.928001,40.816999]}},{"type":"Feature","id":"nyc_hpd_affordable_housing_building_62268-111437","properties":{"city_id":"nyc","event_id":"nyc_hpd_affordable_housing_building_62268-111437","title":"HPD affordable housing building: 830 SHEVA REALTY HDFC.HPO.FY17 REV JAMES POLITE AVENUE, Bronx","year":2017,"effective_date":"2017-06-21","date_precision":"day","category":"built_environment","lens":"built_environment","confidence":"documented","source_ids":["hg8x-zxpr"],"explanation":"HPD affordable housing production building record for project 62268; construction type Preservation; 71 counted affordable units and 71 total units reported."},"geometry":{"type":"Point","coordinates":[-73.898886,40.81875]}},{"type":"Feature","id":"nyc_hpd_affordable_housing_building_62269-119038","properties":{"city_id":"nyc","event_id":"nyc_hpd_affordable_housing_building_62269-119038","title":"HPD affordable housing building: 1240 SHEVA REALTY HDFC.HPO.FY17 WALTON AVENUE, Bronx","year":2017,"effective_date":"2017-06-21","date_precision":"day","category":"built_environment","lens":"built_environment","confidence":"documented","source_ids":["hg8x-zxpr"],"explanation":"HPD affordable housing production building record for project 62269; construction type Preservation; 157 counted affordable units and 157 total units reported."},"geometry":{"type":"Point","coordinates":[-73.918837,40.835879]}},{"type":"Feature","id":"nyc_hpd_affordable_housing_building_62270-65040","properties":{"city_id":"nyc","event_id":"nyc_hpd_affordable_housing_building_62270-65040","title":"HPD affordable housing building: 288 SHEVA REALTY HDFC.HPO.FY17 EAST 168 STREET, Bronx","year":2017,"effective_date":"2017-06-21","date_precision":"day","category":"built_environment","lens":"built_environment","confidence":"documented","source_ids":["hg8x-zxpr"],"explanation":"HPD affordable housing production building record for project 62270; construction type Preservation; 28 counted affordable units and 28 total units reported."},"geometry":{"type":"Point","coordinates":[-73.912802,40.833333]}},{"type":"Feature","id":"nyc_hpd_affordable_housing_building_62271-28236","properties":{"city_id":"nyc","event_id":"nyc_hpd_affordable_housing_building_62271-28236","title":"HPD affordable housing building: 795 SHEVA REALTY HDFC.HPO.FY17 ST NICHOLAS AVENUE, Manhattan","year":2017,"effective_date":"2017-06-21","date_precision":"day","category":"built_environment","lens":"built_environment","confidence":"documented","source_ids":["hg8x-zxpr"],"explanation":"HPD affordable housing production building record for project 62271; construction type Preservation; 57 counted affordable units and 57 total units reported."},"geometry":{"type":"Point","coordinates":[-73.942877,40.827133]}},{"type":"Feature","id":"nyc_hpd_affordable_housing_building_62303-373818","properties":{"city_id":"nyc","event_id":"nyc_hpd_affordable_housing_building_62303-373818","title":"HPD affordable housing building: NEW HULL STREET HDFC.YR15.FY17 ST JOHNS PLACE, Brooklyn","year":2017,"effective_date":"2017-04-26","date_precision":"day","category":"built_environment","lens":"built_environment","confidence":"documented","source_ids":["hg8x-zxpr"],"explanation":"HPD affordable housing production building record for project 62303; construction type Preservation; 33 counted affordable units and 33 total units reported."},"geometry":{"type":"Point","coordinates":[-73.924381,40.670213]}},{"type":"Feature","id":"nyc_hpd_affordable_housing_building_63003-975550","properties":{"city_id":"nyc","event_id":"nyc_hpd_affordable_housing_building_63003-975550","title":"HPD affordable housing building: 28-16 21ST STREET 29 AVENUE, Queens","year":2017,"effective_date":"2017-06-19","date_precision":"day","category":"built_environment","lens":"built_environment","confidence":"documented","source_ids":["hg8x-zxpr"],"explanation":"HPD affordable housing production building record for project 63003; construction type New Construction; 15 counted affordable units and 50 total units reported."},"geometry":{"type":"Point","coordinates":[-73.929065,40.771344]}},{"type":"Feature","id":"nyc_hpd_affordable_housing_building_63121-976304","properties":{"city_id":"nyc","event_id":"nyc_hpd_affordable_housing_building_63121-976304","title":"HPD affordable housing building: 2211 THIRD AVENUE EAST 121 STREET, Manhattan","year":2017,"effective_date":"2017-03-30","date_precision":"day","category":"built_environment","lens":"built_environment","confidence":"documented","source_ids":["hg8x-zxpr"],"explanation":"HPD affordable housing production building record for project 63121; construction type New Construction; 22 counted affordable units and 108 total units reported."},"geometry":{"type":"Point","coordinates":[-73.937196,40.800923]}},{"type":"Feature","id":"nyc_hpd_affordable_housing_building_63356-216177","properties":{"city_id":"nyc","event_id":"nyc_hpd_affordable_housing_building_63356-216177","title":"HPD affordable housing building: BUSHWICK CEDAR PARTNERS LLC.HUDMF.FY17 BUSHWICK AVENUE, Brooklyn","year":2017,"effective_date":"2017-06-02","date_precision":"day","category":"built_environment","lens":"built_environment","confidence":"documented","source_ids":["hg8x-zxpr"],"explanation":"HPD affordable housing production building record for project 63356; construction type Preservation; 70 counted affordable units and 70 total units reported."},"geometry":{"type":"Point","coordinates":[-73.929048,40.69555]}},{"type":"Feature","id":"nyc_hpd_affordable_housing_building_63358-506654","properties":{"city_id":"nyc","event_id":"nyc_hpd_affordable_housing_building_63358-506654","title":"HPD affordable housing building: MADISON COURT LIMITED PARTNERSHIP.HUDMF.FY17 96 STREET, Queens","year":2017,"effective_date":"2017-06-14","date_precision":"day","category":"built_environment","lens":"built_environment","confidence":"documented","source_ids":["hg8x-zxpr"],"explanation":"HPD affordable housing production building record for project 63358; construction type Preservation; 69 counted affordable units and 69 total units reported."},"geometry":{"type":"Point","coordinates":[-73.873076,40.76175]}},{"type":"Feature","id":"nyc_hpd_affordable_housing_building_63838-63067","properties":{"city_id":"nyc","event_id":"nyc_hpd_affordable_housing_building_63838-63067","title":"HPD affordable housing building: RAINBOW PLZ EAST 140 STREET, Bronx","year":2017,"effective_date":"2017-04-07","date_precision":"day","category":"built_environment","lens":"built_environment","confidence":"documented","source_ids":["hg8x-zxpr"],"explanation":"HPD affordable housing production building record for project 63838; construction type Preservation; 127 counted affordable units and 127 total units reported."},"geometry":{"type":"Point","coordinates":[-73.91601,40.8079]}},{"type":"Feature","id":"nyc_hpd_affordable_housing_building_63839-31596","properties":{"city_id":"nyc","event_id":"nyc_hpd_affordable_housing_building_63839-31596","title":"HPD affordable housing building: PENN SOUTH WEST 24 STREET, Manhattan","year":2017,"effective_date":"2017-04-27","date_precision":"day","category":"built_environment","lens":"built_environment","confidence":"documented","source_ids":["hg8x-zxpr"],"explanation":"HPD affordable housing production building record for project 63839; construction type Preservation; 289 counted affordable units and 378 total units reported."},"geometry":{"type":"Point","coordinates":[-73.998333,40.746043]}},{"type":"Feature","id":"nyc_hpd_affordable_housing_building_63839-4360","properties":{"city_id":"nyc","event_id":"nyc_hpd_affordable_housing_building_63839-4360","title":"HPD affordable housing building: PENN SOUTH 8 AVENUE, Manhattan","year":2017,"effective_date":"2017-04-27","date_precision":"day","category":"built_environment","lens":"built_environment","confidence":"documented","source_ids":["hg8x-zxpr"],"explanation":"HPD affordable housing production building record for project 63839; construction type Preservation; 151 counted affordable units and 186 total units reported."},"geometry":{"type":"Point","coordinates":[-73.997272,40.746984]}},{"type":"Feature","id":"nyc_hpd_affordable_housing_building_63839-4371","properties":{"city_id":"nyc","event_id":"nyc_hpd_affordable_housing_building_63839-4371","title":"HPD affordable housing building: PENN SOUTH 8 AVENUE, Manhattan","year":2017,"effective_date":"2017-04-27","date_precision":"day","category":"built_environment","lens":"built_environment","confidence":"documented","source_ids":["hg8x-zxpr"],"explanation":"HPD affordable housing production building record for project 63839; construction type Preservation; 139 counted affordable units and 186 total units reported."},"geometry":{"type":"Point","coordinates":[-73.996138,40.748535]}},{"type":"Feature","id":"nyc_hpd_affordable_housing_building_63839-4623","properties":{"city_id":"nyc","event_id":"nyc_hpd_affordable_housing_building_63839-4623","title":"HPD affordable housing building: PENN SOUTH WEST 24 STREET, Manhattan","year":2017,"effective_date":"2017-04-27","date_precision":"day","category":"built_environment","lens":"built_environment","confidence":"documented","source_ids":["hg8x-zxpr"],"explanation":"HPD affordable housing production building record for project 63839; construction type Preservation; 145 counted affordable units and 186 total units reported."},"geometry":{"type":"Point","coordinates":[-74.000448,40.746825]}},{"type":"Feature","id":"nyc_hpd_affordable_housing_building_63839-4633","properties":{"city_id":"nyc","event_id":"nyc_hpd_affordable_housing_building_63839-4633","title":"HPD affordable housing building: PENN SOUTH WEST 25 STREET, Manhattan","year":2017,"effective_date":"2017-04-27","date_precision":"day","category":"built_environment","lens":"built_environment","confidence":"documented","source_ids":["hg8x-zxpr"],"explanation":"HPD affordable housing production building record for project 63839; construction type Preservation; 136 counted affordable units and 186 total units reported."},"geometry":{"type":"Point","coordinates":[-73.999552,40.747426]}},{"type":"Feature","id":"nyc_hpd_affordable_housing_building_63839-4636","properties":{"city_id":"nyc","event_id":"nyc_hpd_affordable_housing_building_63839-4636","title":"HPD affordable housing building: PENN SOUTH 9 AVENUE, Manhattan","year":2017,"effective_date":"2017-04-27","date_precision":"day","category":"built_environment","lens":"built_environment","confidence":"documented","source_ids":["hg8x-zxpr"],"explanation":"HPD affordable housing production building record for project 63839; construction type Preservation; 294 counted affordable units and 378 total units reported."},"geometry":{"type":"Point","coordinates":[-73.999856,40.748497]}},{"type":"Feature","id":"nyc_hpd_affordable_housing_building_63839-803934","properties":{"city_id":"nyc","event_id":"nyc_hpd_affordable_housing_building_63839-803934","title":"HPD affordable housing building: PENN SOUTH 8 AVENUE, Manhattan","year":2017,"effective_date":"2017-04-27","date_precision":"day","category":"built_environment","lens":"built_environment","confidence":"documented","source_ids":["hg8x-zxpr"],"explanation":"HPD affordable housing production building record for project 63839; construction type Preservation; 283 counted affordable units and 378 total units reported."},"geometry":{"type":"Point","coordinates":[-73.996589,40.74792]}},{"type":"Feature","id":"nyc_hpd_affordable_housing_building_63839-805574","properties":{"city_id":"nyc","event_id":"nyc_hpd_affordable_housing_building_63839-805574","title":"HPD affordable housing building: PENN SOUTH WEST 24 STREET, Manhattan","year":2017,"effective_date":"2017-04-27","date_precision":"day","category":"built_environment","lens":"built_environment","confidence":"documented","source_ids":["hg8x-zxpr"],"explanation":"HPD affordable housing production building record for project 63839; construction type Preservation; 295 counted affordable units and 378 total units reported."},"geometry":{"type":"Point","coordinates":[-73.999802,40.746325]}},{"type":"Feature","id":"nyc_hpd_affordable_housing_building_63839-805584","properties":{"city_id":"nyc","event_id":"nyc_hpd_affordable_housing_building_63839-805584","title":"HPD affordable housing building: PENN SOUTH WEST 28 STREET, Manhattan","year":2017,"effective_date":"2017-04-27","date_precision":"day","category":"built_environment","lens":"built_environment","confidence":"documented","source_ids":["hg8x-zxpr"],"explanation":"HPD affordable housing production building record for project 63839; construction type Preservation; 301 counted affordable units and 378 total units reported."},"geometry":{"type":"Point","coordinates":[-73.997019,40.749131]}},{"type":"Feature","id":"nyc_hpd_affordable_housing_building_63839-805585","properties":{"city_id":"nyc","event_id":"nyc_hpd_affordable_housing_building_63839-805585","title":"HPD affordable housing building: PENN SOUTH WEST 28 STREET, Manhattan","year":2017,"effective_date":"2017-04-27","date_precision":"day","category":"built_environment","lens":"built_environment","confidence":"documented","source_ids":["hg8x-zxpr"],"explanation":"HPD affordable housing production building record for project 63839; construction type Preservation; 156 counted affordable units and 186 total units reported."},"geometry":{"type":"Point","coordinates":[-73.998444,40.749501]}},{"type":"Feature","id":"nyc_hpd_affordable_housing_building_63840-808362","properties":{"city_id":"nyc","event_id":"nyc_hpd_affordable_housing_building_63840-808362","title":"HPD affordable housing building: FULTON PARK FULTON STREET, Brooklyn","year":2017,"effective_date":"2017-06-26","date_precision":"day","category":"built_environment","lens":"built_environment","confidence":"documented","source_ids":["hg8x-zxpr"],"explanation":"HPD affordable housing production building record for project 63840; construction type Preservation; 6 counted affordable units and 6 total units reported."},"geometry":{"type":"Point","coordinates":[-73.928989,40.679265]}},{"type":"Feature","id":"nyc_hpd_affordable_housing_building_63840-808507","properties":{"city_id":"nyc","event_id":"nyc_hpd_affordable_housing_building_63840-808507","title":"HPD affordable housing building: FULTON PARK HERKIMER STREET, Brooklyn","year":2017,"effective_date":"2017-06-26","date_precision":"day","category":"built_environment","lens":"built_environment","confidence":"documented","source_ids":["hg8x-zxpr"],"explanation":"HPD affordable housing production building record for project 63840; construction type Preservation; 6 counted affordable units and 6 total units reported."},"geometry":{"type":"Point","coordinates":[-73.929614,40.67853]}},{"type":"Feature","id":"nyc_hpd_affordable_housing_building_63840-808508","properties":{"city_id":"nyc","event_id":"nyc_hpd_affordable_housing_building_63840-808508","title":"HPD affordable housing building: FULTON PARK HERKIMER STREET, Brooklyn","year":2017,"effective_date":"2017-06-26","date_precision":"day","category":"built_environment","lens":"built_environment","confidence":"documented","source_ids":["hg8x-zxpr"],"explanation":"HPD affordable housing production building record for project 63840; construction type Preservation; 6 counted affordable units and 6 total units reported."},"geometry":{"type":"Point","coordinates":[-73.92961,40.678547]}},{"type":"Feature","id":"nyc_hpd_affordable_housing_building_63840-808579","properties":{"city_id":"nyc","event_id":"nyc_hpd_affordable_housing_building_63840-808579","title":"HPD affordable housing building: FULTON PARK HUNTERFLY PLACE, Brooklyn","year":2017,"effective_date":"2017-06-26","date_precision":"day","category":"built_environment","lens":"built_environment","confidence":"documented","source_ids":["hg8x-zxpr"],"explanation":"HPD affordable housing production building record for project 63840; construction type Preservation; 6 counted affordable units and 6 total units reported."},"geometry":{"type":"Point","coordinates":[-73.928453,40.678332]}},{"type":"Feature","id":"nyc_hpd_affordable_housing_building_63840-808580","properties":{"city_id":"nyc","event_id":"nyc_hpd_affordable_housing_building_63840-808580","title":"HPD affordable housing building: FULTON PARK HUNTERFLY PLACE, Brooklyn","year":2017,"effective_date":"2017-06-26","date_precision":"day","category":"built_environment","lens":"built_environment","confidence":"documented","source_ids":["hg8x-zxpr"],"explanation":"HPD affordable housing production building record for project 63840; construction type Preservation; 6 counted affordable units and 6 total units reported."},"geometry":{"type":"Point","coordinates":[-73.928442,40.678272]}},{"type":"Feature","id":"nyc_hpd_affordable_housing_building_63840-808581","properties":{"city_id":"nyc","event_id":"nyc_hpd_affordable_housing_building_63840-808581","title":"HPD affordable housing building: FULTON PARK HUNTERFLY PLACE, Brooklyn","year":2017,"effective_date":"2017-06-26","date_precision":"day","category":"built_environment","lens":"built_environment","confidence":"documented","source_ids":["hg8x-zxpr"],"explanation":"HPD affordable housing production building record for project 63840; construction type Preservation; 3 counted affordable units and 3 total units reported."},"geometry":{"type":"Point","coordinates":[-73.928396,40.67806]}},{"type":"Feature","id":"nyc_hpd_affordable_housing_building_63840-809722","properties":{"city_id":"nyc","event_id":"nyc_hpd_affordable_housing_building_63840-809722","title":"HPD affordable housing building: FULTON PARK UTICA AVENUE, Brooklyn","year":2017,"effective_date":"2017-06-26","date_precision":"day","category":"built_environment","lens":"built_environment","confidence":"documented","source_ids":["hg8x-zxpr"],"explanation":"HPD affordable housing production building record for project 63840; construction type Preservation; 6 counted affordable units and 6 total units reported."},"geometry":{"type":"Point","coordinates":[-73.929935,40.678407]}},{"type":"Feature","id":"nyc_hpd_affordable_housing_building_63840-809723","properties":{"city_id":"nyc","event_id":"nyc_hpd_affordable_housing_building_63840-809723","title":"HPD affordable housing building: FULTON PARK UTICA AVENUE, Brooklyn","year":2017,"effective_date":"2017-06-26","date_precision":"day","category":"built_environment","lens":"built_environment","confidence":"documented","source_ids":["hg8x-zxpr"],"explanation":"HPD affordable housing production building record for project 63840; construction type Preservation; 6 counted affordable units and 6 total units reported."},"geometry":{"type":"Point","coordinates":[-73.930148,40.6781]}},{"type":"Feature","id":"nyc_hpd_affordable_housing_building_63840-809724","properties":{"city_id":"nyc","event_id":"nyc_hpd_affordable_housing_building_63840-809724","title":"HPD affordable housing building: FULTON PARK UTICA AVENUE, Brooklyn","year":2017,"effective_date":"2017-06-26","date_precision":"day","category":"built_environment","lens":"built_environment","confidence":"documented","source_ids":["hg8x-zxpr"],"explanation":"HPD affordable housing production building record for project 63840; construction type Preservation; 3 counted affordable units and 3 total units reported."},"geometry":{"type":"Point","coordinates":[-73.930235,40.677905]}},{"type":"Feature","id":"nyc_hpd_affordable_housing_building_63840-884701","properties":{"city_id":"nyc","event_id":"nyc_hpd_affordable_housing_building_63840-884701","title":"HPD affordable housing building: FULTON PARK HUNTERFLY PLACE, Brooklyn","year":2017,"effective_date":"2017-06-26","date_precision":"day","category":"built_environment","lens":"built_environment","confidence":"documented","source_ids":["hg8x-zxpr"],"explanation":"HPD affordable housing production building record for project 63840; construction type Preservation; 6 counted affordable units and 6 total units reported."},"geometry":{"type":"Point","coordinates":[-73.928317,40.677681]}},{"type":"Feature","id":"nyc_hpd_affordable_housing_building_63840-892141","properties":{"city_id":"nyc","event_id":"nyc_hpd_affordable_housing_building_63840-892141","title":"HPD affordable housing building: FULTON PARK FULTON STREET, Brooklyn","year":2017,"effective_date":"2017-06-26","date_precision":"day","category":"built_environment","lens":"built_environment","confidence":"documented","source_ids":["hg8x-zxpr"],"explanation":"HPD affordable housing production building record for project 63840; construction type Preservation; 6 counted affordable units and 6 total units reported."},"geometry":{"type":"Point","coordinates":[-73.928665,40.679246]}},{"type":"Feature","id":"nyc_hpd_affordable_housing_building_63840-949244","properties":{"city_id":"nyc","event_id":"nyc_hpd_affordable_housing_building_63840-949244","title":"HPD affordable housing building: FULTON PARK HUNTERFLY PLACE, Brooklyn","year":2017,"effective_date":"2017-06-26","date_precision":"day","category":"built_environment","lens":"built_environment","confidence":"documented","source_ids":["hg8x-zxpr"],"explanation":"HPD affordable housing production building record for project 63840; construction type Preservation; 6 counted affordable units and 6 total units reported."},"geometry":{"type":"Point","coordinates":[-73.928356,40.677871]}},{"type":"Feature","id":"nyc_hpd_affordable_housing_building_63840-957637","properties":{"city_id":"nyc","event_id":"nyc_hpd_affordable_housing_building_63840-957637","title":"HPD affordable housing building: FULTON PARK FULTON STREET, Brooklyn","year":2017,"effective_date":"2017-06-26","date_precision":"day","category":"built_environment","lens":"built_environment","confidence":"documented","source_ids":["hg8x-zxpr"],"explanation":"HPD affordable housing production building record for project 63840; construction type Preservation; 6 counted affordable units and 6 total units reported."},"geometry":{"type":"Point","coordinates":[-73.928308,40.679227]}},{"type":"Feature","id":"nyc_hpd_affordable_housing_building_63840-957638","properties":{"city_id":"nyc","event_id":"nyc_hpd_affordable_housing_building_63840-957638","title":"HPD affordable housing building: FULTON PARK FULTON STREET, Brooklyn","year":2017,"effective_date":"2017-06-26","date_precision":"day","category":"built_environment","lens":"built_environment","confidence":"documented","source_ids":["hg8x-zxpr"],"explanation":"HPD affordable housing production building record for project 63840; construction type Preservation; 5 counted affordable units and 5 total units reported."},"geometry":{"type":"Point","coordinates":[-73.928153,40.679218]}},{"type":"Feature","id":"nyc_hpd_affordable_housing_building_63840-957639","properties":{"city_id":"nyc","event_id":"nyc_hpd_affordable_housing_building_63840-957639","title":"HPD affordable housing building: FULTON PARK FULTON STREET, Brooklyn","year":2017,"effective_date":"2017-06-26","date_precision":"day","category":"built_environment","lens":"built_environment","confidence":"documented","source_ids":["hg8x-zxpr"],"explanation":"HPD affordable housing production building record for project 63840; construction type Preservation; 6 counted affordable units and 6 total units reported."},"geometry":{"type":"Point","coordinates":[-73.928002,40.67921]}},{"type":"Feature","id":"nyc_hpd_affordable_housing_building_63840-957640","properties":{"city_id":"nyc","event_id":"nyc_hpd_affordable_housing_building_63840-957640","title":"HPD affordable housing building: FULTON PARK FULTON STREET, Brooklyn","year":2017,"effective_date":"2017-06-26","date_precision":"day","category":"built_environment","lens":"built_environment","confidence":"documented","source_ids":["hg8x-zxpr"],"explanation":"HPD affordable housing production building record for project 63840; construction type Preservation; 6 counted affordable units and 6 total units reported."},"geometry":{"type":"Point","coordinates":[-73.927847,40.679202]}},{"type":"Feature","id":"nyc_hpd_affordable_housing_building_63859-957061","properties":{"city_id":"nyc","event_id":"nyc_hpd_affordable_housing_building_63859-957061","title":"HPD affordable housing building: 140-26 FRANKLIN AVENUE HPO FY17 FRANKLIN AVENUE, Queens","year":2017,"effective_date":"2017-06-22","date_precision":"day","category":"built_environment","lens":"built_environment","confidence":"documented","source_ids":["hg8x-zxpr"],"explanation":"HPD affordable housing production building record for project 63859; construction type Preservation; 54 counted affordable units and 54 total units reported."},"geometry":{"type":"Point","coordinates":[-73.823781,40.756088]}},{"type":"Feature","id":"nyc_hpd_affordable_housing_building_63885-357201","properties":{"city_id":"nyc","event_id":"nyc_hpd_affordable_housing_building_63885-357201","title":"HPD affordable housing building: ALMA - 545 PROSPECT PLACE PROSPECT PLACE, Brooklyn","year":2017,"effective_date":"2017-06-22","date_precision":"day","category":"built_environment","lens":"built_environment","confidence":"documented","source_ids":["hg8x-zxpr"],"explanation":"HPD affordable housing production building record for project 63885; construction type Preservation; 155 counted affordable units and 155 total units reported."},"geometry":{"type":"Point","coordinates":[-73.958501,40.6755]}},{"type":"Feature","id":"nyc_hpd_affordable_housing_building_63887-885789","properties":{"city_id":"nyc","event_id":"nyc_hpd_affordable_housing_building_63887-885789","title":"HPD affordable housing building: ALMA - 565 PROSPECT PLACE PROSPECT PLACE, Brooklyn","year":2017,"effective_date":"2017-06-22","date_precision":"day","category":"built_environment","lens":"built_environment","confidence":"documented","source_ids":["hg8x-zxpr"],"explanation":"HPD affordable housing production building record for project 63887; construction type Preservation; 86 counted affordable units and 86 total units reported."},"geometry":{"type":"Point","coordinates":[-73.958065,40.67541]}},{"type":"Feature","id":"nyc_hpd_affordable_housing_building_64268-129100","properties":{"city_id":"nyc","event_id":"nyc_hpd_affordable_housing_building_64268-129100","title":"HPD affordable housing building: SUNSET PARK APARTMENTS HDFC.HUDMF.FY17 4 AVENUE, Brooklyn","year":2017,"effective_date":"2017-06-13","date_precision":"day","category":"built_environment","lens":"built_environment","confidence":"documented","source_ids":["hg8x-zxpr"],"explanation":"HPD affordable housing production building record for project 64268; construction type Preservation; 8 counted affordable units and 8 total units reported."},"geometry":{"type":"Point","coordinates":[-74.010926,40.648065]}},{"type":"Feature","id":"nyc_hpd_affordable_housing_building_64268-129256","properties":{"city_id":"nyc","event_id":"nyc_hpd_affordable_housing_building_64268-129256","title":"HPD affordable housing building: SUNSET PARK APARTMENTS HDFC.HUDMF.FY17 4 AVENUE, Brooklyn","year":2017,"effective_date":"2017-06-13","date_precision":"day","category":"built_environment","lens":"built_environment","confidence":"documented","source_ids":["hg8x-zxpr"],"explanation":"HPD affordable housing production building record for project 64268; construction type Preservation; 3 counted affordable units and 3 total units reported."},"geometry":{"type":"Point","coordinates":[-74.015596,40.643582]}},{"type":"Feature","id":"nyc_hpd_affordable_housing_building_64268-129281","properties":{"city_id":"nyc","event_id":"nyc_hpd_affordable_housing_building_64268-129281","title":"HPD affordable housing building: SUNSET PARK APARTMENTS HDFC.HUDMF.FY17 4 AVENUE, Brooklyn","year":2017,"effective_date":"2017-06-13","date_precision":"day","category":"built_environment","lens":"built_environment","confidence":"documented","source_ids":["hg8x-zxpr"],"explanation":"HPD affordable housing production building record for project 64268; construction type Preservation; 6 counted affordable units and 6 total units reported."},"geometry":{"type":"Point","coordinates":[-74.016183,40.642989]}},{"type":"Feature","id":"nyc_hpd_affordable_housing_building_64268-132170","properties":{"city_id":"nyc","event_id":"nyc_hpd_affordable_housing_building_64268-132170","title":"HPD affordable housing building: SUNSET PARK APARTMENTS HDFC.HUDMF.FY17 6 AVENUE, Brooklyn","year":2017,"effective_date":"2017-06-13","date_precision":"day","category":"built_environment","lens":"built_environment","confidence":"documented","source_ids":["hg8x-zxpr"],"explanation":"HPD affordable housing production building record for project 64268; construction type Preservation; 16 counted affordable units and 16 total units reported."},"geometry":{"type":"Point","coordinates":[-74.007711,40.644179]}},{"type":"Feature","id":"nyc_hpd_affordable_housing_building_64268-132173","properties":{"city_id":"nyc","event_id":"nyc_hpd_affordable_housing_building_64268-132173","title":"HPD affordable housing building: SUNSET PARK APARTMENTS HDFC.HUDMF.FY17 6 AVENUE, Brooklyn","year":2017,"effective_date":"2017-06-13","date_precision":"day","category":"built_environment","lens":"built_environment","confidence":"documented","source_ids":["hg8x-zxpr"],"explanation":"HPD affordable housing production building record for project 64268; construction type Preservation; 8 counted affordable units and 8 total units reported."},"geometry":{"type":"Point","coordinates":[-74.007729,40.644162]}},{"type":"Feature","id":"nyc_hpd_affordable_housing_building_64268-132239","properties":{"city_id":"nyc","event_id":"nyc_hpd_affordable_housing_building_64268-132239","title":"HPD affordable housing building: SUNSET PARK APARTMENTS HDFC.HUDMF.FY17 6 AVENUE, Brooklyn","year":2017,"effective_date":"2017-06-13","date_precision":"day","category":"built_environment","lens":"built_environment","confidence":"documented","source_ids":["hg8x-zxpr"],"explanation":"HPD affordable housing production building record for project 64268; construction type Preservation; 6 counted affordable units and 6 total units reported."},"geometry":{"type":"Point","coordinates":[-74.009369,40.642562]}},{"type":"Feature","id":"nyc_hpd_affordable_housing_building_64268-132241","properties":{"city_id":"nyc","event_id":"nyc_hpd_affordable_housing_building_64268-132241","title":"HPD affordable housing building: SUNSET PARK APARTMENTS HDFC.HUDMF.FY17 6 AVENUE, Brooklyn","year":2017,"effective_date":"2017-06-13","date_precision":"day","category":"built_environment","lens":"built_environment","confidence":"documented","source_ids":["hg8x-zxpr"],"explanation":"HPD affordable housing production building record for project 64268; construction type Preservation; 6 counted affordable units and 6 total units reported."},"geometry":{"type":"Point","coordinates":[-74.009387,40.642545]}},{"type":"Feature","id":"nyc_hpd_affordable_housing_building_64268-132244","properties":{"city_id":"nyc","event_id":"nyc_hpd_affordable_housing_building_64268-132244","title":"HPD affordable housing building: SUNSET PARK APARTMENTS HDFC.HUDMF.FY17 6 AVENUE, Brooklyn","year":2017,"effective_date":"2017-06-13","date_precision":"day","category":"built_environment","lens":"built_environment","confidence":"documented","source_ids":["hg8x-zxpr"],"explanation":"HPD affordable housing production building record for project 64268; construction type Preservation; 6 counted affordable units and 6 total units reported."},"geometry":{"type":"Point","coordinates":[-74.009401,40.642529]}},{"type":"Feature","id":"nyc_hpd_affordable_housing_building_64268-132246","properties":{"city_id":"nyc","event_id":"nyc_hpd_affordable_housing_building_64268-132246","title":"HPD affordable housing building: SUNSET PARK APARTMENTS HDFC.HUDMF.FY17 6 AVENUE, Brooklyn","year":2017,"effective_date":"2017-06-13","date_precision":"day","category":"built_environment","lens":"built_environment","confidence":"documented","source_ids":["hg8x-zxpr"],"explanation":"HPD affordable housing production building record for project 64268; construction type Preservation; 6 counted affordable units and 6 total units reported."},"geometry":{"type":"Point","coordinates":[-74.009412,40.642521]}},{"type":"Feature","id":"nyc_hpd_affordable_housing_building_64268-132262","properties":{"city_id":"nyc","event_id":"nyc_hpd_affordable_housing_building_64268-132262","title":"HPD affordable housing building: SUNSET PARK APARTMENTS HDFC.HUDMF.FY17 6 AVENUE, Brooklyn","year":2017,"effective_date":"2017-06-13","date_precision":"day","category":"built_environment","lens":"built_environment","confidence":"documented","source_ids":["hg8x-zxpr"],"explanation":"HPD affordable housing production building record for project 64268; construction type Preservation; 25 counted affordable units and 25 total units reported."},"geometry":{"type":"Point","coordinates":[-74.009967,40.64201]}},{"type":"Feature","id":"nyc_hpd_affordable_housing_building_64268-132263","properties":{"city_id":"nyc","event_id":"nyc_hpd_affordable_housing_building_64268-132263","title":"HPD affordable housing building: SUNSET PARK APARTMENTS HDFC.HUDMF.FY17 6 AVENUE, Brooklyn","year":2017,"effective_date":"2017-06-13","date_precision":"day","category":"built_environment","lens":"built_environment","confidence":"documented","source_ids":["hg8x-zxpr"],"explanation":"HPD affordable housing production building record for project 64268; construction type Preservation; 32 counted affordable units and 32 total units reported."},"geometry":{"type":"Point","coordinates":[-74.00996,40.641994]}},{"type":"Feature","id":"nyc_hpd_affordable_housing_building_64268-132266","properties":{"city_id":"nyc","event_id":"nyc_hpd_affordable_housing_building_64268-132266","title":"HPD affordable housing building: SUNSET PARK APARTMENTS HDFC.HUDMF.FY17 6 AVENUE, Brooklyn","year":2017,"effective_date":"2017-06-13","date_precision":"day","category":"built_environment","lens":"built_environment","confidence":"documented","source_ids":["hg8x-zxpr"],"explanation":"HPD affordable housing production building record for project 64268; construction type Preservation; 45 counted affordable units and 45 total units reported."},"geometry":{"type":"Point","coordinates":[-74.010017,40.641963]}},{"type":"Feature","id":"nyc_hpd_affordable_housing_building_64268-132267","properties":{"city_id":"nyc","event_id":"nyc_hpd_affordable_housing_building_64268-132267","title":"HPD affordable housing building: SUNSET PARK APARTMENTS HDFC.HUDMF.FY17 6 AVENUE, Brooklyn","year":2017,"effective_date":"2017-06-13","date_precision":"day","category":"built_environment","lens":"built_environment","confidence":"documented","source_ids":["hg8x-zxpr"],"explanation":"HPD affordable housing production building record for project 64268; construction type Preservation; 16 counted affordable units and 16 total units reported."},"geometry":{"type":"Point","coordinates":[-74.010111,40.641456]}},{"type":"Feature","id":"nyc_hpd_affordable_housing_building_64268-153721","properties":{"city_id":"nyc","event_id":"nyc_hpd_affordable_housing_building_64268-153721","title":"HPD affordable housing building: SUNSET PARK APARTMENTS HDFC.HUDMF.FY17 49 STREET, Brooklyn","year":2017,"effective_date":"2017-06-13","date_precision":"day","category":"built_environment","lens":"built_environment","confidence":"documented","source_ids":["hg8x-zxpr"],"explanation":"HPD affordable housing production building record for project 64268; construction type Preservation; 8 counted affordable units and 8 total units reported."},"geometry":{"type":"Point","coordinates":[-74.011016,40.646429]}},{"type":"Feature","id":"nyc_hpd_affordable_housing_building_64268-153723","properties":{"city_id":"nyc","event_id":"nyc_hpd_affordable_housing_building_64268-153723","title":"HPD affordable housing building: SUNSET PARK APARTMENTS HDFC.HUDMF.FY17 49 STREET, Brooklyn","year":2017,"effective_date":"2017-06-13","date_precision":"day","category":"built_environment","lens":"built_environment","confidence":"documented","source_ids":["hg8x-zxpr"],"explanation":"HPD affordable housing production building record for project 64268; construction type Preservation; 16 counted affordable units and 16 total units reported."},"geometry":{"type":"Point","coordinates":[-74.010969,40.646421]}},{"type":"Feature","id":"nyc_hpd_affordable_housing_building_64268-154413","properties":{"city_id":"nyc","event_id":"nyc_hpd_affordable_housing_building_64268-154413","title":"HPD affordable housing building: SUNSET PARK APARTMENTS HDFC.HUDMF.FY17 50 STREET, Brooklyn","year":2017,"effective_date":"2017-06-13","date_precision":"day","category":"built_environment","lens":"built_environment","confidence":"documented","source_ids":["hg8x-zxpr"],"explanation":"HPD affordable housing production building record for project 64268; construction type Preservation; 16 counted affordable units and 16 total units reported."},"geometry":{"type":"Point","coordinates":[-74.009084,40.644351]}},{"type":"Feature","id":"nyc_hpd_affordable_housing_building_64268-155057","properties":{"city_id":"nyc","event_id":"nyc_hpd_affordable_housing_building_64268-155057","title":"HPD affordable housing building: SUNSET PARK APARTMENTS HDFC.HUDMF.FY17 51 STREET, Brooklyn","year":2017,"effective_date":"2017-06-13","date_precision":"day","category":"built_environment","lens":"built_environment","confidence":"documented","source_ids":["hg8x-zxpr"],"explanation":"HPD affordable housing production building record for project 64268; construction type Preservation; 8 counted affordable units and 8 total units reported."},"geometry":{"type":"Point","coordinates":[-74.012021,40.645213]}},{"type":"Feature","id":"nyc_hpd_affordable_housing_building_64268-155085","properties":{"city_id":"nyc","event_id":"nyc_hpd_affordable_housing_building_64268-155085","title":"HPD affordable housing building: SUNSET PARK APARTMENTS HDFC.HUDMF.FY17 51 STREET, Brooklyn","year":2017,"effective_date":"2017-06-13","date_precision":"day","category":"built_environment","lens":"built_environment","confidence":"documented","source_ids":["hg8x-zxpr"],"explanation":"HPD affordable housing production building record for project 64268; construction type Preservation; 8 counted affordable units and 8 total units reported."},"geometry":{"type":"Point","coordinates":[-74.010216,40.644146]}},{"type":"Feature","id":"nyc_hpd_affordable_housing_building_64268-156542","properties":{"city_id":"nyc","event_id":"nyc_hpd_affordable_housing_building_64268-156542","title":"HPD affordable housing building: SUNSET PARK APARTMENTS HDFC.HUDMF.FY17 53 STREET, Brooklyn","year":2017,"effective_date":"2017-06-13","date_precision":"day","category":"built_environment","lens":"built_environment","confidence":"documented","source_ids":["hg8x-zxpr"],"explanation":"HPD affordable housing production building record for project 64268; construction type Preservation; 12 counted affordable units and 12 total units reported."},"geometry":{"type":"Point","coordinates":[-74.015463,40.645465]}},{"type":"Feature","id":"nyc_hpd_affordable_housing_building_64268-157212","properties":{"city_id":"nyc","event_id":"nyc_hpd_affordable_housing_building_64268-157212","title":"HPD affordable housing building: SUNSET PARK APARTMENTS HDFC.HUDMF.FY17 54 STREET, Brooklyn","year":2017,"effective_date":"2017-06-13","date_precision":"day","category":"built_environment","lens":"built_environment","confidence":"documented","source_ids":["hg8x-zxpr"],"explanation":"HPD affordable housing production building record for project 64268; construction type Preservation; 6 counted affordable units and 6 total units reported."},"geometry":{"type":"Point","coordinates":[-74.018558,40.646425]}},{"type":"Feature","id":"nyc_hpd_affordable_housing_building_64268-157946","properties":{"city_id":"nyc","event_id":"nyc_hpd_affordable_housing_building_64268-157946","title":"HPD affordable housing building: SUNSET PARK APARTMENTS HDFC.HUDMF.FY17 55 STREET, Brooklyn","year":2017,"effective_date":"2017-06-13","date_precision":"day","category":"built_environment","lens":"built_environment","confidence":"documented","source_ids":["hg8x-zxpr"],"explanation":"HPD affordable housing production building record for project 64268; construction type Preservation; 6 counted affordable units and 6 total units reported."},"geometry":{"type":"Point","coordinates":[-74.019322,40.645992]}},{"type":"Feature","id":"nyc_hpd_affordable_housing_building_64268-157947","properties":{"city_id":"nyc","event_id":"nyc_hpd_affordable_housing_building_64268-157947","title":"HPD affordable housing building: SUNSET PARK APARTMENTS HDFC.HUDMF.FY17 55 STREET, Brooklyn","year":2017,"effective_date":"2017-06-13","date_precision":"day","category":"built_environment","lens":"built_environment","confidence":"documented","source_ids":["hg8x-zxpr"],"explanation":"HPD affordable housing production building record for project 64268; construction type Preservation; 6 counted affordable units and 6 total units reported."},"geometry":{"type":"Point","coordinates":[-74.019261,40.645956]}},{"type":"Feature","id":"nyc_hpd_affordable_housing_building_64268-158025","properties":{"city_id":"nyc","event_id":"nyc_hpd_affordable_housing_building_64268-158025","title":"HPD affordable housing building: SUNSET PARK APARTMENTS HDFC.HUDMF.FY17 55 STREET, Brooklyn","year":2017,"effective_date":"2017-06-13","date_precision":"day","category":"built_environment","lens":"built_environment","confidence":"documented","source_ids":["hg8x-zxpr"],"explanation":"HPD affordable housing production building record for project 64268; construction type Preservation; 3 counted affordable units and 3 total units reported."},"geometry":{"type":"Point","coordinates":[-74.016183,40.644079]}},{"type":"Feature","id":"nyc_hpd_affordable_housing_building_64268-158857","properties":{"city_id":"nyc","event_id":"nyc_hpd_affordable_housing_building_64268-158857","title":"HPD affordable housing building: SUNSET PARK APARTMENTS HDFC.HUDMF.FY17 56 STREET, Brooklyn","year":2017,"effective_date":"2017-06-13","date_precision":"day","category":"built_environment","lens":"built_environment","confidence":"documented","source_ids":["hg8x-zxpr"],"explanation":"HPD affordable housing production building record for project 64268; construction type Preservation; 6 counted affordable units and 6 total units reported."},"geometry":{"type":"Point","coordinates":[-74.012471,40.640945]}},{"type":"Feature","id":"nyc_hpd_affordable_housing_building_64268-807379","properties":{"city_id":"nyc","event_id":"nyc_hpd_affordable_housing_building_64268-807379","title":"HPD affordable housing building: SUNSET PARK APARTMENTS HDFC.HUDMF.FY17 6 AVENUE, Brooklyn","year":2017,"effective_date":"2017-06-13","date_precision":"day","category":"built_environment","lens":"built_environment","confidence":"documented","source_ids":["hg8x-zxpr"],"explanation":"HPD affordable housing production building record for project 64268; construction type Preservation; 6 counted affordable units and 6 total units reported."},"geometry":{"type":"Point","coordinates":[-74.009376,40.642554]}},{"type":"Feature","id":"nyc_hpd_affordable_housing_building_64268-807380","properties":{"city_id":"nyc","event_id":"nyc_hpd_affordable_housing_building_64268-807380","title":"HPD affordable housing building: SUNSET PARK APARTMENTS HDFC.HUDMF.FY17 6 AVENUE, Brooklyn","year":2017,"effective_date":"2017-06-13","date_precision":"day","category":"built_environment","lens":"built_environment","confidence":"documented","source_ids":["hg8x-zxpr"],"explanation":"HPD affordable housing production building record for project 64268; construction type Preservation; 6 counted affordable units and 6 total units reported."},"geometry":{"type":"Point","coordinates":[-74.009942,40.642007]}},{"type":"Feature","id":"nyc_hpd_affordable_housing_building_64268-807448","properties":{"city_id":"nyc","event_id":"nyc_hpd_affordable_housing_building_64268-807448","title":"HPD affordable housing building: SUNSET PARK APARTMENTS HDFC.HUDMF.FY17 43 STREET, Brooklyn","year":2017,"effective_date":"2017-06-13","date_precision":"day","category":"built_environment","lens":"built_environment","confidence":"documented","source_ids":["hg8x-zxpr"],"explanation":"HPD affordable housing production building record for project 64268; construction type Preservation; 16 counted affordable units and 16 total units reported."},"geometry":{"type":"Point","coordinates":[-74.009795,40.65118]}},{"type":"Feature","id":"nyc_hpd_affordable_housing_building_64268-807457","properties":{"city_id":"nyc","event_id":"nyc_hpd_affordable_housing_building_64268-807457","title":"HPD affordable housing building: SUNSET PARK APARTMENTS HDFC.HUDMF.FY17 49 STREET, Brooklyn","year":2017,"effective_date":"2017-06-13","date_precision":"day","category":"built_environment","lens":"built_environment","confidence":"documented","source_ids":["hg8x-zxpr"],"explanation":"HPD affordable housing production building record for project 64268; construction type Preservation; 8 counted affordable units and 8 total units reported."},"geometry":{"type":"Point","coordinates":[-74.010984,40.64641]}},{"type":"Feature","id":"nyc_hpd_affordable_housing_building_64268-807458","properties":{"city_id":"nyc","event_id":"nyc_hpd_affordable_housing_building_64268-807458","title":"HPD affordable housing building: SUNSET PARK APARTMENTS HDFC.HUDMF.FY17 49 STREET, Brooklyn","year":2017,"effective_date":"2017-06-13","date_precision":"day","category":"built_environment","lens":"built_environment","confidence":"documented","source_ids":["hg8x-zxpr"],"explanation":"HPD affordable housing production building record for project 64268; construction type Preservation; 16 counted affordable units and 16 total units reported."},"geometry":{"type":"Point","coordinates":[-74.010922,40.646371]}},{"type":"Feature","id":"nyc_hpd_affordable_housing_building_64268-807463","properties":{"city_id":"nyc","event_id":"nyc_hpd_affordable_housing_building_64268-807463","title":"HPD affordable housing building: SUNSET PARK APARTMENTS HDFC.HUDMF.FY17 54 STREET, Brooklyn","year":2017,"effective_date":"2017-06-13","date_precision":"day","category":"built_environment","lens":"built_environment","confidence":"documented","source_ids":["hg8x-zxpr"],"explanation":"HPD affordable housing production building record for project 64268; construction type Preservation; 6 counted affordable units and 6 total units reported."},"geometry":{"type":"Point","coordinates":[-74.018652,40.64648]}},{"type":"Feature","id":"nyc_hpd_affordable_housing_building_64268-807464","properties":{"city_id":"nyc","event_id":"nyc_hpd_affordable_housing_building_64268-807464","title":"HPD affordable housing building: SUNSET PARK APARTMENTS HDFC.HUDMF.FY17 54 STREET, Brooklyn","year":2017,"effective_date":"2017-06-13","date_precision":"day","category":"built_environment","lens":"built_environment","confidence":"documented","source_ids":["hg8x-zxpr"],"explanation":"HPD affordable housing production building record for project 64268; construction type Preservation; 6 counted affordable units and 6 total units reported."},"geometry":{"type":"Point","coordinates":[-74.018623,40.646461]}},{"type":"Feature","id":"nyc_hpd_affordable_housing_building_64268-807466","properties":{"city_id":"nyc","event_id":"nyc_hpd_affordable_housing_building_64268-807466","title":"HPD affordable housing building: SUNSET PARK APARTMENTS HDFC.HUDMF.FY17 55 STREET, Brooklyn","year":2017,"effective_date":"2017-06-13","date_precision":"day","category":"built_environment","lens":"built_environment","confidence":"documented","source_ids":["hg8x-zxpr"],"explanation":"HPD affordable housing production building record for project 64268; construction type Preservation; 3 counted affordable units and 3 total units reported."},"geometry":{"type":"Point","coordinates":[-74.016133,40.644046]}},{"type":"Feature","id":"nyc_hpd_affordable_housing_building_64268-810035","properties":{"city_id":"nyc","event_id":"nyc_hpd_affordable_housing_building_64268-810035","title":"HPD affordable housing building: SUNSET PARK APARTMENTS HDFC.HUDMF.FY17 55 STREET, Brooklyn","year":2017,"effective_date":"2017-06-13","date_precision":"day","category":"built_environment","lens":"built_environment","confidence":"documented","source_ids":["hg8x-zxpr"],"explanation":"HPD affordable housing production building record for project 64268; construction type Preservation; 3 counted affordable units and 3 total units reported."},"geometry":{"type":"Point","coordinates":[-74.016262,40.644123]}},{"type":"Feature","id":"nyc_hpd_affordable_housing_building_64268-810036","properties":{"city_id":"nyc","event_id":"nyc_hpd_affordable_housing_building_64268-810036","title":"HPD affordable housing building: SUNSET PARK APARTMENTS HDFC.HUDMF.FY17 55 STREET, Brooklyn","year":2017,"effective_date":"2017-06-13","date_precision":"day","category":"built_environment","lens":"built_environment","confidence":"documented","source_ids":["hg8x-zxpr"],"explanation":"HPD affordable housing production building record for project 64268; construction type Preservation; 3 counted affordable units and 3 total units reported."},"geometry":{"type":"Point","coordinates":[-74.016208,40.644093]}},{"type":"Feature","id":"nyc_hpd_affordable_housing_building_64268-810047","properties":{"city_id":"nyc","event_id":"nyc_hpd_affordable_housing_building_64268-810047","title":"HPD affordable housing building: SUNSET PARK APARTMENTS HDFC.HUDMF.FY17 6 AVENUE, Brooklyn","year":2017,"effective_date":"2017-06-13","date_precision":"day","category":"built_environment","lens":"built_environment","confidence":"documented","source_ids":["hg8x-zxpr"],"explanation":"HPD affordable housing production building record for project 64268; construction type Preservation; 6 counted affordable units and 6 total units reported."},"geometry":{"type":"Point","coordinates":[-74.009394,40.642537]}},{"type":"Feature","id":"nyc_hpd_affordable_housing_building_64268-837522","properties":{"city_id":"nyc","event_id":"nyc_hpd_affordable_housing_building_64268-837522","title":"HPD affordable housing building: SUNSET PARK APARTMENTS HDFC.HUDMF.FY17 6 AVENUE, Brooklyn","year":2017,"effective_date":"2017-06-13","date_precision":"day","category":"built_environment","lens":"built_environment","confidence":"documented","source_ids":["hg8x-zxpr"],"explanation":"HPD affordable housing production building record for project 64268; construction type Preservation; 8 counted affordable units and 8 total units reported."},"geometry":{"type":"Point","coordinates":[-74.007636,40.64425]}},{"type":"Feature","id":"nyc_hpd_affordable_housing_building_64268-837574","properties":{"city_id":"nyc","event_id":"nyc_hpd_affordable_housing_building_64268-837574","title":"HPD affordable housing building: SUNSET PARK APARTMENTS HDFC.HUDMF.FY17 49 STREET, Brooklyn","year":2017,"effective_date":"2017-06-13","date_precision":"day","category":"built_environment","lens":"built_environment","confidence":"documented","source_ids":["hg8x-zxpr"],"explanation":"HPD affordable housing production building record for project 64268; construction type Preservation; 8 counted affordable units and 8 total units reported."},"geometry":{"type":"Point","coordinates":[-74.009146,40.64532]}},{"type":"Feature","id":"nyc_hpd_affordable_housing_building_64268-837576","properties":{"city_id":"nyc","event_id":"nyc_hpd_affordable_housing_building_64268-837576","title":"HPD affordable housing building: SUNSET PARK APARTMENTS HDFC.HUDMF.FY17 6 AVENUE, Brooklyn","year":2017,"effective_date":"2017-06-13","date_precision":"day","category":"built_environment","lens":"built_environment","confidence":"documented","source_ids":["hg8x-zxpr"],"explanation":"HPD affordable housing production building record for project 64268; construction type Preservation; 16 counted affordable units and 16 total units reported."},"geometry":{"type":"Point","coordinates":[-74.007654,40.644234]}},{"type":"Feature","id":"nyc_hpd_affordable_housing_building_64268-837791","properties":{"city_id":"nyc","event_id":"nyc_hpd_affordable_housing_building_64268-837791","title":"HPD affordable housing building: SUNSET PARK APARTMENTS HDFC.HUDMF.FY17 49 STREET, Brooklyn","year":2017,"effective_date":"2017-06-13","date_precision":"day","category":"built_environment","lens":"built_environment","confidence":"documented","source_ids":["hg8x-zxpr"],"explanation":"HPD affordable housing production building record for project 64268; construction type Preservation; 8 counted affordable units and 8 total units reported."},"geometry":{"type":"Point","coordinates":[-74.008645,40.645018]}},{"type":"Feature","id":"nyc_hpd_affordable_housing_building_64268-837792","properties":{"city_id":"nyc","event_id":"nyc_hpd_affordable_housing_building_64268-837792","title":"HPD affordable housing building: SUNSET PARK APARTMENTS HDFC.HUDMF.FY17 43 STREET, Brooklyn","year":2017,"effective_date":"2017-06-13","date_precision":"day","category":"built_environment","lens":"built_environment","confidence":"documented","source_ids":["hg8x-zxpr"],"explanation":"HPD affordable housing production building record for project 64268; construction type Preservation; 8 counted affordable units and 8 total units reported."},"geometry":{"type":"Point","coordinates":[-74.009874,40.651227]}},{"type":"Feature","id":"nyc_hpd_affordable_housing_building_64268-854991","properties":{"city_id":"nyc","event_id":"nyc_hpd_affordable_housing_building_64268-854991","title":"HPD affordable housing building: SUNSET PARK APARTMENTS HDFC.HUDMF.FY17 55 STREET, Brooklyn","year":2017,"effective_date":"2017-06-13","date_precision":"day","category":"built_environment","lens":"built_environment","confidence":"documented","source_ids":["hg8x-zxpr"],"explanation":"HPD affordable housing production building record for project 64268; construction type Preservation; 3 counted affordable units and 3 total units reported."},"geometry":{"type":"Point","coordinates":[-74.016082,40.644016]}},{"type":"Feature","id":"nyc_hpd_affordable_housing_building_64645-976833","properties":{"city_id":"nyc","event_id":"nyc_hpd_affordable_housing_building_64645-976833","title":"HPD affordable housing building: 39 WEST 23RD STREET WEST 23 STREET, Manhattan","year":2017,"effective_date":"2017-02-14","date_precision":"day","category":"built_environment","lens":"built_environment","confidence":"documented","source_ids":["hg8x-zxpr"],"explanation":"HPD affordable housing production building record for project 64645; construction type New Construction; 2 counted affordable units and 35 total units reported."},"geometry":{"type":"Point","coordinates":[-73.990931,40.742131]}},{"type":"Feature","id":"nyc_hpd_affordable_housing_building_64645-992704","properties":{"city_id":"nyc","event_id":"nyc_hpd_affordable_housing_building_64645-992704","title":"HPD affordable housing building: 39 WEST 23RD STREET WEST 24 STREET, Manhattan","year":2017,"effective_date":"2017-02-14","date_precision":"day","category":"built_environment","lens":"built_environment","confidence":"documented","source_ids":["hg8x-zxpr"],"explanation":"HPD affordable housing production building record for project 64645; construction type New Construction; 2 counted affordable units and 9 total units reported."},"geometry":{"type":"Point","coordinates":[-73.990051,40.742595]}},{"type":"Feature","id":"nyc_hpd_affordable_housing_building_65036-945909","properties":{"city_id":"nyc","event_id":"nyc_hpd_affordable_housing_building_65036-945909","title":"HPD affordable housing building: SAVANNA HALL WEST 163 STREET, Manhattan","year":2017,"effective_date":"2017-03-16","date_precision":"day","category":"built_environment","lens":"built_environment","confidence":"documented","source_ids":["hg8x-zxpr"],"explanation":"HPD affordable housing production building record for project 65036; construction type New Construction; 73 counted affordable units and 73 total units reported."},"geometry":{"type":"Point","coordinates":[-73.938677,40.83621]}},{"type":"Feature","id":"nyc_hpd_affordable_housing_building_65056-806508","properties":{"city_id":"nyc","event_id":"nyc_hpd_affordable_housing_building_65056-806508","title":"HPD affordable housing building: MELROSE SITE D-1 (MICHELANGELO APARTMENTS) EAST 149 STREET, Bronx","year":2017,"effective_date":"2017-06-16","date_precision":"day","category":"built_environment","lens":"built_environment","confidence":"documented","source_ids":["hg8x-zxpr"],"explanation":"HPD affordable housing production building record for project 65056; construction type Preservation; 492 counted affordable units and 492 total units reported."},"geometry":{"type":"Point","coordinates":[-73.923491,40.817586]}},{"type":"Feature","id":"nyc_hpd_affordable_housing_building_65071-122172","properties":{"city_id":"nyc","event_id":"nyc_hpd_affordable_housing_building_65071-122172","title":"HPD affordable housing building: 74 WEST TREMONT AVENUE WEST TREMONT AVENUE, Bronx","year":2017,"effective_date":"2017-01-05","date_precision":"day","category":"built_environment","lens":"built_environment","confidence":"documented","source_ids":["hg8x-zxpr"],"explanation":"HPD affordable housing production building record for project 65071; construction type New Construction; 7 counted affordable units and 34 total units reported."},"geometry":{"type":"Point","coordinates":[-73.912124,40.851025]}},{"type":"Feature","id":"nyc_hpd_affordable_housing_building_65072-977416","properties":{"city_id":"nyc","event_id":"nyc_hpd_affordable_housing_building_65072-977416","title":"HPD affordable housing building: 785 DEKALB AVENUE DEKALB AVENUE, Brooklyn","year":2017,"effective_date":"2017-05-16","date_precision":"day","category":"built_environment","lens":"built_environment","confidence":"documented","source_ids":["hg8x-zxpr"],"explanation":"HPD affordable housing production building record for project 65072; construction type New Construction; 14 counted affordable units and 70 total units reported."},"geometry":{"type":"Point","coordinates":[-73.944572,40.692163]}},{"type":"Feature","id":"nyc_hpd_affordable_housing_building_65074-969739","properties":{"city_id":"nyc","event_id":"nyc_hpd_affordable_housing_building_65074-969739","title":"HPD affordable housing building: 866 EAST 178TH STREET EAST 178 STREET, Bronx","year":2017,"effective_date":"2017-05-16","date_precision":"day","category":"built_environment","lens":"built_environment","confidence":"documented","source_ids":["hg8x-zxpr"],"explanation":"HPD affordable housing production building record for project 65074; construction type New Construction; 9 counted affordable units and 45 total units reported."},"geometry":{"type":"Point","coordinates":[-73.884934,40.843525]}},{"type":"Feature","id":"nyc_hpd_affordable_housing_building_65086-970563","properties":{"city_id":"nyc","event_id":"nyc_hpd_affordable_housing_building_65086-970563","title":"HPD affordable housing building: 100 BARROW STREET BARROW STREET, Manhattan","year":2017,"effective_date":"2017-03-15","date_precision":"day","category":"built_environment","lens":"built_environment","confidence":"documented","source_ids":["hg8x-zxpr"],"explanation":"HPD affordable housing production building record for project 65086; construction type New Construction; 7 counted affordable units and 33 total units reported."},"geometry":{"type":"Point","coordinates":[-74.007631,40.731775]}},{"type":"Feature","id":"nyc_hpd_affordable_housing_building_65097-969379","properties":{"city_id":"nyc","event_id":"nyc_hpd_affordable_housing_building_65097-969379","title":"HPD affordable housing building: 2139 THIRD AVENUE 3 AVENUE, Manhattan","year":2017,"effective_date":"2017-02-08","date_precision":"day","category":"built_environment","lens":"built_environment","confidence":"documented","source_ids":["hg8x-zxpr"],"explanation":"HPD affordable housing production building record for project 65097; construction type New Construction; 5 counted affordable units and 21 total units reported."},"geometry":{"type":"Point","coordinates":[-73.939607,40.798493]}},{"type":"Feature","id":"nyc_hpd_affordable_housing_building_65102-969740","properties":{"city_id":"nyc","event_id":"nyc_hpd_affordable_housing_building_65102-969740","title":"HPD affordable housing building: 1319 PROSPECT AVENUE PROSPECT AVENUE, Bronx","year":2017,"effective_date":"2017-03-21","date_precision":"day","category":"built_environment","lens":"built_environment","confidence":"documented","source_ids":["hg8x-zxpr"],"explanation":"HPD affordable housing production building record for project 65102; construction type New Construction; 3 counted affordable units and 14 total units reported."},"geometry":{"type":"Point","coordinates":[-73.898022,40.828367]}},{"type":"Feature","id":"nyc_hpd_affordable_housing_building_65103-92414","properties":{"city_id":"nyc","event_id":"nyc_hpd_affordable_housing_building_65103-92414","title":"HPD affordable housing building: 1417 LONGFELLOW AVENUE LONGFELLOW AVENUE, Bronx","year":2017,"effective_date":"2017-04-26","date_precision":"day","category":"built_environment","lens":"built_environment","confidence":"documented","source_ids":["hg8x-zxpr"],"explanation":"HPD affordable housing production building record for project 65103; construction type New Construction; 8 counted affordable units and 38 total units reported."},"geometry":{"type":"Point","coordinates":[-73.887858,40.830175]}},{"type":"Feature","id":"nyc_hpd_affordable_housing_building_65104-969569","properties":{"city_id":"nyc","event_id":"nyc_hpd_affordable_housing_building_65104-969569","title":"HPD affordable housing building: 26-27 2 STREET APARTMENTS 2 STREET, Queens","year":2017,"effective_date":"2017-06-05","date_precision":"day","category":"built_environment","lens":"built_environment","confidence":"documented","source_ids":["hg8x-zxpr"],"explanation":"HPD affordable housing production building record for project 65104; construction type New Construction; 6 counted affordable units and 28 total units reported."},"geometry":{"type":"Point","coordinates":[-73.934771,40.776282]}},{"type":"Feature","id":"nyc_hpd_affordable_housing_building_65110-374733","properties":{"city_id":"nyc","event_id":"nyc_hpd_affordable_housing_building_65110-374733","title":"HPD affordable housing building: 313 ST MARKS AVENUE ST MARKS AVENUE, Brooklyn","year":2017,"effective_date":"2017-05-31","date_precision":"day","category":"built_environment","lens":"built_environment","confidence":"documented","source_ids":["hg8x-zxpr"],"explanation":"HPD affordable housing production building record for project 65110; construction type New Construction; 15 counted affordable units and 75 total units reported."},"geometry":{"type":"Point","coordinates":[-73.964831,40.677772]}},{"type":"Feature","id":"nyc_hpd_affordable_housing_building_65116-331663","properties":{"city_id":"nyc","event_id":"nyc_hpd_affordable_housing_building_65116-331663","title":"HPD affordable housing building: 387 MANHATTAN AVENUE MANHATTAN AVENUE, Brooklyn","year":2017,"effective_date":"2017-05-24","date_precision":"day","category":"built_environment","lens":"built_environment","confidence":"documented","source_ids":["hg8x-zxpr"],"explanation":"HPD affordable housing production building record for project 65116; construction type New Construction; 3 counted affordable units and 12 total units reported."},"geometry":{"type":"Point","coordinates":[-73.946625,40.717677]}},{"type":"Feature","id":"nyc_hpd_affordable_housing_building_65124-956113","properties":{"city_id":"nyc","event_id":"nyc_hpd_affordable_housing_building_65124-956113","title":"HPD affordable housing building: SAINT MARKS APARTMENTS BUSHWICK AVENUE, Brooklyn","year":2017,"effective_date":"2017-04-10","date_precision":"day","category":"built_environment","lens":"built_environment","confidence":"documented","source_ids":["hg8x-zxpr"],"explanation":"HPD affordable housing production building record for project 65124; construction type New Construction; 20 counted affordable units and 99 total units reported."},"geometry":{"type":"Point","coordinates":[-73.933899,40.698207]}},{"type":"Feature","id":"nyc_hpd_affordable_housing_building_65134-973171","properties":{"city_id":"nyc","event_id":"nyc_hpd_affordable_housing_building_65134-973171","title":"HPD affordable housing building: WATERMARK COURT 44 DRIVE, Queens","year":2017,"effective_date":"2017-05-15","date_precision":"day","category":"built_environment","lens":"built_environment","confidence":"documented","source_ids":["hg8x-zxpr"],"explanation":"HPD affordable housing production building record for project 65134; construction type New Construction; 34 counted affordable units and 168 total units reported."},"geometry":{"type":"Point","coordinates":[-73.942245,40.746942]}},{"type":"Feature","id":"nyc_hpd_affordable_housing_building_65136-952588","properties":{"city_id":"nyc","event_id":"nyc_hpd_affordable_housing_building_65136-952588","title":"HPD affordable housing building: MONTROSE PARK LLC MONTROSE AVENUE, Brooklyn","year":2017,"effective_date":"2017-03-27","date_precision":"day","category":"built_environment","lens":"built_environment","confidence":"documented","source_ids":["hg8x-zxpr"],"explanation":"HPD affordable housing production building record for project 65136; construction type New Construction; 8 counted affordable units and 40 total units reported."},"geometry":{"type":"Point","coordinates":[-73.94707,40.706967]}},{"type":"Feature","id":"nyc_hpd_affordable_housing_building_65143-969749","properties":{"city_id":"nyc","event_id":"nyc_hpd_affordable_housing_building_65143-969749","title":"HPD affordable housing building: 407 EAST 160TH STREET EAST 160 STREET, Bronx","year":2017,"effective_date":"2017-05-10","date_precision":"day","category":"built_environment","lens":"built_environment","confidence":"documented","source_ids":["hg8x-zxpr"],"explanation":"HPD affordable housing production building record for project 65143; construction type New Construction; 8 counted affordable units and 39 total units reported."},"geometry":{"type":"Point","coordinates":[-73.913798,40.823475]}},{"type":"Feature","id":"nyc_lpc_historic_district_lp-02584","properties":{"city_id":"nyc","event_id":"nyc_lpc_historic_district_lp-02584","title":"Historic district designated: Morningside Heights Historic District","year":2017,"effective_date":"2017-02-21","date_precision":"day","category":"built_environment","lens":"built_environment","confidence":"documented","source_ids":["skyk-mpzq"],"explanation":"LPC historic district designation record for Morningside Heights Historic District."},"geometry":{"type":"Point","coordinates":[-73.965959,40.806196]}},{"type":"Feature","id":"nyc_lpc_individual_landmark_1388","properties":{"city_id":"nyc","event_id":"nyc_lpc_individual_landmark_1388","title":"Individual landmark designated: People's Trust Company Building","year":2017,"effective_date":"2017-01-24","date_precision":"day","category":"built_environment","lens":"built_environment","confidence":"documented","source_ids":["buis-pvji"],"explanation":"LPC designation record for People's Trust Company Building; designation date is taken from the source desdate field."},"geometry":{"type":"Point","coordinates":[-73.991947,40.694421]}},{"type":"Feature","id":"nyc_lpc_individual_landmark_1389","properties":{"city_id":"nyc","event_id":"nyc_lpc_individual_landmark_1389","title":"Individual landmark designated: National Title Guaranty Company","year":2017,"effective_date":"2017-01-24","date_precision":"day","category":"built_environment","lens":"built_environment","confidence":"documented","source_ids":["buis-pvji"],"explanation":"LPC designation record for National Title Guaranty Company; designation date is taken from the source desdate field."},"geometry":{"type":"Point","coordinates":[-73.991812,40.694403]}},{"type":"Feature","id":"nyc_lpc_individual_landmark_1390","properties":{"city_id":"nyc","event_id":"nyc_lpc_individual_landmark_1390","title":"Individual landmark designated: Cathedral Church of St. John the Divine and the Cathedral Close","year":2017,"effective_date":"2017-02-21","date_precision":"day","category":"built_environment","lens":"built_environment","confidence":"documented","source_ids":["buis-pvji"],"explanation":"LPC designation record for Cathedral Church of St. John the Divine and the Cathedral Close; designation date is taken from the source desdate field."},"geometry":{"type":"Point","coordinates":[-73.961448,40.803756]}},{"type":"Feature","id":"nyc_lpc_individual_landmark_1391","properties":{"city_id":"nyc","event_id":"nyc_lpc_individual_landmark_1391","title":"Individual landmark designated: Old Saint James Episcopal Church (Old Saint James Parish Hall)","year":2017,"effective_date":"2017-09-19","date_precision":"day","category":"built_environment","lens":"built_environment","confidence":"documented","source_ids":["buis-pvji"],"explanation":"LPC designation record for Old Saint James Episcopal Church (Old Saint James Parish Hall); designation date is taken from the source desdate field."},"geometry":{"type":"Point","coordinates":[-73.877565,40.738397]}},{"type":"Feature","id":"nyc_lpc_individual_landmark_1392","properties":{"city_id":"nyc","event_id":"nyc_lpc_individual_landmark_1392","title":"Individual landmark designated: The Salvation Army National and Territorial Headquarters","year":2017,"effective_date":"2017-10-17","date_precision":"day","category":"built_environment","lens":"built_environment","confidence":"documented","source_ids":["buis-pvji"],"explanation":"LPC designation record for The Salvation Army National and Territorial Headquarters; designation date is taken from the source desdate field."},"geometry":{"type":"Point","coordinates":[-73.998325,40.737553]}},{"type":"Feature","id":"nyc_lpc_individual_landmark_1393","properties":{"city_id":"nyc","event_id":"nyc_lpc_individual_landmark_1393","title":"Individual landmark designated: Peter P. and Rosa M. Huberty House","year":2017,"effective_date":"2017-10-24","date_precision":"day","category":"built_environment","lens":"built_environment","confidence":"documented","source_ids":["buis-pvji"],"explanation":"LPC designation record for Peter P. and Rosa M. Huberty House; designation date is taken from the source desdate field."},"geometry":{"type":"Point","coordinates":[-73.921505,40.691763]}},{"type":"Feature","id":"nyc_lpc_individual_landmark_1394","properties":{"city_id":"nyc","event_id":"nyc_lpc_individual_landmark_1394","title":"Individual landmark designated: 827-831 Broadway Buildings","year":2017,"effective_date":"2017-10-31","date_precision":"day","category":"built_environment","lens":"built_environment","confidence":"documented","source_ids":["buis-pvji"],"explanation":"LPC designation record for 827-831 Broadway Buildings; designation date is taken from the source desdate field."},"geometry":{"type":"Point","coordinates":[-73.991354,40.733759]}},{"type":"Feature","id":"nyc_lpc_individual_landmark_1461","properties":{"city_id":"nyc","event_id":"nyc_lpc_individual_landmark_1461","title":"Individual landmark designated: Empire State Dairy Company Buildings","year":2017,"effective_date":"2017-12-05","date_precision":"day","category":"built_environment","lens":"built_environment","confidence":"documented","source_ids":["buis-pvji"],"explanation":"LPC designation record for Empire State Dairy Company Buildings; designation date is taken from the source desdate field."},"geometry":{"type":"Point","coordinates":[-73.888859,40.676621]}},{"type":"Feature","id":"nyc_lpc_individual_landmark_1462","properties":{"city_id":"nyc","event_id":"nyc_lpc_individual_landmark_1462","title":"Individual landmark designated: Interborough Rapid Transit Company Powerhouse","year":2017,"effective_date":"2017-12-05","date_precision":"day","category":"built_environment","lens":"built_environment","confidence":"documented","source_ids":["buis-pvji"],"explanation":"LPC designation record for Interborough Rapid Transit Company Powerhouse; designation date is taken from the source desdate field."},"geometry":{"type":"Point","coordinates":[-73.99179,40.771847]}},{"type":"Feature","id":"nyc_lpc_permit_lpc-13-4239","properties":{"city_id":"nyc","event_id":"nyc_lpc_permit_lpc-13-4239","title":"LPC permit issued: Other as described by applicant at 336 KNOLLWOOD AVENUE","year":2017,"effective_date":"2017-01-04","date_precision":"day","category":"built_environment","lens":"built_environment","confidence":"documented","source_ids":["dpm2-m9mq"],"explanation":"LPC permit LPC-13-4239; landmark/site not stated; regulation type Certificate of Appropriateness; work type Other as described by applicant."},"geometry":{"type":"Point","coordinates":[-73.7500357058806,40.78003938878348]}},{"type":"Feature","id":"nyc_lpc_permit_lpc-16-2104","properties":{"city_id":"nyc","event_id":"nyc_lpc_permit_lpc-16-2104","title":"LPC permit issued: RESTORATIVE WORK at 41-18 47TH STREET","year":2017,"effective_date":"2017-01-03","date_precision":"day","category":"built_environment","lens":"built_environment","confidence":"documented","source_ids":["dpm2-m9mq"],"explanation":"LPC permit LPC-16-2104; landmark/site Sunnyside Gardens Historic District: Historic District; regulation type Withdrawn at Staff Level; work type RESTORATIVE WORK."},"geometry":{"type":"Point","coordinates":[-73.91715287409333,40.746190995792276]}},{"type":"Feature","id":"nyc_lpc_permit_lpc-16-5559","properties":{"city_id":"nyc","event_id":"nyc_lpc_permit_lpc-16-5559","title":"LPC permit issued: Sign-off at 11 MONTGOMERY PLACE","year":2017,"effective_date":"2017-01-03","date_precision":"day","category":"built_environment","lens":"built_environment","confidence":"documented","source_ids":["dpm2-m9mq"],"explanation":"LPC permit LPC-16-5559; landmark/site Park Slope Historic District: Historic District; regulation type Withdrawn at Staff Level; work type Sign-off."},"geometry":{"type":"Point","coordinates":[-73.97359042211437,40.67149982262594]}},{"type":"Feature","id":"nyc_lpc_permit_lpc-16-7305","properties":{"city_id":"nyc","event_id":"nyc_lpc_permit_lpc-16-7305","title":"LPC permit issued: Other as described by applicant at 309 WEST 75TH STREET","year":2017,"effective_date":"2017-01-03","date_precision":"day","category":"built_environment","lens":"built_environment","confidence":"documented","source_ids":["dpm2-m9mq"],"explanation":"LPC permit LPC-16-7305; landmark/site West End - Collegiate Historic District: Historic District; regulation type Withdrawn at Staff Level; work type Other as described by applicant."},"geometry":{"type":"Point","coordinates":[-73.98381595446041,40.782087943368595]}},{"type":"Feature","id":"nyc_lpc_permit_lpc-17-0227","properties":{"city_id":"nyc","event_id":"nyc_lpc_permit_lpc-17-0227","title":"LPC permit issued: WINDOWS at 1095 PARK AVENUE","year":2017,"effective_date":"2017-01-04","date_precision":"day","category":"built_environment","lens":"built_environment","confidence":"documented","source_ids":["dpm2-m9mq"],"explanation":"LPC permit LPC-17-0227; landmark/site Park Avenue Historic District: Historic District; regulation type Permit for Minor Work; work type WINDOWS."},"geometry":{"type":"Point","coordinates":[-73.95591465120617,40.781924197452234]}},{"type":"Feature","id":"nyc_lpc_permit_lpc-17-0404","properties":{"city_id":"nyc","event_id":"nyc_lpc_permit_lpc-17-0404","title":"LPC permit issued: Other as described by applicant at 325 WEST END AVENUE","year":2017,"effective_date":"2017-01-03","date_precision":"day","category":"built_environment","lens":"built_environment","confidence":"documented","source_ids":["dpm2-m9mq"],"explanation":"LPC permit LPC-17-0404; landmark/site West End - Collegiate Historic District: Historic District; regulation type Withdrawn at Staff Level; work type Other as described by applicant."},"geometry":{"type":"Point","coordinates":[-73.9828699125832,40.782035656667226]}},{"type":"Feature","id":"nyc_lpc_permit_lpc-17-7860","properties":{"city_id":"nyc","event_id":"nyc_lpc_permit_lpc-17-7860","title":"LPC permit issued: ROOFTOP ADDITION at 383 MACON STREET","year":2017,"effective_date":"2017-01-04","date_precision":"day","category":"built_environment","lens":"built_environment","confidence":"documented","source_ids":["dpm2-m9mq"],"explanation":"LPC permit LPC-17-7860; landmark/site Bedford Stuyvesant/Expanded Stuyvesant Heights Historic District: Historic District; regulation type Withdrawn at Staff Level; work type ROOFTOP ADDITION."},"geometry":{"type":"Point","coordinates":[-73.93633386408524,40.682618044786516]}},{"type":"Feature","id":"nyc_lpc_permit_lpc-17-9375","properties":{"city_id":"nyc","event_id":"nyc_lpc_permit_lpc-17-9375","title":"LPC permit issued: Interior Alterations at 87 CHRISTOPHER STREET","year":2017,"effective_date":"2017-01-03","date_precision":"day","category":"built_environment","lens":"built_environment","confidence":"documented","source_ids":["dpm2-m9mq"],"explanation":"LPC permit LPC-17-9375; landmark/site Greenwich Village Historic District: Historic District; regulation type Certificate of No Effect; work type Interior Alterations."},"geometry":{"type":"Point","coordinates":[-74.00379228550425,40.733479592162325]}},{"type":"Feature","id":"nyc_lpc_permit_lpc-18-1081","properties":{"city_id":"nyc","event_id":"nyc_lpc_permit_lpc-18-1081","title":"LPC permit issued: Other as described by applicant at 135 PLYMOUTH STREET","year":2017,"effective_date":"2017-01-03","date_precision":"day","category":"built_environment","lens":"built_environment","confidence":"documented","source_ids":["dpm2-m9mq"],"explanation":"LPC permit LPC-18-1081; landmark/site DUMBO Historic District: Historic District; regulation type Status Update Letter; work type Other as described by applicant."},"geometry":{"type":"Point","coordinates":[-73.98792490837364,40.70381091487112]}},{"type":"Feature","id":"nyc_lpc_permit_lpc-18-4302","properties":{"city_id":"nyc","event_id":"nyc_lpc_permit_lpc-18-4302","title":"LPC permit issued: Other as described by applicant at 421 BROOME STREET","year":2017,"effective_date":"2017-01-03","date_precision":"day","category":"built_environment","lens":"built_environment","confidence":"documented","source_ids":["dpm2-m9mq"],"explanation":"LPC permit LPC-18-4302; landmark/site SoHo-Cast Iron Historic District Extension: Historic District; regulation type Miscellaneous - Amendment; work type Other as described by applicant."},"geometry":{"type":"Point","coordinates":[-73.99866157965228,40.72125175718431]}},{"type":"Feature","id":"nyc_lpc_permit_lpc-18-5101","properties":{"city_id":"nyc","event_id":"nyc_lpc_permit_lpc-18-5101","title":"LPC permit issued: Sign-off at 825 MANHATTAN AVENUE","year":2017,"effective_date":"2017-01-03","date_precision":"day","category":"built_environment","lens":"built_environment","confidence":"documented","source_ids":["dpm2-m9mq"],"explanation":"LPC permit LPC-18-5101; landmark/site Greenpoint Historic District: Historic District; regulation type Miscellaneous - Amendment; work type Sign-off."},"geometry":{"type":"Point","coordinates":[-73.95347492749124,40.728474801257235]}},{"type":"Feature","id":"nyc_lpc_permit_lpc-18-5274","properties":{"city_id":"nyc","event_id":"nyc_lpc_permit_lpc-18-5274","title":"LPC permit issued: RESTORATIVE WORK at 68 BANK STREET","year":2017,"effective_date":"2017-01-03","date_precision":"day","category":"built_environment","lens":"built_environment","confidence":"documented","source_ids":["dpm2-m9mq"],"explanation":"LPC permit LPC-18-5274; landmark/site Greenwich Village Historic District: Historic District; regulation type Certificate of No Effect; work type RESTORATIVE WORK."},"geometry":{"type":"Point","coordinates":[-74.00444920636613,40.73672661199268]}},{"type":"Feature","id":"nyc_lpc_permit_lpc-18-7528","properties":{"city_id":"nyc","event_id":"nyc_lpc_permit_lpc-18-7528","title":"LPC permit issued: WINDOWS at 458-460 WEST 23RD STREET","year":2017,"effective_date":"2017-01-03","date_precision":"day","category":"built_environment","lens":"built_environment","confidence":"documented","source_ids":["dpm2-m9mq"],"explanation":"LPC permit LPC-18-7528; landmark/site Chelsea Historic District Extension: Historic District; regulation type Permit for Minor Work; work type WINDOWS."},"geometry":{"type":"Point","coordinates":[-74.00293412103478,40.74715945843424]}},{"type":"Feature","id":"nyc_lpc_permit_lpc-19-0039","properties":{"city_id":"nyc","event_id":"nyc_lpc_permit_lpc-19-0039","title":"LPC permit issued: WINDOWS at 36 PIERREPONT STREET","year":2017,"effective_date":"2017-01-04","date_precision":"day","category":"built_environment","lens":"built_environment","confidence":"documented","source_ids":["dpm2-m9mq"],"explanation":"LPC permit LPC-19-0039; landmark/site Brooklyn Heights Historic District: Historic District; regulation type Permit for Minor Work; work type WINDOWS."},"geometry":{"type":"Point","coordinates":[-73.99573743351311,40.6959367345978]}},{"type":"Feature","id":"nyc_lpc_permit_lpc-19-0848","properties":{"city_id":"nyc","event_id":"nyc_lpc_permit_lpc-19-0848","title":"LPC permit issued: Interior Alterations at 2060 SEDGWICK AVENUE","year":2017,"effective_date":"2017-01-04","date_precision":"day","category":"built_environment","lens":"built_environment","confidence":"documented","source_ids":["dpm2-m9mq"],"explanation":"LPC permit LPC-19-0848; landmark/site Gould Memorial Library, New York University (Bronx Community College): Individual Landmark, Hall of Fame, New York University (Bronx Community College): Individual Landmark, Hall of Languages, New York University (Bronx Co"},"geometry":{"type":"Point","coordinates":[-73.91498080027829,40.85890435890591]}},{"type":"Feature","id":"nyc_lpc_permit_lpc-19-2088","properties":{"city_id":"nyc","event_id":"nyc_lpc_permit_lpc-19-2088","title":"LPC permit issued: AREAWAY ALTS at 369 STERLING PLACE","year":2017,"effective_date":"2017-01-03","date_precision":"day","category":"built_environment","lens":"built_environment","confidence":"documented","source_ids":["dpm2-m9mq"],"explanation":"LPC permit LPC-19-2088; landmark/site Prospect Heights Historic District: Historic District; regulation type Permit for Minor Work; work type AREAWAY ALTS."},"geometry":{"type":"Point","coordinates":[-73.97334018348374,40.67525187306447]}},{"type":"Feature","id":"nyc_lpc_permit_lpc-19-2129","properties":{"city_id":"nyc","event_id":"nyc_lpc_permit_lpc-19-2129","title":"LPC permit issued: Sign-off at 231 CUMBERLAND STREET","year":2017,"effective_date":"2017-01-03","date_precision":"day","category":"built_environment","lens":"built_environment","confidence":"documented","source_ids":["dpm2-m9mq"],"explanation":"LPC permit LPC-19-2129; landmark/site Fort Greene Historic District: Historic District; regulation type Miscellaneous - Amendment; work type Sign-off."},"geometry":{"type":"Point","coordinates":[-73.97295254358089,40.68880821467996]}},{"type":"Feature","id":"nyc_lpc_permit_lpc-19-2581","properties":{"city_id":"nyc","event_id":"nyc_lpc_permit_lpc-19-2581","title":"LPC permit issued: SIDEWALKS at 108 WEST 123RD STREET","year":2017,"effective_date":"2017-01-04","date_precision":"day","category":"built_environment","lens":"built_environment","confidence":"documented","source_ids":["dpm2-m9mq"],"explanation":"LPC permit LPC-19-2581; landmark/site Mount Morris Park Historic District Extension: Historic District; regulation type Permit for Minor Work; work type SIDEWALKS."},"geometry":{"type":"Point","coordinates":[-73.94706630541704,40.80673008620963]}},{"type":"Feature","id":"nyc_lpc_permit_lpc-19-2795","properties":{"city_id":"nyc","event_id":"nyc_lpc_permit_lpc-19-2795","title":"LPC permit issued: WINDOWS at 1158 FIFTH AVENUE","year":2017,"effective_date":"2017-01-05","date_precision":"day","category":"built_environment","lens":"built_environment","confidence":"documented","source_ids":["dpm2-m9mq"],"explanation":"LPC permit LPC-19-2795; landmark/site Expanded Carnegie Hill Historic District: Historic District; regulation type Withdrawn at Staff Level; work type WINDOWS."},"geometry":{"type":"Point","coordinates":[-73.9549931404601,40.7883520075345]}},{"type":"Feature","id":"nyc_lpc_permit_lpc-19-2801","properties":{"city_id":"nyc","event_id":"nyc_lpc_permit_lpc-19-2801","title":"LPC permit issued: Other as described by applicant at 21 BLEECKER STREET","year":2017,"effective_date":"2017-01-03","date_precision":"day","category":"built_environment","lens":"built_environment","confidence":"documented","source_ids":["dpm2-m9mq"],"explanation":"LPC permit LPC-19-2801; landmark/site Noho East Historic District: Historic District; regulation type Certificate of No Effect; work type Other as described by applicant."},"geometry":{"type":"Point","coordinates":[-73.99331107613254,40.72553339293689]}},{"type":"Feature","id":"nyc_lpc_permit_lpc-19-2959","properties":{"city_id":"nyc","event_id":"nyc_lpc_permit_lpc-19-2959","title":"LPC permit issued: RESTORATIVE WORK at 51 WHITE STREET","year":2017,"effective_date":"2017-01-05","date_precision":"day","category":"built_environment","lens":"built_environment","confidence":"documented","source_ids":["dpm2-m9mq"],"explanation":"LPC permit LPC-19-2959; landmark/site Tribeca East Historic District: Historic District; regulation type Status Update Letter; work type RESTORATIVE WORK."},"geometry":{"type":"Point","coordinates":[-74.00408002900488,40.7184932097086]}},{"type":"Feature","id":"nyc_lpc_permit_lpc-19-3217","properties":{"city_id":"nyc","event_id":"nyc_lpc_permit_lpc-19-3217","title":"LPC permit issued: SIGNAGE at 372 LAFAYETTE STREET","year":2017,"effective_date":"2017-01-03","date_precision":"day","category":"built_environment","lens":"built_environment","confidence":"documented","source_ids":["dpm2-m9mq"],"explanation":"LPC permit LPC-19-3217; landmark/site NoHo Historic District: Historic District; regulation type Certificate of No Effect; work type SIGNAGE."},"geometry":{"type":"Point","coordinates":[-73.9937655129751,40.72713910115052]}},{"type":"Feature","id":"nyc_lpc_permit_lpc-19-3426","properties":{"city_id":"nyc","event_id":"nyc_lpc_permit_lpc-19-3426","title":"LPC permit issued: A/C, LOUVERS, GRILLES at 35 EAST 19TH STREET","year":2017,"effective_date":"2017-01-04","date_precision":"day","category":"built_environment","lens":"built_environment","confidence":"documented","source_ids":["dpm2-m9mq"],"explanation":"LPC permit LPC-19-3426; landmark/site Ladies' Mile Historic District: Historic District; regulation type Miscellaneous - Amendment; work type A/C, LOUVERS, GRILLES."},"geometry":{"type":"Point","coordinates":[-73.9894595018431,40.7382770007567]}},{"type":"Feature","id":"nyc_lpc_permit_lpc-19-3557","properties":{"city_id":"nyc","event_id":"nyc_lpc_permit_lpc-19-3557","title":"LPC permit issued: AREAWAY ALTS at 125 EAST 62ND STREET","year":2017,"effective_date":"2017-01-04","date_precision":"day","category":"built_environment","lens":"built_environment","confidence":"documented","source_ids":["dpm2-m9mq"],"explanation":"LPC permit LPC-19-3557; landmark/site Upper East Side Historic District: Historic District; regulation type Permit for Minor Work; work type AREAWAY ALTS."},"geometry":{"type":"Point","coordinates":[-73.96742392149741,40.764372678064845]}},{"type":"Feature","id":"nyc_lpc_permit_lpc-19-4581","properties":{"city_id":"nyc","event_id":"nyc_lpc_permit_lpc-19-4581","title":"LPC permit issued: Interior Alterations at 435 WEST BROADWAY","year":2017,"effective_date":"2017-01-04","date_precision":"day","category":"built_environment","lens":"built_environment","confidence":"documented","source_ids":["dpm2-m9mq"],"explanation":"LPC permit LPC-19-4581; landmark/site SoHo-Cast Iron Historic District: Historic District; regulation type Certificate of No Effect; work type Interior Alterations."},"geometry":{"type":"Point","coordinates":[-74.00116532873612,40.72544300434578]}},{"type":"Feature","id":"nyc_lpc_permit_lpc-19-4598","properties":{"city_id":"nyc","event_id":"nyc_lpc_permit_lpc-19-4598","title":"LPC permit issued: New Storefront Infill: Opening and Surround to Remain at 420 LEXINGTON AVENUE","year":2017,"effective_date":"2017-01-04","date_precision":"day","category":"built_environment","lens":"built_environment","confidence":"documented","source_ids":["dpm2-m9mq"],"explanation":"LPC permit LPC-19-4598; landmark/site Graybar Building: Individual Landmark; regulation type Certificate of No Effect; work type New Storefront Infill: Opening and Surround to Remain."},"geometry":{"type":"Point","coordinates":[-73.97546410466086,40.75226211354301]}},{"type":"Feature","id":"nyc_lpc_permit_lpc-19-4721","properties":{"city_id":"nyc","event_id":"nyc_lpc_permit_lpc-19-4721","title":"LPC permit issued: A/C, LOUVERS, GRILLES at 419 WEST 22ND STREET","year":2017,"effective_date":"2017-01-04","date_precision":"day","category":"built_environment","lens":"built_environment","confidence":"documented","source_ids":["dpm2-m9mq"],"explanation":"LPC permit LPC-19-4721; landmark/site Chelsea Historic District Extension: Historic District; regulation type Miscellaneous - Amendment; work type A/C, LOUVERS, GRILLES."},"geometry":{"type":"Point","coordinates":[-74.00242160351979,40.746091762987774]}},{"type":"Feature","id":"nyc_lpc_permit_lpc-19-4735","properties":{"city_id":"nyc","event_id":"nyc_lpc_permit_lpc-19-4735","title":"LPC permit issued: Interior Alterations at 262 MONROE STREET","year":2017,"effective_date":"2017-01-03","date_precision":"day","category":"built_environment","lens":"built_environment","confidence":"documented","source_ids":["dpm2-m9mq"],"explanation":"LPC permit LPC-19-4735; landmark/site not stated; regulation type Miscellaneous - Amendment; work type Interior Alterations."},"geometry":{"type":"Point","coordinates":[-73.94875972069842,40.68567094626538]}},{"type":"Feature","id":"nyc_lpc_permit_lpc-19-4750","properties":{"city_id":"nyc","event_id":"nyc_lpc_permit_lpc-19-4750","title":"LPC permit issued: ROOFTOP ADDITION at 50 WEST 12TH STREET","year":2017,"effective_date":"2017-01-05","date_precision":"day","category":"built_environment","lens":"built_environment","confidence":"documented","source_ids":["dpm2-m9mq"],"explanation":"LPC permit LPC-19-4750; landmark/site Greenwich Village Historic District: Historic District; regulation type Certificate of No Effect; work type ROOFTOP ADDITION."},"geometry":{"type":"Point","coordinates":[-73.99605245231048,40.73528289014517]}},{"type":"Feature","id":"nyc_lpc_permit_lpc-19-4818","properties":{"city_id":"nyc","event_id":"nyc_lpc_permit_lpc-19-4818","title":"LPC permit issued: Sign-off at 334 MACDONOUGH STREET","year":2017,"effective_date":"2017-01-03","date_precision":"day","category":"built_environment","lens":"built_environment","confidence":"documented","source_ids":["dpm2-m9mq"],"explanation":"LPC permit LPC-19-4818; landmark/site Stuyvesant Heights Historic District: Historic District; regulation type Notice of Compliance; work type Sign-off."},"geometry":{"type":"Point","coordinates":[-73.93342824973436,40.6821882158188]}},{"type":"Feature","id":"nyc_lpc_permit_lpc-19-4832","properties":{"city_id":"nyc","event_id":"nyc_lpc_permit_lpc-19-4832","title":"LPC permit issued: SIGNAGE at 747 MADISON AVENUE","year":2017,"effective_date":"2017-01-04","date_precision":"day","category":"built_environment","lens":"built_environment","confidence":"documented","source_ids":["dpm2-m9mq"],"explanation":"LPC permit LPC-19-4832; landmark/site Upper East Side Historic District: Historic District; regulation type Permit for Minor Work; work type SIGNAGE."},"geometry":{"type":"Point","coordinates":[-73.96879439372725,40.76715622534287]}},{"type":"Feature","id":"nyc_lpc_permit_lpc-19-4877","properties":{"city_id":"nyc","event_id":"nyc_lpc_permit_lpc-19-4877","title":"LPC permit issued: RESTORATIVE WORK at 51 WHITE STREET","year":2017,"effective_date":"2017-01-03","date_precision":"day","category":"built_environment","lens":"built_environment","confidence":"documented","source_ids":["dpm2-m9mq"],"explanation":"LPC permit LPC-19-4877; landmark/site Tribeca East Historic District: Historic District; regulation type Status Update Letter; work type RESTORATIVE WORK."},"geometry":{"type":"Point","coordinates":[-74.00408002900488,40.7184932097086]}},{"type":"Feature","id":"nyc_lpc_permit_lpc-19-4906","properties":{"city_id":"nyc","event_id":"nyc_lpc_permit_lpc-19-4906","title":"LPC permit issued: WINDOWS at 12 EAST 77TH STREET","year":2017,"effective_date":"2017-01-04","date_precision":"day","category":"built_environment","lens":"built_environment","confidence":"documented","source_ids":["dpm2-m9mq"],"explanation":"LPC permit LPC-19-4906; landmark/site Upper East Side Historic District: Historic District; regulation type Permit for Minor Work; work type WINDOWS."},"geometry":{"type":"Point","coordinates":[-73.96414375036186,40.7754384951591]}},{"type":"Feature","id":"nyc_lpc_permit_lpc-19-5024","properties":{"city_id":"nyc","event_id":"nyc_lpc_permit_lpc-19-5024","title":"LPC permit issued: RESTORATIVE WORK at 233 WEST 138TH STREET","year":2017,"effective_date":"2017-01-04","date_precision":"day","category":"built_environment","lens":"built_environment","confidence":"documented","source_ids":["dpm2-m9mq"],"explanation":"LPC permit LPC-19-5024; landmark/site St. Nicholas Historic District: Historic District; regulation type Miscellaneous - Amendment; work type RESTORATIVE WORK."},"geometry":{"type":"Point","coordinates":[-73.94372643420787,40.81783639460622]}},{"type":"Feature","id":"nyc_lpc_permit_lpc-19-5052","properties":{"city_id":"nyc","event_id":"nyc_lpc_permit_lpc-19-5052","title":"LPC permit issued: Legacy- Not Available at 46 HORATIO STREET","year":2017,"effective_date":"2017-01-05","date_precision":"day","category":"built_environment","lens":"built_environment","confidence":"documented","source_ids":["dpm2-m9mq"],"explanation":"LPC permit LPC-19-5052; landmark/site Greenwich Village Historic District: Historic District; regulation type Status Update Letter; work type Legacy- Not Available."},"geometry":{"type":"Point","coordinates":[-74.00516744256858,40.738746719807025]}},{"type":"Feature","id":"nyc_lpc_permit_lpc-19-5166","properties":{"city_id":"nyc","event_id":"nyc_lpc_permit_lpc-19-5166","title":"LPC permit issued: Sign-off at 1991 MORRIS AVENUE","year":2017,"effective_date":"2017-01-04","date_precision":"day","category":"built_environment","lens":"built_environment","confidence":"documented","source_ids":["dpm2-m9mq"],"explanation":"LPC permit LPC-19-5166; landmark/site not stated; regulation type Notice of Compliance; work type Sign-off."},"geometry":{"type":"Point","coordinates":[-73.90709943828357,40.851504051641705]}},{"type":"Feature","id":"nyc_lpc_permit_lpc-19-5361","properties":{"city_id":"nyc","event_id":"nyc_lpc_permit_lpc-19-5361","title":"LPC permit issued: Sign-off at 203 DEAN STREET","year":2017,"effective_date":"2017-01-03","date_precision":"day","category":"built_environment","lens":"built_environment","confidence":"documented","source_ids":["dpm2-m9mq"],"explanation":"LPC permit LPC-19-5361; landmark/site Boerum Hill Historic District: Historic District; regulation type Notice of Compliance; work type Sign-off."},"geometry":{"type":"Point","coordinates":[-73.9853068993794,40.68551947503241]}},{"type":"Feature","id":"nyc_lpc_permit_lpc-19-5395","properties":{"city_id":"nyc","event_id":"nyc_lpc_permit_lpc-19-5395","title":"LPC permit issued: New building at 184 7TH AVENUE SOUTH","year":2017,"effective_date":"2017-01-03","date_precision":"day","category":"built_environment","lens":"built_environment","confidence":"documented","source_ids":["dpm2-m9mq"],"explanation":"LPC permit LPC-19-5395; landmark/site Greenwich Village Historic District: Historic District; regulation type Certificate of Appropriateness; work type New building."},"geometry":{"type":"Point","coordinates":[-74.00136036984179,40.736139312774256]}},{"type":"Feature","id":"nyc_lpc_permit_lpc-19-5653","properties":{"city_id":"nyc","event_id":"nyc_lpc_permit_lpc-19-5653","title":"LPC permit issued: Interior Alterations at 936 ST. MARKS AVENUE","year":2017,"effective_date":"2017-01-03","date_precision":"day","category":"built_environment","lens":"built_environment","confidence":"documented","source_ids":["dpm2-m9mq"],"explanation":"LPC permit LPC-19-5653; landmark/site Crown Heights North Historic District III: Historic District; regulation type Certificate of No Effect; work type Interior Alterations."},"geometry":{"type":"Point","coordinates":[-73.94106768238613,40.67470738239795]}},{"type":"Feature","id":"nyc_lpc_permit_lpc-19-5667","properties":{"city_id":"nyc","event_id":"nyc_lpc_permit_lpc-19-5667","title":"LPC permit issued: Sign-off at 52 LISPENARD STREET","year":2017,"effective_date":"2017-01-03","date_precision":"day","category":"built_environment","lens":"built_environment","confidence":"documented","source_ids":["dpm2-m9mq"],"explanation":"LPC permit LPC-19-5667; landmark/site not stated; regulation type Notice of Compliance; work type Sign-off."},"geometry":{"type":"Point","coordinates":[-74.00312771559143,40.71964603849261]}},{"type":"Feature","id":"nyc_lpc_permit_lpc-19-5767","properties":{"city_id":"nyc","event_id":"nyc_lpc_permit_lpc-19-5767","title":"LPC permit issued: Sign-off at 1160 FIFTH AVENUE","year":2017,"effective_date":"2017-01-05","date_precision":"day","category":"built_environment","lens":"built_environment","confidence":"documented","source_ids":["dpm2-m9mq"],"explanation":"LPC permit LPC-19-5767; landmark/site Expanded Carnegie Hill Historic District: Historic District; regulation type Notice of Compliance; work type Sign-off."},"geometry":{"type":"Point","coordinates":[-73.95524574811144,40.78861834493293]}},{"type":"Feature","id":"nyc_lpc_permit_lpc-19-5795","properties":{"city_id":"nyc","event_id":"nyc_lpc_permit_lpc-19-5795","title":"LPC permit issued: Interior Alterations at 50 ROCKEFELLER PLAZA","year":2017,"effective_date":"2017-01-04","date_precision":"day","category":"built_environment","lens":"built_environment","confidence":"documented","source_ids":["dpm2-m9mq"],"explanation":"LPC permit LPC-19-5795; landmark/site Radio City Music Hall (Rockefeller Center): Interior Landmark, Rockefeller Center: Individual Landmark, International Building (Rockefeller Center): Interior Landmark; regulation type Certificate of No Effect; work type In"},"geometry":{"type":"Point","coordinates":[-73.9782300975255,40.7593797944714]}},{"type":"Feature","id":"nyc_lpc_permit_lpc-19-5941","properties":{"city_id":"nyc","event_id":"nyc_lpc_permit_lpc-19-5941","title":"LPC permit issued: Legacy- Not Available at 544 8TH STREET","year":2017,"effective_date":"2017-01-03","date_precision":"day","category":"built_environment","lens":"built_environment","confidence":"documented","source_ids":["dpm2-m9mq"],"explanation":"LPC permit LPC-19-5941; landmark/site Park Slope Historic District: Historic District; regulation type Permit for Minor Work; work type Legacy- Not Available."},"geometry":{"type":"Point","coordinates":[-73.97709282769499,40.665569110018374]}},{"type":"Feature","id":"nyc_lpc_permit_lpc-19-5969","properties":{"city_id":"nyc","event_id":"nyc_lpc_permit_lpc-19-5969","title":"LPC permit issued: A/C, LOUVERS, GRILLES at 250 WEST 82ND STREET","year":2017,"effective_date":"2017-01-04","date_precision":"day","category":"built_environment","lens":"built_environment","confidence":"documented","source_ids":["dpm2-m9mq"],"explanation":"LPC permit LPC-19-5969; landmark/site Riverside-West End Historic District Extension I: Historic District; regulation type Certificate of No Effect; work type A/C, LOUVERS, GRILLES."},"geometry":{"type":"Point","coordinates":[-73.97886419786082,40.78591604534161]}},{"type":"Feature","id":"nyc_lpc_permit_lpc-19-5984","properties":{"city_id":"nyc","event_id":"nyc_lpc_permit_lpc-19-5984","title":"LPC permit issued: RESTORATIVE WORK at 765 RIVERSIDE DRIVE","year":2017,"effective_date":"2017-01-03","date_precision":"day","category":"built_environment","lens":"built_environment","confidence":"documented","source_ids":["dpm2-m9mq"],"explanation":"LPC permit LPC-19-5984; landmark/site Audubon Park Historic District: Historic District; regulation type Certificate of No Effect; work type RESTORATIVE WORK."},"geometry":{"type":"Point","coordinates":[-73.9483959969375,40.83418336161592]}},{"type":"Feature","id":"nyc_lpc_permit_lpc-19-6036","properties":{"city_id":"nyc","event_id":"nyc_lpc_permit_lpc-19-6036","title":"LPC permit issued: RESTORATIVE WORK at 145 PROSPECT PARK WEST","year":2017,"effective_date":"2017-01-03","date_precision":"day","category":"built_environment","lens":"built_environment","confidence":"documented","source_ids":["dpm2-m9mq"],"explanation":"LPC permit LPC-19-6036; landmark/site not stated; regulation type Permit for Minor Work; work type RESTORATIVE WORK."},"geometry":{"type":"Point","coordinates":[-73.97698507449073,40.66445470854916]}},{"type":"Feature","id":"nyc_lpc_permit_lpc-19-6126","properties":{"city_id":"nyc","event_id":"nyc_lpc_permit_lpc-19-6126","title":"LPC permit issued: A/C, LOUVERS, GRILLES at 155 MERCER STREET","year":2017,"effective_date":"2017-01-04","date_precision":"day","category":"built_environment","lens":"built_environment","confidence":"documented","source_ids":["dpm2-m9mq"],"explanation":"LPC permit LPC-19-6126; landmark/site SoHo-Cast Iron Historic District: Historic District; regulation type Miscellaneous - Amendment; work type A/C, LOUVERS, GRILLES."},"geometry":{"type":"Point","coordinates":[-73.99818527088085,40.72511911459726]}},{"type":"Feature","id":"nyc_lpc_permit_lpc-19-6131","properties":{"city_id":"nyc","event_id":"nyc_lpc_permit_lpc-19-6131","title":"LPC permit issued: Sign-off at 230 WASHINGTON AVENUE","year":2017,"effective_date":"2017-01-03","date_precision":"day","category":"built_environment","lens":"built_environment","confidence":"documented","source_ids":["dpm2-m9mq"],"explanation":"LPC permit LPC-19-6131; landmark/site Clinton Hill Historic District: Historic District; regulation type Miscellaneous - Amendment; work type Sign-off."},"geometry":{"type":"Point","coordinates":[-73.9665111784747,40.6914414996168]}},{"type":"Feature","id":"nyc_lpc_permit_lpc-19-6196","properties":{"city_id":"nyc","event_id":"nyc_lpc_permit_lpc-19-6196","title":"LPC permit issued: Other as described by applicant at 560 BROADWAY","year":2017,"effective_date":"2017-01-03","date_precision":"day","category":"built_environment","lens":"built_environment","confidence":"documented","source_ids":["dpm2-m9mq"],"explanation":"LPC permit LPC-19-6196; landmark/site SoHo-Cast Iron Historic District: Historic District; regulation type Miscellaneous - Amendment; work type Other as described by applicant."},"geometry":{"type":"Point","coordinates":[-73.99804820949959,40.72390867432233]}},{"type":"Feature","id":"nyc_lpc_permit_lpc-19-6225","properties":{"city_id":"nyc","event_id":"nyc_lpc_permit_lpc-19-6225","title":"LPC permit issued: New Storefront Infill: Opening and Surround to Remain at 1165 BROADWAY","year":2017,"effective_date":"2017-01-04","date_precision":"day","category":"built_environment","lens":"built_environment","confidence":"documented","source_ids":["dpm2-m9mq"],"explanation":"LPC permit LPC-19-6225; landmark/site not stated; regulation type Certificate of Appropriateness; work type New Storefront Infill: Opening and Surround to Remain."},"geometry":{"type":"Point","coordinates":[-73.98906150665235,40.74471889427697]}},{"type":"Feature","id":"nyc_lpc_permit_lpc-19-6284","properties":{"city_id":"nyc","event_id":"nyc_lpc_permit_lpc-19-6284","title":"LPC permit issued: Other as described by applicant at 1 WALL STREET","year":2017,"effective_date":"2017-01-03","date_precision":"day","category":"built_environment","lens":"built_environment","confidence":"documented","source_ids":["dpm2-m9mq"],"explanation":"LPC permit LPC-19-6284; landmark/site 1 Wall Street Building: Individual Landmark; regulation type Withdrawn at Staff Level; work type Other as described by applicant."},"geometry":{"type":"Point","coordinates":[-74.01164297384534,40.707711269473286]}},{"type":"Feature","id":"nyc_lpc_permit_lpc-19-6294","properties":{"city_id":"nyc","event_id":"nyc_lpc_permit_lpc-19-6294","title":"LPC permit issued: REAR YARD ADDITION at 249 WEST 138TH STREET","year":2017,"effective_date":"2017-01-05","date_precision":"day","category":"built_environment","lens":"built_environment","confidence":"documented","source_ids":["dpm2-m9mq"],"explanation":"LPC permit LPC-19-6294; landmark/site St. Nicholas Historic District: Historic District; regulation type Certificate of Appropriateness; work type REAR YARD ADDITION."},"geometry":{"type":"Point","coordinates":[-73.94408036770024,40.81798478165663]}},{"type":"Feature","id":"nyc_lpc_permit_lpc-19-6353","properties":{"city_id":"nyc","event_id":"nyc_lpc_permit_lpc-19-6353","title":"LPC permit issued: RESTORATIVE WORK at 327 CENTRAL PARK WEST","year":2017,"effective_date":"2017-01-04","date_precision":"day","category":"built_environment","lens":"built_environment","confidence":"documented","source_ids":["dpm2-m9mq"],"explanation":"LPC permit LPC-19-6353; landmark/site Upper West Side/Central Park West Historic District: Historic District; regulation type Miscellaneous - Amendment; work type RESTORATIVE WORK."},"geometry":{"type":"Point","coordinates":[-73.96649059853259,40.789791418675094]}},{"type":"Feature","id":"nyc_lpc_permit_lpc-19-6432","properties":{"city_id":"nyc","event_id":"nyc_lpc_permit_lpc-19-6432","title":"LPC permit issued: ROOFTOP ADDITION at 105 EAST 17TH STREET","year":2017,"effective_date":"2017-01-04","date_precision":"day","category":"built_environment","lens":"built_environment","confidence":"documented","source_ids":["dpm2-m9mq"],"explanation":"LPC permit LPC-19-6432; landmark/site Guardian Life Insurance Company of America Annex: Individual Landmark; regulation type Certificate of No Effect; work type ROOFTOP ADDITION."},"geometry":{"type":"Point","coordinates":[-73.98849635865504,40.736350092229884]}},{"type":"Feature","id":"nyc_lpc_permit_lpc-19-6470","properties":{"city_id":"nyc","event_id":"nyc_lpc_permit_lpc-19-6470","title":"LPC permit issued: Sign-off at 175-41 LINDEN BOULEVARD","year":2017,"effective_date":"2017-01-03","date_precision":"day","category":"built_environment","lens":"built_environment","confidence":"documented","source_ids":["dpm2-m9mq"],"explanation":"LPC permit LPC-19-6470; landmark/site Addisleigh Park Historic District: Historic District; regulation type Notice of Compliance; work type Sign-off."},"geometry":{"type":"Point","coordinates":[-73.77408682532501,40.69289345670274]}},{"type":"Feature","id":"nyc_lpc_permit_lpc-19-6511","properties":{"city_id":"nyc","event_id":"nyc_lpc_permit_lpc-19-6511","title":"LPC permit issued: Interior Alterations at 500 BROADWAY","year":2017,"effective_date":"2017-01-03","date_precision":"day","category":"built_environment","lens":"built_environment","confidence":"documented","source_ids":["dpm2-m9mq"],"explanation":"LPC permit LPC-19-6511; landmark/site SoHo-Cast Iron Historic District: Historic District; regulation type Certificate of No Effect; work type Interior Alterations."},"geometry":{"type":"Point","coordinates":[-73.9994696747065,40.72223164251754]}},{"type":"Feature","id":"nyc_lpc_permit_lpc-19-6518","properties":{"city_id":"nyc","event_id":"nyc_lpc_permit_lpc-19-6518","title":"LPC permit issued: Interior Alterations at 710 PARK AVENUE","year":2017,"effective_date":"2017-01-04","date_precision":"day","category":"built_environment","lens":"built_environment","confidence":"documented","source_ids":["dpm2-m9mq"],"explanation":"LPC permit LPC-19-6518; landmark/site Upper East Side Historic District: Historic District; regulation type Certificate of No Effect; work type Interior Alterations."},"geometry":{"type":"Point","coordinates":[-73.96495559748628,40.769573238062605]}},{"type":"Feature","id":"nyc_lpc_permit_lpc-19-6523","properties":{"city_id":"nyc","event_id":"nyc_lpc_permit_lpc-19-6523","title":"LPC permit issued: WINDOWS at 205 WEST 57TH STREET","year":2017,"effective_date":"2017-01-04","date_precision":"day","category":"built_environment","lens":"built_environment","confidence":"documented","source_ids":["dpm2-m9mq"],"explanation":"LPC permit LPC-19-6523; landmark/site Osborne Apartment Building Interior: Interior Landmark, Osborne Apartments: Individual Landmark; regulation type Permit for Minor Work; work type WINDOWS."},"geometry":{"type":"Point","coordinates":[-73.98047345409611,40.765712318060324]}},{"type":"Feature","id":"nyc_lpc_permit_lpc-19-6549","properties":{"city_id":"nyc","event_id":"nyc_lpc_permit_lpc-19-6549","title":"LPC permit issued: Interior Alterations at 1356 BROADWAY","year":2017,"effective_date":"2017-01-03","date_precision":"day","category":"built_environment","lens":"built_environment","confidence":"documented","source_ids":["dpm2-m9mq"],"explanation":"LPC permit LPC-19-6549; landmark/site Greenwich Savings Bank: Individual Landmark, Greenwich Savings Bank: Interior Landmark; regulation type Certificate of No Effect; work type Interior Alterations."},"geometry":{"type":"Point","coordinates":[-73.98758779641197,40.7516437451472]}},{"type":"Feature","id":"nyc_lpc_permit_lpc-19-6573","properties":{"city_id":"nyc","event_id":"nyc_lpc_permit_lpc-19-6573","title":"LPC permit issued: Interior Alterations at 175 RIVERSIDE DRIVE","year":2017,"effective_date":"2017-01-03","date_precision":"day","category":"built_environment","lens":"built_environment","confidence":"documented","source_ids":["dpm2-m9mq"],"explanation":"LPC permit LPC-19-6573; landmark/site Riverside-West End Historic District: Historic District; regulation type Certificate of No Effect; work type Interior Alterations."},"geometry":{"type":"Point","coordinates":[-73.97817611032133,40.791948837585934]}},{"type":"Feature","id":"nyc_lpc_permit_lpc-19-6583","properties":{"city_id":"nyc","event_id":"nyc_lpc_permit_lpc-19-6583","title":"LPC permit issued: Interior Alterations at 191 9TH AVENUE","year":2017,"effective_date":"2017-01-04","date_precision":"day","category":"built_environment","lens":"built_environment","confidence":"documented","source_ids":["dpm2-m9mq"],"explanation":"LPC permit LPC-19-6583; landmark/site Chelsea Historic District: Historic District; regulation type Certificate of No Effect; work type Interior Alterations."},"geometry":{"type":"Point","coordinates":[-74.00198129776763,40.745614185024536]}},{"type":"Feature","id":"nyc_lpc_permit_lpc-19-6587","properties":{"city_id":"nyc","event_id":"nyc_lpc_permit_lpc-19-6587","title":"LPC permit issued: Interior Alterations at 11 WALL STREET","year":2017,"effective_date":"2017-01-03","date_precision":"day","category":"built_environment","lens":"built_environment","confidence":"documented","source_ids":["dpm2-m9mq"],"explanation":"LPC permit LPC-19-6587; landmark/site New York Stock Exchange: Individual Landmark; regulation type Certificate of No Effect; work type Interior Alterations."},"geometry":{"type":"Point","coordinates":[-74.0111054982079,40.707398419524175]}},{"type":"Feature","id":"nyc_lpc_permit_lpc-19-6593","properties":{"city_id":"nyc","event_id":"nyc_lpc_permit_lpc-19-6593","title":"LPC permit issued: RESTORATIVE WORK at 295 LAFAYETTE STREET","year":2017,"effective_date":"2017-01-03","date_precision":"day","category":"built_environment","lens":"built_environment","confidence":"documented","source_ids":["dpm2-m9mq"],"explanation":"LPC permit LPC-19-6593; landmark/site Puck Building: Individual Landmark; regulation type Miscellaneous - Amendment; work type RESTORATIVE WORK."},"geometry":{"type":"Point","coordinates":[-73.99576085865695,40.72453716230807]}},{"type":"Feature","id":"nyc_lpc_permit_lpc-19-6620","properties":{"city_id":"nyc","event_id":"nyc_lpc_permit_lpc-19-6620","title":"LPC permit issued: Sign-off at 22 EAST 82ND STREET","year":2017,"effective_date":"2017-01-03","date_precision":"day","category":"built_environment","lens":"built_environment","confidence":"documented","source_ids":["dpm2-m9mq"],"explanation":"LPC permit LPC-19-6620; landmark/site Metropolitan Museum Historic District: Historic District; regulation type Withdrawn at Staff Level; work type Sign-off."},"geometry":{"type":"Point","coordinates":[-73.96120661354722,40.778475967654586]}},{"type":"Feature","id":"nyc_lpc_permit_lpc-19-6621","properties":{"city_id":"nyc","event_id":"nyc_lpc_permit_lpc-19-6621","title":"LPC permit issued: Interior Alterations at 48 BOND STREET","year":2017,"effective_date":"2017-01-04","date_precision":"day","category":"built_environment","lens":"built_environment","confidence":"documented","source_ids":["dpm2-m9mq"],"explanation":"LPC permit LPC-19-6621; landmark/site NoHo Historic District Extension: Historic District; regulation type Certificate of No Effect; work type Interior Alterations."},"geometry":{"type":"Point","coordinates":[-73.99287447395135,40.726041146786564]}},{"type":"Feature","id":"nyc_lpc_permit_lpc-19-6627","properties":{"city_id":"nyc","event_id":"nyc_lpc_permit_lpc-19-6627","title":"LPC permit issued: Interior Alterations at 142 WOOSTER STREET","year":2017,"effective_date":"2017-01-03","date_precision":"day","category":"built_environment","lens":"built_environment","confidence":"documented","source_ids":["dpm2-m9mq"],"explanation":"LPC permit LPC-19-6627; landmark/site SoHo-Cast Iron Historic District: Historic District; regulation type Certificate of No Effect; work type Interior Alterations."},"geometry":{"type":"Point","coordinates":[-73.9997474506765,40.72578610459505]}},{"type":"Feature","id":"nyc_lpc_permit_lpc-19-6629","properties":{"city_id":"nyc","event_id":"nyc_lpc_permit_lpc-19-6629","title":"LPC permit issued: Sign-off at 56 WEST 22ND STREET","year":2017,"effective_date":"2017-01-03","date_precision":"day","category":"built_environment","lens":"built_environment","confidence":"documented","source_ids":["dpm2-m9mq"],"explanation":"LPC permit LPC-19-6629; landmark/site Ladies' Mile Historic District: Historic District; regulation type Notice of Compliance; work type Sign-off."},"geometry":{"type":"Point","coordinates":[-73.99182267599818,40.74160932125435]}},{"type":"Feature","id":"nyc_lpc_permit_lpc-19-6630","properties":{"city_id":"nyc","event_id":"nyc_lpc_permit_lpc-19-6630","title":"LPC permit issued: Sign-off at 100-104 WEST 81ST STREET","year":2017,"effective_date":"2017-01-05","date_precision":"day","category":"built_environment","lens":"built_environment","confidence":"documented","source_ids":["dpm2-m9mq"],"explanation":"LPC permit LPC-19-6630; landmark/site Upper West Side/Central Park West Historic District: Historic District; regulation type Notice of Compliance; work type Sign-off."},"geometry":{"type":"Point","coordinates":[-73.97496875393568,40.78341755749193]}},{"type":"Feature","id":"nyc_lpc_permit_lpc-19-6646","properties":{"city_id":"nyc","event_id":"nyc_lpc_permit_lpc-19-6646","title":"LPC permit issued: ROOFTOP ADDITION at 48 DOWNING STREET","year":2017,"effective_date":"2017-01-04","date_precision":"day","category":"built_environment","lens":"built_environment","confidence":"documented","source_ids":["dpm2-m9mq"],"explanation":"LPC permit LPC-19-6646; landmark/site Clinton Hill Historic District: Historic District; regulation type Miscellaneous - Amendment; work type ROOFTOP ADDITION."},"geometry":{"type":"Point","coordinates":[-73.96101625500641,40.68424023556351]}},{"type":"Feature","id":"nyc_lpc_permit_lpc-19-6651","properties":{"city_id":"nyc","event_id":"nyc_lpc_permit_lpc-19-6651","title":"LPC permit issued: WINDOWS at 105 FIFTH AVENUE","year":2017,"effective_date":"2017-01-05","date_precision":"day","category":"built_environment","lens":"built_environment","confidence":"documented","source_ids":["dpm2-m9mq"],"explanation":"LPC permit LPC-19-6651; landmark/site Ladies' Mile Historic District: Historic District; regulation type Permit for Minor Work; work type WINDOWS."},"geometry":{"type":"Point","coordinates":[-73.99191329171352,40.73832934949341]}},{"type":"Feature","id":"nyc_lpc_permit_lpc-19-6653","properties":{"city_id":"nyc","event_id":"nyc_lpc_permit_lpc-19-6653","title":"LPC permit issued: SIDEWALKS at 130 WEST 42ND STREET","year":2017,"effective_date":"2017-01-03","date_precision":"day","category":"built_environment","lens":"built_environment","confidence":"documented","source_ids":["dpm2-m9mq"],"explanation":"LPC permit LPC-19-6653; landmark/site Bush Tower: Individual Landmark; regulation type Certificate of No Effect; work type SIDEWALKS."},"geometry":{"type":"Point","coordinates":[-73.98517240071561,40.755277503713856]}},{"type":"Feature","id":"nyc_lpc_permit_lpc-19-6669","properties":{"city_id":"nyc","event_id":"nyc_lpc_permit_lpc-19-6669","title":"LPC permit issued: Interior Alterations at 917 PRESIDENT STREET","year":2017,"effective_date":"2017-01-04","date_precision":"day","category":"built_environment","lens":"built_environment","confidence":"documented","source_ids":["dpm2-m9mq"],"explanation":"LPC permit LPC-19-6669; landmark/site Park Slope Historic District: Historic District; regulation type Certificate of No Effect; work type Interior Alterations."},"geometry":{"type":"Point","coordinates":[-73.97249411042111,40.67251513285774]}},{"type":"Feature","id":"nyc_lpc_permit_lpc-19-6670","properties":{"city_id":"nyc","event_id":"nyc_lpc_permit_lpc-19-6670","title":"LPC permit issued: Sign-off at 184 7TH AVENUE SOUTH","year":2017,"effective_date":"2017-01-03","date_precision":"day","category":"built_environment","lens":"built_environment","confidence":"documented","source_ids":["dpm2-m9mq"],"explanation":"LPC permit LPC-19-6670; landmark/site Greenwich Village Historic District: Historic District; regulation type Notice of Compliance; work type Sign-off."},"geometry":{"type":"Point","coordinates":[-74.00136036984179,40.736139312774256]}},{"type":"Feature","id":"nyc_lpc_permit_lpc-19-6755","properties":{"city_id":"nyc","event_id":"nyc_lpc_permit_lpc-19-6755","title":"LPC permit issued: SIGNAGE at 2957 BROADWAY","year":2017,"effective_date":"2017-01-05","date_precision":"day","category":"built_environment","lens":"built_environment","confidence":"documented","source_ids":["dpm2-m9mq"],"explanation":"LPC permit LPC-19-6755; landmark/site Morningside Heights Historic District: Historic District; regulation type Notice of Review; work type SIGNAGE."},"geometry":{"type":"Point","coordinates":[-73.96401791745686,40.80785647079755]}},{"type":"Feature","id":"nyc_lpc_permit_lpc-19-6773","properties":{"city_id":"nyc","event_id":"nyc_lpc_permit_lpc-19-6773","title":"LPC permit issued: Interior Alterations at 405 LEXINGTON AVENUE","year":2017,"effective_date":"2017-01-04","date_precision":"day","category":"built_environment","lens":"built_environment","confidence":"documented","source_ids":["dpm2-m9mq"],"explanation":"LPC permit LPC-19-6773; landmark/site Chrysler Building: Individual Landmark, Chrysler Building: Interior Landmark; regulation type Expedited Certificate of No Effect; work type Interior Alterations."},"geometry":{"type":"Point","coordinates":[-73.97576022552585,40.75182301672175]}},{"type":"Feature","id":"nyc_permitted_event_251848","properties":{"city_id":"nyc","event_id":"nyc_permitted_event_251848","title":"Permitted civic event: New Year's Eve 2016-2017","year":2017,"effective_date":"2017-01-01","date_precision":"day","category":"environment","lens":"green_space","confidence":"documented","source_ids":["bkfu-528j"],"explanation":"Permitted event/street-use record with possible temporary access, footfall, or traffic effects."},"geometry":{"type":"Point","coordinates":[-73.9712,40.7831]}},{"type":"Feature","id":"nyc_permitted_event_256697","properties":{"city_id":"nyc","event_id":"nyc_permitted_event_256697","title":"Permitted civic event: Menorah Display","year":2017,"effective_date":"2017-01-01","date_precision":"day","category":"environment","lens":"green_space","confidence":"documented","source_ids":["bkfu-528j"],"explanation":"Permitted event/street-use record with possible temporary access, footfall, or traffic effects."},"geometry":{"type":"Point","coordinates":[-73.9442,40.6782]}},{"type":"Feature","id":"nyc_permitted_event_258382","properties":{"city_id":"nyc","event_id":"nyc_permitted_event_258382","title":"Permitted civic event: Midnight Run Fireworks","year":2017,"effective_date":"2017-01-01","date_precision":"day","category":"environment","lens":"green_space","confidence":"documented","source_ids":["bkfu-528j"],"explanation":"Permitted event/street-use record with possible temporary access, footfall, or traffic effects."},"geometry":{"type":"Point","coordinates":[-73.9712,40.7831]}},{"type":"Feature","id":"nyc_permitted_event_307471","properties":{"city_id":"nyc","event_id":"nyc_permitted_event_307471","title":"Permitted civic event: SW Lawn Winter CLosure","year":2017,"effective_date":"2017-01-01","date_precision":"day","category":"environment","lens":"green_space","confidence":"documented","source_ids":["bkfu-528j"],"explanation":"Permitted event/street-use record with possible temporary access, footfall, or traffic effects."},"geometry":{"type":"Point","coordinates":[-73.9712,40.7831]}},{"type":"Feature","id":"nyc_permitted_event_307476","properties":{"city_id":"nyc","event_id":"nyc_permitted_event_307476","title":"Permitted civic event: Turtle Pond Lawn Winter Closure 10-31-16 - 4-1-2017","year":2017,"effective_date":"2017-01-01","date_precision":"day","category":"environment","lens":"green_space","confidence":"documented","source_ids":["bkfu-528j"],"explanation":"Permitted event/street-use record with possible temporary access, footfall, or traffic effects."},"geometry":{"type":"Point","coordinates":[-73.9712,40.7831]}},{"type":"Feature","id":"nyc_permitted_event_309257","properties":{"city_id":"nyc","event_id":"nyc_permitted_event_309257","title":"Permitted civic event: Lawn Maintenance","year":2017,"effective_date":"2017-01-01","date_precision":"day","category":"environment","lens":"green_space","confidence":"documented","source_ids":["bkfu-528j"],"explanation":"Permitted event/street-use record with possible temporary access, footfall, or traffic effects."},"geometry":{"type":"Point","coordinates":[-73.9712,40.7831]}},{"type":"Feature","id":"nyc_permitted_event_309497","properties":{"city_id":"nyc","event_id":"nyc_permitted_event_309497","title":"Permitted civic event: Lawn Closure","year":2017,"effective_date":"2017-01-01","date_precision":"day","category":"environment","lens":"green_space","confidence":"documented","source_ids":["bkfu-528j"],"explanation":"Permitted event/street-use record with possible temporary access, footfall, or traffic effects."},"geometry":{"type":"Point","coordinates":[-73.9712,40.7831]}},{"type":"Feature","id":"nyc_permitted_event_310112","properties":{"city_id":"nyc","event_id":"nyc_permitted_event_310112","title":"Permitted civic event: GREAT HILL OVAL WINTER CLOSURE 10-31-16","year":2017,"effective_date":"2017-01-01","date_precision":"day","category":"environment","lens":"green_space","confidence":"documented","source_ids":["bkfu-528j"],"explanation":"Permitted event/street-use record with possible temporary access, footfall, or traffic effects."},"geometry":{"type":"Point","coordinates":[-73.9712,40.7831]}},{"type":"Feature","id":"nyc_permitted_event_311709","properties":{"city_id":"nyc","event_id":"nyc_permitted_event_311709","title":"Permitted civic event: Lawn Maintenance","year":2017,"effective_date":"2017-01-01","date_precision":"day","category":"environment","lens":"green_space","confidence":"documented","source_ids":["bkfu-528j"],"explanation":"Permitted event/street-use record with possible temporary access, footfall, or traffic effects."},"geometry":{"type":"Point","coordinates":[-73.9712,40.7831]}},{"type":"Feature","id":"nyc_permitted_event_311712","properties":{"city_id":"nyc","event_id":"nyc_permitted_event_311712","title":"Permitted civic event: Lawn Maintenance","year":2017,"effective_date":"2017-01-01","date_precision":"day","category":"environment","lens":"green_space","confidence":"documented","source_ids":["bkfu-528j"],"explanation":"Permitted event/street-use record with possible temporary access, footfall, or traffic effects."},"geometry":{"type":"Point","coordinates":[-73.9712,40.7831]}},{"type":"Feature","id":"nyc_permitted_event_311714","properties":{"city_id":"nyc","event_id":"nyc_permitted_event_311714","title":"Permitted civic event: Lawn Maintenance","year":2017,"effective_date":"2017-01-01","date_precision":"day","category":"environment","lens":"green_space","confidence":"documented","source_ids":["bkfu-528j"],"explanation":"Permitted event/street-use record with possible temporary access, footfall, or traffic effects."},"geometry":{"type":"Point","coordinates":[-73.9712,40.7831]}},{"type":"Feature","id":"nyc_permitted_event_312233","properties":{"city_id":"nyc","event_id":"nyc_permitted_event_312233","title":"Permitted civic event: Winter Village at Bryant Park","year":2017,"effective_date":"2017-01-01","date_precision":"day","category":"environment","lens":"green_space","confidence":"documented","source_ids":["bkfu-528j"],"explanation":"Permitted event/street-use record with possible temporary access, footfall, or traffic effects."},"geometry":{"type":"Point","coordinates":[-73.9712,40.7831]}},{"type":"Feature","id":"nyc_permitted_event_312723","properties":{"city_id":"nyc","event_id":"nyc_permitted_event_312723","title":"Permitted civic event: Miscellaneous","year":2017,"effective_date":"2017-01-01","date_precision":"day","category":"environment","lens":"green_space","confidence":"documented","source_ids":["bkfu-528j"],"explanation":"Permitted event/street-use record with possible temporary access, footfall, or traffic effects."},"geometry":{"type":"Point","coordinates":[-73.7949,40.7282]}},{"type":"Feature","id":"nyc_permitted_event_313483","properties":{"city_id":"nyc","event_id":"nyc_permitted_event_313483","title":"Permitted civic event: Holiday Live Tree Display","year":2017,"effective_date":"2017-01-01","date_precision":"day","category":"environment","lens":"green_space","confidence":"documented","source_ids":["bkfu-528j"],"explanation":"Permitted event/street-use record with possible temporary access, footfall, or traffic effects."},"geometry":{"type":"Point","coordinates":[-73.9712,40.7831]}},{"type":"Feature","id":"nyc_permitted_event_313702","properties":{"city_id":"nyc","event_id":"nyc_permitted_event_313702","title":"Permitted civic event: close for construction","year":2017,"effective_date":"2017-01-01","date_precision":"day","category":"environment","lens":"green_space","confidence":"documented","source_ids":["bkfu-528j"],"explanation":"Permitted event/street-use record with possible temporary access, footfall, or traffic effects."},"geometry":{"type":"Point","coordinates":[-73.7949,40.7282]}},{"type":"Feature","id":"nyc_permitted_event_314238","properties":{"city_id":"nyc","event_id":"nyc_permitted_event_314238","title":"Permitted civic event: Rehab of Lawn","year":2017,"effective_date":"2017-01-01","date_precision":"day","category":"environment","lens":"green_space","confidence":"documented","source_ids":["bkfu-528j"],"explanation":"Permitted event/street-use record with possible temporary access, footfall, or traffic effects."},"geometry":{"type":"Point","coordinates":[-73.9712,40.7831]}},{"type":"Feature","id":"nyc_permitted_event_315153","properties":{"city_id":"nyc","event_id":"nyc_permitted_event_315153","title":"Permitted civic event: Annual menorah lighting","year":2017,"effective_date":"2017-01-01","date_precision":"day","category":"environment","lens":"green_space","confidence":"documented","source_ids":["bkfu-528j"],"explanation":"Permitted event/street-use record with possible temporary access, footfall, or traffic effects."},"geometry":{"type":"Point","coordinates":[-73.9442,40.6782]}},{"type":"Feature","id":"nyc_permitted_event_316171","properties":{"city_id":"nyc","event_id":"nyc_permitted_event_316171","title":"Permitted civic event: Hanukah Menorah","year":2017,"effective_date":"2017-01-01","date_precision":"day","category":"environment","lens":"green_space","confidence":"documented","source_ids":["bkfu-528j"],"explanation":"Permitted event/street-use record with possible temporary access, footfall, or traffic effects."},"geometry":{"type":"Point","coordinates":[-73.9712,40.7831]}},{"type":"Feature","id":"nyc_permitted_event_316351","properties":{"city_id":"nyc","event_id":"nyc_permitted_event_316351","title":"Permitted civic event: Hells Kitchen Flea Market","year":2017,"effective_date":"2017-01-01","date_precision":"day","category":"environment","lens":"green_space","confidence":"documented","source_ids":["bkfu-528j"],"explanation":"Permitted event/street-use record with possible temporary access, footfall, or traffic effects."},"geometry":{"type":"Point","coordinates":[-73.9712,40.7831]}},{"type":"Feature","id":"nyc_permitted_event_316704","properties":{"city_id":"nyc","event_id":"nyc_permitted_event_316704","title":"Permitted civic event: Catholic League Creche Display 2016","year":2017,"effective_date":"2017-01-01","date_precision":"day","category":"environment","lens":"green_space","confidence":"documented","source_ids":["bkfu-528j"],"explanation":"Permitted event/street-use record with possible temporary access, footfall, or traffic effects."},"geometry":{"type":"Point","coordinates":[-73.9712,40.7831]}},{"type":"Feature","id":"nyc_permitted_event_316723","properties":{"city_id":"nyc","event_id":"nyc_permitted_event_316723","title":"Permitted civic event: Menorah Lighting","year":2017,"effective_date":"2017-01-01","date_precision":"day","category":"environment","lens":"green_space","confidence":"documented","source_ids":["bkfu-528j"],"explanation":"Permitted event/street-use record with possible temporary access, footfall, or traffic effects."},"geometry":{"type":"Point","coordinates":[-73.9712,40.7831]}},{"type":"Feature","id":"nyc_permitted_event_316786","properties":{"city_id":"nyc","event_id":"nyc_permitted_event_316786","title":"Permitted civic event: 2017 NO AMPLIFIED SOUND","year":2017,"effective_date":"2017-01-01","date_precision":"day","category":"environment","lens":"green_space","confidence":"documented","source_ids":["bkfu-528j"],"explanation":"Permitted event/street-use record with possible temporary access, footfall, or traffic effects."},"geometry":{"type":"Point","coordinates":[-73.9712,40.7831]}},{"type":"Feature","id":"nyc_permitted_event_317007","properties":{"city_id":"nyc","event_id":"nyc_permitted_event_317007","title":"Permitted civic event: Model Helicopter Flying","year":2017,"effective_date":"2017-01-01","date_precision":"day","category":"environment","lens":"green_space","confidence":"documented","source_ids":["bkfu-528j"],"explanation":"Permitted event/street-use record with possible temporary access, footfall, or traffic effects."},"geometry":{"type":"Point","coordinates":[-73.9442,40.6782]}},{"type":"Feature","id":"nyc_permitted_event_317043","properties":{"city_id":"nyc","event_id":"nyc_permitted_event_317043","title":"Permitted civic event: Menorah in the Park","year":2017,"effective_date":"2017-01-01","date_precision":"day","category":"environment","lens":"green_space","confidence":"documented","source_ids":["bkfu-528j"],"explanation":"Permitted event/street-use record with possible temporary access, footfall, or traffic effects."},"geometry":{"type":"Point","coordinates":[-73.9712,40.7831]}},{"type":"Feature","id":"nyc_permitted_event_317153","properties":{"city_id":"nyc","event_id":"nyc_permitted_event_317153","title":"Permitted civic event: Harry's Handicap","year":2017,"effective_date":"2017-01-01","date_precision":"day","category":"environment","lens":"green_space","confidence":"documented","source_ids":["bkfu-528j"],"explanation":"Permitted event/street-use record with possible temporary access, footfall, or traffic effects."},"geometry":{"type":"Point","coordinates":[-73.9442,40.6782]}},{"type":"Feature","id":"nyc_permitted_event_317378","properties":{"city_id":"nyc","event_id":"nyc_permitted_event_317378","title":"Permitted civic event: Menorah Display and lighting","year":2017,"effective_date":"2017-01-01","date_precision":"day","category":"environment","lens":"green_space","confidence":"documented","source_ids":["bkfu-528j"],"explanation":"Permitted event/street-use record with possible temporary access, footfall, or traffic effects."},"geometry":{"type":"Point","coordinates":[-73.9712,40.7831]}},{"type":"Feature","id":"nyc_permitted_event_317441","properties":{"city_id":"nyc","event_id":"nyc_permitted_event_317441","title":"Permitted civic event: 4D Gear VR Sleigh Ride","year":2017,"effective_date":"2017-01-01","date_precision":"day","category":"environment","lens":"green_space","confidence":"documented","source_ids":["bkfu-528j"],"explanation":"Permitted event/street-use record with possible temporary access, footfall, or traffic effects."},"geometry":{"type":"Point","coordinates":[-73.9712,40.7831]}},{"type":"Feature","id":"nyc_permitted_event_317527","properties":{"city_id":"nyc","event_id":"nyc_permitted_event_317527","title":"Permitted civic event: Miscellaneous","year":2017,"effective_date":"2017-01-01","date_precision":"day","category":"environment","lens":"green_space","confidence":"documented","source_ids":["bkfu-528j"],"explanation":"Permitted event/street-use record with possible temporary access, footfall, or traffic effects."},"geometry":{"type":"Point","coordinates":[-73.9712,40.7831]}},{"type":"Feature","id":"nyc_permitted_event_317811","properties":{"city_id":"nyc","event_id":"nyc_permitted_event_317811","title":"Permitted civic event: Public Menorah Lighting","year":2017,"effective_date":"2017-01-01","date_precision":"day","category":"environment","lens":"green_space","confidence":"documented","source_ids":["bkfu-528j"],"explanation":"Permitted event/street-use record with possible temporary access, footfall, or traffic effects."},"geometry":{"type":"Point","coordinates":[-73.9712,40.7831]}},{"type":"Feature","id":"nyc_permitted_event_317881","properties":{"city_id":"nyc","event_id":"nyc_permitted_event_317881","title":"Permitted civic event: Marriage Proposal","year":2017,"effective_date":"2017-01-01","date_precision":"day","category":"environment","lens":"green_space","confidence":"documented","source_ids":["bkfu-528j"],"explanation":"Permitted event/street-use record with possible temporary access, footfall, or traffic effects."},"geometry":{"type":"Point","coordinates":[-73.9712,40.7831]}},{"type":"Feature","id":"nyc_permitted_event_317949","properties":{"city_id":"nyc","event_id":"nyc_permitted_event_317949","title":"Permitted civic event: Celebration","year":2017,"effective_date":"2017-01-01","date_precision":"day","category":"environment","lens":"green_space","confidence":"documented","source_ids":["bkfu-528j"],"explanation":"Permitted event/street-use record with possible temporary access, footfall, or traffic effects."},"geometry":{"type":"Point","coordinates":[-73.9442,40.6782]}},{"type":"Feature","id":"nyc_permitted_event_318154","properties":{"city_id":"nyc","event_id":"nyc_permitted_event_318154","title":"Permitted civic event: Dana Center Lawn Winter Closure until 5-1-2017","year":2017,"effective_date":"2017-01-01","date_precision":"day","category":"environment","lens":"green_space","confidence":"documented","source_ids":["bkfu-528j"],"explanation":"Permitted event/street-use record with possible temporary access, footfall, or traffic effects."},"geometry":{"type":"Point","coordinates":[-73.9712,40.7831]}},{"type":"Feature","id":"nyc_permitted_event_318157","properties":{"city_id":"nyc","event_id":"nyc_permitted_event_318157","title":"Permitted civic event: Lawn outside W 100 Playground TarrWinter closure until 5-1-2017","year":2017,"effective_date":"2017-01-01","date_precision":"day","category":"environment","lens":"green_space","confidence":"documented","source_ids":["bkfu-528j"],"explanation":"Permitted event/street-use record with possible temporary access, footfall, or traffic effects."},"geometry":{"type":"Point","coordinates":[-73.9712,40.7831]}},{"type":"Feature","id":"nyc_permitted_event_318374","properties":{"city_id":"nyc","event_id":"nyc_permitted_event_318374","title":"Permitted civic event: Cedar Hill Winter Closure until 4-1-17","year":2017,"effective_date":"2017-01-01","date_precision":"day","category":"environment","lens":"green_space","confidence":"documented","source_ids":["bkfu-528j"],"explanation":"Permitted event/street-use record with possible temporary access, footfall, or traffic effects."},"geometry":{"type":"Point","coordinates":[-73.9712,40.7831]}},{"type":"Feature","id":"nyc_permitted_event_319524","properties":{"city_id":"nyc","event_id":"nyc_permitted_event_319524","title":"Permitted civic event: Virgen de la Nube","year":2017,"effective_date":"2017-01-01","date_precision":"day","category":"environment","lens":"green_space","confidence":"documented","source_ids":["bkfu-528j"],"explanation":"Permitted event/street-use record with possible temporary access, footfall, or traffic effects."},"geometry":{"type":"Point","coordinates":[-73.9442,40.6782]}},{"type":"Feature","id":"nyc_permitted_event_319539","properties":{"city_id":"nyc","event_id":"nyc_permitted_event_319539","title":"Permitted civic event: menorah at park circle","year":2017,"effective_date":"2017-01-01","date_precision":"day","category":"environment","lens":"green_space","confidence":"documented","source_ids":["bkfu-528j"],"explanation":"Permitted event/street-use record with possible temporary access, footfall, or traffic effects."},"geometry":{"type":"Point","coordinates":[-73.9442,40.6782]}},{"type":"Feature","id":"nyc_permitted_event_320147","properties":{"city_id":"nyc","event_id":"nyc_permitted_event_320147","title":"Permitted civic event: Heather Garden Tour","year":2017,"effective_date":"2017-01-01","date_precision":"day","category":"environment","lens":"green_space","confidence":"documented","source_ids":["bkfu-528j"],"explanation":"Permitted event/street-use record with possible temporary access, footfall, or traffic effects."},"geometry":{"type":"Point","coordinates":[-73.9712,40.7831]}},{"type":"Feature","id":"nyc_permitted_event_320719","properties":{"city_id":"nyc","event_id":"nyc_permitted_event_320719","title":"Permitted civic event: Nuestra Senora de La Nube","year":2017,"effective_date":"2017-01-01","date_precision":"day","category":"environment","lens":"green_space","confidence":"documented","source_ids":["bkfu-528j"],"explanation":"Permitted event/street-use record with possible temporary access, footfall, or traffic effects."},"geometry":{"type":"Point","coordinates":[-73.9712,40.7831]}},{"type":"Feature","id":"nyc_permitted_event_321864","properties":{"city_id":"nyc","event_id":"nyc_permitted_event_321864","title":"Permitted civic event: Sunday Holy Hours - January 2017","year":2017,"effective_date":"2017-01-01","date_precision":"day","category":"environment","lens":"green_space","confidence":"documented","source_ids":["bkfu-528j"],"explanation":"Permitted event/street-use record with possible temporary access, footfall, or traffic effects."},"geometry":{"type":"Point","coordinates":[-73.7949,40.7282]}},{"type":"Feature","id":"nyc_permitted_event_322965","properties":{"city_id":"nyc","event_id":"nyc_permitted_event_322965","title":"Permitted civic event: Open Run - Crotona Park","year":2017,"effective_date":"2017-01-01","date_precision":"day","category":"environment","lens":"green_space","confidence":"documented","source_ids":["bkfu-528j"],"explanation":"Permitted event/street-use record with possible temporary access, footfall, or traffic effects."},"geometry":{"type":"Point","coordinates":[-73.8648,40.8448]}},{"type":"Feature","id":"nyc_permitted_event_322968","properties":{"city_id":"nyc","event_id":"nyc_permitted_event_322968","title":"Permitted civic event: Open Run - Marine Park","year":2017,"effective_date":"2017-01-01","date_precision":"day","category":"environment","lens":"green_space","confidence":"documented","source_ids":["bkfu-528j"],"explanation":"Permitted event/street-use record with possible temporary access, footfall, or traffic effects."},"geometry":{"type":"Point","coordinates":[-73.9442,40.6782]}},{"type":"Feature","id":"nyc_permitted_event_322970","properties":{"city_id":"nyc","event_id":"nyc_permitted_event_322970","title":"Permitted civic event: Open Run - Conference House Park","year":2017,"effective_date":"2017-01-01","date_precision":"day","category":"environment","lens":"green_space","confidence":"documented","source_ids":["bkfu-528j"],"explanation":"Permitted event/street-use record with possible temporary access, footfall, or traffic effects."},"geometry":{"type":"Point","coordinates":[-74.1502,40.5795]}},{"type":"Feature","id":"nyc_permitted_event_322985","properties":{"city_id":"nyc","event_id":"nyc_permitted_event_322985","title":"Permitted civic event: Miscellaneous","year":2017,"effective_date":"2017-01-01","date_precision":"day","category":"environment","lens":"green_space","confidence":"documented","source_ids":["bkfu-528j"],"explanation":"Permitted event/street-use record with possible temporary access, footfall, or traffic effects."},"geometry":{"type":"Point","coordinates":[-73.7949,40.7282]}},{"type":"Feature","id":"nyc_permitted_event_323308","properties":{"city_id":"nyc","event_id":"nyc_permitted_event_323308","title":"Permitted civic event: Miscellaneous","year":2017,"effective_date":"2017-01-01","date_precision":"day","category":"environment","lens":"green_space","confidence":"documented","source_ids":["bkfu-528j"],"explanation":"Permitted event/street-use record with possible temporary access, footfall, or traffic effects."},"geometry":{"type":"Point","coordinates":[-73.9712,40.7831]}},{"type":"Feature","id":"nyc_permitted_event_323571","properties":{"city_id":"nyc","event_id":"nyc_permitted_event_323571","title":"Permitted civic event: Model Aircraft Flying January 2017","year":2017,"effective_date":"2017-01-01","date_precision":"day","category":"environment","lens":"green_space","confidence":"documented","source_ids":["bkfu-528j"],"explanation":"Permitted event/street-use record with possible temporary access, footfall, or traffic effects."},"geometry":{"type":"Point","coordinates":[-74.1502,40.5795]}},{"type":"Feature","id":"nyc_permitted_event_324194","properties":{"city_id":"nyc","event_id":"nyc_permitted_event_324194","title":"Permitted civic event: Virgen de la Nube","year":2017,"effective_date":"2017-01-01","date_precision":"day","category":"environment","lens":"green_space","confidence":"documented","source_ids":["bkfu-528j"],"explanation":"Permitted event/street-use record with possible temporary access, footfall, or traffic effects."},"geometry":{"type":"Point","coordinates":[-73.8648,40.8448]}},{"type":"Feature","id":"nyc_permitted_event_365144","properties":{"city_id":"nyc","event_id":"nyc_permitted_event_365144","title":"Permitted civic event: Flying Radio Controled Model Planes at field","year":2017,"effective_date":"2017-01-01","date_precision":"day","category":"environment","lens":"green_space","confidence":"documented","source_ids":["bkfu-528j"],"explanation":"Permitted event/street-use record with possible temporary access, footfall, or traffic effects."},"geometry":{"type":"Point","coordinates":[-73.9442,40.6782]}},{"type":"Feature","id":"nyc_street_network_change_102-ave-van-wyck-epwy-srv-rd-allendale-st-2017-09-22-one-way-conversion-eb","properties":{"city_id":"nyc","event_id":"nyc_street_network_change_102-ave-van-wyck-epwy-srv-rd-allendale-st-2017-09-22-one-way-conversion-eb","title":"Street network change: One-way Conversion on 102 Ave, Queens","year":2017,"effective_date":"2017-09-22","date_precision":"day","category":"transport","lens":"traffic","confidence":"documented","source_ids":["as9z-kwsh"],"explanation":"NYC DOT records a completed street network change on 102 Ave."},"geometry":{"type":"Point","coordinates":[-73.7949,40.7282]}},{"type":"Feature","id":"nyc_street_network_change_104-ave-van-wyck-epwy-srv-rd-remington-st-2017-09-26-one-way-conversion-eb","properties":{"city_id":"nyc","event_id":"nyc_street_network_change_104-ave-van-wyck-epwy-srv-rd-remington-st-2017-09-26-one-way-conversion-eb","title":"Street network change: One-way Conversion on 104 Ave, Queens","year":2017,"effective_date":"2017-09-26","date_precision":"day","category":"transport","lens":"traffic","confidence":"documented","source_ids":["as9z-kwsh"],"explanation":"NYC DOT records a completed street network change on 104 Ave."},"geometry":{"type":"Point","coordinates":[-73.7949,40.7282]}},{"type":"Feature","id":"nyc_street_network_change_105-ave-inwood-st-remington-st-2017-09-26-one-way-conversion-wb","properties":{"city_id":"nyc","event_id":"nyc_street_network_change_105-ave-inwood-st-remington-st-2017-09-26-one-way-conversion-wb","title":"Street network change: One-way Conversion on 105 Ave, Queens","year":2017,"effective_date":"2017-09-26","date_precision":"day","category":"transport","lens":"traffic","confidence":"documented","source_ids":["as9z-kwsh"],"explanation":"NYC DOT records a completed street network change on 105 Ave."},"geometry":{"type":"Point","coordinates":[-73.7949,40.7282]}},{"type":"Feature","id":"nyc_street_network_change_106-ave-pinegrove-st-inwood-st-2017-09-26-one-way-conversion-eb","properties":{"city_id":"nyc","event_id":"nyc_street_network_change_106-ave-pinegrove-st-inwood-st-2017-09-26-one-way-conversion-eb","title":"Street network change: One-way Conversion on 106 Ave, Queens","year":2017,"effective_date":"2017-09-26","date_precision":"day","category":"transport","lens":"traffic","confidence":"documented","source_ids":["as9z-kwsh"],"explanation":"NYC DOT records a completed street network change on 106 Ave."},"geometry":{"type":"Point","coordinates":[-73.7949,40.7282]}},{"type":"Feature","id":"nyc_street_network_change_117-rd-farmers-blvd-192-st-2017-06-08-one-way-conversion-eb","properties":{"city_id":"nyc","event_id":"nyc_street_network_change_117-rd-farmers-blvd-192-st-2017-06-08-one-way-conversion-eb","title":"Street network change: One-way Conversion on 117 Rd, Queens","year":2017,"effective_date":"2017-06-08","date_precision":"day","category":"transport","lens":"traffic","confidence":"documented","source_ids":["as9z-kwsh"],"explanation":"NYC DOT records a completed street network change on 117 Rd."},"geometry":{"type":"Point","coordinates":[-73.7949,40.7282]}},{"type":"Feature","id":"nyc_street_network_change_120-st-28-ave-30-ave-2017-05-10-one-way-conversion-sb","properties":{"city_id":"nyc","event_id":"nyc_street_network_change_120-st-28-ave-30-ave-2017-05-10-one-way-conversion-sb","title":"Street network change: One-way Conversion on 120 St, Queens","year":2017,"effective_date":"2017-05-10","date_precision":"day","category":"transport","lens":"traffic","confidence":"documented","source_ids":["as9z-kwsh"],"explanation":"NYC DOT records a completed street network change on 120 St."},"geometry":{"type":"Point","coordinates":[-73.7949,40.7282]}},{"type":"Feature","id":"nyc_street_network_change_160-st-goethals-ave-union-tkpe-2017-05-23-one-way-conversion-nb","properties":{"city_id":"nyc","event_id":"nyc_street_network_change_160-st-goethals-ave-union-tkpe-2017-05-23-one-way-conversion-nb","title":"Street network change: One-way Conversion on 160 St, Queens","year":2017,"effective_date":"2017-05-23","date_precision":"day","category":"transport","lens":"traffic","confidence":"documented","source_ids":["as9z-kwsh"],"explanation":"NYC DOT records a completed street network change on 160 St."},"geometry":{"type":"Point","coordinates":[-73.7949,40.7282]}},{"type":"Feature","id":"nyc_street_network_change_202-st-53-ave-56-ave-2017-07-13-one-way-conversion-sb","properties":{"city_id":"nyc","event_id":"nyc_street_network_change_202-st-53-ave-56-ave-2017-07-13-one-way-conversion-sb","title":"Street network change: One-way Conversion on 202 St, Queens","year":2017,"effective_date":"2017-07-13","date_precision":"day","category":"transport","lens":"traffic","confidence":"documented","source_ids":["as9z-kwsh"],"explanation":"NYC DOT records a completed street network change on 202 St."},"geometry":{"type":"Point","coordinates":[-73.7949,40.7282]}},{"type":"Feature","id":"nyc_street_network_change_21-ave-166-st-163-st-2017-04-11-one-way-conversion-eb","properties":{"city_id":"nyc","event_id":"nyc_street_network_change_21-ave-166-st-163-st-2017-04-11-one-way-conversion-eb","title":"Street network change: One-way Conversion on 21 Ave, Queens","year":2017,"effective_date":"2017-04-11","date_precision":"day","category":"transport","lens":"traffic","confidence":"documented","source_ids":["as9z-kwsh"],"explanation":"NYC DOT records a completed street network change on 21 Ave."},"geometry":{"type":"Point","coordinates":[-73.7949,40.7282]}},{"type":"Feature","id":"nyc_street_network_change_21-rd-166-st-francis-lewis-blvd-2017-04-11-one-way-conversion-wb","properties":{"city_id":"nyc","event_id":"nyc_street_network_change_21-rd-166-st-francis-lewis-blvd-2017-04-11-one-way-conversion-wb","title":"Street network change: One-way Conversion on 21 Rd, Queens","year":2017,"effective_date":"2017-04-11","date_precision":"day","category":"transport","lens":"traffic","confidence":"documented","source_ids":["as9z-kwsh"],"explanation":"NYC DOT records a completed street network change on 21 Rd."},"geometry":{"type":"Point","coordinates":[-73.7949,40.7282]}},{"type":"Feature","id":"nyc_street_network_change_256-st-82-ave-81-ave-2017-07-11-one-way-conversion-nb","properties":{"city_id":"nyc","event_id":"nyc_street_network_change_256-st-82-ave-81-ave-2017-07-11-one-way-conversion-nb","title":"Street network change: One-way Conversion on 256 St, Queens","year":2017,"effective_date":"2017-07-11","date_precision":"day","category":"transport","lens":"traffic","confidence":"documented","source_ids":["as9z-kwsh"],"explanation":"NYC DOT records a completed street network change on 256 St."},"geometry":{"type":"Point","coordinates":[-73.7949,40.7282]}},{"type":"Feature","id":"nyc_street_network_change_257-st-81-ave-83-ave-2017-07-11-one-way-conversion-sb","properties":{"city_id":"nyc","event_id":"nyc_street_network_change_257-st-81-ave-83-ave-2017-07-11-one-way-conversion-sb","title":"Street network change: One-way Conversion on 257 St, Queens","year":2017,"effective_date":"2017-07-11","date_precision":"day","category":"transport","lens":"traffic","confidence":"documented","source_ids":["as9z-kwsh"],"explanation":"NYC DOT records a completed street network change on 257 St."},"geometry":{"type":"Point","coordinates":[-73.7949,40.7282]}},{"type":"Feature","id":"nyc_street_network_change_28-ave-122-st-120-st-2017-05-10-one-way-conversion-wb","properties":{"city_id":"nyc","event_id":"nyc_street_network_change_28-ave-122-st-120-st-2017-05-10-one-way-conversion-wb","title":"Street network change: One-way Conversion on 28 Ave, Queens","year":2017,"effective_date":"2017-05-10","date_precision":"day","category":"transport","lens":"traffic","confidence":"documented","source_ids":["as9z-kwsh"],"explanation":"NYC DOT records a completed street network change on 28 Ave."},"geometry":{"type":"Point","coordinates":[-73.7949,40.7282]}},{"type":"Feature","id":"nyc_street_network_change_29-ave-120-st-122-st-2017-05-10-one-way-conversion-eb","properties":{"city_id":"nyc","event_id":"nyc_street_network_change_29-ave-120-st-122-st-2017-05-10-one-way-conversion-eb","title":"Street network change: One-way Conversion on 29 Ave, Queens","year":2017,"effective_date":"2017-05-10","date_precision":"day","category":"transport","lens":"traffic","confidence":"documented","source_ids":["as9z-kwsh"],"explanation":"NYC DOT records a completed street network change on 29 Ave."},"geometry":{"type":"Point","coordinates":[-73.7949,40.7282]}},{"type":"Feature","id":"nyc_street_network_change_36-st-hunters-point-ave-48-ave-2017-06-28-one-way-reversal-nb","properties":{"city_id":"nyc","event_id":"nyc_street_network_change_36-st-hunters-point-ave-48-ave-2017-06-28-one-way-reversal-nb","title":"Street network change: One-way Reversal on 36 St, Queens","year":2017,"effective_date":"2017-06-28","date_precision":"day","category":"transport","lens":"traffic","confidence":"documented","source_ids":["as9z-kwsh"],"explanation":"NYC DOT records a completed street network change on 36 St."},"geometry":{"type":"Point","coordinates":[-73.7949,40.7282]}},{"type":"Feature","id":"nyc_street_network_change_54-ave-69-st-71-st-2017-11-11-one-way-conversion-eb","properties":{"city_id":"nyc","event_id":"nyc_street_network_change_54-ave-69-st-71-st-2017-11-11-one-way-conversion-eb","title":"Street network change: One-way Conversion on 54 Ave, Queens","year":2017,"effective_date":"2017-11-11","date_precision":"day","category":"transport","lens":"traffic","confidence":"documented","source_ids":["as9z-kwsh"],"explanation":"NYC DOT records a completed street network change on 54 Ave."},"geometry":{"type":"Point","coordinates":[-73.7949,40.7282]}},{"type":"Feature","id":"nyc_street_network_change_76-st-45-ave-47-ave-2017-05-18-one-way-conversion-sb","properties":{"city_id":"nyc","event_id":"nyc_street_network_change_76-st-45-ave-47-ave-2017-05-18-one-way-conversion-sb","title":"Street network change: One-way Conversion on 76 St, Queens","year":2017,"effective_date":"2017-05-18","date_precision":"day","category":"transport","lens":"traffic","confidence":"documented","source_ids":["as9z-kwsh"],"explanation":"NYC DOT records a completed street network change on 76 St."},"geometry":{"type":"Point","coordinates":[-73.7949,40.7282]}},{"type":"Feature","id":"nyc_street_network_change_89-ave-191-st-181-st-2017-10-17-one-way-conversion-wb","properties":{"city_id":"nyc","event_id":"nyc_street_network_change_89-ave-191-st-181-st-2017-10-17-one-way-conversion-wb","title":"Street network change: One-way Conversion on 89 Ave, Queens","year":2017,"effective_date":"2017-10-17","date_precision":"day","category":"transport","lens":"traffic","confidence":"documented","source_ids":["as9z-kwsh"],"explanation":"NYC DOT records a completed street network change on 89 Ave."},"geometry":{"type":"Point","coordinates":[-73.7949,40.7282]}},{"type":"Feature","id":"nyc_street_network_change_90-ave-187-st-191-st-2017-10-07-one-way-conversion-eb","properties":{"city_id":"nyc","event_id":"nyc_street_network_change_90-ave-187-st-191-st-2017-10-07-one-way-conversion-eb","title":"Street network change: One-way Conversion on 90 Ave, Queens","year":2017,"effective_date":"2017-10-07","date_precision":"day","category":"transport","lens":"traffic","confidence":"documented","source_ids":["as9z-kwsh"],"explanation":"NYC DOT records a completed street network change on 90 Ave."},"geometry":{"type":"Point","coordinates":[-73.7949,40.7282]}},{"type":"Feature","id":"nyc_street_network_change_97-ave-lefferts-blvd-117-st-2017-04-27-one-way-conversion-wb","properties":{"city_id":"nyc","event_id":"nyc_street_network_change_97-ave-lefferts-blvd-117-st-2017-04-27-one-way-conversion-wb","title":"Street network change: One-way Conversion on 97 Ave, Queens","year":2017,"effective_date":"2017-04-27","date_precision":"day","category":"transport","lens":"traffic","confidence":"documented","source_ids":["as9z-kwsh"],"explanation":"NYC DOT records a completed street network change on 97 Ave."},"geometry":{"type":"Point","coordinates":[-73.7949,40.7282]}},{"type":"Feature","id":"nyc_street_network_change_allendale-st-102-ave-95-ave-2017-09-21-one-way-conversion-nb","properties":{"city_id":"nyc","event_id":"nyc_street_network_change_allendale-st-102-ave-95-ave-2017-09-21-one-way-conversion-nb","title":"Street network change: One-way Conversion on Allendale St, Queens","year":2017,"effective_date":"2017-09-21","date_precision":"day","category":"transport","lens":"traffic","confidence":"documented","source_ids":["as9z-kwsh"],"explanation":"NYC DOT records a completed street network change on Allendale St."},"geometry":{"type":"Point","coordinates":[-73.7949,40.7282]}},{"type":"Feature","id":"nyc_street_network_change_brisbin-st-95-ave-liberty-ave-2017-09-21-one-way-conversion-sb","properties":{"city_id":"nyc","event_id":"nyc_street_network_change_brisbin-st-95-ave-liberty-ave-2017-09-21-one-way-conversion-sb","title":"Street network change: One-way Conversion on Brisbin St, Queens","year":2017,"effective_date":"2017-09-21","date_precision":"day","category":"transport","lens":"traffic","confidence":"documented","source_ids":["as9z-kwsh"],"explanation":"NYC DOT records a completed street network change on Brisbin St."},"geometry":{"type":"Point","coordinates":[-73.7949,40.7282]}},{"type":"Feature","id":"nyc_street_network_change_camp-rd-beach-22nd-st-edgemere-ave-2017-06-20-one-way-conversion-wb","properties":{"city_id":"nyc","event_id":"nyc_street_network_change_camp-rd-beach-22nd-st-edgemere-ave-2017-06-20-one-way-conversion-wb","title":"Street network change: One-way Conversion on Camp Rd, Queens","year":2017,"effective_date":"2017-06-20","date_precision":"day","category":"transport","lens":"traffic","confidence":"documented","source_ids":["as9z-kwsh"],"explanation":"NYC DOT records a completed street network change on Camp Rd."},"geometry":{"type":"Point","coordinates":[-73.7949,40.7282]}},{"type":"Feature","id":"nyc_street_network_change_cobek-ct-shell-rd-w-3-st-2017-10-11-one-way-conversion-wb","properties":{"city_id":"nyc","event_id":"nyc_street_network_change_cobek-ct-shell-rd-w-3-st-2017-10-11-one-way-conversion-wb","title":"Street network change: One-way Conversion on Cobek Ct, Brooklyn","year":2017,"effective_date":"2017-10-11","date_precision":"day","category":"transport","lens":"traffic","confidence":"documented","source_ids":["as9z-kwsh"],"explanation":"NYC DOT records a completed street network change on Cobek Ct."},"geometry":{"type":"Point","coordinates":[-73.9442,40.6782]}},{"type":"Feature","id":"nyc_street_network_change_conklin-ave-rockaway-pkwy-remsen-ave-2017-04-25-one-way-reversal-wb","properties":{"city_id":"nyc","event_id":"nyc_street_network_change_conklin-ave-rockaway-pkwy-remsen-ave-2017-04-25-one-way-reversal-wb","title":"Street network change: One-way Reversal on Conklin Ave, Brooklyn","year":2017,"effective_date":"2017-04-25","date_precision":"day","category":"transport","lens":"traffic","confidence":"documented","source_ids":["as9z-kwsh"],"explanation":"NYC DOT records a completed street network change on Conklin Ave."},"geometry":{"type":"Point","coordinates":[-73.9442,40.6782]}},{"type":"Feature","id":"nyc_street_network_change_crescent-st-43-ave-42-rd-2017-10-31-one-way-conversion-sb","properties":{"city_id":"nyc","event_id":"nyc_street_network_change_crescent-st-43-ave-42-rd-2017-10-31-one-way-conversion-sb","title":"Street network change: One-way Conversion on Crescent St, Queens","year":2017,"effective_date":"2017-10-31","date_precision":"day","category":"transport","lens":"traffic","confidence":"documented","source_ids":["as9z-kwsh"],"explanation":"NYC DOT records a completed street network change on Crescent St."},"geometry":{"type":"Point","coordinates":[-73.7949,40.7282]}},{"type":"Feature","id":"nyc_street_network_change_cresskill-pl-101-ave-95-ave-2017-09-23-one-way-conversion-nb","properties":{"city_id":"nyc","event_id":"nyc_street_network_change_cresskill-pl-101-ave-95-ave-2017-09-23-one-way-conversion-nb","title":"Street network change: One-way Conversion on Cresskill Pl, Queens","year":2017,"effective_date":"2017-09-23","date_precision":"day","category":"transport","lens":"traffic","confidence":"documented","source_ids":["as9z-kwsh"],"explanation":"NYC DOT records a completed street network change on Cresskill Pl."},"geometry":{"type":"Point","coordinates":[-73.7949,40.7282]}},{"type":"Feature","id":"nyc_street_network_change_croydon-rd-edgerton-blvd-charlecote-ridge-2017-09-19-two-way-conversion-eb-wb","properties":{"city_id":"nyc","event_id":"nyc_street_network_change_croydon-rd-edgerton-blvd-charlecote-ridge-2017-09-19-two-way-conversion-eb-wb","title":"Street network change: Two-way Conversion on Croydon Rd, Queens","year":2017,"effective_date":"2017-09-19","date_precision":"day","category":"transport","lens":"traffic","confidence":"documented","source_ids":["as9z-kwsh"],"explanation":"NYC DOT records a completed street network change on Croydon Rd."},"geometry":{"type":"Point","coordinates":[-73.7949,40.7282]}},{"type":"Feature","id":"nyc_street_network_change_dunham-pl-s-6-st-bway-2017-05-02-one-way-conversion-sb","properties":{"city_id":"nyc","event_id":"nyc_street_network_change_dunham-pl-s-6-st-bway-2017-05-02-one-way-conversion-sb","title":"Street network change: One-way Conversion on Dunham Pl, Brooklyn","year":2017,"effective_date":"2017-05-02","date_precision":"day","category":"transport","lens":"traffic","confidence":"documented","source_ids":["as9z-kwsh"],"explanation":"NYC DOT records a completed street network change on Dunham Pl."},"geometry":{"type":"Point","coordinates":[-73.9442,40.6782]}},{"type":"Feature","id":"nyc_street_network_change_e-140-st-bruckner-blvd-walnut-ave-2017-08-26-one-way-conversion-eb","properties":{"city_id":"nyc","event_id":"nyc_street_network_change_e-140-st-bruckner-blvd-walnut-ave-2017-08-26-one-way-conversion-eb","title":"Street network change: One-way Conversion on E 140 St, Bronx","year":2017,"effective_date":"2017-08-26","date_precision":"day","category":"transport","lens":"traffic","confidence":"documented","source_ids":["as9z-kwsh"],"explanation":"NYC DOT records a completed street network change on E 140 St."},"geometry":{"type":"Point","coordinates":[-73.8648,40.8448]}},{"type":"Feature","id":"nyc_street_network_change_e-187-st-webster-ave-marion-ave-2017-08-24-one-way-conversion-wb","properties":{"city_id":"nyc","event_id":"nyc_street_network_change_e-187-st-webster-ave-marion-ave-2017-08-24-one-way-conversion-wb","title":"Street network change: One-way Conversion on E 187 St, Bronx","year":2017,"effective_date":"2017-08-24","date_precision":"day","category":"transport","lens":"traffic","confidence":"documented","source_ids":["as9z-kwsh"],"explanation":"NYC DOT records a completed street network change on E 187 St."},"geometry":{"type":"Point","coordinates":[-73.8648,40.8448]}},{"type":"Feature","id":"nyc_street_network_change_e-187-st-webster-ave-park-ave-2017-08-24-one-way-conversion-eb","properties":{"city_id":"nyc","event_id":"nyc_street_network_change_e-187-st-webster-ave-park-ave-2017-08-24-one-way-conversion-eb","title":"Street network change: One-way Conversion on E 187 St, Bronx","year":2017,"effective_date":"2017-08-24","date_precision":"day","category":"transport","lens":"traffic","confidence":"documented","source_ids":["as9z-kwsh"],"explanation":"NYC DOT records a completed street network change on E 187 St."},"geometry":{"type":"Point","coordinates":[-73.8648,40.8448]}},{"type":"Feature","id":"nyc_street_network_change_edgemere-ave-camp-rd-ferndale-pl-2017-06-20-one-way-conversion-eb","properties":{"city_id":"nyc","event_id":"nyc_street_network_change_edgemere-ave-camp-rd-ferndale-pl-2017-06-20-one-way-conversion-eb","title":"Street network change: One-way Conversion on Edgemere Ave, Queens","year":2017,"effective_date":"2017-06-20","date_precision":"day","category":"transport","lens":"traffic","confidence":"documented","source_ids":["as9z-kwsh"],"explanation":"NYC DOT records a completed street network change on Edgemere Ave."},"geometry":{"type":"Point","coordinates":[-73.7949,40.7282]}},{"type":"Feature","id":"nyc_street_network_change_junius-st-new-lots-ave-linden-blvd-2017-08-03-one-way-conversion-sb","properties":{"city_id":"nyc","event_id":"nyc_street_network_change_junius-st-new-lots-ave-linden-blvd-2017-08-03-one-way-conversion-sb","title":"Street network change: One-way Conversion on Junius St, Brooklyn","year":2017,"effective_date":"2017-08-03","date_precision":"day","category":"transport","lens":"traffic","confidence":"documented","source_ids":["as9z-kwsh"],"explanation":"NYC DOT records a completed street network change on Junius St."},"geometry":{"type":"Point","coordinates":[-73.9442,40.6782]}},{"type":"Feature","id":"nyc_street_network_change_lewis-ave-103-st-100-st-2017-04-20-one-way-conversion-wb","properties":{"city_id":"nyc","event_id":"nyc_street_network_change_lewis-ave-103-st-100-st-2017-04-20-one-way-conversion-wb","title":"Street network change: One-way Conversion on Lewis Ave, Queens","year":2017,"effective_date":"2017-04-20","date_precision":"day","category":"transport","lens":"traffic","confidence":"documented","source_ids":["as9z-kwsh"],"explanation":"NYC DOT records a completed street network change on Lewis Ave."},"geometry":{"type":"Point","coordinates":[-73.7949,40.7282]}},{"type":"Feature","id":"nyc_street_network_change_liverpool-st-95-ave-101-ave-2017-09-21-one-way-conversion-sb","properties":{"city_id":"nyc","event_id":"nyc_street_network_change_liverpool-st-95-ave-101-ave-2017-09-21-one-way-conversion-sb","title":"Street network change: One-way Conversion on Liverpool St, Queens","year":2017,"effective_date":"2017-09-21","date_precision":"day","category":"transport","lens":"traffic","confidence":"documented","source_ids":["as9z-kwsh"],"explanation":"NYC DOT records a completed street network change on Liverpool St."},"geometry":{"type":"Point","coordinates":[-73.7949,40.7282]}},{"type":"Feature","id":"nyc_street_network_change_lloyd-rd-liberty-ave-van-wyck-epwy-srv-rd-2017-09-22-one-way-conversion-wb","properties":{"city_id":"nyc","event_id":"nyc_street_network_change_lloyd-rd-liberty-ave-van-wyck-epwy-srv-rd-2017-09-22-one-way-conversion-wb","title":"Street network change: One-way Conversion on Lloyd Rd, Queens","year":2017,"effective_date":"2017-09-22","date_precision":"day","category":"transport","lens":"traffic","confidence":"documented","source_ids":["as9z-kwsh"],"explanation":"NYC DOT records a completed street network change on Lloyd Rd."},"geometry":{"type":"Point","coordinates":[-73.7949,40.7282]}},{"type":"Feature","id":"nyc_street_network_change_lucas-street-122-120-ave-2017-07-18-one-way-conversion-nb","properties":{"city_id":"nyc","event_id":"nyc_street_network_change_lucas-street-122-120-ave-2017-07-18-one-way-conversion-nb","title":"Street network change: One-way Conversion on Lucas Street, Queens","year":2017,"effective_date":"2017-07-18","date_precision":"day","category":"transport","lens":"traffic","confidence":"documented","source_ids":["as9z-kwsh"],"explanation":"NYC DOT records a completed street network change on Lucas Street."},"geometry":{"type":"Point","coordinates":[-73.7949,40.7282]}},{"type":"Feature","id":"nyc_street_network_change_remington-st-liberty-ave-95-ave-2017-09-22-one-way-conversion-nb","properties":{"city_id":"nyc","event_id":"nyc_street_network_change_remington-st-liberty-ave-95-ave-2017-09-22-one-way-conversion-nb","title":"Street network change: One-way Conversion on Remington St, Queens","year":2017,"effective_date":"2017-09-22","date_precision":"day","category":"transport","lens":"traffic","confidence":"documented","source_ids":["as9z-kwsh"],"explanation":"NYC DOT records a completed street network change on Remington St."},"geometry":{"type":"Point","coordinates":[-73.7949,40.7282]}},{"type":"Feature","id":"nyc_street_network_change_sanders-pl-97-ave-101-ave-2017-09-23-one-way-conversion-sb","properties":{"city_id":"nyc","event_id":"nyc_street_network_change_sanders-pl-97-ave-101-ave-2017-09-23-one-way-conversion-sb","title":"Street network change: One-way Conversion on Sanders Pl, Queens","year":2017,"effective_date":"2017-09-23","date_precision":"day","category":"transport","lens":"traffic","confidence":"documented","source_ids":["as9z-kwsh"],"explanation":"NYC DOT records a completed street network change on Sanders Pl."},"geometry":{"type":"Point","coordinates":[-73.7949,40.7282]}},{"type":"Feature","id":"nyc_street_network_change_seminole-st-stillwell-ave-eastchester-rd-2017-05-06-one-way-conversion-eb","properties":{"city_id":"nyc","event_id":"nyc_street_network_change_seminole-st-stillwell-ave-eastchester-rd-2017-05-06-one-way-conversion-eb","title":"Street network change: One-way Conversion on Seminole St, Bronx","year":2017,"effective_date":"2017-05-06","date_precision":"day","category":"transport","lens":"traffic","confidence":"documented","source_ids":["as9z-kwsh"],"explanation":"NYC DOT records a completed street network change on Seminole St."},"geometry":{"type":"Point","coordinates":[-73.8648,40.8448]}},{"type":"Feature","id":"nyc_street_network_change_w-211-st-10-avenue-bway-2017-07-29-one-way-reversal-wb","properties":{"city_id":"nyc","event_id":"nyc_street_network_change_w-211-st-10-avenue-bway-2017-07-29-one-way-reversal-wb","title":"Street network change: One-way Reversal on W 211 St, Manhattan","year":2017,"effective_date":"2017-07-29","date_precision":"day","category":"transport","lens":"traffic","confidence":"documented","source_ids":["as9z-kwsh"],"explanation":"NYC DOT records a completed street network change on W 211 St."},"geometry":{"type":"Point","coordinates":[-73.9712,40.7831]}},{"type":"Feature","id":"nyc_street_network_change_waltham-st-101-ave-95-ave-2017-09-21-one-way-conversion-nb","properties":{"city_id":"nyc","event_id":"nyc_street_network_change_waltham-st-101-ave-95-ave-2017-09-21-one-way-conversion-nb","title":"Street network change: One-way Conversion on Waltham St, Queens","year":2017,"effective_date":"2017-09-21","date_precision":"day","category":"transport","lens":"traffic","confidence":"documented","source_ids":["as9z-kwsh"],"explanation":"NYC DOT records a completed street network change on Waltham St."},"geometry":{"type":"Point","coordinates":[-73.7949,40.7282]}},{"type":"Feature","id":"nyc_street_permit_legacy_b012017001a00","properties":{"city_id":"nyc","event_id":"nyc_street_permit_legacy_b012017001a00","title":"Legacy street construction permit: SOUTH 1 STREET, BROOKLYN","year":2017,"effective_date":"2017-01-01","date_precision":"day","category":"transport","lens":"traffic","confidence":"documented","source_ids":["c9sj-fmsg"],"explanation":"Street/right-of-way work permit affecting SOUTH 1 STREET in BROOKLYN."},"geometry":{"type":"Point","coordinates":[-73.9442,40.6782]}},{"type":"Feature","id":"nyc_street_permit_legacy_b012017001a02","properties":{"city_id":"nyc","event_id":"nyc_street_permit_legacy_b012017001a02","title":"Legacy street construction permit: WYTHE AVENUE, BROOKLYN","year":2017,"effective_date":"2017-01-01","date_precision":"day","category":"transport","lens":"traffic","confidence":"documented","source_ids":["c9sj-fmsg"],"explanation":"Street/right-of-way work permit affecting WYTHE AVENUE in BROOKLYN."},"geometry":{"type":"Point","coordinates":[-73.9442,40.6782]}},{"type":"Feature","id":"nyc_street_permit_legacy_b012017002a00","properties":{"city_id":"nyc","event_id":"nyc_street_permit_legacy_b012017002a00","title":"Legacy street construction permit: ROGERS AVENUE, BROOKLYN","year":2017,"effective_date":"2017-01-02","date_precision":"day","category":"transport","lens":"traffic","confidence":"documented","source_ids":["c9sj-fmsg"],"explanation":"Street/right-of-way work permit affecting ROGERS AVENUE in BROOKLYN."},"geometry":{"type":"Point","coordinates":[-73.9442,40.6782]}},{"type":"Feature","id":"nyc_street_permit_legacy_b022017001a00","properties":{"city_id":"nyc","event_id":"nyc_street_permit_legacy_b022017001a00","title":"Legacy street construction permit: WYTHE AVENUE, BROOKLYN","year":2017,"effective_date":"2017-01-01","date_precision":"day","category":"transport","lens":"traffic","confidence":"documented","source_ids":["c9sj-fmsg"],"explanation":"Street/right-of-way work permit affecting WYTHE AVENUE in BROOKLYN."},"geometry":{"type":"Point","coordinates":[-73.9442,40.6782]}},{"type":"Feature","id":"nyc_street_permit_legacy_b022017001a01","properties":{"city_id":"nyc","event_id":"nyc_street_permit_legacy_b022017001a01","title":"Legacy street construction permit: WYTHE AVENUE, BROOKLYN","year":2017,"effective_date":"2017-01-01","date_precision":"day","category":"transport","lens":"traffic","confidence":"documented","source_ids":["c9sj-fmsg"],"explanation":"Street/right-of-way work permit affecting WYTHE AVENUE in BROOKLYN."},"geometry":{"type":"Point","coordinates":[-73.9442,40.6782]}},{"type":"Feature","id":"nyc_street_permit_legacy_b022017001a02","properties":{"city_id":"nyc","event_id":"nyc_street_permit_legacy_b022017001a02","title":"Legacy street construction permit: WYTHE AVENUE, BROOKLYN","year":2017,"effective_date":"2017-01-01","date_precision":"day","category":"transport","lens":"traffic","confidence":"documented","source_ids":["c9sj-fmsg"],"explanation":"Street/right-of-way work permit affecting WYTHE AVENUE in BROOKLYN."},"geometry":{"type":"Point","coordinates":[-73.9442,40.6782]}},{"type":"Feature","id":"nyc_street_permit_legacy_b022017001a03","properties":{"city_id":"nyc","event_id":"nyc_street_permit_legacy_b022017001a03","title":"Legacy street construction permit: WYTHE AVENUE, BROOKLYN","year":2017,"effective_date":"2017-01-01","date_precision":"day","category":"transport","lens":"traffic","confidence":"documented","source_ids":["c9sj-fmsg"],"explanation":"Street/right-of-way work permit affecting WYTHE AVENUE in BROOKLYN."},"geometry":{"type":"Point","coordinates":[-73.9442,40.6782]}},{"type":"Feature","id":"nyc_street_permit_legacy_b022017001a04","properties":{"city_id":"nyc","event_id":"nyc_street_permit_legacy_b022017001a04","title":"Legacy street construction permit: WYTHE AVENUE, BROOKLYN","year":2017,"effective_date":"2017-01-01","date_precision":"day","category":"transport","lens":"traffic","confidence":"documented","source_ids":["c9sj-fmsg"],"explanation":"Street/right-of-way work permit affecting WYTHE AVENUE in BROOKLYN."},"geometry":{"type":"Point","coordinates":[-73.9442,40.6782]}},{"type":"Feature","id":"nyc_street_permit_legacy_b022017001a05","properties":{"city_id":"nyc","event_id":"nyc_street_permit_legacy_b022017001a05","title":"Legacy street construction permit: WYTHE AVENUE, BROOKLYN","year":2017,"effective_date":"2017-01-01","date_precision":"day","category":"transport","lens":"traffic","confidence":"documented","source_ids":["c9sj-fmsg"],"explanation":"Street/right-of-way work permit affecting WYTHE AVENUE in BROOKLYN."},"geometry":{"type":"Point","coordinates":[-73.9442,40.6782]}},{"type":"Feature","id":"nyc_street_permit_legacy_b022017001a06","properties":{"city_id":"nyc","event_id":"nyc_street_permit_legacy_b022017001a06","title":"Legacy street construction permit: WYTHE AVENUE, BROOKLYN","year":2017,"effective_date":"2017-01-01","date_precision":"day","category":"transport","lens":"traffic","confidence":"documented","source_ids":["c9sj-fmsg"],"explanation":"Street/right-of-way work permit affecting WYTHE AVENUE in BROOKLYN."},"geometry":{"type":"Point","coordinates":[-73.9442,40.6782]}},{"type":"Feature","id":"nyc_street_permit_legacy_b022017001a07","properties":{"city_id":"nyc","event_id":"nyc_street_permit_legacy_b022017001a07","title":"Legacy street construction permit: WYTHE AVENUE, BROOKLYN","year":2017,"effective_date":"2017-01-01","date_precision":"day","category":"transport","lens":"traffic","confidence":"documented","source_ids":["c9sj-fmsg"],"explanation":"Street/right-of-way work permit affecting WYTHE AVENUE in BROOKLYN."},"geometry":{"type":"Point","coordinates":[-73.9442,40.6782]}},{"type":"Feature","id":"nyc_street_permit_legacy_b022017001a08","properties":{"city_id":"nyc","event_id":"nyc_street_permit_legacy_b022017001a08","title":"Legacy street construction permit: WYTHE AVENUE, BROOKLYN","year":2017,"effective_date":"2017-01-01","date_precision":"day","category":"transport","lens":"traffic","confidence":"documented","source_ids":["c9sj-fmsg"],"explanation":"Street/right-of-way work permit affecting WYTHE AVENUE in BROOKLYN."},"geometry":{"type":"Point","coordinates":[-73.9442,40.6782]}},{"type":"Feature","id":"nyc_street_permit_legacy_b022017001a09","properties":{"city_id":"nyc","event_id":"nyc_street_permit_legacy_b022017001a09","title":"Legacy street construction permit: WYTHE AVENUE, BROOKLYN","year":2017,"effective_date":"2017-01-01","date_precision":"day","category":"transport","lens":"traffic","confidence":"documented","source_ids":["c9sj-fmsg"],"explanation":"Street/right-of-way work permit affecting WYTHE AVENUE in BROOKLYN."},"geometry":{"type":"Point","coordinates":[-73.9442,40.6782]}},{"type":"Feature","id":"nyc_street_permit_legacy_b022017001a10","properties":{"city_id":"nyc","event_id":"nyc_street_permit_legacy_b022017001a10","title":"Legacy street construction permit: SOUTH 2 STREET, BROOKLYN","year":2017,"effective_date":"2017-01-01","date_precision":"day","category":"transport","lens":"traffic","confidence":"documented","source_ids":["c9sj-fmsg"],"explanation":"Street/right-of-way work permit affecting SOUTH 2 STREET in BROOKLYN."},"geometry":{"type":"Point","coordinates":[-73.9442,40.6782]}},{"type":"Feature","id":"nyc_street_permit_legacy_b022017001a11","properties":{"city_id":"nyc","event_id":"nyc_street_permit_legacy_b022017001a11","title":"Legacy street construction permit: SOUTH 2 STREET, BROOKLYN","year":2017,"effective_date":"2017-01-01","date_precision":"day","category":"transport","lens":"traffic","confidence":"documented","source_ids":["c9sj-fmsg"],"explanation":"Street/right-of-way work permit affecting SOUTH 2 STREET in BROOKLYN."},"geometry":{"type":"Point","coordinates":[-73.9442,40.6782]}},{"type":"Feature","id":"nyc_street_permit_legacy_b022017001a12","properties":{"city_id":"nyc","event_id":"nyc_street_permit_legacy_b022017001a12","title":"Legacy street construction permit: SOUTH 2 STREET, BROOKLYN","year":2017,"effective_date":"2017-01-01","date_precision":"day","category":"transport","lens":"traffic","confidence":"documented","source_ids":["c9sj-fmsg"],"explanation":"Street/right-of-way work permit affecting SOUTH 2 STREET in BROOKLYN."},"geometry":{"type":"Point","coordinates":[-73.9442,40.6782]}},{"type":"Feature","id":"nyc_street_permit_legacy_b022017001a13","properties":{"city_id":"nyc","event_id":"nyc_street_permit_legacy_b022017001a13","title":"Legacy street construction permit: SOUTH 2 STREET, BROOKLYN","year":2017,"effective_date":"2017-01-01","date_precision":"day","category":"transport","lens":"traffic","confidence":"documented","source_ids":["c9sj-fmsg"],"explanation":"Street/right-of-way work permit affecting SOUTH 2 STREET in BROOKLYN."},"geometry":{"type":"Point","coordinates":[-73.9442,40.6782]}},{"type":"Feature","id":"nyc_street_permit_legacy_b022017001a14","properties":{"city_id":"nyc","event_id":"nyc_street_permit_legacy_b022017001a14","title":"Legacy street construction permit: SOUTH 2 STREET, BROOKLYN","year":2017,"effective_date":"2017-01-01","date_precision":"day","category":"transport","lens":"traffic","confidence":"documented","source_ids":["c9sj-fmsg"],"explanation":"Street/right-of-way work permit affecting SOUTH 2 STREET in BROOKLYN."},"geometry":{"type":"Point","coordinates":[-73.9442,40.6782]}},{"type":"Feature","id":"nyc_street_permit_legacy_b022017001a15","properties":{"city_id":"nyc","event_id":"nyc_street_permit_legacy_b022017001a15","title":"Legacy street construction permit: SOUTH 2 STREET, BROOKLYN","year":2017,"effective_date":"2017-01-01","date_precision":"day","category":"transport","lens":"traffic","confidence":"documented","source_ids":["c9sj-fmsg"],"explanation":"Street/right-of-way work permit affecting SOUTH 2 STREET in BROOKLYN."},"geometry":{"type":"Point","coordinates":[-73.9442,40.6782]}},{"type":"Feature","id":"nyc_street_permit_legacy_b022017001a16","properties":{"city_id":"nyc","event_id":"nyc_street_permit_legacy_b022017001a16","title":"Legacy street construction permit: SOUTH 2 STREET, BROOKLYN","year":2017,"effective_date":"2017-01-01","date_precision":"day","category":"transport","lens":"traffic","confidence":"documented","source_ids":["c9sj-fmsg"],"explanation":"Street/right-of-way work permit affecting SOUTH 2 STREET in BROOKLYN."},"geometry":{"type":"Point","coordinates":[-73.9442,40.6782]}},{"type":"Feature","id":"nyc_street_permit_legacy_b022017001a17","properties":{"city_id":"nyc","event_id":"nyc_street_permit_legacy_b022017001a17","title":"Legacy street construction permit: HIMROD STREET, BROOKLYN","year":2017,"effective_date":"2017-01-01","date_precision":"day","category":"transport","lens":"traffic","confidence":"documented","source_ids":["c9sj-fmsg"],"explanation":"Street/right-of-way work permit affecting HIMROD STREET in BROOKLYN."},"geometry":{"type":"Point","coordinates":[-73.9442,40.6782]}},{"type":"Feature","id":"nyc_street_permit_legacy_b022017001a18","properties":{"city_id":"nyc","event_id":"nyc_street_permit_legacy_b022017001a18","title":"Legacy street construction permit: HIMROD STREET, BROOKLYN","year":2017,"effective_date":"2017-01-01","date_precision":"day","category":"transport","lens":"traffic","confidence":"documented","source_ids":["c9sj-fmsg"],"explanation":"Street/right-of-way work permit affecting HIMROD STREET in BROOKLYN."},"geometry":{"type":"Point","coordinates":[-73.9442,40.6782]}},{"type":"Feature","id":"nyc_street_permit_legacy_b022017001a19","properties":{"city_id":"nyc","event_id":"nyc_street_permit_legacy_b022017001a19","title":"Legacy street construction permit: HIMROD STREET, BROOKLYN","year":2017,"effective_date":"2017-01-01","date_precision":"day","category":"transport","lens":"traffic","confidence":"documented","source_ids":["c9sj-fmsg"],"explanation":"Street/right-of-way work permit affecting HIMROD STREET in BROOKLYN."},"geometry":{"type":"Point","coordinates":[-73.9442,40.6782]}},{"type":"Feature","id":"nyc_street_permit_legacy_b022017001a20","properties":{"city_id":"nyc","event_id":"nyc_street_permit_legacy_b022017001a20","title":"Legacy street construction permit: HIMROD STREET, BROOKLYN","year":2017,"effective_date":"2017-01-01","date_precision":"day","category":"transport","lens":"traffic","confidence":"documented","source_ids":["c9sj-fmsg"],"explanation":"Street/right-of-way work permit affecting HIMROD STREET in BROOKLYN."},"geometry":{"type":"Point","coordinates":[-73.9442,40.6782]}},{"type":"Feature","id":"nyc_street_permit_legacy_b022017001a21","properties":{"city_id":"nyc","event_id":"nyc_street_permit_legacy_b022017001a21","title":"Legacy street construction permit: HIMROD STREET, BROOKLYN","year":2017,"effective_date":"2017-01-01","date_precision":"day","category":"transport","lens":"traffic","confidence":"documented","source_ids":["c9sj-fmsg"],"explanation":"Street/right-of-way work permit affecting HIMROD STREET in BROOKLYN."},"geometry":{"type":"Point","coordinates":[-73.9442,40.6782]}},{"type":"Feature","id":"nyc_street_permit_legacy_b022017001a22","properties":{"city_id":"nyc","event_id":"nyc_street_permit_legacy_b022017001a22","title":"Legacy street construction permit: HIMROD STREET, BROOKLYN","year":2017,"effective_date":"2017-01-01","date_precision":"day","category":"transport","lens":"traffic","confidence":"documented","source_ids":["c9sj-fmsg"],"explanation":"Street/right-of-way work permit affecting HIMROD STREET in BROOKLYN."},"geometry":{"type":"Point","coordinates":[-73.9442,40.6782]}},{"type":"Feature","id":"nyc_street_permit_legacy_b022017001a23","properties":{"city_id":"nyc","event_id":"nyc_street_permit_legacy_b022017001a23","title":"Legacy street construction permit: HIMROD STREET, BROOKLYN","year":2017,"effective_date":"2017-01-01","date_precision":"day","category":"transport","lens":"traffic","confidence":"documented","source_ids":["c9sj-fmsg"],"explanation":"Street/right-of-way work permit affecting HIMROD STREET in BROOKLYN."},"geometry":{"type":"Point","coordinates":[-73.9442,40.6782]}},{"type":"Feature","id":"nyc_street_permit_legacy_b022017001a24","properties":{"city_id":"nyc","event_id":"nyc_street_permit_legacy_b022017001a24","title":"Legacy street construction permit: HIMROD STREET, BROOKLYN","year":2017,"effective_date":"2017-01-01","date_precision":"day","category":"transport","lens":"traffic","confidence":"documented","source_ids":["c9sj-fmsg"],"explanation":"Street/right-of-way work permit affecting HIMROD STREET in BROOKLYN."},"geometry":{"type":"Point","coordinates":[-73.9442,40.6782]}},{"type":"Feature","id":"nyc_street_permit_legacy_b022017001a25","properties":{"city_id":"nyc","event_id":"nyc_street_permit_legacy_b022017001a25","title":"Legacy street construction permit: HIMROD STREET, BROOKLYN","year":2017,"effective_date":"2017-01-01","date_precision":"day","category":"transport","lens":"traffic","confidence":"documented","source_ids":["c9sj-fmsg"],"explanation":"Street/right-of-way work permit affecting HIMROD STREET in BROOKLYN."},"geometry":{"type":"Point","coordinates":[-73.9442,40.6782]}},{"type":"Feature","id":"nyc_street_permit_legacy_b022017001a26","properties":{"city_id":"nyc","event_id":"nyc_street_permit_legacy_b022017001a26","title":"Legacy street construction permit: HIMROD STREET, BROOKLYN","year":2017,"effective_date":"2017-01-01","date_precision":"day","category":"transport","lens":"traffic","confidence":"documented","source_ids":["c9sj-fmsg"],"explanation":"Street/right-of-way work permit affecting HIMROD STREET in BROOKLYN."},"geometry":{"type":"Point","coordinates":[-73.9442,40.6782]}},{"type":"Feature","id":"nyc_street_permit_legacy_b022017001a27","properties":{"city_id":"nyc","event_id":"nyc_street_permit_legacy_b022017001a27","title":"Legacy street construction permit: HIMROD STREET, BROOKLYN","year":2017,"effective_date":"2017-01-01","date_precision":"day","category":"transport","lens":"traffic","confidence":"documented","source_ids":["c9sj-fmsg"],"explanation":"Street/right-of-way work permit affecting HIMROD STREET in BROOKLYN."},"geometry":{"type":"Point","coordinates":[-73.9442,40.6782]}},{"type":"Feature","id":"nyc_street_permit_legacy_b022017001a28","properties":{"city_id":"nyc","event_id":"nyc_street_permit_legacy_b022017001a28","title":"Legacy street construction permit: HIMROD STREET, BROOKLYN","year":2017,"effective_date":"2017-01-01","date_precision":"day","category":"transport","lens":"traffic","confidence":"documented","source_ids":["c9sj-fmsg"],"explanation":"Street/right-of-way work permit affecting HIMROD STREET in BROOKLYN."},"geometry":{"type":"Point","coordinates":[-73.9442,40.6782]}},{"type":"Feature","id":"nyc_street_permit_legacy_b022017001a29","properties":{"city_id":"nyc","event_id":"nyc_street_permit_legacy_b022017001a29","title":"Legacy street construction permit: STANHOPE STREET, BROOKLYN","year":2017,"effective_date":"2017-01-01","date_precision":"day","category":"transport","lens":"traffic","confidence":"documented","source_ids":["c9sj-fmsg"],"explanation":"Street/right-of-way work permit affecting STANHOPE STREET in BROOKLYN."},"geometry":{"type":"Point","coordinates":[-73.9442,40.6782]}},{"type":"Feature","id":"nyc_street_permit_legacy_b022017001a30","properties":{"city_id":"nyc","event_id":"nyc_street_permit_legacy_b022017001a30","title":"Legacy street construction permit: STANHOPE STREET, BROOKLYN","year":2017,"effective_date":"2017-01-01","date_precision":"day","category":"transport","lens":"traffic","confidence":"documented","source_ids":["c9sj-fmsg"],"explanation":"Street/right-of-way work permit affecting STANHOPE STREET in BROOKLYN."},"geometry":{"type":"Point","coordinates":[-73.9442,40.6782]}},{"type":"Feature","id":"nyc_street_permit_legacy_b022017001a31","properties":{"city_id":"nyc","event_id":"nyc_street_permit_legacy_b022017001a31","title":"Legacy street construction permit: STANHOPE STREET, BROOKLYN","year":2017,"effective_date":"2017-01-01","date_precision":"day","category":"transport","lens":"traffic","confidence":"documented","source_ids":["c9sj-fmsg"],"explanation":"Street/right-of-way work permit affecting STANHOPE STREET in BROOKLYN."},"geometry":{"type":"Point","coordinates":[-73.9442,40.6782]}},{"type":"Feature","id":"nyc_street_permit_legacy_b022017001a32","properties":{"city_id":"nyc","event_id":"nyc_street_permit_legacy_b022017001a32","title":"Legacy street construction permit: STANHOPE STREET, BROOKLYN","year":2017,"effective_date":"2017-01-01","date_precision":"day","category":"transport","lens":"traffic","confidence":"documented","source_ids":["c9sj-fmsg"],"explanation":"Street/right-of-way work permit affecting STANHOPE STREET in BROOKLYN."},"geometry":{"type":"Point","coordinates":[-73.9442,40.6782]}},{"type":"Feature","id":"nyc_street_permit_legacy_b022017001a33","properties":{"city_id":"nyc","event_id":"nyc_street_permit_legacy_b022017001a33","title":"Legacy street construction permit: STANHOPE STREET, BROOKLYN","year":2017,"effective_date":"2017-01-01","date_precision":"day","category":"transport","lens":"traffic","confidence":"documented","source_ids":["c9sj-fmsg"],"explanation":"Street/right-of-way work permit affecting STANHOPE STREET in BROOKLYN."},"geometry":{"type":"Point","coordinates":[-73.9442,40.6782]}},{"type":"Feature","id":"nyc_street_permit_legacy_b022017001a34","properties":{"city_id":"nyc","event_id":"nyc_street_permit_legacy_b022017001a34","title":"Legacy street construction permit: STANHOPE STREET, BROOKLYN","year":2017,"effective_date":"2017-01-01","date_precision":"day","category":"transport","lens":"traffic","confidence":"documented","source_ids":["c9sj-fmsg"],"explanation":"Street/right-of-way work permit affecting STANHOPE STREET in BROOKLYN."},"geometry":{"type":"Point","coordinates":[-73.9442,40.6782]}},{"type":"Feature","id":"nyc_street_permit_legacy_b022017001a35","properties":{"city_id":"nyc","event_id":"nyc_street_permit_legacy_b022017001a35","title":"Legacy street construction permit: STANHOPE STREET, BROOKLYN","year":2017,"effective_date":"2017-01-01","date_precision":"day","category":"transport","lens":"traffic","confidence":"documented","source_ids":["c9sj-fmsg"],"explanation":"Street/right-of-way work permit affecting STANHOPE STREET in BROOKLYN."},"geometry":{"type":"Point","coordinates":[-73.9442,40.6782]}},{"type":"Feature","id":"nyc_street_permit_legacy_b022017001a36","properties":{"city_id":"nyc","event_id":"nyc_street_permit_legacy_b022017001a36","title":"Legacy street construction permit: STANHOPE STREET, BROOKLYN","year":2017,"effective_date":"2017-01-01","date_precision":"day","category":"transport","lens":"traffic","confidence":"documented","source_ids":["c9sj-fmsg"],"explanation":"Street/right-of-way work permit affecting STANHOPE STREET in BROOKLYN."},"geometry":{"type":"Point","coordinates":[-73.9442,40.6782]}},{"type":"Feature","id":"nyc_street_permit_legacy_b022017001a37","properties":{"city_id":"nyc","event_id":"nyc_street_permit_legacy_b022017001a37","title":"Legacy street construction permit: STANHOPE STREET, BROOKLYN","year":2017,"effective_date":"2017-01-01","date_precision":"day","category":"transport","lens":"traffic","confidence":"documented","source_ids":["c9sj-fmsg"],"explanation":"Street/right-of-way work permit affecting STANHOPE STREET in BROOKLYN."},"geometry":{"type":"Point","coordinates":[-73.9442,40.6782]}},{"type":"Feature","id":"nyc_street_permit_legacy_b022017001a38","properties":{"city_id":"nyc","event_id":"nyc_street_permit_legacy_b022017001a38","title":"Legacy street construction permit: STANHOPE STREET, BROOKLYN","year":2017,"effective_date":"2017-01-01","date_precision":"day","category":"transport","lens":"traffic","confidence":"documented","source_ids":["c9sj-fmsg"],"explanation":"Street/right-of-way work permit affecting STANHOPE STREET in BROOKLYN."},"geometry":{"type":"Point","coordinates":[-73.9442,40.6782]}},{"type":"Feature","id":"nyc_street_permit_legacy_b022017001a39","properties":{"city_id":"nyc","event_id":"nyc_street_permit_legacy_b022017001a39","title":"Legacy street construction permit: STANHOPE STREET, BROOKLYN","year":2017,"effective_date":"2017-01-01","date_precision":"day","category":"transport","lens":"traffic","confidence":"documented","source_ids":["c9sj-fmsg"],"explanation":"Street/right-of-way work permit affecting STANHOPE STREET in BROOKLYN."},"geometry":{"type":"Point","coordinates":[-73.9442,40.6782]}},{"type":"Feature","id":"nyc_street_permit_legacy_b022017001a40","properties":{"city_id":"nyc","event_id":"nyc_street_permit_legacy_b022017001a40","title":"Legacy street construction permit: STANHOPE STREET, BROOKLYN","year":2017,"effective_date":"2017-01-01","date_precision":"day","category":"transport","lens":"traffic","confidence":"documented","source_ids":["c9sj-fmsg"],"explanation":"Street/right-of-way work permit affecting STANHOPE STREET in BROOKLYN."},"geometry":{"type":"Point","coordinates":[-73.9442,40.6782]}},{"type":"Feature","id":"nyc_street_permit_legacy_b022017001a41","properties":{"city_id":"nyc","event_id":"nyc_street_permit_legacy_b022017001a41","title":"Legacy street construction permit: FLUSHING AVENUE, BROOKLYN","year":2017,"effective_date":"2017-01-01","date_precision":"day","category":"transport","lens":"traffic","confidence":"documented","source_ids":["c9sj-fmsg"],"explanation":"Street/right-of-way work permit affecting FLUSHING AVENUE in BROOKLYN."},"geometry":{"type":"Point","coordinates":[-73.9442,40.6782]}},{"type":"Feature","id":"nyc_street_permit_legacy_b022017001a42","properties":{"city_id":"nyc","event_id":"nyc_street_permit_legacy_b022017001a42","title":"Legacy street construction permit: FLUSHING AVENUE, BROOKLYN","year":2017,"effective_date":"2017-01-01","date_precision":"day","category":"transport","lens":"traffic","confidence":"documented","source_ids":["c9sj-fmsg"],"explanation":"Street/right-of-way work permit affecting FLUSHING AVENUE in BROOKLYN."},"geometry":{"type":"Point","coordinates":[-73.9442,40.6782]}},{"type":"Feature","id":"nyc_street_permit_legacy_b022017001a43","properties":{"city_id":"nyc","event_id":"nyc_street_permit_legacy_b022017001a43","title":"Legacy street construction permit: FLUSHING AVENUE, BROOKLYN","year":2017,"effective_date":"2017-01-01","date_precision":"day","category":"transport","lens":"traffic","confidence":"documented","source_ids":["c9sj-fmsg"],"explanation":"Street/right-of-way work permit affecting FLUSHING AVENUE in BROOKLYN."},"geometry":{"type":"Point","coordinates":[-73.9442,40.6782]}},{"type":"Feature","id":"nyc_street_permit_legacy_b022017001a44","properties":{"city_id":"nyc","event_id":"nyc_street_permit_legacy_b022017001a44","title":"Legacy street construction permit: FLUSHING AVENUE, BROOKLYN","year":2017,"effective_date":"2017-01-01","date_precision":"day","category":"transport","lens":"traffic","confidence":"documented","source_ids":["c9sj-fmsg"],"explanation":"Street/right-of-way work permit affecting FLUSHING AVENUE in BROOKLYN."},"geometry":{"type":"Point","coordinates":[-73.9442,40.6782]}},{"type":"Feature","id":"nyc_street_permit_legacy_b022017001a45","properties":{"city_id":"nyc","event_id":"nyc_street_permit_legacy_b022017001a45","title":"Legacy street construction permit: FLUSHING AVENUE, BROOKLYN","year":2017,"effective_date":"2017-01-01","date_precision":"day","category":"transport","lens":"traffic","confidence":"documented","source_ids":["c9sj-fmsg"],"explanation":"Street/right-of-way work permit affecting FLUSHING AVENUE in BROOKLYN."},"geometry":{"type":"Point","coordinates":[-73.9442,40.6782]}},{"type":"Feature","id":"nyc_street_permit_legacy_b022017001a46","properties":{"city_id":"nyc","event_id":"nyc_street_permit_legacy_b022017001a46","title":"Legacy street construction permit: FLUSHING AVENUE, BROOKLYN","year":2017,"effective_date":"2017-01-01","date_precision":"day","category":"transport","lens":"traffic","confidence":"documented","source_ids":["c9sj-fmsg"],"explanation":"Street/right-of-way work permit affecting FLUSHING AVENUE in BROOKLYN."},"geometry":{"type":"Point","coordinates":[-73.9442,40.6782]}},{"type":"Feature","id":"nyc_street_permit_legacy_b022017001a47","properties":{"city_id":"nyc","event_id":"nyc_street_permit_legacy_b022017001a47","title":"Legacy street construction permit: FLUSHING AVENUE, BROOKLYN","year":2017,"effective_date":"2017-01-01","date_precision":"day","category":"transport","lens":"traffic","confidence":"documented","source_ids":["c9sj-fmsg"],"explanation":"Street/right-of-way work permit affecting FLUSHING AVENUE in BROOKLYN."},"geometry":{"type":"Point","coordinates":[-73.9442,40.6782]}},{"type":"Feature","id":"nyc_street_permit_legacy_b022017001a48","properties":{"city_id":"nyc","event_id":"nyc_street_permit_legacy_b022017001a48","title":"Legacy street construction permit: FLUSHING AVENUE, BROOKLYN","year":2017,"effective_date":"2017-01-01","date_precision":"day","category":"transport","lens":"traffic","confidence":"documented","source_ids":["c9sj-fmsg"],"explanation":"Street/right-of-way work permit affecting FLUSHING AVENUE in BROOKLYN."},"geometry":{"type":"Point","coordinates":[-73.9442,40.6782]}},{"type":"Feature","id":"nyc_street_permit_legacy_b022017001a49","properties":{"city_id":"nyc","event_id":"nyc_street_permit_legacy_b022017001a49","title":"Legacy street construction permit: FLUSHING AVENUE, BROOKLYN","year":2017,"effective_date":"2017-01-01","date_precision":"day","category":"transport","lens":"traffic","confidence":"documented","source_ids":["c9sj-fmsg"],"explanation":"Street/right-of-way work permit affecting FLUSHING AVENUE in BROOKLYN."},"geometry":{"type":"Point","coordinates":[-73.9442,40.6782]}},{"type":"Feature","id":"nyc_street_permit_legacy_b022017001a50","properties":{"city_id":"nyc","event_id":"nyc_street_permit_legacy_b022017001a50","title":"Legacy street construction permit: LAFAYETTE AVENUE, BROOKLYN","year":2017,"effective_date":"2017-01-01","date_precision":"day","category":"transport","lens":"traffic","confidence":"documented","source_ids":["c9sj-fmsg"],"explanation":"Street/right-of-way work permit affecting LAFAYETTE AVENUE in BROOKLYN."},"geometry":{"type":"Point","coordinates":[-73.9442,40.6782]}},{"type":"Feature","id":"nyc_street_permit_legacy_b022017001a51","properties":{"city_id":"nyc","event_id":"nyc_street_permit_legacy_b022017001a51","title":"Legacy street construction permit: LAFAYETTE AVENUE, BROOKLYN","year":2017,"effective_date":"2017-01-01","date_precision":"day","category":"transport","lens":"traffic","confidence":"documented","source_ids":["c9sj-fmsg"],"explanation":"Street/right-of-way work permit affecting LAFAYETTE AVENUE in BROOKLYN."},"geometry":{"type":"Point","coordinates":[-73.9442,40.6782]}},{"type":"Feature","id":"nyc_street_permit_legacy_b022017001a52","properties":{"city_id":"nyc","event_id":"nyc_street_permit_legacy_b022017001a52","title":"Legacy street construction permit: LAFAYETTE AVENUE, BROOKLYN","year":2017,"effective_date":"2017-01-01","date_precision":"day","category":"transport","lens":"traffic","confidence":"documented","source_ids":["c9sj-fmsg"],"explanation":"Street/right-of-way work permit affecting LAFAYETTE AVENUE in BROOKLYN."},"geometry":{"type":"Point","coordinates":[-73.9442,40.6782]}},{"type":"Feature","id":"nyc_street_permit_legacy_b022017001a53","properties":{"city_id":"nyc","event_id":"nyc_street_permit_legacy_b022017001a53","title":"Legacy street construction permit: LAFAYETTE AVENUE, BROOKLYN","year":2017,"effective_date":"2017-01-01","date_precision":"day","category":"transport","lens":"traffic","confidence":"documented","source_ids":["c9sj-fmsg"],"explanation":"Street/right-of-way work permit affecting LAFAYETTE AVENUE in BROOKLYN."},"geometry":{"type":"Point","coordinates":[-73.9442,40.6782]}},{"type":"Feature","id":"nyc_street_permit_legacy_b022017001a54","properties":{"city_id":"nyc","event_id":"nyc_street_permit_legacy_b022017001a54","title":"Legacy street construction permit: LAFAYETTE AVENUE, BROOKLYN","year":2017,"effective_date":"2017-01-01","date_precision":"day","category":"transport","lens":"traffic","confidence":"documented","source_ids":["c9sj-fmsg"],"explanation":"Street/right-of-way work permit affecting LAFAYETTE AVENUE in BROOKLYN."},"geometry":{"type":"Point","coordinates":[-73.9442,40.6782]}},{"type":"Feature","id":"nyc_street_permit_legacy_b022017001a55","properties":{"city_id":"nyc","event_id":"nyc_street_permit_legacy_b022017001a55","title":"Legacy street construction permit: LAFAYETTE AVENUE, BROOKLYN","year":2017,"effective_date":"2017-01-01","date_precision":"day","category":"transport","lens":"traffic","confidence":"documented","source_ids":["c9sj-fmsg"],"explanation":"Street/right-of-way work permit affecting LAFAYETTE AVENUE in BROOKLYN."},"geometry":{"type":"Point","coordinates":[-73.9442,40.6782]}},{"type":"Feature","id":"nyc_street_permit_legacy_b022017001a56","properties":{"city_id":"nyc","event_id":"nyc_street_permit_legacy_b022017001a56","title":"Legacy street construction permit: LAFAYETTE AVENUE, BROOKLYN","year":2017,"effective_date":"2017-01-01","date_precision":"day","category":"transport","lens":"traffic","confidence":"documented","source_ids":["c9sj-fmsg"],"explanation":"Street/right-of-way work permit affecting LAFAYETTE AVENUE in BROOKLYN."},"geometry":{"type":"Point","coordinates":[-73.9442,40.6782]}},{"type":"Feature","id":"nyc_street_permit_legacy_b022017001a57","properties":{"city_id":"nyc","event_id":"nyc_street_permit_legacy_b022017001a57","title":"Legacy street construction permit: LAFAYETTE AVENUE, BROOKLYN","year":2017,"effective_date":"2017-01-01","date_precision":"day","category":"transport","lens":"traffic","confidence":"documented","source_ids":["c9sj-fmsg"],"explanation":"Street/right-of-way work permit affecting LAFAYETTE AVENUE in BROOKLYN."},"geometry":{"type":"Point","coordinates":[-73.9442,40.6782]}},{"type":"Feature","id":"nyc_street_permit_legacy_b022017001a58","properties":{"city_id":"nyc","event_id":"nyc_street_permit_legacy_b022017001a58","title":"Legacy street construction permit: LAFAYETTE AVENUE, BROOKLYN","year":2017,"effective_date":"2017-01-01","date_precision":"day","category":"transport","lens":"traffic","confidence":"documented","source_ids":["c9sj-fmsg"],"explanation":"Street/right-of-way work permit affecting LAFAYETTE AVENUE in BROOKLYN."},"geometry":{"type":"Point","coordinates":[-73.9442,40.6782]}},{"type":"Feature","id":"nyc_street_permit_legacy_b022017001a59","properties":{"city_id":"nyc","event_id":"nyc_street_permit_legacy_b022017001a59","title":"Legacy street construction permit: LAFAYETTE AVENUE, BROOKLYN","year":2017,"effective_date":"2017-01-01","date_precision":"day","category":"transport","lens":"traffic","confidence":"documented","source_ids":["c9sj-fmsg"],"explanation":"Street/right-of-way work permit affecting LAFAYETTE AVENUE in BROOKLYN."},"geometry":{"type":"Point","coordinates":[-73.9442,40.6782]}},{"type":"Feature","id":"nyc_street_permit_legacy_b022017001a60","properties":{"city_id":"nyc","event_id":"nyc_street_permit_legacy_b022017001a60","title":"Legacy street construction permit: LAFAYETTE AVENUE, BROOKLYN","year":2017,"effective_date":"2017-01-01","date_precision":"day","category":"transport","lens":"traffic","confidence":"documented","source_ids":["c9sj-fmsg"],"explanation":"Street/right-of-way work permit affecting LAFAYETTE AVENUE in BROOKLYN."},"geometry":{"type":"Point","coordinates":[-73.9442,40.6782]}},{"type":"Feature","id":"nyc_street_permit_legacy_b022017001a61","properties":{"city_id":"nyc","event_id":"nyc_street_permit_legacy_b022017001a61","title":"Legacy street construction permit: LAFAYETTE AVENUE, BROOKLYN","year":2017,"effective_date":"2017-01-01","date_precision":"day","category":"transport","lens":"traffic","confidence":"documented","source_ids":["c9sj-fmsg"],"explanation":"Street/right-of-way work permit affecting LAFAYETTE AVENUE in BROOKLYN."},"geometry":{"type":"Point","coordinates":[-73.9442,40.6782]}},{"type":"Feature","id":"nyc_street_permit_legacy_b022017002a00","properties":{"city_id":"nyc","event_id":"nyc_street_permit_legacy_b022017002a00","title":"Legacy street construction permit: 53 STREET, BROOKLYN","year":2017,"effective_date":"2017-01-02","date_precision":"day","category":"transport","lens":"traffic","confidence":"documented","source_ids":["c9sj-fmsg"],"explanation":"Street/right-of-way work permit affecting 53 STREET in BROOKLYN."},"geometry":{"type":"Point","coordinates":[-73.9442,40.6782]}},{"type":"Feature","id":"nyc_street_permit_legacy_b022017002a01","properties":{"city_id":"nyc","event_id":"nyc_street_permit_legacy_b022017002a01","title":"Legacy street construction permit: 53 STREET, BROOKLYN","year":2017,"effective_date":"2017-01-02","date_precision":"day","category":"transport","lens":"traffic","confidence":"documented","source_ids":["c9sj-fmsg"],"explanation":"Street/right-of-way work permit affecting 53 STREET in BROOKLYN."},"geometry":{"type":"Point","coordinates":[-73.9442,40.6782]}},{"type":"Feature","id":"nyc_street_permit_legacy_b022017002a02","properties":{"city_id":"nyc","event_id":"nyc_street_permit_legacy_b022017002a02","title":"Legacy street construction permit: 53 STREET, BROOKLYN","year":2017,"effective_date":"2017-01-02","date_precision":"day","category":"transport","lens":"traffic","confidence":"documented","source_ids":["c9sj-fmsg"],"explanation":"Street/right-of-way work permit affecting 53 STREET in BROOKLYN."},"geometry":{"type":"Point","coordinates":[-73.9442,40.6782]}},{"type":"Feature","id":"nyc_street_permit_legacy_b022017002a03","properties":{"city_id":"nyc","event_id":"nyc_street_permit_legacy_b022017002a03","title":"Legacy street construction permit: 53 STREET, BROOKLYN","year":2017,"effective_date":"2017-01-02","date_precision":"day","category":"transport","lens":"traffic","confidence":"documented","source_ids":["c9sj-fmsg"],"explanation":"Street/right-of-way work permit affecting 53 STREET in BROOKLYN."},"geometry":{"type":"Point","coordinates":[-73.9442,40.6782]}},{"type":"Feature","id":"nyc_street_permit_legacy_b022017002a04","properties":{"city_id":"nyc","event_id":"nyc_street_permit_legacy_b022017002a04","title":"Legacy street construction permit: 53 STREET, BROOKLYN","year":2017,"effective_date":"2017-01-02","date_precision":"day","category":"transport","lens":"traffic","confidence":"documented","source_ids":["c9sj-fmsg"],"explanation":"Street/right-of-way work permit affecting 53 STREET in BROOKLYN."},"geometry":{"type":"Point","coordinates":[-73.9442,40.6782]}},{"type":"Feature","id":"nyc_street_permit_legacy_b022017002a05","properties":{"city_id":"nyc","event_id":"nyc_street_permit_legacy_b022017002a05","title":"Legacy street construction permit: 53 STREET, BROOKLYN","year":2017,"effective_date":"2017-01-02","date_precision":"day","category":"transport","lens":"traffic","confidence":"documented","source_ids":["c9sj-fmsg"],"explanation":"Street/right-of-way work permit affecting 53 STREET in BROOKLYN."},"geometry":{"type":"Point","coordinates":[-73.9442,40.6782]}},{"type":"Feature","id":"nyc_street_permit_legacy_b022017002a06","properties":{"city_id":"nyc","event_id":"nyc_street_permit_legacy_b022017002a06","title":"Legacy street construction permit: 53 STREET, BROOKLYN","year":2017,"effective_date":"2017-01-02","date_precision":"day","category":"transport","lens":"traffic","confidence":"documented","source_ids":["c9sj-fmsg"],"explanation":"Street/right-of-way work permit affecting 53 STREET in BROOKLYN."},"geometry":{"type":"Point","coordinates":[-73.9442,40.6782]}},{"type":"Feature","id":"nyc_street_permit_legacy_b022017002a07","properties":{"city_id":"nyc","event_id":"nyc_street_permit_legacy_b022017002a07","title":"Legacy street construction permit: 53 STREET, BROOKLYN","year":2017,"effective_date":"2017-01-02","date_precision":"day","category":"transport","lens":"traffic","confidence":"documented","source_ids":["c9sj-fmsg"],"explanation":"Street/right-of-way work permit affecting 53 STREET in BROOKLYN."},"geometry":{"type":"Point","coordinates":[-73.9442,40.6782]}},{"type":"Feature","id":"nyc_street_permit_legacy_b022017002a08","properties":{"city_id":"nyc","event_id":"nyc_street_permit_legacy_b022017002a08","title":"Legacy street construction permit: 53 STREET, BROOKLYN","year":2017,"effective_date":"2017-01-02","date_precision":"day","category":"transport","lens":"traffic","confidence":"documented","source_ids":["c9sj-fmsg"],"explanation":"Street/right-of-way work permit affecting 53 STREET in BROOKLYN."},"geometry":{"type":"Point","coordinates":[-73.9442,40.6782]}},{"type":"Feature","id":"nyc_street_permit_legacy_b022017002a09","properties":{"city_id":"nyc","event_id":"nyc_street_permit_legacy_b022017002a09","title":"Legacy street construction permit: ROGERS AVENUE, BROOKLYN","year":2017,"effective_date":"2017-01-02","date_precision":"day","category":"transport","lens":"traffic","confidence":"documented","source_ids":["c9sj-fmsg"],"explanation":"Street/right-of-way work permit affecting ROGERS AVENUE in BROOKLYN."},"geometry":{"type":"Point","coordinates":[-73.9442,40.6782]}},{"type":"Feature","id":"nyc_street_permit_legacy_b022017002a10","properties":{"city_id":"nyc","event_id":"nyc_street_permit_legacy_b022017002a10","title":"Legacy street construction permit: ROGERS AVENUE, BROOKLYN","year":2017,"effective_date":"2017-01-02","date_precision":"day","category":"transport","lens":"traffic","confidence":"documented","source_ids":["c9sj-fmsg"],"explanation":"Street/right-of-way work permit affecting ROGERS AVENUE in BROOKLYN."},"geometry":{"type":"Point","coordinates":[-73.9442,40.6782]}},{"type":"Feature","id":"nyc_street_permit_legacy_b022017002a11","properties":{"city_id":"nyc","event_id":"nyc_street_permit_legacy_b022017002a11","title":"Legacy street construction permit: ROGERS AVENUE, BROOKLYN","year":2017,"effective_date":"2017-01-02","date_precision":"day","category":"transport","lens":"traffic","confidence":"documented","source_ids":["c9sj-fmsg"],"explanation":"Street/right-of-way work permit affecting ROGERS AVENUE in BROOKLYN."},"geometry":{"type":"Point","coordinates":[-73.9442,40.6782]}},{"type":"Feature","id":"nyc_street_permit_legacy_b022017002a12","properties":{"city_id":"nyc","event_id":"nyc_street_permit_legacy_b022017002a12","title":"Legacy street construction permit: ROGERS AVENUE, BROOKLYN","year":2017,"effective_date":"2017-01-02","date_precision":"day","category":"transport","lens":"traffic","confidence":"documented","source_ids":["c9sj-fmsg"],"explanation":"Street/right-of-way work permit affecting ROGERS AVENUE in BROOKLYN."},"geometry":{"type":"Point","coordinates":[-73.9442,40.6782]}},{"type":"Feature","id":"nyc_street_permit_legacy_b022017002a13","properties":{"city_id":"nyc","event_id":"nyc_street_permit_legacy_b022017002a13","title":"Legacy street construction permit: ROGERS AVENUE, BROOKLYN","year":2017,"effective_date":"2017-01-02","date_precision":"day","category":"transport","lens":"traffic","confidence":"documented","source_ids":["c9sj-fmsg"],"explanation":"Street/right-of-way work permit affecting ROGERS AVENUE in BROOKLYN."},"geometry":{"type":"Point","coordinates":[-73.9442,40.6782]}},{"type":"Feature","id":"nyc_street_permit_legacy_b022017002a14","properties":{"city_id":"nyc","event_id":"nyc_street_permit_legacy_b022017002a14","title":"Legacy street construction permit: ROGERS AVENUE, BROOKLYN","year":2017,"effective_date":"2017-01-02","date_precision":"day","category":"transport","lens":"traffic","confidence":"documented","source_ids":["c9sj-fmsg"],"explanation":"Street/right-of-way work permit affecting ROGERS AVENUE in BROOKLYN."},"geometry":{"type":"Point","coordinates":[-73.9442,40.6782]}},{"type":"Feature","id":"nyc_street_permit_legacy_b022017002a15","properties":{"city_id":"nyc","event_id":"nyc_street_permit_legacy_b022017002a15","title":"Legacy street construction permit: ROGERS AVENUE, BROOKLYN","year":2017,"effective_date":"2017-01-02","date_precision":"day","category":"transport","lens":"traffic","confidence":"documented","source_ids":["c9sj-fmsg"],"explanation":"Street/right-of-way work permit affecting ROGERS AVENUE in BROOKLYN."},"geometry":{"type":"Point","coordinates":[-73.9442,40.6782]}},{"type":"Feature","id":"nyc_street_permit_legacy_b022017002a16","properties":{"city_id":"nyc","event_id":"nyc_street_permit_legacy_b022017002a16","title":"Legacy street construction permit: ROGERS AVENUE, BROOKLYN","year":2017,"effective_date":"2017-01-02","date_precision":"day","category":"transport","lens":"traffic","confidence":"documented","source_ids":["c9sj-fmsg"],"explanation":"Street/right-of-way work permit affecting ROGERS AVENUE in BROOKLYN."},"geometry":{"type":"Point","coordinates":[-73.9442,40.6782]}},{"type":"Feature","id":"nyc_street_permit_legacy_b022017002a17","properties":{"city_id":"nyc","event_id":"nyc_street_permit_legacy_b022017002a17","title":"Legacy street construction permit: ROGERS AVENUE, BROOKLYN","year":2017,"effective_date":"2017-01-02","date_precision":"day","category":"transport","lens":"traffic","confidence":"documented","source_ids":["c9sj-fmsg"],"explanation":"Street/right-of-way work permit affecting ROGERS AVENUE in BROOKLYN."},"geometry":{"type":"Point","coordinates":[-73.9442,40.6782]}},{"type":"Feature","id":"nyc_street_permit_legacy_b022017002a18","properties":{"city_id":"nyc","event_id":"nyc_street_permit_legacy_b022017002a18","title":"Legacy street construction permit: ROGERS AVENUE, BROOKLYN","year":2017,"effective_date":"2017-01-02","date_precision":"day","category":"transport","lens":"traffic","confidence":"documented","source_ids":["c9sj-fmsg"],"explanation":"Street/right-of-way work permit affecting ROGERS AVENUE in BROOKLYN."},"geometry":{"type":"Point","coordinates":[-73.9442,40.6782]}},{"type":"Feature","id":"nyc_street_permit_legacy_b022017002a19","properties":{"city_id":"nyc","event_id":"nyc_street_permit_legacy_b022017002a19","title":"Legacy street construction permit: BROADWAY, BROOKLYN","year":2017,"effective_date":"2017-01-02","date_precision":"day","category":"transport","lens":"traffic","confidence":"documented","source_ids":["c9sj-fmsg"],"explanation":"Street/right-of-way work permit affecting BROADWAY in BROOKLYN."},"geometry":{"type":"Point","coordinates":[-73.9442,40.6782]}},{"type":"Feature","id":"nyc_street_permit_legacy_b022017002a20","properties":{"city_id":"nyc","event_id":"nyc_street_permit_legacy_b022017002a20","title":"Legacy street construction permit: BROADWAY, BROOKLYN","year":2017,"effective_date":"2017-01-02","date_precision":"day","category":"transport","lens":"traffic","confidence":"documented","source_ids":["c9sj-fmsg"],"explanation":"Street/right-of-way work permit affecting BROADWAY in BROOKLYN."},"geometry":{"type":"Point","coordinates":[-73.9442,40.6782]}},{"type":"Feature","id":"nyc_street_permit_legacy_b022017002a21","properties":{"city_id":"nyc","event_id":"nyc_street_permit_legacy_b022017002a21","title":"Legacy street construction permit: BROADWAY, BROOKLYN","year":2017,"effective_date":"2017-01-02","date_precision":"day","category":"transport","lens":"traffic","confidence":"documented","source_ids":["c9sj-fmsg"],"explanation":"Street/right-of-way work permit affecting BROADWAY in BROOKLYN."},"geometry":{"type":"Point","coordinates":[-73.9442,40.6782]}},{"type":"Feature","id":"nyc_street_permit_legacy_b022017002a22","properties":{"city_id":"nyc","event_id":"nyc_street_permit_legacy_b022017002a22","title":"Legacy street construction permit: BROADWAY, BROOKLYN","year":2017,"effective_date":"2017-01-02","date_precision":"day","category":"transport","lens":"traffic","confidence":"documented","source_ids":["c9sj-fmsg"],"explanation":"Street/right-of-way work permit affecting BROADWAY in BROOKLYN."},"geometry":{"type":"Point","coordinates":[-73.9442,40.6782]}},{"type":"Feature","id":"nyc_street_permit_legacy_b022017002a23","properties":{"city_id":"nyc","event_id":"nyc_street_permit_legacy_b022017002a23","title":"Legacy street construction permit: BROADWAY, BROOKLYN","year":2017,"effective_date":"2017-01-02","date_precision":"day","category":"transport","lens":"traffic","confidence":"documented","source_ids":["c9sj-fmsg"],"explanation":"Street/right-of-way work permit affecting BROADWAY in BROOKLYN."},"geometry":{"type":"Point","coordinates":[-73.9442,40.6782]}},{"type":"Feature","id":"nyc_street_permit_legacy_b022017002a24","properties":{"city_id":"nyc","event_id":"nyc_street_permit_legacy_b022017002a24","title":"Legacy street construction permit: VAN BUREN STREET, BROOKLYN","year":2017,"effective_date":"2017-01-02","date_precision":"day","category":"transport","lens":"traffic","confidence":"documented","source_ids":["c9sj-fmsg"],"explanation":"Street/right-of-way work permit affecting VAN BUREN STREET in BROOKLYN."},"geometry":{"type":"Point","coordinates":[-73.9442,40.6782]}},{"type":"Feature","id":"nyc_street_permit_legacy_b022017002a25","properties":{"city_id":"nyc","event_id":"nyc_street_permit_legacy_b022017002a25","title":"Legacy street construction permit: VAN BUREN STREET, BROOKLYN","year":2017,"effective_date":"2017-01-02","date_precision":"day","category":"transport","lens":"traffic","confidence":"documented","source_ids":["c9sj-fmsg"],"explanation":"Street/right-of-way work permit affecting VAN BUREN STREET in BROOKLYN."},"geometry":{"type":"Point","coordinates":[-73.9442,40.6782]}},{"type":"Feature","id":"nyc_street_permit_legacy_b022017002a26","properties":{"city_id":"nyc","event_id":"nyc_street_permit_legacy_b022017002a26","title":"Legacy street construction permit: VAN BUREN STREET, BROOKLYN","year":2017,"effective_date":"2017-01-02","date_precision":"day","category":"transport","lens":"traffic","confidence":"documented","source_ids":["c9sj-fmsg"],"explanation":"Street/right-of-way work permit affecting VAN BUREN STREET in BROOKLYN."},"geometry":{"type":"Point","coordinates":[-73.9442,40.6782]}},{"type":"Feature","id":"nyc_street_permit_legacy_b022017002a27","properties":{"city_id":"nyc","event_id":"nyc_street_permit_legacy_b022017002a27","title":"Legacy street construction permit: VAN BUREN STREET, BROOKLYN","year":2017,"effective_date":"2017-01-02","date_precision":"day","category":"transport","lens":"traffic","confidence":"documented","source_ids":["c9sj-fmsg"],"explanation":"Street/right-of-way work permit affecting VAN BUREN STREET in BROOKLYN."},"geometry":{"type":"Point","coordinates":[-73.9442,40.6782]}},{"type":"Feature","id":"nyc_street_permit_legacy_b022017002a28","properties":{"city_id":"nyc","event_id":"nyc_street_permit_legacy_b022017002a28","title":"Legacy street construction permit: VAN BUREN STREET, BROOKLYN","year":2017,"effective_date":"2017-01-02","date_precision":"day","category":"transport","lens":"traffic","confidence":"documented","source_ids":["c9sj-fmsg"],"explanation":"Street/right-of-way work permit affecting VAN BUREN STREET in BROOKLYN."},"geometry":{"type":"Point","coordinates":[-73.9442,40.6782]}},{"type":"Feature","id":"nyc_street_permit_legacy_b022017002a29","properties":{"city_id":"nyc","event_id":"nyc_street_permit_legacy_b022017002a29","title":"Legacy street construction permit: VAN BUREN STREET, BROOKLYN","year":2017,"effective_date":"2017-01-02","date_precision":"day","category":"transport","lens":"traffic","confidence":"documented","source_ids":["c9sj-fmsg"],"explanation":"Street/right-of-way work permit affecting VAN BUREN STREET in BROOKLYN."},"geometry":{"type":"Point","coordinates":[-73.9442,40.6782]}},{"type":"Feature","id":"nyc_street_permit_legacy_b022017002a30","properties":{"city_id":"nyc","event_id":"nyc_street_permit_legacy_b022017002a30","title":"Legacy street construction permit: VAN BUREN STREET, BROOKLYN","year":2017,"effective_date":"2017-01-02","date_precision":"day","category":"transport","lens":"traffic","confidence":"documented","source_ids":["c9sj-fmsg"],"explanation":"Street/right-of-way work permit affecting VAN BUREN STREET in BROOKLYN."},"geometry":{"type":"Point","coordinates":[-73.9442,40.6782]}},{"type":"Feature","id":"nyc_street_permit_legacy_b022017002a31","properties":{"city_id":"nyc","event_id":"nyc_street_permit_legacy_b022017002a31","title":"Legacy street construction permit: VAN BUREN STREET, BROOKLYN","year":2017,"effective_date":"2017-01-02","date_precision":"day","category":"transport","lens":"traffic","confidence":"documented","source_ids":["c9sj-fmsg"],"explanation":"Street/right-of-way work permit affecting VAN BUREN STREET in BROOKLYN."},"geometry":{"type":"Point","coordinates":[-73.9442,40.6782]}},{"type":"Feature","id":"nyc_street_permit_legacy_b022017002a32","properties":{"city_id":"nyc","event_id":"nyc_street_permit_legacy_b022017002a32","title":"Legacy street construction permit: VAN BUREN STREET, BROOKLYN","year":2017,"effective_date":"2017-01-02","date_precision":"day","category":"transport","lens":"traffic","confidence":"documented","source_ids":["c9sj-fmsg"],"explanation":"Street/right-of-way work permit affecting VAN BUREN STREET in BROOKLYN."},"geometry":{"type":"Point","coordinates":[-73.9442,40.6782]}},{"type":"Feature","id":"nyc_street_permit_legacy_b022017002a33","properties":{"city_id":"nyc","event_id":"nyc_street_permit_legacy_b022017002a33","title":"Legacy street construction permit: VAN BUREN STREET, BROOKLYN","year":2017,"effective_date":"2017-01-02","date_precision":"day","category":"transport","lens":"traffic","confidence":"documented","source_ids":["c9sj-fmsg"],"explanation":"Street/right-of-way work permit affecting VAN BUREN STREET in BROOKLYN."},"geometry":{"type":"Point","coordinates":[-73.9442,40.6782]}},{"type":"Feature","id":"nyc_street_permit_legacy_b022017002a34","properties":{"city_id":"nyc","event_id":"nyc_street_permit_legacy_b022017002a34","title":"Legacy street construction permit: DE KALB AVENUE, BROOKLYN","year":2017,"effective_date":"2017-01-02","date_precision":"day","category":"transport","lens":"traffic","confidence":"documented","source_ids":["c9sj-fmsg"],"explanation":"Street/right-of-way work permit affecting DE KALB AVENUE in BROOKLYN."},"geometry":{"type":"Point","coordinates":[-73.9442,40.6782]}},{"type":"Feature","id":"nyc_street_permit_legacy_b022017002a35","properties":{"city_id":"nyc","event_id":"nyc_street_permit_legacy_b022017002a35","title":"Legacy street construction permit: DE KALB AVENUE, BROOKLYN","year":2017,"effective_date":"2017-01-02","date_precision":"day","category":"transport","lens":"traffic","confidence":"documented","source_ids":["c9sj-fmsg"],"explanation":"Street/right-of-way work permit affecting DE KALB AVENUE in BROOKLYN."},"geometry":{"type":"Point","coordinates":[-73.9442,40.6782]}},{"type":"Feature","id":"nyc_street_permit_legacy_b022017002a36","properties":{"city_id":"nyc","event_id":"nyc_street_permit_legacy_b022017002a36","title":"Legacy street construction permit: DE KALB AVENUE, BROOKLYN","year":2017,"effective_date":"2017-01-02","date_precision":"day","category":"transport","lens":"traffic","confidence":"documented","source_ids":["c9sj-fmsg"],"explanation":"Street/right-of-way work permit affecting DE KALB AVENUE in BROOKLYN."},"geometry":{"type":"Point","coordinates":[-73.9442,40.6782]}},{"type":"Feature","id":"nyc_street_permit_legacy_b022017002a37","properties":{"city_id":"nyc","event_id":"nyc_street_permit_legacy_b022017002a37","title":"Legacy street construction permit: DE KALB AVENUE, BROOKLYN","year":2017,"effective_date":"2017-01-02","date_precision":"day","category":"transport","lens":"traffic","confidence":"documented","source_ids":["c9sj-fmsg"],"explanation":"Street/right-of-way work permit affecting DE KALB AVENUE in BROOKLYN."},"geometry":{"type":"Point","coordinates":[-73.9442,40.6782]}},{"type":"Feature","id":"nyc_street_permit_legacy_b022017002a38","properties":{"city_id":"nyc","event_id":"nyc_street_permit_legacy_b022017002a38","title":"Legacy street construction permit: DE KALB AVENUE, BROOKLYN","year":2017,"effective_date":"2017-01-02","date_precision":"day","category":"transport","lens":"traffic","confidence":"documented","source_ids":["c9sj-fmsg"],"explanation":"Street/right-of-way work permit affecting DE KALB AVENUE in BROOKLYN."},"geometry":{"type":"Point","coordinates":[-73.9442,40.6782]}},{"type":"Feature","id":"nyc_street_permit_legacy_b022017002a39","properties":{"city_id":"nyc","event_id":"nyc_street_permit_legacy_b022017002a39","title":"Legacy street construction permit: DE KALB AVENUE, BROOKLYN","year":2017,"effective_date":"2017-01-02","date_precision":"day","category":"transport","lens":"traffic","confidence":"documented","source_ids":["c9sj-fmsg"],"explanation":"Street/right-of-way work permit affecting DE KALB AVENUE in BROOKLYN."},"geometry":{"type":"Point","coordinates":[-73.9442,40.6782]}},{"type":"Feature","id":"nyc_street_permit_legacy_b022017002a40","properties":{"city_id":"nyc","event_id":"nyc_street_permit_legacy_b022017002a40","title":"Legacy street construction permit: DE KALB AVENUE, BROOKLYN","year":2017,"effective_date":"2017-01-02","date_precision":"day","category":"transport","lens":"traffic","confidence":"documented","source_ids":["c9sj-fmsg"],"explanation":"Street/right-of-way work permit affecting DE KALB AVENUE in BROOKLYN."},"geometry":{"type":"Point","coordinates":[-73.9442,40.6782]}},{"type":"Feature","id":"nyc_street_permit_legacy_b022017002a41","properties":{"city_id":"nyc","event_id":"nyc_street_permit_legacy_b022017002a41","title":"Legacy street construction permit: DE KALB AVENUE, BROOKLYN","year":2017,"effective_date":"2017-01-02","date_precision":"day","category":"transport","lens":"traffic","confidence":"documented","source_ids":["c9sj-fmsg"],"explanation":"Street/right-of-way work permit affecting DE KALB AVENUE in BROOKLYN."},"geometry":{"type":"Point","coordinates":[-73.9442,40.6782]}},{"type":"Feature","id":"nyc_street_permit_legacy_b022017002a42","properties":{"city_id":"nyc","event_id":"nyc_street_permit_legacy_b022017002a42","title":"Legacy street construction permit: DE KALB AVENUE, BROOKLYN","year":2017,"effective_date":"2017-01-02","date_precision":"day","category":"transport","lens":"traffic","confidence":"documented","source_ids":["c9sj-fmsg"],"explanation":"Street/right-of-way work permit affecting DE KALB AVENUE in BROOKLYN."},"geometry":{"type":"Point","coordinates":[-73.9442,40.6782]}},{"type":"Feature","id":"nyc_street_permit_legacy_b022017002a43","properties":{"city_id":"nyc","event_id":"nyc_street_permit_legacy_b022017002a43","title":"Legacy street construction permit: DE KALB AVENUE, BROOKLYN","year":2017,"effective_date":"2017-01-02","date_precision":"day","category":"transport","lens":"traffic","confidence":"documented","source_ids":["c9sj-fmsg"],"explanation":"Street/right-of-way work permit affecting DE KALB AVENUE in BROOKLYN."},"geometry":{"type":"Point","coordinates":[-73.9442,40.6782]}},{"type":"Feature","id":"nyc_street_permit_legacy_b022017002a44","properties":{"city_id":"nyc","event_id":"nyc_street_permit_legacy_b022017002a44","title":"Legacy street construction permit: MALCOLM X BOULEVARD, BROOKLYN","year":2017,"effective_date":"2017-01-02","date_precision":"day","category":"transport","lens":"traffic","confidence":"documented","source_ids":["c9sj-fmsg"],"explanation":"Street/right-of-way work permit affecting MALCOLM X BOULEVARD in BROOKLYN."},"geometry":{"type":"Point","coordinates":[-73.9442,40.6782]}},{"type":"Feature","id":"nyc_street_permit_legacy_b022017002a45","properties":{"city_id":"nyc","event_id":"nyc_street_permit_legacy_b022017002a45","title":"Legacy street construction permit: MALCOLM X BOULEVARD, BROOKLYN","year":2017,"effective_date":"2017-01-02","date_precision":"day","category":"transport","lens":"traffic","confidence":"documented","source_ids":["c9sj-fmsg"],"explanation":"Street/right-of-way work permit affecting MALCOLM X BOULEVARD in BROOKLYN."},"geometry":{"type":"Point","coordinates":[-73.9442,40.6782]}},{"type":"Feature","id":"nyc_street_permit_legacy_b022017002a46","properties":{"city_id":"nyc","event_id":"nyc_street_permit_legacy_b022017002a46","title":"Legacy street construction permit: MALCOLM X BOULEVARD, BROOKLYN","year":2017,"effective_date":"2017-01-02","date_precision":"day","category":"transport","lens":"traffic","confidence":"documented","source_ids":["c9sj-fmsg"],"explanation":"Street/right-of-way work permit affecting MALCOLM X BOULEVARD in BROOKLYN."},"geometry":{"type":"Point","coordinates":[-73.9442,40.6782]}},{"type":"Feature","id":"nyc_street_permit_legacy_b022017002a47","properties":{"city_id":"nyc","event_id":"nyc_street_permit_legacy_b022017002a47","title":"Legacy street construction permit: MALCOLM X BOULEVARD, BROOKLYN","year":2017,"effective_date":"2017-01-02","date_precision":"day","category":"transport","lens":"traffic","confidence":"documented","source_ids":["c9sj-fmsg"],"explanation":"Street/right-of-way work permit affecting MALCOLM X BOULEVARD in BROOKLYN."},"geometry":{"type":"Point","coordinates":[-73.9442,40.6782]}},{"type":"Feature","id":"nyc_street_permit_legacy_b022017002a48","properties":{"city_id":"nyc","event_id":"nyc_street_permit_legacy_b022017002a48","title":"Legacy street construction permit: MALCOLM X BOULEVARD, BROOKLYN","year":2017,"effective_date":"2017-01-02","date_precision":"day","category":"transport","lens":"traffic","confidence":"documented","source_ids":["c9sj-fmsg"],"explanation":"Street/right-of-way work permit affecting MALCOLM X BOULEVARD in BROOKLYN."},"geometry":{"type":"Point","coordinates":[-73.9442,40.6782]}},{"type":"Feature","id":"nyc_street_permit_legacy_b022017002a49","properties":{"city_id":"nyc","event_id":"nyc_street_permit_legacy_b022017002a49","title":"Legacy street construction permit: MALCOLM X BOULEVARD, BROOKLYN","year":2017,"effective_date":"2017-01-02","date_precision":"day","category":"transport","lens":"traffic","confidence":"documented","source_ids":["c9sj-fmsg"],"explanation":"Street/right-of-way work permit affecting MALCOLM X BOULEVARD in BROOKLYN."},"geometry":{"type":"Point","coordinates":[-73.9442,40.6782]}},{"type":"Feature","id":"nyc_street_permit_legacy_b022017002a50","properties":{"city_id":"nyc","event_id":"nyc_street_permit_legacy_b022017002a50","title":"Legacy street construction permit: MALCOLM X BOULEVARD, BROOKLYN","year":2017,"effective_date":"2017-01-02","date_precision":"day","category":"transport","lens":"traffic","confidence":"documented","source_ids":["c9sj-fmsg"],"explanation":"Street/right-of-way work permit affecting MALCOLM X BOULEVARD in BROOKLYN."},"geometry":{"type":"Point","coordinates":[-73.9442,40.6782]}},{"type":"Feature","id":"nyc_street_permit_legacy_b022017002a51","properties":{"city_id":"nyc","event_id":"nyc_street_permit_legacy_b022017002a51","title":"Legacy street construction permit: MALCOLM X BOULEVARD, BROOKLYN","year":2017,"effective_date":"2017-01-02","date_precision":"day","category":"transport","lens":"traffic","confidence":"documented","source_ids":["c9sj-fmsg"],"explanation":"Street/right-of-way work permit affecting MALCOLM X BOULEVARD in BROOKLYN."},"geometry":{"type":"Point","coordinates":[-73.9442,40.6782]}},{"type":"Feature","id":"nyc_street_permit_legacy_b022017002a52","properties":{"city_id":"nyc","event_id":"nyc_street_permit_legacy_b022017002a52","title":"Legacy street construction permit: MALCOLM X BOULEVARD, BROOKLYN","year":2017,"effective_date":"2017-01-02","date_precision":"day","category":"transport","lens":"traffic","confidence":"documented","source_ids":["c9sj-fmsg"],"explanation":"Street/right-of-way work permit affecting MALCOLM X BOULEVARD in BROOKLYN."},"geometry":{"type":"Point","coordinates":[-73.9442,40.6782]}},{"type":"Feature","id":"nyc_street_permit_legacy_b022017002a53","properties":{"city_id":"nyc","event_id":"nyc_street_permit_legacy_b022017002a53","title":"Legacy street construction permit: MALCOLM X BOULEVARD, BROOKLYN","year":2017,"effective_date":"2017-01-02","date_precision":"day","category":"transport","lens":"traffic","confidence":"documented","source_ids":["c9sj-fmsg"],"explanation":"Street/right-of-way work permit affecting MALCOLM X BOULEVARD in BROOKLYN."},"geometry":{"type":"Point","coordinates":[-73.9442,40.6782]}},{"type":"Feature","id":"nyc_street_permit_legacy_b022017002a54","properties":{"city_id":"nyc","event_id":"nyc_street_permit_legacy_b022017002a54","title":"Legacy street construction permit: DEAN STREET, BROOKLYN","year":2017,"effective_date":"2017-01-02","date_precision":"day","category":"transport","lens":"traffic","confidence":"documented","source_ids":["c9sj-fmsg"],"explanation":"Street/right-of-way work permit affecting DEAN STREET in BROOKLYN."},"geometry":{"type":"Point","coordinates":[-73.9442,40.6782]}},{"type":"Feature","id":"nyc_street_permit_legacy_b022017002a55","properties":{"city_id":"nyc","event_id":"nyc_street_permit_legacy_b022017002a55","title":"Legacy street construction permit: DEAN STREET, BROOKLYN","year":2017,"effective_date":"2017-01-02","date_precision":"day","category":"transport","lens":"traffic","confidence":"documented","source_ids":["c9sj-fmsg"],"explanation":"Street/right-of-way work permit affecting DEAN STREET in BROOKLYN."},"geometry":{"type":"Point","coordinates":[-73.9442,40.6782]}},{"type":"Feature","id":"nyc_street_permit_legacy_b022017002a56","properties":{"city_id":"nyc","event_id":"nyc_street_permit_legacy_b022017002a56","title":"Legacy street construction permit: DEAN STREET, BROOKLYN","year":2017,"effective_date":"2017-01-02","date_precision":"day","category":"transport","lens":"traffic","confidence":"documented","source_ids":["c9sj-fmsg"],"explanation":"Street/right-of-way work permit affecting DEAN STREET in BROOKLYN."},"geometry":{"type":"Point","coordinates":[-73.9442,40.6782]}},{"type":"Feature","id":"nyc_street_permit_legacy_b022017002a57","properties":{"city_id":"nyc","event_id":"nyc_street_permit_legacy_b022017002a57","title":"Legacy street construction permit: DEAN STREET, BROOKLYN","year":2017,"effective_date":"2017-01-02","date_precision":"day","category":"transport","lens":"traffic","confidence":"documented","source_ids":["c9sj-fmsg"],"explanation":"Street/right-of-way work permit affecting DEAN STREET in BROOKLYN."},"geometry":{"type":"Point","coordinates":[-73.9442,40.6782]}},{"type":"Feature","id":"nyc_street_permit_legacy_b022017002a58","properties":{"city_id":"nyc","event_id":"nyc_street_permit_legacy_b022017002a58","title":"Legacy street construction permit: DEAN STREET, BROOKLYN","year":2017,"effective_date":"2017-01-02","date_precision":"day","category":"transport","lens":"traffic","confidence":"documented","source_ids":["c9sj-fmsg"],"explanation":"Street/right-of-way work permit affecting DEAN STREET in BROOKLYN."},"geometry":{"type":"Point","coordinates":[-73.9442,40.6782]}},{"type":"Feature","id":"nyc_street_permit_legacy_b022017002a59","properties":{"city_id":"nyc","event_id":"nyc_street_permit_legacy_b022017002a59","title":"Legacy street construction permit: DEAN STREET, BROOKLYN","year":2017,"effective_date":"2017-01-02","date_precision":"day","category":"transport","lens":"traffic","confidence":"documented","source_ids":["c9sj-fmsg"],"explanation":"Street/right-of-way work permit affecting DEAN STREET in BROOKLYN."},"geometry":{"type":"Point","coordinates":[-73.9442,40.6782]}},{"type":"Feature","id":"nyc_street_permit_legacy_b022017002a60","properties":{"city_id":"nyc","event_id":"nyc_street_permit_legacy_b022017002a60","title":"Legacy street construction permit: DEAN STREET, BROOKLYN","year":2017,"effective_date":"2017-01-02","date_precision":"day","category":"transport","lens":"traffic","confidence":"documented","source_ids":["c9sj-fmsg"],"explanation":"Street/right-of-way work permit affecting DEAN STREET in BROOKLYN."},"geometry":{"type":"Point","coordinates":[-73.9442,40.6782]}},{"type":"Feature","id":"nyc_street_permit_legacy_b022017002a61","properties":{"city_id":"nyc","event_id":"nyc_street_permit_legacy_b022017002a61","title":"Legacy street construction permit: DEAN STREET, BROOKLYN","year":2017,"effective_date":"2017-01-02","date_precision":"day","category":"transport","lens":"traffic","confidence":"documented","source_ids":["c9sj-fmsg"],"explanation":"Street/right-of-way work permit affecting DEAN STREET in BROOKLYN."},"geometry":{"type":"Point","coordinates":[-73.9442,40.6782]}},{"type":"Feature","id":"nyc_street_permit_legacy_b022017002a62","properties":{"city_id":"nyc","event_id":"nyc_street_permit_legacy_b022017002a62","title":"Legacy street construction permit: DEAN STREET, BROOKLYN","year":2017,"effective_date":"2017-01-02","date_precision":"day","category":"transport","lens":"traffic","confidence":"documented","source_ids":["c9sj-fmsg"],"explanation":"Street/right-of-way work permit affecting DEAN STREET in BROOKLYN."},"geometry":{"type":"Point","coordinates":[-73.9442,40.6782]}},{"type":"Feature","id":"nyc_street_permit_legacy_b022017002a63","properties":{"city_id":"nyc","event_id":"nyc_street_permit_legacy_b022017002a63","title":"Legacy street construction permit: DEAN STREET, BROOKLYN","year":2017,"effective_date":"2017-01-02","date_precision":"day","category":"transport","lens":"traffic","confidence":"documented","source_ids":["c9sj-fmsg"],"explanation":"Street/right-of-way work permit affecting DEAN STREET in BROOKLYN."},"geometry":{"type":"Point","coordinates":[-73.9442,40.6782]}},{"type":"Feature","id":"nyc_street_permit_legacy_b022017002a64","properties":{"city_id":"nyc","event_id":"nyc_street_permit_legacy_b022017002a64","title":"Legacy street construction permit: DEAN STREET, BROOKLYN","year":2017,"effective_date":"2017-01-02","date_precision":"day","category":"transport","lens":"traffic","confidence":"documented","source_ids":["c9sj-fmsg"],"explanation":"Street/right-of-way work permit affecting DEAN STREET in BROOKLYN."},"geometry":{"type":"Point","coordinates":[-73.9442,40.6782]}},{"type":"Feature","id":"nyc_street_permit_legacy_b022017002a65","properties":{"city_id":"nyc","event_id":"nyc_street_permit_legacy_b022017002a65","title":"Legacy street construction permit: DEAN STREET, BROOKLYN","year":2017,"effective_date":"2017-01-02","date_precision":"day","category":"transport","lens":"traffic","confidence":"documented","source_ids":["c9sj-fmsg"],"explanation":"Street/right-of-way work permit affecting DEAN STREET in BROOKLYN."},"geometry":{"type":"Point","coordinates":[-73.9442,40.6782]}},{"type":"Feature","id":"nyc_street_permit_legacy_b022017002a66","properties":{"city_id":"nyc","event_id":"nyc_street_permit_legacy_b022017002a66","title":"Legacy street construction permit: DEAN STREET, BROOKLYN","year":2017,"effective_date":"2017-01-02","date_precision":"day","category":"transport","lens":"traffic","confidence":"documented","source_ids":["c9sj-fmsg"],"explanation":"Street/right-of-way work permit affecting DEAN STREET in BROOKLYN."},"geometry":{"type":"Point","coordinates":[-73.9442,40.6782]}},{"type":"Feature","id":"nyc_street_permit_legacy_b022017002a67","properties":{"city_id":"nyc","event_id":"nyc_street_permit_legacy_b022017002a67","title":"Legacy street construction permit: DEAN STREET, BROOKLYN","year":2017,"effective_date":"2017-01-02","date_precision":"day","category":"transport","lens":"traffic","confidence":"documented","source_ids":["c9sj-fmsg"],"explanation":"Street/right-of-way work permit affecting DEAN STREET in BROOKLYN."},"geometry":{"type":"Point","coordinates":[-73.9442,40.6782]}},{"type":"Feature","id":"nyc_street_permit_legacy_b022017002a68","properties":{"city_id":"nyc","event_id":"nyc_street_permit_legacy_b022017002a68","title":"Legacy street construction permit: DEAN STREET, BROOKLYN","year":2017,"effective_date":"2017-01-02","date_precision":"day","category":"transport","lens":"traffic","confidence":"documented","source_ids":["c9sj-fmsg"],"explanation":"Street/right-of-way work permit affecting DEAN STREET in BROOKLYN."},"geometry":{"type":"Point","coordinates":[-73.9442,40.6782]}},{"type":"Feature","id":"nyc_street_permit_legacy_b022017002a69","properties":{"city_id":"nyc","event_id":"nyc_street_permit_legacy_b022017002a69","title":"Legacy street construction permit: DEAN STREET, BROOKLYN","year":2017,"effective_date":"2017-01-02","date_precision":"day","category":"transport","lens":"traffic","confidence":"documented","source_ids":["c9sj-fmsg"],"explanation":"Street/right-of-way work permit affecting DEAN STREET in BROOKLYN."},"geometry":{"type":"Point","coordinates":[-73.9442,40.6782]}},{"type":"Feature","id":"nyc_street_permit_legacy_b022017002a70","properties":{"city_id":"nyc","event_id":"nyc_street_permit_legacy_b022017002a70","title":"Legacy street construction permit: DEAN STREET, BROOKLYN","year":2017,"effective_date":"2017-01-02","date_precision":"day","category":"transport","lens":"traffic","confidence":"documented","source_ids":["c9sj-fmsg"],"explanation":"Street/right-of-way work permit affecting DEAN STREET in BROOKLYN."},"geometry":{"type":"Point","coordinates":[-73.9442,40.6782]}},{"type":"Feature","id":"nyc_street_permit_legacy_b022017002a71","properties":{"city_id":"nyc","event_id":"nyc_street_permit_legacy_b022017002a71","title":"Legacy street construction permit: DEAN STREET, BROOKLYN","year":2017,"effective_date":"2017-01-02","date_precision":"day","category":"transport","lens":"traffic","confidence":"documented","source_ids":["c9sj-fmsg"],"explanation":"Street/right-of-way work permit affecting DEAN STREET in BROOKLYN."},"geometry":{"type":"Point","coordinates":[-73.9442,40.6782]}},{"type":"Feature","id":"nyc_street_permit_legacy_b022017002a72","properties":{"city_id":"nyc","event_id":"nyc_street_permit_legacy_b022017002a72","title":"Legacy street construction permit: HEWES STREET, BROOKLYN","year":2017,"effective_date":"2017-01-02","date_precision":"day","category":"transport","lens":"traffic","confidence":"documented","source_ids":["c9sj-fmsg"],"explanation":"Street/right-of-way work permit affecting HEWES STREET in BROOKLYN."},"geometry":{"type":"Point","coordinates":[-73.9442,40.6782]}},{"type":"Feature","id":"nyc_street_permit_legacy_b162017001a00","properties":{"city_id":"nyc","event_id":"nyc_street_permit_legacy_b162017001a00","title":"Legacy street construction permit: MYRTLE AVENUE, BROOKLYN","year":2017,"effective_date":"2017-01-01","date_precision":"day","category":"transport","lens":"traffic","confidence":"documented","source_ids":["c9sj-fmsg"],"explanation":"Street/right-of-way work permit affecting MYRTLE AVENUE in BROOKLYN."},"geometry":{"type":"Point","coordinates":[-73.9442,40.6782]}},{"type":"Feature","id":"nyc_street_permit_legacy_b162017001a01","properties":{"city_id":"nyc","event_id":"nyc_street_permit_legacy_b162017001a01","title":"Legacy street construction permit: ST JAMES PLACE, BROOKLYN","year":2017,"effective_date":"2017-01-01","date_precision":"day","category":"transport","lens":"traffic","confidence":"documented","source_ids":["c9sj-fmsg"],"explanation":"Street/right-of-way work permit affecting ST JAMES PLACE in BROOKLYN."},"geometry":{"type":"Point","coordinates":[-73.9442,40.6782]}},{"type":"Feature","id":"nyc_street_permit_legacy_b162017001a02","properties":{"city_id":"nyc","event_id":"nyc_street_permit_legacy_b162017001a02","title":"Legacy street construction permit: 43 STREET, BROOKLYN","year":2017,"effective_date":"2017-01-01","date_precision":"day","category":"transport","lens":"traffic","confidence":"documented","source_ids":["c9sj-fmsg"],"explanation":"Street/right-of-way work permit affecting 43 STREET in BROOKLYN."},"geometry":{"type":"Point","coordinates":[-73.9442,40.6782]}},{"type":"Feature","id":"nyc_street_permit_legacy_b162017001a03","properties":{"city_id":"nyc","event_id":"nyc_street_permit_legacy_b162017001a03","title":"Legacy street construction permit: GATES AVENUE, BROOKLYN","year":2017,"effective_date":"2017-01-01","date_precision":"day","category":"transport","lens":"traffic","confidence":"documented","source_ids":["c9sj-fmsg"],"explanation":"Street/right-of-way work permit affecting GATES AVENUE in BROOKLYN."},"geometry":{"type":"Point","coordinates":[-73.9442,40.6782]}},{"type":"Feature","id":"nyc_street_permit_legacy_b162017001a04","properties":{"city_id":"nyc","event_id":"nyc_street_permit_legacy_b162017001a04","title":"Legacy street construction permit: AVENUE O, BROOKLYN","year":2017,"effective_date":"2017-01-01","date_precision":"day","category":"transport","lens":"traffic","confidence":"documented","source_ids":["c9sj-fmsg"],"explanation":"Street/right-of-way work permit affecting AVENUE O in BROOKLYN."},"geometry":{"type":"Point","coordinates":[-73.9442,40.6782]}},{"type":"Feature","id":"nyc_street_permit_legacy_b162017001a05","properties":{"city_id":"nyc","event_id":"nyc_street_permit_legacy_b162017001a05","title":"Legacy street construction permit: MACON STREET, BROOKLYN","year":2017,"effective_date":"2017-01-01","date_precision":"day","category":"transport","lens":"traffic","confidence":"documented","source_ids":["c9sj-fmsg"],"explanation":"Street/right-of-way work permit affecting MACON STREET in BROOKLYN."},"geometry":{"type":"Point","coordinates":[-73.9442,40.6782]}},{"type":"Feature","id":"nyc_street_permit_legacy_b162017001a06","properties":{"city_id":"nyc","event_id":"nyc_street_permit_legacy_b162017001a06","title":"Legacy street construction permit: PRESIDENT STREET, BROOKLYN","year":2017,"effective_date":"2017-01-01","date_precision":"day","category":"transport","lens":"traffic","confidence":"documented","source_ids":["c9sj-fmsg"],"explanation":"Street/right-of-way work permit affecting PRESIDENT STREET in BROOKLYN."},"geometry":{"type":"Point","coordinates":[-73.9442,40.6782]}},{"type":"Feature","id":"nyc_street_permit_legacy_b162017001a07","properties":{"city_id":"nyc","event_id":"nyc_street_permit_legacy_b162017001a07","title":"Legacy street construction permit: GATES AVENUE, BROOKLYN","year":2017,"effective_date":"2017-01-01","date_precision":"day","category":"transport","lens":"traffic","confidence":"documented","source_ids":["c9sj-fmsg"],"explanation":"Street/right-of-way work permit affecting GATES AVENUE in BROOKLYN."},"geometry":{"type":"Point","coordinates":[-73.9442,40.6782]}},{"type":"Feature","id":"nyc_street_permit_legacy_b162017001a08","properties":{"city_id":"nyc","event_id":"nyc_street_permit_legacy_b162017001a08","title":"Legacy street construction permit: RUTLAND ROAD, BROOKLYN","year":2017,"effective_date":"2017-01-01","date_precision":"day","category":"transport","lens":"traffic","confidence":"documented","source_ids":["c9sj-fmsg"],"explanation":"Street/right-of-way work permit affecting RUTLAND ROAD in BROOKLYN."},"geometry":{"type":"Point","coordinates":[-73.9442,40.6782]}},{"type":"Feature","id":"nyc_street_permit_legacy_b162017002a00","properties":{"city_id":"nyc","event_id":"nyc_street_permit_legacy_b162017002a00","title":"Legacy street construction permit: 3 STREET, BROOKLYN","year":2017,"effective_date":"2017-01-02","date_precision":"day","category":"transport","lens":"traffic","confidence":"documented","source_ids":["c9sj-fmsg"],"explanation":"Street/right-of-way work permit affecting 3 STREET in BROOKLYN."},"geometry":{"type":"Point","coordinates":[-73.9442,40.6782]}},{"type":"Feature","id":"nyc_street_permit_legacy_b162017002a01","properties":{"city_id":"nyc","event_id":"nyc_street_permit_legacy_b162017002a01","title":"Legacy street construction permit: SOUTH 11 STREET, BROOKLYN","year":2017,"effective_date":"2017-01-02","date_precision":"day","category":"transport","lens":"traffic","confidence":"documented","source_ids":["c9sj-fmsg"],"explanation":"Street/right-of-way work permit affecting SOUTH 11 STREET in BROOKLYN."},"geometry":{"type":"Point","coordinates":[-73.9442,40.6782]}},{"type":"Feature","id":"nyc_street_permit_legacy_b162017002a02","properties":{"city_id":"nyc","event_id":"nyc_street_permit_legacy_b162017002a02","title":"Legacy street construction permit: DECATUR STREET, BROOKLYN","year":2017,"effective_date":"2017-01-02","date_precision":"day","category":"transport","lens":"traffic","confidence":"documented","source_ids":["c9sj-fmsg"],"explanation":"Street/right-of-way work permit affecting DECATUR STREET in BROOKLYN."},"geometry":{"type":"Point","coordinates":[-73.9442,40.6782]}},{"type":"Feature","id":"nyc_street_permit_legacy_b162017002a03","properties":{"city_id":"nyc","event_id":"nyc_street_permit_legacy_b162017002a03","title":"Legacy street construction permit: EAST 92 STREET, BROOKLYN","year":2017,"effective_date":"2017-01-02","date_precision":"day","category":"transport","lens":"traffic","confidence":"documented","source_ids":["c9sj-fmsg"],"explanation":"Street/right-of-way work permit affecting EAST 92 STREET in BROOKLYN."},"geometry":{"type":"Point","coordinates":[-73.9442,40.6782]}},{"type":"Feature","id":"nyc_street_permit_legacy_m012016347a05","properties":{"city_id":"nyc","event_id":"nyc_street_permit_legacy_m012016347a05","title":"Legacy street construction permit: RIVERSIDE DRIVE, MANHATTAN","year":2017,"effective_date":"2017-01-02","date_precision":"day","category":"transport","lens":"traffic","confidence":"documented","source_ids":["c9sj-fmsg"],"explanation":"Street/right-of-way work permit affecting RIVERSIDE DRIVE in MANHATTAN."},"geometry":{"type":"Point","coordinates":[-73.9712,40.7831]}},{"type":"Feature","id":"nyc_street_permit_legacy_m012017001a00","properties":{"city_id":"nyc","event_id":"nyc_street_permit_legacy_m012017001a00","title":"Legacy street construction permit: 10 AVENUE, MANHATTAN","year":2017,"effective_date":"2017-01-01","date_precision":"day","category":"transport","lens":"traffic","confidence":"documented","source_ids":["c9sj-fmsg"],"explanation":"Street/right-of-way work permit affecting 10 AVENUE in MANHATTAN."},"geometry":{"type":"Point","coordinates":[-73.9712,40.7831]}},{"type":"Feature","id":"nyc_street_permit_legacy_m022017001a00","properties":{"city_id":"nyc","event_id":"nyc_street_permit_legacy_m022017001a00","title":"Legacy street construction permit: EAST 53 STREET, MANHATTAN","year":2017,"effective_date":"2017-01-01","date_precision":"day","category":"transport","lens":"traffic","confidence":"documented","source_ids":["c9sj-fmsg"],"explanation":"Street/right-of-way work permit affecting EAST 53 STREET in MANHATTAN."},"geometry":{"type":"Point","coordinates":[-73.9712,40.7831]}},{"type":"Feature","id":"nyc_street_permit_legacy_m022017001a01","properties":{"city_id":"nyc","event_id":"nyc_street_permit_legacy_m022017001a01","title":"Legacy street construction permit: EAST 53 STREET, MANHATTAN","year":2017,"effective_date":"2017-01-01","date_precision":"day","category":"transport","lens":"traffic","confidence":"documented","source_ids":["c9sj-fmsg"],"explanation":"Street/right-of-way work permit affecting EAST 53 STREET in MANHATTAN."},"geometry":{"type":"Point","coordinates":[-73.9712,40.7831]}},{"type":"Feature","id":"nyc_street_permit_legacy_m022017001a02","properties":{"city_id":"nyc","event_id":"nyc_street_permit_legacy_m022017001a02","title":"Legacy street construction permit: EAST 53 STREET, MANHATTAN","year":2017,"effective_date":"2017-01-01","date_precision":"day","category":"transport","lens":"traffic","confidence":"documented","source_ids":["c9sj-fmsg"],"explanation":"Street/right-of-way work permit affecting EAST 53 STREET in MANHATTAN."},"geometry":{"type":"Point","coordinates":[-73.9712,40.7831]}},{"type":"Feature","id":"nyc_street_permit_legacy_m022017002a00","properties":{"city_id":"nyc","event_id":"nyc_street_permit_legacy_m022017002a00","title":"Legacy street construction permit: WARREN STREET, MANHATTAN","year":2017,"effective_date":"2017-01-02","date_precision":"day","category":"transport","lens":"traffic","confidence":"documented","source_ids":["c9sj-fmsg"],"explanation":"Street/right-of-way work permit affecting WARREN STREET in MANHATTAN."},"geometry":{"type":"Point","coordinates":[-73.9712,40.7831]}},{"type":"Feature","id":"nyc_street_permit_legacy_m022017002a01","properties":{"city_id":"nyc","event_id":"nyc_street_permit_legacy_m022017002a01","title":"Legacy street construction permit: WARREN STREET, MANHATTAN","year":2017,"effective_date":"2017-01-02","date_precision":"day","category":"transport","lens":"traffic","confidence":"documented","source_ids":["c9sj-fmsg"],"explanation":"Street/right-of-way work permit affecting WARREN STREET in MANHATTAN."},"geometry":{"type":"Point","coordinates":[-73.9712,40.7831]}},{"type":"Feature","id":"nyc_street_permit_legacy_m032017001a00","properties":{"city_id":"nyc","event_id":"nyc_street_permit_legacy_m032017001a00","title":"Legacy street construction permit: BLEECKER STREET, MANHATTAN","year":2017,"effective_date":"2017-01-01","date_precision":"day","category":"transport","lens":"traffic","confidence":"documented","source_ids":["c9sj-fmsg"],"explanation":"Street/right-of-way work permit affecting BLEECKER STREET in MANHATTAN."},"geometry":{"type":"Point","coordinates":[-73.9712,40.7831]}},{"type":"Feature","id":"nyc_street_permit_legacy_m032017001a01","properties":{"city_id":"nyc","event_id":"nyc_street_permit_legacy_m032017001a01","title":"Legacy street construction permit: BLEECKER STREET, MANHATTAN","year":2017,"effective_date":"2017-01-01","date_precision":"day","category":"transport","lens":"traffic","confidence":"documented","source_ids":["c9sj-fmsg"],"explanation":"Street/right-of-way work permit affecting BLEECKER STREET in MANHATTAN."},"geometry":{"type":"Point","coordinates":[-73.9712,40.7831]}},{"type":"Feature","id":"nyc_street_permit_legacy_m032017002a00","properties":{"city_id":"nyc","event_id":"nyc_street_permit_legacy_m032017002a00","title":"Legacy street construction permit: LEXINGTON AVENUE, MANHATTAN","year":2017,"effective_date":"2017-01-02","date_precision":"day","category":"transport","lens":"traffic","confidence":"documented","source_ids":["c9sj-fmsg"],"explanation":"Street/right-of-way work permit affecting LEXINGTON AVENUE in MANHATTAN."},"geometry":{"type":"Point","coordinates":[-73.9712,40.7831]}},{"type":"Feature","id":"nyc_street_permit_legacy_m032017002a01","properties":{"city_id":"nyc","event_id":"nyc_street_permit_legacy_m032017002a01","title":"Legacy street construction permit: YORK AVENUE, MANHATTAN","year":2017,"effective_date":"2017-01-02","date_precision":"day","category":"transport","lens":"traffic","confidence":"documented","source_ids":["c9sj-fmsg"],"explanation":"Street/right-of-way work permit affecting YORK AVENUE in MANHATTAN."},"geometry":{"type":"Point","coordinates":[-73.9712,40.7831]}},{"type":"Feature","id":"nyc_street_permit_legacy_m032017002a02","properties":{"city_id":"nyc","event_id":"nyc_street_permit_legacy_m032017002a02","title":"Legacy street construction permit: MADISON AVENUE, MANHATTAN","year":2017,"effective_date":"2017-01-02","date_precision":"day","category":"transport","lens":"traffic","confidence":"documented","source_ids":["c9sj-fmsg"],"explanation":"Street/right-of-way work permit affecting MADISON AVENUE in MANHATTAN."},"geometry":{"type":"Point","coordinates":[-73.9712,40.7831]}},{"type":"Feature","id":"nyc_street_permit_legacy_m032017002a03","properties":{"city_id":"nyc","event_id":"nyc_street_permit_legacy_m032017002a03","title":"Legacy street construction permit: WATER STREET, MANHATTAN","year":2017,"effective_date":"2017-01-02","date_precision":"day","category":"transport","lens":"traffic","confidence":"documented","source_ids":["c9sj-fmsg"],"explanation":"Street/right-of-way work permit affecting WATER STREET in MANHATTAN."},"geometry":{"type":"Point","coordinates":[-73.9712,40.7831]}},{"type":"Feature","id":"nyc_street_permit_legacy_m032017002a04","properties":{"city_id":"nyc","event_id":"nyc_street_permit_legacy_m032017002a04","title":"Legacy street construction permit: 1 AVENUE, MANHATTAN","year":2017,"effective_date":"2017-01-02","date_precision":"day","category":"transport","lens":"traffic","confidence":"documented","source_ids":["c9sj-fmsg"],"explanation":"Street/right-of-way work permit affecting 1 AVENUE in MANHATTAN."},"geometry":{"type":"Point","coordinates":[-73.9712,40.7831]}},{"type":"Feature","id":"nyc_street_permit_legacy_m032017002a05","properties":{"city_id":"nyc","event_id":"nyc_street_permit_legacy_m032017002a05","title":"Legacy street construction permit: EAST 53 STREET, MANHATTAN","year":2017,"effective_date":"2017-01-02","date_precision":"day","category":"transport","lens":"traffic","confidence":"documented","source_ids":["c9sj-fmsg"],"explanation":"Street/right-of-way work permit affecting EAST 53 STREET in MANHATTAN."},"geometry":{"type":"Point","coordinates":[-73.9712,40.7831]}},{"type":"Feature","id":"nyc_street_permit_legacy_m032017002a06","properties":{"city_id":"nyc","event_id":"nyc_street_permit_legacy_m032017002a06","title":"Legacy street construction permit: EAST 79 STREET, MANHATTAN","year":2017,"effective_date":"2017-01-02","date_precision":"day","category":"transport","lens":"traffic","confidence":"documented","source_ids":["c9sj-fmsg"],"explanation":"Street/right-of-way work permit affecting EAST 79 STREET in MANHATTAN."},"geometry":{"type":"Point","coordinates":[-73.9712,40.7831]}},{"type":"Feature","id":"nyc_street_permit_legacy_m032017002a07","properties":{"city_id":"nyc","event_id":"nyc_street_permit_legacy_m032017002a07","title":"Legacy street construction permit: MADISON STREET, MANHATTAN","year":2017,"effective_date":"2017-01-02","date_precision":"day","category":"transport","lens":"traffic","confidence":"documented","source_ids":["c9sj-fmsg"],"explanation":"Street/right-of-way work permit affecting MADISON STREET in MANHATTAN."},"geometry":{"type":"Point","coordinates":[-73.9712,40.7831]}},{"type":"Feature","id":"nyc_street_permit_legacy_m032017002a08","properties":{"city_id":"nyc","event_id":"nyc_street_permit_legacy_m032017002a08","title":"Legacy street construction permit: 11 AVENUE, MANHATTAN","year":2017,"effective_date":"2017-01-02","date_precision":"day","category":"transport","lens":"traffic","confidence":"documented","source_ids":["c9sj-fmsg"],"explanation":"Street/right-of-way work permit affecting 11 AVENUE in MANHATTAN."},"geometry":{"type":"Point","coordinates":[-73.9712,40.7831]}},{"type":"Feature","id":"nyc_street_permit_legacy_m032017002a09","properties":{"city_id":"nyc","event_id":"nyc_street_permit_legacy_m032017002a09","title":"Legacy street construction permit: 3 AVENUE, MANHATTAN","year":2017,"effective_date":"2017-01-02","date_precision":"day","category":"transport","lens":"traffic","confidence":"documented","source_ids":["c9sj-fmsg"],"explanation":"Street/right-of-way work permit affecting 3 AVENUE in MANHATTAN."},"geometry":{"type":"Point","coordinates":[-73.9712,40.7831]}},{"type":"Feature","id":"nyc_street_permit_legacy_m032017002a10","properties":{"city_id":"nyc","event_id":"nyc_street_permit_legacy_m032017002a10","title":"Legacy street construction permit: 1 AVENUE, MANHATTAN","year":2017,"effective_date":"2017-01-02","date_precision":"day","category":"transport","lens":"traffic","confidence":"documented","source_ids":["c9sj-fmsg"],"explanation":"Street/right-of-way work permit affecting 1 AVENUE in MANHATTAN."},"geometry":{"type":"Point","coordinates":[-73.9712,40.7831]}},{"type":"Feature","id":"nyc_street_permit_legacy_m032017002a11","properties":{"city_id":"nyc","event_id":"nyc_street_permit_legacy_m032017002a11","title":"Legacy street construction permit: JOHN STREET, MANHATTAN","year":2017,"effective_date":"2017-01-02","date_precision":"day","category":"transport","lens":"traffic","confidence":"documented","source_ids":["c9sj-fmsg"],"explanation":"Street/right-of-way work permit affecting JOHN STREET in MANHATTAN."},"geometry":{"type":"Point","coordinates":[-73.9712,40.7831]}},{"type":"Feature","id":"nyc_street_permit_legacy_m042017002a00","properties":{"city_id":"nyc","event_id":"nyc_street_permit_legacy_m042017002a00","title":"Legacy street construction permit: CHRYSTIE STREET, MANHATTAN","year":2017,"effective_date":"2017-01-02","date_precision":"day","category":"transport","lens":"traffic","confidence":"documented","source_ids":["c9sj-fmsg"],"explanation":"Street/right-of-way work permit affecting CHRYSTIE STREET in MANHATTAN."},"geometry":{"type":"Point","coordinates":[-73.9712,40.7831]}},{"type":"Feature","id":"nyc_street_permit_legacy_m162017001a00","properties":{"city_id":"nyc","event_id":"nyc_street_permit_legacy_m162017001a00","title":"Legacy street construction permit: WEST 144 STREET, MANHATTAN","year":2017,"effective_date":"2017-01-01","date_precision":"day","category":"transport","lens":"traffic","confidence":"documented","source_ids":["c9sj-fmsg"],"explanation":"Street/right-of-way work permit affecting WEST 144 STREET in MANHATTAN."},"geometry":{"type":"Point","coordinates":[-73.9712,40.7831]}},{"type":"Feature","id":"nyc_street_permit_legacy_m162017001a01","properties":{"city_id":"nyc","event_id":"nyc_street_permit_legacy_m162017001a01","title":"Legacy street construction permit: ST NICHOLAS AVENUE, MANHATTAN","year":2017,"effective_date":"2017-01-01","date_precision":"day","category":"transport","lens":"traffic","confidence":"documented","source_ids":["c9sj-fmsg"],"explanation":"Street/right-of-way work permit affecting ST NICHOLAS AVENUE in MANHATTAN."},"geometry":{"type":"Point","coordinates":[-73.9712,40.7831]}},{"type":"Feature","id":"nyc_street_permit_legacy_m162017002a00","properties":{"city_id":"nyc","event_id":"nyc_street_permit_legacy_m162017002a00","title":"Legacy street construction permit: WEST 115 STREET, MANHATTAN","year":2017,"effective_date":"2017-01-02","date_precision":"day","category":"transport","lens":"traffic","confidence":"documented","source_ids":["c9sj-fmsg"],"explanation":"Street/right-of-way work permit affecting WEST 115 STREET in MANHATTAN."},"geometry":{"type":"Point","coordinates":[-73.9712,40.7831]}},{"type":"Feature","id":"nyc_street_permit_legacy_q012017001a00","properties":{"city_id":"nyc","event_id":"nyc_street_permit_legacy_q012017001a00","title":"Legacy street construction permit: STEINWAY STREET, QUEENS","year":2017,"effective_date":"2017-01-01","date_precision":"day","category":"transport","lens":"traffic","confidence":"documented","source_ids":["c9sj-fmsg"],"explanation":"Street/right-of-way work permit affecting STEINWAY STREET in QUEENS."},"geometry":{"type":"Point","coordinates":[-73.7949,40.7282]}},{"type":"Feature","id":"nyc_street_permit_legacy_q162017001a00","properties":{"city_id":"nyc","event_id":"nyc_street_permit_legacy_q162017001a00","title":"Legacy street construction permit: UNION TURNPIKE, QUEENS","year":2017,"effective_date":"2017-01-01","date_precision":"day","category":"transport","lens":"traffic","confidence":"documented","source_ids":["c9sj-fmsg"],"explanation":"Street/right-of-way work permit affecting UNION TURNPIKE in QUEENS."},"geometry":{"type":"Point","coordinates":[-73.7949,40.7282]}},{"type":"Feature","id":"nyc_street_permit_legacy_q162017001a01","properties":{"city_id":"nyc","event_id":"nyc_street_permit_legacy_q162017001a01","title":"Legacy street construction permit: 20 STREET, QUEENS","year":2017,"effective_date":"2017-01-01","date_precision":"day","category":"transport","lens":"traffic","confidence":"documented","source_ids":["c9sj-fmsg"],"explanation":"Street/right-of-way work permit affecting 20 STREET in QUEENS."},"geometry":{"type":"Point","coordinates":[-73.7949,40.7282]}},{"type":"Feature","id":"nyc_street_permit_legacy_q162017001a02","properties":{"city_id":"nyc","event_id":"nyc_street_permit_legacy_q162017001a02","title":"Legacy street construction permit: QUEENS BOULEVARD, QUEENS","year":2017,"effective_date":"2017-01-01","date_precision":"day","category":"transport","lens":"traffic","confidence":"documented","source_ids":["c9sj-fmsg"],"explanation":"Street/right-of-way work permit affecting QUEENS BOULEVARD in QUEENS."},"geometry":{"type":"Point","coordinates":[-73.7949,40.7282]}},{"type":"Feature","id":"nyc_street_permit_legacy_q162017001a03","properties":{"city_id":"nyc","event_id":"nyc_street_permit_legacy_q162017001a03","title":"Legacy street construction permit: 244 STREET, QUEENS","year":2017,"effective_date":"2017-01-01","date_precision":"day","category":"transport","lens":"traffic","confidence":"documented","source_ids":["c9sj-fmsg"],"explanation":"Street/right-of-way work permit affecting 244 STREET in QUEENS."},"geometry":{"type":"Point","coordinates":[-73.7949,40.7282]}},{"type":"Feature","id":"nyc_street_permit_legacy_q162017001a04","properties":{"city_id":"nyc","event_id":"nyc_street_permit_legacy_q162017001a04","title":"Legacy street construction permit: GROVE STREET, QUEENS","year":2017,"effective_date":"2017-01-01","date_precision":"day","category":"transport","lens":"traffic","confidence":"documented","source_ids":["c9sj-fmsg"],"explanation":"Street/right-of-way work permit affecting GROVE STREET in QUEENS."},"geometry":{"type":"Point","coordinates":[-73.7949,40.7282]}},{"type":"Feature","id":"nyc_street_permit_legacy_q162017002a00","properties":{"city_id":"nyc","event_id":"nyc_street_permit_legacy_q162017002a00","title":"Legacy street construction permit: CYPRESS AVENUE, QUEENS","year":2017,"effective_date":"2017-01-02","date_precision":"day","category":"transport","lens":"traffic","confidence":"documented","source_ids":["c9sj-fmsg"],"explanation":"Street/right-of-way work permit affecting CYPRESS AVENUE in QUEENS."},"geometry":{"type":"Point","coordinates":[-73.7949,40.7282]}},{"type":"Feature","id":"nyc_street_permit_legacy_q162017002a01","properties":{"city_id":"nyc","event_id":"nyc_street_permit_legacy_q162017002a01","title":"Legacy street construction permit: PARK LANE SOUTH, QUEENS","year":2017,"effective_date":"2017-01-02","date_precision":"day","category":"transport","lens":"traffic","confidence":"documented","source_ids":["c9sj-fmsg"],"explanation":"Street/right-of-way work permit affecting PARK LANE SOUTH in QUEENS."},"geometry":{"type":"Point","coordinates":[-73.7949,40.7282]}},{"type":"Feature","id":"nyc_street_permit_legacy_q162017002a02","properties":{"city_id":"nyc","event_id":"nyc_street_permit_legacy_q162017002a02","title":"Legacy street construction permit: 68 ROAD, QUEENS","year":2017,"effective_date":"2017-01-02","date_precision":"day","category":"transport","lens":"traffic","confidence":"documented","source_ids":["c9sj-fmsg"],"explanation":"Street/right-of-way work permit affecting 68 ROAD in QUEENS."},"geometry":{"type":"Point","coordinates":[-73.7949,40.7282]}},{"type":"Feature","id":"nyc_street_permit_legacy_q162017002a03","properties":{"city_id":"nyc","event_id":"nyc_street_permit_legacy_q162017002a03","title":"Legacy street construction permit: 60 STREET, QUEENS","year":2017,"effective_date":"2017-01-02","date_precision":"day","category":"transport","lens":"traffic","confidence":"documented","source_ids":["c9sj-fmsg"],"explanation":"Street/right-of-way work permit affecting 60 STREET in QUEENS."},"geometry":{"type":"Point","coordinates":[-73.7949,40.7282]}},{"type":"Feature","id":"nyc_street_permit_legacy_s012017001a01","properties":{"city_id":"nyc","event_id":"nyc_street_permit_legacy_s012017001a01","title":"Legacy street construction permit: RICHMOND AVENUE, STATEN ISLAND","year":2017,"effective_date":"2017-01-01","date_precision":"day","category":"transport","lens":"traffic","confidence":"documented","source_ids":["c9sj-fmsg"],"explanation":"Street/right-of-way work permit affecting RICHMOND AVENUE in STATEN ISLAND."},"geometry":{"type":"Point","coordinates":[-74.1502,40.5795]}},{"type":"Feature","id":"nyc_street_permit_legacy_s012017001a02","properties":{"city_id":"nyc","event_id":"nyc_street_permit_legacy_s012017001a02","title":"Legacy street construction permit: MERKEL PLACE, STATEN ISLAND","year":2017,"effective_date":"2017-01-01","date_precision":"day","category":"transport","lens":"traffic","confidence":"documented","source_ids":["c9sj-fmsg"],"explanation":"Street/right-of-way work permit affecting MERKEL PLACE in STATEN ISLAND."},"geometry":{"type":"Point","coordinates":[-74.1502,40.5795]}},{"type":"Feature","id":"nyc_street_permit_legacy_s012017001a03","properties":{"city_id":"nyc","event_id":"nyc_street_permit_legacy_s012017001a03","title":"Legacy street construction permit: TARLTON STREET, STATEN ISLAND","year":2017,"effective_date":"2017-01-01","date_precision":"day","category":"transport","lens":"traffic","confidence":"documented","source_ids":["c9sj-fmsg"],"explanation":"Street/right-of-way work permit affecting TARLTON STREET in STATEN ISLAND."},"geometry":{"type":"Point","coordinates":[-74.1502,40.5795]}},{"type":"Feature","id":"nyc_street_permit_legacy_s012017001a04","properties":{"city_id":"nyc","event_id":"nyc_street_permit_legacy_s012017001a04","title":"Legacy street construction permit: MILL ROAD, STATEN ISLAND","year":2017,"effective_date":"2017-01-01","date_precision":"day","category":"transport","lens":"traffic","confidence":"documented","source_ids":["c9sj-fmsg"],"explanation":"Street/right-of-way work permit affecting MILL ROAD in STATEN ISLAND."},"geometry":{"type":"Point","coordinates":[-74.1502,40.5795]}},{"type":"Feature","id":"nyc_street_permit_legacy_s012017001a05","properties":{"city_id":"nyc","event_id":"nyc_street_permit_legacy_s012017001a05","title":"Legacy street construction permit: BLOOMFIELD AVENUE, STATEN ISLAND","year":2017,"effective_date":"2017-01-01","date_precision":"day","category":"transport","lens":"traffic","confidence":"documented","source_ids":["c9sj-fmsg"],"explanation":"Street/right-of-way work permit affecting BLOOMFIELD AVENUE in STATEN ISLAND."},"geometry":{"type":"Point","coordinates":[-74.1502,40.5795]}},{"type":"Feature","id":"nyc_street_permit_legacy_s012017001a06","properties":{"city_id":"nyc","event_id":"nyc_street_permit_legacy_s012017001a06","title":"Legacy street construction permit: GULF AVENUE, STATEN ISLAND","year":2017,"effective_date":"2017-01-01","date_precision":"day","category":"transport","lens":"traffic","confidence":"documented","source_ids":["c9sj-fmsg"],"explanation":"Street/right-of-way work permit affecting GULF AVENUE in STATEN ISLAND."},"geometry":{"type":"Point","coordinates":[-74.1502,40.5795]}},{"type":"Feature","id":"nyc_street_permit_legacy_s162017002a00","properties":{"city_id":"nyc","event_id":"nyc_street_permit_legacy_s162017002a00","title":"Legacy street construction permit: LAYTON AVENUE, STATEN ISLAND","year":2017,"effective_date":"2017-01-02","date_precision":"day","category":"transport","lens":"traffic","confidence":"documented","source_ids":["c9sj-fmsg"],"explanation":"Street/right-of-way work permit affecting LAYTON AVENUE in STATEN ISLAND."},"geometry":{"type":"Point","coordinates":[-74.1502,40.5795]}},{"type":"Feature","id":"nyc_street_permit_legacy_s162017002a01","properties":{"city_id":"nyc","event_id":"nyc_street_permit_legacy_s162017002a01","title":"Legacy street construction permit: WENTWORTH AVENUE, STATEN ISLAND","year":2017,"effective_date":"2017-01-02","date_precision":"day","category":"transport","lens":"traffic","confidence":"documented","source_ids":["c9sj-fmsg"],"explanation":"Street/right-of-way work permit affecting WENTWORTH AVENUE in STATEN ISLAND."},"geometry":{"type":"Point","coordinates":[-74.1502,40.5795]}},{"type":"Feature","id":"nyc_street_permit_legacy_s162017002a02","properties":{"city_id":"nyc","event_id":"nyc_street_permit_legacy_s162017002a02","title":"Legacy street construction permit: AMELIA COURT, STATEN ISLAND","year":2017,"effective_date":"2017-01-02","date_precision":"day","category":"transport","lens":"traffic","confidence":"documented","source_ids":["c9sj-fmsg"],"explanation":"Street/right-of-way work permit affecting AMELIA COURT in STATEN ISLAND."},"geometry":{"type":"Point","coordinates":[-74.1502,40.5795]}},{"type":"Feature","id":"nyc_street_permit_legacy_x012017001a00","properties":{"city_id":"nyc","event_id":"nyc_street_permit_legacy_x012017001a00","title":"Legacy street construction permit: PROSPECT AVENUE, BRONX","year":2017,"effective_date":"2017-01-01","date_precision":"day","category":"transport","lens":"traffic","confidence":"documented","source_ids":["c9sj-fmsg"],"explanation":"Street/right-of-way work permit affecting PROSPECT AVENUE in BRONX."},"geometry":{"type":"Point","coordinates":[-73.8648,40.8448]}},{"type":"Feature","id":"nyc_street_permit_legacy_x012017001a01","properties":{"city_id":"nyc","event_id":"nyc_street_permit_legacy_x012017001a01","title":"Legacy street construction permit: PROSPECT AVENUE, BRONX","year":2017,"effective_date":"2017-01-01","date_precision":"day","category":"transport","lens":"traffic","confidence":"documented","source_ids":["c9sj-fmsg"],"explanation":"Street/right-of-way work permit affecting PROSPECT AVENUE in BRONX."},"geometry":{"type":"Point","coordinates":[-73.8648,40.8448]}},{"type":"Feature","id":"nyc_street_permit_legacy_x022017001a00","properties":{"city_id":"nyc","event_id":"nyc_street_permit_legacy_x022017001a00","title":"Legacy street construction permit: PROSPECT AVENUE, BRONX","year":2017,"effective_date":"2017-01-01","date_precision":"day","category":"transport","lens":"traffic","confidence":"documented","source_ids":["c9sj-fmsg"],"explanation":"Street/right-of-way work permit affecting PROSPECT AVENUE in BRONX."},"geometry":{"type":"Point","coordinates":[-73.8648,40.8448]}},{"type":"Feature","id":"nyc_street_permit_legacy_x022017001a01","properties":{"city_id":"nyc","event_id":"nyc_street_permit_legacy_x022017001a01","title":"Legacy street construction permit: PROSPECT AVENUE, BRONX","year":2017,"effective_date":"2017-01-01","date_precision":"day","category":"transport","lens":"traffic","confidence":"documented","source_ids":["c9sj-fmsg"],"explanation":"Street/right-of-way work permit affecting PROSPECT AVENUE in BRONX."},"geometry":{"type":"Point","coordinates":[-73.8648,40.8448]}},{"type":"Feature","id":"nyc_street_permit_legacy_x022017001a02","properties":{"city_id":"nyc","event_id":"nyc_street_permit_legacy_x022017001a02","title":"Legacy street construction permit: PROSPECT AVENUE, BRONX","year":2017,"effective_date":"2017-01-01","date_precision":"day","category":"transport","lens":"traffic","confidence":"documented","source_ids":["c9sj-fmsg"],"explanation":"Street/right-of-way work permit affecting PROSPECT AVENUE in BRONX."},"geometry":{"type":"Point","coordinates":[-73.8648,40.8448]}},{"type":"Feature","id":"nyc_street_permit_legacy_x022017001a03","properties":{"city_id":"nyc","event_id":"nyc_street_permit_legacy_x022017001a03","title":"Legacy street construction permit: PROSPECT AVENUE, BRONX","year":2017,"effective_date":"2017-01-01","date_precision":"day","category":"transport","lens":"traffic","confidence":"documented","source_ids":["c9sj-fmsg"],"explanation":"Street/right-of-way work permit affecting PROSPECT AVENUE in BRONX."},"geometry":{"type":"Point","coordinates":[-73.8648,40.8448]}},{"type":"Feature","id":"nyc_street_permit_legacy_x022017001a04","properties":{"city_id":"nyc","event_id":"nyc_street_permit_legacy_x022017001a04","title":"Legacy street construction permit: PROSPECT AVENUE, BRONX","year":2017,"effective_date":"2017-01-01","date_precision":"day","category":"transport","lens":"traffic","confidence":"documented","source_ids":["c9sj-fmsg"],"explanation":"Street/right-of-way work permit affecting PROSPECT AVENUE in BRONX."},"geometry":{"type":"Point","coordinates":[-73.8648,40.8448]}},{"type":"Feature","id":"nyc_street_permit_legacy_x022017001a05","properties":{"city_id":"nyc","event_id":"nyc_street_permit_legacy_x022017001a05","title":"Legacy street construction permit: PROSPECT AVENUE, BRONX","year":2017,"effective_date":"2017-01-01","date_precision":"day","category":"transport","lens":"traffic","confidence":"documented","source_ids":["c9sj-fmsg"],"explanation":"Street/right-of-way work permit affecting PROSPECT AVENUE in BRONX."},"geometry":{"type":"Point","coordinates":[-73.8648,40.8448]}},{"type":"Feature","id":"nyc_street_permit_legacy_x022017001a06","properties":{"city_id":"nyc","event_id":"nyc_street_permit_legacy_x022017001a06","title":"Legacy street construction permit: PROSPECT AVENUE, BRONX","year":2017,"effective_date":"2017-01-01","date_precision":"day","category":"transport","lens":"traffic","confidence":"documented","source_ids":["c9sj-fmsg"],"explanation":"Street/right-of-way work permit affecting PROSPECT AVENUE in BRONX."},"geometry":{"type":"Point","coordinates":[-73.8648,40.8448]}},{"type":"Feature","id":"nyc_street_permit_legacy_x022017001a07","properties":{"city_id":"nyc","event_id":"nyc_street_permit_legacy_x022017001a07","title":"Legacy street construction permit: PROSPECT AVENUE, BRONX","year":2017,"effective_date":"2017-01-01","date_precision":"day","category":"transport","lens":"traffic","confidence":"documented","source_ids":["c9sj-fmsg"],"explanation":"Street/right-of-way work permit affecting PROSPECT AVENUE in BRONX."},"geometry":{"type":"Point","coordinates":[-73.8648,40.8448]}},{"type":"Feature","id":"nyc_street_permit_legacy_x022017001a08","properties":{"city_id":"nyc","event_id":"nyc_street_permit_legacy_x022017001a08","title":"Legacy street construction permit: REV JAMES POLITE AVENUE, BRONX","year":2017,"effective_date":"2017-01-01","date_precision":"day","category":"transport","lens":"traffic","confidence":"documented","source_ids":["c9sj-fmsg"],"explanation":"Street/right-of-way work permit affecting REV JAMES POLITE AVENUE in BRONX."},"geometry":{"type":"Point","coordinates":[-73.8648,40.8448]}},{"type":"Feature","id":"nyc_street_permit_legacy_x022017001a09","properties":{"city_id":"nyc","event_id":"nyc_street_permit_legacy_x022017001a09","title":"Legacy street construction permit: REV JAMES POLITE AVENUE, BRONX","year":2017,"effective_date":"2017-01-01","date_precision":"day","category":"transport","lens":"traffic","confidence":"documented","source_ids":["c9sj-fmsg"],"explanation":"Street/right-of-way work permit affecting REV JAMES POLITE AVENUE in BRONX."},"geometry":{"type":"Point","coordinates":[-73.8648,40.8448]}},{"type":"Feature","id":"nyc_street_permit_legacy_x022017001a10","properties":{"city_id":"nyc","event_id":"nyc_street_permit_legacy_x022017001a10","title":"Legacy street construction permit: REV JAMES POLITE AVENUE, BRONX","year":2017,"effective_date":"2017-01-01","date_precision":"day","category":"transport","lens":"traffic","confidence":"documented","source_ids":["c9sj-fmsg"],"explanation":"Street/right-of-way work permit affecting REV JAMES POLITE AVENUE in BRONX."},"geometry":{"type":"Point","coordinates":[-73.8648,40.8448]}},{"type":"Feature","id":"nyc_street_permit_legacy_x022017001a11","properties":{"city_id":"nyc","event_id":"nyc_street_permit_legacy_x022017001a11","title":"Legacy street construction permit: REV JAMES POLITE AVENUE, BRONX","year":2017,"effective_date":"2017-01-01","date_precision":"day","category":"transport","lens":"traffic","confidence":"documented","source_ids":["c9sj-fmsg"],"explanation":"Street/right-of-way work permit affecting REV JAMES POLITE AVENUE in BRONX."},"geometry":{"type":"Point","coordinates":[-73.8648,40.8448]}},{"type":"Feature","id":"nyc_street_permit_legacy_x022017001a12","properties":{"city_id":"nyc","event_id":"nyc_street_permit_legacy_x022017001a12","title":"Legacy street construction permit: REV JAMES POLITE AVENUE, BRONX","year":2017,"effective_date":"2017-01-01","date_precision":"day","category":"transport","lens":"traffic","confidence":"documented","source_ids":["c9sj-fmsg"],"explanation":"Street/right-of-way work permit affecting REV JAMES POLITE AVENUE in BRONX."},"geometry":{"type":"Point","coordinates":[-73.8648,40.8448]}},{"type":"Feature","id":"nyc_street_permit_legacy_x022017001a13","properties":{"city_id":"nyc","event_id":"nyc_street_permit_legacy_x022017001a13","title":"Legacy street construction permit: REV JAMES POLITE AVENUE, BRONX","year":2017,"effective_date":"2017-01-01","date_precision":"day","category":"transport","lens":"traffic","confidence":"documented","source_ids":["c9sj-fmsg"],"explanation":"Street/right-of-way work permit affecting REV JAMES POLITE AVENUE in BRONX."},"geometry":{"type":"Point","coordinates":[-73.8648,40.8448]}},{"type":"Feature","id":"nyc_street_permit_legacy_x022017001a14","properties":{"city_id":"nyc","event_id":"nyc_street_permit_legacy_x022017001a14","title":"Legacy street construction permit: REV JAMES POLITE AVENUE, BRONX","year":2017,"effective_date":"2017-01-01","date_precision":"day","category":"transport","lens":"traffic","confidence":"documented","source_ids":["c9sj-fmsg"],"explanation":"Street/right-of-way work permit affecting REV JAMES POLITE AVENUE in BRONX."},"geometry":{"type":"Point","coordinates":[-73.8648,40.8448]}},{"type":"Feature","id":"nyc_street_permit_legacy_x022017001a15","properties":{"city_id":"nyc","event_id":"nyc_street_permit_legacy_x022017001a15","title":"Legacy street construction permit: REV JAMES POLITE AVENUE, BRONX","year":2017,"effective_date":"2017-01-01","date_precision":"day","category":"transport","lens":"traffic","confidence":"documented","source_ids":["c9sj-fmsg"],"explanation":"Street/right-of-way work permit affecting REV JAMES POLITE AVENUE in BRONX."},"geometry":{"type":"Point","coordinates":[-73.8648,40.8448]}},{"type":"Feature","id":"nyc_street_permit_legacy_x022017001a16","properties":{"city_id":"nyc","event_id":"nyc_street_permit_legacy_x022017001a16","title":"Legacy street construction permit: REV JAMES POLITE AVENUE, BRONX","year":2017,"effective_date":"2017-01-01","date_precision":"day","category":"transport","lens":"traffic","confidence":"documented","source_ids":["c9sj-fmsg"],"explanation":"Street/right-of-way work permit affecting REV JAMES POLITE AVENUE in BRONX."},"geometry":{"type":"Point","coordinates":[-73.8648,40.8448]}},{"type":"Feature","id":"nyc_street_permit_legacy_x022017001a17","properties":{"city_id":"nyc","event_id":"nyc_street_permit_legacy_x022017001a17","title":"Legacy street construction permit: REV JAMES POLITE AVENUE, BRONX","year":2017,"effective_date":"2017-01-01","date_precision":"day","category":"transport","lens":"traffic","confidence":"documented","source_ids":["c9sj-fmsg"],"explanation":"Street/right-of-way work permit affecting REV JAMES POLITE AVENUE in BRONX."},"geometry":{"type":"Point","coordinates":[-73.8648,40.8448]}},{"type":"Feature","id":"nyc_street_permit_legacy_x162017001a00","properties":{"city_id":"nyc","event_id":"nyc_street_permit_legacy_x162017001a00","title":"Legacy street construction permit: HOLLYWOOD AVENUE, BRONX","year":2017,"effective_date":"2017-01-01","date_precision":"day","category":"transport","lens":"traffic","confidence":"documented","source_ids":["c9sj-fmsg"],"explanation":"Street/right-of-way work permit affecting HOLLYWOOD AVENUE in BRONX."},"geometry":{"type":"Point","coordinates":[-73.8648,40.8448]}},{"type":"Feature","id":"nyc_street_permit_legacy_x162017001a01","properties":{"city_id":"nyc","event_id":"nyc_street_permit_legacy_x162017001a01","title":"Legacy street construction permit: EAST 163 STREET, BRONX","year":2017,"effective_date":"2017-01-01","date_precision":"day","category":"transport","lens":"traffic","confidence":"documented","source_ids":["c9sj-fmsg"],"explanation":"Street/right-of-way work permit affecting EAST 163 STREET in BRONX."},"geometry":{"type":"Point","coordinates":[-73.8648,40.8448]}},{"type":"Feature","id":"nyc_street_permit_legacy_x162017001a02","properties":{"city_id":"nyc","event_id":"nyc_street_permit_legacy_x162017001a02","title":"Legacy street construction permit: EAST 138 STREET, BRONX","year":2017,"effective_date":"2017-01-01","date_precision":"day","category":"transport","lens":"traffic","confidence":"documented","source_ids":["c9sj-fmsg"],"explanation":"Street/right-of-way work permit affecting EAST 138 STREET in BRONX."},"geometry":{"type":"Point","coordinates":[-73.8648,40.8448]}},{"type":"Feature","id":"nyc_street_permit_legacy_x162017001a03","properties":{"city_id":"nyc","event_id":"nyc_street_permit_legacy_x162017001a03","title":"Legacy street construction permit: MT HOPE PLACE, BRONX","year":2017,"effective_date":"2017-01-01","date_precision":"day","category":"transport","lens":"traffic","confidence":"documented","source_ids":["c9sj-fmsg"],"explanation":"Street/right-of-way work permit affecting MT HOPE PLACE in BRONX."},"geometry":{"type":"Point","coordinates":[-73.8648,40.8448]}},{"type":"Feature","id":"nyc_street_permit_legacy_x162017002a00","properties":{"city_id":"nyc","event_id":"nyc_street_permit_legacy_x162017002a00","title":"Legacy street construction permit: WEST 227 STREET, BRONX","year":2017,"effective_date":"2017-01-02","date_precision":"day","category":"transport","lens":"traffic","confidence":"documented","source_ids":["c9sj-fmsg"],"explanation":"Street/right-of-way work permit affecting WEST 227 STREET in BRONX."},"geometry":{"type":"Point","coordinates":[-73.8648,40.8448]}}]}
