{"type":"FeatureCollection","schema_version":"1.0.0","city_id":"nyc","year":2010,"features":[{"type":"Feature","id":"nyc_dob_permit_2001442","properties":{"city_id":"nyc","event_id":"nyc_dob_permit_2001442","title":"DOB permit issued: EW at 1124 BAY RIDGE PARKWAY, BROOKLYN","year":2010,"effective_date":"2010-02-01","date_precision":"day","category":"built_environment","lens":"built_environment","confidence":"documented","source_ids":["ipu4-2q9a"],"explanation":"ISSUED EW record for job 310218779 at 1124 BAY RIDGE PARKWAY in BROOKLYN."},"geometry":{"type":"Point","coordinates":[-74.011131,40.62253]}},{"type":"Feature","id":"nyc_dob_permit_2045765","properties":{"city_id":"nyc","event_id":"nyc_dob_permit_2045765","title":"DOB permit issued: EW at 7 WEST 56 STREET, MANHATTAN","year":2010,"effective_date":"2010-01-05","date_precision":"day","category":"built_environment","lens":"built_environment","confidence":"documented","source_ids":["ipu4-2q9a"],"explanation":"ISSUED EW record for job 120232710 at 7 WEST 56 STREET in MANHATTAN."},"geometry":{"type":"Point","coordinates":[-73.975074,40.762561]}},{"type":"Feature","id":"nyc_dob_permit_2046385","properties":{"city_id":"nyc","event_id":"nyc_dob_permit_2046385","title":"DOB permit issued: PL at 958 PACIFIC STREET, BROOKLYN","year":2010,"effective_date":"2010-01-04","date_precision":"day","category":"built_environment","lens":"built_environment","confidence":"documented","source_ids":["ipu4-2q9a"],"explanation":"ISSUED PL record for job 320111776 at 958 PACIFIC STREET in BROOKLYN."},"geometry":{"type":"Point","coordinates":[-73.96116,40.679585]}},{"type":"Feature","id":"nyc_dob_permit_2046389","properties":{"city_id":"nyc","event_id":"nyc_dob_permit_2046389","title":"DOB permit issued: EQ at 166 DUANE STREET, MANHATTAN","year":2010,"effective_date":"2010-01-04","date_precision":"day","category":"built_environment","lens":"built_environment","confidence":"documented","source_ids":["ipu4-2q9a"],"explanation":"ISSUED EQ record for job 120238206 at 166 DUANE STREET in MANHATTAN."},"geometry":{"type":"Point","coordinates":[-74.009354,40.717036]}},{"type":"Feature","id":"nyc_dob_permit_2046555","properties":{"city_id":"nyc","event_id":"nyc_dob_permit_2046555","title":"DOB permit issued: EW at 2236 FOREST AVENUE, STATEN ISLAND","year":2010,"effective_date":"2010-01-12","date_precision":"day","category":"built_environment","lens":"built_environment","confidence":"documented","source_ids":["ipu4-2q9a"],"explanation":"ISSUED EW record for job 520020879 at 2236 FOREST AVENUE in STATEN ISLAND."},"geometry":{"type":"Point","coordinates":[-74.164119,40.626918]}},{"type":"Feature","id":"nyc_dob_permit_2046635","properties":{"city_id":"nyc","event_id":"nyc_dob_permit_2046635","title":"DOB permit issued: EQ at 452 WEST 46 STREET, MANHATTAN","year":2010,"effective_date":"2010-01-05","date_precision":"day","category":"built_environment","lens":"built_environment","confidence":"documented","source_ids":["ipu4-2q9a"],"explanation":"ISSUED EQ record for job 120136316 at 452 WEST 46 STREET in MANHATTAN."},"geometry":{"type":"Point","coordinates":[-73.992827,40.761847]}},{"type":"Feature","id":"nyc_dob_permit_2046637","properties":{"city_id":"nyc","event_id":"nyc_dob_permit_2046637","title":"DOB permit issued: EW at 42 SOUTH STREET, MANHATTAN","year":2010,"effective_date":"2010-01-05","date_precision":"day","category":"built_environment","lens":"built_environment","confidence":"documented","source_ids":["ipu4-2q9a"],"explanation":"ISSUED EW record for job 120073589 at 42 SOUTH STREET in MANHATTAN."},"geometry":{"type":"Point","coordinates":[-74.007538,40.703466]}},{"type":"Feature","id":"nyc_dob_permit_2046880","properties":{"city_id":"nyc","event_id":"nyc_dob_permit_2046880","title":"DOB permit issued: EW at 373 6TH AVE, MANHATTAN","year":2010,"effective_date":"2010-01-05","date_precision":"day","category":"built_environment","lens":"built_environment","confidence":"documented","source_ids":["ipu4-2q9a"],"explanation":"ISSUED EW record for job 120235361 at 373 6TH AVE in MANHATTAN."},"geometry":{"type":"Point","coordinates":[-74.000299,40.732626]}},{"type":"Feature","id":"nyc_dob_permit_2047323","properties":{"city_id":"nyc","event_id":"nyc_dob_permit_2047323","title":"DOB permit issued: EW at 205 EAST 42ND STREET, MANHATTAN","year":2010,"effective_date":"2010-01-06","date_precision":"day","category":"built_environment","lens":"built_environment","confidence":"documented","source_ids":["ipu4-2q9a"],"explanation":"ISSUED EW record for job 120170215 at 205 EAST 42ND STREET in MANHATTAN."},"geometry":{"type":"Point","coordinates":[-73.974126,40.750643]}},{"type":"Feature","id":"nyc_dob_permit_2047727","properties":{"city_id":"nyc","event_id":"nyc_dob_permit_2047727","title":"DOB permit issued: EQ at 1250 CENTRAL AVENUE, QUEENS","year":2010,"effective_date":"2010-01-11","date_precision":"day","category":"built_environment","lens":"built_environment","confidence":"documented","source_ids":["ipu4-2q9a"],"explanation":"ISSUED EQ record for job 402315062 at 1250 CENTRAL AVENUE in QUEENS."},"geometry":{"type":"Point","coordinates":[-73.748277,40.608226]}},{"type":"Feature","id":"nyc_dob_permit_2047774","properties":{"city_id":"nyc","event_id":"nyc_dob_permit_2047774","title":"DOB permit issued: EW at 32-02 JUNCTION BOULEVARD, QUEENS","year":2010,"effective_date":"2010-01-07","date_precision":"day","category":"built_environment","lens":"built_environment","confidence":"documented","source_ids":["ipu4-2q9a"],"explanation":"ISSUED EW record for job 402879676 at 32-02 JUNCTION BOULEVARD in QUEENS."},"geometry":{"type":"Point","coordinates":[-73.874472,40.758408]}},{"type":"Feature","id":"nyc_dob_permit_2047835","properties":{"city_id":"nyc","event_id":"nyc_dob_permit_2047835","title":"DOB permit issued: EW at 711 5TH AVENUE, MANHATTAN","year":2010,"effective_date":"2010-01-07","date_precision":"day","category":"built_environment","lens":"built_environment","confidence":"documented","source_ids":["ipu4-2q9a"],"explanation":"ISSUED EW record for job 120225363 at 711 5TH AVENUE in MANHATTAN."},"geometry":{"type":"Point","coordinates":[-73.974699,40.761946]}},{"type":"Feature","id":"nyc_dob_permit_2048321","properties":{"city_id":"nyc","event_id":"nyc_dob_permit_2048321","title":"DOB permit issued: NB at 25 BRONX SHORE ROAD, MANHATTAN","year":2010,"effective_date":"2010-01-19","date_precision":"day","category":"built_environment","lens":"built_environment","confidence":"documented","source_ids":["ipu4-2q9a"],"explanation":"ISSUED NB record for job 110408130 at 25 BRONX SHORE ROAD in MANHATTAN."},"geometry":{"type":"Point","coordinates":[-73.923757,40.800067]}},{"type":"Feature","id":"nyc_dob_permit_2048396","properties":{"city_id":"nyc","event_id":"nyc_dob_permit_2048396","title":"DOB permit issued: PL at 379 EAST 148TH STREET, BRONX","year":2010,"effective_date":"2010-01-11","date_precision":"day","category":"built_environment","lens":"built_environment","confidence":"documented","source_ids":["ipu4-2q9a"],"explanation":"ISSUED PL record for job 220031203 at 379 EAST 148TH STREET in BRONX."},"geometry":{"type":"Point","coordinates":[-73.919118,40.81567]}},{"type":"Feature","id":"nyc_dob_permit_2048422","properties":{"city_id":"nyc","event_id":"nyc_dob_permit_2048422","title":"DOB permit issued: EW at 1051 ALLERTON AVENUE, BRONX","year":2010,"effective_date":"2010-01-11","date_precision":"day","category":"built_environment","lens":"built_environment","confidence":"documented","source_ids":["ipu4-2q9a"],"explanation":"ISSUED EW record for job 220044333 at 1051 ALLERTON AVENUE in BRONX."},"geometry":{"type":"Point","coordinates":[-73.857592,40.865482]}},{"type":"Feature","id":"nyc_dob_permit_2048686","properties":{"city_id":"nyc","event_id":"nyc_dob_permit_2048686","title":"DOB permit issued: EW at 231 EAST 76TH STREET, MANHATTAN","year":2010,"effective_date":"2010-01-11","date_precision":"day","category":"built_environment","lens":"built_environment","confidence":"documented","source_ids":["ipu4-2q9a"],"explanation":"ISSUED EW record for job 110254983 at 231 EAST 76TH STREET in MANHATTAN."},"geometry":{"type":"Point","coordinates":[-73.957896,40.771995]}},{"type":"Feature","id":"nyc_dob_permit_2048846","properties":{"city_id":"nyc","event_id":"nyc_dob_permit_2048846","title":"DOB permit issued: EW at 165 88 STREET, BROOKLYN","year":2010,"effective_date":"2010-01-11","date_precision":"day","category":"built_environment","lens":"built_environment","confidence":"documented","source_ids":["ipu4-2q9a"],"explanation":"ISSUED EW record for job 320110946 at 165 88 STREET in BROOKLYN."},"geometry":{"type":"Point","coordinates":[-74.03527,40.622915]}},{"type":"Feature","id":"nyc_dob_permit_2048851","properties":{"city_id":"nyc","event_id":"nyc_dob_permit_2048851","title":"DOB permit issued: AL at 760 JEFFERSON AVENUE, BROOKLYN","year":2010,"effective_date":"2010-01-11","date_precision":"day","category":"built_environment","lens":"built_environment","confidence":"documented","source_ids":["ipu4-2q9a"],"explanation":"ISSUED AL record for job 310203311 at 760 JEFFERSON AVENUE in BROOKLYN."},"geometry":{"type":"Point","coordinates":[-73.927176,40.685907]}},{"type":"Feature","id":"nyc_dob_permit_2049369","properties":{"city_id":"nyc","event_id":"nyc_dob_permit_2049369","title":"DOB permit issued: EQ at 700 BROADWAY, MANHATTAN","year":2010,"effective_date":"2010-01-12","date_precision":"day","category":"built_environment","lens":"built_environment","confidence":"documented","source_ids":["ipu4-2q9a"],"explanation":"ISSUED EQ record for job 104701672 at 700 BROADWAY in MANHATTAN."},"geometry":{"type":"Point","coordinates":[-73.99409,40.728591]}},{"type":"Feature","id":"nyc_dob_permit_2049387","properties":{"city_id":"nyc","event_id":"nyc_dob_permit_2049387","title":"DOB permit issued: NB at 60 PLUMTREE LANE, STATEN ISLAND","year":2010,"effective_date":"2010-01-12","date_precision":"day","category":"built_environment","lens":"built_environment","confidence":"documented","source_ids":["ipu4-2q9a"],"explanation":"ISSUED NB record for job 500253478 at 60 PLUMTREE LANE in STATEN ISLAND."},"geometry":{"type":"Point","coordinates":[-74.221693,40.541963]}},{"type":"Feature","id":"nyc_dob_permit_2049504","properties":{"city_id":"nyc","event_id":"nyc_dob_permit_2049504","title":"DOB permit issued: EW at 750 SIXTH AVENUE, MANHATTAN","year":2010,"effective_date":"2010-01-12","date_precision":"day","category":"built_environment","lens":"built_environment","confidence":"documented","source_ids":["ipu4-2q9a"],"explanation":"ISSUED EW record for job 120224809 at 750 SIXTH AVENUE in MANHATTAN."},"geometry":{"type":"Point","coordinates":[-73.991985,40.744014]}},{"type":"Feature","id":"nyc_dob_permit_2049721","properties":{"city_id":"nyc","event_id":"nyc_dob_permit_2049721","title":"DOB permit issued: AL at 653 11 AVENUE, MANHATTAN","year":2010,"effective_date":"2010-01-15","date_precision":"day","category":"built_environment","lens":"built_environment","confidence":"documented","source_ids":["ipu4-2q9a"],"explanation":"ISSUED AL record for job 104515286 at 653 11 AVENUE in MANHATTAN."},"geometry":{"type":"Point","coordinates":[-73.995784,40.764317]}},{"type":"Feature","id":"nyc_dob_permit_2049772","properties":{"city_id":"nyc","event_id":"nyc_dob_permit_2049772","title":"DOB permit issued: PL at 74-24 43 AVE, QUEENS","year":2010,"effective_date":"2010-01-13","date_precision":"day","category":"built_environment","lens":"built_environment","confidence":"documented","source_ids":["ipu4-2q9a"],"explanation":"ISSUED PL record for job 410223761 at 74-24 43 AVE in QUEENS."},"geometry":{"type":"Point","coordinates":[-73.890366,40.742291]}},{"type":"Feature","id":"nyc_dob_permit_2050317","properties":{"city_id":"nyc","event_id":"nyc_dob_permit_2050317","title":"DOB permit issued: DM at 1990 CRUGER AVENUE, BRONX","year":2010,"effective_date":"2010-01-14","date_precision":"day","category":"built_environment","lens":"built_environment","confidence":"documented","source_ids":["ipu4-2q9a"],"explanation":"ISSUED DM record for job 220037154 at 1990 CRUGER AVENUE in BRONX."},"geometry":{"type":"Point","coordinates":[-73.866828,40.85004]}},{"type":"Feature","id":"nyc_dob_permit_2050715","properties":{"city_id":"nyc","event_id":"nyc_dob_permit_2050715","title":"DOB permit issued: AL at 85-33 251 STREET, QUEENS","year":2010,"effective_date":"2010-01-15","date_precision":"day","category":"built_environment","lens":"built_environment","confidence":"documented","source_ids":["ipu4-2q9a"],"explanation":"ISSUED AL record for job 410055318 at 85-33 251 STREET in QUEENS."},"geometry":{"type":"Point","coordinates":[-73.715555,40.732923]}},{"type":"Feature","id":"nyc_dob_permit_2050751","properties":{"city_id":"nyc","event_id":"nyc_dob_permit_2050751","title":"DOB permit issued: EW at 20 BATTERY PLACE, MANHATTAN","year":2010,"effective_date":"2010-01-15","date_precision":"day","category":"built_environment","lens":"built_environment","confidence":"documented","source_ids":["ipu4-2q9a"],"explanation":"ISSUED EW record for job 120201655 at 20 BATTERY PLACE in MANHATTAN."},"geometry":{"type":"Point","coordinates":[-74.017467,40.704952]}},{"type":"Feature","id":"nyc_dob_permit_2051641","properties":{"city_id":"nyc","event_id":"nyc_dob_permit_2051641","title":"DOB permit issued: EW at 40-28 COLLEGE POINT BOULEVARD, QUEENS","year":2010,"effective_date":"2010-01-20","date_precision":"day","category":"built_environment","lens":"built_environment","confidence":"documented","source_ids":["ipu4-2q9a"],"explanation":"ISSUED EW record for job 410059065 at 40-28 COLLEGE POINT BOULEVARD in QUEENS."},"geometry":{"type":"Point","coordinates":[-73.833975,40.757201]}},{"type":"Feature","id":"nyc_dob_permit_2051920","properties":{"city_id":"nyc","event_id":"nyc_dob_permit_2051920","title":"DOB permit issued: EQ at 55 ST. NICHOLAS AVENUE, MANHATTAN","year":2010,"effective_date":"2010-01-20","date_precision":"day","category":"built_environment","lens":"built_environment","confidence":"documented","source_ids":["ipu4-2q9a"],"explanation":"ISSUED EQ record for job 120231123 at 55 ST. NICHOLAS AVENUE in MANHATTAN."},"geometry":{"type":"Point","coordinates":[-73.952507,40.8005]}},{"type":"Feature","id":"nyc_dob_permit_2052017","properties":{"city_id":"nyc","event_id":"nyc_dob_permit_2052017","title":"DOB permit issued: EW at 7416 5TH AVENUE, BROOKLYN","year":2010,"effective_date":"2010-01-21","date_precision":"day","category":"built_environment","lens":"built_environment","confidence":"documented","source_ids":["ipu4-2q9a"],"explanation":"ISSUED EW record for job 320088329 at 7416 5TH AVENUE in BROOKLYN."},"geometry":{"type":"Point","coordinates":[-74.022398,40.630104]}},{"type":"Feature","id":"nyc_dob_permit_2052364","properties":{"city_id":"nyc","event_id":"nyc_dob_permit_2052364","title":"DOB permit issued: AL at 146 SOUTH 4 STREET, BROOKLYN","year":2010,"effective_date":"2010-01-22","date_precision":"day","category":"built_environment","lens":"built_environment","confidence":"documented","source_ids":["ipu4-2q9a"],"explanation":"ISSUED AL record for job 310067183 at 146 SOUTH 4 STREET in BROOKLYN."},"geometry":{"type":"Point","coordinates":[-73.962183,40.71162]}},{"type":"Feature","id":"nyc_dob_permit_2052509","properties":{"city_id":"nyc","event_id":"nyc_dob_permit_2052509","title":"DOB permit issued: SG at 610 GATEWAY CENTER BOULEVARD, BRONX","year":2010,"effective_date":"2010-01-22","date_precision":"day","category":"built_environment","lens":"built_environment","confidence":"documented","source_ids":["ipu4-2q9a"],"explanation":"ISSUED SG record for job 220046000 at 610 GATEWAY CENTER BOULEVARD in BRONX."},"geometry":{"type":"Point","coordinates":[-73.930861,40.821744]}},{"type":"Feature","id":"nyc_dob_permit_2052551","properties":{"city_id":"nyc","event_id":"nyc_dob_permit_2052551","title":"DOB permit issued: EW at 123 WASHINGTON STREET, MANHATTAN","year":2010,"effective_date":"2010-01-22","date_precision":"day","category":"built_environment","lens":"built_environment","confidence":"documented","source_ids":["ipu4-2q9a"],"explanation":"RE-ISSUED EW record for job 104819467 at 123 WASHINGTON STREET in MANHATTAN."},"geometry":{"type":"Point","coordinates":[-74.01402,40.709139]}},{"type":"Feature","id":"nyc_dob_permit_2052559","properties":{"city_id":"nyc","event_id":"nyc_dob_permit_2052559","title":"DOB permit issued: PL at 83-36 258 STREET, QUEENS","year":2010,"effective_date":"2010-01-22","date_precision":"day","category":"built_environment","lens":"built_environment","confidence":"documented","source_ids":["ipu4-2q9a"],"explanation":"ISSUED PL record for job 402517503 at 83-36 258 STREET in QUEENS."},"geometry":{"type":"Point","coordinates":[-73.710532,40.738016]}},{"type":"Feature","id":"nyc_dob_permit_2052945","properties":{"city_id":"nyc","event_id":"nyc_dob_permit_2052945","title":"DOB permit issued: SG at 214-32 JAMAICA AVENUE, QUEENS","year":2010,"effective_date":"2010-01-22","date_precision":"day","category":"built_environment","lens":"built_environment","confidence":"documented","source_ids":["ipu4-2q9a"],"explanation":"ISSUED SG record for job 420129541 at 214-32 JAMAICA AVENUE in QUEENS."},"geometry":{"type":"Point","coordinates":[-73.742517,40.716677]}},{"type":"Feature","id":"nyc_dob_permit_2053004","properties":{"city_id":"nyc","event_id":"nyc_dob_permit_2053004","title":"DOB permit issued: EW at 1101 LINWOOD STREET, BROOKLYN","year":2010,"effective_date":"2010-01-22","date_precision":"day","category":"built_environment","lens":"built_environment","confidence":"documented","source_ids":["ipu4-2q9a"],"explanation":"ISSUED EW record for job 301527328 at 1101 LINWOOD STREET in BROOKLYN."},"geometry":{"type":"Point","coordinates":[-73.874645,40.658806]}},{"type":"Feature","id":"nyc_dob_permit_2053488","properties":{"city_id":"nyc","event_id":"nyc_dob_permit_2053488","title":"DOB permit issued: EW at 121 GREENE STREET, MANHATTAN","year":2010,"effective_date":"2010-01-25","date_precision":"day","category":"built_environment","lens":"built_environment","confidence":"documented","source_ids":["ipu4-2q9a"],"explanation":"ISSUED EW record for job 120003110 at 121 GREENE STREET in MANHATTAN."},"geometry":{"type":"Point","coordinates":[-73.999195,40.725196]}},{"type":"Feature","id":"nyc_dob_permit_2053640","properties":{"city_id":"nyc","event_id":"nyc_dob_permit_2053640","title":"DOB permit issued: EW at 2169 WEST 7 STREET, BROOKLYN","year":2010,"effective_date":"2010-01-26","date_precision":"day","category":"built_environment","lens":"built_environment","confidence":"documented","source_ids":["ipu4-2q9a"],"explanation":"ISSUED EW record for job 301916363 at 2169 WEST 7 STREET in BROOKLYN."},"geometry":{"type":"Point","coordinates":[-73.978187,40.594801]}},{"type":"Feature","id":"nyc_dob_permit_2053847","properties":{"city_id":"nyc","event_id":"nyc_dob_permit_2053847","title":"DOB permit issued: PL at 31-34 37 STREET, QUEENS","year":2010,"effective_date":"2010-01-26","date_precision":"day","category":"built_environment","lens":"built_environment","confidence":"documented","source_ids":["ipu4-2q9a"],"explanation":"ISSUED PL record for job 410203275 at 31-34 37 STREET in QUEENS."},"geometry":{"type":"Point","coordinates":[-73.919445,40.761155]}},{"type":"Feature","id":"nyc_dob_permit_2053971","properties":{"city_id":"nyc","event_id":"nyc_dob_permit_2053971","title":"DOB permit issued: EW at 170 EAST 88 STREET, MANHATTAN","year":2010,"effective_date":"2010-01-26","date_precision":"day","category":"built_environment","lens":"built_environment","confidence":"documented","source_ids":["ipu4-2q9a"],"explanation":"ISSUED EW record for job 120220297 at 170 EAST 88 STREET in MANHATTAN."},"geometry":{"type":"Point","coordinates":[-73.953857,40.780466]}},{"type":"Feature","id":"nyc_dob_permit_2054106","properties":{"city_id":"nyc","event_id":"nyc_dob_permit_2054106","title":"DOB permit issued: EW at 7325 14 AVENUE, BROOKLYN","year":2010,"effective_date":"2010-01-27","date_precision":"day","category":"built_environment","lens":"built_environment","confidence":"documented","source_ids":["ipu4-2q9a"],"explanation":"ISSUED EW record for job 300946403 at 7325 14 AVENUE in BROOKLYN."},"geometry":{"type":"Point","coordinates":[-74.004196,40.619953]}},{"type":"Feature","id":"nyc_dob_permit_2054132","properties":{"city_id":"nyc","event_id":"nyc_dob_permit_2054132","title":"DOB permit issued: AL at 94-18 51 AVE, QUEENS","year":2010,"effective_date":"2010-01-27","date_precision":"day","category":"built_environment","lens":"built_environment","confidence":"documented","source_ids":["ipu4-2q9a"],"explanation":"ISSUED AL record for job 420070791 at 94-18 51 AVE in QUEENS."},"geometry":{"type":"Point","coordinates":[-73.868775,40.740665]}},{"type":"Feature","id":"nyc_dob_permit_2054650","properties":{"city_id":"nyc","event_id":"nyc_dob_permit_2054650","title":"DOB permit issued: SG at 50 WEST 31 STREET, MANHATTAN","year":2010,"effective_date":"2010-01-27","date_precision":"day","category":"built_environment","lens":"built_environment","confidence":"documented","source_ids":["ipu4-2q9a"],"explanation":"ISSUED SG record for job 120254303 at 50 WEST 31 STREET in MANHATTAN."},"geometry":{"type":"Point","coordinates":[-73.988466,40.747593]}},{"type":"Feature","id":"nyc_dob_permit_2054689","properties":{"city_id":"nyc","event_id":"nyc_dob_permit_2054689","title":"DOB permit issued: EW at 22-49 120 STREET, QUEENS","year":2010,"effective_date":"2010-01-27","date_precision":"day","category":"built_environment","lens":"built_environment","confidence":"documented","source_ids":["ipu4-2q9a"],"explanation":"ISSUED EW record for job 420095131 at 22-49 120 STREET in QUEENS."},"geometry":{"type":"Point","coordinates":[-73.847879,40.779387]}},{"type":"Feature","id":"nyc_dob_permit_2054824","properties":{"city_id":"nyc","event_id":"nyc_dob_permit_2054824","title":"DOB permit issued: PL at 213-44 40 AVENUE, QUEENS","year":2010,"effective_date":"2010-01-28","date_precision":"day","category":"built_environment","lens":"built_environment","confidence":"documented","source_ids":["ipu4-2q9a"],"explanation":"ISSUED PL record for job 402165740 at 213-44 40 AVENUE in QUEENS."},"geometry":{"type":"Point","coordinates":[-73.770718,40.764355]}},{"type":"Feature","id":"nyc_dob_permit_2054834","properties":{"city_id":"nyc","event_id":"nyc_dob_permit_2054834","title":"DOB permit issued: EW at 32-10 GREENPOINT AVE., QUEENS","year":2010,"effective_date":"2010-01-28","date_precision":"day","category":"built_environment","lens":"built_environment","confidence":"documented","source_ids":["ipu4-2q9a"],"explanation":"ISSUED EW record for job 420107887 at 32-10 GREENPOINT AVE. in QUEENS."},"geometry":{"type":"Point","coordinates":[-73.93576,40.73518]}},{"type":"Feature","id":"nyc_dob_permit_2054860","properties":{"city_id":"nyc","event_id":"nyc_dob_permit_2054860","title":"DOB permit issued: NB at 47-30 244 STREET, QUEENS","year":2010,"effective_date":"2010-01-28","date_precision":"day","category":"built_environment","lens":"built_environment","confidence":"documented","source_ids":["ipu4-2q9a"],"explanation":"ISSUED NB record for job 402293479 at 47-30 244 STREET in QUEENS."},"geometry":{"type":"Point","coordinates":[-73.740726,40.762642]}},{"type":"Feature","id":"nyc_dob_permit_2054866","properties":{"city_id":"nyc","event_id":"nyc_dob_permit_2054866","title":"DOB permit issued: EW at 108-02 NORTHERN BLVD, QUEENS","year":2010,"effective_date":"2010-01-28","date_precision":"day","category":"built_environment","lens":"built_environment","confidence":"documented","source_ids":["ipu4-2q9a"],"explanation":"ISSUED EW record for job 420131173 at 108-02 NORTHERN BLVD in QUEENS."},"geometry":{"type":"Point","coordinates":[-73.860908,40.757819]}},{"type":"Feature","id":"nyc_dob_permit_2055200","properties":{"city_id":"nyc","event_id":"nyc_dob_permit_2055200","title":"DOB permit issued: EQ at 37-02 ASTORIA BOULEVARD, QUEENS","year":2010,"effective_date":"2010-01-29","date_precision":"day","category":"built_environment","lens":"built_environment","confidence":"documented","source_ids":["ipu4-2q9a"],"explanation":"ISSUED EQ record for job 420136221 at 37-02 ASTORIA BOULEVARD in QUEENS."},"geometry":{"type":"Point","coordinates":[-73.91276,40.769129]}},{"type":"Feature","id":"nyc_dob_permit_2055205","properties":{"city_id":"nyc","event_id":"nyc_dob_permit_2055205","title":"DOB permit issued: EW at 1071 6 AVENUE, MANHATTAN","year":2010,"effective_date":"2010-01-29","date_precision":"day","category":"built_environment","lens":"built_environment","confidence":"documented","source_ids":["ipu4-2q9a"],"explanation":"ISSUED EW record for job 120241194 at 1071 6 AVENUE in MANHATTAN."},"geometry":{"type":"Point","coordinates":[-73.984812,40.753894]}},{"type":"Feature","id":"nyc_dob_permit_2055510","properties":{"city_id":"nyc","event_id":"nyc_dob_permit_2055510","title":"DOB permit issued: FO at 7005 FORT HAMILTON PARKWAY, BROOKLYN","year":2010,"effective_date":"2010-02-03","date_precision":"day","category":"built_environment","lens":"built_environment","confidence":"documented","source_ids":["ipu4-2q9a"],"explanation":"ISSUED FO record for job 320076966 at 7005 FORT HAMILTON PARKWAY in BROOKLYN."},"geometry":{"type":"Point","coordinates":[-74.012976,40.628116]}},{"type":"Feature","id":"nyc_dob_permit_2055531","properties":{"city_id":"nyc","event_id":"nyc_dob_permit_2055531","title":"DOB permit issued: EW at 1482 LINCOLN PLACE, BROOKLYN","year":2010,"effective_date":"2010-01-29","date_precision":"day","category":"built_environment","lens":"built_environment","confidence":"documented","source_ids":["ipu4-2q9a"],"explanation":"ISSUED EW record for job 320107870 at 1482 LINCOLN PLACE in BROOKLYN."},"geometry":{"type":"Point","coordinates":[-73.927327,40.669526]}},{"type":"Feature","id":"nyc_dob_permit_2055608","properties":{"city_id":"nyc","event_id":"nyc_dob_permit_2055608","title":"DOB permit issued: EW at 14 EAST 75TH STREET, MANHATTAN","year":2010,"effective_date":"2010-01-29","date_precision":"day","category":"built_environment","lens":"built_environment","confidence":"documented","source_ids":["ipu4-2q9a"],"explanation":"ISSUED EW record for job 110481586 at 14 EAST 75TH STREET in MANHATTAN."},"geometry":{"type":"Point","coordinates":[-73.964704,40.774017]}},{"type":"Feature","id":"nyc_dob_permit_2055667","properties":{"city_id":"nyc","event_id":"nyc_dob_permit_2055667","title":"DOB permit issued: EQ at 831 MADISON AVE, MANHATTAN","year":2010,"effective_date":"2010-01-29","date_precision":"day","category":"built_environment","lens":"built_environment","confidence":"documented","source_ids":["ipu4-2q9a"],"explanation":"ISSUED EQ record for job 120256711 at 831 MADISON AVE in MANHATTAN."},"geometry":{"type":"Point","coordinates":[-73.966714,40.770011]}},{"type":"Feature","id":"nyc_dob_permit_2056085","properties":{"city_id":"nyc","event_id":"nyc_dob_permit_2056085","title":"DOB permit issued: PL at 25 WEST 51 STREET, MANHATTAN","year":2010,"effective_date":"2010-02-01","date_precision":"day","category":"built_environment","lens":"built_environment","confidence":"documented","source_ids":["ipu4-2q9a"],"explanation":"ISSUED PL record for job 104002222 at 25 WEST 51 STREET in MANHATTAN."},"geometry":{"type":"Point","coordinates":[-73.978385,40.759866]}},{"type":"Feature","id":"nyc_dob_permit_2056098","properties":{"city_id":"nyc","event_id":"nyc_dob_permit_2056098","title":"DOB permit issued: NB at 111 LAWRENCE STREET, BROOKLYN","year":2010,"effective_date":"2010-02-01","date_precision":"day","category":"built_environment","lens":"built_environment","confidence":"documented","source_ids":["ipu4-2q9a"],"explanation":"ISSUED NB record for job 302374641 at 111 LAWRENCE STREET in BROOKLYN."},"geometry":{"type":"Point","coordinates":[-73.986228,40.692829]}},{"type":"Feature","id":"nyc_dob_permit_2056346","properties":{"city_id":"nyc","event_id":"nyc_dob_permit_2056346","title":"DOB permit issued: PL at 462A 8TH STREET, BROOKLYN","year":2010,"effective_date":"2010-02-02","date_precision":"day","category":"built_environment","lens":"built_environment","confidence":"documented","source_ids":["ipu4-2q9a"],"explanation":"ISSUED PL record for job 320082021 at 462A 8TH STREET in BROOKLYN."},"geometry":{"type":"Point","coordinates":[-73.979464,40.666712]}},{"type":"Feature","id":"nyc_dob_permit_2057408","properties":{"city_id":"nyc","event_id":"nyc_dob_permit_2057408","title":"DOB permit issued: AL at 185 BOWERY, MANHATTAN","year":2010,"effective_date":"2010-02-05","date_precision":"day","category":"built_environment","lens":"built_environment","confidence":"documented","source_ids":["ipu4-2q9a"],"explanation":"ISSUED AL record for job 120245573 at 185 BOWERY in MANHATTAN."},"geometry":{"type":"Point","coordinates":[-73.993907,40.720629]}},{"type":"Feature","id":"nyc_dob_permit_2057471","properties":{"city_id":"nyc","event_id":"nyc_dob_permit_2057471","title":"DOB permit issued: EW at 601 LEXINGTON AVENUE, MANHATTAN","year":2010,"effective_date":"2010-02-04","date_precision":"day","category":"built_environment","lens":"built_environment","confidence":"documented","source_ids":["ipu4-2q9a"],"explanation":"ISSUED EW record for job 120243664 at 601 LEXINGTON AVENUE in MANHATTAN."},"geometry":{"type":"Point","coordinates":[-73.970914,40.758465]}},{"type":"Feature","id":"nyc_dob_permit_2057826","properties":{"city_id":"nyc","event_id":"nyc_dob_permit_2057826","title":"DOB permit issued: EW at 179-22 ZOLLER ROAD, QUEENS","year":2010,"effective_date":"2010-02-05","date_precision":"day","category":"built_environment","lens":"built_environment","confidence":"documented","source_ids":["ipu4-2q9a"],"explanation":"ISSUED EW record for job 420137943 at 179-22 ZOLLER ROAD in QUEENS."},"geometry":{"type":"Point","coordinates":[-73.762754,40.682485]}},{"type":"Feature","id":"nyc_dob_permit_2057827","properties":{"city_id":"nyc","event_id":"nyc_dob_permit_2057827","title":"DOB permit issued: EW at 225 FLATBUSH AVENUE EXTENSION, BROOKLYN","year":2010,"effective_date":"2010-02-05","date_precision":"day","category":"built_environment","lens":"built_environment","confidence":"documented","source_ids":["ipu4-2q9a"],"explanation":"ISSUED EW record for job 302299082 at 225 FLATBUSH AVENUE EXTENSION in BROOKLYN."},"geometry":{"type":"Point","coordinates":[-73.983221,40.693468]}},{"type":"Feature","id":"nyc_dob_permit_2057828","properties":{"city_id":"nyc","event_id":"nyc_dob_permit_2057828","title":"DOB permit issued: EW at 2128 NEWBOLD AVENUE, BRONX","year":2010,"effective_date":"2010-02-05","date_precision":"day","category":"built_environment","lens":"built_environment","confidence":"documented","source_ids":["ipu4-2q9a"],"explanation":"ISSUED EW record for job 220047704 at 2128 NEWBOLD AVENUE in BRONX."},"geometry":{"type":"Point","coordinates":[-73.853365,40.833092]}},{"type":"Feature","id":"nyc_dob_permit_2057829","properties":{"city_id":"nyc","event_id":"nyc_dob_permit_2057829","title":"DOB permit issued: EW at 1211 AVENUE OF THE AMERICAS, MANHATTAN","year":2010,"effective_date":"2010-02-05","date_precision":"day","category":"built_environment","lens":"built_environment","confidence":"documented","source_ids":["ipu4-2q9a"],"explanation":"ISSUED EW record for job 120260500 at 1211 AVENUE OF THE AMERICAS in MANHATTAN."},"geometry":{"type":"Point","coordinates":[-73.981537,40.758393]}},{"type":"Feature","id":"nyc_dob_permit_2058027","properties":{"city_id":"nyc","event_id":"nyc_dob_permit_2058027","title":"DOB permit issued: SG at 1 EAST 161ST STREET, BRONX","year":2010,"effective_date":"2010-02-05","date_precision":"day","category":"built_environment","lens":"built_environment","confidence":"documented","source_ids":["ipu4-2q9a"],"explanation":"ISSUED SG record for job 220043487 at 1 EAST 161ST STREET in BRONX."},"geometry":{"type":"Point","coordinates":[-73.928497,40.829035]}},{"type":"Feature","id":"nyc_dob_permit_2058055","properties":{"city_id":"nyc","event_id":"nyc_dob_permit_2058055","title":"DOB permit issued: EW at 30 ROCKEFELLER PLAZA, MANHATTAN","year":2010,"effective_date":"2010-02-05","date_precision":"day","category":"built_environment","lens":"built_environment","confidence":"documented","source_ids":["ipu4-2q9a"],"explanation":"ISSUED EW record for job 120223695 at 30 ROCKEFELLER PLAZA in MANHATTAN."},"geometry":{"type":"Point","coordinates":[-73.978692,40.758754]}},{"type":"Feature","id":"nyc_dob_permit_2058616","properties":{"city_id":"nyc","event_id":"nyc_dob_permit_2058616","title":"DOB permit issued: AL at 236 EAST 8 STREET, BROOKLYN","year":2010,"effective_date":"2010-02-08","date_precision":"day","category":"built_environment","lens":"built_environment","confidence":"documented","source_ids":["ipu4-2q9a"],"explanation":"ISSUED AL record for job 320054445 at 236 EAST 8 STREET in BROOKLYN."},"geometry":{"type":"Point","coordinates":[-73.971832,40.644494]}},{"type":"Feature","id":"nyc_dob_permit_2058692","properties":{"city_id":"nyc","event_id":"nyc_dob_permit_2058692","title":"DOB permit issued: EW at 200 WEST END AVENUE, MANHATTAN","year":2010,"effective_date":"2010-02-08","date_precision":"day","category":"built_environment","lens":"built_environment","confidence":"documented","source_ids":["ipu4-2q9a"],"explanation":"ISSUED EW record for job 120251404 at 200 WEST END AVENUE in MANHATTAN."},"geometry":{"type":"Point","coordinates":[-73.985196,40.778191]}},{"type":"Feature","id":"nyc_dob_permit_2058719","properties":{"city_id":"nyc","event_id":"nyc_dob_permit_2058719","title":"DOB permit issued: PL at 551 WEST 21ST STREET, MANHATTAN","year":2010,"effective_date":"2010-02-11","date_precision":"day","category":"built_environment","lens":"built_environment","confidence":"documented","source_ids":["ipu4-2q9a"],"explanation":"ISSUED PL record for job 120176923 at 551 WEST 21ST STREET in MANHATTAN."},"geometry":{"type":"Point","coordinates":[-74.006626,40.747053]}},{"type":"Feature","id":"nyc_dob_permit_2059486","properties":{"city_id":"nyc","event_id":"nyc_dob_permit_2059486","title":"DOB permit issued: EW at 50 CHARLES STREET, MANHATTAN","year":2010,"effective_date":"2010-02-11","date_precision":"day","category":"built_environment","lens":"built_environment","confidence":"documented","source_ids":["ipu4-2q9a"],"explanation":"ISSUED EW record for job 120247740 at 50 CHARLES STREET in MANHATTAN."},"geometry":{"type":"Point","coordinates":[-74.002522,40.734981]}},{"type":"Feature","id":"nyc_dob_permit_2059491","properties":{"city_id":"nyc","event_id":"nyc_dob_permit_2059491","title":"DOB permit issued: NB at 9 FEDERAL PLACE, STATEN ISLAND","year":2010,"effective_date":"2010-02-11","date_precision":"day","category":"built_environment","lens":"built_environment","confidence":"documented","source_ids":["ipu4-2q9a"],"explanation":"ISSUED NB record for job 510006208 at 9 FEDERAL PLACE in STATEN ISLAND."},"geometry":{"type":"Point","coordinates":[-74.170426,40.640553]}},{"type":"Feature","id":"nyc_dob_permit_2059659","properties":{"city_id":"nyc","event_id":"nyc_dob_permit_2059659","title":"DOB permit issued: AL at 1090 EAST 52ND STREET, BROOKLYN","year":2010,"effective_date":"2010-02-11","date_precision":"day","category":"built_environment","lens":"built_environment","confidence":"documented","source_ids":["ipu4-2q9a"],"explanation":"ISSUED AL record for job 320091976 at 1090 EAST 52ND STREET in BROOKLYN."},"geometry":{"type":"Point","coordinates":[-73.926505,40.63361]}},{"type":"Feature","id":"nyc_dob_permit_2059670","properties":{"city_id":"nyc","event_id":"nyc_dob_permit_2059670","title":"DOB permit issued: EW at 23-02 31ST STREET, QUEENS","year":2010,"effective_date":"2010-02-11","date_precision":"day","category":"built_environment","lens":"built_environment","confidence":"documented","source_ids":["ipu4-2q9a"],"explanation":"ISSUED EW record for job 420117956 at 23-02 31ST STREET in QUEENS."},"geometry":{"type":"Point","coordinates":[-73.913082,40.774198]}},{"type":"Feature","id":"nyc_dob_permit_2059683","properties":{"city_id":"nyc","event_id":"nyc_dob_permit_2059683","title":"DOB permit issued: PL at 2722 EAST 23 STREET, BROOKLYN","year":2010,"effective_date":"2010-02-11","date_precision":"day","category":"built_environment","lens":"built_environment","confidence":"documented","source_ids":["ipu4-2q9a"],"explanation":"ISSUED PL record for job 320114452 at 2722 EAST 23 STREET in BROOKLYN."},"geometry":{"type":"Point","coordinates":[-73.945528,40.586007]}},{"type":"Feature","id":"nyc_dob_permit_2060426","properties":{"city_id":"nyc","event_id":"nyc_dob_permit_2060426","title":"DOB permit issued: PL at 88 MORNINGSIDE AVENUE, MANHATTAN","year":2010,"effective_date":"2010-02-15","date_precision":"day","category":"built_environment","lens":"built_environment","confidence":"documented","source_ids":["ipu4-2q9a"],"explanation":"ISSUED PL record for job 110073571 at 88 MORNINGSIDE AVENUE in MANHATTAN."},"geometry":{"type":"Point","coordinates":[-73.955488,40.809333]}},{"type":"Feature","id":"nyc_dob_permit_2061711","properties":{"city_id":"nyc","event_id":"nyc_dob_permit_2061711","title":"DOB permit issued: EQ at 1530 JESUP AVENUE, BRONX","year":2010,"effective_date":"2010-03-22","date_precision":"day","category":"built_environment","lens":"built_environment","confidence":"documented","source_ids":["ipu4-2q9a"],"explanation":"ISSUED EQ record for job 201066657 at 1530 JESUP AVENUE in BRONX."},"geometry":{"type":"Point","coordinates":[-73.918672,40.843946]}},{"type":"Feature","id":"nyc_dob_permit_2061873","properties":{"city_id":"nyc","event_id":"nyc_dob_permit_2061873","title":"DOB permit issued: EW at 115 FIFTH AVENUE, MANHATTAN","year":2010,"effective_date":"2010-02-19","date_precision":"day","category":"built_environment","lens":"built_environment","confidence":"documented","source_ids":["ipu4-2q9a"],"explanation":"ISSUED EW record for job 120221027 at 115 FIFTH AVENUE in MANHATTAN."},"geometry":{"type":"Point","coordinates":[-73.991502,40.738895]}},{"type":"Feature","id":"nyc_dob_permit_2061944","properties":{"city_id":"nyc","event_id":"nyc_dob_permit_2061944","title":"DOB permit issued: EW at 440 BEACH 54 STREET, QUEENS","year":2010,"effective_date":"2010-02-19","date_precision":"day","category":"built_environment","lens":"built_environment","confidence":"documented","source_ids":["ipu4-2q9a"],"explanation":"ISSUED EW record for job 420008547 at 440 BEACH 54 STREET in QUEENS."},"geometry":{"type":"Point","coordinates":[-73.784668,40.596468]}},{"type":"Feature","id":"nyc_dob_permit_2062332","properties":{"city_id":"nyc","event_id":"nyc_dob_permit_2062332","title":"DOB permit issued: EW at 590 5TH AVENUE, MANHATTAN","year":2010,"effective_date":"2010-02-22","date_precision":"day","category":"built_environment","lens":"built_environment","confidence":"documented","source_ids":["ipu4-2q9a"],"explanation":"ISSUED EW record for job 120252323 at 590 5TH AVENUE in MANHATTAN."},"geometry":{"type":"Point","coordinates":[-73.978285,40.757066]}},{"type":"Feature","id":"nyc_dob_permit_2062554","properties":{"city_id":"nyc","event_id":"nyc_dob_permit_2062554","title":"DOB permit issued: PL at 1376 GREENE AVENUE, BROOKLYN","year":2010,"effective_date":"2010-02-22","date_precision":"day","category":"built_environment","lens":"built_environment","confidence":"documented","source_ids":["ipu4-2q9a"],"explanation":"ISSUED PL record for job 320121934 at 1376 GREENE AVENUE in BROOKLYN."},"geometry":{"type":"Point","coordinates":[-73.917878,40.699718]}},{"type":"Feature","id":"nyc_dob_permit_2062872","properties":{"city_id":"nyc","event_id":"nyc_dob_permit_2062872","title":"DOB permit issued: NB at 596 EGAN STREET, BROOKLYN","year":2010,"effective_date":"2010-02-22","date_precision":"day","category":"built_environment","lens":"built_environment","confidence":"documented","source_ids":["ipu4-2q9a"],"explanation":"ISSUED NB record for job 310031685 at 596 EGAN STREET in BROOKLYN."},"geometry":{"type":"Point","coordinates":[-73.871094,40.657493]}},{"type":"Feature","id":"nyc_dob_permit_2063112","properties":{"city_id":"nyc","event_id":"nyc_dob_permit_2063112","title":"DOB permit issued: EW at 3742 E TREMONT AVE, BRONX","year":2010,"effective_date":"2010-02-23","date_precision":"day","category":"built_environment","lens":"built_environment","confidence":"documented","source_ids":["ipu4-2q9a"],"explanation":"ISSUED EW record for job 220045966 at 3742 E TREMONT AVE in BRONX."},"geometry":{"type":"Point","coordinates":[-73.821853,40.826342]}},{"type":"Feature","id":"nyc_dob_permit_2063126","properties":{"city_id":"nyc","event_id":"nyc_dob_permit_2063126","title":"DOB permit issued: EW at 149 SECOND AVENUE, MANHATTAN","year":2010,"effective_date":"2010-02-23","date_precision":"day","category":"built_environment","lens":"built_environment","confidence":"documented","source_ids":["ipu4-2q9a"],"explanation":"ISSUED EW record for job 120274443 at 149 SECOND AVENUE in MANHATTAN."},"geometry":{"type":"Point","coordinates":[-73.987123,40.72937]}},{"type":"Feature","id":"nyc_dob_permit_2063236","properties":{"city_id":"nyc","event_id":"nyc_dob_permit_2063236","title":"DOB permit issued: EQ at 15 CLAREMONT AVE, MANHATTAN","year":2010,"effective_date":"2010-02-24","date_precision":"day","category":"built_environment","lens":"built_environment","confidence":"documented","source_ids":["ipu4-2q9a"],"explanation":"ISSUED EQ record for job 110112510 at 15 CLAREMONT AVE in MANHATTAN."},"geometry":{"type":"Point","coordinates":[-73.964487,40.808999]}},{"type":"Feature","id":"nyc_dob_permit_2063242","properties":{"city_id":"nyc","event_id":"nyc_dob_permit_2063242","title":"DOB permit issued: EW at 558 11TH STREET, BROOKLYN","year":2010,"effective_date":"2010-02-23","date_precision":"day","category":"built_environment","lens":"built_environment","confidence":"documented","source_ids":["ipu4-2q9a"],"explanation":"ISSUED EW record for job 320051171 at 558 11TH STREET in BROOKLYN."},"geometry":{"type":"Point","coordinates":[-73.980799,40.664821]}},{"type":"Feature","id":"nyc_dob_permit_2063282","properties":{"city_id":"nyc","event_id":"nyc_dob_permit_2063282","title":"DOB permit issued: EW at 136-65 37TH AVENUE, QUEENS","year":2010,"effective_date":"2010-02-23","date_precision":"day","category":"built_environment","lens":"built_environment","confidence":"documented","source_ids":["ipu4-2q9a"],"explanation":"ISSUED EW record for job 420113433 at 136-65 37TH AVENUE in QUEENS."},"geometry":{"type":"Point","coordinates":[-73.829335,40.761981]}},{"type":"Feature","id":"nyc_dob_permit_2063842","properties":{"city_id":"nyc","event_id":"nyc_dob_permit_2063842","title":"DOB permit issued: EW at 51-17 BROADWAY, QUEENS","year":2010,"effective_date":"2010-02-24","date_precision":"day","category":"built_environment","lens":"built_environment","confidence":"documented","source_ids":["ipu4-2q9a"],"explanation":"ISSUED EW record for job 420130986 at 51-17 BROADWAY in QUEENS."},"geometry":{"type":"Point","coordinates":[-73.908463,40.754032]}},{"type":"Feature","id":"nyc_dob_permit_2064070","properties":{"city_id":"nyc","event_id":"nyc_dob_permit_2064070","title":"DOB permit issued: PL at 121 BEADEL STREET, BROOKLYN","year":2010,"effective_date":"2010-02-25","date_precision":"day","category":"built_environment","lens":"built_environment","confidence":"documented","source_ids":["ipu4-2q9a"],"explanation":"ISSUED PL record for job 320125636 at 121 BEADEL STREET in BROOKLYN."},"geometry":{"type":"Point","coordinates":[-73.936022,40.722137]}},{"type":"Feature","id":"nyc_dob_permit_2064124","properties":{"city_id":"nyc","event_id":"nyc_dob_permit_2064124","title":"DOB permit issued: AL at 60-96 59 ROAD, QUEENS","year":2010,"effective_date":"2010-02-25","date_precision":"day","category":"built_environment","lens":"built_environment","confidence":"documented","source_ids":["ipu4-2q9a"],"explanation":"ISSUED AL record for job 420047041 at 60-96 59 ROAD in QUEENS."},"geometry":{"type":"Point","coordinates":[-73.902967,40.718557]}},{"type":"Feature","id":"nyc_dob_permit_2064592","properties":{"city_id":"nyc","event_id":"nyc_dob_permit_2064592","title":"DOB permit issued: PL at 41-20 MAIN STREET, QUEENS","year":2010,"effective_date":"2010-02-26","date_precision":"day","category":"built_environment","lens":"built_environment","confidence":"documented","source_ids":["ipu4-2q9a"],"explanation":"ISSUED PL record for job 402520330 at 41-20 MAIN STREET in QUEENS."},"geometry":{"type":"Point","coordinates":[-73.829234,40.757699]}},{"type":"Feature","id":"nyc_dob_permit_2064692","properties":{"city_id":"nyc","event_id":"nyc_dob_permit_2064692","title":"DOB permit issued: EQ at 6 EAST 10 STREET, MANHATTAN","year":2010,"effective_date":"2010-02-26","date_precision":"day","category":"built_environment","lens":"built_environment","confidence":"documented","source_ids":["ipu4-2q9a"],"explanation":"ISSUED EQ record for job 120282461 at 6 EAST 10 STREET in MANHATTAN."},"geometry":{"type":"Point","coordinates":[-73.995049,40.733241]}},{"type":"Feature","id":"nyc_dob_permit_2064833","properties":{"city_id":"nyc","event_id":"nyc_dob_permit_2064833","title":"DOB permit issued: PL at 6106 BEACH FRONT ROAD, QUEENS","year":2010,"effective_date":"2010-03-01","date_precision":"day","category":"built_environment","lens":"built_environment","confidence":"documented","source_ids":["ipu4-2q9a"],"explanation":"ISSUED PL record for job 401881772 at 6106 BEACH FRONT ROAD in QUEENS."},"geometry":{"type":"Point","coordinates":[-73.790346,40.588655]}},{"type":"Feature","id":"nyc_dob_permit_2065110","properties":{"city_id":"nyc","event_id":"nyc_dob_permit_2065110","title":"DOB permit issued: EW at 7 BOND STREET, MANHATTAN","year":2010,"effective_date":"2010-03-02","date_precision":"day","category":"built_environment","lens":"built_environment","confidence":"documented","source_ids":["ipu4-2q9a"],"explanation":"ISSUED EW record for job 120282265 at 7 BOND STREET in MANHATTAN."},"geometry":{"type":"Point","coordinates":[-73.994465,40.726796]}},{"type":"Feature","id":"nyc_dob_permit_2065410","properties":{"city_id":"nyc","event_id":"nyc_dob_permit_2065410","title":"DOB permit issued: PL at 55 BROAD STREET, MANHATTAN","year":2010,"effective_date":"2010-03-02","date_precision":"day","category":"built_environment","lens":"built_environment","confidence":"documented","source_ids":["ipu4-2q9a"],"explanation":"ISSUED PL record for job 120266988 at 55 BROAD STREET in MANHATTAN."},"geometry":{"type":"Point","coordinates":[-74.011505,40.705189]}},{"type":"Feature","id":"nyc_dob_permit_2065955","properties":{"city_id":"nyc","event_id":"nyc_dob_permit_2065955","title":"DOB permit issued: NB at 56-18 136 STREET, QUEENS","year":2010,"effective_date":"2010-03-03","date_precision":"day","category":"built_environment","lens":"built_environment","confidence":"documented","source_ids":["ipu4-2q9a"],"explanation":"ISSUED NB record for job 410228873 at 56-18 136 STREET in QUEENS."},"geometry":{"type":"Point","coordinates":[-73.828759,40.748861]}},{"type":"Feature","id":"nyc_dob_permit_2065965","properties":{"city_id":"nyc","event_id":"nyc_dob_permit_2065965","title":"DOB permit issued: EQ at 733 53RD STREET, BROOKLYN","year":2010,"effective_date":"2010-03-03","date_precision":"day","category":"built_environment","lens":"built_environment","confidence":"documented","source_ids":["ipu4-2q9a"],"explanation":"ISSUED EQ record for job 320132290 at 733 53RD STREET in BROOKLYN."},"geometry":{"type":"Point","coordinates":[-74.006821,40.640267]}},{"type":"Feature","id":"nyc_dob_permit_2066262","properties":{"city_id":"nyc","event_id":"nyc_dob_permit_2066262","title":"DOB permit issued: EW at 30 LINCOLN PLAZA, MANHATTAN","year":2010,"effective_date":"2010-03-04","date_precision":"day","category":"built_environment","lens":"built_environment","confidence":"documented","source_ids":["ipu4-2q9a"],"explanation":"ISSUED EW record for job 120276691 at 30 LINCOLN PLAZA in MANHATTAN."},"geometry":{"type":"Point","coordinates":[-73.981078,40.770931]}},{"type":"Feature","id":"nyc_dob_permit_2066364","properties":{"city_id":"nyc","event_id":"nyc_dob_permit_2066364","title":"DOB permit issued: SG at 808 COLUMBUS AVENUE, MANHATTAN","year":2010,"effective_date":"2010-03-04","date_precision":"day","category":"built_environment","lens":"built_environment","confidence":"documented","source_ids":["ipu4-2q9a"],"explanation":"ISSUED SG record for job 120276799 at 808 COLUMBUS AVENUE in MANHATTAN."},"geometry":{"type":"Point","coordinates":[-73.96629,40.794568]}},{"type":"Feature","id":"nyc_dob_permit_2066751","properties":{"city_id":"nyc","event_id":"nyc_dob_permit_2066751","title":"DOB permit issued: EW at 530 EAST 86 STREET, MANHATTAN","year":2010,"effective_date":"2010-03-04","date_precision":"day","category":"built_environment","lens":"built_environment","confidence":"documented","source_ids":["ipu4-2q9a"],"explanation":"ISSUED EW record for job 120109569 at 530 EAST 86 STREET in MANHATTAN."},"geometry":{"type":"Point","coordinates":[-73.945972,40.775432]}},{"type":"Feature","id":"nyc_dob_permit_2066783","properties":{"city_id":"nyc","event_id":"nyc_dob_permit_2066783","title":"DOB permit issued: EW at 24 BENNETT AVENUE, MANHATTAN","year":2010,"effective_date":"2010-03-05","date_precision":"day","category":"built_environment","lens":"built_environment","confidence":"documented","source_ids":["ipu4-2q9a"],"explanation":"ISSUED EW record for job 120268842 at 24 BENNETT AVENUE in MANHATTAN."},"geometry":{"type":"Point","coordinates":[-73.936295,40.851206]}},{"type":"Feature","id":"nyc_dob_permit_2066819","properties":{"city_id":"nyc","event_id":"nyc_dob_permit_2066819","title":"DOB permit issued: AL at 1365 38 STREET, BROOKLYN","year":2010,"effective_date":"2010-03-05","date_precision":"day","category":"built_environment","lens":"built_environment","confidence":"documented","source_ids":["ipu4-2q9a"],"explanation":"ISSUED AL record for job 320108156 at 1365 38 STREET in BROOKLYN."},"geometry":{"type":"Point","coordinates":[-73.984362,40.640387]}},{"type":"Feature","id":"nyc_dob_permit_2066968","properties":{"city_id":"nyc","event_id":"nyc_dob_permit_2066968","title":"DOB permit issued: AL at 156 NORFOLK STREET, BROOKLYN","year":2010,"effective_date":"2010-03-16","date_precision":"day","category":"built_environment","lens":"built_environment","confidence":"documented","source_ids":["ipu4-2q9a"],"explanation":"Permit AL record for job 320014854 at 156 NORFOLK STREET in BROOKLYN."},"geometry":{"type":"Point","coordinates":[-73.938934,40.579512]}},{"type":"Feature","id":"nyc_dob_permit_2066969","properties":{"city_id":"nyc","event_id":"nyc_dob_permit_2066969","title":"DOB permit issued: EW at 15 CENTRAL PARK WEST, MANHATTAN","year":2010,"effective_date":"2010-03-05","date_precision":"day","category":"built_environment","lens":"built_environment","confidence":"documented","source_ids":["ipu4-2q9a"],"explanation":"ISSUED EW record for job 110103218 at 15 CENTRAL PARK WEST in MANHATTAN."},"geometry":{"type":"Point","coordinates":[-73.98088,40.769481]}},{"type":"Feature","id":"nyc_dob_permit_2066982","properties":{"city_id":"nyc","event_id":"nyc_dob_permit_2066982","title":"DOB permit issued: EW at 245 PARK AVENUE, MANHATTAN","year":2010,"effective_date":"2010-03-05","date_precision":"day","category":"built_environment","lens":"built_environment","confidence":"documented","source_ids":["ipu4-2q9a"],"explanation":"ISSUED EW record for job 120279652 at 245 PARK AVENUE in MANHATTAN."},"geometry":{"type":"Point","coordinates":[-73.975683,40.754826]}},{"type":"Feature","id":"nyc_dob_permit_2067226","properties":{"city_id":"nyc","event_id":"nyc_dob_permit_2067226","title":"DOB permit issued: EQ at 629 WEST 115TH STREET, MANHATTAN","year":2010,"effective_date":"2010-03-05","date_precision":"day","category":"built_environment","lens":"built_environment","confidence":"documented","source_ids":["ipu4-2q9a"],"explanation":"ISSUED EQ record for job 120278671 at 629 WEST 115TH STREET in MANHATTAN."},"geometry":{"type":"Point","coordinates":[-73.965167,40.807673]}},{"type":"Feature","id":"nyc_dob_permit_2067798","properties":{"city_id":"nyc","event_id":"nyc_dob_permit_2067798","title":"DOB permit issued: EW at 36-16 24TH AVENUE, QUEENS","year":2010,"effective_date":"2010-03-24","date_precision":"day","category":"built_environment","lens":"built_environment","confidence":"documented","source_ids":["ipu4-2q9a"],"explanation":"ISSUED EW record for job 420163110 at 36-16 24TH AVENUE in QUEENS."},"geometry":{"type":"Point","coordinates":[-73.912707,40.770386]}},{"type":"Feature","id":"nyc_dob_permit_2068313","properties":{"city_id":"nyc","event_id":"nyc_dob_permit_2068313","title":"DOB permit issued: EQ at 450 WEST 33 STREET, MANHATTAN","year":2010,"effective_date":"2010-03-10","date_precision":"day","category":"built_environment","lens":"built_environment","confidence":"documented","source_ids":["ipu4-2q9a"],"explanation":"RE-ISSUED EQ record for job 120213571 at 450 WEST 33 STREET in MANHATTAN."},"geometry":{"type":"Point","coordinates":[-73.998838,40.753574]}},{"type":"Feature","id":"nyc_dob_permit_2068483","properties":{"city_id":"nyc","event_id":"nyc_dob_permit_2068483","title":"DOB permit issued: EW at 20 LINCOLN CENTER, MANHATTAN","year":2010,"effective_date":"2010-03-10","date_precision":"day","category":"built_environment","lens":"built_environment","confidence":"documented","source_ids":["ipu4-2q9a"],"explanation":"ISSUED EW record for job 120090944 at 20 LINCOLN CENTER in MANHATTAN."},"geometry":{"type":"Point","coordinates":[-73.983201,40.771414]}},{"type":"Feature","id":"nyc_dob_permit_2068574","properties":{"city_id":"nyc","event_id":"nyc_dob_permit_2068574","title":"DOB permit issued: PL at 72-42 139 STREET, QUEENS","year":2010,"effective_date":"2010-03-10","date_precision":"day","category":"built_environment","lens":"built_environment","confidence":"documented","source_ids":["ipu4-2q9a"],"explanation":"ISSUED PL record for job 420054988 at 72-42 139 STREET in QUEENS."},"geometry":{"type":"Point","coordinates":[-73.82424,40.72448]}},{"type":"Feature","id":"nyc_dob_permit_2069033","properties":{"city_id":"nyc","event_id":"nyc_dob_permit_2069033","title":"DOB permit issued: EW at 2935 VETERANS ROAD WEST, STATEN ISLAND","year":2010,"effective_date":"2010-03-11","date_precision":"day","category":"built_environment","lens":"built_environment","confidence":"documented","source_ids":["ipu4-2q9a"],"explanation":"ISSUED EW record for job 520015652 at 2935 VETERANS ROAD WEST in STATEN ISLAND."},"geometry":{"type":"Point","coordinates":[-74.231492,40.527736]}},{"type":"Feature","id":"nyc_dob_permit_2069049","properties":{"city_id":"nyc","event_id":"nyc_dob_permit_2069049","title":"DOB permit issued: PL at 39 ALLEN PLACE, STATEN ISLAND","year":2010,"effective_date":"2010-03-11","date_precision":"day","category":"built_environment","lens":"built_environment","confidence":"documented","source_ids":["ipu4-2q9a"],"explanation":"ISSUED PL record for job 500802376 at 39 ALLEN PLACE in STATEN ISLAND."},"geometry":{"type":"Point","coordinates":[-74.168663,40.527428]}},{"type":"Feature","id":"nyc_dob_permit_2069388","properties":{"city_id":"nyc","event_id":"nyc_dob_permit_2069388","title":"DOB permit issued: EW at 138-35 SPRINGFIELD BOULEVARD, QUEENS","year":2010,"effective_date":"2010-03-12","date_precision":"day","category":"built_environment","lens":"built_environment","confidence":"documented","source_ids":["ipu4-2q9a"],"explanation":"ISSUED EW record for job 410187051 at 138-35 SPRINGFIELD BOULEVARD in QUEENS."},"geometry":{"type":"Point","coordinates":[-73.756075,40.674039]}},{"type":"Feature","id":"nyc_dob_permit_2069702","properties":{"city_id":"nyc","event_id":"nyc_dob_permit_2069702","title":"DOB permit issued: EW at 79 BERRY STREET, BROOKLYN","year":2010,"effective_date":"2010-03-12","date_precision":"day","category":"built_environment","lens":"built_environment","confidence":"documented","source_ids":["ipu4-2q9a"],"explanation":"ISSUED EW record for job 320123996 at 79 BERRY STREET in BROOKLYN."},"geometry":{"type":"Point","coordinates":[-73.957669,40.719866]}},{"type":"Feature","id":"nyc_dob_permit_2070074","properties":{"city_id":"nyc","event_id":"nyc_dob_permit_2070074","title":"DOB permit issued: EW at 56-27 56TH DRIVE, QUEENS","year":2010,"effective_date":"2010-03-15","date_precision":"day","category":"built_environment","lens":"built_environment","confidence":"documented","source_ids":["ipu4-2q9a"],"explanation":"ISSUED EW record for job 420143605 at 56-27 56TH DRIVE in QUEENS."},"geometry":{"type":"Point","coordinates":[-73.914474,40.72441]}},{"type":"Feature","id":"nyc_dob_permit_2070146","properties":{"city_id":"nyc","event_id":"nyc_dob_permit_2070146","title":"DOB permit issued: PL at 158-44 CROSS BAY BLVD., QUEENS","year":2010,"effective_date":"2010-03-15","date_precision":"day","category":"built_environment","lens":"built_environment","confidence":"documented","source_ids":["ipu4-2q9a"],"explanation":"ISSUED PL record for job 420100250 at 158-44 CROSS BAY BLVD. in QUEENS."},"geometry":{"type":"Point","coordinates":[-73.840103,40.660073]}},{"type":"Feature","id":"nyc_dob_permit_2070931","properties":{"city_id":"nyc","event_id":"nyc_dob_permit_2070931","title":"DOB permit issued: EW at 185 ORCHARD STREET, MANHATTAN","year":2010,"effective_date":"2010-03-16","date_precision":"day","category":"built_environment","lens":"built_environment","confidence":"documented","source_ids":["ipu4-2q9a"],"explanation":"ISSUED EW record for job 120167693 at 185 ORCHARD STREET in MANHATTAN."},"geometry":{"type":"Point","coordinates":[-73.988254,40.72199]}},{"type":"Feature","id":"nyc_dob_permit_2070940","properties":{"city_id":"nyc","event_id":"nyc_dob_permit_2070940","title":"DOB permit issued: SG at 40-24 COLLEGE POINT BOULEVARD, QUEENS","year":2010,"effective_date":"2010-03-18","date_precision":"day","category":"built_environment","lens":"built_environment","confidence":"documented","source_ids":["ipu4-2q9a"],"explanation":"ISSUED SG record for job 420146602 at 40-24 COLLEGE POINT BOULEVARD in QUEENS."},"geometry":{"type":"Point","coordinates":[-73.834054,40.757451]}},{"type":"Feature","id":"nyc_dob_permit_2071188","properties":{"city_id":"nyc","event_id":"nyc_dob_permit_2071188","title":"DOB permit issued: EQ at 44 WEST 77 STREET, MANHATTAN","year":2010,"effective_date":"2010-03-17","date_precision":"day","category":"built_environment","lens":"built_environment","confidence":"documented","source_ids":["ipu4-2q9a"],"explanation":"ISSUED EQ record for job 104693510 at 44 WEST 77 STREET in MANHATTAN."},"geometry":{"type":"Point","coordinates":[-73.975764,40.780374]}},{"type":"Feature","id":"nyc_dob_permit_2071563","properties":{"city_id":"nyc","event_id":"nyc_dob_permit_2071563","title":"DOB permit issued: PL at 311 WEST 95 STREET, MANHATTAN","year":2010,"effective_date":"2010-03-18","date_precision":"day","category":"built_environment","lens":"built_environment","confidence":"documented","source_ids":["ipu4-2q9a"],"explanation":"ISSUED PL record for job 101405597 at 311 WEST 95 STREET in MANHATTAN."},"geometry":{"type":"Point","coordinates":[-73.974188,40.794797]}},{"type":"Feature","id":"nyc_dob_permit_2072420","properties":{"city_id":"nyc","event_id":"nyc_dob_permit_2072420","title":"DOB permit issued: EW at 1177 AVENUE OF THE AMERICAS, MANHATTAN","year":2010,"effective_date":"2010-03-19","date_precision":"day","category":"built_environment","lens":"built_environment","confidence":"documented","source_ids":["ipu4-2q9a"],"explanation":"ISSUED EW record for job 120294868 at 1177 AVENUE OF THE AMERICAS in MANHATTAN."},"geometry":{"type":"Point","coordinates":[-73.982364,40.757256]}},{"type":"Feature","id":"nyc_dob_permit_2072482","properties":{"city_id":"nyc","event_id":"nyc_dob_permit_2072482","title":"DOB permit issued: EW at 845 WEST END AVENUE, MANHATTAN","year":2010,"effective_date":"2010-03-19","date_precision":"day","category":"built_environment","lens":"built_environment","confidence":"documented","source_ids":["ipu4-2q9a"],"explanation":"ISSUED EW record for job 120122143 at 845 WEST END AVENUE in MANHATTAN."},"geometry":{"type":"Point","coordinates":[-73.970752,40.798639]}},{"type":"Feature","id":"nyc_dob_permit_2072484","properties":{"city_id":"nyc","event_id":"nyc_dob_permit_2072484","title":"DOB permit issued: PL at 57 FIRST AVENUE, MANHATTAN","year":2010,"effective_date":"2010-03-19","date_precision":"day","category":"built_environment","lens":"built_environment","confidence":"documented","source_ids":["ipu4-2q9a"],"explanation":"ISSUED PL record for job 120273060 at 57 FIRST AVENUE in MANHATTAN."},"geometry":{"type":"Point","coordinates":[-73.987254,40.724918]}},{"type":"Feature","id":"nyc_dob_permit_2072485","properties":{"city_id":"nyc","event_id":"nyc_dob_permit_2072485","title":"DOB permit issued: EW at 454 WEST 46 STREET, MANHATTAN","year":2010,"effective_date":"2010-03-19","date_precision":"day","category":"built_environment","lens":"built_environment","confidence":"documented","source_ids":["ipu4-2q9a"],"explanation":"ISSUED EW record for job 120216881 at 454 WEST 46 STREET in MANHATTAN."},"geometry":{"type":"Point","coordinates":[-73.992856,40.761858]}},{"type":"Feature","id":"nyc_dob_permit_2072528","properties":{"city_id":"nyc","event_id":"nyc_dob_permit_2072528","title":"DOB permit issued: EW at 205 EAST 63RD STREET, MANHATTAN","year":2010,"effective_date":"2010-03-19","date_precision":"day","category":"built_environment","lens":"built_environment","confidence":"documented","source_ids":["ipu4-2q9a"],"explanation":"ISSUED EW record for job 120277182 at 205 EAST 63RD STREET in MANHATTAN."},"geometry":{"type":"Point","coordinates":[-73.964352,40.763895]}},{"type":"Feature","id":"nyc_dob_permit_2072693","properties":{"city_id":"nyc","event_id":"nyc_dob_permit_2072693","title":"DOB permit issued: EQ at 63-24 254 STREET, QUEENS","year":2010,"effective_date":"2010-03-19","date_precision":"day","category":"built_environment","lens":"built_environment","confidence":"documented","source_ids":["ipu4-2q9a"],"explanation":"ISSUED EQ record for job 402568805 at 63-24 254 STREET in QUEENS."},"geometry":{"type":"Point","coordinates":[-73.724109,40.755898]}},{"type":"Feature","id":"nyc_dob_permit_2072766","properties":{"city_id":"nyc","event_id":"nyc_dob_permit_2072766","title":"DOB permit issued: EQ at 1216 BAY STREET, STATEN ISLAND","year":2010,"effective_date":"2010-03-19","date_precision":"day","category":"built_environment","lens":"built_environment","confidence":"documented","source_ids":["ipu4-2q9a"],"explanation":"ISSUED EQ record for job 520024312 at 1216 BAY STREET in STATEN ISLAND."},"geometry":{"type":"Point","coordinates":[-74.065841,40.613676]}},{"type":"Feature","id":"nyc_dob_permit_2072923","properties":{"city_id":"nyc","event_id":"nyc_dob_permit_2072923","title":"DOB permit issued: FO at 108-27 66 AVENUE, QUEENS","year":2010,"effective_date":"2010-03-22","date_precision":"day","category":"built_environment","lens":"built_environment","confidence":"documented","source_ids":["ipu4-2q9a"],"explanation":"ISSUED FO record for job 420125769 at 108-27 66 AVENUE in QUEENS."},"geometry":{"type":"Point","coordinates":[-73.847016,40.730661]}},{"type":"Feature","id":"nyc_dob_permit_2073108","properties":{"city_id":"nyc","event_id":"nyc_dob_permit_2073108","title":"DOB permit issued: EW at 111 8 AVENUE, MANHATTAN","year":2010,"effective_date":"2010-03-22","date_precision":"day","category":"built_environment","lens":"built_environment","confidence":"documented","source_ids":["ipu4-2q9a"],"explanation":"ISSUED EW record for job 120293654 at 111 8 AVENUE in MANHATTAN."},"geometry":{"type":"Point","coordinates":[-74.001844,40.740704]}},{"type":"Feature","id":"nyc_dob_permit_2073124","properties":{"city_id":"nyc","event_id":"nyc_dob_permit_2073124","title":"DOB permit issued: EW at 285 CENTRAL PARK WEST, MANHATTAN","year":2010,"effective_date":"2010-03-22","date_precision":"day","category":"built_environment","lens":"built_environment","confidence":"documented","source_ids":["ipu4-2q9a"],"explanation":"ISSUED EW record for job 110427654 at 285 CENTRAL PARK WEST in MANHATTAN."},"geometry":{"type":"Point","coordinates":[-73.968085,40.787023]}},{"type":"Feature","id":"nyc_dob_permit_2073128","properties":{"city_id":"nyc","event_id":"nyc_dob_permit_2073128","title":"DOB permit issued: EW at 285 CENTRAL PARK WEST, MANHATTAN","year":2010,"effective_date":"2010-03-22","date_precision":"day","category":"built_environment","lens":"built_environment","confidence":"documented","source_ids":["ipu4-2q9a"],"explanation":"ISSUED EW record for job 110427654 at 285 CENTRAL PARK WEST in MANHATTAN."},"geometry":{"type":"Point","coordinates":[-73.968085,40.787023]}},{"type":"Feature","id":"nyc_dob_permit_2073137","properties":{"city_id":"nyc","event_id":"nyc_dob_permit_2073137","title":"DOB permit issued: AL at 21-21 35TH STREET, QUEENS","year":2010,"effective_date":"2010-03-22","date_precision":"day","category":"built_environment","lens":"built_environment","confidence":"documented","source_ids":["ipu4-2q9a"],"explanation":"ISSUED AL record for job 420088014 at 21-21 35TH STREET in QUEENS."},"geometry":{"type":"Point","coordinates":[-73.90732,40.776154]}},{"type":"Feature","id":"nyc_dob_permit_2073405","properties":{"city_id":"nyc","event_id":"nyc_dob_permit_2073405","title":"DOB permit issued: EW at 520 E 70 ST, MANHATTAN","year":2010,"effective_date":"2010-03-22","date_precision":"day","category":"built_environment","lens":"built_environment","confidence":"documented","source_ids":["ipu4-2q9a"],"explanation":"ISSUED EW record for job 120283843 at 520 E 70 ST in MANHATTAN."},"geometry":{"type":"Point","coordinates":[-73.954103,40.765285]}},{"type":"Feature","id":"nyc_dob_permit_2073619","properties":{"city_id":"nyc","event_id":"nyc_dob_permit_2073619","title":"DOB permit issued: EQ at 156 GATES AVENUE, BROOKLYN","year":2010,"effective_date":"2010-03-23","date_precision":"day","category":"built_environment","lens":"built_environment","confidence":"documented","source_ids":["ipu4-2q9a"],"explanation":"ISSUED EQ record for job 320115889 at 156 GATES AVENUE in BROOKLYN."},"geometry":{"type":"Point","coordinates":[-73.961297,40.684976]}},{"type":"Feature","id":"nyc_dob_permit_2073623","properties":{"city_id":"nyc","event_id":"nyc_dob_permit_2073623","title":"DOB permit issued: EW at 39-20 UTOPIA PARKWAY, QUEENS","year":2010,"effective_date":"2010-03-23","date_precision":"day","category":"built_environment","lens":"built_environment","confidence":"documented","source_ids":["ipu4-2q9a"],"explanation":"ISSUED EW record for job 420002847 at 39-20 UTOPIA PARKWAY in QUEENS."},"geometry":{"type":"Point","coordinates":[-73.793453,40.761127]}},{"type":"Feature","id":"nyc_dob_permit_2073628","properties":{"city_id":"nyc","event_id":"nyc_dob_permit_2073628","title":"DOB permit issued: AL at 249-24 RUSHMORE TERRACE, QUEENS","year":2010,"effective_date":"2010-03-23","date_precision":"day","category":"built_environment","lens":"built_environment","confidence":"documented","source_ids":["ipu4-2q9a"],"explanation":"ISSUED AL record for job 420165001 at 249-24 RUSHMORE TERRACE in QUEENS."},"geometry":{"type":"Point","coordinates":[-73.734869,40.765766]}},{"type":"Feature","id":"nyc_dob_permit_2073630","properties":{"city_id":"nyc","event_id":"nyc_dob_permit_2073630","title":"DOB permit issued: PL at 216 EAST 203RD STREET, BRONX","year":2010,"effective_date":"2010-03-23","date_precision":"day","category":"built_environment","lens":"built_environment","confidence":"documented","source_ids":["ipu4-2q9a"],"explanation":"ISSUED PL record for job 220009354 at 216 EAST 203RD STREET in BRONX."},"geometry":{"type":"Point","coordinates":[-73.885894,40.873786]}},{"type":"Feature","id":"nyc_dob_permit_2074208","properties":{"city_id":"nyc","event_id":"nyc_dob_permit_2074208","title":"DOB permit issued: EQ at 44 MERCER STREET, MANHATTAN","year":2010,"effective_date":"2010-03-24","date_precision":"day","category":"built_environment","lens":"built_environment","confidence":"documented","source_ids":["ipu4-2q9a"],"explanation":"ISSUED EQ record for job 103576024 at 44 MERCER STREET in MANHATTAN."},"geometry":{"type":"Point","coordinates":[-74.001169,40.721565]}},{"type":"Feature","id":"nyc_dob_permit_2074771","properties":{"city_id":"nyc","event_id":"nyc_dob_permit_2074771","title":"DOB permit issued: EW at 335 3 STREET, BROOKLYN","year":2010,"effective_date":"2010-03-25","date_precision":"day","category":"built_environment","lens":"built_environment","confidence":"documented","source_ids":["ipu4-2q9a"],"explanation":"ISSUED EW record for job 320133912 at 335 3 STREET in BROOKLYN."},"geometry":{"type":"Point","coordinates":[-73.984311,40.673305]}},{"type":"Feature","id":"nyc_dob_permit_2074777","properties":{"city_id":"nyc","event_id":"nyc_dob_permit_2074777","title":"DOB permit issued: PL at 757 3 AVENUE, MANHATTAN","year":2010,"effective_date":"2010-03-25","date_precision":"day","category":"built_environment","lens":"built_environment","confidence":"documented","source_ids":["ipu4-2q9a"],"explanation":"ISSUED PL record for job 110058534 at 757 3 AVENUE in MANHATTAN."},"geometry":{"type":"Point","coordinates":[-73.972056,40.754035]}},{"type":"Feature","id":"nyc_dob_permit_2075103","properties":{"city_id":"nyc","event_id":"nyc_dob_permit_2075103","title":"DOB permit issued: EW at 325 BROOME STREET, MANHATTAN","year":2010,"effective_date":"2010-03-25","date_precision":"day","category":"built_environment","lens":"built_environment","confidence":"documented","source_ids":["ipu4-2q9a"],"explanation":"ISSUED EW record for job 120132356 at 325 BROOME STREET in MANHATTAN."},"geometry":{"type":"Point","coordinates":[-73.99377,40.719188]}},{"type":"Feature","id":"nyc_dob_permit_2075291","properties":{"city_id":"nyc","event_id":"nyc_dob_permit_2075291","title":"DOB permit issued: EW at 11 METROTECH CENTER, BROOKLYN","year":2010,"effective_date":"2010-03-25","date_precision":"day","category":"built_environment","lens":"built_environment","confidence":"documented","source_ids":["ipu4-2q9a"],"explanation":"ISSUED EW record for job 301886644 at 11 METROTECH CENTER in BROOKLYN."},"geometry":{"type":"Point","coordinates":[-73.985103,40.695426]}},{"type":"Feature","id":"nyc_dob_permit_2075475","properties":{"city_id":"nyc","event_id":"nyc_dob_permit_2075475","title":"DOB permit issued: EW at 853 BROADWAY, MANHATTAN","year":2010,"effective_date":"2010-03-25","date_precision":"day","category":"built_environment","lens":"built_environment","confidence":"documented","source_ids":["ipu4-2q9a"],"explanation":"ISSUED EW record for job 120268986 at 853 BROADWAY in MANHATTAN."},"geometry":{"type":"Point","coordinates":[-73.99081,40.734646]}},{"type":"Feature","id":"nyc_fdny_fire_incident_1000100790110049","properties":{"city_id":"nyc","event_id":"nyc_fdny_fire_incident_1000100790110049","title":"FDNY dispatch incident: Medical - Assist Civilian, Manhattan","year":2010,"effective_date":"2010-01-01","date_precision":"day","category":"civic_services","lens":"services","confidence":"documented","source_ids":["8m42-w767"],"explanation":"Observed FDNY dispatch incident record for Medical - Assist Civilian in Manhattan."},"geometry":{"type":"Point","coordinates":[-73.9712,40.7831]}},{"type":"Feature","id":"nyc_fdny_fire_incident_1000101160110037","properties":{"city_id":"nyc","event_id":"nyc_fdny_fire_incident_1000101160110037","title":"FDNY dispatch incident: Medical - PD Link 10-91, Manhattan","year":2010,"effective_date":"2010-01-01","date_precision":"day","category":"civic_services","lens":"services","confidence":"documented","source_ids":["8m42-w767"],"explanation":"Observed FDNY dispatch incident record for Medical - PD Link 10-91 in Manhattan."},"geometry":{"type":"Point","coordinates":[-73.9712,40.7831]}},{"type":"Feature","id":"nyc_fdny_fire_incident_1000101860110058","properties":{"city_id":"nyc","event_id":"nyc_fdny_fire_incident_1000101860110058","title":"FDNY dispatch incident: Medical - PD Link 10-91, Manhattan","year":2010,"effective_date":"2010-01-01","date_precision":"day","category":"civic_services","lens":"services","confidence":"documented","source_ids":["8m42-w767"],"explanation":"Observed FDNY dispatch incident record for Medical - PD Link 10-91 in Manhattan."},"geometry":{"type":"Point","coordinates":[-73.9712,40.7831]}},{"type":"Feature","id":"nyc_fdny_fire_incident_1000101990110003","properties":{"city_id":"nyc","event_id":"nyc_fdny_fire_incident_1000101990110003","title":"FDNY dispatch incident: Non-Medical 10-91 (Unnecessary Alarm), Manhattan","year":2010,"effective_date":"2010-01-01","date_precision":"day","category":"civic_services","lens":"services","confidence":"documented","source_ids":["8m42-w767"],"explanation":"Observed FDNY dispatch incident record for Non-Medical 10-91 (Unnecessary Alarm) in Manhattan."},"geometry":{"type":"Point","coordinates":[-73.9712,40.7831]}},{"type":"Feature","id":"nyc_fdny_fire_incident_1000102040110047","properties":{"city_id":"nyc","event_id":"nyc_fdny_fire_incident_1000102040110047","title":"FDNY dispatch incident: Medical - Assist Civilian, Manhattan","year":2010,"effective_date":"2010-01-01","date_precision":"day","category":"civic_services","lens":"services","confidence":"documented","source_ids":["8m42-w767"],"explanation":"Observed FDNY dispatch incident record for Medical - Assist Civilian in Manhattan."},"geometry":{"type":"Point","coordinates":[-73.9712,40.7831]}},{"type":"Feature","id":"nyc_fdny_fire_incident_1000102410140017","properties":{"city_id":"nyc","event_id":"nyc_fdny_fire_incident_1000102410140017","title":"FDNY dispatch incident: Demolition Debris or Rubbish Fire, Brooklyn","year":2010,"effective_date":"2010-01-01","date_precision":"day","category":"civic_services","lens":"services","confidence":"documented","source_ids":["8m42-w767"],"explanation":"Observed FDNY dispatch incident record for Demolition Debris or Rubbish Fire in Brooklyn."},"geometry":{"type":"Point","coordinates":[-73.9442,40.6782]}},{"type":"Feature","id":"nyc_fdny_fire_incident_1000102800140056","properties":{"city_id":"nyc","event_id":"nyc_fdny_fire_incident_1000102800140056","title":"FDNY dispatch incident: Medical - Assist Civilian, Brooklyn","year":2010,"effective_date":"2010-01-01","date_precision":"day","category":"civic_services","lens":"services","confidence":"documented","source_ids":["8m42-w767"],"explanation":"Observed FDNY dispatch incident record for Medical - Assist Civilian in Brooklyn."},"geometry":{"type":"Point","coordinates":[-73.9442,40.6782]}},{"type":"Feature","id":"nyc_fdny_fire_incident_1000103010110006","properties":{"city_id":"nyc","event_id":"nyc_fdny_fire_incident_1000103010110006","title":"FDNY dispatch incident: Odor - Other Smoke, Manhattan","year":2010,"effective_date":"2010-01-01","date_precision":"day","category":"civic_services","lens":"services","confidence":"documented","source_ids":["8m42-w767"],"explanation":"Observed FDNY dispatch incident record for Odor - Other Smoke in Manhattan."},"geometry":{"type":"Point","coordinates":[-73.9712,40.7831]}},{"type":"Feature","id":"nyc_fdny_fire_incident_1000103180110013","properties":{"city_id":"nyc","event_id":"nyc_fdny_fire_incident_1000103180110013","title":"FDNY dispatch incident: Alarm System - Unwarranted, Manhattan","year":2010,"effective_date":"2010-01-01","date_precision":"day","category":"civic_services","lens":"services","confidence":"documented","source_ids":["8m42-w767"],"explanation":"Observed FDNY dispatch incident record for Alarm System - Unwarranted in Manhattan."},"geometry":{"type":"Point","coordinates":[-73.9712,40.7831]}},{"type":"Feature","id":"nyc_fdny_fire_incident_1000103260140021","properties":{"city_id":"nyc","event_id":"nyc_fdny_fire_incident_1000103260140021","title":"FDNY dispatch incident: Manhole Fire - Seeping Smoke, Brooklyn","year":2010,"effective_date":"2010-01-01","date_precision":"day","category":"civic_services","lens":"services","confidence":"documented","source_ids":["8m42-w767"],"explanation":"Observed FDNY dispatch incident record for Manhole Fire - Seeping Smoke in Brooklyn."},"geometry":{"type":"Point","coordinates":[-73.9442,40.6782]}},{"type":"Feature","id":"nyc_fdny_fire_incident_1000103450110064","properties":{"city_id":"nyc","event_id":"nyc_fdny_fire_incident_1000103450110064","title":"FDNY dispatch incident: Carbon Monoxide - Code 1 - Investigation, Manhattan","year":2010,"effective_date":"2010-01-01","date_precision":"day","category":"civic_services","lens":"services","confidence":"documented","source_ids":["8m42-w767"],"explanation":"Observed FDNY dispatch incident record for Carbon Monoxide - Code 1 - Investigation in Manhattan."},"geometry":{"type":"Point","coordinates":[-73.9712,40.7831]}},{"type":"Feature","id":"nyc_fdny_fire_incident_1000103480140028","properties":{"city_id":"nyc","event_id":"nyc_fdny_fire_incident_1000103480140028","title":"FDNY dispatch incident: Medical - PD Link 10-91, Brooklyn","year":2010,"effective_date":"2010-01-01","date_precision":"day","category":"civic_services","lens":"services","confidence":"documented","source_ids":["8m42-w767"],"explanation":"Observed FDNY dispatch incident record for Medical - PD Link 10-91 in Brooklyn."},"geometry":{"type":"Point","coordinates":[-73.9442,40.6782]}},{"type":"Feature","id":"nyc_fdny_fire_incident_1000103630140023","properties":{"city_id":"nyc","event_id":"nyc_fdny_fire_incident_1000103630140023","title":"FDNY dispatch incident: Utility Emergency - Electric, Brooklyn","year":2010,"effective_date":"2010-01-01","date_precision":"day","category":"civic_services","lens":"services","confidence":"documented","source_ids":["8m42-w767"],"explanation":"Observed FDNY dispatch incident record for Utility Emergency - Electric in Brooklyn."},"geometry":{"type":"Point","coordinates":[-73.9442,40.6782]}},{"type":"Feature","id":"nyc_fdny_fire_incident_1000103690140003","properties":{"city_id":"nyc","event_id":"nyc_fdny_fire_incident_1000103690140003","title":"FDNY dispatch incident: Sprinkler System - Working on System, Brooklyn","year":2010,"effective_date":"2010-01-01","date_precision":"day","category":"civic_services","lens":"services","confidence":"documented","source_ids":["8m42-w767"],"explanation":"Observed FDNY dispatch incident record for Sprinkler System - Working on System in Brooklyn."},"geometry":{"type":"Point","coordinates":[-73.9442,40.6782]}},{"type":"Feature","id":"nyc_fdny_fire_incident_1000103760110030","properties":{"city_id":"nyc","event_id":"nyc_fdny_fire_incident_1000103760110030","title":"FDNY dispatch incident: Medical - PD Link 10-91, Manhattan","year":2010,"effective_date":"2010-01-01","date_precision":"day","category":"civic_services","lens":"services","confidence":"documented","source_ids":["8m42-w767"],"explanation":"Observed FDNY dispatch incident record for Medical - PD Link 10-91 in Manhattan."},"geometry":{"type":"Point","coordinates":[-73.9712,40.7831]}},{"type":"Feature","id":"nyc_fdny_fire_incident_1000103850110040","properties":{"city_id":"nyc","event_id":"nyc_fdny_fire_incident_1000103850110040","title":"FDNY dispatch incident: Medical - Assist Civilian, Manhattan","year":2010,"effective_date":"2010-01-01","date_precision":"day","category":"civic_services","lens":"services","confidence":"documented","source_ids":["8m42-w767"],"explanation":"Observed FDNY dispatch incident record for Medical - Assist Civilian in Manhattan."},"geometry":{"type":"Point","coordinates":[-73.9712,40.7831]}},{"type":"Feature","id":"nyc_fdny_fire_incident_1000103890140042","properties":{"city_id":"nyc","event_id":"nyc_fdny_fire_incident_1000103890140042","title":"FDNY dispatch incident: Assist Civilian - Non-Medical, Brooklyn","year":2010,"effective_date":"2010-01-01","date_precision":"day","category":"civic_services","lens":"services","confidence":"documented","source_ids":["8m42-w767"],"explanation":"Observed FDNY dispatch incident record for Assist Civilian - Non-Medical in Brooklyn."},"geometry":{"type":"Point","coordinates":[-73.9442,40.6782]}},{"type":"Feature","id":"nyc_fdny_fire_incident_1000104530110011","properties":{"city_id":"nyc","event_id":"nyc_fdny_fire_incident_1000104530110011","title":"FDNY dispatch incident: Defective Oil Burner, Manhattan","year":2010,"effective_date":"2010-01-01","date_precision":"day","category":"civic_services","lens":"services","confidence":"documented","source_ids":["8m42-w767"],"explanation":"Observed FDNY dispatch incident record for Defective Oil Burner in Manhattan."},"geometry":{"type":"Point","coordinates":[-73.9712,40.7831]}},{"type":"Feature","id":"nyc_fdny_fire_incident_1000105030110005","properties":{"city_id":"nyc","event_id":"nyc_fdny_fire_incident_1000105030110005","title":"FDNY dispatch incident: Medical - Assist Civilian, Manhattan","year":2010,"effective_date":"2010-01-01","date_precision":"day","category":"civic_services","lens":"services","confidence":"documented","source_ids":["8m42-w767"],"explanation":"Observed FDNY dispatch incident record for Medical - Assist Civilian in Manhattan."},"geometry":{"type":"Point","coordinates":[-73.9712,40.7831]}},{"type":"Feature","id":"nyc_fdny_fire_incident_1000105260110057","properties":{"city_id":"nyc","event_id":"nyc_fdny_fire_incident_1000105260110057","title":"FDNY dispatch incident: Medical - PD Link 10-91, Manhattan","year":2010,"effective_date":"2010-01-01","date_precision":"day","category":"civic_services","lens":"services","confidence":"documented","source_ids":["8m42-w767"],"explanation":"Observed FDNY dispatch incident record for Medical - PD Link 10-91 in Manhattan."},"geometry":{"type":"Point","coordinates":[-73.9712,40.7831]}},{"type":"Feature","id":"nyc_fdny_fire_incident_1000106510140038","properties":{"city_id":"nyc","event_id":"nyc_fdny_fire_incident_1000106510140038","title":"FDNY dispatch incident: Medical - Assist Civilian, Brooklyn","year":2010,"effective_date":"2010-01-01","date_precision":"day","category":"civic_services","lens":"services","confidence":"documented","source_ids":["8m42-w767"],"explanation":"Observed FDNY dispatch incident record for Medical - Assist Civilian in Brooklyn."},"geometry":{"type":"Point","coordinates":[-73.9442,40.6782]}},{"type":"Feature","id":"nyc_fdny_fire_incident_1000106530140034","properties":{"city_id":"nyc","event_id":"nyc_fdny_fire_incident_1000106530140034","title":"FDNY dispatch incident: Multiple Dwelling 'A' - Other fire, Brooklyn","year":2010,"effective_date":"2010-01-01","date_precision":"day","category":"civic_services","lens":"services","confidence":"documented","source_ids":["8m42-w767"],"explanation":"Observed FDNY dispatch incident record for Multiple Dwelling 'A' - Other fire in Brooklyn."},"geometry":{"type":"Point","coordinates":[-73.9442,40.6782]}},{"type":"Feature","id":"nyc_fdny_fire_incident_1000106570110024","properties":{"city_id":"nyc","event_id":"nyc_fdny_fire_incident_1000106570110024","title":"FDNY dispatch incident: Medical - PD Link 10-91, Manhattan","year":2010,"effective_date":"2010-01-01","date_precision":"day","category":"civic_services","lens":"services","confidence":"documented","source_ids":["8m42-w767"],"explanation":"Observed FDNY dispatch incident record for Medical - PD Link 10-91 in Manhattan."},"geometry":{"type":"Point","coordinates":[-73.9712,40.7831]}},{"type":"Feature","id":"nyc_fdny_fire_incident_1000106720110038","properties":{"city_id":"nyc","event_id":"nyc_fdny_fire_incident_1000106720110038","title":"FDNY dispatch incident: Medical - PD Link 10-91, Manhattan","year":2010,"effective_date":"2010-01-01","date_precision":"day","category":"civic_services","lens":"services","confidence":"documented","source_ids":["8m42-w767"],"explanation":"Observed FDNY dispatch incident record for Medical - PD Link 10-91 in Manhattan."},"geometry":{"type":"Point","coordinates":[-73.9712,40.7831]}},{"type":"Feature","id":"nyc_fdny_fire_incident_1000107820110060","properties":{"city_id":"nyc","event_id":"nyc_fdny_fire_incident_1000107820110060","title":"FDNY dispatch incident: Medical - EMS Link 10-91, Manhattan","year":2010,"effective_date":"2010-01-01","date_precision":"day","category":"civic_services","lens":"services","confidence":"documented","source_ids":["8m42-w767"],"explanation":"Observed FDNY dispatch incident record for Medical - EMS Link 10-91 in Manhattan."},"geometry":{"type":"Point","coordinates":[-73.9712,40.7831]}},{"type":"Feature","id":"nyc_fdny_fire_incident_1000107960310033","properties":{"city_id":"nyc","event_id":"nyc_fdny_fire_incident_1000107960310033","title":"FDNY dispatch incident: Utility Emergency - Steam, Manhattan","year":2010,"effective_date":"2010-01-01","date_precision":"day","category":"civic_services","lens":"services","confidence":"documented","source_ids":["8m42-w767"],"explanation":"Observed FDNY dispatch incident record for Utility Emergency - Steam in Manhattan."},"geometry":{"type":"Point","coordinates":[-73.9712,40.7831]}},{"type":"Feature","id":"nyc_fdny_fire_incident_1000108020140055","properties":{"city_id":"nyc","event_id":"nyc_fdny_fire_incident_1000108020140055","title":"FDNY dispatch incident: Medical - Assist Civilian, Brooklyn","year":2010,"effective_date":"2010-01-01","date_precision":"day","category":"civic_services","lens":"services","confidence":"documented","source_ids":["8m42-w767"],"explanation":"Observed FDNY dispatch incident record for Medical - Assist Civilian in Brooklyn."},"geometry":{"type":"Point","coordinates":[-73.9442,40.6782]}},{"type":"Feature","id":"nyc_fdny_fire_incident_1000108690110008","properties":{"city_id":"nyc","event_id":"nyc_fdny_fire_incident_1000108690110008","title":"FDNY dispatch incident: Non-Medical MFA - Private Fire Alarm, Manhattan","year":2010,"effective_date":"2010-01-01","date_precision":"day","category":"civic_services","lens":"services","confidence":"documented","source_ids":["8m42-w767"],"explanation":"Observed FDNY dispatch incident record for Non-Medical MFA - Private Fire Alarm in Manhattan."},"geometry":{"type":"Point","coordinates":[-73.9712,40.7831]}},{"type":"Feature","id":"nyc_fdny_fire_incident_1000109590110032","properties":{"city_id":"nyc","event_id":"nyc_fdny_fire_incident_1000109590110032","title":"FDNY dispatch incident: Medical - Assist Civilian, Manhattan","year":2010,"effective_date":"2010-01-01","date_precision":"day","category":"civic_services","lens":"services","confidence":"documented","source_ids":["8m42-w767"],"explanation":"Observed FDNY dispatch incident record for Medical - Assist Civilian in Manhattan."},"geometry":{"type":"Point","coordinates":[-73.9712,40.7831]}},{"type":"Feature","id":"nyc_fdny_fire_incident_1000109770140025","properties":{"city_id":"nyc","event_id":"nyc_fdny_fire_incident_1000109770140025","title":"FDNY dispatch incident: Utility Emergency - Electric, Brooklyn","year":2010,"effective_date":"2010-01-01","date_precision":"day","category":"civic_services","lens":"services","confidence":"documented","source_ids":["8m42-w767"],"explanation":"Observed FDNY dispatch incident record for Utility Emergency - Electric in Brooklyn."},"geometry":{"type":"Point","coordinates":[-73.9442,40.6782]}},{"type":"Feature","id":"nyc_fdny_fire_incident_1000109850110036","properties":{"city_id":"nyc","event_id":"nyc_fdny_fire_incident_1000109850110036","title":"FDNY dispatch incident: Medical - Assist Civilian, Manhattan","year":2010,"effective_date":"2010-01-01","date_precision":"day","category":"civic_services","lens":"services","confidence":"documented","source_ids":["8m42-w767"],"explanation":"Observed FDNY dispatch incident record for Medical - Assist Civilian in Manhattan."},"geometry":{"type":"Point","coordinates":[-73.9712,40.7831]}},{"type":"Feature","id":"nyc_fdny_fire_incident_1000109850410061","properties":{"city_id":"nyc","event_id":"nyc_fdny_fire_incident_1000109850410061","title":"FDNY dispatch incident: Medical - Assist Civilian, Manhattan","year":2010,"effective_date":"2010-01-01","date_precision":"day","category":"civic_services","lens":"services","confidence":"documented","source_ids":["8m42-w767"],"explanation":"Observed FDNY dispatch incident record for Medical - Assist Civilian in Manhattan."},"geometry":{"type":"Point","coordinates":[-73.9712,40.7831]}},{"type":"Feature","id":"nyc_fdny_fire_incident_1000110350130004","properties":{"city_id":"nyc","event_id":"nyc_fdny_fire_incident_1000110350130004","title":"FDNY dispatch incident: Medical MFA - EMS Link, Staten Island","year":2010,"effective_date":"2010-01-01","date_precision":"day","category":"civic_services","lens":"services","confidence":"documented","source_ids":["8m42-w767"],"explanation":"Observed FDNY dispatch incident record for Medical MFA - EMS Link in Staten Island."},"geometry":{"type":"Point","coordinates":[-74.1502,40.5795]}},{"type":"Feature","id":"nyc_fdny_fire_incident_1000110590110059","properties":{"city_id":"nyc","event_id":"nyc_fdny_fire_incident_1000110590110059","title":"FDNY dispatch incident: Medical - Assist Civilian, Manhattan","year":2010,"effective_date":"2010-01-01","date_precision":"day","category":"civic_services","lens":"services","confidence":"documented","source_ids":["8m42-w767"],"explanation":"Observed FDNY dispatch incident record for Medical - Assist Civilian in Manhattan."},"geometry":{"type":"Point","coordinates":[-73.9712,40.7831]}},{"type":"Feature","id":"nyc_fdny_fire_incident_1000110590140047","properties":{"city_id":"nyc","event_id":"nyc_fdny_fire_incident_1000110590140047","title":"FDNY dispatch incident: Odor - Other Than Smoke, Brooklyn","year":2010,"effective_date":"2010-01-01","date_precision":"day","category":"civic_services","lens":"services","confidence":"documented","source_ids":["8m42-w767"],"explanation":"Observed FDNY dispatch incident record for Odor - Other Than Smoke in Brooklyn."},"geometry":{"type":"Point","coordinates":[-73.9442,40.6782]}},{"type":"Feature","id":"nyc_fdny_fire_incident_1000112280110026","properties":{"city_id":"nyc","event_id":"nyc_fdny_fire_incident_1000112280110026","title":"FDNY dispatch incident: Alarm System - Defective, Manhattan","year":2010,"effective_date":"2010-01-01","date_precision":"day","category":"civic_services","lens":"services","confidence":"documented","source_ids":["8m42-w767"],"explanation":"Observed FDNY dispatch incident record for Alarm System - Defective in Manhattan."},"geometry":{"type":"Point","coordinates":[-73.9712,40.7831]}},{"type":"Feature","id":"nyc_fdny_fire_incident_1000112530140026","properties":{"city_id":"nyc","event_id":"nyc_fdny_fire_incident_1000112530140026","title":"FDNY dispatch incident: Medical - Assist Civilian, Brooklyn","year":2010,"effective_date":"2010-01-01","date_precision":"day","category":"civic_services","lens":"services","confidence":"documented","source_ids":["8m42-w767"],"explanation":"Observed FDNY dispatch incident record for Medical - Assist Civilian in Brooklyn."},"geometry":{"type":"Point","coordinates":[-73.9442,40.6782]}},{"type":"Feature","id":"nyc_fdny_fire_incident_1000112750110007","properties":{"city_id":"nyc","event_id":"nyc_fdny_fire_incident_1000112750110007","title":"FDNY dispatch incident: Utility Emergency - Electric, Manhattan","year":2010,"effective_date":"2010-01-01","date_precision":"day","category":"civic_services","lens":"services","confidence":"documented","source_ids":["8m42-w767"],"explanation":"Observed FDNY dispatch incident record for Utility Emergency - Electric in Manhattan."},"geometry":{"type":"Point","coordinates":[-73.9712,40.7831]}},{"type":"Feature","id":"nyc_fdny_fire_incident_1000113160140012","properties":{"city_id":"nyc","event_id":"nyc_fdny_fire_incident_1000113160140012","title":"FDNY dispatch incident: Medical - Assist Civilian, Brooklyn","year":2010,"effective_date":"2010-01-01","date_precision":"day","category":"civic_services","lens":"services","confidence":"documented","source_ids":["8m42-w767"],"explanation":"Observed FDNY dispatch incident record for Medical - Assist Civilian in Brooklyn."},"geometry":{"type":"Point","coordinates":[-73.9442,40.6782]}},{"type":"Feature","id":"nyc_fdny_fire_incident_1000113480110021","properties":{"city_id":"nyc","event_id":"nyc_fdny_fire_incident_1000113480110021","title":"FDNY dispatch incident: Assist Civilian - Non-Medical, Manhattan","year":2010,"effective_date":"2010-01-01","date_precision":"day","category":"civic_services","lens":"services","confidence":"documented","source_ids":["8m42-w767"],"explanation":"Observed FDNY dispatch incident record for Assist Civilian - Non-Medical in Manhattan."},"geometry":{"type":"Point","coordinates":[-73.9712,40.7831]}},{"type":"Feature","id":"nyc_fdny_fire_incident_1000113860110029","properties":{"city_id":"nyc","event_id":"nyc_fdny_fire_incident_1000113860110029","title":"FDNY dispatch incident: Medical - Assist Civilian, Manhattan","year":2010,"effective_date":"2010-01-01","date_precision":"day","category":"civic_services","lens":"services","confidence":"documented","source_ids":["8m42-w767"],"explanation":"Observed FDNY dispatch incident record for Medical - Assist Civilian in Manhattan."},"geometry":{"type":"Point","coordinates":[-73.9712,40.7831]}},{"type":"Feature","id":"nyc_fdny_fire_incident_1000114360140061","properties":{"city_id":"nyc","event_id":"nyc_fdny_fire_incident_1000114360140061","title":"FDNY dispatch incident: Alarm System - Unwarranted, Brooklyn","year":2010,"effective_date":"2010-01-01","date_precision":"day","category":"civic_services","lens":"services","confidence":"documented","source_ids":["8m42-w767"],"explanation":"Observed FDNY dispatch incident record for Alarm System - Unwarranted in Brooklyn."},"geometry":{"type":"Point","coordinates":[-73.9442,40.6782]}},{"type":"Feature","id":"nyc_fdny_fire_incident_1000114620140014","properties":{"city_id":"nyc","event_id":"nyc_fdny_fire_incident_1000114620140014","title":"FDNY dispatch incident: Medical - Assist Civilian, Brooklyn","year":2010,"effective_date":"2010-01-01","date_precision":"day","category":"civic_services","lens":"services","confidence":"documented","source_ids":["8m42-w767"],"explanation":"Observed FDNY dispatch incident record for Medical - Assist Civilian in Brooklyn."},"geometry":{"type":"Point","coordinates":[-73.9442,40.6782]}},{"type":"Feature","id":"nyc_fdny_fire_incident_1000114910110043","properties":{"city_id":"nyc","event_id":"nyc_fdny_fire_incident_1000114910110043","title":"FDNY dispatch incident: Utility Emergency - Electric, Manhattan","year":2010,"effective_date":"2010-01-01","date_precision":"day","category":"civic_services","lens":"services","confidence":"documented","source_ids":["8m42-w767"],"explanation":"Observed FDNY dispatch incident record for Utility Emergency - Electric in Manhattan."},"geometry":{"type":"Point","coordinates":[-73.9712,40.7831]}},{"type":"Feature","id":"nyc_fdny_fire_incident_1000115560110041","properties":{"city_id":"nyc","event_id":"nyc_fdny_fire_incident_1000115560110041","title":"FDNY dispatch incident: Medical - PD Link 10-91, Manhattan","year":2010,"effective_date":"2010-01-01","date_precision":"day","category":"civic_services","lens":"services","confidence":"documented","source_ids":["8m42-w767"],"explanation":"Observed FDNY dispatch incident record for Medical - PD Link 10-91 in Manhattan."},"geometry":{"type":"Point","coordinates":[-73.9712,40.7831]}},{"type":"Feature","id":"nyc_fdny_fire_incident_1000116130110062","properties":{"city_id":"nyc","event_id":"nyc_fdny_fire_incident_1000116130110062","title":"FDNY dispatch incident: Utility Emergency - Electric, Manhattan","year":2010,"effective_date":"2010-01-01","date_precision":"day","category":"civic_services","lens":"services","confidence":"documented","source_ids":["8m42-w767"],"explanation":"Observed FDNY dispatch incident record for Utility Emergency - Electric in Manhattan."},"geometry":{"type":"Point","coordinates":[-73.9712,40.7831]}},{"type":"Feature","id":"nyc_fdny_fire_incident_1000116750110039","properties":{"city_id":"nyc","event_id":"nyc_fdny_fire_incident_1000116750110039","title":"FDNY dispatch incident: Odor - Other Than Smoke, Manhattan","year":2010,"effective_date":"2010-01-01","date_precision":"day","category":"civic_services","lens":"services","confidence":"documented","source_ids":["8m42-w767"],"explanation":"Observed FDNY dispatch incident record for Odor - Other Than Smoke in Manhattan."},"geometry":{"type":"Point","coordinates":[-73.9712,40.7831]}},{"type":"Feature","id":"nyc_fdny_fire_incident_1000116890140041","properties":{"city_id":"nyc","event_id":"nyc_fdny_fire_incident_1000116890140041","title":"FDNY dispatch incident: Non-Medical MFA - Phone, Brooklyn","year":2010,"effective_date":"2010-01-01","date_precision":"day","category":"civic_services","lens":"services","confidence":"documented","source_ids":["8m42-w767"],"explanation":"Observed FDNY dispatch incident record for Non-Medical MFA - Phone in Brooklyn."},"geometry":{"type":"Point","coordinates":[-73.9442,40.6782]}},{"type":"Feature","id":"nyc_fdny_fire_incident_1000117020110055","properties":{"city_id":"nyc","event_id":"nyc_fdny_fire_incident_1000117020110055","title":"FDNY dispatch incident: Medical - PD Link 10-91, Manhattan","year":2010,"effective_date":"2010-01-01","date_precision":"day","category":"civic_services","lens":"services","confidence":"documented","source_ids":["8m42-w767"],"explanation":"Observed FDNY dispatch incident record for Medical - PD Link 10-91 in Manhattan."},"geometry":{"type":"Point","coordinates":[-73.9712,40.7831]}},{"type":"Feature","id":"nyc_fdny_fire_incident_1000118020110063","properties":{"city_id":"nyc","event_id":"nyc_fdny_fire_incident_1000118020110063","title":"FDNY dispatch incident: Utility Emergency - Gas, Manhattan","year":2010,"effective_date":"2010-01-01","date_precision":"day","category":"civic_services","lens":"services","confidence":"documented","source_ids":["8m42-w767"],"explanation":"Observed FDNY dispatch incident record for Utility Emergency - Gas in Manhattan."},"geometry":{"type":"Point","coordinates":[-73.9712,40.7831]}},{"type":"Feature","id":"nyc_fdny_fire_incident_1000118780140007","properties":{"city_id":"nyc","event_id":"nyc_fdny_fire_incident_1000118780140007","title":"FDNY dispatch incident: Alarm System - Unwarranted, Brooklyn","year":2010,"effective_date":"2010-01-01","date_precision":"day","category":"civic_services","lens":"services","confidence":"documented","source_ids":["8m42-w767"],"explanation":"Observed FDNY dispatch incident record for Alarm System - Unwarranted in Brooklyn."},"geometry":{"type":"Point","coordinates":[-73.9442,40.6782]}},{"type":"Feature","id":"nyc_fdny_fire_incident_1000119320140032","properties":{"city_id":"nyc","event_id":"nyc_fdny_fire_incident_1000119320140032","title":"FDNY dispatch incident: Medical - Assist Civilian, Brooklyn","year":2010,"effective_date":"2010-01-01","date_precision":"day","category":"civic_services","lens":"services","confidence":"documented","source_ids":["8m42-w767"],"explanation":"Observed FDNY dispatch incident record for Medical - Assist Civilian in Brooklyn."},"geometry":{"type":"Point","coordinates":[-73.9442,40.6782]}},{"type":"Feature","id":"nyc_fdny_fire_incident_1000119940140005","properties":{"city_id":"nyc","event_id":"nyc_fdny_fire_incident_1000119940140005","title":"FDNY dispatch incident: Sprinkler System - Working on System, Brooklyn","year":2010,"effective_date":"2010-01-01","date_precision":"day","category":"civic_services","lens":"services","confidence":"documented","source_ids":["8m42-w767"],"explanation":"Observed FDNY dispatch incident record for Sprinkler System - Working on System in Brooklyn."},"geometry":{"type":"Point","coordinates":[-73.9442,40.6782]}},{"type":"Feature","id":"nyc_fdny_fire_incident_1000120220140002","properties":{"city_id":"nyc","event_id":"nyc_fdny_fire_incident_1000120220140002","title":"FDNY dispatch incident: Sprinkler System - Working on System, Brooklyn","year":2010,"effective_date":"2010-01-01","date_precision":"day","category":"civic_services","lens":"services","confidence":"documented","source_ids":["8m42-w767"],"explanation":"Observed FDNY dispatch incident record for Sprinkler System - Working on System in Brooklyn."},"geometry":{"type":"Point","coordinates":[-73.9442,40.6782]}},{"type":"Feature","id":"nyc_fdny_fire_incident_1000121780120023","properties":{"city_id":"nyc","event_id":"nyc_fdny_fire_incident_1000121780120023","title":"FDNY dispatch incident: Demolition Debris or Rubbish Fire, Bronx","year":2010,"effective_date":"2010-01-01","date_precision":"day","category":"civic_services","lens":"services","confidence":"documented","source_ids":["8m42-w767"],"explanation":"Observed FDNY dispatch incident record for Demolition Debris or Rubbish Fire in Bronx."},"geometry":{"type":"Point","coordinates":[-73.8648,40.8448]}},{"type":"Feature","id":"nyc_fdny_fire_incident_1000122140120007","properties":{"city_id":"nyc","event_id":"nyc_fdny_fire_incident_1000122140120007","title":"FDNY dispatch incident: Odor - Other Smoke, Bronx","year":2010,"effective_date":"2010-01-01","date_precision":"day","category":"civic_services","lens":"services","confidence":"documented","source_ids":["8m42-w767"],"explanation":"Observed FDNY dispatch incident record for Odor - Other Smoke in Bronx."},"geometry":{"type":"Point","coordinates":[-73.8648,40.8448]}},{"type":"Feature","id":"nyc_fdny_fire_incident_1000123510120013","properties":{"city_id":"nyc","event_id":"nyc_fdny_fire_incident_1000123510120013","title":"FDNY dispatch incident: Transit System - NonStructural, Bronx","year":2010,"effective_date":"2010-01-01","date_precision":"day","category":"transport","lens":"traffic","confidence":"documented","source_ids":["8m42-w767"],"explanation":"Observed FDNY dispatch incident record for Transit System - NonStructural in Bronx."},"geometry":{"type":"Point","coordinates":[-73.8648,40.8448]}},{"type":"Feature","id":"nyc_fdny_fire_incident_1000124960140004","properties":{"city_id":"nyc","event_id":"nyc_fdny_fire_incident_1000124960140004","title":"FDNY dispatch incident: Alarm System - Other, Brooklyn","year":2010,"effective_date":"2010-01-01","date_precision":"day","category":"civic_services","lens":"services","confidence":"documented","source_ids":["8m42-w767"],"explanation":"Observed FDNY dispatch incident record for Alarm System - Other in Brooklyn."},"geometry":{"type":"Point","coordinates":[-73.9442,40.6782]}},{"type":"Feature","id":"nyc_fdny_fire_incident_1000125490120006","properties":{"city_id":"nyc","event_id":"nyc_fdny_fire_incident_1000125490120006","title":"FDNY dispatch incident: Demolition Debris or Rubbish Fire, Bronx","year":2010,"effective_date":"2010-01-01","date_precision":"day","category":"civic_services","lens":"services","confidence":"documented","source_ids":["8m42-w767"],"explanation":"Observed FDNY dispatch incident record for Demolition Debris or Rubbish Fire in Bronx."},"geometry":{"type":"Point","coordinates":[-73.8648,40.8448]}},{"type":"Feature","id":"nyc_fdny_fire_incident_1000126150140039","properties":{"city_id":"nyc","event_id":"nyc_fdny_fire_incident_1000126150140039","title":"FDNY dispatch incident: Odor - Other Smoke, Brooklyn","year":2010,"effective_date":"2010-01-01","date_precision":"day","category":"civic_services","lens":"services","confidence":"documented","source_ids":["8m42-w767"],"explanation":"Observed FDNY dispatch incident record for Odor - Other Smoke in Brooklyn."},"geometry":{"type":"Point","coordinates":[-73.9442,40.6782]}},{"type":"Feature","id":"nyc_fdny_fire_incident_1000127060120025","properties":{"city_id":"nyc","event_id":"nyc_fdny_fire_incident_1000127060120025","title":"FDNY dispatch incident: Utility Emergency - Electric, Bronx","year":2010,"effective_date":"2010-01-01","date_precision":"day","category":"civic_services","lens":"services","confidence":"documented","source_ids":["8m42-w767"],"explanation":"Observed FDNY dispatch incident record for Utility Emergency - Electric in Bronx."},"geometry":{"type":"Point","coordinates":[-73.8648,40.8448]}},{"type":"Feature","id":"nyc_fdny_fire_incident_1000127710120030","properties":{"city_id":"nyc","event_id":"nyc_fdny_fire_incident_1000127710120030","title":"FDNY dispatch incident: Medical - EMS Link 10-91, Bronx","year":2010,"effective_date":"2010-01-01","date_precision":"day","category":"civic_services","lens":"services","confidence":"documented","source_ids":["8m42-w767"],"explanation":"Observed FDNY dispatch incident record for Medical - EMS Link 10-91 in Bronx."},"geometry":{"type":"Point","coordinates":[-73.8648,40.8448]}},{"type":"Feature","id":"nyc_fdny_fire_incident_1000127740120005","properties":{"city_id":"nyc","event_id":"nyc_fdny_fire_incident_1000127740120005","title":"FDNY dispatch incident: Alarm System - Unwarranted, Bronx","year":2010,"effective_date":"2010-01-01","date_precision":"day","category":"civic_services","lens":"services","confidence":"documented","source_ids":["8m42-w767"],"explanation":"Observed FDNY dispatch incident record for Alarm System - Unwarranted in Bronx."},"geometry":{"type":"Point","coordinates":[-73.8648,40.8448]}},{"type":"Feature","id":"nyc_fdny_fire_incident_1000128070120014","properties":{"city_id":"nyc","event_id":"nyc_fdny_fire_incident_1000128070120014","title":"FDNY dispatch incident: Utility Emergency - Electric, Bronx","year":2010,"effective_date":"2010-01-01","date_precision":"day","category":"civic_services","lens":"services","confidence":"documented","source_ids":["8m42-w767"],"explanation":"Observed FDNY dispatch incident record for Utility Emergency - Electric in Bronx."},"geometry":{"type":"Point","coordinates":[-73.8648,40.8448]}},{"type":"Feature","id":"nyc_fdny_fire_incident_1000128390140001","properties":{"city_id":"nyc","event_id":"nyc_fdny_fire_incident_1000128390140001","title":"FDNY dispatch incident: Medical - Assist Civilian, Brooklyn","year":2010,"effective_date":"2010-01-01","date_precision":"day","category":"civic_services","lens":"services","confidence":"documented","source_ids":["8m42-w767"],"explanation":"Observed FDNY dispatch incident record for Medical - Assist Civilian in Brooklyn."},"geometry":{"type":"Point","coordinates":[-73.9442,40.6782]}},{"type":"Feature","id":"nyc_fdny_fire_incident_1000128860120002","properties":{"city_id":"nyc","event_id":"nyc_fdny_fire_incident_1000128860120002","title":"FDNY dispatch incident: Medical - Assist Civilian, Bronx","year":2010,"effective_date":"2010-01-01","date_precision":"day","category":"civic_services","lens":"services","confidence":"documented","source_ids":["8m42-w767"],"explanation":"Observed FDNY dispatch incident record for Medical - Assist Civilian in Bronx."},"geometry":{"type":"Point","coordinates":[-73.8648,40.8448]}},{"type":"Feature","id":"nyc_fdny_fire_incident_1000129650120024","properties":{"city_id":"nyc","event_id":"nyc_fdny_fire_incident_1000129650120024","title":"FDNY dispatch incident: Medical - EMS Link 10-91, Bronx","year":2010,"effective_date":"2010-01-01","date_precision":"day","category":"civic_services","lens":"services","confidence":"documented","source_ids":["8m42-w767"],"explanation":"Observed FDNY dispatch incident record for Medical - EMS Link 10-91 in Bronx."},"geometry":{"type":"Point","coordinates":[-73.8648,40.8448]}},{"type":"Feature","id":"nyc_fdny_fire_incident_1000130580120026","properties":{"city_id":"nyc","event_id":"nyc_fdny_fire_incident_1000130580120026","title":"FDNY dispatch incident: Odor - Other Smoke, Bronx","year":2010,"effective_date":"2010-01-01","date_precision":"day","category":"civic_services","lens":"services","confidence":"documented","source_ids":["8m42-w767"],"explanation":"Observed FDNY dispatch incident record for Odor - Other Smoke in Bronx."},"geometry":{"type":"Point","coordinates":[-73.8648,40.8448]}},{"type":"Feature","id":"nyc_fdny_fire_incident_1000131060120017","properties":{"city_id":"nyc","event_id":"nyc_fdny_fire_incident_1000131060120017","title":"FDNY dispatch incident: Alarm System - Unwarranted, Bronx","year":2010,"effective_date":"2010-01-01","date_precision":"day","category":"civic_services","lens":"services","confidence":"documented","source_ids":["8m42-w767"],"explanation":"Observed FDNY dispatch incident record for Alarm System - Unwarranted in Bronx."},"geometry":{"type":"Point","coordinates":[-73.8648,40.8448]}},{"type":"Feature","id":"nyc_fdny_fire_incident_1000131240120008","properties":{"city_id":"nyc","event_id":"nyc_fdny_fire_incident_1000131240120008","title":"FDNY dispatch incident: Odor - Other Smoke, Bronx","year":2010,"effective_date":"2010-01-01","date_precision":"day","category":"civic_services","lens":"services","confidence":"documented","source_ids":["8m42-w767"],"explanation":"Observed FDNY dispatch incident record for Odor - Other Smoke in Bronx."},"geometry":{"type":"Point","coordinates":[-73.8648,40.8448]}},{"type":"Feature","id":"nyc_fdny_fire_incident_1000131360140054","properties":{"city_id":"nyc","event_id":"nyc_fdny_fire_incident_1000131360140054","title":"FDNY dispatch incident: Medical - Assist Civilian, Brooklyn","year":2010,"effective_date":"2010-01-01","date_precision":"day","category":"civic_services","lens":"services","confidence":"documented","source_ids":["8m42-w767"],"explanation":"Observed FDNY dispatch incident record for Medical - Assist Civilian in Brooklyn."},"geometry":{"type":"Point","coordinates":[-73.9442,40.6782]}},{"type":"Feature","id":"nyc_fdny_fire_incident_1000131990120003","properties":{"city_id":"nyc","event_id":"nyc_fdny_fire_incident_1000131990120003","title":"FDNY dispatch incident: Non-Medical MFA - ERS No Contact, Bronx","year":2010,"effective_date":"2010-01-01","date_precision":"day","category":"civic_services","lens":"services","confidence":"documented","source_ids":["8m42-w767"],"explanation":"Observed FDNY dispatch incident record for Non-Medical MFA - ERS No Contact in Bronx."},"geometry":{"type":"Point","coordinates":[-73.8648,40.8448]}},{"type":"Feature","id":"nyc_fdny_fire_incident_1000133040120004","properties":{"city_id":"nyc","event_id":"nyc_fdny_fire_incident_1000133040120004","title":"FDNY dispatch incident: Non-Medical MFA - Private Fire Alarm, Bronx","year":2010,"effective_date":"2010-01-01","date_precision":"day","category":"civic_services","lens":"services","confidence":"documented","source_ids":["8m42-w767"],"explanation":"Observed FDNY dispatch incident record for Non-Medical MFA - Private Fire Alarm in Bronx."},"geometry":{"type":"Point","coordinates":[-73.8648,40.8448]}},{"type":"Feature","id":"nyc_fdny_fire_incident_1000135050120010","properties":{"city_id":"nyc","event_id":"nyc_fdny_fire_incident_1000135050120010","title":"FDNY dispatch incident: Medical - Assist Civilian, Bronx","year":2010,"effective_date":"2010-01-01","date_precision":"day","category":"civic_services","lens":"services","confidence":"documented","source_ids":["8m42-w767"],"explanation":"Observed FDNY dispatch incident record for Medical - Assist Civilian in Bronx."},"geometry":{"type":"Point","coordinates":[-73.8648,40.8448]}},{"type":"Feature","id":"nyc_fdny_fire_incident_1000136420120029","properties":{"city_id":"nyc","event_id":"nyc_fdny_fire_incident_1000136420120029","title":"FDNY dispatch incident: Medical - PD Link 10-91, Bronx","year":2010,"effective_date":"2010-01-01","date_precision":"day","category":"civic_services","lens":"services","confidence":"documented","source_ids":["8m42-w767"],"explanation":"Observed FDNY dispatch incident record for Medical - PD Link 10-91 in Bronx."},"geometry":{"type":"Point","coordinates":[-73.8648,40.8448]}},{"type":"Feature","id":"nyc_fdny_fire_incident_1000137760140016","properties":{"city_id":"nyc","event_id":"nyc_fdny_fire_incident_1000137760140016","title":"FDNY dispatch incident: Demolition Debris or Rubbish Fire, Brooklyn","year":2010,"effective_date":"2010-01-01","date_precision":"day","category":"civic_services","lens":"services","confidence":"documented","source_ids":["8m42-w767"],"explanation":"Observed FDNY dispatch incident record for Demolition Debris or Rubbish Fire in Brooklyn."},"geometry":{"type":"Point","coordinates":[-73.9442,40.6782]}},{"type":"Feature","id":"nyc_fdny_fire_incident_1000137830140048","properties":{"city_id":"nyc","event_id":"nyc_fdny_fire_incident_1000137830140048","title":"FDNY dispatch incident: Carbon Monoxide - Code 1 - Investigation, Brooklyn","year":2010,"effective_date":"2010-01-01","date_precision":"day","category":"civic_services","lens":"services","confidence":"documented","source_ids":["8m42-w767"],"explanation":"Observed FDNY dispatch incident record for Carbon Monoxide - Code 1 - Investigation in Brooklyn."},"geometry":{"type":"Point","coordinates":[-73.9442,40.6782]}},{"type":"Feature","id":"nyc_fdny_fire_incident_1000139230140010","properties":{"city_id":"nyc","event_id":"nyc_fdny_fire_incident_1000139230140010","title":"FDNY dispatch incident: Medical - Assist Civilian, Brooklyn","year":2010,"effective_date":"2010-01-01","date_precision":"day","category":"civic_services","lens":"services","confidence":"documented","source_ids":["8m42-w767"],"explanation":"Observed FDNY dispatch incident record for Medical - Assist Civilian in Brooklyn."},"geometry":{"type":"Point","coordinates":[-73.9442,40.6782]}},{"type":"Feature","id":"nyc_fdny_fire_incident_1000139720140011","properties":{"city_id":"nyc","event_id":"nyc_fdny_fire_incident_1000139720140011","title":"FDNY dispatch incident: Defective Oil Burner, Brooklyn","year":2010,"effective_date":"2010-01-01","date_precision":"day","category":"civic_services","lens":"services","confidence":"documented","source_ids":["8m42-w767"],"explanation":"Observed FDNY dispatch incident record for Defective Oil Burner in Brooklyn."},"geometry":{"type":"Point","coordinates":[-73.9442,40.6782]}},{"type":"Feature","id":"nyc_fdny_fire_incident_1000140710150002","properties":{"city_id":"nyc","event_id":"nyc_fdny_fire_incident_1000140710150002","title":"FDNY dispatch incident: Alarm System - Unwarranted, Queens","year":2010,"effective_date":"2010-01-01","date_precision":"day","category":"civic_services","lens":"services","confidence":"documented","source_ids":["8m42-w767"],"explanation":"Observed FDNY dispatch incident record for Alarm System - Unwarranted in Queens."},"geometry":{"type":"Point","coordinates":[-73.7949,40.7282]}},{"type":"Feature","id":"nyc_fdny_fire_incident_1000153880150007","properties":{"city_id":"nyc","event_id":"nyc_fdny_fire_incident_1000153880150007","title":"FDNY dispatch incident: Assist Civilian - Non-Medical, Queens","year":2010,"effective_date":"2010-01-01","date_precision":"day","category":"civic_services","lens":"services","confidence":"documented","source_ids":["8m42-w767"],"explanation":"Observed FDNY dispatch incident record for Assist Civilian - Non-Medical in Queens."},"geometry":{"type":"Point","coordinates":[-73.7949,40.7282]}},{"type":"Feature","id":"nyc_fdny_fire_incident_1000158510150011","properties":{"city_id":"nyc","event_id":"nyc_fdny_fire_incident_1000158510150011","title":"FDNY dispatch incident: Medical - EMS Link 10-91, Queens","year":2010,"effective_date":"2010-01-01","date_precision":"day","category":"civic_services","lens":"services","confidence":"documented","source_ids":["8m42-w767"],"explanation":"Observed FDNY dispatch incident record for Medical - EMS Link 10-91 in Queens."},"geometry":{"type":"Point","coordinates":[-73.7949,40.7282]}},{"type":"Feature","id":"nyc_fdny_fire_incident_1000174240150012","properties":{"city_id":"nyc","event_id":"nyc_fdny_fire_incident_1000174240150012","title":"FDNY dispatch incident: Medical - PD Link 10-91, Queens","year":2010,"effective_date":"2010-01-01","date_precision":"day","category":"civic_services","lens":"services","confidence":"documented","source_ids":["8m42-w767"],"explanation":"Observed FDNY dispatch incident record for Medical - PD Link 10-91 in Queens."},"geometry":{"type":"Point","coordinates":[-73.7949,40.7282]}},{"type":"Feature","id":"nyc_fdny_fire_incident_1000177990150013","properties":{"city_id":"nyc","event_id":"nyc_fdny_fire_incident_1000177990150013","title":"FDNY dispatch incident: Multiple Dwelling 'A' - Other fire, Queens","year":2010,"effective_date":"2010-01-01","date_precision":"day","category":"civic_services","lens":"services","confidence":"documented","source_ids":["8m42-w767"],"explanation":"Observed FDNY dispatch incident record for Multiple Dwelling 'A' - Other fire in Queens."},"geometry":{"type":"Point","coordinates":[-73.7949,40.7282]}},{"type":"Feature","id":"nyc_fdny_fire_incident_1000179660150017","properties":{"city_id":"nyc","event_id":"nyc_fdny_fire_incident_1000179660150017","title":"FDNY dispatch incident: Assist Civilian - Non-Medical, Queens","year":2010,"effective_date":"2010-01-01","date_precision":"day","category":"civic_services","lens":"services","confidence":"documented","source_ids":["8m42-w767"],"explanation":"Observed FDNY dispatch incident record for Assist Civilian - Non-Medical in Queens."},"geometry":{"type":"Point","coordinates":[-73.7949,40.7282]}},{"type":"Feature","id":"nyc_fdny_fire_incident_1000185910150003","properties":{"city_id":"nyc","event_id":"nyc_fdny_fire_incident_1000185910150003","title":"FDNY dispatch incident: Assist Civilian - Non-Medical, Queens","year":2010,"effective_date":"2010-01-01","date_precision":"day","category":"civic_services","lens":"services","confidence":"documented","source_ids":["8m42-w767"],"explanation":"Observed FDNY dispatch incident record for Assist Civilian - Non-Medical in Queens."},"geometry":{"type":"Point","coordinates":[-73.7949,40.7282]}},{"type":"Feature","id":"nyc_fdny_fire_incident_1000188150150006","properties":{"city_id":"nyc","event_id":"nyc_fdny_fire_incident_1000188150150006","title":"FDNY dispatch incident: Medical - EMS Link 10-91, Queens","year":2010,"effective_date":"2010-01-01","date_precision":"day","category":"civic_services","lens":"services","confidence":"documented","source_ids":["8m42-w767"],"explanation":"Observed FDNY dispatch incident record for Medical - EMS Link 10-91 in Queens."},"geometry":{"type":"Point","coordinates":[-73.7949,40.7282]}},{"type":"Feature","id":"nyc_fdny_fire_incident_1000189700150016","properties":{"city_id":"nyc","event_id":"nyc_fdny_fire_incident_1000189700150016","title":"FDNY dispatch incident: Carbon Monoxide - Code 1 - Investigation, Queens","year":2010,"effective_date":"2010-01-01","date_precision":"day","category":"civic_services","lens":"services","confidence":"documented","source_ids":["8m42-w767"],"explanation":"Observed FDNY dispatch incident record for Carbon Monoxide - Code 1 - Investigation in Queens."},"geometry":{"type":"Point","coordinates":[-73.7949,40.7282]}},{"type":"Feature","id":"nyc_fdny_fire_incident_1000191920150018","properties":{"city_id":"nyc","event_id":"nyc_fdny_fire_incident_1000191920150018","title":"FDNY dispatch incident: Alarm System - Unwarranted, Queens","year":2010,"effective_date":"2010-01-01","date_precision":"day","category":"civic_services","lens":"services","confidence":"documented","source_ids":["8m42-w767"],"explanation":"Observed FDNY dispatch incident record for Alarm System - Unwarranted in Queens."},"geometry":{"type":"Point","coordinates":[-73.7949,40.7282]}},{"type":"Feature","id":"nyc_fdny_fire_incident_1000197130150015","properties":{"city_id":"nyc","event_id":"nyc_fdny_fire_incident_1000197130150015","title":"FDNY dispatch incident: Medical - EMS Link 10-91, Queens","year":2010,"effective_date":"2010-01-01","date_precision":"day","category":"civic_services","lens":"services","confidence":"documented","source_ids":["8m42-w767"],"explanation":"Observed FDNY dispatch incident record for Medical - EMS Link 10-91 in Queens."},"geometry":{"type":"Point","coordinates":[-73.7949,40.7282]}},{"type":"Feature","id":"nyc_housing_database_project_120235316","properties":{"city_id":"nyc","event_id":"nyc_housing_database_project_120235316","title":"Housing database project: Demolition at 149 WEST 21 STREET, 1","year":2010,"effective_date":"2010-01-05","date_precision":"day","category":"built_environment","lens":"built_environment","confidence":"documented","source_ids":["br6q-ssj3"],"explanation":"DCP Housing Database project 120235316; status 9. Withdrawn; Class A units 4 initial to 0 proposed, net -4; version 25Q4."},"geometry":{"type":"Point","coordinates":[-73.995471,40.742592]}},{"type":"Feature","id":"nyc_housing_database_project_120235325","properties":{"city_id":"nyc","event_id":"nyc_housing_database_project_120235325","title":"Housing database project: Demolition at 151 WEST 21 STREET, 1","year":2010,"effective_date":"2010-01-05","date_precision":"day","category":"built_environment","lens":"built_environment","confidence":"documented","source_ids":["br6q-ssj3"],"explanation":"DCP Housing Database project 120235325; status 9. Withdrawn; Class A units 4 initial to 0 proposed, net -4; version 25Q4."},"geometry":{"type":"Point","coordinates":[-73.995471,40.742592]}},{"type":"Feature","id":"nyc_housing_database_project_120235334","properties":{"city_id":"nyc","event_id":"nyc_housing_database_project_120235334","title":"Housing database project: Demolition at 153 WEST 21 STREET, 1","year":2010,"effective_date":"2010-01-05","date_precision":"day","category":"built_environment","lens":"built_environment","confidence":"documented","source_ids":["br6q-ssj3"],"explanation":"DCP Housing Database project 120235334; status 9. Withdrawn; Class A units 4 initial to 0 proposed, net -4; version 25Q4."},"geometry":{"type":"Point","coordinates":[-73.9954681193464,40.74260200642152]}},{"type":"Feature","id":"nyc_housing_database_project_120235343","properties":{"city_id":"nyc","event_id":"nyc_housing_database_project_120235343","title":"Housing database project: Demolition at 147 WEST 21 STREET, 1","year":2010,"effective_date":"2010-01-05","date_precision":"day","category":"built_environment","lens":"built_environment","confidence":"documented","source_ids":["br6q-ssj3"],"explanation":"DCP Housing Database project 120235343; status 9. Withdrawn; Class A units 4 initial to 0 proposed, net -4; version 25Q4."},"geometry":{"type":"Point","coordinates":[-73.9954681193464,40.74260200642152]}},{"type":"Feature","id":"nyc_housing_database_project_120235897","properties":{"city_id":"nyc","event_id":"nyc_housing_database_project_120235897","title":"Housing database project: Alteration at 7 EAST 13 STREET, 1","year":2010,"effective_date":"2010-09-17","date_precision":"day","category":"built_environment","lens":"built_environment","confidence":"documented","source_ids":["br6q-ssj3"],"explanation":"DCP Housing Database project 120235897; status 3. Permitted for Construction; Class A units 40 initial to 40 proposed, net 0; version 25Q4."},"geometry":{"type":"Point","coordinates":[-73.99305036042412,40.73533190595903]}},{"type":"Feature","id":"nyc_housing_database_project_120240854","properties":{"city_id":"nyc","event_id":"nyc_housing_database_project_120240854","title":"Housing database project: Alteration at 539 EAST 87 STREET, 1","year":2010,"effective_date":"2010-08-19","date_precision":"day","category":"built_environment","lens":"built_environment","confidence":"documented","source_ids":["br6q-ssj3"],"explanation":"DCP Housing Database project 120240854; status 5. Completed Construction; Class A units 10 initial to 10 proposed, net 0; version 25Q4."},"geometry":{"type":"Point","coordinates":[-73.94481550750406,40.77605624068084]}},{"type":"Feature","id":"nyc_housing_database_project_120242362","properties":{"city_id":"nyc","event_id":"nyc_housing_database_project_120242362","title":"Housing database project: Alteration at 212 EAST BROADWAY, 1","year":2010,"effective_date":"2010-05-12","date_precision":"day","category":"built_environment","lens":"built_environment","confidence":"documented","source_ids":["br6q-ssj3"],"explanation":"DCP Housing Database project 120242362; status 3. Permitted for Construction; Class A units 432 initial to 432 proposed, net 0; version 25Q4."},"geometry":{"type":"Point","coordinates":[-73.98784595857582,40.714785864772935]}},{"type":"Feature","id":"nyc_housing_database_project_120242585","properties":{"city_id":"nyc","event_id":"nyc_housing_database_project_120242585","title":"Housing database project: Alteration at 225 EAST 60 STREET, 1","year":2010,"effective_date":"2010-04-19","date_precision":"day","category":"built_environment","lens":"built_environment","confidence":"documented","source_ids":["br6q-ssj3"],"explanation":"DCP Housing Database project 120242585; status 5. Completed Construction; Class A units 3 initial to 3 proposed, net 0; version 25Q4."},"geometry":{"type":"Point","coordinates":[-73.96490093800118,40.76185813947631]}},{"type":"Feature","id":"nyc_housing_database_project_120244182","properties":{"city_id":"nyc","event_id":"nyc_housing_database_project_120244182","title":"Housing database project: Alteration at 1697 LEXINGTON AVENUE, 1","year":2010,"effective_date":"2010-01-12","date_precision":"day","category":"built_environment","lens":"built_environment","confidence":"documented","source_ids":["br6q-ssj3"],"explanation":"DCP Housing Database project 120244182; status 9. Withdrawn; Class A units 8 initial to 6 proposed, net -2; version 25Q4."},"geometry":{"type":"Point","coordinates":[-73.94581905143153,40.792488477442]}},{"type":"Feature","id":"nyc_housing_database_project_220044066","properties":{"city_id":"nyc","event_id":"nyc_housing_database_project_220044066","title":"Housing database project: Alteration at 441 EAST 180 STREET, 2","year":2010,"effective_date":"2010-11-18","date_precision":"day","category":"built_environment","lens":"built_environment","confidence":"documented","source_ids":["br6q-ssj3"],"explanation":"DCP Housing Database project 220044066; status 3. Permitted for Construction; Class A units 2 initial to 2 proposed, net 0; version 25Q4."},"geometry":{"type":"Point","coordinates":[-73.89648998239451,40.851953476816135]}},{"type":"Feature","id":"nyc_housing_database_project_220044681","properties":{"city_id":"nyc","event_id":"nyc_housing_database_project_220044681","title":"Housing database project: Demolition at 1629 PARKER STREET, 2","year":2010,"effective_date":"2010-01-22","date_precision":"day","category":"built_environment","lens":"built_environment","confidence":"documented","source_ids":["br6q-ssj3"],"explanation":"DCP Housing Database project 220044681; status 5. Completed Construction; Class A units 2 initial to 0 proposed, net -2; version 25Q4."},"geometry":{"type":"Point","coordinates":[-73.851711,40.838996]}},{"type":"Feature","id":"nyc_housing_database_project_220044734","properties":{"city_id":"nyc","event_id":"nyc_housing_database_project_220044734","title":"Housing database project: Alteration at 2710 FAIRFIELD AVENUE, 2","year":2010,"effective_date":"2010-09-23","date_precision":"day","category":"built_environment","lens":"built_environment","confidence":"documented","source_ids":["br6q-ssj3"],"explanation":"DCP Housing Database project 220044734; status 5. Completed Construction; Class A units 1 initial to 1 proposed, net 0; version 25Q4."},"geometry":{"type":"Point","coordinates":[-73.91568632672404,40.881010649450545]}},{"type":"Feature","id":"nyc_housing_database_project_220044976","properties":{"city_id":"nyc","event_id":"nyc_housing_database_project_220044976","title":"Housing database project: Alteration at 2260 ANDREWS AVENUE, 2","year":2010,"effective_date":"2010-01-12","date_precision":"day","category":"built_environment","lens":"built_environment","confidence":"documented","source_ids":["br6q-ssj3"],"explanation":"DCP Housing Database project 220044976; status 1. Filed Application; Class A units 2 initial to 1 proposed, net -1; version 25Q4."},"geometry":{"type":"Point","coordinates":[-73.908052,40.860266]}},{"type":"Feature","id":"nyc_housing_database_project_320108673","properties":{"city_id":"nyc","event_id":"nyc_housing_database_project_320108673","title":"Housing database project: Alteration at 215 COOPER STREET, 3","year":2010,"effective_date":"2010-01-06","date_precision":"day","category":"built_environment","lens":"built_environment","confidence":"documented","source_ids":["br6q-ssj3"],"explanation":"DCP Housing Database project 320108673; status 9. Withdrawn; Class A units 1 initial to 1 proposed, net 0; version 25Q4."},"geometry":{"type":"Point","coordinates":[-73.90563297352891,40.68987188511917]}},{"type":"Feature","id":"nyc_housing_database_project_320108824","properties":{"city_id":"nyc","event_id":"nyc_housing_database_project_320108824","title":"Housing database project: Alteration at 4 PAERDEGAT 12 STREET, 3","year":2010,"effective_date":"2010-01-04","date_precision":"day","category":"built_environment","lens":"built_environment","confidence":"documented","source_ids":["br6q-ssj3"],"explanation":"DCP Housing Database project 320108824; status 9. Withdrawn; Class A units 3 initial to 3 proposed, net 0; version 25Q4."},"geometry":{"type":"Point","coordinates":[-73.90373916886152,40.62790685388344]}},{"type":"Feature","id":"nyc_housing_database_project_320108860","properties":{"city_id":"nyc","event_id":"nyc_housing_database_project_320108860","title":"Housing database project: Alteration at 460 COURT STREET, 3","year":2010,"effective_date":"2010-10-08","date_precision":"day","category":"built_environment","lens":"built_environment","confidence":"documented","source_ids":["br6q-ssj3"],"explanation":"DCP Housing Database project 320108860; status 3. Permitted for Construction; Class A units 1 initial to 2 proposed, net 1; version 25Q4."},"geometry":{"type":"Point","coordinates":[-73.99815458319657,40.678296303638405]}},{"type":"Feature","id":"nyc_housing_database_project_320109057","properties":{"city_id":"nyc","event_id":"nyc_housing_database_project_320109057","title":"Housing database project: Demolition at 377 SOUTH 2 STREET, 3","year":2010,"effective_date":"2010-01-14","date_precision":"day","category":"built_environment","lens":"built_environment","confidence":"documented","source_ids":["br6q-ssj3"],"explanation":"DCP Housing Database project 320109057; status 5. Completed Construction; Class A units 1 initial to 0 proposed, net -1; version 25Q4."},"geometry":{"type":"Point","coordinates":[-73.952413,40.709898]}},{"type":"Feature","id":"nyc_housing_database_project_320109388","properties":{"city_id":"nyc","event_id":"nyc_housing_database_project_320109388","title":"Housing database project: Alteration at 215 PROSPECT PLACE, 3","year":2010,"effective_date":"2010-01-11","date_precision":"day","category":"built_environment","lens":"built_environment","confidence":"documented","source_ids":["br6q-ssj3"],"explanation":"DCP Housing Database project 320109388; status 9. Withdrawn; Class A units 1 initial to 2 proposed, net 1; version 25Q4."},"geometry":{"type":"Point","coordinates":[-73.96940587176167,40.67798546269344]}},{"type":"Feature","id":"nyc_housing_database_project_320117495","properties":{"city_id":"nyc","event_id":"nyc_housing_database_project_320117495","title":"Housing database project: Alteration at 117 AVENUE C, 3","year":2010,"effective_date":"2010-01-07","date_precision":"day","category":"built_environment","lens":"built_environment","confidence":"documented","source_ids":["br6q-ssj3"],"explanation":"DCP Housing Database project 320117495; status 9. Withdrawn; Class A units 1 initial to 1 proposed, net 0; version 25Q4."},"geometry":{"type":"Point","coordinates":[-73.97835827945666,40.6406211643097]}},{"type":"Feature","id":"nyc_housing_database_project_320117618","properties":{"city_id":"nyc","event_id":"nyc_housing_database_project_320117618","title":"Housing database project: Demolition at 5506 15 AVENUE, 3","year":2010,"effective_date":"2010-03-15","date_precision":"day","category":"built_environment","lens":"built_environment","confidence":"documented","source_ids":["br6q-ssj3"],"explanation":"DCP Housing Database project 320117618; status 5. Completed Construction; Class A units 2 initial to 0 proposed, net -2; version 25Q4."},"geometry":{"type":"Point","coordinates":[-73.99165947934958,40.628970217497496]}},{"type":"Feature","id":"nyc_housing_database_project_320117761","properties":{"city_id":"nyc","event_id":"nyc_housing_database_project_320117761","title":"Housing database project: Alteration at 238 FORBELL STREET, 3","year":2010,"effective_date":"2010-01-07","date_precision":"day","category":"built_environment","lens":"built_environment","confidence":"documented","source_ids":["br6q-ssj3"],"explanation":"DCP Housing Database project 320117761; status 9. Withdrawn; Class A units 1 initial to 2 proposed, net 1; version 25Q4."},"geometry":{"type":"Point","coordinates":[-73.86398521408115,40.67720917929571]}},{"type":"Feature","id":"nyc_housing_database_project_320117850","properties":{"city_id":"nyc","event_id":"nyc_housing_database_project_320117850","title":"Housing database project: Alteration at 269 NORMAN AVENUE, 3","year":2010,"effective_date":"2010-01-08","date_precision":"day","category":"built_environment","lens":"built_environment","confidence":"documented","source_ids":["br6q-ssj3"],"explanation":"DCP Housing Database project 320117850; status 9. Withdrawn; Class A units 2 initial to 2 proposed, net 0; version 25Q4."},"geometry":{"type":"Point","coordinates":[-73.94220361914361,40.72796695588489]}},{"type":"Feature","id":"nyc_housing_database_project_320117949","properties":{"city_id":"nyc","event_id":"nyc_housing_database_project_320117949","title":"Housing database project: New Building at 2170 MILL AVENUE, 3","year":2010,"effective_date":"2010-01-08","date_precision":"day","category":"built_environment","lens":"built_environment","confidence":"documented","source_ids":["br6q-ssj3"],"explanation":"DCP Housing Database project 320117949; status 1. Filed Application; Class A units 0 initial to 54 proposed, net 54; version 25Q4."},"geometry":{"type":"Point","coordinates":[-73.91357194129644,40.61335377905391]}},{"type":"Feature","id":"nyc_housing_database_project_320120061","properties":{"city_id":"nyc","event_id":"nyc_housing_database_project_320120061","title":"Housing database project: Alteration at 1170 FULTON STREET, 3","year":2010,"effective_date":"2010-01-08","date_precision":"day","category":"built_environment","lens":"built_environment","confidence":"documented","source_ids":["br6q-ssj3"],"explanation":"DCP Housing Database project 320120061; status 2. Approved Application; Class A units 2 initial to 3 proposed, net 1; version 25Q4."},"geometry":{"type":"Point","coordinates":[-73.95426036356538,40.68063633575756]}},{"type":"Feature","id":"nyc_housing_database_project_320120169","properties":{"city_id":"nyc","event_id":"nyc_housing_database_project_320120169","title":"Housing database project: Alteration at 347 REMSEN AVENUE, 3","year":2010,"effective_date":"2010-01-11","date_precision":"day","category":"built_environment","lens":"built_environment","confidence":"documented","source_ids":["br6q-ssj3"],"explanation":"DCP Housing Database project 320120169; status 2. Approved Application; Class A units 1 initial to 1 proposed, net 0; version 25Q4."},"geometry":{"type":"Point","coordinates":[-73.92422586283008,40.65700643191103]}},{"type":"Feature","id":"nyc_housing_database_project_320120533","properties":{"city_id":"nyc","event_id":"nyc_housing_database_project_320120533","title":"Housing database project: Alteration at 268 HEWES STREET, 3","year":2010,"effective_date":"2010-11-09","date_precision":"day","category":"built_environment","lens":"built_environment","confidence":"documented","source_ids":["br6q-ssj3"],"explanation":"DCP Housing Database project 320120533; status 3. Permitted for Construction; Class A units 2 initial to 2 proposed, net 0; version 25Q4."},"geometry":{"type":"Point","coordinates":[-73.95439392496452,40.705426639401026]}},{"type":"Feature","id":"nyc_housing_database_project_320120882","properties":{"city_id":"nyc","event_id":"nyc_housing_database_project_320120882","title":"Housing database project: Alteration at 220 EAST 89 STREET, 3","year":2010,"effective_date":"2010-01-13","date_precision":"day","category":"built_environment","lens":"built_environment","confidence":"documented","source_ids":["br6q-ssj3"],"explanation":"DCP Housing Database project 320120882; status 9. Withdrawn; Class A units 2 initial to 2 proposed, net 0; version 25Q4."},"geometry":{"type":"Point","coordinates":[-73.91687254134901,40.64849185957555]}},{"type":"Feature","id":"nyc_housing_database_project_420119240","properties":{"city_id":"nyc","event_id":"nyc_housing_database_project_420119240","title":"Housing database project: Alteration at 139 BEACH 120 STREET, 4","year":2010,"effective_date":"2010-04-28","date_precision":"day","category":"built_environment","lens":"built_environment","confidence":"documented","source_ids":["br6q-ssj3"],"explanation":"DCP Housing Database project 420119240; status 5. Completed Construction; Class A units 7 initial to 7 proposed, net 0; version 25Q4."},"geometry":{"type":"Point","coordinates":[-73.83990204650057,40.57708486050899]}},{"type":"Feature","id":"nyc_housing_database_project_420124564","properties":{"city_id":"nyc","event_id":"nyc_housing_database_project_420124564","title":"Housing database project: Demolition at 133-18 SUTTER AVENUE, 4","year":2010,"effective_date":"2010-03-03","date_precision":"day","category":"built_environment","lens":"built_environment","confidence":"documented","source_ids":["br6q-ssj3"],"explanation":"DCP Housing Database project 420124564; status 5. Completed Construction; Class A units 1 initial to 0 proposed, net -1; version 25Q4."},"geometry":{"type":"Point","coordinates":[-73.80473499297322,40.67213040955863]}},{"type":"Feature","id":"nyc_housing_database_project_420124662","properties":{"city_id":"nyc","event_id":"nyc_housing_database_project_420124662","title":"Housing database project: Alteration at 42-12 ELBERTSON STREET, 4","year":2010,"effective_date":"2010-09-14","date_precision":"day","category":"built_environment","lens":"built_environment","confidence":"documented","source_ids":["br6q-ssj3"],"explanation":"DCP Housing Database project 420124662; status 5. Completed Construction; Class A units 2 initial to 3 proposed, net 1; version 25Q4."},"geometry":{"type":"Point","coordinates":[-73.87504869911896,40.745704597211386]}},{"type":"Feature","id":"nyc_housing_database_project_420124671","properties":{"city_id":"nyc","event_id":"nyc_housing_database_project_420124671","title":"Housing database project: Alteration at 28-11 150 STREET, 4","year":2010,"effective_date":"2010-12-23","date_precision":"day","category":"built_environment","lens":"built_environment","confidence":"documented","source_ids":["br6q-ssj3"],"explanation":"DCP Housing Database project 420124671; status 5. Completed Construction; Class A units 2 initial to 1 proposed, net -1; version 25Q4."},"geometry":{"type":"Point","coordinates":[-73.81531288818572,40.772551132682445]}},{"type":"Feature","id":"nyc_housing_database_project_420124779","properties":{"city_id":"nyc","event_id":"nyc_housing_database_project_420124779","title":"Housing database project: Alteration at 238-09 BRADDOCK AVENUE, 4","year":2010,"effective_date":"2010-11-08","date_precision":"day","category":"built_environment","lens":"built_environment","confidence":"documented","source_ids":["br6q-ssj3"],"explanation":"DCP Housing Database project 420124779; status 5. Completed Construction; Class A units 1 initial to 1 proposed, net 0; version 25Q4."},"geometry":{"type":"Point","coordinates":[-73.72956801125667,40.7269929912176]}},{"type":"Feature","id":"nyc_housing_database_project_420124788","properties":{"city_id":"nyc","event_id":"nyc_housing_database_project_420124788","title":"Housing database project: Alteration at 238-07 BRADDOCK AVENUE, 4","year":2010,"effective_date":"2010-11-03","date_precision":"day","category":"built_environment","lens":"built_environment","confidence":"documented","source_ids":["br6q-ssj3"],"explanation":"DCP Housing Database project 420124788; status 5. Completed Construction; Class A units 1 initial to 1 proposed, net 0; version 25Q4."},"geometry":{"type":"Point","coordinates":[-73.72963614006048,40.72701263556415]}},{"type":"Feature","id":"nyc_housing_database_project_420125242","properties":{"city_id":"nyc","event_id":"nyc_housing_database_project_420125242","title":"Housing database project: Alteration at 24-04 89 STREET, 4","year":2010,"effective_date":"2010-01-11","date_precision":"day","category":"built_environment","lens":"built_environment","confidence":"documented","source_ids":["br6q-ssj3"],"explanation":"DCP Housing Database project 420125242; status 1. Filed Application; Class A units 1 initial to 1 proposed, net 0; version 25Q4."},"geometry":{"type":"Point","coordinates":[-73.8803688942796,40.765434242247025]}},{"type":"Feature","id":"nyc_housing_database_project_420125493","properties":{"city_id":"nyc","event_id":"nyc_housing_database_project_420125493","title":"Housing database project: Demolition at 9 GOTHAM WALK, 4","year":2010,"effective_date":"2010-03-30","date_precision":"day","category":"built_environment","lens":"built_environment","confidence":"documented","source_ids":["br6q-ssj3"],"explanation":"DCP Housing Database project 420125493; status 5. Completed Construction; Class A units 1 initial to 0 proposed, net -1; version 25Q4."},"geometry":{"type":"Point","coordinates":[-73.91791251315635,40.557439746391154]}},{"type":"Feature","id":"nyc_housing_database_project_420125947","properties":{"city_id":"nyc","event_id":"nyc_housing_database_project_420125947","title":"Housing database project: Alteration at 131-10 ROCKAWAY BOULEVARD, 4","year":2010,"effective_date":"2010-01-07","date_precision":"day","category":"built_environment","lens":"built_environment","confidence":"documented","source_ids":["br6q-ssj3"],"explanation":"DCP Housing Database project 420125947; status 2. Approved Application; Class A units 1 initial to 2 proposed, net 1; version 25Q4."},"geometry":{"type":"Point","coordinates":[-73.8070206073959,40.67464002739339]}},{"type":"Feature","id":"nyc_housing_database_project_420126107","properties":{"city_id":"nyc","event_id":"nyc_housing_database_project_420126107","title":"Housing database project: Alteration at 149-61 WILLETS POINT BOULEVARD, 4","year":2010,"effective_date":"2010-01-11","date_precision":"day","category":"built_environment","lens":"built_environment","confidence":"documented","source_ids":["br6q-ssj3"],"explanation":"DCP Housing Database project 420126107; status 9. Withdrawn; Class A units 2 initial to 1 proposed, net -1; version 25Q4."},"geometry":{"type":"Point","coordinates":[-73.81523054290633,40.777095095255156]}},{"type":"Feature","id":"nyc_housing_database_project_420126303","properties":{"city_id":"nyc","event_id":"nyc_housing_database_project_420126303","title":"Housing database project: Alteration at 150-23 117 STREET, 4","year":2010,"effective_date":"2010-01-11","date_precision":"day","category":"built_environment","lens":"built_environment","confidence":"documented","source_ids":["br6q-ssj3"],"explanation":"DCP Housing Database project 420126303; status 2. Approved Application; Class A units 2 initial to 2 proposed, net 0; version 25Q4."},"geometry":{"type":"Point","coordinates":[-73.82387095264201,40.66643512282088]}},{"type":"Feature","id":"nyc_housing_database_project_420126321","properties":{"city_id":"nyc","event_id":"nyc_housing_database_project_420126321","title":"Housing database project: New Building at 58-40 69 STREET, 4","year":2010,"effective_date":"2010-01-11","date_precision":"day","category":"built_environment","lens":"built_environment","confidence":"documented","source_ids":["br6q-ssj3"],"explanation":"DCP Housing Database project 420126321; status 9. Withdrawn; Class A units 0 initial to 6 proposed, net 6; version 25Q4."},"geometry":{"type":"Point","coordinates":[-73.89442630200722,40.723352302491925]}},{"type":"Feature","id":"nyc_housing_database_project_420126465","properties":{"city_id":"nyc","event_id":"nyc_housing_database_project_420126465","title":"Housing database project: Alteration at 37-38 90 STREET, 4","year":2010,"effective_date":"2010-01-12","date_precision":"day","category":"built_environment","lens":"built_environment","confidence":"documented","source_ids":["br6q-ssj3"],"explanation":"DCP Housing Database project 420126465; status 1. Filed Application; Class A units 2 initial to 0 proposed, net -2; version 25Q4."},"geometry":{"type":"Point","coordinates":[-73.87691747405935,40.749386365455464]}},{"type":"Feature","id":"nyc_housing_database_project_420126483","properties":{"city_id":"nyc","event_id":"nyc_housing_database_project_420126483","title":"Housing database project: Alteration at 31-02 91 STREET, 4","year":2010,"effective_date":"2010-01-12","date_precision":"day","category":"built_environment","lens":"built_environment","confidence":"documented","source_ids":["br6q-ssj3"],"explanation":"DCP Housing Database project 420126483; status 9. Withdrawn; Class A units 2 initial to 3 proposed, net 1; version 25Q4."},"geometry":{"type":"Point","coordinates":[-73.87787593862005,40.7599570318556]}},{"type":"Feature","id":"nyc_housing_database_project_420126615","properties":{"city_id":"nyc","event_id":"nyc_housing_database_project_420126615","title":"Housing database project: Alteration at 69-18 53 AVENUE, 4","year":2010,"effective_date":"2010-10-12","date_precision":"day","category":"built_environment","lens":"built_environment","confidence":"documented","source_ids":["br6q-ssj3"],"explanation":"DCP Housing Database project 420126615; status 5. Completed Construction; Class A units 2 initial to 3 proposed, net 1; version 25Q4."},"geometry":{"type":"Point","coordinates":[-73.89494232804813,40.7309739555915]}},{"type":"Feature","id":"nyc_housing_database_project_420126991","properties":{"city_id":"nyc","event_id":"nyc_housing_database_project_420126991","title":"Housing database project: Alteration at 65-26 79 STREET, 4","year":2010,"effective_date":"2010-01-12","date_precision":"day","category":"built_environment","lens":"built_environment","confidence":"documented","source_ids":["br6q-ssj3"],"explanation":"DCP Housing Database project 420126991; status 1. Filed Application; Class A units 1 initial to 1 proposed, net 0; version 25Q4."},"geometry":{"type":"Point","coordinates":[-73.87461131071858,40.71680600766578]}},{"type":"Feature","id":"nyc_housing_database_project_420127035","properties":{"city_id":"nyc","event_id":"nyc_housing_database_project_420127035","title":"Housing database project: Alteration at 102-12 NORTHERN BOULEVARD, 4","year":2010,"effective_date":"2010-01-12","date_precision":"day","category":"built_environment","lens":"built_environment","confidence":"documented","source_ids":["br6q-ssj3"],"explanation":"DCP Housing Database project 420127035; status 1. Filed Application; Class A units 1 initial to 1 proposed, net 0; version 25Q4."},"geometry":{"type":"Point","coordinates":[-73.86604252639133,40.75733444634314]}},{"type":"Feature","id":"nyc_housing_database_project_420127124","properties":{"city_id":"nyc","event_id":"nyc_housing_database_project_420127124","title":"Housing database project: Alteration at 150-42 15 DRIVE, 4","year":2010,"effective_date":"2010-01-12","date_precision":"day","category":"built_environment","lens":"built_environment","confidence":"documented","source_ids":["br6q-ssj3"],"explanation":"DCP Housing Database project 420127124; status 2. Approved Application; Class A units 2 initial to 1 proposed, net -1; version 25Q4."},"geometry":{"type":"Point","coordinates":[-73.81210010354154,40.78599038537596]}},{"type":"Feature","id":"nyc_housing_database_project_420127286","properties":{"city_id":"nyc","event_id":"nyc_housing_database_project_420127286","title":"Housing database project: New Building at 39-06 52 STREET, 4","year":2010,"effective_date":"2010-01-13","date_precision":"day","category":"built_environment","lens":"built_environment","confidence":"documented","source_ids":["br6q-ssj3"],"explanation":"DCP Housing Database project 420127286; status 1. Filed Application; Class A units 0 initial to 3 proposed, net 3; version 25Q4."},"geometry":{"type":"Point","coordinates":[-73.91194355010064,40.748384591393226]}},{"type":"Feature","id":"nyc_housing_database_project_420127320","properties":{"city_id":"nyc","event_id":"nyc_housing_database_project_420127320","title":"Housing database project: Alteration at 152-31 ROOSEVELT AVENUE, 4","year":2010,"effective_date":"2010-04-07","date_precision":"day","category":"built_environment","lens":"built_environment","confidence":"documented","source_ids":["br6q-ssj3"],"explanation":"DCP Housing Database project 420127320; status 9. Withdrawn; Class A units 1 initial to 2 proposed, net 1; version 25Q4."},"geometry":{"type":"Point","coordinates":[-73.81150015619347,40.76423407308203]}},{"type":"Feature","id":"nyc_housing_database_project_520026490","properties":{"city_id":"nyc","event_id":"nyc_housing_database_project_520026490","title":"Housing database project: Demolition at 261 FREEBORN STREET, 5","year":2010,"effective_date":"2010-02-01","date_precision":"day","category":"built_environment","lens":"built_environment","confidence":"documented","source_ids":["br6q-ssj3"],"explanation":"DCP Housing Database project 520026490; status 5. Completed Construction; Class A units 1 initial to 0 proposed, net -1; version 25Q4."},"geometry":{"type":"Point","coordinates":[-74.093972,40.573369]}},{"type":"Feature","id":"nyc_housing_database_project_520026800","properties":{"city_id":"nyc","event_id":"nyc_housing_database_project_520026800","title":"Housing database project: Alteration at 83 GOODWIN AVENUE, 5","year":2010,"effective_date":"2010-04-07","date_precision":"day","category":"built_environment","lens":"built_environment","confidence":"documented","source_ids":["br6q-ssj3"],"explanation":"DCP Housing Database project 520026800; status 3. Permitted for Construction; Class A units 1 initial to 1 proposed, net 0; version 25Q4."},"geometry":{"type":"Point","coordinates":[-74.12677268456463,40.616640898290285]}},{"type":"Feature","id":"nyc_housing_database_project_520026882","properties":{"city_id":"nyc","event_id":"nyc_housing_database_project_520026882","title":"Housing database project: New Building at 96 MONTICELLO TERRACE, 5","year":2010,"effective_date":"2010-11-04","date_precision":"day","category":"built_environment","lens":"built_environment","confidence":"documented","source_ids":["br6q-ssj3"],"explanation":"DCP Housing Database project 520026882; status 5. Completed Construction; Class A units 0 initial to 1 proposed, net 1; version 25Q4."},"geometry":{"type":"Point","coordinates":[-74.14747030404085,40.5451599560612]}},{"type":"Feature","id":"nyc_housing_database_project_520026891","properties":{"city_id":"nyc","event_id":"nyc_housing_database_project_520026891","title":"Housing database project: New Building at 90 MONTICELLO TERRACE, 5","year":2010,"effective_date":"2010-09-01","date_precision":"day","category":"built_environment","lens":"built_environment","confidence":"documented","source_ids":["br6q-ssj3"],"explanation":"DCP Housing Database project 520026891; status 5. Completed Construction; Class A units 0 initial to 1 proposed, net 1; version 25Q4."},"geometry":{"type":"Point","coordinates":[-74.147291597709,40.54523394319026]}},{"type":"Feature","id":"nyc_housing_database_project_520026926","properties":{"city_id":"nyc","event_id":"nyc_housing_database_project_520026926","title":"Housing database project: New Building at 94 MONTICELLO TERRACE, 5","year":2010,"effective_date":"2010-11-04","date_precision":"day","category":"built_environment","lens":"built_environment","confidence":"documented","source_ids":["br6q-ssj3"],"explanation":"DCP Housing Database project 520026926; status 5. Completed Construction; Class A units 0 initial to 1 proposed, net 1; version 25Q4."},"geometry":{"type":"Point","coordinates":[-74.147382,40.545176]}},{"type":"Feature","id":"nyc_housing_database_project_520026944","properties":{"city_id":"nyc","event_id":"nyc_housing_database_project_520026944","title":"Housing database project: New Building at 88 MONTICELLO TERRACE, 5","year":2010,"effective_date":"2010-08-31","date_precision":"day","category":"built_environment","lens":"built_environment","confidence":"documented","source_ids":["br6q-ssj3"],"explanation":"DCP Housing Database project 520026944; status 5. Completed Construction; Class A units 0 initial to 1 proposed, net 1; version 25Q4."},"geometry":{"type":"Point","coordinates":[-74.14722837472556,40.54526156929527]}},{"type":"Feature","id":"nyc_lpc_historic_district_lp-02348","properties":{"city_id":"nyc","event_id":"nyc_lpc_historic_district_lp-02348","title":"Historic district designated: Ridgewood South Historic District","year":2010,"effective_date":"2010-10-26","date_precision":"day","category":"built_environment","lens":"built_environment","confidence":"documented","source_ids":["skyk-mpzq"],"explanation":"LPC historic district designation record for Ridgewood South Historic District."},"geometry":{"type":"Point","coordinates":[-73.903789,40.702415]}},{"type":"Feature","id":"nyc_lpc_historic_district_lp-02362","properties":{"city_id":"nyc","event_id":"nyc_lpc_historic_district_lp-02362","title":"Historic district designated: SoHo-Cast Iron Historic District Extension","year":2010,"effective_date":"2010-05-11","date_precision":"day","category":"built_environment","lens":"built_environment","confidence":"documented","source_ids":["skyk-mpzq"],"explanation":"LPC historic district designation record for SoHo-Cast Iron Historic District Extension."},"geometry":{"type":"Point","coordinates":[-74.000049,40.722986]}},{"type":"Feature","id":"nyc_lpc_historic_district_lp-02366","properties":{"city_id":"nyc","event_id":"nyc_lpc_historic_district_lp-02366","title":"Historic district designated: Greenwich Village Historic District Extension II","year":2010,"effective_date":"2010-06-22","date_precision":"day","category":"built_environment","lens":"built_environment","confidence":"documented","source_ids":["skyk-mpzq"],"explanation":"LPC historic district designation record for Greenwich Village Historic District Extension II."},"geometry":{"type":"Point","coordinates":[-74.00399,40.729835]}},{"type":"Feature","id":"nyc_lpc_historic_district_lp-02373","properties":{"city_id":"nyc","event_id":"nyc_lpc_historic_district_lp-02373","title":"Historic district designated: Upper East Side Historic District Extension","year":2010,"effective_date":"2010-03-23","date_precision":"day","category":"built_environment","lens":"built_environment","confidence":"documented","source_ids":["skyk-mpzq"],"explanation":"LPC historic district designation record for Upper East Side Historic District Extension."},"geometry":{"type":"Point","coordinates":[-73.962898,40.769368]}},{"type":"Feature","id":"nyc_lpc_individual_landmark_100","properties":{"city_id":"nyc","event_id":"nyc_lpc_individual_landmark_100","title":"Individual landmark designated: Queens General Court House","year":2010,"effective_date":"2010-10-26","date_precision":"day","category":"built_environment","lens":"built_environment","confidence":"documented","source_ids":["buis-pvji"],"explanation":"LPC designation record for Queens General Court House; designation date is taken from the source desdate field."},"geometry":{"type":"Point","coordinates":[-73.808273,40.704442]}},{"type":"Feature","id":"nyc_lpc_individual_landmark_101","properties":{"city_id":"nyc","event_id":"nyc_lpc_individual_landmark_101","title":"Individual landmark designated: Jamaica Chamber of Commerce Building","year":2010,"effective_date":"2010-10-26","date_precision":"day","category":"built_environment","lens":"built_environment","confidence":"documented","source_ids":["buis-pvji"],"explanation":"LPC designation record for Jamaica Chamber of Commerce Building; designation date is taken from the source desdate field."},"geometry":{"type":"Point","coordinates":[-73.799099,40.705595]}},{"type":"Feature","id":"nyc_lpc_individual_landmark_1023","properties":{"city_id":"nyc","event_id":"nyc_lpc_individual_landmark_1023","title":"Individual landmark designated: Union Reformed Church of Highbridge","year":2010,"effective_date":"2010-11-16","date_precision":"day","category":"built_environment","lens":"built_environment","confidence":"documented","source_ids":["buis-pvji"],"explanation":"LPC designation record for Union Reformed Church of Highbridge; designation date is taken from the source desdate field."},"geometry":{"type":"Point","coordinates":[-73.925219,40.839505]}},{"type":"Feature","id":"nyc_lpc_individual_landmark_1025","properties":{"city_id":"nyc","event_id":"nyc_lpc_individual_landmark_1025","title":"Individual landmark designated: Loew's Canal Street Theatre","year":2010,"effective_date":"2010-09-14","date_precision":"day","category":"built_environment","lens":"built_environment","confidence":"documented","source_ids":["buis-pvji"],"explanation":"LPC designation record for Loew's Canal Street Theatre; designation date is taken from the source desdate field."},"geometry":{"type":"Point","coordinates":[-73.990726,40.714716]}},{"type":"Feature","id":"nyc_lpc_individual_landmark_1327","properties":{"city_id":"nyc","event_id":"nyc_lpc_individual_landmark_1327","title":"Individual landmark designated: William Ulmer Brewery Complex","year":2010,"effective_date":"2010-05-11","date_precision":"day","category":"built_environment","lens":"built_environment","confidence":"documented","source_ids":["buis-pvji"],"explanation":"LPC designation record for William Ulmer Brewery Complex; designation date is taken from the source desdate field."},"geometry":{"type":"Point","coordinates":[-73.936884,40.699284]}},{"type":"Feature","id":"nyc_lpc_individual_landmark_1332","properties":{"city_id":"nyc","event_id":"nyc_lpc_individual_landmark_1332","title":"Individual landmark designated: Ridgewood Theater Building","year":2010,"effective_date":"2010-01-12","date_precision":"day","category":"built_environment","lens":"built_environment","confidence":"documented","source_ids":["buis-pvji"],"explanation":"LPC designation record for Ridgewood Theater Building; designation date is taken from the source desdate field."},"geometry":{"type":"Point","coordinates":[-73.907519,40.700128]}},{"type":"Feature","id":"nyc_lpc_individual_landmark_1335","properties":{"city_id":"nyc","event_id":"nyc_lpc_individual_landmark_1335","title":"Individual landmark designated: Headquarters Troop, 51st Cavalry Brigade Armory","year":2010,"effective_date":"2010-08-10","date_precision":"day","category":"built_environment","lens":"built_environment","confidence":"documented","source_ids":["buis-pvji"],"explanation":"LPC designation record for Headquarters Troop, 51st Cavalry Brigade Armory; designation date is taken from the source desdate field."},"geometry":{"type":"Point","coordinates":[-74.122428,40.619797]}},{"type":"Feature","id":"nyc_lpc_individual_landmark_1337","properties":{"city_id":"nyc","event_id":"nyc_lpc_individual_landmark_1337","title":"Individual landmark designated: Christ Church Complex","year":2010,"effective_date":"2010-08-10","date_precision":"day","category":"built_environment","lens":"built_environment","confidence":"documented","source_ids":["buis-pvji"],"explanation":"LPC designation record for Christ Church Complex; designation date is taken from the source desdate field."},"geometry":{"type":"Point","coordinates":[-74.092796,40.643319]}},{"type":"Feature","id":"nyc_lpc_individual_landmark_185","properties":{"city_id":"nyc","event_id":"nyc_lpc_individual_landmark_185","title":"Individual landmark designated: Germania Fire Insurance Company Bowery Building","year":2010,"effective_date":"2010-03-23","date_precision":"day","category":"built_environment","lens":"built_environment","confidence":"documented","source_ids":["buis-pvji"],"explanation":"LPC designation record for Germania Fire Insurance Company Bowery Building; designation date is taken from the source desdate field."},"geometry":{"type":"Point","coordinates":[-73.991271,40.726745]}},{"type":"Feature","id":"nyc_lpc_individual_landmark_196","properties":{"city_id":"nyc","event_id":"nyc_lpc_individual_landmark_196","title":"Individual landmark designated: Yale Club of New York City Building","year":2010,"effective_date":"2010-02-09","date_precision":"day","category":"built_environment","lens":"built_environment","confidence":"documented","source_ids":["buis-pvji"],"explanation":"LPC designation record for Yale Club of New York City Building; designation date is taken from the source desdate field."},"geometry":{"type":"Point","coordinates":[-73.981741,40.755268]}},{"type":"Feature","id":"nyc_lpc_individual_landmark_239","properties":{"city_id":"nyc","event_id":"nyc_lpc_individual_landmark_239","title":"Individual landmark designated: 311 Broadway Building","year":2010,"effective_date":"2010-01-12","date_precision":"day","category":"built_environment","lens":"built_environment","confidence":"documented","source_ids":["buis-pvji"],"explanation":"LPC designation record for 311 Broadway Building; designation date is taken from the source desdate field."},"geometry":{"type":"Point","coordinates":[-74.005452,40.715656]}},{"type":"Feature","id":"nyc_lpc_individual_landmark_26","properties":{"city_id":"nyc","event_id":"nyc_lpc_individual_landmark_26","title":"Individual landmark designated: Reformed Church on Staten Island, Sunday School Building, and Cemetery","year":2010,"effective_date":"2010-03-23","date_precision":"day","category":"built_environment","lens":"built_environment","confidence":"documented","source_ids":["buis-pvji"],"explanation":"LPC designation record for Reformed Church on Staten Island, Sunday School Building, and Cemetery; designation date is taken from the source desdate field."},"geometry":{"type":"Point","coordinates":[-74.132844,40.63973]}},{"type":"Feature","id":"nyc_lpc_individual_landmark_288","properties":{"city_id":"nyc","event_id":"nyc_lpc_individual_landmark_288","title":"Individual landmark designated: Brill Building","year":2010,"effective_date":"2010-03-23","date_precision":"day","category":"built_environment","lens":"built_environment","confidence":"documented","source_ids":["buis-pvji"],"explanation":"LPC designation record for Brill Building; designation date is taken from the source desdate field."},"geometry":{"type":"Point","coordinates":[-73.984613,40.761196]}},{"type":"Feature","id":"nyc_lpc_individual_landmark_401","properties":{"city_id":"nyc","event_id":"nyc_lpc_individual_landmark_401","title":"Individual landmark designated: 143 Allen Street House","year":2010,"effective_date":"2010-02-09","date_precision":"day","category":"built_environment","lens":"built_environment","confidence":"documented","source_ids":["buis-pvji"],"explanation":"LPC designation record for 143 Allen Street House; designation date is taken from the source desdate field."},"geometry":{"type":"Point","coordinates":[-73.990111,40.720454]}},{"type":"Feature","id":"nyc_lpc_individual_landmark_404","properties":{"city_id":"nyc","event_id":"nyc_lpc_individual_landmark_404","title":"Individual landmark designated: Middleton S. and Emilie Neilson Burrill House","year":2010,"effective_date":"2010-07-27","date_precision":"day","category":"built_environment","lens":"built_environment","confidence":"documented","source_ids":["buis-pvji"],"explanation":"LPC designation record for Middleton S. and Emilie Neilson Burrill House; designation date is taken from the source desdate field."},"geometry":{"type":"Point","coordinates":[-73.980287,40.749726]}},{"type":"Feature","id":"nyc_lpc_individual_landmark_405","properties":{"city_id":"nyc","event_id":"nyc_lpc_individual_landmark_405","title":"Individual landmark designated: 190 Grand Street House","year":2010,"effective_date":"2010-11-16","date_precision":"day","category":"built_environment","lens":"built_environment","confidence":"documented","source_ids":["buis-pvji"],"explanation":"LPC designation record for 190 Grand Street House; designation date is taken from the source desdate field."},"geometry":{"type":"Point","coordinates":[-73.996992,40.719489]}},{"type":"Feature","id":"nyc_lpc_individual_landmark_429","properties":{"city_id":"nyc","event_id":"nyc_lpc_individual_landmark_429","title":"Individual landmark designated: 192 Grand Street House","year":2010,"effective_date":"2010-11-16","date_precision":"day","category":"built_environment","lens":"built_environment","confidence":"documented","source_ids":["buis-pvji"],"explanation":"LPC designation record for 192 Grand Street House; designation date is taken from the source desdate field."},"geometry":{"type":"Point","coordinates":[-73.99691,40.719462]}},{"type":"Feature","id":"nyc_lpc_individual_landmark_433","properties":{"city_id":"nyc","event_id":"nyc_lpc_individual_landmark_433","title":"Individual landmark designated: 500 Fifth Avenue Building","year":2010,"effective_date":"2010-12-14","date_precision":"day","category":"built_environment","lens":"built_environment","confidence":"documented","source_ids":["buis-pvji"],"explanation":"LPC designation record for 500 Fifth Avenue Building; designation date is taken from the source desdate field."},"geometry":{"type":"Point","coordinates":[-73.981198,40.753964]}},{"type":"Feature","id":"nyc_lpc_individual_landmark_438","properties":{"city_id":"nyc","event_id":"nyc_lpc_individual_landmark_438","title":"Individual landmark designated: Springs Mills Building","year":2010,"effective_date":"2010-04-13","date_precision":"day","category":"built_environment","lens":"built_environment","confidence":"documented","source_ids":["buis-pvji"],"explanation":"LPC designation record for Springs Mills Building; designation date is taken from the source desdate field."},"geometry":{"type":"Point","coordinates":[-73.985761,40.753551]}},{"type":"Feature","id":"nyc_lpc_individual_landmark_486","properties":{"city_id":"nyc","event_id":"nyc_lpc_individual_landmark_486","title":"Individual landmark designated: 97 Bowery Building","year":2010,"effective_date":"2010-09-14","date_precision":"day","category":"built_environment","lens":"built_environment","confidence":"documented","source_ids":["buis-pvji"],"explanation":"LPC designation record for 97 Bowery Building; designation date is taken from the source desdate field."},"geometry":{"type":"Point","coordinates":[-73.994963,40.717316]}},{"type":"Feature","id":"nyc_lpc_individual_landmark_489","properties":{"city_id":"nyc","event_id":"nyc_lpc_individual_landmark_489","title":"Individual landmark designated: West Park Presbyterian Church","year":2010,"effective_date":"2010-01-12","date_precision":"day","category":"built_environment","lens":"built_environment","confidence":"documented","source_ids":["buis-pvji"],"explanation":"LPC designation record for West Park Presbyterian Church; designation date is taken from the source desdate field."},"geometry":{"type":"Point","coordinates":[-73.974411,40.78778]}},{"type":"Feature","id":"nyc_lpc_individual_landmark_6","properties":{"city_id":"nyc","event_id":"nyc_lpc_individual_landmark_6","title":"Individual landmark designated: Mary and David Burgher House","year":2010,"effective_date":"2010-01-12","date_precision":"day","category":"built_environment","lens":"built_environment","confidence":"documented","source_ids":["buis-pvji"],"explanation":"LPC designation record for Mary and David Burgher House; designation date is taken from the source desdate field."},"geometry":{"type":"Point","coordinates":[-74.078352,40.631386]}},{"type":"Feature","id":"nyc_lpc_individual_landmark_601","properties":{"city_id":"nyc","event_id":"nyc_lpc_individual_landmark_601","title":"Individual landmark designated: Eleventh Street Methodist Episcopal Chapel","year":2010,"effective_date":"2010-09-14","date_precision":"day","category":"built_environment","lens":"built_environment","confidence":"documented","source_ids":["buis-pvji"],"explanation":"LPC designation record for Eleventh Street Methodist Episcopal Chapel; designation date is taken from the source desdate field."},"geometry":{"type":"Point","coordinates":[-73.979717,40.727873]}},{"type":"Feature","id":"nyc_lpc_individual_landmark_664","properties":{"city_id":"nyc","event_id":"nyc_lpc_individual_landmark_664","title":"Individual landmark designated: Joseph B. and Josephine H. Bissell House","year":2010,"effective_date":"2010-03-23","date_precision":"day","category":"built_environment","lens":"built_environment","confidence":"documented","source_ids":["buis-pvji"],"explanation":"LPC designation record for Joseph B. and Josephine H. Bissell House; designation date is taken from the source desdate field."},"geometry":{"type":"Point","coordinates":[-73.976954,40.76229]}},{"type":"Feature","id":"nyc_lpc_individual_landmark_665","properties":{"city_id":"nyc","event_id":"nyc_lpc_individual_landmark_665","title":"Individual landmark designated: Look Building","year":2010,"effective_date":"2010-07-27","date_precision":"day","category":"built_environment","lens":"built_environment","confidence":"documented","source_ids":["buis-pvji"],"explanation":"LPC designation record for Look Building; designation date is taken from the source desdate field."},"geometry":{"type":"Point","coordinates":[-73.975312,40.758923]}},{"type":"Feature","id":"nyc_lpc_individual_landmark_692","properties":{"city_id":"nyc","event_id":"nyc_lpc_individual_landmark_692","title":"Individual landmark designated: Paul Rudolph Penthouse & Apartments","year":2010,"effective_date":"2010-11-16","date_precision":"day","category":"built_environment","lens":"built_environment","confidence":"documented","source_ids":["buis-pvji"],"explanation":"LPC designation record for Paul Rudolph Penthouse & Apartments; designation date is taken from the source desdate field."},"geometry":{"type":"Point","coordinates":[-73.964437,40.753348]}},{"type":"Feature","id":"nyc_lpc_individual_landmark_722","properties":{"city_id":"nyc","event_id":"nyc_lpc_individual_landmark_722","title":"Individual landmark designated: Rogers, Peet & Company Building","year":2010,"effective_date":"2010-12-14","date_precision":"day","category":"built_environment","lens":"built_environment","confidence":"documented","source_ids":["buis-pvji"],"explanation":"LPC designation record for Rogers, Peet & Company Building; designation date is taken from the source desdate field."},"geometry":{"type":"Point","coordinates":[-74.007324,40.713627]}},{"type":"Feature","id":"nyc_lpc_individual_landmark_860","properties":{"city_id":"nyc","event_id":"nyc_lpc_individual_landmark_860","title":"Individual landmark designated: Coney Island Theater Building","year":2010,"effective_date":"2010-12-14","date_precision":"day","category":"built_environment","lens":"built_environment","confidence":"documented","source_ids":["buis-pvji"],"explanation":"LPC designation record for Coney Island Theater Building; designation date is taken from the source desdate field."},"geometry":{"type":"Point","coordinates":[-73.981649,40.576001]}},{"type":"Feature","id":"nyc_lpc_individual_landmark_939","properties":{"city_id":"nyc","event_id":"nyc_lpc_individual_landmark_939","title":"Individual landmark designated: Dollar Savings Bank","year":2010,"effective_date":"2010-01-12","date_precision":"day","category":"built_environment","lens":"built_environment","confidence":"documented","source_ids":["buis-pvji"],"explanation":"LPC designation record for Dollar Savings Bank; designation date is taken from the source desdate field."},"geometry":{"type":"Point","coordinates":[-73.918874,40.815072]}},{"type":"Feature","id":"nyc_lpc_individual_landmark_95","properties":{"city_id":"nyc","event_id":"nyc_lpc_individual_landmark_95","title":"Individual landmark designated: Public School 66","year":2010,"effective_date":"2010-01-12","date_precision":"day","category":"built_environment","lens":"built_environment","confidence":"documented","source_ids":["buis-pvji"],"explanation":"LPC designation record for Public School 66; designation date is taken from the source desdate field."},"geometry":{"type":"Point","coordinates":[-73.846037,40.697966]}},{"type":"Feature","id":"nyc_lpc_individual_landmark_963","properties":{"city_id":"nyc","event_id":"nyc_lpc_individual_landmark_963","title":"Individual landmark designated: Noonan Plaza Apartments","year":2010,"effective_date":"2010-06-22","date_precision":"day","category":"built_environment","lens":"built_environment","confidence":"documented","source_ids":["buis-pvji"],"explanation":"LPC designation record for Noonan Plaza Apartments; designation date is taken from the source desdate field."},"geometry":{"type":"Point","coordinates":[-73.924957,40.839074]}},{"type":"Feature","id":"nyc_lpc_individual_landmark_968","properties":{"city_id":"nyc","event_id":"nyc_lpc_individual_landmark_968","title":"Individual landmark designated: Haffen Building","year":2010,"effective_date":"2010-06-22","date_precision":"day","category":"built_environment","lens":"built_environment","confidence":"documented","source_ids":["buis-pvji"],"explanation":"LPC designation record for Haffen Building; designation date is taken from the source desdate field."},"geometry":{"type":"Point","coordinates":[-73.918709,40.815234]}},{"type":"Feature","id":"nyc_lpc_individual_landmark_970","properties":{"city_id":"nyc","event_id":"nyc_lpc_individual_landmark_970","title":"Individual landmark designated: Alderbrook House","year":2010,"effective_date":"2010-12-14","date_precision":"day","category":"built_environment","lens":"built_environment","confidence":"documented","source_ids":["buis-pvji"],"explanation":"LPC designation record for Alderbrook House; designation date is taken from the source desdate field."},"geometry":{"type":"Point","coordinates":[-73.912168,40.895773]}},{"type":"Feature","id":"nyc_lpc_individual_landmark_99","properties":{"city_id":"nyc","event_id":"nyc_lpc_individual_landmark_99","title":"Individual landmark designated: Jamaica Savings Bank","year":2010,"effective_date":"2010-10-26","date_precision":"day","category":"built_environment","lens":"built_environment","confidence":"documented","source_ids":["buis-pvji"],"explanation":"LPC designation record for Jamaica Savings Bank; designation date is taken from the source desdate field."},"geometry":{"type":"Point","coordinates":[-73.808215,40.701943]}},{"type":"Feature","id":"nyc_lpc_permit_lpc-01-5130","properties":{"city_id":"nyc","event_id":"nyc_lpc_permit_lpc-01-5130","title":"LPC permit issued: Legacy- Not Available at 460 BRIELLE AVENUE","year":2010,"effective_date":"2010-01-01","date_precision":"day","category":"built_environment","lens":"built_environment","confidence":"documented","source_ids":["dpm2-m9mq"],"explanation":"LPC permit LPC-01-5130; landmark/site New York City Farm Colony- Seaview Hospital Historic District: Historic District; regulation type Withdrawn at Staff Level; work type Legacy- Not Available."},"geometry":{"type":"Point","coordinates":[-74.13543738839154,40.59379769245911]}},{"type":"Feature","id":"nyc_lpc_permit_lpc-08-5606","properties":{"city_id":"nyc","event_id":"nyc_lpc_permit_lpc-08-5606","title":"LPC permit issued: Sign-off at 236 FIFTH AVENUE","year":2010,"effective_date":"2010-01-04","date_precision":"day","category":"built_environment","lens":"built_environment","confidence":"documented","source_ids":["dpm2-m9mq"],"explanation":"LPC permit LPC-08-5606; landmark/site Madison Square North Historic District: Historic District; regulation type Notice of Compliance; work type Sign-off."},"geometry":{"type":"Point","coordinates":[-73.98763609208763,40.744232929354474]}},{"type":"Feature","id":"nyc_lpc_permit_lpc-08-7916","properties":{"city_id":"nyc","event_id":"nyc_lpc_permit_lpc-08-7916","title":"LPC permit issued: ROOFTOP ADDITION at 220-224 12TH AVENUE","year":2010,"effective_date":"2010-01-05","date_precision":"day","category":"built_environment","lens":"built_environment","confidence":"documented","source_ids":["dpm2-m9mq"],"explanation":"LPC permit LPC-08-7916; landmark/site West Chelsea Historic District: Historic District; regulation type Certificate of No Effect; work type ROOFTOP ADDITION."},"geometry":{"type":"Point","coordinates":[-74.0076156144899,40.75253071537994]}},{"type":"Feature","id":"nyc_lpc_permit_lpc-09-0848","properties":{"city_id":"nyc","event_id":"nyc_lpc_permit_lpc-09-0848","title":"LPC permit issued: ROOFTOP ADDITION at 416 BROADWAY","year":2010,"effective_date":"2010-01-04","date_precision":"day","category":"built_environment","lens":"built_environment","confidence":"documented","source_ids":["dpm2-m9mq"],"explanation":"LPC permit LPC-09-0848; landmark/site Tribeca East Historic District: Historic District; regulation type Miscellaneous - Amendment; work type ROOFTOP ADDITION."},"geometry":{"type":"Point","coordinates":[-74.00190475973656,40.71935786549404]}},{"type":"Feature","id":"nyc_lpc_permit_lpc-09-1987","properties":{"city_id":"nyc","event_id":"nyc_lpc_permit_lpc-09-1987","title":"LPC permit issued: New Storefront Infill: Opening and Surround to Remain at 385 6TH AVENUE","year":2010,"effective_date":"2010-01-05","date_precision":"day","category":"built_environment","lens":"built_environment","confidence":"documented","source_ids":["dpm2-m9mq"],"explanation":"LPC permit LPC-09-1987; landmark/site Greenwich Village Historic District: Historic District; regulation type Status Update Letter; work type New Storefront Infill: Opening and Surround to Remain."},"geometry":{"type":"Point","coordinates":[-73.99999639176004,40.733035004432644]}},{"type":"Feature","id":"nyc_lpc_permit_lpc-09-5327","properties":{"city_id":"nyc","event_id":"nyc_lpc_permit_lpc-09-5327","title":"LPC permit issued: ROOFTOP ADDITION at 416 BROADWAY","year":2010,"effective_date":"2010-01-04","date_precision":"day","category":"built_environment","lens":"built_environment","confidence":"documented","source_ids":["dpm2-m9mq"],"explanation":"LPC permit LPC-09-5327; landmark/site Tribeca East Historic District: Historic District; regulation type Certificate of Appropriateness; work type ROOFTOP ADDITION."},"geometry":{"type":"Point","coordinates":[-74.00190475973656,40.71935786549404]}},{"type":"Feature","id":"nyc_lpc_permit_lpc-10-0691","properties":{"city_id":"nyc","event_id":"nyc_lpc_permit_lpc-10-0691","title":"LPC permit issued: Sign-off at 21-25 WEST 8TH STREET","year":2010,"effective_date":"2010-01-05","date_precision":"day","category":"built_environment","lens":"built_environment","confidence":"documented","source_ids":["dpm2-m9mq"],"explanation":"LPC permit LPC-10-0691; landmark/site not stated; regulation type Notice of Compliance; work type Sign-off."},"geometry":{"type":"Point","coordinates":[-73.99735517383509,40.7326891350175]}},{"type":"Feature","id":"nyc_lpc_permit_lpc-10-1050","properties":{"city_id":"nyc","event_id":"nyc_lpc_permit_lpc-10-1050","title":"LPC permit issued: ADDITIONS at 268 WEST 139TH STREET","year":2010,"effective_date":"2010-01-04","date_precision":"day","category":"built_environment","lens":"built_environment","confidence":"documented","source_ids":["dpm2-m9mq"],"explanation":"LPC permit LPC-10-1050; landmark/site St. Nicholas Historic District: Historic District; regulation type Certificate of No Effect; work type ADDITIONS."},"geometry":{"type":"Point","coordinates":[-73.94416637593471,40.818819218017715]}},{"type":"Feature","id":"nyc_lpc_permit_lpc-10-1841","properties":{"city_id":"nyc","event_id":"nyc_lpc_permit_lpc-10-1841","title":"LPC permit issued: ROOFTOP ADDITION at 548 1/2 HUDSON STREET","year":2010,"effective_date":"2010-01-04","date_precision":"day","category":"built_environment","lens":"built_environment","confidence":"documented","source_ids":["dpm2-m9mq"],"explanation":"LPC permit LPC-10-1841; landmark/site Greenwich Village Historic District: Historic District; regulation type Certificate of No Effect; work type ROOFTOP ADDITION."},"geometry":{"type":"Point","coordinates":[-74.00608727557476,40.73494793699688]}},{"type":"Feature","id":"nyc_lpc_permit_lpc-10-1849","properties":{"city_id":"nyc","event_id":"nyc_lpc_permit_lpc-10-1849","title":"LPC permit issued: Interior Alterations at 49-55 GROVE STREET","year":2010,"effective_date":"2010-01-05","date_precision":"day","category":"built_environment","lens":"built_environment","confidence":"documented","source_ids":["dpm2-m9mq"],"explanation":"LPC permit LPC-10-1849; landmark/site Greenwich Village Historic District: Historic District; regulation type Certificate of No Effect; work type Interior Alterations."},"geometry":{"type":"Point","coordinates":[-74.0038391633643,40.732966321579134]}},{"type":"Feature","id":"nyc_lpc_permit_lpc-10-2725","properties":{"city_id":"nyc","event_id":"nyc_lpc_permit_lpc-10-2725","title":"LPC permit issued: A/C, LOUVERS, GRILLES at 51 DEKOVEN COURT","year":2010,"effective_date":"2010-01-04","date_precision":"day","category":"built_environment","lens":"built_environment","confidence":"documented","source_ids":["dpm2-m9mq"],"explanation":"LPC permit LPC-10-2725; landmark/site Fiske Terrace-Midwood Park Historic District: Historic District; regulation type Withdrawn at Staff Level; work type A/C, LOUVERS, GRILLES."},"geometry":{"type":"Point","coordinates":[-73.96193235497057,40.63322605530011]}},{"type":"Feature","id":"nyc_lpc_permit_lpc-10-2893","properties":{"city_id":"nyc","event_id":"nyc_lpc_permit_lpc-10-2893","title":"LPC permit issued: Interior Alterations at 37-40 79TH STREET","year":2010,"effective_date":"2010-01-04","date_precision":"day","category":"built_environment","lens":"built_environment","confidence":"documented","source_ids":["dpm2-m9mq"],"explanation":"LPC permit LPC-10-2893; landmark/site Jackson Heights Historic District: Historic District; regulation type Withdrawn at Staff Level; work type Interior Alterations."},"geometry":{"type":"Point","coordinates":[-73.88704563702433,40.74910777768349]}},{"type":"Feature","id":"nyc_lpc_permit_lpc-10-2951","properties":{"city_id":"nyc","event_id":"nyc_lpc_permit_lpc-10-2951","title":"LPC permit issued: AWNINGS at 969 LEXINGTON AVENUE","year":2010,"effective_date":"2010-01-05","date_precision":"day","category":"built_environment","lens":"built_environment","confidence":"documented","source_ids":["dpm2-m9mq"],"explanation":"LPC permit LPC-10-2951; landmark/site Upper East Side Historic District: Historic District; regulation type Status Update Letter; work type AWNINGS."},"geometry":{"type":"Point","coordinates":[-73.96298816069398,40.769333830468895]}},{"type":"Feature","id":"nyc_lpc_permit_lpc-10-3061","properties":{"city_id":"nyc","event_id":"nyc_lpc_permit_lpc-10-3061","title":"LPC permit issued: WINDOWS at 128 WILLOW STREET","year":2010,"effective_date":"2010-01-05","date_precision":"day","category":"built_environment","lens":"built_environment","confidence":"documented","source_ids":["dpm2-m9mq"],"explanation":"LPC permit LPC-10-3061; landmark/site Brooklyn Heights Historic District: Historic District; regulation type Permit for Minor Work; work type WINDOWS."},"geometry":{"type":"Point","coordinates":[-73.99593209586415,40.697152673663645]}},{"type":"Feature","id":"nyc_lpc_permit_lpc-10-3433","properties":{"city_id":"nyc","event_id":"nyc_lpc_permit_lpc-10-3433","title":"LPC permit issued: REAR YARD ADDITION at 112 LINCOLN AVENUE","year":2010,"effective_date":"2010-01-04","date_precision":"day","category":"built_environment","lens":"built_environment","confidence":"documented","source_ids":["dpm2-m9mq"],"explanation":"LPC permit LPC-10-3433; landmark/site Estey Piano Company Building: Individual Landmark; regulation type Certificate of Appropriateness; work type REAR YARD ADDITION."},"geometry":{"type":"Point","coordinates":[-73.92939401137555,40.807895359401286]}},{"type":"Feature","id":"nyc_lpc_permit_lpc-10-3440","properties":{"city_id":"nyc","event_id":"nyc_lpc_permit_lpc-10-3440","title":"LPC permit issued: WINDOWS at 225 CENTRAL PARK WEST","year":2010,"effective_date":"2010-01-05","date_precision":"day","category":"built_environment","lens":"built_environment","confidence":"documented","source_ids":["dpm2-m9mq"],"explanation":"LPC permit LPC-10-3440; landmark/site Upper West Side/Central Park West Historic District: Historic District; regulation type Permit for Minor Work; work type WINDOWS."},"geometry":{"type":"Point","coordinates":[-73.97094627103644,40.783100969149054]}},{"type":"Feature","id":"nyc_lpc_permit_lpc-10-3554","properties":{"city_id":"nyc","event_id":"nyc_lpc_permit_lpc-10-3554","title":"LPC permit issued: SIDEWALKS at 189-195 WYCKOFF STREET","year":2010,"effective_date":"2010-01-05","date_precision":"day","category":"built_environment","lens":"built_environment","confidence":"documented","source_ids":["dpm2-m9mq"],"explanation":"LPC permit LPC-10-3554; landmark/site Boerum Hill Historic District: Historic District; regulation type Permit for Minor Work; work type SIDEWALKS."},"geometry":{"type":"Point","coordinates":[-73.98701977585907,40.68457547958862]}},{"type":"Feature","id":"nyc_lpc_permit_lpc-10-3605","properties":{"city_id":"nyc","event_id":"nyc_lpc_permit_lpc-10-3605","title":"LPC permit issued: Interior Alterations at 133 LAFAYETTE AVENUE","year":2010,"effective_date":"2010-01-04","date_precision":"day","category":"built_environment","lens":"built_environment","confidence":"documented","source_ids":["dpm2-m9mq"],"explanation":"LPC permit LPC-10-3605; landmark/site Fort Greene Historic District: Historic District; regulation type Certificate of No Effect; work type Interior Alterations."},"geometry":{"type":"Point","coordinates":[-73.97246992110581,40.68744943879527]}},{"type":"Feature","id":"nyc_lpc_permit_lpc-10-3900","properties":{"city_id":"nyc","event_id":"nyc_lpc_permit_lpc-10-3900","title":"LPC permit issued: Interior Alterations at 70 HUDSON AVENUE","year":2010,"effective_date":"2010-01-05","date_precision":"day","category":"built_environment","lens":"built_environment","confidence":"documented","source_ids":["dpm2-m9mq"],"explanation":"LPC permit LPC-10-3900; landmark/site Vinegar Hill Historic District: Historic District; regulation type Status Update Letter; work type Interior Alterations."},"geometry":{"type":"Point","coordinates":[-73.98114106867928,40.70280541922653]}},{"type":"Feature","id":"nyc_lpc_permit_lpc-10-3910","properties":{"city_id":"nyc","event_id":"nyc_lpc_permit_lpc-10-3910","title":"LPC permit issued: AWNINGS at 106 READE STREET","year":2010,"effective_date":"2010-01-04","date_precision":"day","category":"built_environment","lens":"built_environment","confidence":"documented","source_ids":["dpm2-m9mq"],"explanation":"LPC permit LPC-10-3910; landmark/site Tribeca South Historic District: Historic District; regulation type Permit for Minor Work; work type AWNINGS."},"geometry":{"type":"Point","coordinates":[-74.00841945929412,40.715838791058935]}},{"type":"Feature","id":"nyc_lpc_permit_lpc-10-4056","properties":{"city_id":"nyc","event_id":"nyc_lpc_permit_lpc-10-4056","title":"LPC permit issued: RESTORATIVE WORK at 107 GREENE AVENUE","year":2010,"effective_date":"2010-01-04","date_precision":"day","category":"built_environment","lens":"built_environment","confidence":"documented","source_ids":["dpm2-m9mq"],"explanation":"LPC permit LPC-10-4056; landmark/site Clinton Hill Historic District: Historic District; regulation type Permit for Minor Work; work type RESTORATIVE WORK."},"geometry":{"type":"Point","coordinates":[-73.96810741104458,40.68645470532495]}},{"type":"Feature","id":"nyc_lpc_permit_lpc-10-4071","properties":{"city_id":"nyc","event_id":"nyc_lpc_permit_lpc-10-4071","title":"LPC permit issued: Other as described by applicant at 445 6TH AVENUE","year":2010,"effective_date":"2010-01-05","date_precision":"day","category":"built_environment","lens":"built_environment","confidence":"documented","source_ids":["dpm2-m9mq"],"explanation":"LPC permit LPC-10-4071; landmark/site Greenwich Village Historic District: Historic District; regulation type Notice of Compliance; work type Other as described by applicant."},"geometry":{"type":"Point","coordinates":[-73.99869739038978,40.7348245766076]}},{"type":"Feature","id":"nyc_lpc_permit_lpc-10-4111","properties":{"city_id":"nyc","event_id":"nyc_lpc_permit_lpc-10-4111","title":"LPC permit issued: WINDOWS at 59 HORATIO STREET","year":2010,"effective_date":"2010-01-05","date_precision":"day","category":"built_environment","lens":"built_environment","confidence":"documented","source_ids":["dpm2-m9mq"],"explanation":"LPC permit LPC-10-4111; landmark/site Greenwich Village Historic District: Historic District; regulation type Certificate of No Effect; work type WINDOWS."},"geometry":{"type":"Point","coordinates":[-74.00631857134692,40.73876313091524]}},{"type":"Feature","id":"nyc_lpc_permit_lpc-10-4117","properties":{"city_id":"nyc","event_id":"nyc_lpc_permit_lpc-10-4117","title":"LPC permit issued: Legacy- Not Available at 82 WEST 12TH STREET","year":2010,"effective_date":"2010-01-04","date_precision":"day","category":"built_environment","lens":"built_environment","confidence":"documented","source_ids":["dpm2-m9mq"],"explanation":"LPC permit LPC-10-4117; landmark/site Greenwich Village Historic District: Historic District; regulation type Miscellaneous - Amendment; work type Legacy- Not Available."},"geometry":{"type":"Point","coordinates":[-73.99741639067913,40.73585932701032]}},{"type":"Feature","id":"nyc_lpc_permit_lpc-10-4169","properties":{"city_id":"nyc","event_id":"nyc_lpc_permit_lpc-10-4169","title":"LPC permit issued: RESTORATIVE WORK at 56 MIDDAGH STREET","year":2010,"effective_date":"2010-01-04","date_precision":"day","category":"built_environment","lens":"built_environment","confidence":"documented","source_ids":["dpm2-m9mq"],"explanation":"LPC permit LPC-10-4169; landmark/site Brooklyn Heights Historic District: Historic District; regulation type Permit for Minor Work; work type RESTORATIVE WORK."},"geometry":{"type":"Point","coordinates":[-73.992769029594,40.700314489732705]}},{"type":"Feature","id":"nyc_lpc_permit_lpc-10-4290","properties":{"city_id":"nyc","event_id":"nyc_lpc_permit_lpc-10-4290","title":"LPC permit issued: Interior Alterations at 1 BANK STREET","year":2010,"effective_date":"2010-01-05","date_precision":"day","category":"built_environment","lens":"built_environment","confidence":"documented","source_ids":["dpm2-m9mq"],"explanation":"LPC permit LPC-10-4290; landmark/site Greenwich Village Historic District: Historic District; regulation type Certificate of No Effect; work type Interior Alterations."},"geometry":{"type":"Point","coordinates":[-74.00156607309994,40.737160358225154]}},{"type":"Feature","id":"nyc_lpc_permit_lpc-10-4403","properties":{"city_id":"nyc","event_id":"nyc_lpc_permit_lpc-10-4403","title":"LPC permit issued: WINDOWS at 56 SOUTH PORTLAND AVENUE","year":2010,"effective_date":"2010-01-06","date_precision":"day","category":"built_environment","lens":"built_environment","confidence":"documented","source_ids":["dpm2-m9mq"],"explanation":"LPC permit LPC-10-4403; landmark/site Fort Greene Historic District: Historic District; regulation type Permit for Minor Work; work type WINDOWS."},"geometry":{"type":"Point","coordinates":[-73.97480980859459,40.68813616745836]}},{"type":"Feature","id":"nyc_lpc_permit_lpc-10-4427","properties":{"city_id":"nyc","event_id":"nyc_lpc_permit_lpc-10-4427","title":"LPC permit issued: AREAWAY ALTS at 37-58 83RD STREET","year":2010,"effective_date":"2010-01-04","date_precision":"day","category":"built_environment","lens":"built_environment","confidence":"documented","source_ids":["dpm2-m9mq"],"explanation":"LPC permit LPC-10-4427; landmark/site Jackson Heights Historic District: Historic District; regulation type Withdrawn at Staff Level; work type AREAWAY ALTS."},"geometry":{"type":"Point","coordinates":[-73.88332758831511,40.749485591865]}},{"type":"Feature","id":"nyc_lpc_permit_lpc-10-4456","properties":{"city_id":"nyc","event_id":"nyc_lpc_permit_lpc-10-4456","title":"LPC permit issued: Sign-off at 43 WEST 12TH STREET","year":2010,"effective_date":"2010-01-05","date_precision":"day","category":"built_environment","lens":"built_environment","confidence":"documented","source_ids":["dpm2-m9mq"],"explanation":"LPC permit LPC-10-4456; landmark/site Greenwich Village Historic District: Historic District; regulation type Notice of Compliance; work type Sign-off."},"geometry":{"type":"Point","coordinates":[-73.99600554360856,40.73528288852762]}},{"type":"Feature","id":"nyc_lpc_permit_lpc-10-4473","properties":{"city_id":"nyc","event_id":"nyc_lpc_permit_lpc-10-4473","title":"LPC permit issued: Legacy- Not Available at 971 LEXINGTON AVENUE","year":2010,"effective_date":"2010-01-05","date_precision":"day","category":"built_environment","lens":"built_environment","confidence":"documented","source_ids":["dpm2-m9mq"],"explanation":"LPC permit LPC-10-4473; landmark/site Upper East Side Historic District: Historic District; regulation type Miscellaneous - Amendment; work type Legacy- Not Available."},"geometry":{"type":"Point","coordinates":[-73.96295564440962,40.76937773586133]}},{"type":"Feature","id":"nyc_lpc_permit_lpc-10-4514","properties":{"city_id":"nyc","event_id":"nyc_lpc_permit_lpc-10-4514","title":"LPC permit issued: AWNINGS at 370 BLEECKER STREET","year":2010,"effective_date":"2010-01-05","date_precision":"day","category":"built_environment","lens":"built_environment","confidence":"documented","source_ids":["dpm2-m9mq"],"explanation":"LPC permit LPC-10-4514; landmark/site Greenwich Village Historic District: Historic District; regulation type Certificate of No Effect; work type AWNINGS."},"geometry":{"type":"Point","coordinates":[-74.00481352356174,40.73485467566301]}},{"type":"Feature","id":"nyc_lpc_permit_lpc-10-4520","properties":{"city_id":"nyc","event_id":"nyc_lpc_permit_lpc-10-4520","title":"LPC permit issued: RESTORATIVE WORK at 756 GREENWICH STREET","year":2010,"effective_date":"2010-01-05","date_precision":"day","category":"built_environment","lens":"built_environment","confidence":"documented","source_ids":["dpm2-m9mq"],"explanation":"LPC permit LPC-10-4520; landmark/site Greenwich Village Historic District: Historic District; regulation type Certificate of No Effect; work type RESTORATIVE WORK."},"geometry":{"type":"Point","coordinates":[-74.00675491985672,40.73594150047521]}},{"type":"Feature","id":"nyc_lpc_permit_lpc-10-4557","properties":{"city_id":"nyc","event_id":"nyc_lpc_permit_lpc-10-4557","title":"LPC permit issued: Interior Alterations at 140-54 WEST 72ND STREET","year":2010,"effective_date":"2010-01-05","date_precision":"day","category":"built_environment","lens":"built_environment","confidence":"documented","source_ids":["dpm2-m9mq"],"explanation":"LPC permit LPC-10-4557; landmark/site Upper West Side/Central Park West Historic District: Historic District; regulation type Certificate of No Effect; work type Interior Alterations."},"geometry":{"type":"Point","coordinates":[-73.98025320524316,40.778016945155]}},{"type":"Feature","id":"nyc_lpc_permit_lpc-10-4624","properties":{"city_id":"nyc","event_id":"nyc_lpc_permit_lpc-10-4624","title":"LPC permit issued: SIDEWALKS at 12 CHEEVER PLACE","year":2010,"effective_date":"2010-01-05","date_precision":"day","category":"built_environment","lens":"built_environment","confidence":"documented","source_ids":["dpm2-m9mq"],"explanation":"LPC permit LPC-10-4624; landmark/site not stated; regulation type Permit for Minor Work; work type SIDEWALKS."},"geometry":{"type":"Point","coordinates":[-73.99917428996069,40.686478335261945]}},{"type":"Feature","id":"nyc_lpc_permit_lpc-10-4629","properties":{"city_id":"nyc","event_id":"nyc_lpc_permit_lpc-10-4629","title":"LPC permit issued: Interior Alterations at 75 GREENE STREET","year":2010,"effective_date":"2010-01-06","date_precision":"day","category":"built_environment","lens":"built_environment","confidence":"documented","source_ids":["dpm2-m9mq"],"explanation":"LPC permit LPC-10-4629; landmark/site SoHo-Cast Iron Historic District: Historic District; regulation type Certificate of No Effect; work type Interior Alterations."},"geometry":{"type":"Point","coordinates":[-74.00079008918061,40.7233048414425]}},{"type":"Feature","id":"nyc_lpc_permit_lpc-10-4758","properties":{"city_id":"nyc","event_id":"nyc_lpc_permit_lpc-10-4758","title":"LPC permit issued: Sign-off at 37 WEST 71ST STREET","year":2010,"effective_date":"2010-01-05","date_precision":"day","category":"built_environment","lens":"built_environment","confidence":"documented","source_ids":["dpm2-m9mq"],"explanation":"LPC permit LPC-10-4758; landmark/site not stated; regulation type Notice of Compliance; work type Sign-off."},"geometry":{"type":"Point","coordinates":[-73.97807294636381,40.77622423779758]}},{"type":"Feature","id":"nyc_lpc_permit_lpc-10-4774","properties":{"city_id":"nyc","event_id":"nyc_lpc_permit_lpc-10-4774","title":"LPC permit issued: Sign-off at 34-50 83RD STREET","year":2010,"effective_date":"2010-01-05","date_precision":"day","category":"built_environment","lens":"built_environment","confidence":"documented","source_ids":["dpm2-m9mq"],"explanation":"LPC permit LPC-10-4774; landmark/site Jackson Heights Historic District: Historic District; regulation type Notice of Compliance; work type Sign-off."},"geometry":{"type":"Point","coordinates":[-73.88386383756378,40.75242301599139]}},{"type":"Feature","id":"nyc_lpc_permit_lpc-10-4800","properties":{"city_id":"nyc","event_id":"nyc_lpc_permit_lpc-10-4800","title":"LPC permit issued: Interior Alterations at 40 WEST 77TH STREET","year":2010,"effective_date":"2010-01-05","date_precision":"day","category":"built_environment","lens":"built_environment","confidence":"documented","source_ids":["dpm2-m9mq"],"explanation":"LPC permit LPC-10-4800; landmark/site Upper West Side/Central Park West Historic District: Historic District; regulation type Certificate of No Effect; work type Interior Alterations."},"geometry":{"type":"Point","coordinates":[-73.97520107661443,40.78014039430695]}},{"type":"Feature","id":"nyc_lpc_permit_lpc-10-4809","properties":{"city_id":"nyc","event_id":"nyc_lpc_permit_lpc-10-4809","title":"LPC permit issued: Legacy- Not Available at 145-146 CENTRAL PARK WEST","year":2010,"effective_date":"2010-01-05","date_precision":"day","category":"built_environment","lens":"built_environment","confidence":"documented","source_ids":["dpm2-m9mq"],"explanation":"LPC permit LPC-10-4809; landmark/site San Remo Apartments: Individual Landmark, Upper West Side/Central Park West Historic District: Historic District; regulation type Miscellaneous - Amendment; work type Legacy- Not Available."},"geometry":{"type":"Point","coordinates":[-73.97480115740636,40.77781826087068]}},{"type":"Feature","id":"nyc_lpc_permit_lpc-10-4835","properties":{"city_id":"nyc","event_id":"nyc_lpc_permit_lpc-10-4835","title":"LPC permit issued: RESTORATIVE WORK at 322 DEKALB AVENUE","year":2010,"effective_date":"2010-01-04","date_precision":"day","category":"built_environment","lens":"built_environment","confidence":"documented","source_ids":["dpm2-m9mq"],"explanation":"LPC permit LPC-10-4835; landmark/site Clinton Hill Historic District: Historic District; regulation type Permit for Minor Work; work type RESTORATIVE WORK."},"geometry":{"type":"Point","coordinates":[-73.96562138374661,40.68972575611235]}},{"type":"Feature","id":"nyc_lpc_permit_lpc-10-4955","properties":{"city_id":"nyc","event_id":"nyc_lpc_permit_lpc-10-4955","title":"LPC permit issued: SIDEWALK CAFES at 170 WAVERLY PLACE","year":2010,"effective_date":"2010-01-05","date_precision":"day","category":"built_environment","lens":"built_environment","confidence":"documented","source_ids":["dpm2-m9mq"],"explanation":"LPC permit LPC-10-4955; landmark/site Greenwich Village Historic District: Historic District; regulation type Certificate of No Effect; work type SIDEWALK CAFES."},"geometry":{"type":"Point","coordinates":[-74.0015768156074,40.73365805282254]}},{"type":"Feature","id":"nyc_lpc_permit_lpc-10-4958","properties":{"city_id":"nyc","event_id":"nyc_lpc_permit_lpc-10-4958","title":"LPC permit issued: Replace or modify door at 390 PARK AVENUE","year":2010,"effective_date":"2010-01-06","date_precision":"day","category":"built_environment","lens":"built_environment","confidence":"documented","source_ids":["dpm2-m9mq"],"explanation":"LPC permit LPC-10-4958; landmark/site Lever House: Individual Landmark; regulation type Permit for Minor Work; work type Replace or modify door."},"geometry":{"type":"Point","coordinates":[-73.97236076203247,40.75941970696636]}},{"type":"Feature","id":"nyc_lpc_permit_lpc-10-5001","properties":{"city_id":"nyc","event_id":"nyc_lpc_permit_lpc-10-5001","title":"LPC permit issued: Interior Alterations at 893 BROADWAY","year":2010,"effective_date":"2010-01-04","date_precision":"day","category":"built_environment","lens":"built_environment","confidence":"documented","source_ids":["dpm2-m9mq"],"explanation":"LPC permit LPC-10-5001; landmark/site Ladies' Mile Historic District: Historic District; regulation type Certificate of No Effect; work type Interior Alterations."},"geometry":{"type":"Point","coordinates":[-73.98985995859566,40.73886441367127]}},{"type":"Feature","id":"nyc_lpc_permit_lpc-10-5019","properties":{"city_id":"nyc","event_id":"nyc_lpc_permit_lpc-10-5019","title":"LPC permit issued: Interior Alterations at 37 WEST 20TH STREET","year":2010,"effective_date":"2010-01-04","date_precision":"day","category":"built_environment","lens":"built_environment","confidence":"documented","source_ids":["dpm2-m9mq"],"explanation":"LPC permit LPC-10-5019; landmark/site not stated; regulation type Expedited Certificate of No Effect; work type Interior Alterations."},"geometry":{"type":"Point","coordinates":[-73.99225227203884,40.74023148583796]}},{"type":"Feature","id":"nyc_lpc_permit_lpc-10-5032","properties":{"city_id":"nyc","event_id":"nyc_lpc_permit_lpc-10-5032","title":"LPC permit issued: AREAWAY ALTS at 585 BERGEN STREET","year":2010,"effective_date":"2010-01-05","date_precision":"day","category":"built_environment","lens":"built_environment","confidence":"documented","source_ids":["dpm2-m9mq"],"explanation":"LPC permit LPC-10-5032; landmark/site Prospect Heights Historic District: Historic District; regulation type Permit for Minor Work; work type AREAWAY ALTS."},"geometry":{"type":"Point","coordinates":[-73.97031704480148,40.6798650982297]}},{"type":"Feature","id":"nyc_lpc_permit_lpc-10-5095","properties":{"city_id":"nyc","event_id":"nyc_lpc_permit_lpc-10-5095","title":"LPC permit issued: Interior Alterations at 1 CHASE MANHATTAN PLAZA","year":2010,"effective_date":"2010-01-04","date_precision":"day","category":"built_environment","lens":"built_environment","confidence":"documented","source_ids":["dpm2-m9mq"],"explanation":"LPC permit LPC-10-5095; landmark/site One Chase Manhattan Plaza: Individual Landmark; regulation type Certificate of No Effect; work type Interior Alterations."},"geometry":{"type":"Point","coordinates":[-74.00959075886934,40.708361967698934]}},{"type":"Feature","id":"nyc_lpc_permit_lpc-10-5097","properties":{"city_id":"nyc","event_id":"nyc_lpc_permit_lpc-10-5097","title":"LPC permit issued: WINDOWS at 2 MONTAGUE TERRACE","year":2010,"effective_date":"2010-01-04","date_precision":"day","category":"built_environment","lens":"built_environment","confidence":"documented","source_ids":["dpm2-m9mq"],"explanation":"LPC permit LPC-10-5097; landmark/site not stated; regulation type Certificate of No Effect; work type WINDOWS."},"geometry":{"type":"Point","coordinates":[-73.9974395900887,40.69554702802246]}},{"type":"Feature","id":"nyc_lpc_permit_lpc-10-5099","properties":{"city_id":"nyc","event_id":"nyc_lpc_permit_lpc-10-5099","title":"LPC permit issued: Sign-off at 131 RIVERSIDE DRIVE","year":2010,"effective_date":"2010-01-05","date_precision":"day","category":"built_environment","lens":"built_environment","confidence":"documented","source_ids":["dpm2-m9mq"],"explanation":"LPC permit LPC-10-5099; landmark/site Riverside-West End Historic District: Historic District; regulation type Notice of Compliance; work type Sign-off."},"geometry":{"type":"Point","coordinates":[-73.98068316308645,40.789473537646124]}},{"type":"Feature","id":"nyc_lpc_permit_lpc-10-5105","properties":{"city_id":"nyc","event_id":"nyc_lpc_permit_lpc-10-5105","title":"LPC permit issued: WINDOWS at 139 EAST 94TH STREET","year":2010,"effective_date":"2010-01-04","date_precision":"day","category":"built_environment","lens":"built_environment","confidence":"documented","source_ids":["dpm2-m9mq"],"explanation":"LPC permit LPC-10-5105; landmark/site Expanded Carnegie Hill Historic District: Historic District; regulation type Authorization to Proceed; work type WINDOWS."},"geometry":{"type":"Point","coordinates":[-73.95220426872581,40.78470862382806]}},{"type":"Feature","id":"nyc_lpc_permit_lpc-10-5116","properties":{"city_id":"nyc","event_id":"nyc_lpc_permit_lpc-10-5116","title":"LPC permit issued: Interior Alterations at 251 CHURCH STREET","year":2010,"effective_date":"2010-01-05","date_precision":"day","category":"built_environment","lens":"built_environment","confidence":"documented","source_ids":["dpm2-m9mq"],"explanation":"LPC permit LPC-10-5116; landmark/site not stated; regulation type Certificate of No Effect; work type Interior Alterations."},"geometry":{"type":"Point","coordinates":[-74.0056203585319,40.71786733958462]}},{"type":"Feature","id":"nyc_lpc_permit_lpc-10-5119","properties":{"city_id":"nyc","event_id":"nyc_lpc_permit_lpc-10-5119","title":"LPC permit issued: ROOFTOP ANTENNAS at 30 EAST 72ND STREET","year":2010,"effective_date":"2010-01-05","date_precision":"day","category":"built_environment","lens":"built_environment","confidence":"documented","source_ids":["dpm2-m9mq"],"explanation":"LPC permit LPC-10-5119; landmark/site Upper East Side Historic District: Historic District; regulation type Certificate of No Effect; work type ROOFTOP ANTENNAS."},"geometry":{"type":"Point","coordinates":[-73.9651530694903,40.77165655531138]}},{"type":"Feature","id":"nyc_lpc_permit_lpc-10-5137","properties":{"city_id":"nyc","event_id":"nyc_lpc_permit_lpc-10-5137","title":"LPC permit issued: WINDOWS at 115 CENTRAL PARK WEST","year":2010,"effective_date":"2010-01-06","date_precision":"day","category":"built_environment","lens":"built_environment","confidence":"documented","source_ids":["dpm2-m9mq"],"explanation":"LPC permit LPC-10-5137; landmark/site Majestic Apartments: Individual Landmark, Upper West Side/Central Park West Historic District: Historic District; regulation type Authorization to Proceed; work type WINDOWS."},"geometry":{"type":"Point","coordinates":[-73.97621723173671,40.77587803284109]}},{"type":"Feature","id":"nyc_lpc_permit_lpc-10-5143","properties":{"city_id":"nyc","event_id":"nyc_lpc_permit_lpc-10-5143","title":"LPC permit issued: RESTORATIVE WORK at 38-44 LAIGHT STREET","year":2010,"effective_date":"2010-01-04","date_precision":"day","category":"built_environment","lens":"built_environment","confidence":"documented","source_ids":["dpm2-m9mq"],"explanation":"LPC permit LPC-10-5143; landmark/site not stated; regulation type Miscellaneous - Amendment; work type RESTORATIVE WORK."},"geometry":{"type":"Point","coordinates":[-74.00763376192802,40.7219157434601]}},{"type":"Feature","id":"nyc_lpc_permit_lpc-10-5166","properties":{"city_id":"nyc","event_id":"nyc_lpc_permit_lpc-10-5166","title":"LPC permit issued: Interior Alterations at 40 GROVE STREET","year":2010,"effective_date":"2010-01-04","date_precision":"day","category":"built_environment","lens":"built_environment","confidence":"documented","source_ids":["dpm2-m9mq"],"explanation":"LPC permit LPC-10-5166; landmark/site Greenwich Village Historic District: Historic District; regulation type Certificate of No Effect; work type Interior Alterations."},"geometry":{"type":"Point","coordinates":[-74.00449223913523,40.73274397285505]}},{"type":"Feature","id":"nyc_lpc_permit_lpc-10-5171","properties":{"city_id":"nyc","event_id":"nyc_lpc_permit_lpc-10-5171","title":"LPC permit issued: Interior Alterations at 872 MADISON AVENUE","year":2010,"effective_date":"2010-01-06","date_precision":"day","category":"built_environment","lens":"built_environment","confidence":"documented","source_ids":["dpm2-m9mq"],"explanation":"LPC permit LPC-10-5171; landmark/site Upper East Side Historic District: Historic District; regulation type Miscellaneous - Amendment; work type Interior Alterations."},"geometry":{"type":"Point","coordinates":[-73.96586814598409,40.77120663211691]}},{"type":"Feature","id":"nyc_lpc_permit_lpc-10-5172","properties":{"city_id":"nyc","event_id":"nyc_lpc_permit_lpc-10-5172","title":"LPC permit issued: Sign-off at 240-28 BAYVIEW AVENUE","year":2010,"effective_date":"2010-01-04","date_precision":"day","category":"built_environment","lens":"built_environment","confidence":"documented","source_ids":["dpm2-m9mq"],"explanation":"LPC permit LPC-10-5172; landmark/site Douglaston Historic District: Historic District; regulation type Notice of Compliance; work type Sign-off."},"geometry":{"type":"Point","coordinates":[-73.7508288900782,40.78132290310552]}},{"type":"Feature","id":"nyc_lpc_permit_lpc-10-5185","properties":{"city_id":"nyc","event_id":"nyc_lpc_permit_lpc-10-5185","title":"LPC permit issued: Interior Alterations at 645 VANDERBILT AVENUE","year":2010,"effective_date":"2010-01-05","date_precision":"day","category":"built_environment","lens":"built_environment","confidence":"documented","source_ids":["dpm2-m9mq"],"explanation":"LPC permit LPC-10-5185; landmark/site Prospect Heights Historic District: Historic District; regulation type Certificate of No Effect; work type Interior Alterations."},"geometry":{"type":"Point","coordinates":[-73.96880015525956,40.67779513749297]}},{"type":"Feature","id":"nyc_lpc_permit_lpc-10-5213","properties":{"city_id":"nyc","event_id":"nyc_lpc_permit_lpc-10-5213","title":"LPC permit issued: SIDEWALKS at 185 COLUMBUS AVENUE","year":2010,"effective_date":"2010-01-05","date_precision":"day","category":"built_environment","lens":"built_environment","confidence":"documented","source_ids":["dpm2-m9mq"],"explanation":"LPC permit LPC-10-5213; landmark/site Upper West Side/Central Park West Historic District: Historic District; regulation type Permit for Minor Work; work type SIDEWALKS."},"geometry":{"type":"Point","coordinates":[-73.9805104341535,40.77504169403488]}},{"type":"Feature","id":"nyc_lpc_permit_lpc-10-5220","properties":{"city_id":"nyc","event_id":"nyc_lpc_permit_lpc-10-5220","title":"LPC permit issued: ROOFTOP ADDITION at 52 WEST 76TH STREET","year":2010,"effective_date":"2010-01-05","date_precision":"day","category":"built_environment","lens":"built_environment","confidence":"documented","source_ids":["dpm2-m9mq"],"explanation":"LPC permit LPC-10-5220; landmark/site Central Park West - West 76th Street Historic District: Historic District, Upper West Side/Central Park West Historic District: Historic District; regulation type Miscellaneous - Amendment; work type ROOFTOP ADDITION."},"geometry":{"type":"Point","coordinates":[-73.97553353677077,40.77941311041505]}},{"type":"Feature","id":"nyc_lpc_permit_lpc-10-5224","properties":{"city_id":"nyc","event_id":"nyc_lpc_permit_lpc-10-5224","title":"LPC permit issued: Interior Alterations at 153 MERCER STREET","year":2010,"effective_date":"2010-01-05","date_precision":"day","category":"built_environment","lens":"built_environment","confidence":"documented","source_ids":["dpm2-m9mq"],"explanation":"LPC permit LPC-10-5224; landmark/site SoHo-Cast Iron Historic District: Historic District; regulation type Certificate of No Effect; work type Interior Alterations."},"geometry":{"type":"Point","coordinates":[-73.99822495797564,40.72507519910029]}},{"type":"Feature","id":"nyc_lpc_permit_lpc-10-5227","properties":{"city_id":"nyc","event_id":"nyc_lpc_permit_lpc-10-5227","title":"LPC permit issued: Interior Alterations at 5 BLEECKER STREET","year":2010,"effective_date":"2010-01-05","date_precision":"day","category":"built_environment","lens":"built_environment","confidence":"documented","source_ids":["dpm2-m9mq"],"explanation":"LPC permit LPC-10-5227; landmark/site not stated; regulation type Expedited Certificate of No Effect; work type Interior Alterations."},"geometry":{"type":"Point","coordinates":[-73.99256788441235,40.72533572485224]}},{"type":"Feature","id":"nyc_lpc_permit_lpc-10-5229","properties":{"city_id":"nyc","event_id":"nyc_lpc_permit_lpc-10-5229","title":"LPC permit issued: Interior Alterations at 783 MADISON AVENUE","year":2010,"effective_date":"2010-01-05","date_precision":"day","category":"built_environment","lens":"built_environment","confidence":"documented","source_ids":["dpm2-m9mq"],"explanation":"LPC permit LPC-10-5229; landmark/site Upper East Side Historic District: Historic District; regulation type Certificate of No Effect; work type Interior Alterations."},"geometry":{"type":"Point","coordinates":[-73.96795991137589,40.768303297935645]}},{"type":"Feature","id":"nyc_lpc_permit_lpc-10-5236","properties":{"city_id":"nyc","event_id":"nyc_lpc_permit_lpc-10-5236","title":"LPC permit issued: SIDEWALKS at 3 EAST 78TH STREET","year":2010,"effective_date":"2010-01-06","date_precision":"day","category":"built_environment","lens":"built_environment","confidence":"documented","source_ids":["dpm2-m9mq"],"explanation":"LPC permit LPC-10-5236; landmark/site Metropolitan Museum Historic District: Historic District; regulation type Miscellaneous - Amendment; work type SIDEWALKS."},"geometry":{"type":"Point","coordinates":[-73.96390866081391,40.776184990356775]}},{"type":"Feature","id":"nyc_lpc_permit_lpc-10-5239","properties":{"city_id":"nyc","event_id":"nyc_lpc_permit_lpc-10-5239","title":"LPC permit issued: Interior Alterations at 923 FIFTH AVENUE","year":2010,"effective_date":"2010-01-05","date_precision":"day","category":"built_environment","lens":"built_environment","confidence":"documented","source_ids":["dpm2-m9mq"],"explanation":"LPC permit LPC-10-5239; landmark/site Upper East Side Historic District: Historic District; regulation type Certificate of No Effect; work type Interior Alterations."},"geometry":{"type":"Point","coordinates":[-73.96645560724484,40.77322967722828]}},{"type":"Feature","id":"nyc_lpc_permit_lpc-10-5256","properties":{"city_id":"nyc","event_id":"nyc_lpc_permit_lpc-10-5256","title":"LPC permit issued: AWNINGS at 236 FIFTH AVENUE","year":2010,"effective_date":"2010-01-05","date_precision":"day","category":"built_environment","lens":"built_environment","confidence":"documented","source_ids":["dpm2-m9mq"],"explanation":"LPC permit LPC-10-5256; landmark/site Madison Square North Historic District: Historic District; regulation type Permit for Minor Work; work type AWNINGS."},"geometry":{"type":"Point","coordinates":[-73.98763609208763,40.744232929354496]}},{"type":"Feature","id":"nyc_lpc_permit_lpc-10-5279","properties":{"city_id":"nyc","event_id":"nyc_lpc_permit_lpc-10-5279","title":"LPC permit issued: Interior Alterations at 150 WEST 79TH STREET","year":2010,"effective_date":"2010-01-04","date_precision":"day","category":"built_environment","lens":"built_environment","confidence":"documented","source_ids":["dpm2-m9mq"],"explanation":"LPC permit LPC-10-5279; landmark/site Upper West Side/Central Park West Historic District: Historic District; regulation type Expedited Certificate of No Effect; work type Interior Alterations."},"geometry":{"type":"Point","coordinates":[-73.9769298112286,40.782550630708535]}},{"type":"Feature","id":"nyc_lpc_permit_lpc-10-5280","properties":{"city_id":"nyc","event_id":"nyc_lpc_permit_lpc-10-5280","title":"LPC permit issued: Interior Alterations at 150 WEST 79TH STREET","year":2010,"effective_date":"2010-01-04","date_precision":"day","category":"built_environment","lens":"built_environment","confidence":"documented","source_ids":["dpm2-m9mq"],"explanation":"LPC permit LPC-10-5280; landmark/site Upper West Side/Central Park West Historic District: Historic District; regulation type Expedited Certificate of No Effect; work type Interior Alterations."},"geometry":{"type":"Point","coordinates":[-73.9769298112286,40.782550630708535]}},{"type":"Feature","id":"nyc_lpc_permit_lpc-10-5281","properties":{"city_id":"nyc","event_id":"nyc_lpc_permit_lpc-10-5281","title":"LPC permit issued: Interior Alterations at 150 WEST 79TH STREET","year":2010,"effective_date":"2010-01-04","date_precision":"day","category":"built_environment","lens":"built_environment","confidence":"documented","source_ids":["dpm2-m9mq"],"explanation":"LPC permit LPC-10-5281; landmark/site Upper West Side/Central Park West Historic District: Historic District; regulation type Expedited Certificate of No Effect; work type Interior Alterations."},"geometry":{"type":"Point","coordinates":[-73.9769298112286,40.782550630708535]}},{"type":"Feature","id":"nyc_lpc_permit_lpc-10-5282","properties":{"city_id":"nyc","event_id":"nyc_lpc_permit_lpc-10-5282","title":"LPC permit issued: Interior Alterations at 620 AVENUE OF THE AMERICAS","year":2010,"effective_date":"2010-01-04","date_precision":"day","category":"built_environment","lens":"built_environment","confidence":"documented","source_ids":["dpm2-m9mq"],"explanation":"LPC permit LPC-10-5282; landmark/site Ladies' Mile Historic District: Historic District; regulation type Expedited Certificate of No Effect; work type Interior Alterations."},"geometry":{"type":"Point","coordinates":[-73.99484327983828,40.74008066966492]}},{"type":"Feature","id":"nyc_lpc_permit_lpc-10-5283","properties":{"city_id":"nyc","event_id":"nyc_lpc_permit_lpc-10-5283","title":"LPC permit issued: Interior Alterations at 20 EXCHANGE PLACE","year":2010,"effective_date":"2010-01-04","date_precision":"day","category":"built_environment","lens":"built_environment","confidence":"documented","source_ids":["dpm2-m9mq"],"explanation":"LPC permit LPC-10-5283; landmark/site not stated; regulation type Expedited Certificate of No Effect; work type Interior Alterations."},"geometry":{"type":"Point","coordinates":[-74.0093775676958,40.70563368998949]}},{"type":"Feature","id":"nyc_lpc_permit_lpc-10-5286","properties":{"city_id":"nyc","event_id":"nyc_lpc_permit_lpc-10-5286","title":"LPC permit issued: Interior Alterations at 220 EAST 42ND STREET","year":2010,"effective_date":"2010-01-05","date_precision":"day","category":"built_environment","lens":"built_environment","confidence":"documented","source_ids":["dpm2-m9mq"],"explanation":"LPC permit LPC-10-5286; landmark/site not stated; regulation type Expedited Certificate of No Effect; work type Interior Alterations."},"geometry":{"type":"Point","coordinates":[-73.97325603005623,40.75025521176166]}},{"type":"Feature","id":"nyc_lpc_permit_lpc-10-5298","properties":{"city_id":"nyc","event_id":"nyc_lpc_permit_lpc-10-5298","title":"LPC permit issued: Interior Alterations at 140 WEST 69TH STREET","year":2010,"effective_date":"2010-01-05","date_precision":"day","category":"built_environment","lens":"built_environment","confidence":"documented","source_ids":["dpm2-m9mq"],"explanation":"LPC permit LPC-10-5298; landmark/site Upper West Side/Central Park West Historic District: Historic District; regulation type Expedited Certificate of No Effect; work type Interior Alterations."},"geometry":{"type":"Point","coordinates":[-73.9813008866665,40.77593386468526]}},{"type":"Feature","id":"nyc_lpc_permit_lpc-10-5320","properties":{"city_id":"nyc","event_id":"nyc_lpc_permit_lpc-10-5320","title":"LPC permit issued: Interior Alterations at 801 RIVERSIDE DRIVE","year":2010,"effective_date":"2010-01-06","date_precision":"day","category":"built_environment","lens":"built_environment","confidence":"documented","source_ids":["dpm2-m9mq"],"explanation":"LPC permit LPC-10-5320; landmark/site Audubon Park Historic District: Historic District; regulation type Expedited Certificate of No Effect; work type Interior Alterations."},"geometry":{"type":"Point","coordinates":[-73.94645114362731,40.83501412271513]}},{"type":"Feature","id":"nyc_lpc_permit_lpc-10-9969","properties":{"city_id":"nyc","event_id":"nyc_lpc_permit_lpc-10-9969","title":"LPC permit issued: Replace or modify door at 139 GATES AVENUE","year":2010,"effective_date":"2010-01-01","date_precision":"day","category":"built_environment","lens":"built_environment","confidence":"documented","source_ids":["dpm2-m9mq"],"explanation":"LPC permit LPC-10-9969; landmark/site Clinton Hill Historic District: Historic District; regulation type Certificate of No Effect; work type Replace or modify door."},"geometry":{"type":"Point","coordinates":[-73.96250502337294,40.684852814440696]}},{"type":"Feature","id":"nyc_lpc_permit_lpc-11-1035","properties":{"city_id":"nyc","event_id":"nyc_lpc_permit_lpc-11-1035","title":"LPC permit issued: Sign-off at 37-54 83RD STREET","year":2010,"effective_date":"2010-01-05","date_precision":"day","category":"built_environment","lens":"built_environment","confidence":"documented","source_ids":["dpm2-m9mq"],"explanation":"LPC permit LPC-11-1035; landmark/site Jackson Heights Historic District: Historic District; regulation type Notice of Compliance; work type Sign-off."},"geometry":{"type":"Point","coordinates":[-73.88332758350805,40.74948833661045]}},{"type":"Feature","id":"nyc_permitted_event_14266","properties":{"city_id":"nyc","event_id":"nyc_permitted_event_14266","title":"Permitted civic event: Electronic Waste Recycling Event","year":2010,"effective_date":"2010-01-16","date_precision":"day","category":"environment","lens":"green_space","confidence":"documented","source_ids":["bkfu-528j"],"explanation":"Permitted event/street-use record with possible temporary access, footfall, or traffic effects."},"geometry":{"type":"Point","coordinates":[-73.9712,40.7831]}},{"type":"Feature","id":"nyc_permitted_event_14269","properties":{"city_id":"nyc","event_id":"nyc_permitted_event_14269","title":"Permitted civic event: The American Antiques Show","year":2010,"effective_date":"2010-01-20","date_precision":"day","category":"environment","lens":"green_space","confidence":"documented","source_ids":["bkfu-528j"],"explanation":"Permitted event/street-use record with possible temporary access, footfall, or traffic effects."},"geometry":{"type":"Point","coordinates":[-73.9712,40.7831]}},{"type":"Feature","id":"nyc_permitted_event_14272","properties":{"city_id":"nyc","event_id":"nyc_permitted_event_14272","title":"Permitted civic event: Electronic Waste Recycling Event","year":2010,"effective_date":"2010-01-10","date_precision":"day","category":"environment","lens":"green_space","confidence":"documented","source_ids":["bkfu-528j"],"explanation":"Permitted event/street-use record with possible temporary access, footfall, or traffic effects."},"geometry":{"type":"Point","coordinates":[-73.9712,40.7831]}},{"type":"Feature","id":"nyc_permitted_event_14285","properties":{"city_id":"nyc","event_id":"nyc_permitted_event_14285","title":"Permitted civic event: Electronic Waste Recycling Event","year":2010,"effective_date":"2010-01-09","date_precision":"day","category":"environment","lens":"green_space","confidence":"documented","source_ids":["bkfu-528j"],"explanation":"Permitted event/street-use record with possible temporary access, footfall, or traffic effects."},"geometry":{"type":"Point","coordinates":[-73.9712,40.7831]}},{"type":"Feature","id":"nyc_permitted_event_14291","properties":{"city_id":"nyc","event_id":"nyc_permitted_event_14291","title":"Permitted civic event: KCD/Milk Studios","year":2010,"effective_date":"2010-02-03","date_precision":"day","category":"environment","lens":"green_space","confidence":"documented","source_ids":["bkfu-528j"],"explanation":"Permitted event/street-use record with possible temporary access, footfall, or traffic effects."},"geometry":{"type":"Point","coordinates":[-73.9712,40.7831]}},{"type":"Feature","id":"nyc_permitted_event_14403","properties":{"city_id":"nyc","event_id":"nyc_permitted_event_14403","title":"Permitted civic event: Annual Polar Bear Swim","year":2010,"effective_date":"2010-01-01","date_precision":"day","category":"environment","lens":"green_space","confidence":"documented","source_ids":["bkfu-528j"],"explanation":"Permitted event/street-use record with possible temporary access, footfall, or traffic effects."},"geometry":{"type":"Point","coordinates":[-73.9442,40.6782]}},{"type":"Feature","id":"nyc_permitted_event_14475","properties":{"city_id":"nyc","event_id":"nyc_permitted_event_14475","title":"Permitted civic event: Alan T Brown Family Fun Day","year":2010,"effective_date":"2010-01-31","date_precision":"day","category":"environment","lens":"green_space","confidence":"documented","source_ids":["bkfu-528j"],"explanation":"Permitted event/street-use record with possible temporary access, footfall, or traffic effects."},"geometry":{"type":"Point","coordinates":[-73.9712,40.7831]}},{"type":"Feature","id":"nyc_permitted_event_14499","properties":{"city_id":"nyc","event_id":"nyc_permitted_event_14499","title":"Permitted civic event: Zendough.com Event at Grand Central","year":2010,"effective_date":"2010-01-05","date_precision":"day","category":"environment","lens":"green_space","confidence":"documented","source_ids":["bkfu-528j"],"explanation":"Permitted event/street-use record with possible temporary access, footfall, or traffic effects."},"geometry":{"type":"Point","coordinates":[-73.9712,40.7831]}},{"type":"Feature","id":"nyc_permitted_event_14556","properties":{"city_id":"nyc","event_id":"nyc_permitted_event_14556","title":"Permitted civic event: Stella Antique Show","year":2010,"effective_date":"2010-01-25","date_precision":"day","category":"environment","lens":"green_space","confidence":"documented","source_ids":["bkfu-528j"],"explanation":"Permitted event/street-use record with possible temporary access, footfall, or traffic effects."},"geometry":{"type":"Point","coordinates":[-73.9712,40.7831]}},{"type":"Feature","id":"nyc_permitted_event_14563","properties":{"city_id":"nyc","event_id":"nyc_permitted_event_14563","title":"Permitted civic event: Census 2010 Road Tour","year":2010,"effective_date":"2010-01-04","date_precision":"day","category":"transport","lens":"traffic","confidence":"documented","source_ids":["bkfu-528j"],"explanation":"Permitted event/street-use record with possible temporary access, footfall, or traffic effects."},"geometry":{"type":"Point","coordinates":[-73.9712,40.7831]}},{"type":"Feature","id":"nyc_permitted_event_14565","properties":{"city_id":"nyc","event_id":"nyc_permitted_event_14565","title":"Permitted civic event: Census 2010 Road Tour","year":2010,"effective_date":"2010-01-05","date_precision":"day","category":"transport","lens":"traffic","confidence":"documented","source_ids":["bkfu-528j"],"explanation":"Permitted event/street-use record with possible temporary access, footfall, or traffic effects."},"geometry":{"type":"Point","coordinates":[-73.9712,40.7831]}},{"type":"Feature","id":"nyc_permitted_event_14687","properties":{"city_id":"nyc","event_id":"nyc_permitted_event_14687","title":"Permitted civic event: Cohen Bar Mitzvah","year":2010,"effective_date":"2010-01-09","date_precision":"day","category":"environment","lens":"green_space","confidence":"documented","source_ids":["bkfu-528j"],"explanation":"Permitted event/street-use record with possible temporary access, footfall, or traffic effects."},"geometry":{"type":"Point","coordinates":[-73.9712,40.7831]}},{"type":"Feature","id":"nyc_permitted_event_14705","properties":{"city_id":"nyc","event_id":"nyc_permitted_event_14705","title":"Permitted civic event: Leap Year premiere After Party","year":2010,"effective_date":"2010-01-06","date_precision":"day","category":"environment","lens":"green_space","confidence":"documented","source_ids":["bkfu-528j"],"explanation":"Permitted event/street-use record with possible temporary access, footfall, or traffic effects."},"geometry":{"type":"Point","coordinates":[-73.9712,40.7831]}},{"type":"Feature","id":"nyc_permitted_event_14717","properties":{"city_id":"nyc","event_id":"nyc_permitted_event_14717","title":"Permitted civic event: European Preview","year":2010,"effective_date":"2010-01-12","date_precision":"day","category":"environment","lens":"green_space","confidence":"documented","source_ids":["bkfu-528j"],"explanation":"Permitted event/street-use record with possible temporary access, footfall, or traffic effects."},"geometry":{"type":"Point","coordinates":[-73.9712,40.7831]}},{"type":"Feature","id":"nyc_permitted_event_14737","properties":{"city_id":"nyc","event_id":"nyc_permitted_event_14737","title":"Permitted civic event: McDonalds Opening","year":2010,"effective_date":"2010-01-06","date_precision":"day","category":"environment","lens":"green_space","confidence":"documented","source_ids":["bkfu-528j"],"explanation":"Permitted event/street-use record with possible temporary access, footfall, or traffic effects."},"geometry":{"type":"Point","coordinates":[-73.9712,40.7831]}},{"type":"Feature","id":"nyc_permitted_event_14739","properties":{"city_id":"nyc","event_id":"nyc_permitted_event_14739","title":"Permitted civic event: HR Block Flagship Store Opening","year":2010,"effective_date":"2010-01-14","date_precision":"day","category":"environment","lens":"green_space","confidence":"documented","source_ids":["bkfu-528j"],"explanation":"Permitted event/street-use record with possible temporary access, footfall, or traffic effects."},"geometry":{"type":"Point","coordinates":[-73.9712,40.7831]}},{"type":"Feature","id":"nyc_permitted_event_14746","properties":{"city_id":"nyc","event_id":"nyc_permitted_event_14746","title":"Permitted civic event: Bernadette Aguirre","year":2010,"effective_date":"2010-01-16","date_precision":"day","category":"environment","lens":"green_space","confidence":"documented","source_ids":["bkfu-528j"],"explanation":"Permitted event/street-use record with possible temporary access, footfall, or traffic effects."},"geometry":{"type":"Point","coordinates":[-73.9712,40.7831]}},{"type":"Feature","id":"nyc_permitted_event_14751","properties":{"city_id":"nyc","event_id":"nyc_permitted_event_14751","title":"Permitted civic event: Professional Bull Riders - PBR -Truck","year":2010,"effective_date":"2010-01-07","date_precision":"day","category":"environment","lens":"green_space","confidence":"documented","source_ids":["bkfu-528j"],"explanation":"Permitted event/street-use record with possible temporary access, footfall, or traffic effects."},"geometry":{"type":"Point","coordinates":[-73.9712,40.7831]}},{"type":"Feature","id":"nyc_permitted_event_14752","properties":{"city_id":"nyc","event_id":"nyc_permitted_event_14752","title":"Permitted civic event: John Varvatos Event","year":2010,"effective_date":"2010-01-07","date_precision":"day","category":"environment","lens":"green_space","confidence":"documented","source_ids":["bkfu-528j"],"explanation":"Permitted event/street-use record with possible temporary access, footfall, or traffic effects."},"geometry":{"type":"Point","coordinates":[-73.9712,40.7831]}},{"type":"Feature","id":"nyc_permitted_event_14753","properties":{"city_id":"nyc","event_id":"nyc_permitted_event_14753","title":"Permitted civic event: Eric Daman Book Party","year":2010,"effective_date":"2010-01-12","date_precision":"day","category":"environment","lens":"green_space","confidence":"documented","source_ids":["bkfu-528j"],"explanation":"Permitted event/street-use record with possible temporary access, footfall, or traffic effects."},"geometry":{"type":"Point","coordinates":[-73.9712,40.7831]}},{"type":"Feature","id":"nyc_permitted_event_14762","properties":{"city_id":"nyc","event_id":"nyc_permitted_event_14762","title":"Permitted civic event: La Plaza De Las Americas","year":2010,"effective_date":"2010-01-30","date_precision":"day","category":"environment","lens":"green_space","confidence":"documented","source_ids":["bkfu-528j"],"explanation":"Permitted event/street-use record with possible temporary access, footfall, or traffic effects."},"geometry":{"type":"Point","coordinates":[-73.9712,40.7831]}},{"type":"Feature","id":"nyc_permitted_event_14765","properties":{"city_id":"nyc","event_id":"nyc_permitted_event_14765","title":"Permitted civic event: Fox TV 24 Hour Viewing at NYU","year":2010,"effective_date":"2010-01-14","date_precision":"day","category":"environment","lens":"green_space","confidence":"documented","source_ids":["bkfu-528j"],"explanation":"Permitted event/street-use record with possible temporary access, footfall, or traffic effects."},"geometry":{"type":"Point","coordinates":[-73.9712,40.7831]}},{"type":"Feature","id":"nyc_permitted_event_14766","properties":{"city_id":"nyc","event_id":"nyc_permitted_event_14766","title":"Permitted civic event: La Plaza De Las Americas","year":2010,"effective_date":"2010-02-02","date_precision":"day","category":"environment","lens":"green_space","confidence":"documented","source_ids":["bkfu-528j"],"explanation":"Permitted event/street-use record with possible temporary access, footfall, or traffic effects."},"geometry":{"type":"Point","coordinates":[-73.9712,40.7831]}},{"type":"Feature","id":"nyc_permitted_event_14773","properties":{"city_id":"nyc","event_id":"nyc_permitted_event_14773","title":"Permitted civic event: Kaufman Wedding","year":2010,"effective_date":"2010-01-03","date_precision":"day","category":"environment","lens":"green_space","confidence":"documented","source_ids":["bkfu-528j"],"explanation":"Permitted event/street-use record with possible temporary access, footfall, or traffic effects."},"geometry":{"type":"Point","coordinates":[-73.9712,40.7831]}},{"type":"Feature","id":"nyc_permitted_event_14794","properties":{"city_id":"nyc","event_id":"nyc_permitted_event_14794","title":"Permitted civic event: MTV Pop-Up Store","year":2010,"effective_date":"2010-01-09","date_precision":"day","category":"environment","lens":"green_space","confidence":"documented","source_ids":["bkfu-528j"],"explanation":"Permitted event/street-use record with possible temporary access, footfall, or traffic effects."},"geometry":{"type":"Point","coordinates":[-73.9712,40.7831]}},{"type":"Feature","id":"nyc_permitted_event_14795","properties":{"city_id":"nyc","event_id":"nyc_permitted_event_14795","title":"Permitted civic event: Got Milk - Times Sq Studios","year":2010,"effective_date":"2010-01-13","date_precision":"day","category":"environment","lens":"green_space","confidence":"documented","source_ids":["bkfu-528j"],"explanation":"Permitted event/street-use record with possible temporary access, footfall, or traffic effects."},"geometry":{"type":"Point","coordinates":[-73.9712,40.7831]}},{"type":"Feature","id":"nyc_permitted_event_14800","properties":{"city_id":"nyc","event_id":"nyc_permitted_event_14800","title":"Permitted civic event: Council on the Environment, Inc.","year":2010,"effective_date":"2010-01-29","date_precision":"day","category":"environment","lens":"green_space","confidence":"documented","source_ids":["bkfu-528j"],"explanation":"Permitted event/street-use record with possible temporary access, footfall, or traffic effects."},"geometry":{"type":"Point","coordinates":[-73.9712,40.7831]}},{"type":"Feature","id":"nyc_permitted_event_14803","properties":{"city_id":"nyc","event_id":"nyc_permitted_event_14803","title":"Permitted civic event: Council on the Environment, Inc.-Columbia's Thursday's Market","year":2010,"effective_date":"2010-01-28","date_precision":"day","category":"environment","lens":"green_space","confidence":"documented","source_ids":["bkfu-528j"],"explanation":"Permitted event/street-use record with possible temporary access, footfall, or traffic effects."},"geometry":{"type":"Point","coordinates":[-73.9712,40.7831]}},{"type":"Feature","id":"nyc_permitted_event_14807","properties":{"city_id":"nyc","event_id":"nyc_permitted_event_14807","title":"Permitted civic event: Council on the Environment, Inc. Columbia's Market Sunday's","year":2010,"effective_date":"2010-01-31","date_precision":"day","category":"environment","lens":"green_space","confidence":"documented","source_ids":["bkfu-528j"],"explanation":"Permitted event/street-use record with possible temporary access, footfall, or traffic effects."},"geometry":{"type":"Point","coordinates":[-73.9712,40.7831]}},{"type":"Feature","id":"nyc_permitted_event_14810","properties":{"city_id":"nyc","event_id":"nyc_permitted_event_14810","title":"Permitted civic event: Council on the Environment, Inc. Cortelyou's Market Sunday's","year":2010,"effective_date":"2010-01-31","date_precision":"day","category":"environment","lens":"green_space","confidence":"documented","source_ids":["bkfu-528j"],"explanation":"Permitted event/street-use record with possible temporary access, footfall, or traffic effects."},"geometry":{"type":"Point","coordinates":[-73.9442,40.6782]}},{"type":"Feature","id":"nyc_permitted_event_14811","properties":{"city_id":"nyc","event_id":"nyc_permitted_event_14811","title":"Permitted civic event: Council on the Environment, Inc. Inwood's Market Saturday's","year":2010,"effective_date":"2010-01-30","date_precision":"day","category":"environment","lens":"green_space","confidence":"documented","source_ids":["bkfu-528j"],"explanation":"Permitted event/street-use record with possible temporary access, footfall, or traffic effects."},"geometry":{"type":"Point","coordinates":[-73.9712,40.7831]}},{"type":"Feature","id":"nyc_permitted_event_14813","properties":{"city_id":"nyc","event_id":"nyc_permitted_event_14813","title":"Permitted civic event: Samsung Pop-Up Store","year":2010,"effective_date":"2010-01-11","date_precision":"day","category":"environment","lens":"green_space","confidence":"documented","source_ids":["bkfu-528j"],"explanation":"Permitted event/street-use record with possible temporary access, footfall, or traffic effects."},"geometry":{"type":"Point","coordinates":[-73.9712,40.7831]}},{"type":"Feature","id":"nyc_permitted_event_14814","properties":{"city_id":"nyc","event_id":"nyc_permitted_event_14814","title":"Permitted civic event: Council on the Environment, Inc.-McCarren Park Saturday's","year":2010,"effective_date":"2010-01-30","date_precision":"day","category":"environment","lens":"green_space","confidence":"documented","source_ids":["bkfu-528j"],"explanation":"Permitted event/street-use record with possible temporary access, footfall, or traffic effects."},"geometry":{"type":"Point","coordinates":[-73.9442,40.6782]}},{"type":"Feature","id":"nyc_permitted_event_14833","properties":{"city_id":"nyc","event_id":"nyc_permitted_event_14833","title":"Permitted civic event: Inauguration 2010","year":2010,"effective_date":"2010-01-01","date_precision":"day","category":"environment","lens":"green_space","confidence":"documented","source_ids":["bkfu-528j"],"explanation":"Permitted event/street-use record with possible temporary access, footfall, or traffic effects."},"geometry":{"type":"Point","coordinates":[-73.9712,40.7831]}},{"type":"Feature","id":"nyc_permitted_event_14857","properties":{"city_id":"nyc","event_id":"nyc_permitted_event_14857","title":"Permitted civic event: Alicia Keys & Friends","year":2010,"effective_date":"2010-01-07","date_precision":"day","category":"environment","lens":"green_space","confidence":"documented","source_ids":["bkfu-528j"],"explanation":"Permitted event/street-use record with possible temporary access, footfall, or traffic effects."},"geometry":{"type":"Point","coordinates":[-73.9712,40.7831]}},{"type":"Feature","id":"nyc_permitted_event_14860","properties":{"city_id":"nyc","event_id":"nyc_permitted_event_14860","title":"Permitted civic event: Project NY","year":2010,"effective_date":"2010-01-14","date_precision":"day","category":"environment","lens":"green_space","confidence":"documented","source_ids":["bkfu-528j"],"explanation":"Permitted event/street-use record with possible temporary access, footfall, or traffic effects."},"geometry":{"type":"Point","coordinates":[-73.9712,40.7831]}},{"type":"Feature","id":"nyc_permitted_event_14915","properties":{"city_id":"nyc","event_id":"nyc_permitted_event_14915","title":"Permitted civic event: The New Yorker Hotel Re-opening","year":2010,"effective_date":"2010-01-14","date_precision":"day","category":"environment","lens":"green_space","confidence":"documented","source_ids":["bkfu-528j"],"explanation":"Permitted event/street-use record with possible temporary access, footfall, or traffic effects."},"geometry":{"type":"Point","coordinates":[-73.9712,40.7831]}},{"type":"Feature","id":"nyc_permitted_event_14928","properties":{"city_id":"nyc","event_id":"nyc_permitted_event_14928","title":"Permitted civic event: Mitel Simply Communicating","year":2010,"effective_date":"2010-01-21","date_precision":"day","category":"environment","lens":"green_space","confidence":"documented","source_ids":["bkfu-528j"],"explanation":"Permitted event/street-use record with possible temporary access, footfall, or traffic effects."},"geometry":{"type":"Point","coordinates":[-73.9712,40.7831]}},{"type":"Feature","id":"nyc_permitted_event_14944","properties":{"city_id":"nyc","event_id":"nyc_permitted_event_14944","title":"Permitted civic event: Three Kings Event","year":2010,"effective_date":"2010-01-06","date_precision":"day","category":"environment","lens":"green_space","confidence":"documented","source_ids":["bkfu-528j"],"explanation":"Permitted event/street-use record with possible temporary access, footfall, or traffic effects."},"geometry":{"type":"Point","coordinates":[-73.7949,40.7282]}},{"type":"Feature","id":"nyc_permitted_event_14949","properties":{"city_id":"nyc","event_id":"nyc_permitted_event_14949","title":"Permitted civic event: L'Oreal Professional event","year":2010,"effective_date":"2010-01-27","date_precision":"day","category":"environment","lens":"green_space","confidence":"documented","source_ids":["bkfu-528j"],"explanation":"Permitted event/street-use record with possible temporary access, footfall, or traffic effects."},"geometry":{"type":"Point","coordinates":[-73.9712,40.7831]}},{"type":"Feature","id":"nyc_permitted_event_14951","properties":{"city_id":"nyc","event_id":"nyc_permitted_event_14951","title":"Permitted civic event: Project Runway Press Event","year":2010,"effective_date":"2010-01-13","date_precision":"day","category":"environment","lens":"green_space","confidence":"documented","source_ids":["bkfu-528j"],"explanation":"Permitted event/street-use record with possible temporary access, footfall, or traffic effects."},"geometry":{"type":"Point","coordinates":[-73.9712,40.7831]}},{"type":"Feature","id":"nyc_permitted_event_15004","properties":{"city_id":"nyc","event_id":"nyc_permitted_event_15004","title":"Permitted civic event: MTV Pop-UP Store","year":2010,"effective_date":"2010-01-31","date_precision":"day","category":"environment","lens":"green_space","confidence":"documented","source_ids":["bkfu-528j"],"explanation":"Permitted event/street-use record with possible temporary access, footfall, or traffic effects."},"geometry":{"type":"Point","coordinates":[-73.9712,40.7831]}},{"type":"Feature","id":"nyc_permitted_event_15005","properties":{"city_id":"nyc","event_id":"nyc_permitted_event_15005","title":"Permitted civic event: Samsung Pop-Up Store","year":2010,"effective_date":"2010-01-30","date_precision":"day","category":"environment","lens":"green_space","confidence":"documented","source_ids":["bkfu-528j"],"explanation":"Permitted event/street-use record with possible temporary access, footfall, or traffic effects."},"geometry":{"type":"Point","coordinates":[-73.9712,40.7831]}},{"type":"Feature","id":"nyc_permitted_event_15008","properties":{"city_id":"nyc","event_id":"nyc_permitted_event_15008","title":"Permitted civic event: Cipriani Gala","year":2010,"effective_date":"2010-01-11","date_precision":"day","category":"environment","lens":"green_space","confidence":"documented","source_ids":["bkfu-528j"],"explanation":"Permitted event/street-use record with possible temporary access, footfall, or traffic effects."},"geometry":{"type":"Point","coordinates":[-73.9712,40.7831]}},{"type":"Feature","id":"nyc_permitted_event_15015","properties":{"city_id":"nyc","event_id":"nyc_permitted_event_15015","title":"Permitted civic event: Fundraiser Dinner","year":2010,"effective_date":"2010-01-17","date_precision":"day","category":"environment","lens":"green_space","confidence":"documented","source_ids":["bkfu-528j"],"explanation":"Permitted event/street-use record with possible temporary access, footfall, or traffic effects."},"geometry":{"type":"Point","coordinates":[-73.9712,40.7831]}},{"type":"Feature","id":"nyc_permitted_event_15019","properties":{"city_id":"nyc","event_id":"nyc_permitted_event_15019","title":"Permitted civic event: Variety Corner/Parking of a Trailer","year":2010,"effective_date":"2010-01-21","date_precision":"day","category":"transport","lens":"traffic","confidence":"documented","source_ids":["bkfu-528j"],"explanation":"Permitted event/street-use record with possible temporary access, footfall, or traffic effects."},"geometry":{"type":"Point","coordinates":[-73.9442,40.6782]}},{"type":"Feature","id":"nyc_permitted_event_15020","properties":{"city_id":"nyc","event_id":"nyc_permitted_event_15020","title":"Permitted civic event: BE THERE NY Event","year":2010,"effective_date":"2010-01-27","date_precision":"day","category":"environment","lens":"green_space","confidence":"documented","source_ids":["bkfu-528j"],"explanation":"Permitted event/street-use record with possible temporary access, footfall, or traffic effects."},"geometry":{"type":"Point","coordinates":[-73.9442,40.6782]}},{"type":"Feature","id":"nyc_permitted_event_15024","properties":{"city_id":"nyc","event_id":"nyc_permitted_event_15024","title":"Permitted civic event: B & B Party Dist./Parking of a Trailer","year":2010,"effective_date":"2010-02-01","date_precision":"day","category":"transport","lens":"traffic","confidence":"documented","source_ids":["bkfu-528j"],"explanation":"Permitted event/street-use record with possible temporary access, footfall, or traffic effects."},"geometry":{"type":"Point","coordinates":[-73.9442,40.6782]}},{"type":"Feature","id":"nyc_permitted_event_15027","properties":{"city_id":"nyc","event_id":"nyc_permitted_event_15027","title":"Permitted civic event: Beyonce Fragrance Launch","year":2010,"effective_date":"2010-02-03","date_precision":"day","category":"environment","lens":"green_space","confidence":"documented","source_ids":["bkfu-528j"],"explanation":"Permitted event/street-use record with possible temporary access, footfall, or traffic effects."},"geometry":{"type":"Point","coordinates":[-73.9712,40.7831]}},{"type":"Feature","id":"nyc_permitted_event_15028","properties":{"city_id":"nyc","event_id":"nyc_permitted_event_15028","title":"Permitted civic event: ENK - Fashion Trade Show","year":2010,"effective_date":"2010-01-15","date_precision":"day","category":"environment","lens":"green_space","confidence":"documented","source_ids":["bkfu-528j"],"explanation":"Permitted event/street-use record with possible temporary access, footfall, or traffic effects."},"geometry":{"type":"Point","coordinates":[-73.9712,40.7831]}},{"type":"Feature","id":"nyc_permitted_event_15030","properties":{"city_id":"nyc","event_id":"nyc_permitted_event_15030","title":"Permitted civic event: Squash Tournament at Grand Central","year":2010,"effective_date":"2010-01-30","date_precision":"day","category":"environment","lens":"green_space","confidence":"documented","source_ids":["bkfu-528j"],"explanation":"Permitted event/street-use record with possible temporary access, footfall, or traffic effects."},"geometry":{"type":"Point","coordinates":[-73.9712,40.7831]}},{"type":"Feature","id":"nyc_permitted_event_15049","properties":{"city_id":"nyc","event_id":"nyc_permitted_event_15049","title":"Permitted civic event: John Starks Foundation","year":2010,"effective_date":"2010-02-02","date_precision":"day","category":"environment","lens":"green_space","confidence":"documented","source_ids":["bkfu-528j"],"explanation":"Permitted event/street-use record with possible temporary access, footfall, or traffic effects."},"geometry":{"type":"Point","coordinates":[-73.9712,40.7831]}},{"type":"Feature","id":"nyc_permitted_event_15084","properties":{"city_id":"nyc","event_id":"nyc_permitted_event_15084","title":"Permitted civic event: Restaurant Week 2010","year":2010,"effective_date":"2010-01-25","date_precision":"day","category":"environment","lens":"green_space","confidence":"documented","source_ids":["bkfu-528j"],"explanation":"Permitted event/street-use record with possible temporary access, footfall, or traffic effects."},"geometry":{"type":"Point","coordinates":[-73.9712,40.7831]}},{"type":"Feature","id":"nyc_permitted_event_15086","properties":{"city_id":"nyc","event_id":"nyc_permitted_event_15086","title":"Permitted civic event: Restaurant Week 2010 - 2nd Week","year":2010,"effective_date":"2010-02-01","date_precision":"day","category":"environment","lens":"green_space","confidence":"documented","source_ids":["bkfu-528j"],"explanation":"Permitted event/street-use record with possible temporary access, footfall, or traffic effects."},"geometry":{"type":"Point","coordinates":[-73.9712,40.7831]}},{"type":"Feature","id":"nyc_permitted_event_15105","properties":{"city_id":"nyc","event_id":"nyc_permitted_event_15105","title":"Permitted civic event: David Blaine - Haiti","year":2010,"effective_date":"2010-01-15","date_precision":"day","category":"environment","lens":"green_space","confidence":"documented","source_ids":["bkfu-528j"],"explanation":"Permitted event/street-use record with possible temporary access, footfall, or traffic effects."},"geometry":{"type":"Point","coordinates":[-73.9712,40.7831]}},{"type":"Feature","id":"nyc_permitted_event_15119","properties":{"city_id":"nyc","event_id":"nyc_permitted_event_15119","title":"Permitted civic event: Hellz Bellz Vans Shoe Lauch Event","year":2010,"effective_date":"2010-01-26","date_precision":"day","category":"environment","lens":"green_space","confidence":"documented","source_ids":["bkfu-528j"],"explanation":"Permitted event/street-use record with possible temporary access, footfall, or traffic effects."},"geometry":{"type":"Point","coordinates":[-73.9712,40.7831]}},{"type":"Feature","id":"nyc_permitted_event_15128","properties":{"city_id":"nyc","event_id":"nyc_permitted_event_15128","title":"Permitted civic event: Rites of Passage","year":2010,"effective_date":"2010-01-20","date_precision":"day","category":"environment","lens":"green_space","confidence":"documented","source_ids":["bkfu-528j"],"explanation":"Permitted event/street-use record with possible temporary access, footfall, or traffic effects."},"geometry":{"type":"Point","coordinates":[-73.9712,40.7831]}},{"type":"Feature","id":"nyc_permitted_event_15144","properties":{"city_id":"nyc","event_id":"nyc_permitted_event_15144","title":"Permitted civic event: Am. Austrialian Association","year":2010,"effective_date":"2010-01-22","date_precision":"day","category":"environment","lens":"green_space","confidence":"documented","source_ids":["bkfu-528j"],"explanation":"Permitted event/street-use record with possible temporary access, footfall, or traffic effects."},"geometry":{"type":"Point","coordinates":[-73.9712,40.7831]}},{"type":"Feature","id":"nyc_permitted_event_15150","properties":{"city_id":"nyc","event_id":"nyc_permitted_event_15150","title":"Permitted civic event: Duane Reade","year":2010,"effective_date":"2010-01-28","date_precision":"day","category":"environment","lens":"green_space","confidence":"documented","source_ids":["bkfu-528j"],"explanation":"Permitted event/street-use record with possible temporary access, footfall, or traffic effects."},"geometry":{"type":"Point","coordinates":[-73.8648,40.8448]}},{"type":"Feature","id":"nyc_permitted_event_15190","properties":{"city_id":"nyc","event_id":"nyc_permitted_event_15190","title":"Permitted civic event: Beer Bourboun BBQ","year":2010,"effective_date":"2010-01-29","date_precision":"day","category":"environment","lens":"green_space","confidence":"documented","source_ids":["bkfu-528j"],"explanation":"Permitted event/street-use record with possible temporary access, footfall, or traffic effects."},"geometry":{"type":"Point","coordinates":[-73.9712,40.7831]}},{"type":"Feature","id":"nyc_permitted_event_15191","properties":{"city_id":"nyc","event_id":"nyc_permitted_event_15191","title":"Permitted civic event: Design Industries Foundation Fighting Aids","year":2010,"effective_date":"2010-01-31","date_precision":"day","category":"environment","lens":"green_space","confidence":"documented","source_ids":["bkfu-528j"],"explanation":"Permitted event/street-use record with possible temporary access, footfall, or traffic effects."},"geometry":{"type":"Point","coordinates":[-73.9712,40.7831]}},{"type":"Feature","id":"nyc_permitted_event_15199","properties":{"city_id":"nyc","event_id":"nyc_permitted_event_15199","title":"Permitted civic event: NY Jets Pep Rally","year":2010,"effective_date":"2010-01-21","date_precision":"day","category":"environment","lens":"green_space","confidence":"documented","source_ids":["bkfu-528j"],"explanation":"Permitted event/street-use record with possible temporary access, footfall, or traffic effects."},"geometry":{"type":"Point","coordinates":[-73.9712,40.7831]}},{"type":"Feature","id":"nyc_permitted_event_15206","properties":{"city_id":"nyc","event_id":"nyc_permitted_event_15206","title":"Permitted civic event: PBS Soundstage","year":2010,"effective_date":"2010-01-26","date_precision":"day","category":"environment","lens":"green_space","confidence":"documented","source_ids":["bkfu-528j"],"explanation":"Permitted event/street-use record with possible temporary access, footfall, or traffic effects."},"geometry":{"type":"Point","coordinates":[-73.9442,40.6782]}},{"type":"Feature","id":"nyc_permitted_event_15218","properties":{"city_id":"nyc","event_id":"nyc_permitted_event_15218","title":"Permitted civic event: Bethel Holy Church of Deliverance Elevation Service","year":2010,"effective_date":"2010-01-23","date_precision":"day","category":"environment","lens":"green_space","confidence":"documented","source_ids":["bkfu-528j"],"explanation":"Permitted event/street-use record with possible temporary access, footfall, or traffic effects."},"geometry":{"type":"Point","coordinates":[-73.9712,40.7831]}},{"type":"Feature","id":"nyc_permitted_event_15238","properties":{"city_id":"nyc","event_id":"nyc_permitted_event_15238","title":"Permitted civic event: Justin Combs Birthday Party","year":2010,"effective_date":"2010-01-23","date_precision":"day","category":"environment","lens":"green_space","confidence":"documented","source_ids":["bkfu-528j"],"explanation":"Permitted event/street-use record with possible temporary access, footfall, or traffic effects."},"geometry":{"type":"Point","coordinates":[-73.9712,40.7831]}},{"type":"Feature","id":"nyc_permitted_event_15258","properties":{"city_id":"nyc","event_id":"nyc_permitted_event_15258","title":"Permitted civic event: 2010 US Census Road Tour","year":2010,"effective_date":"2010-01-28","date_precision":"day","category":"transport","lens":"traffic","confidence":"documented","source_ids":["bkfu-528j"],"explanation":"Permitted event/street-use record with possible temporary access, footfall, or traffic effects."},"geometry":{"type":"Point","coordinates":[-73.8648,40.8448]}},{"type":"Feature","id":"nyc_permitted_event_15321","properties":{"city_id":"nyc","event_id":"nyc_permitted_event_15321","title":"Permitted civic event: Book Signing","year":2010,"effective_date":"2010-01-28","date_precision":"day","category":"environment","lens":"green_space","confidence":"documented","source_ids":["bkfu-528j"],"explanation":"Permitted event/street-use record with possible temporary access, footfall, or traffic effects."},"geometry":{"type":"Point","coordinates":[-73.9712,40.7831]}},{"type":"Feature","id":"nyc_permitted_event_15330","properties":{"city_id":"nyc","event_id":"nyc_permitted_event_15330","title":"Permitted civic event: Samsung Event","year":2010,"effective_date":"2010-02-04","date_precision":"day","category":"environment","lens":"green_space","confidence":"documented","source_ids":["bkfu-528j"],"explanation":"Permitted event/street-use record with possible temporary access, footfall, or traffic effects."},"geometry":{"type":"Point","coordinates":[-73.9712,40.7831]}},{"type":"Feature","id":"nyc_permitted_event_15333","properties":{"city_id":"nyc","event_id":"nyc_permitted_event_15333","title":"Permitted civic event: Lumenhaus Exhibit","year":2010,"effective_date":"2010-01-27","date_precision":"day","category":"environment","lens":"green_space","confidence":"documented","source_ids":["bkfu-528j"],"explanation":"Permitted event/street-use record with possible temporary access, footfall, or traffic effects."},"geometry":{"type":"Point","coordinates":[-73.9712,40.7831]}},{"type":"Feature","id":"nyc_permitted_event_15371","properties":{"city_id":"nyc","event_id":"nyc_permitted_event_15371","title":"Permitted civic event: KCD Fashion Events","year":2010,"effective_date":"2010-02-04","date_precision":"day","category":"environment","lens":"green_space","confidence":"documented","source_ids":["bkfu-528j"],"explanation":"Permitted event/street-use record with possible temporary access, footfall, or traffic effects."},"geometry":{"type":"Point","coordinates":[-73.9712,40.7831]}}]}
