{"type":"FeatureCollection","schema_version":"1.0.0","city_id":"nyc","year":2013,"features":[{"type":"Feature","id":"nyc-milestone-2013-citi-bike-launches-16","properties":{"city_id":"nyc","event_id":"nyc-milestone-2013-citi-bike-launches-16","title":"Citi Bike launches","year":2013,"effective_date":"2013","date_precision":"year","category":"transport","lens":"traffic","confidence":"documented","source_ids":["c9sj-fmsg","tqtj-sjs8","i6b5-j7bu"],"explanation":"Bike-share mode shift and cycling infrastructure expansion"},"geometry":{"type":"Point","coordinates":[-73.9851,40.7306]}},{"type":"Feature","id":"nyc_certificate_occupancy_100977098","properties":{"city_id":"nyc","event_id":"nyc_certificate_occupancy_100977098","title":"Certificate of occupancy issued: 583 BROADWAY, Manhattan","year":2013,"effective_date":"2013-01-03","date_precision":"day","category":"transport","lens":"traffic","confidence":"documented","source_ids":["bs8b-p36w"],"explanation":"Certificate of occupancy Temporary for job 100977098 at 583 BROADWAY."},"geometry":{"type":"Point","coordinates":[-73.99741,40.724694]}},{"type":"Feature","id":"nyc_certificate_occupancy_101053903","properties":{"city_id":"nyc","event_id":"nyc_certificate_occupancy_101053903","title":"Certificate of occupancy issued: 100 WASHINGTON SQUARE EAST, Manhattan","year":2013,"effective_date":"2013-01-04","date_precision":"day","category":"built_environment","lens":"built_environment","confidence":"documented","source_ids":["bs8b-p36w"],"explanation":"Certificate of occupancy Temporary for job 101053903 at 100 WASHINGTON SQUARE EAST."},"geometry":{"type":"Point","coordinates":[-73.995706,40.73054]}},{"type":"Feature","id":"nyc_certificate_occupancy_101311849","properties":{"city_id":"nyc","event_id":"nyc_certificate_occupancy_101311849","title":"Certificate of occupancy issued: 29 EAST 10 STREET, Manhattan","year":2013,"effective_date":"2013-01-03","date_precision":"day","category":"environment","lens":"green_space","confidence":"documented","source_ids":["bs8b-p36w"],"explanation":"Certificate of occupancy Temporary for job 101311849 at 29 EAST 10 STREET."},"geometry":{"type":"Point","coordinates":[-73.99318,40.732472]}},{"type":"Feature","id":"nyc_certificate_occupancy_102172845","properties":{"city_id":"nyc","event_id":"nyc_certificate_occupancy_102172845","title":"Certificate of occupancy issued: 200 WEST 24 STREET, Manhattan","year":2013,"effective_date":"2013-01-03","date_precision":"day","category":"environment","lens":"green_space","confidence":"documented","source_ids":["bs8b-p36w"],"explanation":"Certificate of occupancy Temporary for job 102172845 at 200 WEST 24 STREET."},"geometry":{"type":"Point","coordinates":[-73.995561,40.744923]}},{"type":"Feature","id":"nyc_certificate_occupancy_102429677","properties":{"city_id":"nyc","event_id":"nyc_certificate_occupancy_102429677","title":"Certificate of occupancy issued: 101 GREENE STREET, Manhattan","year":2013,"effective_date":"2013-01-04","date_precision":"day","category":"environment","lens":"green_space","confidence":"documented","source_ids":["bs8b-p36w"],"explanation":"Certificate of occupancy Temporary for job 102429677 at 101 GREENE STREET."},"geometry":{"type":"Point","coordinates":[-73.999888,40.724378]}},{"type":"Feature","id":"nyc_certificate_occupancy_102639290","properties":{"city_id":"nyc","event_id":"nyc_certificate_occupancy_102639290","title":"Certificate of occupancy issued: 218 WEST 42 STREET, Manhattan","year":2013,"effective_date":"2013-01-03","date_precision":"day","category":"environment","lens":"green_space","confidence":"documented","source_ids":["bs8b-p36w"],"explanation":"Certificate of occupancy Temporary for job 102639290 at 218 WEST 42 STREET."},"geometry":{"type":"Point","coordinates":[-73.987789,40.756382]}},{"type":"Feature","id":"nyc_certificate_occupancy_103065772","properties":{"city_id":"nyc","event_id":"nyc_certificate_occupancy_103065772","title":"Certificate of occupancy issued: 150 EAST 50 STREET, Manhattan","year":2013,"effective_date":"2013-01-03","date_precision":"day","category":"environment","lens":"green_space","confidence":"documented","source_ids":["bs8b-p36w"],"explanation":"Certificate of occupancy Temporary for job 103065772 at 150 EAST 50 STREET."},"geometry":{"type":"Point","coordinates":[-73.971752,40.75623]}},{"type":"Feature","id":"nyc_certificate_occupancy_103164415","properties":{"city_id":"nyc","event_id":"nyc_certificate_occupancy_103164415","title":"Certificate of occupancy issued: 640 5 AVENUE, Manhattan","year":2013,"effective_date":"2013-01-03","date_precision":"day","category":"built_environment","lens":"built_environment","confidence":"documented","source_ids":["bs8b-p36w"],"explanation":"Certificate of occupancy Temporary for job 103164415 at 640 5 AVENUE."},"geometry":{"type":"Point","coordinates":[-73.977122,40.759432]}},{"type":"Feature","id":"nyc_certificate_occupancy_103364734","properties":{"city_id":"nyc","event_id":"nyc_certificate_occupancy_103364734","title":"Certificate of occupancy issued: 30 EAST 68 STREET, Manhattan","year":2013,"effective_date":"2013-01-03","date_precision":"day","category":"environment","lens":"green_space","confidence":"documented","source_ids":["bs8b-p36w"],"explanation":"Certificate of occupancy Temporary for job 103364734 at 30 EAST 68 STREET."},"geometry":{"type":"Point","coordinates":[-73.967086,40.769121]}},{"type":"Feature","id":"nyc_certificate_occupancy_104166466","properties":{"city_id":"nyc","event_id":"nyc_certificate_occupancy_104166466","title":"Certificate of occupancy issued: 1 EAST 35 STREET, Manhattan","year":2013,"effective_date":"2013-01-03","date_precision":"day","category":"environment","lens":"green_space","confidence":"documented","source_ids":["bs8b-p36w"],"explanation":"Certificate of occupancy Temporary for job 104166466 at 1 EAST 35 STREET."},"geometry":{"type":"Point","coordinates":[-73.983831,40.749009]}},{"type":"Feature","id":"nyc_certificate_occupancy_104192758","properties":{"city_id":"nyc","event_id":"nyc_certificate_occupancy_104192758","title":"Certificate of occupancy issued: 2 RIVER TERRACE, Manhattan","year":2013,"effective_date":"2013-01-03","date_precision":"day","category":"built_environment","lens":"built_environment","confidence":"documented","source_ids":["bs8b-p36w"],"explanation":"Certificate of occupancy Temporary for job 104192758 at 2 RIVER TERRACE."},"geometry":{"type":"Point","coordinates":[-74.016644,40.715539]}},{"type":"Feature","id":"nyc_certificate_occupancy_104214814","properties":{"city_id":"nyc","event_id":"nyc_certificate_occupancy_104214814","title":"Certificate of occupancy issued: 166 PERRY STREET, Manhattan","year":2013,"effective_date":"2013-01-03","date_precision":"day","category":"environment","lens":"green_space","confidence":"documented","source_ids":["bs8b-p36w"],"explanation":"Certificate of occupancy Temporary for job 104214814 at 166 PERRY STREET."},"geometry":{"type":"Point","coordinates":[-74.009277,40.734687]}},{"type":"Feature","id":"nyc_certificate_occupancy_104229504","properties":{"city_id":"nyc","event_id":"nyc_certificate_occupancy_104229504","title":"Certificate of occupancy issued: 130 EAST 59 STREET, Manhattan","year":2013,"effective_date":"2013-01-03","date_precision":"day","category":"environment","lens":"green_space","confidence":"documented","source_ids":["bs8b-p36w"],"explanation":"Certificate of occupancy Temporary for job 104229504 at 130 EAST 59 STREET."},"geometry":{"type":"Point","coordinates":[-73.96854,40.762367]}},{"type":"Feature","id":"nyc_certificate_occupancy_104276347","properties":{"city_id":"nyc","event_id":"nyc_certificate_occupancy_104276347","title":"Certificate of occupancy issued: 84 BEDFORD STREET, Manhattan","year":2013,"effective_date":"2013-01-03","date_precision":"day","category":"environment","lens":"green_space","confidence":"documented","source_ids":["bs8b-p36w"],"explanation":"Certificate of occupancy Temporary for job 104276347 at 84 BEDFORD STREET."},"geometry":{"type":"Point","coordinates":[-74.005192,40.732003]}},{"type":"Feature","id":"nyc_certificate_occupancy_104391711","properties":{"city_id":"nyc","event_id":"nyc_certificate_occupancy_104391711","title":"Certificate of occupancy issued: 133 FIFTH AVENUE, Manhattan","year":2013,"effective_date":"2013-01-03","date_precision":"day","category":"built_environment","lens":"built_environment","confidence":"documented","source_ids":["bs8b-p36w"],"explanation":"Certificate of occupancy Temporary for job 104391711 at 133 FIFTH AVENUE."},"geometry":{"type":"Point","coordinates":[-73.991004,40.739581]}},{"type":"Feature","id":"nyc_certificate_occupancy_104419773","properties":{"city_id":"nyc","event_id":"nyc_certificate_occupancy_104419773","title":"Certificate of occupancy issued: 1 NEW YORK PLAZA, Manhattan","year":2013,"effective_date":"2013-01-03","date_precision":"day","category":"built_environment","lens":"built_environment","confidence":"documented","source_ids":["bs8b-p36w"],"explanation":"Certificate of occupancy Temporary for job 104419773 at 1 NEW YORK PLAZA."},"geometry":{"type":"Point","coordinates":[-74.012562,40.70254]}},{"type":"Feature","id":"nyc_certificate_occupancy_104487734","properties":{"city_id":"nyc","event_id":"nyc_certificate_occupancy_104487734","title":"Certificate of occupancy issued: 133 WEST 22 STREET, Manhattan","year":2013,"effective_date":"2013-01-03","date_precision":"day","category":"environment","lens":"green_space","confidence":"documented","source_ids":["bs8b-p36w"],"explanation":"Certificate of occupancy Temporary for job 104487734 at 133 WEST 22 STREET."},"geometry":{"type":"Point","coordinates":[-73.99436,40.742694]}},{"type":"Feature","id":"nyc_certificate_occupancy_104547359","properties":{"city_id":"nyc","event_id":"nyc_certificate_occupancy_104547359","title":"Certificate of occupancy issued: 486 BROADWAY, Manhattan","year":2013,"effective_date":"2013-01-03","date_precision":"day","category":"transport","lens":"traffic","confidence":"documented","source_ids":["bs8b-p36w"],"explanation":"Certificate of occupancy Temporary for job 104547359 at 486 BROADWAY."},"geometry":{"type":"Point","coordinates":[-73.999964,40.721645]}},{"type":"Feature","id":"nyc_certificate_occupancy_104612402","properties":{"city_id":"nyc","event_id":"nyc_certificate_occupancy_104612402","title":"Certificate of occupancy issued: 21-23 WEST 37 STREET, Manhattan","year":2013,"effective_date":"2013-01-03","date_precision":"day","category":"environment","lens":"green_space","confidence":"documented","source_ids":["bs8b-p36w"],"explanation":"Certificate of occupancy Temporary for job 104612402 at 21-23 WEST 37 STREET."},"geometry":{"type":"Point","coordinates":[-73.984112,40.750746]}},{"type":"Feature","id":"nyc_certificate_occupancy_104626031","properties":{"city_id":"nyc","event_id":"nyc_certificate_occupancy_104626031","title":"Certificate of occupancy issued: 350 WEST 37 STREET, Manhattan","year":2013,"effective_date":"2013-01-03","date_precision":"day","category":"environment","lens":"green_space","confidence":"documented","source_ids":["bs8b-p36w"],"explanation":"Certificate of occupancy Temporary for job 104626031 at 350 WEST 37 STREET."},"geometry":{"type":"Point","coordinates":[-73.993525,40.754694]}},{"type":"Feature","id":"nyc_certificate_occupancy_104682087","properties":{"city_id":"nyc","event_id":"nyc_certificate_occupancy_104682087","title":"Certificate of occupancy issued: 520 8 AVENUE, Manhattan","year":2013,"effective_date":"2013-01-03","date_precision":"day","category":"built_environment","lens":"built_environment","confidence":"documented","source_ids":["bs8b-p36w"],"explanation":"Certificate of occupancy Final for job 104682087 at 520 8 AVENUE."},"geometry":{"type":"Point","coordinates":[-73.992417,40.753612]}},{"type":"Feature","id":"nyc_certificate_occupancy_104741193","properties":{"city_id":"nyc","event_id":"nyc_certificate_occupancy_104741193","title":"Certificate of occupancy issued: 1372 BROADWAY, Manhattan","year":2013,"effective_date":"2013-01-03","date_precision":"day","category":"transport","lens":"traffic","confidence":"documented","source_ids":["bs8b-p36w"],"explanation":"Certificate of occupancy Temporary for job 104741193 at 1372 BROADWAY."},"geometry":{"type":"Point","coordinates":[-73.987454,40.75227]}},{"type":"Feature","id":"nyc_certificate_occupancy_104878839","properties":{"city_id":"nyc","event_id":"nyc_certificate_occupancy_104878839","title":"Certificate of occupancy issued: 30 WEST 31 STREET, Manhattan","year":2013,"effective_date":"2013-01-03","date_precision":"day","category":"environment","lens":"green_space","confidence":"documented","source_ids":["bs8b-p36w"],"explanation":"Certificate of occupancy Temporary for job 104878839 at 30 WEST 31 STREET."},"geometry":{"type":"Point","coordinates":[-73.987361,40.747123]}},{"type":"Feature","id":"nyc_certificate_occupancy_104884029","properties":{"city_id":"nyc","event_id":"nyc_certificate_occupancy_104884029","title":"Certificate of occupancy issued: 129 WEST 29 STREET, Manhattan","year":2013,"effective_date":"2013-01-03","date_precision":"day","category":"environment","lens":"green_space","confidence":"documented","source_ids":["bs8b-p36w"],"explanation":"Certificate of occupancy Temporary for job 104884029 at 129 WEST 29 STREET."},"geometry":{"type":"Point","coordinates":[-73.991057,40.747085]}},{"type":"Feature","id":"nyc_certificate_occupancy_104888702","properties":{"city_id":"nyc","event_id":"nyc_certificate_occupancy_104888702","title":"Certificate of occupancy issued: 117 WEST 123 STREET, Manhattan","year":2013,"effective_date":"2013-01-03","date_precision":"day","category":"environment","lens":"green_space","confidence":"documented","source_ids":["bs8b-p36w"],"explanation":"Certificate of occupancy Temporary for job 104888702 at 117 WEST 123 STREET."},"geometry":{"type":"Point","coordinates":[-73.947207,40.806807]}},{"type":"Feature","id":"nyc_certificate_occupancy_104891333","properties":{"city_id":"nyc","event_id":"nyc_certificate_occupancy_104891333","title":"Certificate of occupancy issued: 1 WEST 72 STREET, Manhattan","year":2013,"effective_date":"2013-01-02","date_precision":"day","category":"environment","lens":"green_space","confidence":"documented","source_ids":["bs8b-p36w"],"explanation":"Certificate of occupancy Final for job 104891333 at 1 WEST 72 STREET."},"geometry":{"type":"Point","coordinates":[-73.976365,40.776403]}},{"type":"Feature","id":"nyc_certificate_occupancy_110124464","properties":{"city_id":"nyc","event_id":"nyc_certificate_occupancy_110124464","title":"Certificate of occupancy issued: 194 AVE A, Manhattan","year":2013,"effective_date":"2013-01-03","date_precision":"day","category":"built_environment","lens":"built_environment","confidence":"documented","source_ids":["bs8b-p36w"],"explanation":"Certificate of occupancy Final for job 110124464 at 194 AVE A."},"geometry":{"type":"Point","coordinates":[-73.981206,40.729235]}},{"type":"Feature","id":"nyc_certificate_occupancy_110167373","properties":{"city_id":"nyc","event_id":"nyc_certificate_occupancy_110167373","title":"Certificate of occupancy issued: 711 WEST 168TH STREET, Manhattan","year":2013,"effective_date":"2013-01-03","date_precision":"day","category":"environment","lens":"green_space","confidence":"documented","source_ids":["bs8b-p36w"],"explanation":"Certificate of occupancy Temporary for job 110167373 at 711 WEST 168TH STREET."},"geometry":{"type":"Point","coordinates":[-73.942481,40.842259]}},{"type":"Feature","id":"nyc_certificate_occupancy_110203681","properties":{"city_id":"nyc","event_id":"nyc_certificate_occupancy_110203681","title":"Certificate of occupancy issued: 520 MADISON AVENUE, Manhattan","year":2013,"effective_date":"2013-01-03","date_precision":"day","category":"built_environment","lens":"built_environment","confidence":"documented","source_ids":["bs8b-p36w"],"explanation":"Certificate of occupancy Temporary for job 110203681 at 520 MADISON AVENUE."},"geometry":{"type":"Point","coordinates":[-73.974768,40.760107]}},{"type":"Feature","id":"nyc_certificate_occupancy_110342549","properties":{"city_id":"nyc","event_id":"nyc_certificate_occupancy_110342549","title":"Certificate of occupancy issued: 450 WEST 15 STREET, Manhattan","year":2013,"effective_date":"2013-01-03","date_precision":"day","category":"environment","lens":"green_space","confidence":"documented","source_ids":["bs8b-p36w"],"explanation":"Certificate of occupancy Temporary for job 110342549 at 450 WEST 15 STREET."},"geometry":{"type":"Point","coordinates":[-74.006842,40.742463]}},{"type":"Feature","id":"nyc_certificate_occupancy_110403108","properties":{"city_id":"nyc","event_id":"nyc_certificate_occupancy_110403108","title":"Certificate of occupancy issued: 2328 12TH AVENUE, Manhattan","year":2013,"effective_date":"2013-01-03","date_precision":"day","category":"built_environment","lens":"built_environment","confidence":"documented","source_ids":["bs8b-p36w"],"explanation":"Certificate of occupancy Temporary for job 110403108 at 2328 12TH AVENUE."},"geometry":{"type":"Point","coordinates":[-73.959196,40.819572]}},{"type":"Feature","id":"nyc_certificate_occupancy_110414999","properties":{"city_id":"nyc","event_id":"nyc_certificate_occupancy_110414999","title":"Certificate of occupancy issued: 323 6 AVENUE, Manhattan","year":2013,"effective_date":"2013-01-03","date_precision":"day","category":"built_environment","lens":"built_environment","confidence":"documented","source_ids":["bs8b-p36w"],"explanation":"Certificate of occupancy Temporary for job 110414999 at 323 6 AVENUE."},"geometry":{"type":"Point","coordinates":[-74.001353,40.731166]}},{"type":"Feature","id":"nyc_certificate_occupancy_120090481","properties":{"city_id":"nyc","event_id":"nyc_certificate_occupancy_120090481","title":"Certificate of occupancy issued: 229 WEST 43RD STREET, Manhattan","year":2013,"effective_date":"2013-01-03","date_precision":"day","category":"environment","lens":"green_space","confidence":"documented","source_ids":["bs8b-p36w"],"explanation":"Certificate of occupancy Temporary for job 120090481 at 229 WEST 43RD STREET."},"geometry":{"type":"Point","coordinates":[-73.987446,40.757136]}},{"type":"Feature","id":"nyc_certificate_occupancy_120152244","properties":{"city_id":"nyc","event_id":"nyc_certificate_occupancy_120152244","title":"Certificate of occupancy issued: 1442 FIRST AVENUE, Manhattan","year":2013,"effective_date":"2013-01-03","date_precision":"day","category":"built_environment","lens":"built_environment","confidence":"documented","source_ids":["bs8b-p36w"],"explanation":"Certificate of occupancy Temporary for job 120152244 at 1442 FIRST AVENUE."},"geometry":{"type":"Point","coordinates":[-73.954638,40.769655]}},{"type":"Feature","id":"nyc_certificate_occupancy_120178994","properties":{"city_id":"nyc","event_id":"nyc_certificate_occupancy_120178994","title":"Certificate of occupancy issued: 30 WEST END AVENUE, Manhattan","year":2013,"effective_date":"2013-01-02","date_precision":"day","category":"built_environment","lens":"built_environment","confidence":"documented","source_ids":["bs8b-p36w"],"explanation":"Certificate of occupancy Temporary for job 120178994 at 30 WEST END AVENUE."},"geometry":{"type":"Point","coordinates":[-73.989739,40.772573]}},{"type":"Feature","id":"nyc_certificate_occupancy_120193977","properties":{"city_id":"nyc","event_id":"nyc_certificate_occupancy_120193977","title":"Certificate of occupancy issued: 139 SPRING STREET, Manhattan","year":2013,"effective_date":"2013-01-03","date_precision":"day","category":"environment","lens":"green_space","confidence":"documented","source_ids":["bs8b-p36w"],"explanation":"Certificate of occupancy Temporary for job 120193977 at 139 SPRING STREET."},"geometry":{"type":"Point","coordinates":[-74.000942,40.724087]}},{"type":"Feature","id":"nyc_certificate_occupancy_120444297","properties":{"city_id":"nyc","event_id":"nyc_certificate_occupancy_120444297","title":"Certificate of occupancy issued: 2153 EIGHTH AVENUE, Manhattan","year":2013,"effective_date":"2013-01-03","date_precision":"day","category":"built_environment","lens":"built_environment","confidence":"documented","source_ids":["bs8b-p36w"],"explanation":"Certificate of occupancy Final for job 120444297 at 2153 EIGHTH AVENUE."},"geometry":{"type":"Point","coordinates":[-73.955304,40.804524]}},{"type":"Feature","id":"nyc_certificate_occupancy_120583065","properties":{"city_id":"nyc","event_id":"nyc_certificate_occupancy_120583065","title":"Certificate of occupancy issued: 1 MADISON AVE, Manhattan","year":2013,"effective_date":"2013-01-03","date_precision":"day","category":"built_environment","lens":"built_environment","confidence":"documented","source_ids":["bs8b-p36w"],"explanation":"Certificate of occupancy Temporary for job 120583065 at 1 MADISON AVE."},"geometry":{"type":"Point","coordinates":[-73.987947,40.740909]}},{"type":"Feature","id":"nyc_certificate_occupancy_120591412","properties":{"city_id":"nyc","event_id":"nyc_certificate_occupancy_120591412","title":"Certificate of occupancy issued: 620 AVENUE OF THE AMERICAS, Manhattan","year":2013,"effective_date":"2013-01-03","date_precision":"day","category":"built_environment","lens":"built_environment","confidence":"documented","source_ids":["bs8b-p36w"],"explanation":"Certificate of occupancy Temporary for job 120591412 at 620 AVENUE OF THE AMERICAS."},"geometry":{"type":"Point","coordinates":[-73.994843,40.740081]}},{"type":"Feature","id":"nyc_certificate_occupancy_120639309","properties":{"city_id":"nyc","event_id":"nyc_certificate_occupancy_120639309","title":"Certificate of occupancy issued: 90 PARK AVENUE, Manhattan","year":2013,"effective_date":"2013-01-03","date_precision":"day","category":"environment","lens":"green_space","confidence":"documented","source_ids":["bs8b-p36w"],"explanation":"Certificate of occupancy Temporary for job 120639309 at 90 PARK AVENUE."},"geometry":{"type":"Point","coordinates":[-73.978865,40.750504]}},{"type":"Feature","id":"nyc_certificate_occupancy_120684928","properties":{"city_id":"nyc","event_id":"nyc_certificate_occupancy_120684928","title":"Certificate of occupancy issued: 78 RIVINGTON STREET, Manhattan","year":2013,"effective_date":"2013-01-03","date_precision":"day","category":"environment","lens":"green_space","confidence":"documented","source_ids":["bs8b-p36w"],"explanation":"Certificate of occupancy Temporary for job 120684928 at 78 RIVINGTON STREET."},"geometry":{"type":"Point","coordinates":[-73.989379,40.72039]}},{"type":"Feature","id":"nyc_certificate_occupancy_120818856","properties":{"city_id":"nyc","event_id":"nyc_certificate_occupancy_120818856","title":"Certificate of occupancy issued: 321 WEST 44TH STREET, Manhattan","year":2013,"effective_date":"2013-01-03","date_precision":"day","category":"environment","lens":"green_space","confidence":"documented","source_ids":["bs8b-p36w"],"explanation":"Certificate of occupancy Temporary for job 120818856 at 321 WEST 44TH STREET."},"geometry":{"type":"Point","coordinates":[-73.989669,40.75889]}},{"type":"Feature","id":"nyc_certificate_occupancy_120911184","properties":{"city_id":"nyc","event_id":"nyc_certificate_occupancy_120911184","title":"Certificate of occupancy issued: 222 WEST HOUSTON, Manhattan","year":2013,"effective_date":"2013-01-02","date_precision":"day","category":"built_environment","lens":"built_environment","confidence":"documented","source_ids":["bs8b-p36w"],"explanation":"Certificate of occupancy Temporary for job 120911184 at 222 WEST HOUSTON."},"geometry":{"type":"Point","coordinates":[-74.004647,40.728548]}},{"type":"Feature","id":"nyc_certificate_occupancy_120932562","properties":{"city_id":"nyc","event_id":"nyc_certificate_occupancy_120932562","title":"Certificate of occupancy issued: 9 WEST 57TH STREET, Manhattan","year":2013,"effective_date":"2013-01-03","date_precision":"day","category":"environment","lens":"green_space","confidence":"documented","source_ids":["bs8b-p36w"],"explanation":"Certificate of occupancy Temporary for job 120932562 at 9 WEST 57TH STREET."},"geometry":{"type":"Point","coordinates":[-73.974633,40.763255]}},{"type":"Feature","id":"nyc_certificate_occupancy_120988752","properties":{"city_id":"nyc","event_id":"nyc_certificate_occupancy_120988752","title":"Certificate of occupancy issued: 30 ROCKEFELLER PLAZA, Manhattan","year":2013,"effective_date":"2013-01-03","date_precision":"day","category":"built_environment","lens":"built_environment","confidence":"documented","source_ids":["bs8b-p36w"],"explanation":"Certificate of occupancy Temporary for job 120988752 at 30 ROCKEFELLER PLAZA."},"geometry":{"type":"Point","coordinates":[-73.978692,40.758754]}},{"type":"Feature","id":"nyc_certificate_occupancy_200387492","properties":{"city_id":"nyc","event_id":"nyc_certificate_occupancy_200387492","title":"Certificate of occupancy issued: 1919 WILLIAMSBRIDGE ROAD, Bronx","year":2013,"effective_date":"2013-01-02","date_precision":"day","category":"transport","lens":"traffic","confidence":"documented","source_ids":["bs8b-p36w"],"explanation":"Certificate of occupancy Temporary for job 200387492 at 1919 WILLIAMSBRIDGE ROAD."},"geometry":{"type":"Point","coordinates":[-73.853325,40.852799]}},{"type":"Feature","id":"nyc_certificate_occupancy_200910540","properties":{"city_id":"nyc","event_id":"nyc_certificate_occupancy_200910540","title":"Certificate of occupancy issued: 3205 ARLINGTON AVENUE, Bronx","year":2013,"effective_date":"2013-01-02","date_precision":"day","category":"built_environment","lens":"built_environment","confidence":"documented","source_ids":["bs8b-p36w"],"explanation":"Certificate of occupancy Temporary for job 200910540 at 3205 ARLINGTON AVENUE."},"geometry":{"type":"Point","coordinates":[-73.912409,40.884371]}},{"type":"Feature","id":"nyc_certificate_occupancy_200974311","properties":{"city_id":"nyc","event_id":"nyc_certificate_occupancy_200974311","title":"Certificate of occupancy issued: 305 EAST 207 STREET, Bronx","year":2013,"effective_date":"2013-01-03","date_precision":"day","category":"environment","lens":"green_space","confidence":"documented","source_ids":["bs8b-p36w"],"explanation":"Certificate of occupancy Temporary for job 200974311 at 305 EAST 207 STREET."},"geometry":{"type":"Point","coordinates":[-73.876262,40.875448]}},{"type":"Feature","id":"nyc_certificate_occupancy_201054483","properties":{"city_id":"nyc","event_id":"nyc_certificate_occupancy_201054483","title":"Certificate of occupancy issued: 3042 BAINBRIDGE AVENUE, Bronx","year":2013,"effective_date":"2013-01-03","date_precision":"day","category":"built_environment","lens":"built_environment","confidence":"documented","source_ids":["bs8b-p36w"],"explanation":"Certificate of occupancy Temporary for job 201054483 at 3042 BAINBRIDGE AVENUE."},"geometry":{"type":"Point","coordinates":[-73.880283,40.873102]}},{"type":"Feature","id":"nyc_certificate_occupancy_210059951","properties":{"city_id":"nyc","event_id":"nyc_certificate_occupancy_210059951","title":"Certificate of occupancy issued: 2129 WHITE PLAINS ROAD, Bronx","year":2013,"effective_date":"2013-01-02","date_precision":"day","category":"transport","lens":"traffic","confidence":"documented","source_ids":["bs8b-p36w"],"explanation":"Certificate of occupancy Temporary for job 210059951 at 2129 WHITE PLAINS ROAD."},"geometry":{"type":"Point","coordinates":[-73.867723,40.854222]}},{"type":"Feature","id":"nyc_certificate_occupancy_210122259","properties":{"city_id":"nyc","event_id":"nyc_certificate_occupancy_210122259","title":"Certificate of occupancy issued: 1710 VYSE AVENUE, Bronx","year":2013,"effective_date":"2013-01-02","date_precision":"day","category":"built_environment","lens":"built_environment","confidence":"documented","source_ids":["bs8b-p36w"],"explanation":"Certificate of occupancy Temporary for job 210122259 at 1710 VYSE AVENUE."},"geometry":{"type":"Point","coordinates":[-73.886446,40.83594]}},{"type":"Feature","id":"nyc_certificate_occupancy_220044896","properties":{"city_id":"nyc","event_id":"nyc_certificate_occupancy_220044896","title":"Certificate of occupancy issued: 430 WEST 238 STREET, Bronx","year":2013,"effective_date":"2013-01-02","date_precision":"day","category":"environment","lens":"green_space","confidence":"documented","source_ids":["bs8b-p36w"],"explanation":"Certificate of occupancy Final for job 220044896 at 430 WEST 238 STREET."},"geometry":{"type":"Point","coordinates":[-73.904319,40.887115]}},{"type":"Feature","id":"nyc_certificate_occupancy_220093672","properties":{"city_id":"nyc","event_id":"nyc_certificate_occupancy_220093672","title":"Certificate of occupancy issued: 612 E228 STREET, Bronx","year":2013,"effective_date":"2013-01-03","date_precision":"day","category":"environment","lens":"green_space","confidence":"documented","source_ids":["bs8b-p36w"],"explanation":"Certificate of occupancy Final for job 220093672 at 612 E228 STREET."},"geometry":{"type":"Point","coordinates":[-73.862453,40.89092]}},{"type":"Feature","id":"nyc_certificate_occupancy_220093681","properties":{"city_id":"nyc","event_id":"nyc_certificate_occupancy_220093681","title":"Certificate of occupancy issued: 614 E228 STREET, Bronx","year":2013,"effective_date":"2013-01-03","date_precision":"day","category":"environment","lens":"green_space","confidence":"documented","source_ids":["bs8b-p36w"],"explanation":"Certificate of occupancy Final for job 220093681 at 614 E228 STREET."},"geometry":{"type":"Point","coordinates":[-73.862377,40.890898]}},{"type":"Feature","id":"nyc_certificate_occupancy_220093734","properties":{"city_id":"nyc","event_id":"nyc_certificate_occupancy_220093734","title":"Certificate of occupancy issued: 616 E228 STREET, Bronx","year":2013,"effective_date":"2013-01-03","date_precision":"day","category":"environment","lens":"green_space","confidence":"documented","source_ids":["bs8b-p36w"],"explanation":"Certificate of occupancy Final for job 220093734 at 616 E228 STREET."},"geometry":{"type":"Point","coordinates":[-73.862301,40.890873]}},{"type":"Feature","id":"nyc_certificate_occupancy_220112857","properties":{"city_id":"nyc","event_id":"nyc_certificate_occupancy_220112857","title":"Certificate of occupancy issued: 910 E 172 STREET, Bronx","year":2013,"effective_date":"2013-01-03","date_precision":"day","category":"environment","lens":"green_space","confidence":"documented","source_ids":["bs8b-p36w"],"explanation":"Certificate of occupancy Temporary for job 220112857 at 910 E 172 STREET."},"geometry":{"type":"Point","coordinates":[-73.890157,40.834198]}},{"type":"Feature","id":"nyc_certificate_occupancy_300427553","properties":{"city_id":"nyc","event_id":"nyc_certificate_occupancy_300427553","title":"Certificate of occupancy issued: 442 NEWPORT STREET, Brooklyn","year":2013,"effective_date":"2013-01-02","date_precision":"day","category":"environment","lens":"green_space","confidence":"documented","source_ids":["bs8b-p36w"],"explanation":"Certificate of occupancy Final for job 300427553 at 442 NEWPORT STREET."},"geometry":{"type":"Point","coordinates":[-73.898408,40.660916]}},{"type":"Feature","id":"nyc_certificate_occupancy_301007577","properties":{"city_id":"nyc","event_id":"nyc_certificate_occupancy_301007577","title":"Certificate of occupancy issued: 112 WASHINGTON AVENUE, Brooklyn","year":2013,"effective_date":"2013-01-02","date_precision":"day","category":"built_environment","lens":"built_environment","confidence":"documented","source_ids":["bs8b-p36w"],"explanation":"Certificate of occupancy Final for job 301007577 at 112 WASHINGTON AVENUE."},"geometry":{"type":"Point","coordinates":[-73.967234,40.695046]}},{"type":"Feature","id":"nyc_certificate_occupancy_301242368","properties":{"city_id":"nyc","event_id":"nyc_certificate_occupancy_301242368","title":"Certificate of occupancy issued: 23 LORIMER STREET, Brooklyn","year":2013,"effective_date":"2013-01-02","date_precision":"day","category":"environment","lens":"green_space","confidence":"documented","source_ids":["bs8b-p36w"],"explanation":"Certificate of occupancy Final for job 301242368 at 23 LORIMER STREET."},"geometry":{"type":"Point","coordinates":[-73.953076,40.70075]}},{"type":"Feature","id":"nyc_certificate_occupancy_301295596","properties":{"city_id":"nyc","event_id":"nyc_certificate_occupancy_301295596","title":"Certificate of occupancy issued: 527 MYRTLE AVENUE, Brooklyn","year":2013,"effective_date":"2013-01-03","date_precision":"day","category":"built_environment","lens":"built_environment","confidence":"documented","source_ids":["bs8b-p36w"],"explanation":"Certificate of occupancy Final for job 301295596 at 527 MYRTLE AVENUE."},"geometry":{"type":"Point","coordinates":[-73.963546,40.693694]}},{"type":"Feature","id":"nyc_certificate_occupancy_301975236","properties":{"city_id":"nyc","event_id":"nyc_certificate_occupancy_301975236","title":"Certificate of occupancy issued: 1447 85 STREET, Brooklyn","year":2013,"effective_date":"2013-01-02","date_precision":"day","category":"environment","lens":"green_space","confidence":"documented","source_ids":["bs8b-p36w"],"explanation":"Certificate of occupancy Final for job 301975236 at 1447 85 STREET."},"geometry":{"type":"Point","coordinates":[-74.010024,40.612709]}},{"type":"Feature","id":"nyc_certificate_occupancy_302073878","properties":{"city_id":"nyc","event_id":"nyc_certificate_occupancy_302073878","title":"Certificate of occupancy issued: 227 GRAND STREET, Brooklyn","year":2013,"effective_date":"2013-01-02","date_precision":"day","category":"environment","lens":"green_space","confidence":"documented","source_ids":["bs8b-p36w"],"explanation":"Certificate of occupancy Final for job 302073878 at 227 GRAND STREET."},"geometry":{"type":"Point","coordinates":[-73.959358,40.713722]}},{"type":"Feature","id":"nyc_certificate_occupancy_302135151","properties":{"city_id":"nyc","event_id":"nyc_certificate_occupancy_302135151","title":"Certificate of occupancy issued: 1057 52 STREET, Brooklyn","year":2013,"effective_date":"2013-01-02","date_precision":"day","category":"environment","lens":"green_space","confidence":"documented","source_ids":["bs8b-p36w"],"explanation":"Certificate of occupancy Temporary for job 302135151 at 1057 52 STREET."},"geometry":{"type":"Point","coordinates":[-73.999056,40.636493]}},{"type":"Feature","id":"nyc_certificate_occupancy_302145863","properties":{"city_id":"nyc","event_id":"nyc_certificate_occupancy_302145863","title":"Certificate of occupancy issued: 7902 5 AVENUE, Brooklyn","year":2013,"effective_date":"2013-01-03","date_precision":"day","category":"built_environment","lens":"built_environment","confidence":"documented","source_ids":["bs8b-p36w"],"explanation":"Certificate of occupancy Final for job 302145863 at 7902 5 AVENUE."},"geometry":{"type":"Point","coordinates":[-74.023913,40.626396]}},{"type":"Feature","id":"nyc_certificate_occupancy_302334597","properties":{"city_id":"nyc","event_id":"nyc_certificate_occupancy_302334597","title":"Certificate of occupancy issued: 197 BERRY STREET, Brooklyn","year":2013,"effective_date":"2013-01-03","date_precision":"day","category":"environment","lens":"green_space","confidence":"documented","source_ids":["bs8b-p36w"],"explanation":"Certificate of occupancy Temporary for job 302334597 at 197 BERRY STREET."},"geometry":{"type":"Point","coordinates":[-73.961145,40.716632]}},{"type":"Feature","id":"nyc_certificate_occupancy_310223460","properties":{"city_id":"nyc","event_id":"nyc_certificate_occupancy_310223460","title":"Certificate of occupancy issued: 321 ASHLAND PLACE, Brooklyn","year":2013,"effective_date":"2013-01-02","date_precision":"day","category":"built_environment","lens":"built_environment","confidence":"documented","source_ids":["bs8b-p36w"],"explanation":"Certificate of occupancy Temporary for job 310223460 at 321 ASHLAND PLACE."},"geometry":{"type":"Point","coordinates":[-73.978031,40.685911]}},{"type":"Feature","id":"nyc_certificate_occupancy_320039347","properties":{"city_id":"nyc","event_id":"nyc_certificate_occupancy_320039347","title":"Certificate of occupancy issued: 712 CARROLL STREET, Brooklyn","year":2013,"effective_date":"2013-01-02","date_precision":"day","category":"environment","lens":"green_space","confidence":"documented","source_ids":["bs8b-p36w"],"explanation":"Certificate of occupancy Temporary for job 320039347 at 712 CARROLL STREET."},"geometry":{"type":"Point","coordinates":[-73.978125,40.673892]}},{"type":"Feature","id":"nyc_certificate_occupancy_320085037","properties":{"city_id":"nyc","event_id":"nyc_certificate_occupancy_320085037","title":"Certificate of occupancy issued: 1350 EAST 27TH STREET, Brooklyn","year":2013,"effective_date":"2013-01-03","date_precision":"day","category":"environment","lens":"green_space","confidence":"documented","source_ids":["bs8b-p36w"],"explanation":"Certificate of occupancy Final for job 320085037 at 1350 EAST 27TH STREET."},"geometry":{"type":"Point","coordinates":[-73.948149,40.618078]}},{"type":"Feature","id":"nyc_certificate_occupancy_320157744","properties":{"city_id":"nyc","event_id":"nyc_certificate_occupancy_320157744","title":"Certificate of occupancy issued: 1501 PITKIN AVENUE, Brooklyn","year":2013,"effective_date":"2013-01-03","date_precision":"day","category":"built_environment","lens":"built_environment","confidence":"documented","source_ids":["bs8b-p36w"],"explanation":"Certificate of occupancy Temporary for job 320157744 at 1501 PITKIN AVENUE."},"geometry":{"type":"Point","coordinates":[-73.918122,40.6686]}},{"type":"Feature","id":"nyc_certificate_occupancy_320295293","properties":{"city_id":"nyc","event_id":"nyc_certificate_occupancy_320295293","title":"Certificate of occupancy issued: 101 EAST 56 ST, Brooklyn","year":2013,"effective_date":"2013-01-03","date_precision":"day","category":"built_environment","lens":"built_environment","confidence":"documented","source_ids":["bs8b-p36w"],"explanation":"Certificate of occupancy Final for job 320295293 at 101 EAST 56 ST."},"geometry":{"type":"Point","coordinates":[-73.924874,40.654763]}},{"type":"Feature","id":"nyc_certificate_occupancy_320349137","properties":{"city_id":"nyc","event_id":"nyc_certificate_occupancy_320349137","title":"Certificate of occupancy issued: 1338 EAST 15TH ST, Brooklyn","year":2013,"effective_date":"2013-01-03","date_precision":"day","category":"built_environment","lens":"built_environment","confidence":"documented","source_ids":["bs8b-p36w"],"explanation":"Certificate of occupancy Final for job 320349137 at 1338 EAST 15TH ST."},"geometry":{"type":"Point","coordinates":[-73.959845,40.61696]}},{"type":"Feature","id":"nyc_certificate_occupancy_402219602","properties":{"city_id":"nyc","event_id":"nyc_certificate_occupancy_402219602","title":"Certificate of occupancy issued: 12-04 BEACH 12 STREET, Queens","year":2013,"effective_date":"2013-01-02","date_precision":"day","category":"environment","lens":"green_space","confidence":"documented","source_ids":["bs8b-p36w"],"explanation":"Certificate of occupancy Temporary for job 402219602 at 12-04 BEACH 12 STREET."},"geometry":{"type":"Point","coordinates":[-73.747463,40.607253]}},{"type":"Feature","id":"nyc_certificate_occupancy_402442745","properties":{"city_id":"nyc","event_id":"nyc_certificate_occupancy_402442745","title":"Certificate of occupancy issued: 43-38 162 STREET, Queens","year":2013,"effective_date":"2013-01-03","date_precision":"day","category":"environment","lens":"green_space","confidence":"documented","source_ids":["bs8b-p36w"],"explanation":"Certificate of occupancy Temporary for job 402442745 at 43-38 162 STREET."},"geometry":{"type":"Point","coordinates":[-73.804272,40.758338]}},{"type":"Feature","id":"nyc_certificate_occupancy_402879961","properties":{"city_id":"nyc","event_id":"nyc_certificate_occupancy_402879961","title":"Certificate of occupancy issued: 43-30 DUTCH KILLS STREET, Queens","year":2013,"effective_date":"2013-01-03","date_precision":"day","category":"environment","lens":"green_space","confidence":"documented","source_ids":["bs8b-p36w"],"explanation":"Certificate of occupancy Temporary for job 402879961 at 43-30 DUTCH KILLS STREET."},"geometry":{"type":"Point","coordinates":[-73.940332,40.747279]}},{"type":"Feature","id":"nyc_certificate_occupancy_410196577","properties":{"city_id":"nyc","event_id":"nyc_certificate_occupancy_410196577","title":"Certificate of occupancy issued: 40-13 104 STREET, Queens","year":2013,"effective_date":"2013-01-02","date_precision":"day","category":"environment","lens":"green_space","confidence":"documented","source_ids":["bs8b-p36w"],"explanation":"Certificate of occupancy Final for job 410196577 at 40-13 104 STREET."},"geometry":{"type":"Point","coordinates":[-73.861384,40.749286]}},{"type":"Feature","id":"nyc_certificate_occupancy_420101712","properties":{"city_id":"nyc","event_id":"nyc_certificate_occupancy_420101712","title":"Certificate of occupancy issued: 34-17 NORTHERN BLVD, Queens","year":2013,"effective_date":"2013-01-03","date_precision":"day","category":"built_environment","lens":"built_environment","confidence":"documented","source_ids":["bs8b-p36w"],"explanation":"Certificate of occupancy Final for job 420101712 at 34-17 NORTHERN BLVD."},"geometry":{"type":"Point","coordinates":[-73.929886,40.752027]}},{"type":"Feature","id":"nyc_certificate_occupancy_420483480","properties":{"city_id":"nyc","event_id":"nyc_certificate_occupancy_420483480","title":"Certificate of occupancy issued: 3 BEACH 221 STREET, Queens","year":2013,"effective_date":"2013-01-02","date_precision":"day","category":"environment","lens":"green_space","confidence":"documented","source_ids":["bs8b-p36w"],"explanation":"Certificate of occupancy Final for job 420483480 at 3 BEACH 221 STREET."},"geometry":{"type":"Point","coordinates":[-73.930156,40.55698]}},{"type":"Feature","id":"nyc_certificate_occupancy_420581659","properties":{"city_id":"nyc","event_id":"nyc_certificate_occupancy_420581659","title":"Certificate of occupancy issued: 174-21 69TH AVE, Queens","year":2013,"effective_date":"2013-01-03","date_precision":"day","category":"built_environment","lens":"built_environment","confidence":"documented","source_ids":["bs8b-p36w"],"explanation":"Certificate of occupancy Final for job 420581659 at 174-21 69TH AVE."},"geometry":{"type":"Point","coordinates":[-73.795064,40.732729]}},{"type":"Feature","id":"nyc_certificate_occupancy_520011399","properties":{"city_id":"nyc","event_id":"nyc_certificate_occupancy_520011399","title":"Certificate of occupancy issued: 1300 CLOVE ROAD, Staten Island","year":2013,"effective_date":"2013-01-03","date_precision":"day","category":"transport","lens":"traffic","confidence":"documented","source_ids":["bs8b-p36w"],"explanation":"Certificate of occupancy Final for job 520011399 at 1300 CLOVE ROAD."},"geometry":{"type":"Point","coordinates":[-74.102787,40.615455]}},{"type":"Feature","id":"nyc_certificate_occupancy_520037745","properties":{"city_id":"nyc","event_id":"nyc_certificate_occupancy_520037745","title":"Certificate of occupancy issued: 464 PELTON AVE, Staten Island","year":2013,"effective_date":"2013-01-03","date_precision":"day","category":"built_environment","lens":"built_environment","confidence":"documented","source_ids":["bs8b-p36w"],"explanation":"Certificate of occupancy Final for job 520037745 at 464 PELTON AVE."},"geometry":{"type":"Point","coordinates":[-74.109599,40.631528]}},{"type":"Feature","id":"nyc_certificate_occupancy_520069318","properties":{"city_id":"nyc","event_id":"nyc_certificate_occupancy_520069318","title":"Certificate of occupancy issued: 24 PALISADE STREET, Staten Island","year":2013,"effective_date":"2013-01-02","date_precision":"day","category":"environment","lens":"green_space","confidence":"documented","source_ids":["bs8b-p36w"],"explanation":"Certificate of occupancy Final for job 520069318 at 24 PALISADE STREET."},"geometry":{"type":"Point","coordinates":[-74.062958,40.597113]}},{"type":"Feature","id":"nyc_certificate_occupancy_520069336","properties":{"city_id":"nyc","event_id":"nyc_certificate_occupancy_520069336","title":"Certificate of occupancy issued: 30 PALISADE STREET, Staten Island","year":2013,"effective_date":"2013-01-03","date_precision":"day","category":"environment","lens":"green_space","confidence":"documented","source_ids":["bs8b-p36w"],"explanation":"Certificate of occupancy Final for job 520069336 at 30 PALISADE STREET."},"geometry":{"type":"Point","coordinates":[-74.062861,40.59716]}},{"type":"Feature","id":"nyc_certificate_occupancy_520072929","properties":{"city_id":"nyc","event_id":"nyc_certificate_occupancy_520072929","title":"Certificate of occupancy issued: 105 CHAMPLAIN AVE, Staten Island","year":2013,"effective_date":"2013-01-02","date_precision":"day","category":"built_environment","lens":"built_environment","confidence":"documented","source_ids":["bs8b-p36w"],"explanation":"Certificate of occupancy Final for job 520072929 at 105 CHAMPLAIN AVE."},"geometry":{"type":"Point","coordinates":[-74.125347,40.560718]}},{"type":"Feature","id":"nyc_certificate_occupancy_520076435","properties":{"city_id":"nyc","event_id":"nyc_certificate_occupancy_520076435","title":"Certificate of occupancy issued: 24 PITNEY AVENUE, Staten Island","year":2013,"effective_date":"2013-01-03","date_precision":"day","category":"built_environment","lens":"built_environment","confidence":"documented","source_ids":["bs8b-p36w"],"explanation":"Certificate of occupancy Final for job 520076435 at 24 PITNEY AVENUE."},"geometry":{"type":"Point","coordinates":[-74.21833,40.53001]}},{"type":"Feature","id":"nyc_certificate_occupancy_520086843","properties":{"city_id":"nyc","event_id":"nyc_certificate_occupancy_520086843","title":"Certificate of occupancy issued: 1632 VICTORY BOULEVARD, Staten Island","year":2013,"effective_date":"2013-01-03","date_precision":"day","category":"built_environment","lens":"built_environment","confidence":"documented","source_ids":["bs8b-p36w"],"explanation":"Certificate of occupancy Temporary for job 520086843 at 1632 VICTORY BOULEVARD."},"geometry":{"type":"Point","coordinates":[-74.117825,40.613443]}},{"type":"Feature","id":"nyc_collision_crash_100710","properties":{"city_id":"nyc","event_id":"nyc_collision_crash_100710","title":"Motor vehicle collision: 3 AVENUE","year":2013,"effective_date":"2013-01-01","date_precision":"day","category":"transport","lens":"traffic","confidence":"documented","source_ids":["h9gi-nx95"],"explanation":"Crash 100710 at 1:00; injured=1, killed=0; factor=Unspecified."},"geometry":{"type":"Point","coordinates":[-73.8940734,40.8507133]}},{"type":"Feature","id":"nyc_collision_crash_10234","properties":{"city_id":"nyc","event_id":"nyc_collision_crash_10234","title":"Motor vehicle collision: AVENUE OF THE AMERICAS","year":2013,"effective_date":"2013-01-01","date_precision":"day","category":"transport","lens":"traffic","confidence":"documented","source_ids":["h9gi-nx95"],"explanation":"Crash 10234 at 5:06; injured=0, killed=0; factor=Driver Inattention/Distraction."},"geometry":{"type":"Point","coordinates":[-74.0000649,40.732928]}},{"type":"Feature","id":"nyc_collision_crash_10236","properties":{"city_id":"nyc","event_id":"nyc_collision_crash_10236","title":"Motor vehicle collision: 7 AVENUE SOUTH","year":2013,"effective_date":"2013-01-01","date_precision":"day","category":"transport","lens":"traffic","confidence":"documented","source_ids":["h9gi-nx95"],"explanation":"Crash 10236 at 17:55; injured=1, killed=0; factor=Unspecified."},"geometry":{"type":"Point","coordinates":[-74.0015516,40.7357962]}},{"type":"Feature","id":"nyc_collision_crash_103976","properties":{"city_id":"nyc","event_id":"nyc_collision_crash_103976","title":"Motor vehicle collision: MATTHEWS AVENUE","year":2013,"effective_date":"2013-01-01","date_precision":"day","category":"transport","lens":"traffic","confidence":"documented","source_ids":["h9gi-nx95"],"explanation":"Crash 103976 at 17:10; injured=5, killed=0; factor=Backing Unsafely."},"geometry":{"type":"Point","coordinates":[-73.8611857,40.8446813]}},{"type":"Feature","id":"nyc_collision_crash_103982","properties":{"city_id":"nyc","event_id":"nyc_collision_crash_103982","title":"Motor vehicle collision: EAST GUN HILL ROAD","year":2013,"effective_date":"2013-01-01","date_precision":"day","category":"transport","lens":"traffic","confidence":"documented","source_ids":["h9gi-nx95"],"explanation":"Crash 103982 at 23:05; injured=1, killed=0; factor=Unspecified."},"geometry":{"type":"Point","coordinates":[-73.8315211,40.8625976]}},{"type":"Feature","id":"nyc_collision_crash_107648","properties":{"city_id":"nyc","event_id":"nyc_collision_crash_107648","title":"Motor vehicle collision: WALDO AVENUE","year":2013,"effective_date":"2013-01-01","date_precision":"day","category":"transport","lens":"traffic","confidence":"documented","source_ids":["h9gi-nx95"],"explanation":"Crash 107648 at 2:00; injured=0, killed=0; factor=Driver Inattention/Distraction."},"geometry":{"type":"Point","coordinates":[-73.9041347,40.8870811]}},{"type":"Feature","id":"nyc_collision_crash_110598","properties":{"city_id":"nyc","event_id":"nyc_collision_crash_110598","title":"Motor vehicle collision: JEROME AVENUE","year":2013,"effective_date":"2013-01-01","date_precision":"day","category":"transport","lens":"traffic","confidence":"documented","source_ids":["h9gi-nx95"],"explanation":"Crash 110598 at 7:30; injured=0, killed=0; factor=Steering Failure."},"geometry":{"type":"Point","coordinates":[-73.8885563,40.8751963]}},{"type":"Feature","id":"nyc_collision_crash_110621","properties":{"city_id":"nyc","event_id":"nyc_collision_crash_110621","title":"Motor vehicle collision: HULL AVENUE","year":2013,"effective_date":"2013-01-01","date_precision":"day","category":"transport","lens":"traffic","confidence":"documented","source_ids":["h9gi-nx95"],"explanation":"Crash 110621 at 14:00; injured=0, killed=0; factor=Driver Inattention/Distraction."},"geometry":{"type":"Point","coordinates":[-73.8802357,40.8712878]}},{"type":"Feature","id":"nyc_collision_crash_114370","properties":{"city_id":"nyc","event_id":"nyc_collision_crash_114370","title":"Motor vehicle collision: BRIGHTON 7 STREET","year":2013,"effective_date":"2013-01-01","date_precision":"day","category":"transport","lens":"traffic","confidence":"documented","source_ids":["h9gi-nx95"],"explanation":"Crash 114370 at 14:30; injured=0, killed=0; factor=Unspecified."},"geometry":{"type":"Point","coordinates":[-73.961304,40.57976]}},{"type":"Feature","id":"nyc_collision_crash_117840","properties":{"city_id":"nyc","event_id":"nyc_collision_crash_117840","title":"Motor vehicle collision: HARING STREET","year":2013,"effective_date":"2013-01-01","date_precision":"day","category":"transport","lens":"traffic","confidence":"documented","source_ids":["h9gi-nx95"],"explanation":"Crash 117840 at 10:00; injured=0, killed=0; factor=Unspecified."},"geometry":{"type":"Point","coordinates":[-73.9396411,40.593922]}},{"type":"Feature","id":"nyc_collision_crash_117841","properties":{"city_id":"nyc","event_id":"nyc_collision_crash_117841","title":"Motor vehicle collision: AVENUE U","year":2013,"effective_date":"2013-01-01","date_precision":"day","category":"transport","lens":"traffic","confidence":"documented","source_ids":["h9gi-nx95"],"explanation":"Crash 117841 at 12:05; injured=0, killed=0; factor=Unspecified."},"geometry":{"type":"Point","coordinates":[-73.9687045,40.5974772]}},{"type":"Feature","id":"nyc_collision_crash_122693","properties":{"city_id":"nyc","event_id":"nyc_collision_crash_122693","title":"Motor vehicle collision: BATH AVENUE","year":2013,"effective_date":"2013-01-01","date_precision":"day","category":"transport","lens":"traffic","confidence":"documented","source_ids":["h9gi-nx95"],"explanation":"Crash 122693 at 3:45; injured=0, killed=0; factor=Unspecified."},"geometry":{"type":"Point","coordinates":[-74.007624,40.6047686]}},{"type":"Feature","id":"nyc_collision_crash_122703","properties":{"city_id":"nyc","event_id":"nyc_collision_crash_122703","title":"Motor vehicle collision: BENSON AVENUE","year":2013,"effective_date":"2013-01-01","date_precision":"day","category":"transport","lens":"traffic","confidence":"documented","source_ids":["h9gi-nx95"],"explanation":"Crash 122703 at 16:50; injured=0, killed=0; factor=Unspecified."},"geometry":{"type":"Point","coordinates":[-74.0090794,40.6083779]}},{"type":"Feature","id":"nyc_collision_crash_126949","properties":{"city_id":"nyc","event_id":"nyc_collision_crash_126949","title":"Motor vehicle collision: KINGS HIGHWAY","year":2013,"effective_date":"2013-01-01","date_precision":"day","category":"transport","lens":"traffic","confidence":"documented","source_ids":["h9gi-nx95"],"explanation":"Crash 126949 at 20:20; injured=0, killed=0; factor=Unspecified."},"geometry":{"type":"Point","coordinates":[-73.9274473,40.6352571]}},{"type":"Feature","id":"nyc_collision_crash_126950","properties":{"city_id":"nyc","event_id":"nyc_collision_crash_126950","title":"Motor vehicle collision: FLATBUSH AVENUE","year":2013,"effective_date":"2013-01-01","date_precision":"day","category":"transport","lens":"traffic","confidence":"documented","source_ids":["h9gi-nx95"],"explanation":"Crash 126950 at 18:16; injured=0, killed=0; factor=Unspecified."},"geometry":{"type":"Point","coordinates":[-73.9224976,40.6098096]}},{"type":"Feature","id":"nyc_collision_crash_126993","properties":{"city_id":"nyc","event_id":"nyc_collision_crash_126993","title":"Motor vehicle collision: FLATBUSH AVENUE","year":2013,"effective_date":"2013-01-01","date_precision":"day","category":"transport","lens":"traffic","confidence":"documented","source_ids":["h9gi-nx95"],"explanation":"Crash 126993 at 16:45; injured=0, killed=0; factor=Turning Improperly."},"geometry":{"type":"Point","coordinates":[-73.8937121,40.5837275]}},{"type":"Feature","id":"nyc_collision_crash_12711","properties":{"city_id":"nyc","event_id":"nyc_collision_crash_12711","title":"Motor vehicle collision: DELANCEY STREET","year":2013,"effective_date":"2013-01-01","date_precision":"day","category":"transport","lens":"traffic","confidence":"documented","source_ids":["h9gi-nx95"],"explanation":"Crash 12711 at 5:10; injured=0, killed=0; factor=Unspecified."},"geometry":{"type":"Point","coordinates":[-73.9890116,40.7187947]}},{"type":"Feature","id":"nyc_collision_crash_131378","properties":{"city_id":"nyc","event_id":"nyc_collision_crash_131378","title":"Motor vehicle collision: EAST 4 STREET","year":2013,"effective_date":"2013-01-01","date_precision":"day","category":"transport","lens":"traffic","confidence":"documented","source_ids":["h9gi-nx95"],"explanation":"Crash 131378 at 13:30; injured=0, killed=0; factor=Unspecified."},"geometry":{"type":"Point","coordinates":[-73.9759447,40.64066]}},{"type":"Feature","id":"nyc_collision_crash_136734","properties":{"city_id":"nyc","event_id":"nyc_collision_crash_136734","title":"Motor vehicle collision: NOSTRAND AVENUE","year":2013,"effective_date":"2013-01-01","date_precision":"day","category":"transport","lens":"traffic","confidence":"documented","source_ids":["h9gi-nx95"],"explanation":"Crash 136734 at 1:40; injured=0, killed=0; factor=Failure to Yield Right-of-Way."},"geometry":{"type":"Point","coordinates":[-73.9487599,40.6432449]}},{"type":"Feature","id":"nyc_collision_crash_136739","properties":{"city_id":"nyc","event_id":"nyc_collision_crash_136739","title":"Motor vehicle collision: CORTELYOU ROAD","year":2013,"effective_date":"2013-01-01","date_precision":"day","category":"transport","lens":"traffic","confidence":"documented","source_ids":["h9gi-nx95"],"explanation":"Crash 136739 at 10:13; injured=0, killed=0; factor=Driver Inattention/Distraction."},"geometry":{"type":"Point","coordinates":[-73.938359,40.6448565]}},{"type":"Feature","id":"nyc_collision_crash_136740","properties":{"city_id":"nyc","event_id":"nyc_collision_crash_136740","title":"Motor vehicle collision: REMSEN AVENUE","year":2013,"effective_date":"2013-01-01","date_precision":"day","category":"transport","lens":"traffic","confidence":"documented","source_ids":["h9gi-nx95"],"explanation":"Crash 136740 at 14:45; injured=0, killed=0; factor=Driver Inattention/Distraction."},"geometry":{"type":"Point","coordinates":[-73.924076,40.6564831]}},{"type":"Feature","id":"nyc_collision_crash_136746","properties":{"city_id":"nyc","event_id":"nyc_collision_crash_136746","title":"Motor vehicle collision: ROCKAWAY PARKWAY","year":2013,"effective_date":"2013-01-01","date_precision":"day","category":"transport","lens":"traffic","confidence":"documented","source_ids":["h9gi-nx95"],"explanation":"Crash 136746 at 16:00; injured=0, killed=0; factor=Backing Unsafely."},"geometry":{"type":"Point","coordinates":[-73.9201276,40.6611218]}},{"type":"Feature","id":"nyc_collision_crash_136749","properties":{"city_id":"nyc","event_id":"nyc_collision_crash_136749","title":"Motor vehicle collision: CHURCH AVENUE","year":2013,"effective_date":"2013-01-01","date_precision":"day","category":"transport","lens":"traffic","confidence":"documented","source_ids":["h9gi-nx95"],"explanation":"Crash 136749 at 16:00; injured=0, killed=0; factor=Unspecified."},"geometry":{"type":"Point","coordinates":[-73.928474,40.6521766]}},{"type":"Feature","id":"nyc_collision_crash_148889","properties":{"city_id":"nyc","event_id":"nyc_collision_crash_148889","title":"Motor vehicle collision: FLATBUSH AVENUE","year":2013,"effective_date":"2013-01-01","date_precision":"day","category":"transport","lens":"traffic","confidence":"documented","source_ids":["h9gi-nx95"],"explanation":"Crash 148889 at 8:10; injured=0, killed=0; factor=Unspecified."},"geometry":{"type":"Point","coordinates":[-73.9596963,40.6548405]}},{"type":"Feature","id":"nyc_collision_crash_148890","properties":{"city_id":"nyc","event_id":"nyc_collision_crash_148890","title":"Motor vehicle collision: OCEAN AVENUE","year":2013,"effective_date":"2013-01-01","date_precision":"day","category":"transport","lens":"traffic","confidence":"documented","source_ids":["h9gi-nx95"],"explanation":"Crash 148890 at 8:34; injured=0, killed=0; factor=Unspecified."},"geometry":{"type":"Point","coordinates":[-73.9563925,40.6257308]}},{"type":"Feature","id":"nyc_collision_crash_148891","properties":{"city_id":"nyc","event_id":"nyc_collision_crash_148891","title":"Motor vehicle collision: WOODRUFF AVENUE","year":2013,"effective_date":"2013-01-01","date_precision":"day","category":"transport","lens":"traffic","confidence":"documented","source_ids":["h9gi-nx95"],"explanation":"Crash 148891 at 16:23; injured=0, killed=0; factor=Unspecified."},"geometry":{"type":"Point","coordinates":[-73.9607814,40.6544566]}},{"type":"Feature","id":"nyc_collision_crash_148892","properties":{"city_id":"nyc","event_id":"nyc_collision_crash_148892","title":"Motor vehicle collision: FLATBUSH AVENUE","year":2013,"effective_date":"2013-01-01","date_precision":"day","category":"transport","lens":"traffic","confidence":"documented","source_ids":["h9gi-nx95"],"explanation":"Crash 148892 at 13:10; injured=0, killed=0; factor=Unspecified."},"geometry":{"type":"Point","coordinates":[-73.946481,40.6317075]}},{"type":"Feature","id":"nyc_collision_crash_148893","properties":{"city_id":"nyc","event_id":"nyc_collision_crash_148893","title":"Motor vehicle collision: AVENUE N","year":2013,"effective_date":"2013-01-01","date_precision":"day","category":"transport","lens":"traffic","confidence":"documented","source_ids":["h9gi-nx95"],"explanation":"Crash 148893 at 10:10; injured=0, killed=0; factor=Unspecified."},"geometry":{"type":"Point","coordinates":[-73.9498104,40.6166923]}},{"type":"Feature","id":"nyc_collision_crash_148895","properties":{"city_id":"nyc","event_id":"nyc_collision_crash_148895","title":"Motor vehicle collision: BEDFORD AVENUE","year":2013,"effective_date":"2013-01-01","date_precision":"day","category":"transport","lens":"traffic","confidence":"documented","source_ids":["h9gi-nx95"],"explanation":"Crash 148895 at 22:10; injured=0, killed=0; factor=Unspecified."},"geometry":{"type":"Point","coordinates":[-73.9563012,40.6550478]}},{"type":"Feature","id":"nyc_collision_crash_148897","properties":{"city_id":"nyc","event_id":"nyc_collision_crash_148897","title":"Motor vehicle collision: PARKSIDE AVENUE","year":2013,"effective_date":"2013-01-01","date_precision":"day","category":"transport","lens":"traffic","confidence":"documented","source_ids":["h9gi-nx95"],"explanation":"Crash 148897 at 10:37; injured=0, killed=0; factor=Unspecified."},"geometry":{"type":"Point","coordinates":[-73.9662132,40.6531902]}},{"type":"Feature","id":"nyc_collision_crash_157103","properties":{"city_id":"nyc","event_id":"nyc_collision_crash_157103","title":"Motor vehicle collision: 42 STREET","year":2013,"effective_date":"2013-01-01","date_precision":"day","category":"transport","lens":"traffic","confidence":"documented","source_ids":["h9gi-nx95"],"explanation":"Crash 157103 at 7:50; injured=0, killed=0; factor=Alcohol Involvement."},"geometry":{"type":"Point","coordinates":[-74.0099287,40.6521655]}},{"type":"Feature","id":"nyc_collision_crash_157104","properties":{"city_id":"nyc","event_id":"nyc_collision_crash_157104","title":"Motor vehicle collision: 39 STREET","year":2013,"effective_date":"2013-01-01","date_precision":"day","category":"transport","lens":"traffic","confidence":"documented","source_ids":["h9gi-nx95"],"explanation":"Crash 157104 at 7:56; injured=1, killed=0; factor=Unspecified."},"geometry":{"type":"Point","coordinates":[-74.0081666,40.6538564]}},{"type":"Feature","id":"nyc_collision_crash_157107","properties":{"city_id":"nyc","event_id":"nyc_collision_crash_157107","title":"Motor vehicle collision: 4 AVENUE","year":2013,"effective_date":"2013-01-01","date_precision":"day","category":"transport","lens":"traffic","confidence":"documented","source_ids":["h9gi-nx95"],"explanation":"Crash 157107 at 5:58; injured=1, killed=0; factor=Unspecified."},"geometry":{"type":"Point","coordinates":[-74.0061627,40.6526268]}},{"type":"Feature","id":"nyc_collision_crash_1581","properties":{"city_id":"nyc","event_id":"nyc_collision_crash_1581","title":"Motor vehicle collision: BROOME STREET","year":2013,"effective_date":"2013-01-01","date_precision":"day","category":"transport","lens":"traffic","confidence":"documented","source_ids":["h9gi-nx95"],"explanation":"Crash 1581 at 0:43; injured=0, killed=0; factor=Unspecified."},"geometry":{"type":"Point","coordinates":[-74.0043798,40.7240541]}},{"type":"Feature","id":"nyc_collision_crash_161081","properties":{"city_id":"nyc","event_id":"nyc_collision_crash_161081","title":"Motor vehicle collision: SARATOGA AVENUE","year":2013,"effective_date":"2013-01-01","date_precision":"day","category":"transport","lens":"traffic","confidence":"documented","source_ids":["h9gi-nx95"],"explanation":"Crash 161081 at 1:35; injured=9, killed=0; factor=Unspecified."},"geometry":{"type":"Point","coordinates":[-73.9168551,40.6724994]}},{"type":"Feature","id":"nyc_collision_crash_161082","properties":{"city_id":"nyc","event_id":"nyc_collision_crash_161082","title":"Motor vehicle collision: GRAFTON STREET","year":2013,"effective_date":"2013-01-01","date_precision":"day","category":"transport","lens":"traffic","confidence":"documented","source_ids":["h9gi-nx95"],"explanation":"Crash 161082 at 8:35; injured=0, killed=0; factor=Traffic Control Disregarded."},"geometry":{"type":"Point","coordinates":[-73.9177502,40.6628356]}},{"type":"Feature","id":"nyc_collision_crash_161084","properties":{"city_id":"nyc","event_id":"nyc_collision_crash_161084","title":"Motor vehicle collision: ATLANTIC AVENUE","year":2013,"effective_date":"2013-01-01","date_precision":"day","category":"transport","lens":"traffic","confidence":"documented","source_ids":["h9gi-nx95"],"explanation":"Crash 161084 at 11:00; injured=0, killed=0; factor=Driver Inexperience."},"geometry":{"type":"Point","coordinates":[-73.910927,40.6763431]}},{"type":"Feature","id":"nyc_collision_crash_165512","properties":{"city_id":"nyc","event_id":"nyc_collision_crash_165512","title":"Motor vehicle collision: FULTON STREET","year":2013,"effective_date":"2013-01-01","date_precision":"day","category":"transport","lens":"traffic","confidence":"documented","source_ids":["h9gi-nx95"],"explanation":"Crash 165512 at 2:35; injured=3, killed=0; factor=Other Vehicular."},"geometry":{"type":"Point","coordinates":[-73.8873048,40.6790974]}},{"type":"Feature","id":"nyc_collision_crash_165523","properties":{"city_id":"nyc","event_id":"nyc_collision_crash_165523","title":"Motor vehicle collision: FULTON STREET","year":2013,"effective_date":"2013-01-01","date_precision":"day","category":"transport","lens":"traffic","confidence":"documented","source_ids":["h9gi-nx95"],"explanation":"Crash 165523 at 9:30; injured=1, killed=0; factor=Driver Inattention/Distraction."},"geometry":{"type":"Point","coordinates":[-73.8907747,40.6781647]}},{"type":"Feature","id":"nyc_collision_crash_165525","properties":{"city_id":"nyc","event_id":"nyc_collision_crash_165525","title":"Motor vehicle collision: FULTON STREET","year":2013,"effective_date":"2013-01-01","date_precision":"day","category":"transport","lens":"traffic","confidence":"documented","source_ids":["h9gi-nx95"],"explanation":"Crash 165525 at 19:45; injured=0, killed=0; factor=Unspecified."},"geometry":{"type":"Point","coordinates":[-73.897226,40.6772073]}},{"type":"Feature","id":"nyc_collision_crash_171291","properties":{"city_id":"nyc","event_id":"nyc_collision_crash_171291","title":"Motor vehicle collision: AMITY STREET","year":2013,"effective_date":"2013-01-01","date_precision":"day","category":"transport","lens":"traffic","confidence":"documented","source_ids":["h9gi-nx95"],"explanation":"Crash 171291 at 12:51; injured=0, killed=0; factor=Unspecified."},"geometry":{"type":"Point","coordinates":[-73.9930047,40.6883638]}},{"type":"Feature","id":"nyc_collision_crash_173459","properties":{"city_id":"nyc","event_id":"nyc_collision_crash_173459","title":"Motor vehicle collision: ATLANTIC AVENUE","year":2013,"effective_date":"2013-01-01","date_precision":"day","category":"transport","lens":"traffic","confidence":"documented","source_ids":["h9gi-nx95"],"explanation":"Crash 173459 at 6:00; injured=0, killed=0; factor=Unspecified."},"geometry":{"type":"Point","coordinates":[-73.9529869,40.678723]}},{"type":"Feature","id":"nyc_collision_crash_173460","properties":{"city_id":"nyc","event_id":"nyc_collision_crash_173460","title":"Motor vehicle collision: ATLANTIC AVENUE","year":2013,"effective_date":"2013-01-01","date_precision":"day","category":"transport","lens":"traffic","confidence":"documented","source_ids":["h9gi-nx95"],"explanation":"Crash 173460 at 5:10; injured=2, killed=0; factor=Unspecified."},"geometry":{"type":"Point","coordinates":[-73.9275386,40.6772496]}},{"type":"Feature","id":"nyc_collision_crash_173464","properties":{"city_id":"nyc","event_id":"nyc_collision_crash_173464","title":"Motor vehicle collision: EASTERN PARKWAY","year":2013,"effective_date":"2013-01-01","date_precision":"day","category":"transport","lens":"traffic","confidence":"documented","source_ids":["h9gi-nx95"],"explanation":"Crash 173464 at 8:09; injured=4, killed=0; factor=Traffic Control Disregarded."},"geometry":{"type":"Point","coordinates":[-73.9552712,40.6701245]}},{"type":"Feature","id":"nyc_collision_crash_176811","properties":{"city_id":"nyc","event_id":"nyc_collision_crash_176811","title":"Motor vehicle collision: 5 AVENUE","year":2013,"effective_date":"2013-01-01","date_precision":"day","category":"transport","lens":"traffic","confidence":"documented","source_ids":["h9gi-nx95"],"explanation":"Crash 176811 at 16:00; injured=1, killed=0; factor=Unspecified."},"geometry":{"type":"Point","coordinates":[-73.9786781,40.6790463]}},{"type":"Feature","id":"nyc_collision_crash_18026","properties":{"city_id":"nyc","event_id":"nyc_collision_crash_18026","title":"Motor vehicle collision: WEST 39 STREET","year":2013,"effective_date":"2013-01-01","date_precision":"day","category":"transport","lens":"traffic","confidence":"documented","source_ids":["h9gi-nx95"],"explanation":"Crash 18026 at 14:20; injured=0, killed=0; factor=Driver Inattention/Distraction."},"geometry":{"type":"Point","coordinates":[-73.9996896,40.7589235]}},{"type":"Feature","id":"nyc_collision_crash_18027","properties":{"city_id":"nyc","event_id":"nyc_collision_crash_18027","title":"Motor vehicle collision: WEST SIDE HIGHWAY","year":2013,"effective_date":"2013-01-01","date_precision":"day","category":"transport","lens":"traffic","confidence":"documented","source_ids":["h9gi-nx95"],"explanation":"Crash 18027 at 19:00; injured=0, killed=0; factor=Fatigued/Drowsy."},"geometry":{"type":"Point","coordinates":[-74.0067388,40.7544905]}},{"type":"Feature","id":"nyc_collision_crash_18028","properties":{"city_id":"nyc","event_id":"nyc_collision_crash_18028","title":"Motor vehicle collision: 10 AVENUE","year":2013,"effective_date":"2013-01-01","date_precision":"day","category":"transport","lens":"traffic","confidence":"documented","source_ids":["h9gi-nx95"],"explanation":"Crash 18028 at 3:30; injured=0, killed=0; factor=Unspecified."},"geometry":{"type":"Point","coordinates":[-73.9977585,40.7564889]}},{"type":"Feature","id":"nyc_collision_crash_183188","properties":{"city_id":"nyc","event_id":"nyc_collision_crash_183188","title":"Motor vehicle collision: REID AVENUE","year":2013,"effective_date":"2013-01-01","date_precision":"day","category":"transport","lens":"traffic","confidence":"documented","source_ids":["h9gi-nx95"],"explanation":"Crash 183188 at 5:00; injured=1, killed=0; factor=Unspecified."},"geometry":{"type":"Point","coordinates":[-73.9304708,40.690031]}},{"type":"Feature","id":"nyc_collision_crash_185384","properties":{"city_id":"nyc","event_id":"nyc_collision_crash_185384","title":"Motor vehicle collision: BUSHWICK AVENUE","year":2013,"effective_date":"2013-01-01","date_precision":"day","category":"transport","lens":"traffic","confidence":"documented","source_ids":["h9gi-nx95"],"explanation":"Crash 185384 at 6:20; injured=1, killed=0; factor=Unspecified."},"geometry":{"type":"Point","coordinates":[-73.9322699,40.6973167]}},{"type":"Feature","id":"nyc_collision_crash_185386","properties":{"city_id":"nyc","event_id":"nyc_collision_crash_185386","title":"Motor vehicle collision: HALSEY STREET","year":2013,"effective_date":"2013-01-01","date_precision":"day","category":"transport","lens":"traffic","confidence":"documented","source_ids":["h9gi-nx95"],"explanation":"Crash 185386 at 16:00; injured=1, killed=0; factor=Unspecified."},"geometry":{"type":"Point","coordinates":[-73.9109952,40.6900286]}},{"type":"Feature","id":"nyc_collision_crash_185387","properties":{"city_id":"nyc","event_id":"nyc_collision_crash_185387","title":"Motor vehicle collision: CORNELIA STREET","year":2013,"effective_date":"2013-01-01","date_precision":"day","category":"transport","lens":"traffic","confidence":"documented","source_ids":["h9gi-nx95"],"explanation":"Crash 185387 at 3:28; injured=0, killed=0; factor=Unspecified."},"geometry":{"type":"Point","coordinates":[-73.912556,40.693211]}},{"type":"Feature","id":"nyc_collision_crash_188886","properties":{"city_id":"nyc","event_id":"nyc_collision_crash_188886","title":"Motor vehicle collision: SMITH STREET","year":2013,"effective_date":"2013-01-01","date_precision":"day","category":"transport","lens":"traffic","confidence":"documented","source_ids":["h9gi-nx95"],"explanation":"Crash 188886 at 11:00; injured=0, killed=0; factor=Driver Inattention/Distraction."},"geometry":{"type":"Point","coordinates":[-73.9887208,40.6892445]}},{"type":"Feature","id":"nyc_collision_crash_192283","properties":{"city_id":"nyc","event_id":"nyc_collision_crash_192283","title":"Motor vehicle collision: ATLANTIC AVENUE","year":2013,"effective_date":"2013-01-01","date_precision":"day","category":"transport","lens":"traffic","confidence":"documented","source_ids":["h9gi-nx95"],"explanation":"Crash 192283 at 5:34; injured=4, killed=0; factor=Unspecified."},"geometry":{"type":"Point","coordinates":[-73.9644216,40.6811205]}},{"type":"Feature","id":"nyc_collision_crash_192286","properties":{"city_id":"nyc","event_id":"nyc_collision_crash_192286","title":"Motor vehicle collision: FLATBUSH AVENUE EXTENSION","year":2013,"effective_date":"2013-01-01","date_precision":"day","category":"transport","lens":"traffic","confidence":"documented","source_ids":["h9gi-nx95"],"explanation":"Crash 192286 at 23:45; injured=2, killed=0; factor=Unspecified."},"geometry":{"type":"Point","coordinates":[-73.9825396,40.6920516]}},{"type":"Feature","id":"nyc_collision_crash_192295","properties":{"city_id":"nyc","event_id":"nyc_collision_crash_192295","title":"Motor vehicle collision: HANSON PLACE","year":2013,"effective_date":"2013-01-01","date_precision":"day","category":"transport","lens":"traffic","confidence":"documented","source_ids":["h9gi-nx95"],"explanation":"Crash 192295 at 15:00; injured=0, killed=0; factor=Unspecified."},"geometry":{"type":"Point","coordinates":[-73.9761991,40.6852929]}},{"type":"Feature","id":"nyc_collision_crash_192309","properties":{"city_id":"nyc","event_id":"nyc_collision_crash_192309","title":"Motor vehicle collision: CLASSON AVENUE","year":2013,"effective_date":"2013-01-01","date_precision":"day","category":"transport","lens":"traffic","confidence":"documented","source_ids":["h9gi-nx95"],"explanation":"Crash 192309 at 5:43; injured=1, killed=0; factor=Alcohol Involvement."},"geometry":{"type":"Point","coordinates":[-73.9615863,40.6962076]}},{"type":"Feature","id":"nyc_collision_crash_195056","properties":{"city_id":"nyc","event_id":"nyc_collision_crash_195056","title":"Motor vehicle collision: BROADWAY","year":2013,"effective_date":"2013-01-01","date_precision":"day","category":"transport","lens":"traffic","confidence":"documented","source_ids":["h9gi-nx95"],"explanation":"Crash 195056 at 3:30; injured=1, killed=0; factor=Unspecified."},"geometry":{"type":"Point","coordinates":[-73.9419319,40.7007255]}},{"type":"Feature","id":"nyc_collision_crash_199013","properties":{"city_id":"nyc","event_id":"nyc_collision_crash_199013","title":"Motor vehicle collision: NORTH 6 STREET","year":2013,"effective_date":"2013-01-01","date_precision":"day","category":"transport","lens":"traffic","confidence":"documented","source_ids":["h9gi-nx95"],"explanation":"Crash 199013 at 4:30; injured=0, killed=0; factor=Unspecified."},"geometry":{"type":"Point","coordinates":[-73.9610284,40.718967]}},{"type":"Feature","id":"nyc_collision_crash_199014","properties":{"city_id":"nyc","event_id":"nyc_collision_crash_199014","title":"Motor vehicle collision: DRIGGS AVENUE","year":2013,"effective_date":"2013-01-01","date_precision":"day","category":"transport","lens":"traffic","confidence":"documented","source_ids":["h9gi-nx95"],"explanation":"Crash 199014 at 2:45; injured=1, killed=0; factor=Unspecified."},"geometry":{"type":"Point","coordinates":[-73.9564374,40.7170331]}},{"type":"Feature","id":"nyc_collision_crash_199015","properties":{"city_id":"nyc","event_id":"nyc_collision_crash_199015","title":"Motor vehicle collision: NORTH 6 STREET","year":2013,"effective_date":"2013-01-01","date_precision":"day","category":"transport","lens":"traffic","confidence":"documented","source_ids":["h9gi-nx95"],"explanation":"Crash 199015 at 3:35; injured=1, killed=0; factor=Driver Inattention/Distraction."},"geometry":{"type":"Point","coordinates":[-73.9583202,40.7172808]}},{"type":"Feature","id":"nyc_collision_crash_202632","properties":{"city_id":"nyc","event_id":"nyc_collision_crash_202632","title":"Motor vehicle collision: ROCKAWAY FREEWAY","year":2013,"effective_date":"2013-01-01","date_precision":"day","category":"transport","lens":"traffic","confidence":"documented","source_ids":["h9gi-nx95"],"explanation":"Crash 202632 at 15:00; injured=1, killed=0; factor=Unspecified."},"geometry":{"type":"Point","coordinates":[-73.7841347,40.592231]}},{"type":"Feature","id":"nyc_collision_crash_202636","properties":{"city_id":"nyc","event_id":"nyc_collision_crash_202636","title":"Motor vehicle collision: BEACH CHANNEL DRIVE","year":2013,"effective_date":"2013-01-01","date_precision":"day","category":"transport","lens":"traffic","confidence":"documented","source_ids":["h9gi-nx95"],"explanation":"Crash 202636 at 5:20; injured=0, killed=0; factor=Unspecified."},"geometry":{"type":"Point","coordinates":[-73.7818348,40.5952679]}},{"type":"Feature","id":"nyc_collision_crash_205110","properties":{"city_id":"nyc","event_id":"nyc_collision_crash_205110","title":"Motor vehicle collision: ATLANTIC AVENUE","year":2013,"effective_date":"2013-01-01","date_precision":"day","category":"transport","lens":"traffic","confidence":"documented","source_ids":["h9gi-nx95"],"explanation":"Crash 205110 at 13:10; injured=0, killed=0; factor=Unspecified."},"geometry":{"type":"Point","coordinates":[-73.8539966,40.6866849]}},{"type":"Feature","id":"nyc_collision_crash_205112","properties":{"city_id":"nyc","event_id":"nyc_collision_crash_205112","title":"Motor vehicle collision: JAMAICA AVENUE","year":2013,"effective_date":"2013-01-01","date_precision":"day","category":"transport","lens":"traffic","confidence":"documented","source_ids":["h9gi-nx95"],"explanation":"Crash 205112 at 2:10; injured=0, killed=0; factor=Unspecified."},"geometry":{"type":"Point","coordinates":[-73.8411361,40.6952837]}},{"type":"Feature","id":"nyc_collision_crash_209952","properties":{"city_id":"nyc","event_id":"nyc_collision_crash_209952","title":"Motor vehicle collision: FRANCIS LEWIS BOULEVARD","year":2013,"effective_date":"2013-01-01","date_precision":"day","category":"transport","lens":"traffic","confidence":"documented","source_ids":["h9gi-nx95"],"explanation":"Crash 209952 at 2:00; injured=0, killed=0; factor=Other Vehicular."},"geometry":{"type":"Point","coordinates":[-73.7518429,40.7088222]}},{"type":"Feature","id":"nyc_collision_crash_209954","properties":{"city_id":"nyc","event_id":"nyc_collision_crash_209954","title":"Motor vehicle collision: 106 AVENUE","year":2013,"effective_date":"2013-01-01","date_precision":"day","category":"transport","lens":"traffic","confidence":"documented","source_ids":["h9gi-nx95"],"explanation":"Crash 209954 at 8:15; injured=0, killed=0; factor=Unspecified."},"geometry":{"type":"Point","coordinates":[-73.7831407,40.7020702]}},{"type":"Feature","id":"nyc_collision_crash_215021","properties":{"city_id":"nyc","event_id":"nyc_collision_crash_215021","title":"Motor vehicle collision: FRESH PD ROAD","year":2013,"effective_date":"2013-01-01","date_precision":"day","category":"transport","lens":"traffic","confidence":"documented","source_ids":["h9gi-nx95"],"explanation":"Crash 215021 at 21:20; injured=0, killed=0; factor=Physical Disability."},"geometry":{"type":"Point","coordinates":[-73.8952032,40.7025918]}},{"type":"Feature","id":"nyc_collision_crash_22945","properties":{"city_id":"nyc","event_id":"nyc_collision_crash_22945","title":"Motor vehicle collision: AVENUE C","year":2013,"effective_date":"2013-01-01","date_precision":"day","category":"transport","lens":"traffic","confidence":"documented","source_ids":["h9gi-nx95"],"explanation":"Crash 22945 at 6:25; injured=0, killed=0; factor=Unspecified."},"geometry":{"type":"Point","coordinates":[-73.9748013,40.7297989]}},{"type":"Feature","id":"nyc_collision_crash_22948","properties":{"city_id":"nyc","event_id":"nyc_collision_crash_22948","title":"Motor vehicle collision: WEST 25 STREET","year":2013,"effective_date":"2013-01-01","date_precision":"day","category":"transport","lens":"traffic","confidence":"documented","source_ids":["h9gi-nx95"],"explanation":"Crash 22948 at 6:55; injured=0, killed=0; factor=Unspecified."},"geometry":{"type":"Point","coordinates":[-73.9918693,40.7441866]}},{"type":"Feature","id":"nyc_collision_crash_229483","properties":{"city_id":"nyc","event_id":"nyc_collision_crash_229483","title":"Motor vehicle collision: CROSS BAY BOULEVARD","year":2013,"effective_date":"2013-01-01","date_precision":"day","category":"transport","lens":"traffic","confidence":"documented","source_ids":["h9gi-nx95"],"explanation":"Crash 229483 at 21:00; injured=0, killed=0; factor=Turning Improperly."},"geometry":{"type":"Point","coordinates":[-73.8446402,40.6802965]}},{"type":"Feature","id":"nyc_collision_crash_22949","properties":{"city_id":"nyc","event_id":"nyc_collision_crash_22949","title":"Motor vehicle collision: PARK AVENUE SOUTH","year":2013,"effective_date":"2013-01-01","date_precision":"day","category":"transport","lens":"traffic","confidence":"documented","source_ids":["h9gi-nx95"],"explanation":"Crash 22949 at 11:30; injured=0, killed=0; factor=Unspecified."},"geometry":{"type":"Point","coordinates":[-73.9840744,40.743324]}},{"type":"Feature","id":"nyc_collision_crash_22951","properties":{"city_id":"nyc","event_id":"nyc_collision_crash_22951","title":"Motor vehicle collision: WEST 14 STREET","year":2013,"effective_date":"2013-01-01","date_precision":"day","category":"transport","lens":"traffic","confidence":"documented","source_ids":["h9gi-nx95"],"explanation":"Crash 22951 at 1:57; injured=2, killed=0; factor=Unspecified."},"geometry":{"type":"Point","coordinates":[-73.996839,40.7373607]}},{"type":"Feature","id":"nyc_collision_crash_229528","properties":{"city_id":"nyc","event_id":"nyc_collision_crash_229528","title":"Motor vehicle collision: NORTH CONDUIT BOULEVARD","year":2013,"effective_date":"2013-01-01","date_precision":"day","category":"transport","lens":"traffic","confidence":"documented","source_ids":["h9gi-nx95"],"explanation":"Crash 229528 at 5:00; injured=1, killed=0; factor=Driver Inattention/Distraction."},"geometry":{"type":"Point","coordinates":[-73.8222416,40.6661202]}},{"type":"Feature","id":"nyc_collision_crash_240700","properties":{"city_id":"nyc","event_id":"nyc_collision_crash_240700","title":"Motor vehicle collision: 43 STREET","year":2013,"effective_date":"2013-01-01","date_precision":"day","category":"transport","lens":"traffic","confidence":"documented","source_ids":["h9gi-nx95"],"explanation":"Crash 240700 at 2:10; injured=0, killed=0; factor=Prescription Medication."},"geometry":{"type":"Point","coordinates":[-73.9197202,40.7540126]}},{"type":"Feature","id":"nyc_collision_crash_240704","properties":{"city_id":"nyc","event_id":"nyc_collision_crash_240704","title":"Motor vehicle collision: 58 STREET","year":2013,"effective_date":"2013-01-01","date_precision":"day","category":"transport","lens":"traffic","confidence":"documented","source_ids":["h9gi-nx95"],"explanation":"Crash 240704 at 19:30; injured=0, killed=0; factor=Unspecified."},"geometry":{"type":"Point","coordinates":[-73.9068045,40.7446598]}},{"type":"Feature","id":"nyc_collision_crash_240712","properties":{"city_id":"nyc","event_id":"nyc_collision_crash_240712","title":"Motor vehicle collision: 61 STREET","year":2013,"effective_date":"2013-01-01","date_precision":"day","category":"transport","lens":"traffic","confidence":"documented","source_ids":["h9gi-nx95"],"explanation":"Crash 240712 at 14:20; injured=0, killed=0; factor=Driver Inattention/Distraction."},"geometry":{"type":"Point","coordinates":[-73.9016584,40.7494643]}},{"type":"Feature","id":"nyc_collision_crash_240713","properties":{"city_id":"nyc","event_id":"nyc_collision_crash_240713","title":"Motor vehicle collision: JACKSON AVENUE","year":2013,"effective_date":"2013-01-01","date_precision":"day","category":"transport","lens":"traffic","confidence":"documented","source_ids":["h9gi-nx95"],"explanation":"Crash 240713 at 16:30; injured=0, killed=0; factor=Driver Inattention/Distraction."},"geometry":{"type":"Point","coordinates":[-73.9496784,40.7440826]}},{"type":"Feature","id":"nyc_collision_crash_248347","properties":{"city_id":"nyc","event_id":"nyc_collision_crash_248347","title":"Motor vehicle collision: 112 STREET","year":2013,"effective_date":"2013-01-01","date_precision":"day","category":"transport","lens":"traffic","confidence":"documented","source_ids":["h9gi-nx95"],"explanation":"Crash 248347 at 1:00; injured=0, killed=0; factor=Unspecified."},"geometry":{"type":"Point","coordinates":[-73.8550098,40.7845532]}},{"type":"Feature","id":"nyc_collision_crash_248390","properties":{"city_id":"nyc","event_id":"nyc_collision_crash_248390","title":"Motor vehicle collision: BLOSSOM AVENUE","year":2013,"effective_date":"2013-01-01","date_precision":"day","category":"transport","lens":"traffic","confidence":"documented","source_ids":["h9gi-nx95"],"explanation":"Crash 248390 at 22:00; injured=0, killed=0; factor=Unspecified."},"geometry":{"type":"Point","coordinates":[-73.832275,40.7514564]}},{"type":"Feature","id":"nyc_collision_crash_274543","properties":{"city_id":"nyc","event_id":"nyc_collision_crash_274543","title":"Motor vehicle collision: 31 STREET","year":2013,"effective_date":"2013-01-01","date_precision":"day","category":"transport","lens":"traffic","confidence":"documented","source_ids":["h9gi-nx95"],"explanation":"Crash 274543 at 10:10; injured=0, killed=0; factor=Traffic Control Disregarded."},"geometry":{"type":"Point","coordinates":[-73.9063041,40.7797289]}},{"type":"Feature","id":"nyc_collision_crash_274544","properties":{"city_id":"nyc","event_id":"nyc_collision_crash_274544","title":"Motor vehicle collision: 43 STREET","year":2013,"effective_date":"2013-01-01","date_precision":"day","category":"transport","lens":"traffic","confidence":"documented","source_ids":["h9gi-nx95"],"explanation":"Crash 274544 at 13:30; injured=0, killed=0; factor=Unspecified."},"geometry":{"type":"Point","coordinates":[-73.9125983,40.7627659]}},{"type":"Feature","id":"nyc_collision_crash_27823","properties":{"city_id":"nyc","event_id":"nyc_collision_crash_27823","title":"Motor vehicle collision: WEST 34 STREET","year":2013,"effective_date":"2013-01-01","date_precision":"day","category":"transport","lens":"traffic","confidence":"documented","source_ids":["h9gi-nx95"],"explanation":"Crash 27823 at 1:40; injured=0, killed=0; factor=Fatigued/Drowsy."},"geometry":{"type":"Point","coordinates":[-73.9934636,40.7521904]}},{"type":"Feature","id":"nyc_collision_crash_27827","properties":{"city_id":"nyc","event_id":"nyc_collision_crash_27827","title":"Motor vehicle collision: EAST 34 STREET","year":2013,"effective_date":"2013-01-01","date_precision":"day","category":"transport","lens":"traffic","confidence":"documented","source_ids":["h9gi-nx95"],"explanation":"Crash 27827 at 6:50; injured=0, killed=0; factor=Physical Disability."},"geometry":{"type":"Point","coordinates":[-73.9813415,40.7470784]}},{"type":"Feature","id":"nyc_collision_crash_27828","properties":{"city_id":"nyc","event_id":"nyc_collision_crash_27828","title":"Motor vehicle collision: WEST 32 STREET","year":2013,"effective_date":"2013-01-01","date_precision":"day","category":"transport","lens":"traffic","confidence":"documented","source_ids":["h9gi-nx95"],"explanation":"Crash 27828 at 4:33; injured=1, killed=0; factor=Unspecified."},"geometry":{"type":"Point","coordinates":[-73.9881767,40.7482897]}},{"type":"Feature","id":"nyc_collision_crash_281033","properties":{"city_id":"nyc","event_id":"nyc_collision_crash_281033","title":"Motor vehicle collision: 94 STREET","year":2013,"effective_date":"2013-01-01","date_precision":"day","category":"transport","lens":"traffic","confidence":"documented","source_ids":["h9gi-nx95"],"explanation":"Crash 281033 at 5:00; injured=0, killed=0; factor=Driver Inattention/Distraction."},"geometry":{"type":"Point","coordinates":[-73.8731615,40.7509158]}},{"type":"Feature","id":"nyc_collision_crash_281035","properties":{"city_id":"nyc","event_id":"nyc_collision_crash_281035","title":"Motor vehicle collision: 86 STREET","year":2013,"effective_date":"2013-01-01","date_precision":"day","category":"transport","lens":"traffic","confidence":"documented","source_ids":["h9gi-nx95"],"explanation":"Crash 281035 at 0:01; injured=0, killed=0; factor=Unspecified."},"geometry":{"type":"Point","coordinates":[-73.8826782,40.7616085]}},{"type":"Feature","id":"nyc_collision_crash_281036","properties":{"city_id":"nyc","event_id":"nyc_collision_crash_281036","title":"Motor vehicle collision: 90 STREET","year":2013,"effective_date":"2013-01-01","date_precision":"day","category":"transport","lens":"traffic","confidence":"documented","source_ids":["h9gi-nx95"],"explanation":"Crash 281036 at 6:15; injured=0, killed=0; factor=Alcohol Involvement."},"geometry":{"type":"Point","coordinates":[-73.8764794,40.7484162]}},{"type":"Feature","id":"nyc_collision_crash_283390","properties":{"city_id":"nyc","event_id":"nyc_collision_crash_283390","title":"Motor vehicle collision: ASTORIA BOULEVARD","year":2013,"effective_date":"2013-01-01","date_precision":"day","category":"transport","lens":"traffic","confidence":"documented","source_ids":["h9gi-nx95"],"explanation":"Crash 283390 at 20:50; injured=1, killed=0; factor=Unspecified."},"geometry":{"type":"Point","coordinates":[-73.8713565,40.762332]}},{"type":"Feature","id":"nyc_collision_crash_2839219","properties":{"city_id":"nyc","event_id":"nyc_collision_crash_2839219","title":"Motor vehicle collision: NYC","year":2013,"effective_date":"2013-01-01","date_precision":"day","category":"transport","lens":"traffic","confidence":"documented","source_ids":["h9gi-nx95"],"explanation":"Crash 2839219 at 19:00; injured=0, killed=0; factor=Unspecified."},"geometry":{"type":"Point","coordinates":[-73.9745391,40.7342964]}},{"type":"Feature","id":"nyc_collision_crash_2866507","properties":{"city_id":"nyc","event_id":"nyc_collision_crash_2866507","title":"Motor vehicle collision: NYC","year":2013,"effective_date":"2013-01-01","date_precision":"day","category":"transport","lens":"traffic","confidence":"documented","source_ids":["h9gi-nx95"],"explanation":"Crash 2866507 at 22:46; injured=0, killed=0; factor=Driver Inattention/Distraction."},"geometry":{"type":"Point","coordinates":[-73.9614777,40.8180094]}},{"type":"Feature","id":"nyc_collision_crash_286681","properties":{"city_id":"nyc","event_id":"nyc_collision_crash_286681","title":"Motor vehicle collision: ALBION PLACE","year":2013,"effective_date":"2013-01-01","date_precision":"day","category":"transport","lens":"traffic","confidence":"documented","source_ids":["h9gi-nx95"],"explanation":"Crash 286681 at 4:14; injured=0, killed=0; factor=Unspecified."},"geometry":{"type":"Point","coordinates":[-74.1335724,40.6334979]}},{"type":"Feature","id":"nyc_collision_crash_286683","properties":{"city_id":"nyc","event_id":"nyc_collision_crash_286683","title":"Motor vehicle collision: CLYDE PLACE","year":2013,"effective_date":"2013-01-01","date_precision":"day","category":"transport","lens":"traffic","confidence":"documented","source_ids":["h9gi-nx95"],"explanation":"Crash 286683 at 10:45; injured=0, killed=0; factor=Unspecified."},"geometry":{"type":"Point","coordinates":[-74.0899741,40.6387526]}},{"type":"Feature","id":"nyc_collision_crash_286687","properties":{"city_id":"nyc","event_id":"nyc_collision_crash_286687","title":"Motor vehicle collision: FOREST AVENUE","year":2013,"effective_date":"2013-01-01","date_precision":"day","category":"transport","lens":"traffic","confidence":"documented","source_ids":["h9gi-nx95"],"explanation":"Crash 286687 at 18:13; injured=0, killed=0; factor=Unspecified."},"geometry":{"type":"Point","coordinates":[-74.1313101,40.6263283]}},{"type":"Feature","id":"nyc_collision_crash_286727","properties":{"city_id":"nyc","event_id":"nyc_collision_crash_286727","title":"Motor vehicle collision: TARGEE STREET","year":2013,"effective_date":"2013-01-01","date_precision":"day","category":"transport","lens":"traffic","confidence":"documented","source_ids":["h9gi-nx95"],"explanation":"Crash 286727 at 2:55; injured=4, killed=0; factor=Unspecified."},"geometry":{"type":"Point","coordinates":[-74.088126,40.6089813]}},{"type":"Feature","id":"nyc_collision_crash_2873051","properties":{"city_id":"nyc","event_id":"nyc_collision_crash_2873051","title":"Motor vehicle collision: NYC","year":2013,"effective_date":"2013-01-01","date_precision":"day","category":"transport","lens":"traffic","confidence":"documented","source_ids":["h9gi-nx95"],"explanation":"Crash 2873051 at 3:30; injured=0, killed=0; factor=Unspecified."},"geometry":{"type":"Point","coordinates":[-73.9450389,40.8432492]}},{"type":"Feature","id":"nyc_collision_crash_2873054","properties":{"city_id":"nyc","event_id":"nyc_collision_crash_2873054","title":"Motor vehicle collision: NYC","year":2013,"effective_date":"2013-01-01","date_precision":"day","category":"transport","lens":"traffic","confidence":"documented","source_ids":["h9gi-nx95"],"explanation":"Crash 2873054 at 0:30; injured=0, killed=0; factor=Unspecified."},"geometry":{"type":"Point","coordinates":[-73.9494462,40.835811]}},{"type":"Feature","id":"nyc_collision_crash_2937775","properties":{"city_id":"nyc","event_id":"nyc_collision_crash_2937775","title":"Motor vehicle collision: NYC","year":2013,"effective_date":"2013-01-01","date_precision":"day","category":"transport","lens":"traffic","confidence":"documented","source_ids":["h9gi-nx95"],"explanation":"Crash 2937775 at 12:16; injured=0, killed=0; factor=Unspecified."},"geometry":{"type":"Point","coordinates":[-73.8722091,40.8551235]}},{"type":"Feature","id":"nyc_collision_crash_2950074","properties":{"city_id":"nyc","event_id":"nyc_collision_crash_2950074","title":"Motor vehicle collision: NYC","year":2013,"effective_date":"2013-01-01","date_precision":"day","category":"transport","lens":"traffic","confidence":"documented","source_ids":["h9gi-nx95"],"explanation":"Crash 2950074 at 21:30; injured=0, killed=0; factor=Unspecified."},"geometry":{"type":"Point","coordinates":[-73.9003,40.6017416]}},{"type":"Feature","id":"nyc_collision_crash_2957398","properties":{"city_id":"nyc","event_id":"nyc_collision_crash_2957398","title":"Motor vehicle collision: NYC","year":2013,"effective_date":"2013-01-01","date_precision":"day","category":"transport","lens":"traffic","confidence":"documented","source_ids":["h9gi-nx95"],"explanation":"Crash 2957398 at 8:35; injured=0, killed=0; factor=Driver Inattention/Distraction."},"geometry":{"type":"Point","coordinates":[-74.0279272,40.6407977]}},{"type":"Feature","id":"nyc_collision_crash_295918","properties":{"city_id":"nyc","event_id":"nyc_collision_crash_295918","title":"Motor vehicle collision: TODDY AVENUE","year":2013,"effective_date":"2013-01-01","date_precision":"day","category":"transport","lens":"traffic","confidence":"documented","source_ids":["h9gi-nx95"],"explanation":"Crash 295918 at 1:30; injured=0, killed=0; factor=Driver Inattention/Distraction."},"geometry":{"type":"Point","coordinates":[-74.1656349,40.6003429]}},{"type":"Feature","id":"nyc_collision_crash_295919","properties":{"city_id":"nyc","event_id":"nyc_collision_crash_295919","title":"Motor vehicle collision: VICTORY BOULEVARD","year":2013,"effective_date":"2013-01-01","date_precision":"day","category":"transport","lens":"traffic","confidence":"documented","source_ids":["h9gi-nx95"],"explanation":"Crash 295919 at 2:17; injured=0, killed=0; factor=Fatigued/Drowsy."},"geometry":{"type":"Point","coordinates":[-74.1573526,40.6080537]}},{"type":"Feature","id":"nyc_collision_crash_295925","properties":{"city_id":"nyc","event_id":"nyc_collision_crash_295925","title":"Motor vehicle collision: HYLAN BOULEVARD","year":2013,"effective_date":"2013-01-01","date_precision":"day","category":"transport","lens":"traffic","confidence":"documented","source_ids":["h9gi-nx95"],"explanation":"Crash 295925 at 18:30; injured=0, killed=0; factor=Unspecified."},"geometry":{"type":"Point","coordinates":[-74.0807591,40.5986114]}},{"type":"Feature","id":"nyc_collision_crash_295926","properties":{"city_id":"nyc","event_id":"nyc_collision_crash_295926","title":"Motor vehicle collision: SHERIDAN AVENUE","year":2013,"effective_date":"2013-01-01","date_precision":"day","category":"transport","lens":"traffic","confidence":"documented","source_ids":["h9gi-nx95"],"explanation":"Crash 295926 at 21:30; injured=0, killed=0; factor=Tire Failure/Inadequate."},"geometry":{"type":"Point","coordinates":[-74.0833353,40.6027349]}},{"type":"Feature","id":"nyc_collision_crash_2960136","properties":{"city_id":"nyc","event_id":"nyc_collision_crash_2960136","title":"Motor vehicle collision: NYC","year":2013,"effective_date":"2013-01-01","date_precision":"day","category":"transport","lens":"traffic","confidence":"documented","source_ids":["h9gi-nx95"],"explanation":"Crash 2960136 at 2:03; injured=0, killed=0; factor=Unspecified."},"geometry":{"type":"Point","coordinates":[-73.898359,40.6071523]}},{"type":"Feature","id":"nyc_collision_crash_2985316","properties":{"city_id":"nyc","event_id":"nyc_collision_crash_2985316","title":"Motor vehicle collision: NYC","year":2013,"effective_date":"2013-01-01","date_precision":"day","category":"transport","lens":"traffic","confidence":"documented","source_ids":["h9gi-nx95"],"explanation":"Crash 2985316 at 5:20; injured=1, killed=0; factor=Unspecified."},"geometry":{"type":"Point","coordinates":[-73.9752686,40.6962153]}},{"type":"Feature","id":"nyc_collision_crash_2997715","properties":{"city_id":"nyc","event_id":"nyc_collision_crash_2997715","title":"Motor vehicle collision: NYC","year":2013,"effective_date":"2013-01-01","date_precision":"day","category":"transport","lens":"traffic","confidence":"documented","source_ids":["h9gi-nx95"],"explanation":"Crash 2997715 at 0:40; injured=0, killed=0; factor=Outside Car Distraction."},"geometry":{"type":"Point","coordinates":[-73.8140794,40.6977347]}},{"type":"Feature","id":"nyc_collision_crash_3003993","properties":{"city_id":"nyc","event_id":"nyc_collision_crash_3003993","title":"Motor vehicle collision: NYC","year":2013,"effective_date":"2013-01-01","date_precision":"day","category":"transport","lens":"traffic","confidence":"documented","source_ids":["h9gi-nx95"],"explanation":"Crash 3003993 at 7:00; injured=0, killed=0; factor=Unspecified."},"geometry":{"type":"Point","coordinates":[-73.9040809,40.7261912]}},{"type":"Feature","id":"nyc_collision_crash_3017185","properties":{"city_id":"nyc","event_id":"nyc_collision_crash_3017185","title":"Motor vehicle collision: NYC","year":2013,"effective_date":"2013-01-01","date_precision":"day","category":"transport","lens":"traffic","confidence":"documented","source_ids":["h9gi-nx95"],"explanation":"Crash 3017185 at 6:50; injured=1, killed=0; factor=Unspecified."},"geometry":{"type":"Point","coordinates":[-73.7277536,40.6814763]}},{"type":"Feature","id":"nyc_collision_crash_3017187","properties":{"city_id":"nyc","event_id":"nyc_collision_crash_3017187","title":"Motor vehicle collision: NYC","year":2013,"effective_date":"2013-01-01","date_precision":"day","category":"transport","lens":"traffic","confidence":"documented","source_ids":["h9gi-nx95"],"explanation":"Crash 3017187 at 23:45; injured=1, killed=0; factor=Unspecified."},"geometry":{"type":"Point","coordinates":[-73.7287776,40.6803164]}},{"type":"Feature","id":"nyc_collision_crash_302093","properties":{"city_id":"nyc","event_id":"nyc_collision_crash_302093","title":"Motor vehicle collision: ENGLEWOOD AVENUE","year":2013,"effective_date":"2013-01-01","date_precision":"day","category":"transport","lens":"traffic","confidence":"documented","source_ids":["h9gi-nx95"],"explanation":"Crash 302093 at 15:20; injured=0, killed=0; factor=Unspecified."},"geometry":{"type":"Point","coordinates":[-74.2177806,40.531427]}},{"type":"Feature","id":"nyc_collision_crash_302094","properties":{"city_id":"nyc","event_id":"nyc_collision_crash_302094","title":"Motor vehicle collision: STATION AVENUE","year":2013,"effective_date":"2013-01-01","date_precision":"day","category":"transport","lens":"traffic","confidence":"documented","source_ids":["h9gi-nx95"],"explanation":"Crash 302094 at 13:20; injured=0, killed=0; factor=Unspecified."},"geometry":{"type":"Point","coordinates":[-74.2162392,40.5231378]}},{"type":"Feature","id":"nyc_collision_crash_3033584","properties":{"city_id":"nyc","event_id":"nyc_collision_crash_3033584","title":"Motor vehicle collision: NYC","year":2013,"effective_date":"2013-01-01","date_precision":"day","category":"transport","lens":"traffic","confidence":"documented","source_ids":["h9gi-nx95"],"explanation":"Crash 3033584 at 9:00; injured=2, killed=0; factor=Unspecified."},"geometry":{"type":"Point","coordinates":[-73.8123904,40.738609]}},{"type":"Feature","id":"nyc_collision_crash_3056025","properties":{"city_id":"nyc","event_id":"nyc_collision_crash_3056025","title":"Motor vehicle collision: NYC","year":2013,"effective_date":"2013-01-01","date_precision":"day","category":"transport","lens":"traffic","confidence":"documented","source_ids":["h9gi-nx95"],"explanation":"Crash 3056025 at 17:50; injured=1, killed=0; factor=Unspecified."},"geometry":{"type":"Point","coordinates":[-73.8239273,40.7864283]}},{"type":"Feature","id":"nyc_collision_crash_3065266","properties":{"city_id":"nyc","event_id":"nyc_collision_crash_3065266","title":"Motor vehicle collision: NYC","year":2013,"effective_date":"2013-01-01","date_precision":"day","category":"transport","lens":"traffic","confidence":"documented","source_ids":["h9gi-nx95"],"explanation":"Crash 3065266 at 0:30; injured=0, killed=0; factor=Unspecified."},"geometry":{"type":"Point","coordinates":[-73.8352111,40.7322661]}},{"type":"Feature","id":"nyc_collision_crash_3079316","properties":{"city_id":"nyc","event_id":"nyc_collision_crash_3079316","title":"Motor vehicle collision: NYC","year":2013,"effective_date":"2013-01-01","date_precision":"day","category":"transport","lens":"traffic","confidence":"documented","source_ids":["h9gi-nx95"],"explanation":"Crash 3079316 at 21:40; injured=0, killed=0; factor=Unspecified."},"geometry":{"type":"Point","coordinates":[-73.7845327,40.7745476]}},{"type":"Feature","id":"nyc_collision_crash_3102231","properties":{"city_id":"nyc","event_id":"nyc_collision_crash_3102231","title":"Motor vehicle collision: NYC","year":2013,"effective_date":"2013-01-01","date_precision":"day","category":"transport","lens":"traffic","confidence":"documented","source_ids":["h9gi-nx95"],"explanation":"Crash 3102231 at 5:10; injured=0, killed=0; factor=Outside Car Distraction."},"geometry":{"type":"Point","coordinates":[-73.9011907,40.7589074]}},{"type":"Feature","id":"nyc_collision_crash_3102233","properties":{"city_id":"nyc","event_id":"nyc_collision_crash_3102233","title":"Motor vehicle collision: NYC","year":2013,"effective_date":"2013-01-01","date_precision":"day","category":"transport","lens":"traffic","confidence":"documented","source_ids":["h9gi-nx95"],"explanation":"Crash 3102233 at 14:10; injured=0, killed=0; factor=Fatigued/Drowsy."},"geometry":{"type":"Point","coordinates":[-73.8992829,40.754882]}},{"type":"Feature","id":"nyc_collision_crash_3125143","properties":{"city_id":"nyc","event_id":"nyc_collision_crash_3125143","title":"Motor vehicle collision: NYC","year":2013,"effective_date":"2013-01-01","date_precision":"day","category":"transport","lens":"traffic","confidence":"documented","source_ids":["h9gi-nx95"],"explanation":"Crash 3125143 at 12:50; injured=1, killed=0; factor=Unspecified."},"geometry":{"type":"Point","coordinates":[-74.2222752,40.5455814]}},{"type":"Feature","id":"nyc_collision_crash_33760","properties":{"city_id":"nyc","event_id":"nyc_collision_crash_33760","title":"Motor vehicle collision: EAST 50 STREET","year":2013,"effective_date":"2013-01-01","date_precision":"day","category":"transport","lens":"traffic","confidence":"documented","source_ids":["h9gi-nx95"],"explanation":"Crash 33760 at 2:02; injured=1, killed=0; factor=Unspecified."},"geometry":{"type":"Point","coordinates":[-73.9685222,40.7548762]}},{"type":"Feature","id":"nyc_collision_crash_33767","properties":{"city_id":"nyc","event_id":"nyc_collision_crash_33767","title":"Motor vehicle collision: EAST 39 STREET","year":2013,"effective_date":"2013-01-01","date_precision":"day","category":"transport","lens":"traffic","confidence":"documented","source_ids":["h9gi-nx95"],"explanation":"Crash 33767 at 9:30; injured=0, killed=0; factor=Unspecified."},"geometry":{"type":"Point","coordinates":[-73.973607,40.747925]}},{"type":"Feature","id":"nyc_collision_crash_33768","properties":{"city_id":"nyc","event_id":"nyc_collision_crash_33768","title":"Motor vehicle collision: EAST 57 STREET","year":2013,"effective_date":"2013-01-01","date_precision":"day","category":"transport","lens":"traffic","confidence":"documented","source_ids":["h9gi-nx95"],"explanation":"Crash 33768 at 1:15; injured=0, killed=0; factor=Unspecified."},"geometry":{"type":"Point","coordinates":[-73.9652931,40.759308]}},{"type":"Feature","id":"nyc_collision_crash_39874","properties":{"city_id":"nyc","event_id":"nyc_collision_crash_39874","title":"Motor vehicle collision: 8 AVENUE","year":2013,"effective_date":"2013-01-01","date_precision":"day","category":"transport","lens":"traffic","confidence":"documented","source_ids":["h9gi-nx95"],"explanation":"Crash 39874 at 16:05; injured=0, killed=0; factor=Backing Unsafely."},"geometry":{"type":"Point","coordinates":[-73.9856472,40.7629162]}},{"type":"Feature","id":"nyc_collision_crash_39875","properties":{"city_id":"nyc","event_id":"nyc_collision_crash_39875","title":"Motor vehicle collision: 6 AVENUE","year":2013,"effective_date":"2013-01-01","date_precision":"day","category":"transport","lens":"traffic","confidence":"documented","source_ids":["h9gi-nx95"],"explanation":"Crash 39875 at 4:45; injured=0, killed=0; factor=Turning Improperly."},"geometry":{"type":"Point","coordinates":[-73.979056,40.7617706]}},{"type":"Feature","id":"nyc_collision_crash_39876","properties":{"city_id":"nyc","event_id":"nyc_collision_crash_39876","title":"Motor vehicle collision: EAST 57 STREET","year":2013,"effective_date":"2013-01-01","date_precision":"day","category":"transport","lens":"traffic","confidence":"documented","source_ids":["h9gi-nx95"],"explanation":"Crash 39876 at 13:15; injured=0, killed=0; factor=Unspecified."},"geometry":{"type":"Point","coordinates":[-73.969133,40.7609285]}},{"type":"Feature","id":"nyc_collision_crash_39877","properties":{"city_id":"nyc","event_id":"nyc_collision_crash_39877","title":"Motor vehicle collision: WEST 54 STREET","year":2013,"effective_date":"2013-01-01","date_precision":"day","category":"transport","lens":"traffic","confidence":"documented","source_ids":["h9gi-nx95"],"explanation":"Crash 39877 at 18:30; injured=0, killed=0; factor=Unspecified."},"geometry":{"type":"Point","coordinates":[-73.9786009,40.7623963]}},{"type":"Feature","id":"nyc_collision_crash_39879","properties":{"city_id":"nyc","event_id":"nyc_collision_crash_39879","title":"Motor vehicle collision: 6 AVENUE","year":2013,"effective_date":"2013-01-01","date_precision":"day","category":"transport","lens":"traffic","confidence":"documented","source_ids":["h9gi-nx95"],"explanation":"Crash 39879 at 20:00; injured=0, killed=0; factor=Lost Consciousness."},"geometry":{"type":"Point","coordinates":[-73.9804246,40.7598989]}},{"type":"Feature","id":"nyc_collision_crash_39880","properties":{"city_id":"nyc","event_id":"nyc_collision_crash_39880","title":"Motor vehicle collision: EAST 57 STREET","year":2013,"effective_date":"2013-01-01","date_precision":"day","category":"transport","lens":"traffic","confidence":"documented","source_ids":["h9gi-nx95"],"explanation":"Crash 39880 at 17:00; injured=0, killed=0; factor=Unspecified."},"geometry":{"type":"Point","coordinates":[-73.969133,40.7609285]}},{"type":"Feature","id":"nyc_collision_crash_47039","properties":{"city_id":"nyc","event_id":"nyc_collision_crash_47039","title":"Motor vehicle collision: EAST 72 STREET","year":2013,"effective_date":"2013-01-01","date_precision":"day","category":"transport","lens":"traffic","confidence":"documented","source_ids":["h9gi-nx95"],"explanation":"Crash 47039 at 4:00; injured=0, killed=0; factor=Unspecified."},"geometry":{"type":"Point","coordinates":[-73.9654346,40.7717829]}},{"type":"Feature","id":"nyc_collision_crash_47040","properties":{"city_id":"nyc","event_id":"nyc_collision_crash_47040","title":"Motor vehicle collision: PARK AVENUE","year":2013,"effective_date":"2013-01-01","date_precision":"day","category":"transport","lens":"traffic","confidence":"documented","source_ids":["h9gi-nx95"],"explanation":"Crash 47040 at 8:44; injured=0, killed=0; factor=Physical Disability."},"geometry":{"type":"Point","coordinates":[-73.9693376,40.763547]}},{"type":"Feature","id":"nyc_collision_crash_47041","properties":{"city_id":"nyc","event_id":"nyc_collision_crash_47041","title":"Motor vehicle collision: EAST 93 STREET","year":2013,"effective_date":"2013-01-01","date_precision":"day","category":"transport","lens":"traffic","confidence":"documented","source_ids":["h9gi-nx95"],"explanation":"Crash 47041 at 15:45; injured=1, killed=0; factor=Driver Inattention/Distraction."},"geometry":{"type":"Point","coordinates":[-73.9507393,40.7832615]}},{"type":"Feature","id":"nyc_collision_crash_47048","properties":{"city_id":"nyc","event_id":"nyc_collision_crash_47048","title":"Motor vehicle collision: EAST 79 STREET","year":2013,"effective_date":"2013-01-01","date_precision":"day","category":"transport","lens":"traffic","confidence":"documented","source_ids":["h9gi-nx95"],"explanation":"Crash 47048 at 19:31; injured=0, killed=0; factor=Failure to Yield Right-of-Way."},"geometry":{"type":"Point","coordinates":[-73.9637277,40.7770056]}},{"type":"Feature","id":"nyc_collision_crash_53301","properties":{"city_id":"nyc","event_id":"nyc_collision_crash_53301","title":"Motor vehicle collision: COLUMBUS AVENUE","year":2013,"effective_date":"2013-01-01","date_precision":"day","category":"transport","lens":"traffic","confidence":"documented","source_ids":["h9gi-nx95"],"explanation":"Crash 53301 at 4:15; injured=0, killed=0; factor=Unspecified."},"geometry":{"type":"Point","coordinates":[-73.9773678,40.7793641]}},{"type":"Feature","id":"nyc_collision_crash_53302","properties":{"city_id":"nyc","event_id":"nyc_collision_crash_53302","title":"Motor vehicle collision: WEST 74 STREET","year":2013,"effective_date":"2013-01-01","date_precision":"day","category":"transport","lens":"traffic","confidence":"documented","source_ids":["h9gi-nx95"],"explanation":"Crash 53302 at 12:30; injured=0, killed=0; factor=Oversized Vehicle."},"geometry":{"type":"Point","coordinates":[-73.9806751,40.7799246]}},{"type":"Feature","id":"nyc_collision_crash_56114","properties":{"city_id":"nyc","event_id":"nyc_collision_crash_56114","title":"Motor vehicle collision: EAST 115 STREET","year":2013,"effective_date":"2013-01-01","date_precision":"day","category":"transport","lens":"traffic","confidence":"documented","source_ids":["h9gi-nx95"],"explanation":"Crash 56114 at 21:20; injured=0, killed=0; factor=Unspecified."},"geometry":{"type":"Point","coordinates":[-73.9359119,40.7953118]}},{"type":"Feature","id":"nyc_collision_crash_58188","properties":{"city_id":"nyc","event_id":"nyc_collision_crash_58188","title":"Motor vehicle collision: WEST 104 STREET","year":2013,"effective_date":"2013-01-01","date_precision":"day","category":"transport","lens":"traffic","confidence":"documented","source_ids":["h9gi-nx95"],"explanation":"Crash 58188 at 18:27; injured=1, killed=0; factor=Failure to Yield Right-of-Way."},"geometry":{"type":"Point","coordinates":[-73.9624344,40.7973382]}},{"type":"Feature","id":"nyc_collision_crash_58189","properties":{"city_id":"nyc","event_id":"nyc_collision_crash_58189","title":"Motor vehicle collision: WEST 96 STREET","year":2013,"effective_date":"2013-01-01","date_precision":"day","category":"transport","lens":"traffic","confidence":"documented","source_ids":["h9gi-nx95"],"explanation":"Crash 58189 at 20:52; injured=0, killed=0; factor=Unspecified."},"geometry":{"type":"Point","coordinates":[-73.9703673,40.7940523]}},{"type":"Feature","id":"nyc_collision_crash_58190","properties":{"city_id":"nyc","event_id":"nyc_collision_crash_58190","title":"Motor vehicle collision: WEST 103 STREET","year":2013,"effective_date":"2013-01-01","date_precision":"day","category":"transport","lens":"traffic","confidence":"documented","source_ids":["h9gi-nx95"],"explanation":"Crash 58190 at 20:25; injured=0, killed=0; factor=Unspecified."},"geometry":{"type":"Point","coordinates":[-73.9671219,40.7985061]}},{"type":"Feature","id":"nyc_collision_crash_60376","properties":{"city_id":"nyc","event_id":"nyc_collision_crash_60376","title":"Motor vehicle collision: EAST 127 STREET","year":2013,"effective_date":"2013-01-01","date_precision":"day","category":"transport","lens":"traffic","confidence":"documented","source_ids":["h9gi-nx95"],"explanation":"Crash 60376 at 11:18; injured=0, killed=0; factor=Driver Inattention/Distraction."},"geometry":{"type":"Point","coordinates":[-73.9413184,40.8077127]}},{"type":"Feature","id":"nyc_collision_crash_62566","properties":{"city_id":"nyc","event_id":"nyc_collision_crash_62566","title":"Motor vehicle collision: MORNINGSIDE DRIVE","year":2013,"effective_date":"2013-01-01","date_precision":"day","category":"transport","lens":"traffic","confidence":"documented","source_ids":["h9gi-nx95"],"explanation":"Crash 62566 at 16:00; injured=0, killed=0; factor=Unspecified."},"geometry":{"type":"Point","coordinates":[-73.9603176,40.8039907]}},{"type":"Feature","id":"nyc_collision_crash_62567","properties":{"city_id":"nyc","event_id":"nyc_collision_crash_62567","title":"Motor vehicle collision: AMSTERDAM AVENUE","year":2013,"effective_date":"2013-01-01","date_precision":"day","category":"transport","lens":"traffic","confidence":"documented","source_ids":["h9gi-nx95"],"explanation":"Crash 62567 at 17:15; injured=0, killed=0; factor=Unspecified."},"geometry":{"type":"Point","coordinates":[-73.9540891,40.8163616]}},{"type":"Feature","id":"nyc_collision_crash_64013","properties":{"city_id":"nyc","event_id":"nyc_collision_crash_64013","title":"Motor vehicle collision: 8 AVENUE","year":2013,"effective_date":"2013-01-01","date_precision":"day","category":"transport","lens":"traffic","confidence":"documented","source_ids":["h9gi-nx95"],"explanation":"Crash 64013 at 6:40; injured=3, killed=0; factor=Failure to Yield Right-of-Way."},"geometry":{"type":"Point","coordinates":[-73.9530403,40.807611]}},{"type":"Feature","id":"nyc_collision_crash_6553","properties":{"city_id":"nyc","event_id":"nyc_collision_crash_6553","title":"Motor vehicle collision: EAST BROADWAY","year":2013,"effective_date":"2013-01-01","date_precision":"day","category":"transport","lens":"traffic","confidence":"documented","source_ids":["h9gi-nx95"],"explanation":"Crash 6553 at 6:40; injured=1, killed=0; factor=Driver Inattention/Distraction."},"geometry":{"type":"Point","coordinates":[-73.9945856,40.7136898]}},{"type":"Feature","id":"nyc_collision_crash_66853","properties":{"city_id":"nyc","event_id":"nyc_collision_crash_66853","title":"Motor vehicle collision: 7 AVENUE","year":2013,"effective_date":"2013-01-01","date_precision":"day","category":"transport","lens":"traffic","confidence":"documented","source_ids":["h9gi-nx95"],"explanation":"Crash 66853 at 12:30; injured=0, killed=0; factor=Unspecified."},"geometry":{"type":"Point","coordinates":[-73.9363056,40.8254299]}},{"type":"Feature","id":"nyc_collision_crash_70774","properties":{"city_id":"nyc","event_id":"nyc_collision_crash_70774","title":"Motor vehicle collision: WEST 207 STREET","year":2013,"effective_date":"2013-01-01","date_precision":"day","category":"transport","lens":"traffic","confidence":"documented","source_ids":["h9gi-nx95"],"explanation":"Crash 70774 at 10:15; injured=0, killed=0; factor=Failure to Yield Right-of-Way."},"geometry":{"type":"Point","coordinates":[-73.9193623,40.8648086]}},{"type":"Feature","id":"nyc_collision_crash_70775","properties":{"city_id":"nyc","event_id":"nyc_collision_crash_70775","title":"Motor vehicle collision: SHERMAN AVENUE","year":2013,"effective_date":"2013-01-01","date_precision":"day","category":"transport","lens":"traffic","confidence":"documented","source_ids":["h9gi-nx95"],"explanation":"Crash 70775 at 5:40; injured=0, killed=0; factor=Lost Consciousness."},"geometry":{"type":"Point","coordinates":[-73.9260124,40.8635725]}},{"type":"Feature","id":"nyc_collision_crash_70783","properties":{"city_id":"nyc","event_id":"nyc_collision_crash_70783","title":"Motor vehicle collision: 10 AVENUE","year":2013,"effective_date":"2013-01-01","date_precision":"day","category":"transport","lens":"traffic","confidence":"documented","source_ids":["h9gi-nx95"],"explanation":"Crash 70783 at 7:45; injured=2, killed=0; factor=Failure to Yield Right-of-Way."},"geometry":{"type":"Point","coordinates":[-73.9189434,40.8644625]}},{"type":"Feature","id":"nyc_collision_crash_73621","properties":{"city_id":"nyc","event_id":"nyc_collision_crash_73621","title":"Motor vehicle collision: SAINT ANNS AVENUE","year":2013,"effective_date":"2013-01-01","date_precision":"day","category":"transport","lens":"traffic","confidence":"documented","source_ids":["h9gi-nx95"],"explanation":"Crash 73621 at 8:50; injured=2, killed=0; factor=Other Vehicular."},"geometry":{"type":"Point","coordinates":[-73.9197796,40.8035936]}},{"type":"Feature","id":"nyc_collision_crash_73622","properties":{"city_id":"nyc","event_id":"nyc_collision_crash_73622","title":"Motor vehicle collision: MELROSE AVENUE","year":2013,"effective_date":"2013-01-01","date_precision":"day","category":"transport","lens":"traffic","confidence":"documented","source_ids":["h9gi-nx95"],"explanation":"Crash 73622 at 6:00; injured=0, killed=0; factor=Fatigued/Drowsy."},"geometry":{"type":"Point","coordinates":[-73.915901,40.8201744]}},{"type":"Feature","id":"nyc_collision_crash_79250","properties":{"city_id":"nyc","event_id":"nyc_collision_crash_79250","title":"Motor vehicle collision: EAST 163 STREET","year":2013,"effective_date":"2013-01-01","date_precision":"day","category":"transport","lens":"traffic","confidence":"documented","source_ids":["h9gi-nx95"],"explanation":"Crash 79250 at 1:30; injured=0, killed=0; factor=Unspecified."},"geometry":{"type":"Point","coordinates":[-73.9031399,40.8227143]}},{"type":"Feature","id":"nyc_collision_crash_79251","properties":{"city_id":"nyc","event_id":"nyc_collision_crash_79251","title":"Motor vehicle collision: WEBSTER AVENUE","year":2013,"effective_date":"2013-01-01","date_precision":"day","category":"transport","lens":"traffic","confidence":"documented","source_ids":["h9gi-nx95"],"explanation":"Crash 79251 at 1:10; injured=0, killed=0; factor=Unspecified."},"geometry":{"type":"Point","coordinates":[-73.9053847,40.839769]}},{"type":"Feature","id":"nyc_collision_crash_82076","properties":{"city_id":"nyc","event_id":"nyc_collision_crash_82076","title":"Motor vehicle collision: WATSON AVENUE","year":2013,"effective_date":"2013-01-01","date_precision":"day","category":"transport","lens":"traffic","confidence":"documented","source_ids":["h9gi-nx95"],"explanation":"Crash 82076 at 14:10; injured=4, killed=0; factor=Driver Inattention/Distraction."},"geometry":{"type":"Point","coordinates":[-73.8757999,40.8264017]}},{"type":"Feature","id":"nyc_collision_crash_82077","properties":{"city_id":"nyc","event_id":"nyc_collision_crash_82077","title":"Motor vehicle collision: PUGSLEY AVENUE","year":2013,"effective_date":"2013-01-01","date_precision":"day","category":"transport","lens":"traffic","confidence":"documented","source_ids":["h9gi-nx95"],"explanation":"Crash 82077 at 18:50; injured=0, killed=0; factor=Unspecified."},"geometry":{"type":"Point","coordinates":[-73.8573243,40.8318203]}},{"type":"Feature","id":"nyc_collision_crash_82078","properties":{"city_id":"nyc","event_id":"nyc_collision_crash_82078","title":"Motor vehicle collision: WESTCHESTER AVENUE","year":2013,"effective_date":"2013-01-01","date_precision":"day","category":"transport","lens":"traffic","confidence":"documented","source_ids":["h9gi-nx95"],"explanation":"Crash 82078 at 3:10; injured=0, killed=0; factor=Unspecified."},"geometry":{"type":"Point","coordinates":[-73.853471,40.834014]}},{"type":"Feature","id":"nyc_collision_crash_86199","properties":{"city_id":"nyc","event_id":"nyc_collision_crash_86199","title":"Motor vehicle collision: JEROME AVENUE","year":2013,"effective_date":"2013-01-01","date_precision":"day","category":"transport","lens":"traffic","confidence":"documented","source_ids":["h9gi-nx95"],"explanation":"Crash 86199 at 22:15; injured=0, killed=0; factor=Turning Improperly."},"geometry":{"type":"Point","coordinates":[-73.9147428,40.8443435]}},{"type":"Feature","id":"nyc_collision_crash_92831","properties":{"city_id":"nyc","event_id":"nyc_collision_crash_92831","title":"Motor vehicle collision: JEROME AVENUE","year":2013,"effective_date":"2013-01-01","date_precision":"day","category":"transport","lens":"traffic","confidence":"documented","source_ids":["h9gi-nx95"],"explanation":"Crash 92831 at 7:25; injured=1, killed=0; factor=Alcohol Involvement."},"geometry":{"type":"Point","coordinates":[-73.9123638,40.8476821]}},{"type":"Feature","id":"nyc_collision_crash_92832","properties":{"city_id":"nyc","event_id":"nyc_collision_crash_92832","title":"Motor vehicle collision: WEST 176 STREET","year":2013,"effective_date":"2013-01-01","date_precision":"day","category":"transport","lens":"traffic","confidence":"documented","source_ids":["h9gi-nx95"],"explanation":"Crash 92832 at 7:25; injured=1, killed=0; factor=Unspecified."},"geometry":{"type":"Point","coordinates":[-73.9139674,40.8486082]}},{"type":"Feature","id":"nyc_collision_crash_92834","properties":{"city_id":"nyc","event_id":"nyc_collision_crash_92834","title":"Motor vehicle collision: WALTON AVENUE","year":2013,"effective_date":"2013-01-01","date_precision":"day","category":"transport","lens":"traffic","confidence":"documented","source_ids":["h9gi-nx95"],"explanation":"Crash 92834 at 15:20; injured=0, killed=0; factor=Unspecified."},"geometry":{"type":"Point","coordinates":[-73.9097498,40.8482564]}},{"type":"Feature","id":"nyc_collision_crash_96349","properties":{"city_id":"nyc","event_id":"nyc_collision_crash_96349","title":"Motor vehicle collision: EAST 221 STREET","year":2013,"effective_date":"2013-01-01","date_precision":"day","category":"transport","lens":"traffic","confidence":"documented","source_ids":["h9gi-nx95"],"explanation":"Crash 96349 at 3:00; injured=0, killed=0; factor=Unspecified."},"geometry":{"type":"Point","coordinates":[-73.8562775,40.8831532]}},{"type":"Feature","id":"nyc_collision_crash_96354","properties":{"city_id":"nyc","event_id":"nyc_collision_crash_96354","title":"Motor vehicle collision: BARNES AVENUE","year":2013,"effective_date":"2013-01-01","date_precision":"day","category":"transport","lens":"traffic","confidence":"documented","source_ids":["h9gi-nx95"],"explanation":"Crash 96354 at 17:30; injured=2, killed=0; factor=Unspecified."},"geometry":{"type":"Point","coordinates":[-73.8544923,40.8924774]}},{"type":"Feature","id":"nyc_dob_permit_1109531","properties":{"city_id":"nyc","event_id":"nyc_dob_permit_1109531","title":"DOB permit issued: EW at 420 LEXINGTON AVENUE, MANHATTAN","year":2013,"effective_date":"2013-01-02","date_precision":"day","category":"built_environment","lens":"built_environment","confidence":"documented","source_ids":["ipu4-2q9a"],"explanation":"ISSUED EW record for job 121397041 at 420 LEXINGTON AVENUE in MANHATTAN."},"geometry":{"type":"Point","coordinates":[-73.975464,40.752262]}},{"type":"Feature","id":"nyc_dob_permit_2477158","properties":{"city_id":"nyc","event_id":"nyc_dob_permit_2477158","title":"DOB permit issued: EW at 419 EAST 57 STREET, MANHATTAN","year":2013,"effective_date":"2013-01-04","date_precision":"day","category":"environment","lens":"green_space","confidence":"documented","source_ids":["ipu4-2q9a"],"explanation":"ISSUED EW record for job 121466760 at 419 EAST 57 STREET in MANHATTAN."},"geometry":{"type":"Point","coordinates":[-73.962294,40.758053]}},{"type":"Feature","id":"nyc_dob_permit_2479291","properties":{"city_id":"nyc","event_id":"nyc_dob_permit_2479291","title":"DOB permit issued: EW at 30 EAST 60TH STREET, MANHATTAN","year":2013,"effective_date":"2013-01-14","date_precision":"day","category":"environment","lens":"green_space","confidence":"documented","source_ids":["ipu4-2q9a"],"explanation":"ISSUED EW record for job 120525663 at 30 EAST 60TH STREET in MANHATTAN."},"geometry":{"type":"Point","coordinates":[-73.970576,40.764047]}},{"type":"Feature","id":"nyc_dob_permit_2480017","properties":{"city_id":"nyc","event_id":"nyc_dob_permit_2480017","title":"DOB permit issued: EW at 216-20 HILLSIDE AVENUE, QUEENS","year":2013,"effective_date":"2013-01-02","date_precision":"day","category":"built_environment","lens":"built_environment","confidence":"documented","source_ids":["ipu4-2q9a"],"explanation":"ISSUED EW record for job 420791851 at 216-20 HILLSIDE AVENUE in QUEENS."},"geometry":{"type":"Point","coordinates":[-73.748183,40.727704]}},{"type":"Feature","id":"nyc_dob_permit_2480019","properties":{"city_id":"nyc","event_id":"nyc_dob_permit_2480019","title":"DOB permit issued: EQ at 340 LEXINGTON AVE, MANHATTAN","year":2013,"effective_date":"2013-01-02","date_precision":"day","category":"built_environment","lens":"built_environment","confidence":"documented","source_ids":["ipu4-2q9a"],"explanation":"ISSUED EQ record for job 121474779 at 340 LEXINGTON AVE in MANHATTAN."},"geometry":{"type":"Point","coordinates":[-73.977259,40.749798]}},{"type":"Feature","id":"nyc_dob_permit_2480098","properties":{"city_id":"nyc","event_id":"nyc_dob_permit_2480098","title":"DOB permit issued: EQ at 64-05 WOODSIDE AVE, QUEENS","year":2013,"effective_date":"2013-01-02","date_precision":"day","category":"built_environment","lens":"built_environment","confidence":"documented","source_ids":["ipu4-2q9a"],"explanation":"ISSUED EQ record for job 420251355 at 64-05 WOODSIDE AVE in QUEENS."},"geometry":{"type":"Point","coordinates":[-73.900757,40.744029]}},{"type":"Feature","id":"nyc_dob_permit_2480252","properties":{"city_id":"nyc","event_id":"nyc_dob_permit_2480252","title":"DOB permit issued: EW at 61-01 39 AVENUE, QUEENS","year":2013,"effective_date":"2013-01-02","date_precision":"day","category":"built_environment","lens":"built_environment","confidence":"documented","source_ids":["ipu4-2q9a"],"explanation":"ISSUED EW record for job 402496134 at 61-01 39 AVENUE in QUEENS."},"geometry":{"type":"Point","coordinates":[-73.90251,40.747157]}},{"type":"Feature","id":"nyc_dob_permit_2480318","properties":{"city_id":"nyc","event_id":"nyc_dob_permit_2480318","title":"DOB permit issued: PL at 181 27 AVE, BROOKLYN","year":2013,"effective_date":"2013-01-02","date_precision":"day","category":"built_environment","lens":"built_environment","confidence":"documented","source_ids":["ipu4-2q9a"],"explanation":"ISSUED PL record for job 320688332 at 181 27 AVE in BROOKLYN."},"geometry":{"type":"Point","coordinates":[-73.9885,40.589766]}},{"type":"Feature","id":"nyc_dob_permit_2480319","properties":{"city_id":"nyc","event_id":"nyc_dob_permit_2480319","title":"DOB permit issued: EW at 530 FIRST AVENUE, MANHATTAN","year":2013,"effective_date":"2013-01-02","date_precision":"day","category":"built_environment","lens":"built_environment","confidence":"documented","source_ids":["ipu4-2q9a"],"explanation":"ISSUED EW record for job 121113357 at 530 FIRST AVENUE in MANHATTAN."},"geometry":{"type":"Point","coordinates":[-73.975049,40.741659]}},{"type":"Feature","id":"nyc_dob_permit_2480351","properties":{"city_id":"nyc","event_id":"nyc_dob_permit_2480351","title":"DOB permit issued: EQ at 250 MERCER STREET, MANHATTAN","year":2013,"effective_date":"2013-01-02","date_precision":"day","category":"environment","lens":"green_space","confidence":"documented","source_ids":["ipu4-2q9a"],"explanation":"ISSUED EQ record for job 121471594 at 250 MERCER STREET in MANHATTAN."},"geometry":{"type":"Point","coordinates":[-73.995429,40.728369]}},{"type":"Feature","id":"nyc_dob_permit_2480694","properties":{"city_id":"nyc","event_id":"nyc_dob_permit_2480694","title":"DOB permit issued: PL at 3026 BRIGHTON 14 STREET, BROOKLYN","year":2013,"effective_date":"2013-01-03","date_precision":"day","category":"environment","lens":"green_space","confidence":"documented","source_ids":["ipu4-2q9a"],"explanation":"ISSUED PL record for job 320688653 at 3026 BRIGHTON 14 STREET in BROOKLYN."},"geometry":{"type":"Point","coordinates":[-73.955203,40.57897]}},{"type":"Feature","id":"nyc_dob_permit_2480753","properties":{"city_id":"nyc","event_id":"nyc_dob_permit_2480753","title":"DOB permit issued: EW at 579 5TH AVENUE, MANHATTAN","year":2013,"effective_date":"2013-01-03","date_precision":"day","category":"built_environment","lens":"built_environment","confidence":"documented","source_ids":["ipu4-2q9a"],"explanation":"ISSUED EW record for job 120715388 at 579 5TH AVENUE in MANHATTAN."},"geometry":{"type":"Point","coordinates":[-73.978101,40.756572]}},{"type":"Feature","id":"nyc_dob_permit_2480861","properties":{"city_id":"nyc","event_id":"nyc_dob_permit_2480861","title":"DOB permit issued: EQ at 151 EAST 83 STREET, MANHATTAN","year":2013,"effective_date":"2013-01-03","date_precision":"day","category":"environment","lens":"green_space","confidence":"documented","source_ids":["ipu4-2q9a"],"explanation":"ISSUED EQ record for job 140044850 at 151 EAST 83 STREET in MANHATTAN."},"geometry":{"type":"Point","coordinates":[-73.956481,40.77733]}},{"type":"Feature","id":"nyc_dob_permit_2480890","properties":{"city_id":"nyc","event_id":"nyc_dob_permit_2480890","title":"DOB permit issued: EW at 12 EAST 57TH STREET, MANHATTAN","year":2013,"effective_date":"2013-01-07","date_precision":"day","category":"environment","lens":"green_space","confidence":"documented","source_ids":["ipu4-2q9a"],"explanation":"ISSUED EW record for job 121426251 at 12 EAST 57TH STREET in MANHATTAN."},"geometry":{"type":"Point","coordinates":[-73.973265,40.762659]}},{"type":"Feature","id":"nyc_dob_permit_2481412","properties":{"city_id":"nyc","event_id":"nyc_dob_permit_2481412","title":"DOB permit issued: PL at 42 WEST 71ST STREET, MANHATTAN","year":2013,"effective_date":"2013-01-04","date_precision":"day","category":"environment","lens":"green_space","confidence":"documented","source_ids":["ipu4-2q9a"],"explanation":"ISSUED PL record for job 120782769 at 42 WEST 71ST STREET in MANHATTAN."},"geometry":{"type":"Point","coordinates":[-73.978102,40.776222]}},{"type":"Feature","id":"nyc_dob_permit_2481414","properties":{"city_id":"nyc","event_id":"nyc_dob_permit_2481414","title":"DOB permit issued: EW at 455 PARK AVENUE SOUTH, MANHATTAN","year":2013,"effective_date":"2013-01-04","date_precision":"day","category":"environment","lens":"green_space","confidence":"documented","source_ids":["ipu4-2q9a"],"explanation":"ISSUED EW record for job 121466582 at 455 PARK AVENUE SOUTH in MANHATTAN."},"geometry":{"type":"Point","coordinates":[-73.982865,40.744974]}},{"type":"Feature","id":"nyc_dob_permit_2481728","properties":{"city_id":"nyc","event_id":"nyc_dob_permit_2481728","title":"DOB permit issued: EW at 900 THIRD AVENUE, MANHATTAN","year":2013,"effective_date":"2013-01-07","date_precision":"day","category":"built_environment","lens":"built_environment","confidence":"documented","source_ids":["ipu4-2q9a"],"explanation":"ISSUED EW record for job 121454522 at 900 THIRD AVENUE in MANHATTAN."},"geometry":{"type":"Point","coordinates":[-73.968759,40.75859]}},{"type":"Feature","id":"nyc_dob_permit_2481731","properties":{"city_id":"nyc","event_id":"nyc_dob_permit_2481731","title":"DOB permit issued: EW at 56 EAST 87TH STREET, MANHATTAN","year":2013,"effective_date":"2013-01-07","date_precision":"day","category":"environment","lens":"green_space","confidence":"documented","source_ids":["ipu4-2q9a"],"explanation":"ISSUED EW record for job 121334387 at 56 EAST 87TH STREET in MANHATTAN."},"geometry":{"type":"Point","coordinates":[-73.957551,40.781201]}},{"type":"Feature","id":"nyc_dob_permit_2481754","properties":{"city_id":"nyc","event_id":"nyc_dob_permit_2481754","title":"DOB permit issued: SG at 1101 EAST 177TH STREET, BRONX","year":2013,"effective_date":"2013-01-09","date_precision":"day","category":"environment","lens":"green_space","confidence":"documented","source_ids":["ipu4-2q9a"],"explanation":"ISSUED SG record for job 220224424 at 1101 EAST 177TH STREET in BRONX."},"geometry":{"type":"Point","coordinates":[-73.877699,40.838744]}},{"type":"Feature","id":"nyc_dob_permit_2481756","properties":{"city_id":"nyc","event_id":"nyc_dob_permit_2481756","title":"DOB permit issued: EW at 3660 BROADWAY, MANHATTAN","year":2013,"effective_date":"2013-01-15","date_precision":"day","category":"transport","lens":"traffic","confidence":"documented","source_ids":["ipu4-2q9a"],"explanation":"ISSUED EW record for job 121476241 at 3660 BROADWAY in MANHATTAN."},"geometry":{"type":"Point","coordinates":[-73.947568,40.83036]}},{"type":"Feature","id":"nyc_dob_permit_2481759","properties":{"city_id":"nyc","event_id":"nyc_dob_permit_2481759","title":"DOB permit issued: PL at 2558 EAST TREMONT AVENUE, BRONX","year":2013,"effective_date":"2013-01-07","date_precision":"day","category":"built_environment","lens":"built_environment","confidence":"documented","source_ids":["ipu4-2q9a"],"explanation":"ISSUED PL record for job 220244750 at 2558 EAST TREMONT AVENUE in BRONX."},"geometry":{"type":"Point","coordinates":[-73.848662,40.842986]}},{"type":"Feature","id":"nyc_dob_permit_2482056","properties":{"city_id":"nyc","event_id":"nyc_dob_permit_2482056","title":"DOB permit issued: EW at 620 WEST 52ND STREET, MANHATTAN","year":2013,"effective_date":"2013-01-08","date_precision":"day","category":"environment","lens":"green_space","confidence":"documented","source_ids":["ipu4-2q9a"],"explanation":"ISSUED EW record for job 121426297 at 620 WEST 52ND STREET in MANHATTAN."},"geometry":{"type":"Point","coordinates":[-73.994318,40.767377]}},{"type":"Feature","id":"nyc_dob_permit_2482062","properties":{"city_id":"nyc","event_id":"nyc_dob_permit_2482062","title":"DOB permit issued: PL at 400 MADISON AVENUE, MANHATTAN","year":2013,"effective_date":"2013-01-08","date_precision":"day","category":"built_environment","lens":"built_environment","confidence":"documented","source_ids":["ipu4-2q9a"],"explanation":"ISSUED PL record for job 121468296 at 400 MADISON AVENUE in MANHATTAN."},"geometry":{"type":"Point","coordinates":[-73.976766,40.756265]}},{"type":"Feature","id":"nyc_dob_permit_2482190","properties":{"city_id":"nyc","event_id":"nyc_dob_permit_2482190","title":"DOB permit issued: EW at 10 MITCHELL PLACE, MANHATTAN","year":2013,"effective_date":"2013-01-08","date_precision":"day","category":"built_environment","lens":"built_environment","confidence":"documented","source_ids":["ipu4-2q9a"],"explanation":"ISSUED EW record for job 121014801 at 10 MITCHELL PLACE in MANHATTAN."},"geometry":{"type":"Point","coordinates":[-73.965863,40.753081]}},{"type":"Feature","id":"nyc_dob_permit_2482195","properties":{"city_id":"nyc","event_id":"nyc_dob_permit_2482195","title":"DOB permit issued: PL at 247 WEST 46 STREET, MANHATTAN","year":2013,"effective_date":"2013-01-08","date_precision":"day","category":"environment","lens":"green_space","confidence":"documented","source_ids":["ipu4-2q9a"],"explanation":"ISSUED PL record for job 121372120 at 247 WEST 46 STREET in MANHATTAN."},"geometry":{"type":"Point","coordinates":[-73.986572,40.759228]}},{"type":"Feature","id":"nyc_dob_permit_2482202","properties":{"city_id":"nyc","event_id":"nyc_dob_permit_2482202","title":"DOB permit issued: AL at 64-58 215TH STREET, QUEENS","year":2013,"effective_date":"2013-01-08","date_precision":"day","category":"environment","lens":"green_space","confidence":"documented","source_ids":["ipu4-2q9a"],"explanation":"ISSUED AL record for job 420035606 at 64-58 215TH STREET in QUEENS."},"geometry":{"type":"Point","coordinates":[-73.761527,40.74537]}},{"type":"Feature","id":"nyc_dob_permit_2482204","properties":{"city_id":"nyc","event_id":"nyc_dob_permit_2482204","title":"DOB permit issued: EQ at 64-58 215TH STREET, QUEENS","year":2013,"effective_date":"2013-01-08","date_precision":"day","category":"environment","lens":"green_space","confidence":"documented","source_ids":["ipu4-2q9a"],"explanation":"ISSUED EQ record for job 420035606 at 64-58 215TH STREET in QUEENS."},"geometry":{"type":"Point","coordinates":[-73.761527,40.74537]}},{"type":"Feature","id":"nyc_dob_permit_2482205","properties":{"city_id":"nyc","event_id":"nyc_dob_permit_2482205","title":"DOB permit issued: EW at 54 BAY 46TH STREET, BROOKLYN","year":2013,"effective_date":"2013-01-08","date_precision":"day","category":"environment","lens":"green_space","confidence":"documented","source_ids":["ipu4-2q9a"],"explanation":"ISSUED EW record for job 320748232 at 54 BAY 46TH STREET in BROOKLYN."},"geometry":{"type":"Point","coordinates":[-73.985497,40.591511]}},{"type":"Feature","id":"nyc_dob_permit_2482423","properties":{"city_id":"nyc","event_id":"nyc_dob_permit_2482423","title":"DOB permit issued: EW at 359 WEST 45TH STREET, MANHATTAN","year":2013,"effective_date":"2013-01-09","date_precision":"day","category":"environment","lens":"green_space","confidence":"documented","source_ids":["ipu4-2q9a"],"explanation":"ISSUED EW record for job 121449879 at 359 WEST 45TH STREET in MANHATTAN."},"geometry":{"type":"Point","coordinates":[-73.98999,40.759843]}},{"type":"Feature","id":"nyc_dob_permit_2482889","properties":{"city_id":"nyc","event_id":"nyc_dob_permit_2482889","title":"DOB permit issued: EW at 1251 AVENUE OF THE AMERICAS, MANHATTAN","year":2013,"effective_date":"2013-01-09","date_precision":"day","category":"built_environment","lens":"built_environment","confidence":"documented","source_ids":["ipu4-2q9a"],"explanation":"ISSUED EW record for job 121465645 at 1251 AVENUE OF THE AMERICAS in MANHATTAN."},"geometry":{"type":"Point","coordinates":[-73.980627,40.759644]}},{"type":"Feature","id":"nyc_dob_permit_2483578","properties":{"city_id":"nyc","event_id":"nyc_dob_permit_2483578","title":"DOB permit issued: EW at 234 EAST 149 STREET, BRONX","year":2013,"effective_date":"2013-01-10","date_precision":"day","category":"environment","lens":"green_space","confidence":"documented","source_ids":["ipu4-2q9a"],"explanation":"ISSUED EW record for job 220129064 at 234 EAST 149 STREET in BRONX."},"geometry":{"type":"Point","coordinates":[-73.924156,40.81774]}},{"type":"Feature","id":"nyc_dob_permit_2483866","properties":{"city_id":"nyc","event_id":"nyc_dob_permit_2483866","title":"DOB permit issued: EW at 55 CENTRAL PARK WEST, MANHATTAN","year":2013,"effective_date":"2013-01-11","date_precision":"day","category":"environment","lens":"green_space","confidence":"documented","source_ids":["ipu4-2q9a"],"explanation":"ISSUED EW record for job 121477785 at 55 CENTRAL PARK WEST in MANHATTAN."},"geometry":{"type":"Point","coordinates":[-73.97897,40.772105]}},{"type":"Feature","id":"nyc_dob_permit_2483882","properties":{"city_id":"nyc","event_id":"nyc_dob_permit_2483882","title":"DOB permit issued: SG at 53 EAST HOUSTON STREET, MANHATTAN","year":2013,"effective_date":"2013-01-11","date_precision":"day","category":"environment","lens":"green_space","confidence":"documented","source_ids":["ipu4-2q9a"],"explanation":"ISSUED SG record for job 121476125 at 53 EAST HOUSTON STREET in MANHATTAN."},"geometry":{"type":"Point","coordinates":[-73.994368,40.724752]}},{"type":"Feature","id":"nyc_dob_permit_2484174","properties":{"city_id":"nyc","event_id":"nyc_dob_permit_2484174","title":"DOB permit issued: EQ at 63-35 FRESH POND ROAD, QUEENS","year":2013,"effective_date":"2013-01-11","date_precision":"day","category":"transport","lens":"traffic","confidence":"documented","source_ids":["ipu4-2q9a"],"explanation":"RE-ISSUED EQ record for job 420320833 at 63-35 FRESH POND ROAD in QUEENS."},"geometry":{"type":"Point","coordinates":[-73.899907,40.711388]}},{"type":"Feature","id":"nyc_dob_permit_2484234","properties":{"city_id":"nyc","event_id":"nyc_dob_permit_2484234","title":"DOB permit issued: PL at 100 NOLL STREET, BROOKLYN","year":2013,"effective_date":"2013-01-11","date_precision":"day","category":"environment","lens":"green_space","confidence":"documented","source_ids":["ipu4-2q9a"],"explanation":"ISSUED PL record for job 302559997 at 100 NOLL STREET in BROOKLYN."},"geometry":{"type":"Point","coordinates":[-73.932338,40.701692]}},{"type":"Feature","id":"nyc_dob_permit_2484236","properties":{"city_id":"nyc","event_id":"nyc_dob_permit_2484236","title":"DOB permit issued: EW at 132 GRAHAM AVENUE, BROOKLYN","year":2013,"effective_date":"2013-01-11","date_precision":"day","category":"built_environment","lens":"built_environment","confidence":"documented","source_ids":["ipu4-2q9a"],"explanation":"ISSUED EW record for job 320316822 at 132 GRAHAM AVENUE in BROOKLYN."},"geometry":{"type":"Point","coordinates":[-73.942973,40.705996]}},{"type":"Feature","id":"nyc_dob_permit_2484239","properties":{"city_id":"nyc","event_id":"nyc_dob_permit_2484239","title":"DOB permit issued: EW at 142 WILSON AVENUE, BROOKLYN","year":2013,"effective_date":"2013-01-11","date_precision":"day","category":"built_environment","lens":"built_environment","confidence":"documented","source_ids":["ipu4-2q9a"],"explanation":"ISSUED EW record for job 320331182 at 142 WILSON AVENUE in BROOKLYN."},"geometry":{"type":"Point","coordinates":[-73.925548,40.700596]}},{"type":"Feature","id":"nyc_dob_permit_2484406","properties":{"city_id":"nyc","event_id":"nyc_dob_permit_2484406","title":"DOB permit issued: PL at 1632 MADISON AVENUE, MANHATTAN","year":2013,"effective_date":"2013-01-11","date_precision":"day","category":"built_environment","lens":"built_environment","confidence":"documented","source_ids":["ipu4-2q9a"],"explanation":"ISSUED PL record for job 121406335 at 1632 MADISON AVENUE in MANHATTAN."},"geometry":{"type":"Point","coordinates":[-73.948065,40.795585]}},{"type":"Feature","id":"nyc_dob_permit_2484408","properties":{"city_id":"nyc","event_id":"nyc_dob_permit_2484408","title":"DOB permit issued: EQ at 159 RUSSELL ST., BROOKLYN","year":2013,"effective_date":"2013-01-11","date_precision":"day","category":"built_environment","lens":"built_environment","confidence":"documented","source_ids":["ipu4-2q9a"],"explanation":"ISSUED EQ record for job 320700069 at 159 RUSSELL ST. in BROOKLYN."},"geometry":{"type":"Point","coordinates":[-73.944605,40.726199]}},{"type":"Feature","id":"nyc_dob_permit_2484409","properties":{"city_id":"nyc","event_id":"nyc_dob_permit_2484409","title":"DOB permit issued: EW at 166-03 81ST AVENUE, QUEENS","year":2013,"effective_date":"2013-01-14","date_precision":"day","category":"built_environment","lens":"built_environment","confidence":"documented","source_ids":["ipu4-2q9a"],"explanation":"ISSUED EW record for job 420605401 at 166-03 81ST AVENUE in QUEENS."},"geometry":{"type":"Point","coordinates":[-73.801257,40.721199]}},{"type":"Feature","id":"nyc_dob_permit_2484472","properties":{"city_id":"nyc","event_id":"nyc_dob_permit_2484472","title":"DOB permit issued: SG at 41-11 BELL BLVD, QUEENS","year":2013,"effective_date":"2013-01-14","date_precision":"day","category":"built_environment","lens":"built_environment","confidence":"documented","source_ids":["ipu4-2q9a"],"explanation":"ISSUED SG record for job 420794171 at 41-11 BELL BLVD in QUEENS."},"geometry":{"type":"Point","coordinates":[-73.770812,40.763307]}},{"type":"Feature","id":"nyc_dob_permit_2485103","properties":{"city_id":"nyc","event_id":"nyc_dob_permit_2485103","title":"DOB permit issued: AL at 265 COURT STREET, BROOKLYN","year":2013,"effective_date":"2013-01-15","date_precision":"day","category":"environment","lens":"green_space","confidence":"documented","source_ids":["ipu4-2q9a"],"explanation":"ISSUED AL record for job 320397780 at 265 COURT STREET in BROOKLYN."},"geometry":{"type":"Point","coordinates":[-73.994638,40.68495]}},{"type":"Feature","id":"nyc_dob_permit_2485152","properties":{"city_id":"nyc","event_id":"nyc_dob_permit_2485152","title":"DOB permit issued: EW at 30 RICHMOND PLAZA, BRONX","year":2013,"effective_date":"2013-02-05","date_precision":"day","category":"built_environment","lens":"built_environment","confidence":"documented","source_ids":["ipu4-2q9a"],"explanation":"ISSUED EW record for job 220237759 at 30 RICHMOND PLAZA in BRONX."},"geometry":{"type":"Point","coordinates":[-73.922515,40.851999]}},{"type":"Feature","id":"nyc_dob_permit_2485153","properties":{"city_id":"nyc","event_id":"nyc_dob_permit_2485153","title":"DOB permit issued: EQ at 267 6 STREET, BROOKLYN","year":2013,"effective_date":"2013-01-15","date_precision":"day","category":"environment","lens":"green_space","confidence":"documented","source_ids":["ipu4-2q9a"],"explanation":"ISSUED EQ record for job 310071294 at 267 6 STREET in BROOKLYN."},"geometry":{"type":"Point","coordinates":[-73.986683,40.671914]}},{"type":"Feature","id":"nyc_dob_permit_2485352","properties":{"city_id":"nyc","event_id":"nyc_dob_permit_2485352","title":"DOB permit issued: PL at 251 SOUTH 3 STREET, BROOKLYN","year":2013,"effective_date":"2013-01-15","date_precision":"day","category":"environment","lens":"green_space","confidence":"documented","source_ids":["ipu4-2q9a"],"explanation":"ISSUED PL record for job 310158469 at 251 SOUTH 3 STREET in BROOKLYN."},"geometry":{"type":"Point","coordinates":[-73.957466,40.71068]}},{"type":"Feature","id":"nyc_dob_permit_2485529","properties":{"city_id":"nyc","event_id":"nyc_dob_permit_2485529","title":"DOB permit issued: PL at 601 LEXINGTON AVENUE, MANHATTAN","year":2013,"effective_date":"2013-01-16","date_precision":"day","category":"built_environment","lens":"built_environment","confidence":"documented","source_ids":["ipu4-2q9a"],"explanation":"ISSUED PL record for job 121478409 at 601 LEXINGTON AVENUE in MANHATTAN."},"geometry":{"type":"Point","coordinates":[-73.970914,40.758465]}},{"type":"Feature","id":"nyc_dob_permit_2485611","properties":{"city_id":"nyc","event_id":"nyc_dob_permit_2485611","title":"DOB permit issued: EW at 2771 EAST 15 STREET, BROOKLYN","year":2013,"effective_date":"2013-01-16","date_precision":"day","category":"environment","lens":"green_space","confidence":"documented","source_ids":["ipu4-2q9a"],"explanation":"ISSUED EW record for job 320699464 at 2771 EAST 15 STREET in BROOKLYN."},"geometry":{"type":"Point","coordinates":[-73.953572,40.583954]}},{"type":"Feature","id":"nyc_dob_permit_2485614","properties":{"city_id":"nyc","event_id":"nyc_dob_permit_2485614","title":"DOB permit issued: EW at 315 EAST 72ND STREET, MANHATTAN","year":2013,"effective_date":"2013-01-16","date_precision":"day","category":"environment","lens":"green_space","confidence":"documented","source_ids":["ipu4-2q9a"],"explanation":"ISSUED EW record for job 121494356 at 315 EAST 72ND STREET in MANHATTAN."},"geometry":{"type":"Point","coordinates":[-73.957761,40.768558]}},{"type":"Feature","id":"nyc_dob_permit_2485932","properties":{"city_id":"nyc","event_id":"nyc_dob_permit_2485932","title":"DOB permit issued: EQ at 148-08 CROSS ISLAND PARKWAY, QUEENS","year":2013,"effective_date":"2013-01-16","date_precision":"day","category":"environment","lens":"green_space","confidence":"documented","source_ids":["ipu4-2q9a"],"explanation":"ISSUED EQ record for job 420511039 at 148-08 CROSS ISLAND PARKWAY in QUEENS."},"geometry":{"type":"Point","coordinates":[-73.817153,40.787884]}},{"type":"Feature","id":"nyc_dob_permit_2486069","properties":{"city_id":"nyc","event_id":"nyc_dob_permit_2486069","title":"DOB permit issued: PL at 221 W 26TH STREET, MANHATTAN","year":2013,"effective_date":"2013-01-16","date_precision":"day","category":"environment","lens":"green_space","confidence":"documented","source_ids":["ipu4-2q9a"],"explanation":"ISSUED PL record for job 120799092 at 221 W 26TH STREET in MANHATTAN."},"geometry":{"type":"Point","coordinates":[-73.995088,40.746364]}},{"type":"Feature","id":"nyc_dob_permit_2486075","properties":{"city_id":"nyc","event_id":"nyc_dob_permit_2486075","title":"DOB permit issued: EQ at 2 EAST 2ND STREET, MANHATTAN","year":2013,"effective_date":"2013-01-16","date_precision":"day","category":"environment","lens":"green_space","confidence":"documented","source_ids":["ipu4-2q9a"],"explanation":"ISSUED EQ record for job 121170231 at 2 EAST 2ND STREET in MANHATTAN."},"geometry":{"type":"Point","coordinates":[-73.991749,40.725523]}},{"type":"Feature","id":"nyc_dob_permit_2486080","properties":{"city_id":"nyc","event_id":"nyc_dob_permit_2486080","title":"DOB permit issued: EW at 8973 BAY PARKWAY, BROOKLYN","year":2013,"effective_date":"2013-01-16","date_precision":"day","category":"environment","lens":"green_space","confidence":"documented","source_ids":["ipu4-2q9a"],"explanation":"ISSUED EW record for job 320691284 at 8973 BAY PARKWAY in BROOKLYN."},"geometry":{"type":"Point","coordinates":[-74.000904,40.595105]}},{"type":"Feature","id":"nyc_dob_permit_2486261","properties":{"city_id":"nyc","event_id":"nyc_dob_permit_2486261","title":"DOB permit issued: PL at 330 WEST 39TH STREET, MANHATTAN","year":2013,"effective_date":"2013-01-17","date_precision":"day","category":"environment","lens":"green_space","confidence":"documented","source_ids":["ipu4-2q9a"],"explanation":"ISSUED PL record for job 120325594 at 330 WEST 39TH STREET in MANHATTAN."},"geometry":{"type":"Point","coordinates":[-73.992218,40.755759]}},{"type":"Feature","id":"nyc_dob_permit_2486742","properties":{"city_id":"nyc","event_id":"nyc_dob_permit_2486742","title":"DOB permit issued: EW at 81 BOWERY, MANHATTAN","year":2013,"effective_date":"2013-01-18","date_precision":"day","category":"built_environment","lens":"built_environment","confidence":"documented","source_ids":["ipu4-2q9a"],"explanation":"ISSUED EW record for job 120716029 at 81 BOWERY in MANHATTAN."},"geometry":{"type":"Point","coordinates":[-73.995653,40.716885]}},{"type":"Feature","id":"nyc_dob_permit_2486896","properties":{"city_id":"nyc","event_id":"nyc_dob_permit_2486896","title":"DOB permit issued: DM at 123-03 7 AVENUE, QUEENS","year":2013,"effective_date":"2013-01-18","date_precision":"day","category":"built_environment","lens":"built_environment","confidence":"documented","source_ids":["ipu4-2q9a"],"explanation":"RE-ISSUED DM record for job 420785243 at 123-03 7 AVENUE in QUEENS."},"geometry":{"type":"Point","coordinates":[-73.844429,40.790806]}},{"type":"Feature","id":"nyc_dob_permit_2486969","properties":{"city_id":"nyc","event_id":"nyc_dob_permit_2486969","title":"DOB permit issued: NB at 364 SOUTH 3RD STREET, BROOKLYN","year":2013,"effective_date":"2013-01-22","date_precision":"day","category":"environment","lens":"green_space","confidence":"documented","source_ids":["ipu4-2q9a"],"explanation":"ISSUED NB record for job 320105587 at 364 SOUTH 3RD STREET in BROOKLYN."},"geometry":{"type":"Point","coordinates":[-73.952609,40.708883]}},{"type":"Feature","id":"nyc_dob_permit_2487403","properties":{"city_id":"nyc","event_id":"nyc_dob_permit_2487403","title":"DOB permit issued: EW at 585 SCHENECTADY AVENUE, BROOKLYN","year":2013,"effective_date":"2013-01-18","date_precision":"day","category":"built_environment","lens":"built_environment","confidence":"documented","source_ids":["ipu4-2q9a"],"explanation":"RE-ISSUED EW record for job 320359456 at 585 SCHENECTADY AVENUE in BROOKLYN."},"geometry":{"type":"Point","coordinates":[-73.934111,40.659322]}},{"type":"Feature","id":"nyc_dob_permit_2487405","properties":{"city_id":"nyc","event_id":"nyc_dob_permit_2487405","title":"DOB permit issued: EW at 21-45 73 ST, QUEENS","year":2013,"effective_date":"2013-01-18","date_precision":"day","category":"built_environment","lens":"built_environment","confidence":"documented","source_ids":["ipu4-2q9a"],"explanation":"ISSUED EW record for job 420629591 at 21-45 73 ST in QUEENS."},"geometry":{"type":"Point","coordinates":[-73.896373,40.769255]}},{"type":"Feature","id":"nyc_dob_permit_2487440","properties":{"city_id":"nyc","event_id":"nyc_dob_permit_2487440","title":"DOB permit issued: AL at 1045 MANOR AVENUE, BRONX","year":2013,"effective_date":"2013-01-18","date_precision":"day","category":"built_environment","lens":"built_environment","confidence":"documented","source_ids":["ipu4-2q9a"],"explanation":"ISSUED AL record for job 220245358 at 1045 MANOR AVENUE in BRONX."},"geometry":{"type":"Point","coordinates":[-73.875535,40.825224]}},{"type":"Feature","id":"nyc_dob_permit_2487641","properties":{"city_id":"nyc","event_id":"nyc_dob_permit_2487641","title":"DOB permit issued: PL at 249 WEST 144 STREET, MANHATTAN","year":2013,"effective_date":"2013-01-22","date_precision":"day","category":"environment","lens":"green_space","confidence":"documented","source_ids":["ipu4-2q9a"],"explanation":"ISSUED PL record for job 121504103 at 249 WEST 144 STREET in MANHATTAN."},"geometry":{"type":"Point","coordinates":[-73.94101,40.821585]}},{"type":"Feature","id":"nyc_dob_permit_2487690","properties":{"city_id":"nyc","event_id":"nyc_dob_permit_2487690","title":"DOB permit issued: AL at 27 7TH AVE, BROOKLYN","year":2013,"effective_date":"2013-01-22","date_precision":"day","category":"built_environment","lens":"built_environment","confidence":"documented","source_ids":["ipu4-2q9a"],"explanation":"ISSUED AL record for job 320373724 at 27 7TH AVE in BROOKLYN."},"geometry":{"type":"Point","coordinates":[-73.973866,40.676792]}},{"type":"Feature","id":"nyc_dob_permit_2487691","properties":{"city_id":"nyc","event_id":"nyc_dob_permit_2487691","title":"DOB permit issued: PL at 139 CENTRE STREET, MANHATTAN","year":2013,"effective_date":"2013-01-22","date_precision":"day","category":"environment","lens":"green_space","confidence":"documented","source_ids":["ipu4-2q9a"],"explanation":"ISSUED PL record for job 121458797 at 139 CENTRE STREET in MANHATTAN."},"geometry":{"type":"Point","coordinates":[-74.000602,40.717217]}},{"type":"Feature","id":"nyc_dob_permit_2487692","properties":{"city_id":"nyc","event_id":"nyc_dob_permit_2487692","title":"DOB permit issued: EQ at 27 7TH AVE, BROOKLYN","year":2013,"effective_date":"2013-01-22","date_precision":"day","category":"built_environment","lens":"built_environment","confidence":"documented","source_ids":["ipu4-2q9a"],"explanation":"ISSUED EQ record for job 320373724 at 27 7TH AVE in BROOKLYN."},"geometry":{"type":"Point","coordinates":[-73.973866,40.676792]}},{"type":"Feature","id":"nyc_dob_permit_2487697","properties":{"city_id":"nyc","event_id":"nyc_dob_permit_2487697","title":"DOB permit issued: AL at 19 GREENWAY AVENUE, STATEN ISLAND","year":2013,"effective_date":"2013-01-24","date_precision":"day","category":"environment","lens":"green_space","confidence":"documented","source_ids":["ipu4-2q9a"],"explanation":"ISSUED AL record for job 510004111 at 19 GREENWAY AVENUE in STATEN ISLAND."},"geometry":{"type":"Point","coordinates":[-74.14696,40.589109]}},{"type":"Feature","id":"nyc_dob_permit_2487936","properties":{"city_id":"nyc","event_id":"nyc_dob_permit_2487936","title":"DOB permit issued: EW at 35-01 COLLEGE POINT BLVD, QUEENS","year":2013,"effective_date":"2013-01-22","date_precision":"day","category":"built_environment","lens":"built_environment","confidence":"documented","source_ids":["ipu4-2q9a"],"explanation":"ISSUED EW record for job 420790629 at 35-01 COLLEGE POINT BLVD in QUEENS."},"geometry":{"type":"Point","coordinates":[-73.835956,40.763498]}},{"type":"Feature","id":"nyc_dob_permit_2488119","properties":{"city_id":"nyc","event_id":"nyc_dob_permit_2488119","title":"DOB permit issued: EW at 301 EAST 29TH STREET, MANHATTAN","year":2013,"effective_date":"2013-01-29","date_precision":"day","category":"environment","lens":"green_space","confidence":"documented","source_ids":["ipu4-2q9a"],"explanation":"ISSUED EW record for job 121125497 at 301 EAST 29TH STREET in MANHATTAN."},"geometry":{"type":"Point","coordinates":[-73.978012,40.741586]}},{"type":"Feature","id":"nyc_dob_permit_2488341","properties":{"city_id":"nyc","event_id":"nyc_dob_permit_2488341","title":"DOB permit issued: EW at 51 HEGEMAN AVE, BROOKLYN","year":2013,"effective_date":"2013-01-23","date_precision":"day","category":"built_environment","lens":"built_environment","confidence":"documented","source_ids":["ipu4-2q9a"],"explanation":"ISSUED EW record for job 320483357 at 51 HEGEMAN AVE in BROOKLYN."},"geometry":{"type":"Point","coordinates":[-73.910331,40.655828]}},{"type":"Feature","id":"nyc_dob_permit_2488550","properties":{"city_id":"nyc","event_id":"nyc_dob_permit_2488550","title":"DOB permit issued: EW at 147-15 NORTHERN BOULEVARD, QUEENS","year":2013,"effective_date":"2013-01-23","date_precision":"day","category":"built_environment","lens":"built_environment","confidence":"documented","source_ids":["ipu4-2q9a"],"explanation":"ISSUED EW record for job 420460619 at 147-15 NORTHERN BOULEVARD in QUEENS."},"geometry":{"type":"Point","coordinates":[-73.819104,40.765183]}},{"type":"Feature","id":"nyc_dob_permit_2488866","properties":{"city_id":"nyc","event_id":"nyc_dob_permit_2488866","title":"DOB permit issued: EW at 1125 PARK AVENUE, MANHATTAN","year":2013,"effective_date":"2013-01-24","date_precision":"day","category":"environment","lens":"green_space","confidence":"documented","source_ids":["ipu4-2q9a"],"explanation":"ISSUED EW record for job 121465440 at 1125 PARK AVENUE in MANHATTAN."},"geometry":{"type":"Point","coordinates":[-73.955152,40.782973]}},{"type":"Feature","id":"nyc_dob_permit_2489139","properties":{"city_id":"nyc","event_id":"nyc_dob_permit_2489139","title":"DOB permit issued: PL at 77 WILSON AVENUE, BROOKLYN","year":2013,"effective_date":"2013-01-24","date_precision":"day","category":"built_environment","lens":"built_environment","confidence":"documented","source_ids":["ipu4-2q9a"],"explanation":"ISSUED PL record for job 320691159 at 77 WILSON AVENUE in BROOKLYN."},"geometry":{"type":"Point","coordinates":[-73.927984,40.702]}},{"type":"Feature","id":"nyc_dob_permit_2489457","properties":{"city_id":"nyc","event_id":"nyc_dob_permit_2489457","title":"DOB permit issued: EW at 47-05 104 STREET, QUEENS","year":2013,"effective_date":"2013-01-25","date_precision":"day","category":"environment","lens":"green_space","confidence":"documented","source_ids":["ipu4-2q9a"],"explanation":"ISSUED EW record for job 402573880 at 47-05 104 STREET in QUEENS."},"geometry":{"type":"Point","coordinates":[-73.859487,40.745608]}},{"type":"Feature","id":"nyc_dob_permit_2489822","properties":{"city_id":"nyc","event_id":"nyc_dob_permit_2489822","title":"DOB permit issued: EW at 9 BARROW STREET, MANHATTAN","year":2013,"effective_date":"2013-01-25","date_precision":"day","category":"environment","lens":"green_space","confidence":"documented","source_ids":["ipu4-2q9a"],"explanation":"ISSUED EW record for job 121507404 at 9 BARROW STREET in MANHATTAN."},"geometry":{"type":"Point","coordinates":[-74.002511,40.732698]}},{"type":"Feature","id":"nyc_dob_permit_2490052","properties":{"city_id":"nyc","event_id":"nyc_dob_permit_2490052","title":"DOB permit issued: AL at 70 FRANKLIN STREET, MANHATTAN","year":2013,"effective_date":"2013-01-28","date_precision":"day","category":"environment","lens":"green_space","confidence":"documented","source_ids":["ipu4-2q9a"],"explanation":"ISSUED AL record for job 104169962 at 70 FRANKLIN STREET in MANHATTAN."},"geometry":{"type":"Point","coordinates":[-74.004322,40.717827]}},{"type":"Feature","id":"nyc_dob_permit_2490063","properties":{"city_id":"nyc","event_id":"nyc_dob_permit_2490063","title":"DOB permit issued: PL at 26 BANK STREET, MANHATTAN","year":2013,"effective_date":"2013-01-28","date_precision":"day","category":"environment","lens":"green_space","confidence":"documented","source_ids":["ipu4-2q9a"],"explanation":"ISSUED PL record for job 120435751 at 26 BANK STREET in MANHATTAN."},"geometry":{"type":"Point","coordinates":[-74.002696,40.73698]}},{"type":"Feature","id":"nyc_dob_permit_2490239","properties":{"city_id":"nyc","event_id":"nyc_dob_permit_2490239","title":"DOB permit issued: AL at 102-40 62ND AVENUE, QUEENS","year":2013,"effective_date":"2013-01-28","date_precision":"day","category":"built_environment","lens":"built_environment","confidence":"documented","source_ids":["ipu4-2q9a"],"explanation":"ISSUED AL record for job 420287601 at 102-40 62ND AVENUE in QUEENS."},"geometry":{"type":"Point","coordinates":[-73.85578,40.73575]}},{"type":"Feature","id":"nyc_dob_permit_2490240","properties":{"city_id":"nyc","event_id":"nyc_dob_permit_2490240","title":"DOB permit issued: AL at 63-60 98TH STREET, QUEENS","year":2013,"effective_date":"2013-01-28","date_precision":"day","category":"environment","lens":"green_space","confidence":"documented","source_ids":["ipu4-2q9a"],"explanation":"ISSUED AL record for job 420287610 at 63-60 98TH STREET in QUEENS."},"geometry":{"type":"Point","coordinates":[-73.858764,40.730753]}},{"type":"Feature","id":"nyc_dob_permit_2490241","properties":{"city_id":"nyc","event_id":"nyc_dob_permit_2490241","title":"DOB permit issued: AL at 2790 BRAGG STREET, BROOKLYN","year":2013,"effective_date":"2013-01-28","date_precision":"day","category":"environment","lens":"green_space","confidence":"documented","source_ids":["ipu4-2q9a"],"explanation":"ISSUED AL record for job 320179203 at 2790 BRAGG STREET in BROOKLYN."},"geometry":{"type":"Point","coordinates":[-73.93328,40.585646]}},{"type":"Feature","id":"nyc_dob_permit_2490244","properties":{"city_id":"nyc","event_id":"nyc_dob_permit_2490244","title":"DOB permit issued: NB at 68 BUFFALO AVENUE, BROOKLYN","year":2013,"effective_date":"2013-01-28","date_precision":"day","category":"built_environment","lens":"built_environment","confidence":"documented","source_ids":["ipu4-2q9a"],"explanation":"ISSUED NB record for job 302234222 at 68 BUFFALO AVENUE in BROOKLYN."},"geometry":{"type":"Point","coordinates":[-73.924825,40.676603]}},{"type":"Feature","id":"nyc_dob_permit_2490245","properties":{"city_id":"nyc","event_id":"nyc_dob_permit_2490245","title":"DOB permit issued: EQ at 85-52 85 STREET, QUEENS","year":2013,"effective_date":"2013-01-28","date_precision":"day","category":"environment","lens":"green_space","confidence":"documented","source_ids":["ipu4-2q9a"],"explanation":"ISSUED EQ record for job 402888862 at 85-52 85 STREET in QUEENS."},"geometry":{"type":"Point","coordinates":[-73.859659,40.694518]}},{"type":"Feature","id":"nyc_dob_permit_2490246","properties":{"city_id":"nyc","event_id":"nyc_dob_permit_2490246","title":"DOB permit issued: EQ at 68 BUFFALO AVENUE, BROOKLYN","year":2013,"effective_date":"2013-01-28","date_precision":"day","category":"built_environment","lens":"built_environment","confidence":"documented","source_ids":["ipu4-2q9a"],"explanation":"ISSUED EQ record for job 302234222 at 68 BUFFALO AVENUE in BROOKLYN."},"geometry":{"type":"Point","coordinates":[-73.924825,40.676603]}},{"type":"Feature","id":"nyc_dob_permit_2490248","properties":{"city_id":"nyc","event_id":"nyc_dob_permit_2490248","title":"DOB permit issued: AL at 44-35 COLDEN STREET, QUEENS","year":2013,"effective_date":"2013-01-28","date_precision":"day","category":"environment","lens":"green_space","confidence":"documented","source_ids":["ipu4-2q9a"],"explanation":"ISSUED AL record for job 420042180 at 44-35 COLDEN STREET in QUEENS."},"geometry":{"type":"Point","coordinates":[-73.823844,40.751398]}},{"type":"Feature","id":"nyc_dob_permit_2490249","properties":{"city_id":"nyc","event_id":"nyc_dob_permit_2490249","title":"DOB permit issued: NB at 64 BUFFALO AVENUE, BROOKLYN","year":2013,"effective_date":"2013-01-28","date_precision":"day","category":"built_environment","lens":"built_environment","confidence":"documented","source_ids":["ipu4-2q9a"],"explanation":"ISSUED NB record for job 302234204 at 64 BUFFALO AVENUE in BROOKLYN."},"geometry":{"type":"Point","coordinates":[-73.924821,40.676705]}},{"type":"Feature","id":"nyc_dob_permit_2490250","properties":{"city_id":"nyc","event_id":"nyc_dob_permit_2490250","title":"DOB permit issued: AL at 44-35 COLDEN STREET, QUEENS","year":2013,"effective_date":"2013-01-28","date_precision":"day","category":"environment","lens":"green_space","confidence":"documented","source_ids":["ipu4-2q9a"],"explanation":"ISSUED AL record for job 420321869 at 44-35 COLDEN STREET in QUEENS."},"geometry":{"type":"Point","coordinates":[-73.823844,40.751398]}},{"type":"Feature","id":"nyc_dob_permit_2490251","properties":{"city_id":"nyc","event_id":"nyc_dob_permit_2490251","title":"DOB permit issued: EQ at 64 BUFFALO AVENUE, BROOKLYN","year":2013,"effective_date":"2013-01-28","date_precision":"day","category":"built_environment","lens":"built_environment","confidence":"documented","source_ids":["ipu4-2q9a"],"explanation":"ISSUED EQ record for job 302234204 at 64 BUFFALO AVENUE in BROOKLYN."},"geometry":{"type":"Point","coordinates":[-73.924821,40.676705]}},{"type":"Feature","id":"nyc_dob_permit_2490252","properties":{"city_id":"nyc","event_id":"nyc_dob_permit_2490252","title":"DOB permit issued: NB at 66 BUFFALO AVENUE, BROOKLYN","year":2013,"effective_date":"2013-01-28","date_precision":"day","category":"built_environment","lens":"built_environment","confidence":"documented","source_ids":["ipu4-2q9a"],"explanation":"ISSUED NB record for job 302234213 at 66 BUFFALO AVENUE in BROOKLYN."},"geometry":{"type":"Point","coordinates":[-73.924821,40.676655]}},{"type":"Feature","id":"nyc_dob_permit_2490254","properties":{"city_id":"nyc","event_id":"nyc_dob_permit_2490254","title":"DOB permit issued: EQ at 180 WADSWORTH AVENUE, MANHATTAN","year":2013,"effective_date":"2013-01-28","date_precision":"day","category":"built_environment","lens":"built_environment","confidence":"documented","source_ids":["ipu4-2q9a"],"explanation":"ISSUED EQ record for job 103642881 at 180 WADSWORTH AVENUE in MANHATTAN."},"geometry":{"type":"Point","coordinates":[-73.934485,40.85051]}},{"type":"Feature","id":"nyc_dob_permit_2490255","properties":{"city_id":"nyc","event_id":"nyc_dob_permit_2490255","title":"DOB permit issued: AL at 164-31 89 STREET, QUEENS","year":2013,"effective_date":"2013-01-28","date_precision":"day","category":"environment","lens":"green_space","confidence":"documented","source_ids":["ipu4-2q9a"],"explanation":"ISSUED AL record for job 420464508 at 164-31 89 STREET in QUEENS."},"geometry":{"type":"Point","coordinates":[-73.841393,40.649658]}},{"type":"Feature","id":"nyc_dob_permit_2490256","properties":{"city_id":"nyc","event_id":"nyc_dob_permit_2490256","title":"DOB permit issued: EW at 781 5TH AVENUE, MANHATTAN","year":2013,"effective_date":"2013-01-28","date_precision":"day","category":"built_environment","lens":"built_environment","confidence":"documented","source_ids":["ipu4-2q9a"],"explanation":"ISSUED EW record for job 121460392 at 781 5TH AVENUE in MANHATTAN."},"geometry":{"type":"Point","coordinates":[-73.972871,40.764454]}},{"type":"Feature","id":"nyc_dob_permit_2490257","properties":{"city_id":"nyc","event_id":"nyc_dob_permit_2490257","title":"DOB permit issued: NB at 74 BUFFALO AVENUE, BROOKLYN","year":2013,"effective_date":"2013-01-28","date_precision":"day","category":"built_environment","lens":"built_environment","confidence":"documented","source_ids":["ipu4-2q9a"],"explanation":"ISSUED NB record for job 302234197 at 74 BUFFALO AVENUE in BROOKLYN."},"geometry":{"type":"Point","coordinates":[-73.924836,40.676452]}},{"type":"Feature","id":"nyc_dob_permit_2490258","properties":{"city_id":"nyc","event_id":"nyc_dob_permit_2490258","title":"DOB permit issued: EQ at 180 WADSWORTH AVE, MANHATTAN","year":2013,"effective_date":"2013-01-28","date_precision":"day","category":"built_environment","lens":"built_environment","confidence":"documented","source_ids":["ipu4-2q9a"],"explanation":"ISSUED EQ record for job 103642907 at 180 WADSWORTH AVE in MANHATTAN."},"geometry":{"type":"Point","coordinates":[-73.934485,40.85051]}},{"type":"Feature","id":"nyc_dob_permit_2490441","properties":{"city_id":"nyc","event_id":"nyc_dob_permit_2490441","title":"DOB permit issued: PL at 137 FRANKLIN STREET, MANHATTAN","year":2013,"effective_date":"2013-01-29","date_precision":"day","category":"environment","lens":"green_space","confidence":"documented","source_ids":["ipu4-2q9a"],"explanation":"ISSUED PL record for job 120420650 at 137 FRANKLIN STREET in MANHATTAN."},"geometry":{"type":"Point","coordinates":[-74.007478,40.719171]}},{"type":"Feature","id":"nyc_dob_permit_2490482","properties":{"city_id":"nyc","event_id":"nyc_dob_permit_2490482","title":"DOB permit issued: EW at 114 WEST 26TH STREET, MANHATTAN","year":2013,"effective_date":"2013-01-29","date_precision":"day","category":"environment","lens":"green_space","confidence":"documented","source_ids":["ipu4-2q9a"],"explanation":"ISSUED EW record for job 120472782 at 114 WEST 26TH STREET in MANHATTAN."},"geometry":{"type":"Point","coordinates":[-73.992133,40.745096]}},{"type":"Feature","id":"nyc_dob_permit_2490635","properties":{"city_id":"nyc","event_id":"nyc_dob_permit_2490635","title":"DOB permit issued: PL at 1546 57 ST, BROOKLYN","year":2013,"effective_date":"2013-01-29","date_precision":"day","category":"built_environment","lens":"built_environment","confidence":"documented","source_ids":["ipu4-2q9a"],"explanation":"ISSUED PL record for job 320331912 at 1546 57 ST in BROOKLYN."},"geometry":{"type":"Point","coordinates":[-73.991332,40.627243]}},{"type":"Feature","id":"nyc_dob_permit_2490636","properties":{"city_id":"nyc","event_id":"nyc_dob_permit_2490636","title":"DOB permit issued: PL at 148-02 58 AVE, QUEENS","year":2013,"effective_date":"2013-01-30","date_precision":"day","category":"built_environment","lens":"built_environment","confidence":"documented","source_ids":["ipu4-2q9a"],"explanation":"ISSUED PL record for job 420806275 at 148-02 58 AVE in QUEENS."},"geometry":{"type":"Point","coordinates":[-73.819779,40.74381]}},{"type":"Feature","id":"nyc_dob_permit_2490696","properties":{"city_id":"nyc","event_id":"nyc_dob_permit_2490696","title":"DOB permit issued: EW at 88-11 165TH STREET, QUEENS","year":2013,"effective_date":"2013-01-29","date_precision":"day","category":"environment","lens":"green_space","confidence":"documented","source_ids":["ipu4-2q9a"],"explanation":"ISSUED EW record for job 420778812 at 88-11 165TH STREET in QUEENS."},"geometry":{"type":"Point","coordinates":[-73.796754,40.708408]}},{"type":"Feature","id":"nyc_dob_permit_2490698","properties":{"city_id":"nyc","event_id":"nyc_dob_permit_2490698","title":"DOB permit issued: EW at 3594 JEROME AVENUE, BRONX","year":2013,"effective_date":"2013-01-29","date_precision":"day","category":"built_environment","lens":"built_environment","confidence":"documented","source_ids":["ipu4-2q9a"],"explanation":"ISSUED EW record for job 220250127 at 3594 JEROME AVENUE in BRONX."},"geometry":{"type":"Point","coordinates":[-73.879263,40.885337]}},{"type":"Feature","id":"nyc_dob_permit_2490704","properties":{"city_id":"nyc","event_id":"nyc_dob_permit_2490704","title":"DOB permit issued: EW at 1800 WARING AVENUE, BRONX","year":2013,"effective_date":"2013-01-29","date_precision":"day","category":"built_environment","lens":"built_environment","confidence":"documented","source_ids":["ipu4-2q9a"],"explanation":"ISSUED EW record for job 220249443 at 1800 WARING AVENUE in BRONX."},"geometry":{"type":"Point","coordinates":[-73.834169,40.860719]}},{"type":"Feature","id":"nyc_dob_permit_2490774","properties":{"city_id":"nyc","event_id":"nyc_dob_permit_2490774","title":"DOB permit issued: PL at 205-41 100 AVENUE, QUEENS","year":2013,"effective_date":"2013-01-29","date_precision":"day","category":"built_environment","lens":"built_environment","confidence":"documented","source_ids":["ipu4-2q9a"],"explanation":"ISSUED PL record for job 420474962 at 205-41 100 AVENUE in QUEENS."},"geometry":{"type":"Point","coordinates":[-73.753841,40.711907]}},{"type":"Feature","id":"nyc_dob_permit_2491015","properties":{"city_id":"nyc","event_id":"nyc_dob_permit_2491015","title":"DOB permit issued: PL at 1 CHASE MANHATTAN PLAZA, MANHATTAN","year":2013,"effective_date":"2013-01-30","date_precision":"day","category":"built_environment","lens":"built_environment","confidence":"documented","source_ids":["ipu4-2q9a"],"explanation":"ISSUED PL record for job 121057220 at 1 CHASE MANHATTAN PLAZA in MANHATTAN."},"geometry":{"type":"Point","coordinates":[-74.009591,40.708362]}},{"type":"Feature","id":"nyc_dob_permit_2491141","properties":{"city_id":"nyc","event_id":"nyc_dob_permit_2491141","title":"DOB permit issued: PL at 206 GARFIELD PLACE, BROOKLYN","year":2013,"effective_date":"2013-01-30","date_precision":"day","category":"built_environment","lens":"built_environment","confidence":"documented","source_ids":["ipu4-2q9a"],"explanation":"ISSUED PL record for job 320490964 at 206 GARFIELD PLACE in BROOKLYN."},"geometry":{"type":"Point","coordinates":[-73.976889,40.672228]}},{"type":"Feature","id":"nyc_dob_permit_2491147","properties":{"city_id":"nyc","event_id":"nyc_dob_permit_2491147","title":"DOB permit issued: EW at 2071 CLOVE ROAD, STATEN ISLAND","year":2013,"effective_date":"2013-01-30","date_precision":"day","category":"transport","lens":"traffic","confidence":"documented","source_ids":["ipu4-2q9a"],"explanation":"ISSUED EW record for job 520106000 at 2071 CLOVE ROAD in STATEN ISLAND."},"geometry":{"type":"Point","coordinates":[-74.083657,40.603962]}},{"type":"Feature","id":"nyc_dob_permit_2491152","properties":{"city_id":"nyc","event_id":"nyc_dob_permit_2491152","title":"DOB permit issued: EW at 224 WEST 57TH STREET, MANHATTAN","year":2013,"effective_date":"2013-01-31","date_precision":"day","category":"environment","lens":"green_space","confidence":"documented","source_ids":["ipu4-2q9a"],"explanation":"ISSUED EW record for job 121408342 at 224 WEST 57TH STREET in MANHATTAN."},"geometry":{"type":"Point","coordinates":[-73.981073,40.765949]}},{"type":"Feature","id":"nyc_dob_permit_2491944","properties":{"city_id":"nyc","event_id":"nyc_dob_permit_2491944","title":"DOB permit issued: EQ at 1370 REMSEN AVENUE, BROOKLYN","year":2013,"effective_date":"2013-02-06","date_precision":"day","category":"built_environment","lens":"built_environment","confidence":"documented","source_ids":["ipu4-2q9a"],"explanation":"ISSUED EQ record for job 320547119 at 1370 REMSEN AVENUE in BROOKLYN."},"geometry":{"type":"Point","coordinates":[-73.902559,40.637149]}},{"type":"Feature","id":"nyc_dob_permit_2491975","properties":{"city_id":"nyc","event_id":"nyc_dob_permit_2491975","title":"DOB permit issued: EQ at 15 EAST 70 STREET, MANHATTAN","year":2013,"effective_date":"2013-01-31","date_precision":"day","category":"environment","lens":"green_space","confidence":"documented","source_ids":["ipu4-2q9a"],"explanation":"ISSUED EQ record for job 121136207 at 15 EAST 70 STREET in MANHATTAN."},"geometry":{"type":"Point","coordinates":[-73.967143,40.770801]}},{"type":"Feature","id":"nyc_dob_permit_2492004","properties":{"city_id":"nyc","event_id":"nyc_dob_permit_2492004","title":"DOB permit issued: DM at 315 12TH STREET, BROOKLYN","year":2013,"effective_date":"2013-01-31","date_precision":"day","category":"environment","lens":"green_space","confidence":"documented","source_ids":["ipu4-2q9a"],"explanation":"ISSUED DM record for job 320690392 at 315 12TH STREET in BROOKLYN."},"geometry":{"type":"Point","coordinates":[-73.986594,40.666798]}},{"type":"Feature","id":"nyc_dob_permit_2492015","properties":{"city_id":"nyc","event_id":"nyc_dob_permit_2492015","title":"DOB permit issued: PL at 1339 YORK AVENUE, MANHATTAN","year":2013,"effective_date":"2013-01-31","date_precision":"day","category":"built_environment","lens":"built_environment","confidence":"documented","source_ids":["ipu4-2q9a"],"explanation":"ISSUED PL record for job 121458779 at 1339 YORK AVENUE in MANHATTAN."},"geometry":{"type":"Point","coordinates":[-73.954008,40.766515]}},{"type":"Feature","id":"nyc_dob_permit_2492017","properties":{"city_id":"nyc","event_id":"nyc_dob_permit_2492017","title":"DOB permit issued: EW at 132 PERRY STREET, MANHATTAN","year":2013,"effective_date":"2013-02-01","date_precision":"day","category":"environment","lens":"green_space","confidence":"documented","source_ids":["ipu4-2q9a"],"explanation":"ISSUED EW record for job 121064123 at 132 PERRY STREET in MANHATTAN."},"geometry":{"type":"Point","coordinates":[-74.007538,40.734923]}},{"type":"Feature","id":"nyc_dob_permit_2492441","properties":{"city_id":"nyc","event_id":"nyc_dob_permit_2492441","title":"DOB permit issued: EW at 104-08 ROCKAWAY BEACH BLVD, QUEENS","year":2013,"effective_date":"2013-02-01","date_precision":"day","category":"built_environment","lens":"built_environment","confidence":"documented","source_ids":["ipu4-2q9a"],"explanation":"ISSUED EW record for job 420800208 at 104-08 ROCKAWAY BEACH BLVD in QUEENS."},"geometry":{"type":"Point","coordinates":[-73.824748,40.58341]}},{"type":"Feature","id":"nyc_dob_permit_2492642","properties":{"city_id":"nyc","event_id":"nyc_dob_permit_2492642","title":"DOB permit issued: FO at 425 EAST 35 STREET, MANHATTAN","year":2013,"effective_date":"2013-02-06","date_precision":"day","category":"environment","lens":"green_space","confidence":"documented","source_ids":["ipu4-2q9a"],"explanation":"ISSUED FO record for job 103889035 at 425 EAST 35 STREET in MANHATTAN."},"geometry":{"type":"Point","coordinates":[-73.972591,40.74428]}},{"type":"Feature","id":"nyc_dob_permit_2492930","properties":{"city_id":"nyc","event_id":"nyc_dob_permit_2492930","title":"DOB permit issued: PL at 463 SACKETT STREET, BROOKLYN","year":2013,"effective_date":"2013-02-04","date_precision":"day","category":"environment","lens":"green_space","confidence":"documented","source_ids":["ipu4-2q9a"],"explanation":"ISSUED PL record for job 320166565 at 463 SACKETT STREET in BROOKLYN."},"geometry":{"type":"Point","coordinates":[-73.989815,40.68086]}},{"type":"Feature","id":"nyc_dob_permit_2493096","properties":{"city_id":"nyc","event_id":"nyc_dob_permit_2493096","title":"DOB permit issued: EW at 10 EAST 15 STREET, MANHATTAN","year":2013,"effective_date":"2013-02-04","date_precision":"day","category":"environment","lens":"green_space","confidence":"documented","source_ids":["ipu4-2q9a"],"explanation":"ISSUED EW record for job 103643014 at 10 EAST 15 STREET in MANHATTAN."},"geometry":{"type":"Point","coordinates":[-73.992725,40.736518]}},{"type":"Feature","id":"nyc_dob_permit_2493166","properties":{"city_id":"nyc","event_id":"nyc_dob_permit_2493166","title":"DOB permit issued: DM at 2271 OCEAN AVENUE, BROOKLYN","year":2013,"effective_date":"2013-02-04","date_precision":"day","category":"built_environment","lens":"built_environment","confidence":"documented","source_ids":["ipu4-2q9a"],"explanation":"ISSUED DM record for job 320691499 at 2271 OCEAN AVENUE in BROOKLYN."},"geometry":{"type":"Point","coordinates":[-73.952642,40.605967]}},{"type":"Feature","id":"nyc_dob_permit_2493425","properties":{"city_id":"nyc","event_id":"nyc_dob_permit_2493425","title":"DOB permit issued: EW at 222 EAST 34TH STREET, MANHATTAN","year":2013,"effective_date":"2013-02-05","date_precision":"day","category":"environment","lens":"green_space","confidence":"documented","source_ids":["ipu4-2q9a"],"explanation":"ISSUED EW record for job 121521095 at 222 EAST 34TH STREET in MANHATTAN."},"geometry":{"type":"Point","coordinates":[-73.977094,40.74528]}},{"type":"Feature","id":"nyc_dob_permit_2493660","properties":{"city_id":"nyc","event_id":"nyc_dob_permit_2493660","title":"DOB permit issued: EW at 200 WEST 82 STREET, MANHATTAN","year":2013,"effective_date":"2013-02-05","date_precision":"day","category":"environment","lens":"green_space","confidence":"documented","source_ids":["ipu4-2q9a"],"explanation":"ISSUED EW record for job 121479275 at 200 WEST 82 STREET in MANHATTAN."},"geometry":{"type":"Point","coordinates":[-73.977138,40.785189]}},{"type":"Feature","id":"nyc_dob_permit_2493697","properties":{"city_id":"nyc","event_id":"nyc_dob_permit_2493697","title":"DOB permit issued: AL at 1812 ANDREWS AVE, BRONX","year":2013,"effective_date":"2013-02-05","date_precision":"day","category":"built_environment","lens":"built_environment","confidence":"documented","source_ids":["ipu4-2q9a"],"explanation":"ISSUED AL record for job 220160279 at 1812 ANDREWS AVE in BRONX."},"geometry":{"type":"Point","coordinates":[-73.915377,40.851917]}},{"type":"Feature","id":"nyc_dob_permit_2493717","properties":{"city_id":"nyc","event_id":"nyc_dob_permit_2493717","title":"DOB permit issued: AL at 1224 PROSPECT AVENUE, BRONX","year":2013,"effective_date":"2013-02-05","date_precision":"day","category":"built_environment","lens":"built_environment","confidence":"documented","source_ids":["ipu4-2q9a"],"explanation":"ISSUED AL record for job 220110797 at 1224 PROSPECT AVENUE in BRONX."},"geometry":{"type":"Point","coordinates":[-73.898574,40.826968]}},{"type":"Feature","id":"nyc_dob_permit_2493721","properties":{"city_id":"nyc","event_id":"nyc_dob_permit_2493721","title":"DOB permit issued: EQ at 1601 80 STREET, BROOKLYN","year":2013,"effective_date":"2013-02-05","date_precision":"day","category":"environment","lens":"green_space","confidence":"documented","source_ids":["ipu4-2q9a"],"explanation":"ISSUED EQ record for job 302562180 at 1601 80 STREET in BROOKLYN."},"geometry":{"type":"Point","coordinates":[-74.003404,40.613262]}},{"type":"Feature","id":"nyc_dob_permit_2493729","properties":{"city_id":"nyc","event_id":"nyc_dob_permit_2493729","title":"DOB permit issued: EW at 27 PROSPECT PARK WEST, BROOKLYN","year":2013,"effective_date":"2013-02-05","date_precision":"day","category":"environment","lens":"green_space","confidence":"documented","source_ids":["ipu4-2q9a"],"explanation":"ISSUED EW record for job 320532170 at 27 PROSPECT PARK WEST in BROOKLYN."},"geometry":{"type":"Point","coordinates":[-73.971752,40.670728]}},{"type":"Feature","id":"nyc_dob_permit_2493812","properties":{"city_id":"nyc","event_id":"nyc_dob_permit_2493812","title":"DOB permit issued: EQ at 3 TIMES SQUARE, MANHATTAN","year":2013,"effective_date":"2013-02-06","date_precision":"day","category":"built_environment","lens":"built_environment","confidence":"documented","source_ids":["ipu4-2q9a"],"explanation":"ISSUED EQ record for job 121524476 at 3 TIMES SQUARE in MANHATTAN."},"geometry":{"type":"Point","coordinates":[-73.986713,40.756376]}},{"type":"Feature","id":"nyc_dob_permit_2494157","properties":{"city_id":"nyc","event_id":"nyc_dob_permit_2494157","title":"DOB permit issued: EW at 200 LENOX AVENUE, MANHATTAN","year":2013,"effective_date":"2013-02-08","date_precision":"day","category":"built_environment","lens":"built_environment","confidence":"documented","source_ids":["ipu4-2q9a"],"explanation":"ISSUED EW record for job 121427875 at 200 LENOX AVENUE in MANHATTAN."},"geometry":{"type":"Point","coordinates":[-73.947733,40.804678]}},{"type":"Feature","id":"nyc_dob_permit_2494163","properties":{"city_id":"nyc","event_id":"nyc_dob_permit_2494163","title":"DOB permit issued: PL at 200 EAST 66TH STREET, MANHATTAN","year":2013,"effective_date":"2013-02-06","date_precision":"day","category":"environment","lens":"green_space","confidence":"documented","source_ids":["ipu4-2q9a"],"explanation":"ISSUED PL record for job 121508243 at 200 EAST 66TH STREET in MANHATTAN."},"geometry":{"type":"Point","coordinates":[-73.962846,40.76562]}},{"type":"Feature","id":"nyc_dob_permit_2494165","properties":{"city_id":"nyc","event_id":"nyc_dob_permit_2494165","title":"DOB permit issued: PL at 18-69 PUTNAM AVENUE, QUEENS","year":2013,"effective_date":"2013-02-06","date_precision":"day","category":"built_environment","lens":"built_environment","confidence":"documented","source_ids":["ipu4-2q9a"],"explanation":"ISSUED PL record for job 410204988 at 18-69 PUTNAM AVENUE in QUEENS."},"geometry":{"type":"Point","coordinates":[-73.904071,40.702874]}},{"type":"Feature","id":"nyc_dob_permit_2494167","properties":{"city_id":"nyc","event_id":"nyc_dob_permit_2494167","title":"DOB permit issued: EW at 228 8TH AVENUE, MANHATTAN","year":2013,"effective_date":"2013-02-06","date_precision":"day","category":"built_environment","lens":"built_environment","confidence":"documented","source_ids":["ipu4-2q9a"],"explanation":"ISSUED EW record for job 121054321 at 228 8TH AVENUE in MANHATTAN."},"geometry":{"type":"Point","coordinates":[-73.999134,40.744385]}},{"type":"Feature","id":"nyc_dob_permit_2494189","properties":{"city_id":"nyc","event_id":"nyc_dob_permit_2494189","title":"DOB permit issued: EW at 751 WHITE PLAINS ROAD, BRONX","year":2013,"effective_date":"2013-02-06","date_precision":"day","category":"transport","lens":"traffic","confidence":"documented","source_ids":["ipu4-2q9a"],"explanation":"ISSUED EW record for job 210012699 at 751 WHITE PLAINS ROAD in BRONX."},"geometry":{"type":"Point","coordinates":[-73.858166,40.821543]}},{"type":"Feature","id":"nyc_dob_permit_2494197","properties":{"city_id":"nyc","event_id":"nyc_dob_permit_2494197","title":"DOB permit issued: EW at 55 BROAD STREET, MANHATTAN","year":2013,"effective_date":"2013-02-06","date_precision":"day","category":"transport","lens":"traffic","confidence":"documented","source_ids":["ipu4-2q9a"],"explanation":"ISSUED EW record for job 121387034 at 55 BROAD STREET in MANHATTAN."},"geometry":{"type":"Point","coordinates":[-74.011505,40.705189]}},{"type":"Feature","id":"nyc_dob_permit_2494198","properties":{"city_id":"nyc","event_id":"nyc_dob_permit_2494198","title":"DOB permit issued: EW at 1870 LAFAYETTE AVENUE, BRONX","year":2013,"effective_date":"2013-02-06","date_precision":"day","category":"built_environment","lens":"built_environment","confidence":"documented","source_ids":["ipu4-2q9a"],"explanation":"ISSUED EW record for job 210012680 at 1870 LAFAYETTE AVENUE in BRONX."},"geometry":{"type":"Point","coordinates":[-73.85973,40.821811]}},{"type":"Feature","id":"nyc_dob_permit_2494201","properties":{"city_id":"nyc","event_id":"nyc_dob_permit_2494201","title":"DOB permit issued: EW at 222 EAST 41ST STREET, MANHATTAN","year":2013,"effective_date":"2013-02-06","date_precision":"day","category":"environment","lens":"green_space","confidence":"documented","source_ids":["ipu4-2q9a"],"explanation":"ISSUED EW record for job 121521638 at 222 EAST 41ST STREET in MANHATTAN."},"geometry":{"type":"Point","coordinates":[-73.973819,40.749622]}},{"type":"Feature","id":"nyc_dob_permit_2494206","properties":{"city_id":"nyc","event_id":"nyc_dob_permit_2494206","title":"DOB permit issued: PL at 262 62ND STREET, BROOKLYN","year":2013,"effective_date":"2013-02-11","date_precision":"day","category":"environment","lens":"green_space","confidence":"documented","source_ids":["ipu4-2q9a"],"explanation":"ISSUED PL record for job 320708748 at 262 62ND STREET in BROOKLYN."},"geometry":{"type":"Point","coordinates":[-74.022701,40.64155]}},{"type":"Feature","id":"nyc_dob_permit_2494208","properties":{"city_id":"nyc","event_id":"nyc_dob_permit_2494208","title":"DOB permit issued: EW at 375 EAST 205 STREET, BRONX","year":2013,"effective_date":"2013-02-06","date_precision":"day","category":"environment","lens":"green_space","confidence":"documented","source_ids":["ipu4-2q9a"],"explanation":"ISSUED EW record for job 220251572 at 375 EAST 205 STREET in BRONX."},"geometry":{"type":"Point","coordinates":[-73.875405,40.873193]}},{"type":"Feature","id":"nyc_dob_permit_2494433","properties":{"city_id":"nyc","event_id":"nyc_dob_permit_2494433","title":"DOB permit issued: EW at 140 EAST 45TH STREET, MANHATTAN","year":2013,"effective_date":"2013-02-07","date_precision":"day","category":"environment","lens":"green_space","confidence":"documented","source_ids":["ipu4-2q9a"],"explanation":"ISSUED EW record for job 121522192 at 140 EAST 45TH STREET in MANHATTAN."},"geometry":{"type":"Point","coordinates":[-73.974172,40.753157]}},{"type":"Feature","id":"nyc_dob_permit_2494618","properties":{"city_id":"nyc","event_id":"nyc_dob_permit_2494618","title":"DOB permit issued: SG at 230 EAST 44 STREET, MANHATTAN","year":2013,"effective_date":"2013-02-07","date_precision":"day","category":"environment","lens":"green_space","confidence":"documented","source_ids":["ipu4-2q9a"],"explanation":"ISSUED SG record for job 121518465 at 230 EAST 44 STREET in MANHATTAN."},"geometry":{"type":"Point","coordinates":[-73.972692,40.751713]}},{"type":"Feature","id":"nyc_dob_permit_2494928","properties":{"city_id":"nyc","event_id":"nyc_dob_permit_2494928","title":"DOB permit issued: EW at 200 VARICK STREET, MANHATTAN","year":2013,"effective_date":"2013-02-08","date_precision":"day","category":"environment","lens":"green_space","confidence":"documented","source_ids":["ipu4-2q9a"],"explanation":"ISSUED EW record for job 121403383 at 200 VARICK STREET in MANHATTAN."},"geometry":{"type":"Point","coordinates":[-74.005343,40.728347]}},{"type":"Feature","id":"nyc_dob_permit_2494980","properties":{"city_id":"nyc","event_id":"nyc_dob_permit_2494980","title":"DOB permit issued: EW at 525 WEST 238 STREET, BRONX","year":2013,"effective_date":"2013-02-08","date_precision":"day","category":"environment","lens":"green_space","confidence":"documented","source_ids":["ipu4-2q9a"],"explanation":"ISSUED EW record for job 220252045 at 525 WEST 238 STREET in BRONX."},"geometry":{"type":"Point","coordinates":[-73.908827,40.888394]}},{"type":"Feature","id":"nyc_dob_permit_2495004","properties":{"city_id":"nyc","event_id":"nyc_dob_permit_2495004","title":"DOB permit issued: EW at 130 EAST 7TH STREET, MANHATTAN","year":2013,"effective_date":"2013-02-08","date_precision":"day","category":"environment","lens":"green_space","confidence":"documented","source_ids":["ipu4-2q9a"],"explanation":"ISSUED EW record for job 121182460 at 130 EAST 7TH STREET in MANHATTAN."},"geometry":{"type":"Point","coordinates":[-73.983869,40.726186]}},{"type":"Feature","id":"nyc_dob_permit_2495229","properties":{"city_id":"nyc","event_id":"nyc_dob_permit_2495229","title":"DOB permit issued: EW at 3232 SHORE PARKWAY, BROOKLYN","year":2013,"effective_date":"2013-02-08","date_precision":"day","category":"environment","lens":"green_space","confidence":"documented","source_ids":["ipu4-2q9a"],"explanation":"ISSUED EW record for job 320701326 at 3232 SHORE PARKWAY in BROOKLYN."},"geometry":{"type":"Point","coordinates":[-73.956261,40.584867]}},{"type":"Feature","id":"nyc_dob_permit_2495237","properties":{"city_id":"nyc","event_id":"nyc_dob_permit_2495237","title":"DOB permit issued: EQ at 91-01 MERRICK BLVD, QUEENS","year":2013,"effective_date":"2013-02-08","date_precision":"day","category":"built_environment","lens":"built_environment","confidence":"documented","source_ids":["ipu4-2q9a"],"explanation":"ISSUED EQ record for job 420531767 at 91-01 MERRICK BLVD in QUEENS."},"geometry":{"type":"Point","coordinates":[-73.794369,40.70645]}},{"type":"Feature","id":"nyc_dob_permit_2495239","properties":{"city_id":"nyc","event_id":"nyc_dob_permit_2495239","title":"DOB permit issued: AL at 91-01 MERRICK BLVD, QUEENS","year":2013,"effective_date":"2013-02-08","date_precision":"day","category":"built_environment","lens":"built_environment","confidence":"documented","source_ids":["ipu4-2q9a"],"explanation":"ISSUED AL record for job 420470109 at 91-01 MERRICK BLVD in QUEENS."},"geometry":{"type":"Point","coordinates":[-73.794369,40.70645]}},{"type":"Feature","id":"nyc_dob_permit_2495269","properties":{"city_id":"nyc","event_id":"nyc_dob_permit_2495269","title":"DOB permit issued: EW at 1801 WILLIAMSBRIDGE ROAD, BRONX","year":2013,"effective_date":"2013-02-08","date_precision":"day","category":"transport","lens":"traffic","confidence":"documented","source_ids":["ipu4-2q9a"],"explanation":"ISSUED EW record for job 220249023 at 1801 WILLIAMSBRIDGE ROAD in BRONX."},"geometry":{"type":"Point","coordinates":[-73.851605,40.850593]}},{"type":"Feature","id":"nyc_dob_permit_2495272","properties":{"city_id":"nyc","event_id":"nyc_dob_permit_2495272","title":"DOB permit issued: EW at 156 WILLIAM STREET, MANHATTAN","year":2013,"effective_date":"2013-02-08","date_precision":"day","category":"environment","lens":"green_space","confidence":"documented","source_ids":["ipu4-2q9a"],"explanation":"ISSUED EW record for job 121462577 at 156 WILLIAM STREET in MANHATTAN."},"geometry":{"type":"Point","coordinates":[-74.006045,40.709944]}},{"type":"Feature","id":"nyc_dob_permit_2495274","properties":{"city_id":"nyc","event_id":"nyc_dob_permit_2495274","title":"DOB permit issued: EW at 2058 JEROME AVENUE, BRONX","year":2013,"effective_date":"2013-02-08","date_precision":"day","category":"built_environment","lens":"built_environment","confidence":"documented","source_ids":["ipu4-2q9a"],"explanation":"ISSUED EW record for job 220052699 at 2058 JEROME AVENUE in BRONX."},"geometry":{"type":"Point","coordinates":[-73.906958,40.854219]}},{"type":"Feature","id":"nyc_permitted_event_52772","properties":{"city_id":"nyc","event_id":"nyc_permitted_event_52772","title":"Permitted civic event: Murray Hill Farmer's Market","year":2013,"effective_date":"2013-01-06","date_precision":"day","category":"environment","lens":"green_space","confidence":"documented","source_ids":["bkfu-528j"],"explanation":"Permitted event/street-use record with possible temporary access, footfall, or traffic effects."},"geometry":{"type":"Point","coordinates":[-73.961624,40.70654]}},{"type":"Feature","id":"nyc_permitted_event_67700","properties":{"city_id":"nyc","event_id":"nyc_permitted_event_67700","title":"Permitted civic event: Electronic Waste Recycling Event","year":2013,"effective_date":"2013-01-06","date_precision":"day","category":"environment","lens":"green_space","confidence":"documented","source_ids":["bkfu-528j"],"explanation":"Permitted event/street-use record with possible temporary access, footfall, or traffic effects."},"geometry":{"type":"Point","coordinates":[-73.821956,40.8558]}},{"type":"Feature","id":"nyc_permitted_event_69432","properties":{"city_id":"nyc","event_id":"nyc_permitted_event_69432","title":"Permitted civic event: Citi Pond at Bryant Park","year":2013,"effective_date":"2013-01-11","date_precision":"day","category":"environment","lens":"green_space","confidence":"documented","source_ids":["bkfu-528j"],"explanation":"Permitted event/street-use record with possible temporary access, footfall, or traffic effects."},"geometry":{"type":"Point","coordinates":[-73.94736,40.81218]}},{"type":"Feature","id":"nyc_permitted_event_72501","properties":{"city_id":"nyc","event_id":"nyc_permitted_event_72501","title":"Permitted civic event: Big Apple Circus","year":2013,"effective_date":"2013-01-11","date_precision":"day","category":"environment","lens":"green_space","confidence":"documented","source_ids":["bkfu-528j"],"explanation":"Permitted event/street-use record with possible temporary access, footfall, or traffic effects."},"geometry":{"type":"Point","coordinates":[-74.00168,40.71661]}},{"type":"Feature","id":"nyc_permitted_event_73380","properties":{"city_id":"nyc","event_id":"nyc_permitted_event_73380","title":"Permitted civic event: Holiday Tree Display 2012","year":2013,"effective_date":"2013-01-11","date_precision":"day","category":"environment","lens":"green_space","confidence":"documented","source_ids":["bkfu-528j"],"explanation":"Permitted event/street-use record with possible temporary access, footfall, or traffic effects."},"geometry":{"type":"Point","coordinates":[-73.990316,40.62103]}},{"type":"Feature","id":"nyc_permitted_event_74180","properties":{"city_id":"nyc","event_id":"nyc_permitted_event_74180","title":"Permitted civic event: Christmas Nativity Display","year":2013,"effective_date":"2013-01-06","date_precision":"day","category":"environment","lens":"green_space","confidence":"documented","source_ids":["bkfu-528j"],"explanation":"Permitted event/street-use record with possible temporary access, footfall, or traffic effects."},"geometry":{"type":"Point","coordinates":[-73.94322,40.80752]}},{"type":"Feature","id":"nyc_permitted_event_74294","properties":{"city_id":"nyc","event_id":"nyc_permitted_event_74294","title":"Permitted civic event: Three Kings Day","year":2013,"effective_date":"2013-01-06","date_precision":"day","category":"environment","lens":"green_space","confidence":"documented","source_ids":["bkfu-528j"],"explanation":"Permitted event/street-use record with possible temporary access, footfall, or traffic effects."},"geometry":{"type":"Point","coordinates":[-74.082184,40.64069]}},{"type":"Feature","id":"nyc_permitted_event_76143","properties":{"city_id":"nyc","event_id":"nyc_permitted_event_76143","title":"Permitted civic event: Press Conference Announcing Simplification of Commercial Parking Regulation Signage","year":2013,"effective_date":"2013-01-07","date_precision":"day","category":"transport","lens":"traffic","confidence":"documented","source_ids":["bkfu-528j"],"explanation":"Permitted event/street-use record with possible temporary access, footfall, or traffic effects."},"geometry":{"type":"Point","coordinates":[-73.9723,40.5723]}},{"type":"Feature","id":"nyc_permitted_event_76868","properties":{"city_id":"nyc","event_id":"nyc_permitted_event_76868","title":"Permitted civic event: Miscellaneous","year":2013,"effective_date":"2013-01-08","date_precision":"day","category":"environment","lens":"green_space","confidence":"documented","source_ids":["bkfu-528j"],"explanation":"Permitted event/street-use record with possible temporary access, footfall, or traffic effects."},"geometry":{"type":"Point","coordinates":[-73.955492,40.70991]}},{"type":"Feature","id":"nyc_permitted_event_77097","properties":{"city_id":"nyc","event_id":"nyc_permitted_event_77097","title":"Permitted civic event: PS 183 East 67th Street Market","year":2013,"effective_date":"2013-01-05","date_precision":"day","category":"environment","lens":"green_space","confidence":"documented","source_ids":["bkfu-528j"],"explanation":"Permitted event/street-use record with possible temporary access, footfall, or traffic effects."},"geometry":{"type":"Point","coordinates":[-74.149456,40.57811]}},{"type":"Feature","id":"nyc_permitted_event_77500","properties":{"city_id":"nyc","event_id":"nyc_permitted_event_77500","title":"Permitted civic event: Coney Island Polar Dip","year":2013,"effective_date":"2013-01-01","date_precision":"day","category":"environment","lens":"green_space","confidence":"documented","source_ids":["bkfu-528j"],"explanation":"Permitted event/street-use record with possible temporary access, footfall, or traffic effects."},"geometry":{"type":"Point","coordinates":[-73.830368,40.66028]}},{"type":"Feature","id":"nyc_permitted_event_77508","properties":{"city_id":"nyc","event_id":"nyc_permitted_event_77508","title":"Permitted civic event: Catholic League Creche Display","year":2013,"effective_date":"2013-01-03","date_precision":"day","category":"environment","lens":"green_space","confidence":"documented","source_ids":["bkfu-528j"],"explanation":"Permitted event/street-use record with possible temporary access, footfall, or traffic effects."},"geometry":{"type":"Point","coordinates":[-73.946876,40.81341]}},{"type":"Feature","id":"nyc_permitted_event_77754","properties":{"city_id":"nyc","event_id":"nyc_permitted_event_77754","title":"Permitted civic event: Team In Training","year":2013,"effective_date":"2013-01-09","date_precision":"day","category":"environment","lens":"green_space","confidence":"documented","source_ids":["bkfu-528j"],"explanation":"Permitted event/street-use record with possible temporary access, footfall, or traffic effects."},"geometry":{"type":"Point","coordinates":[-73.954688,40.70725]}},{"type":"Feature","id":"nyc_permitted_event_77937","properties":{"city_id":"nyc","event_id":"nyc_permitted_event_77937","title":"Permitted civic event: Celebration","year":2013,"effective_date":"2013-01-05","date_precision":"day","category":"environment","lens":"green_space","confidence":"documented","source_ids":["bkfu-528j"],"explanation":"Permitted event/street-use record with possible temporary access, footfall, or traffic effects."},"geometry":{"type":"Point","coordinates":[-73.927208,40.77222]}},{"type":"Feature","id":"nyc_permitted_event_78109","properties":{"city_id":"nyc","event_id":"nyc_permitted_event_78109","title":"Permitted civic event: Celebration","year":2013,"effective_date":"2013-01-03","date_precision":"day","category":"environment","lens":"green_space","confidence":"documented","source_ids":["bkfu-528j"],"explanation":"Permitted event/street-use record with possible temporary access, footfall, or traffic effects."},"geometry":{"type":"Point","coordinates":[-73.826672,40.85484]}},{"type":"Feature","id":"nyc_permitted_event_78120","properties":{"city_id":"nyc","event_id":"nyc_permitted_event_78120","title":"Permitted civic event: Celebration","year":2013,"effective_date":"2013-01-09","date_precision":"day","category":"environment","lens":"green_space","confidence":"documented","source_ids":["bkfu-528j"],"explanation":"Permitted event/street-use record with possible temporary access, footfall, or traffic effects."},"geometry":{"type":"Point","coordinates":[-73.949288,40.8067]}},{"type":"Feature","id":"nyc_permitted_event_78185","properties":{"city_id":"nyc","event_id":"nyc_permitted_event_78185","title":"Permitted civic event: Pre Fall Stella McCartney Show","year":2013,"effective_date":"2013-01-08","date_precision":"day","category":"environment","lens":"green_space","confidence":"documented","source_ids":["bkfu-528j"],"explanation":"Permitted event/street-use record with possible temporary access, footfall, or traffic effects."},"geometry":{"type":"Point","coordinates":[-73.945356,40.81631]}},{"type":"Feature","id":"nyc_permitted_event_78220","properties":{"city_id":"nyc","event_id":"nyc_permitted_event_78220","title":"Permitted civic event: Job Central presented by TheLadders","year":2013,"effective_date":"2013-01-09","date_precision":"day","category":"environment","lens":"green_space","confidence":"documented","source_ids":["bkfu-528j"],"explanation":"Permitted event/street-use record with possible temporary access, footfall, or traffic effects."},"geometry":{"type":"Point","coordinates":[-73.956956,40.70863]}},{"type":"Feature","id":"nyc_permitted_event_78285","properties":{"city_id":"nyc","event_id":"nyc_permitted_event_78285","title":"Permitted civic event: USP Greenmarket 2013","year":2013,"effective_date":"2013-01-09","date_precision":"day","category":"environment","lens":"green_space","confidence":"documented","source_ids":["bkfu-528j"],"explanation":"Permitted event/street-use record with possible temporary access, footfall, or traffic effects."},"geometry":{"type":"Point","coordinates":[-74.07628,40.6465]}},{"type":"Feature","id":"nyc_permitted_event_78397","properties":{"city_id":"nyc","event_id":"nyc_permitted_event_78397","title":"Permitted civic event: Celebration","year":2013,"effective_date":"2013-01-01","date_precision":"day","category":"environment","lens":"green_space","confidence":"documented","source_ids":["bkfu-528j"],"explanation":"Permitted event/street-use record with possible temporary access, footfall, or traffic effects."},"geometry":{"type":"Point","coordinates":[-73.926008,40.76381]}},{"type":"Feature","id":"nyc_permitted_event_78513","properties":{"city_id":"nyc","event_id":"nyc_permitted_event_78513","title":"Permitted civic event: La Plaza De Las Americas Vendors Market","year":2013,"effective_date":"2013-01-10","date_precision":"day","category":"environment","lens":"green_space","confidence":"documented","source_ids":["bkfu-528j"],"explanation":"Permitted event/street-use record with possible temporary access, footfall, or traffic effects."},"geometry":{"type":"Point","coordinates":[-73.924232,40.76729]}},{"type":"Feature","id":"nyc_permitted_event_78674","properties":{"city_id":"nyc","event_id":"nyc_permitted_event_78674","title":"Permitted civic event: Joe Kleinerman 10K","year":2013,"effective_date":"2013-01-05","date_precision":"day","category":"environment","lens":"green_space","confidence":"documented","source_ids":["bkfu-528j"],"explanation":"Permitted event/street-use record with possible temporary access, footfall, or traffic effects."},"geometry":{"type":"Point","coordinates":[-73.960476,40.70546]}},{"type":"Feature","id":"nyc_permitted_event_78740","properties":{"city_id":"nyc","event_id":"nyc_permitted_event_78740","title":"Permitted civic event: Electronic Waste Recycling Event","year":2013,"effective_date":"2013-01-05","date_precision":"day","category":"environment","lens":"green_space","confidence":"documented","source_ids":["bkfu-528j"],"explanation":"Permitted event/street-use record with possible temporary access, footfall, or traffic effects."},"geometry":{"type":"Point","coordinates":[-73.989608,40.62327]}},{"type":"Feature","id":"nyc_permitted_event_78783","properties":{"city_id":"nyc","event_id":"nyc_permitted_event_78783","title":"Permitted civic event: Starbucks Blonde Sampling","year":2013,"effective_date":"2013-01-07","date_precision":"day","category":"environment","lens":"green_space","confidence":"documented","source_ids":["bkfu-528j"],"explanation":"Permitted event/street-use record with possible temporary access, footfall, or traffic effects."},"geometry":{"type":"Point","coordinates":[-73.820008,40.58586]}},{"type":"Feature","id":"nyc_permitted_event_78829","properties":{"city_id":"nyc","event_id":"nyc_permitted_event_78829","title":"Permitted civic event: Starbucks Blonde Sampling Program","year":2013,"effective_date":"2013-01-08","date_precision":"day","category":"environment","lens":"green_space","confidence":"documented","source_ids":["bkfu-528j"],"explanation":"Permitted event/street-use record with possible temporary access, footfall, or traffic effects."},"geometry":{"type":"Point","coordinates":[-74.000992,40.75037]}},{"type":"Feature","id":"nyc_permitted_event_78861","properties":{"city_id":"nyc","event_id":"nyc_permitted_event_78861","title":"Permitted civic event: Starbucks Blonde Sampling Program","year":2013,"effective_date":"2013-01-09","date_precision":"day","category":"environment","lens":"green_space","confidence":"documented","source_ids":["bkfu-528j"],"explanation":"Permitted event/street-use record with possible temporary access, footfall, or traffic effects."},"geometry":{"type":"Point","coordinates":[-73.99954,40.75053]}},{"type":"Feature","id":"nyc_permitted_event_79103","properties":{"city_id":"nyc","event_id":"nyc_permitted_event_79103","title":"Permitted civic event: Celebration","year":2013,"effective_date":"2013-01-08","date_precision":"day","category":"environment","lens":"green_space","confidence":"documented","source_ids":["bkfu-528j"],"explanation":"Permitted event/street-use record with possible temporary access, footfall, or traffic effects."},"geometry":{"type":"Point","coordinates":[-73.829252,40.6561]}},{"type":"Feature","id":"nyc_permitted_event_79322","properties":{"city_id":"nyc","event_id":"nyc_permitted_event_79322","title":"Permitted civic event: Starbucks Blonde Sampling Program","year":2013,"effective_date":"2013-01-11","date_precision":"day","category":"environment","lens":"green_space","confidence":"documented","source_ids":["bkfu-528j"],"explanation":"Permitted event/street-use record with possible temporary access, footfall, or traffic effects."},"geometry":{"type":"Point","coordinates":[-73.981848,40.75475]}},{"type":"Feature","id":"nyc_permitted_event_79426","properties":{"city_id":"nyc","event_id":"nyc_permitted_event_79426","title":"Permitted civic event: Harry's Handicap","year":2013,"effective_date":"2013-01-01","date_precision":"day","category":"environment","lens":"green_space","confidence":"documented","source_ids":["bkfu-528j"],"explanation":"Permitted event/street-use record with possible temporary access, footfall, or traffic effects."},"geometry":{"type":"Point","coordinates":[-73.982208,40.6923]}},{"type":"Feature","id":"nyc_permitted_event_79534","properties":{"city_id":"nyc","event_id":"nyc_permitted_event_79534","title":"Permitted civic event: Inwood Greenmarket Saturday","year":2013,"effective_date":"2013-01-05","date_precision":"day","category":"environment","lens":"green_space","confidence":"documented","source_ids":["bkfu-528j"],"explanation":"Permitted event/street-use record with possible temporary access, footfall, or traffic effects."},"geometry":{"type":"Point","coordinates":[-73.983832,40.57786]}},{"type":"Feature","id":"nyc_permitted_event_79538","properties":{"city_id":"nyc","event_id":"nyc_permitted_event_79538","title":"Permitted civic event: McCarren Park Greenmarket Saturday","year":2013,"effective_date":"2013-01-05","date_precision":"day","category":"environment","lens":"green_space","confidence":"documented","source_ids":["bkfu-528j"],"explanation":"Permitted event/street-use record with possible temporary access, footfall, or traffic effects."},"geometry":{"type":"Point","coordinates":[-73.991372,40.61668]}},{"type":"Feature","id":"nyc_permitted_event_79542","properties":{"city_id":"nyc","event_id":"nyc_permitted_event_79542","title":"Permitted civic event: Columbia Greenmarket Thursday","year":2013,"effective_date":"2013-01-10","date_precision":"day","category":"environment","lens":"green_space","confidence":"documented","source_ids":["bkfu-528j"],"explanation":"Permitted event/street-use record with possible temporary access, footfall, or traffic effects."},"geometry":{"type":"Point","coordinates":[-73.823288,40.85088]}},{"type":"Feature","id":"nyc_permitted_event_79550","properties":{"city_id":"nyc","event_id":"nyc_permitted_event_79550","title":"Permitted civic event: Columbia Greenmarket Sunday","year":2013,"effective_date":"2013-01-06","date_precision":"day","category":"environment","lens":"green_space","confidence":"documented","source_ids":["bkfu-528j"],"explanation":"Permitted event/street-use record with possible temporary access, footfall, or traffic effects."},"geometry":{"type":"Point","coordinates":[-73.943876,40.80789]}},{"type":"Feature","id":"nyc_permitted_event_79555","properties":{"city_id":"nyc","event_id":"nyc_permitted_event_79555","title":"Permitted civic event: Cortelyou Greenmarket Sunday","year":2013,"effective_date":"2013-01-06","date_precision":"day","category":"environment","lens":"green_space","confidence":"documented","source_ids":["bkfu-528j"],"explanation":"Permitted event/street-use record with possible temporary access, footfall, or traffic effects."},"geometry":{"type":"Point","coordinates":[-73.89226,40.864]}},{"type":"Feature","id":"nyc_permitted_event_79564","properties":{"city_id":"nyc","event_id":"nyc_permitted_event_79564","title":"Permitted civic event: Carroll Gardens Greenmarket Sunday","year":2013,"effective_date":"2013-01-06","date_precision":"day","category":"environment","lens":"green_space","confidence":"documented","source_ids":["bkfu-528j"],"explanation":"Permitted event/street-use record with possible temporary access, footfall, or traffic effects."},"geometry":{"type":"Point","coordinates":[-73.987428,40.75571]}},{"type":"Feature","id":"nyc_permitted_event_79566","properties":{"city_id":"nyc","event_id":"nyc_permitted_event_79566","title":"Permitted civic event: Path Greenmarket Tuesday","year":2013,"effective_date":"2013-01-08","date_precision":"day","category":"environment","lens":"green_space","confidence":"documented","source_ids":["bkfu-528j"],"explanation":"Permitted event/street-use record with possible temporary access, footfall, or traffic effects."},"geometry":{"type":"Point","coordinates":[-73.94318,40.81327]}},{"type":"Feature","id":"nyc_permitted_event_79657","properties":{"city_id":"nyc","event_id":"nyc_permitted_event_79657","title":"Permitted civic event: Polish Christmas Carols","year":2013,"effective_date":"2013-01-06","date_precision":"day","category":"environment","lens":"green_space","confidence":"documented","source_ids":["bkfu-528j"],"explanation":"Permitted event/street-use record with possible temporary access, footfall, or traffic effects."},"geometry":{"type":"Point","coordinates":[-73.89172,40.8649]}},{"type":"Feature","id":"nyc_permitted_event_79667","properties":{"city_id":"nyc","event_id":"nyc_permitted_event_79667","title":"Permitted civic event: Holy Epiphany Blessing","year":2013,"effective_date":"2013-01-06","date_precision":"day","category":"environment","lens":"green_space","confidence":"documented","source_ids":["bkfu-528j"],"explanation":"Permitted event/street-use record with possible temporary access, footfall, or traffic effects."},"geometry":{"type":"Point","coordinates":[-73.98828,40.69633]}},{"type":"Feature","id":"nyc_permitted_event_79844","properties":{"city_id":"nyc","event_id":"nyc_permitted_event_79844","title":"Permitted civic event: Electronic Waste Recycling Event","year":2013,"effective_date":"2013-01-05","date_precision":"day","category":"environment","lens":"green_space","confidence":"documented","source_ids":["bkfu-528j"],"explanation":"Permitted event/street-use record with possible temporary access, footfall, or traffic effects."},"geometry":{"type":"Point","coordinates":[-73.906744,40.82118]}},{"type":"Feature","id":"nyc_permitted_event_80035","properties":{"city_id":"nyc","event_id":"nyc_permitted_event_80035","title":"Permitted civic event: Philips Event Inside Vanderbilt Hall","year":2013,"effective_date":"2013-01-08","date_precision":"day","category":"environment","lens":"green_space","confidence":"documented","source_ids":["bkfu-528j"],"explanation":"Permitted event/street-use record with possible temporary access, footfall, or traffic effects."},"geometry":{"type":"Point","coordinates":[-74.008076,40.71741]}},{"type":"Feature","id":"nyc_permitted_event_80042","properties":{"city_id":"nyc","event_id":"nyc_permitted_event_80042","title":"Permitted civic event: Celebration","year":2013,"effective_date":"2013-01-03","date_precision":"day","category":"environment","lens":"green_space","confidence":"documented","source_ids":["bkfu-528j"],"explanation":"Permitted event/street-use record with possible temporary access, footfall, or traffic effects."},"geometry":{"type":"Point","coordinates":[-73.927616,40.77142]}},{"type":"Feature","id":"nyc_permitted_event_80087","properties":{"city_id":"nyc","event_id":"nyc_permitted_event_80087","title":"Permitted civic event: Demonstration","year":2013,"effective_date":"2013-01-05","date_precision":"day","category":"environment","lens":"green_space","confidence":"documented","source_ids":["bkfu-528j"],"explanation":"Permitted event/street-use record with possible temporary access, footfall, or traffic effects."},"geometry":{"type":"Point","coordinates":[-73.949744,40.81477]}},{"type":"Feature","id":"nyc_permitted_event_80103","properties":{"city_id":"nyc","event_id":"nyc_permitted_event_80103","title":"Permitted civic event: Miscellaneous","year":2013,"effective_date":"2013-01-05","date_precision":"day","category":"environment","lens":"green_space","confidence":"documented","source_ids":["bkfu-528j"],"explanation":"Permitted event/street-use record with possible temporary access, footfall, or traffic effects."},"geometry":{"type":"Point","coordinates":[-73.979784,40.69755]}},{"type":"Feature","id":"nyc_permitted_event_80403","properties":{"city_id":"nyc","event_id":"nyc_permitted_event_80403","title":"Permitted civic event: Jamba Juice Sampling Event","year":2013,"effective_date":"2013-01-04","date_precision":"day","category":"environment","lens":"green_space","confidence":"documented","source_ids":["bkfu-528j"],"explanation":"Permitted event/street-use record with possible temporary access, footfall, or traffic effects."},"geometry":{"type":"Point","coordinates":[-73.943756,40.8158]}},{"type":"Feature","id":"nyc_permitted_event_80406","properties":{"city_id":"nyc","event_id":"nyc_permitted_event_80406","title":"Permitted civic event: Loading and Unloading for NASDAQ Interior Event","year":2013,"effective_date":"2013-01-04","date_precision":"day","category":"environment","lens":"green_space","confidence":"documented","source_ids":["bkfu-528j"],"explanation":"Permitted event/street-use record with possible temporary access, footfall, or traffic effects."},"geometry":{"type":"Point","coordinates":[-73.921712,40.76617]}},{"type":"Feature","id":"nyc_permitted_event_80648","properties":{"city_id":"nyc","event_id":"nyc_permitted_event_80648","title":"Permitted civic event: Gevalia Pop Up Store","year":2013,"effective_date":"2013-01-02","date_precision":"day","category":"environment","lens":"green_space","confidence":"documented","source_ids":["bkfu-528j"],"explanation":"Permitted event/street-use record with possible temporary access, footfall, or traffic effects."},"geometry":{"type":"Point","coordinates":[-73.831716,40.76266]}},{"type":"Feature","id":"nyc_permitted_event_80737","properties":{"city_id":"nyc","event_id":"nyc_permitted_event_80737","title":"Permitted civic event: CDP Democratic Marathon Protests","year":2013,"effective_date":"2013-01-08","date_precision":"day","category":"environment","lens":"green_space","confidence":"documented","source_ids":["bkfu-528j"],"explanation":"Permitted event/street-use record with possible temporary access, footfall, or traffic effects."},"geometry":{"type":"Point","coordinates":[-73.89994,40.81551]}},{"type":"Feature","id":"nyc_permitted_event_80753","properties":{"city_id":"nyc","event_id":"nyc_permitted_event_80753","title":"Permitted civic event: Permitted Film Event","year":2013,"effective_date":"2013-01-02","date_precision":"day","category":"environment","lens":"green_space","confidence":"documented","source_ids":["bkfu-528j"],"explanation":"Permitted event/street-use record with possible temporary access, footfall, or traffic effects."},"geometry":{"type":"Point","coordinates":[-73.959536,40.71121]}},{"type":"Feature","id":"nyc_permitted_event_80861","properties":{"city_id":"nyc","event_id":"nyc_permitted_event_80861","title":"Permitted civic event: Hell's Kitchen Flea Market","year":2013,"effective_date":"2013-01-06","date_precision":"day","category":"environment","lens":"green_space","confidence":"documented","source_ids":["bkfu-528j"],"explanation":"Permitted event/street-use record with possible temporary access, footfall, or traffic effects."},"geometry":{"type":"Point","coordinates":[-73.950352,40.74001]}},{"type":"Feature","id":"nyc_permitted_event_80900","properties":{"city_id":"nyc","event_id":"nyc_permitted_event_80900","title":"Permitted civic event: Celebration","year":2013,"effective_date":"2013-01-05","date_precision":"day","category":"environment","lens":"green_space","confidence":"documented","source_ids":["bkfu-528j"],"explanation":"Permitted event/street-use record with possible temporary access, footfall, or traffic effects."},"geometry":{"type":"Point","coordinates":[-73.893952,40.86598]}},{"type":"Feature","id":"nyc_permitted_event_80958","properties":{"city_id":"nyc","event_id":"nyc_permitted_event_80958","title":"Permitted civic event: KCD - LOUIS VUITTON PRE FALL","year":2013,"effective_date":"2013-01-06","date_precision":"day","category":"environment","lens":"green_space","confidence":"documented","source_ids":["bkfu-528j"],"explanation":"Permitted event/street-use record with possible temporary access, footfall, or traffic effects."},"geometry":{"type":"Point","coordinates":[-73.944352,40.74254]}},{"type":"Feature","id":"nyc_permitted_event_80974","properties":{"city_id":"nyc","event_id":"nyc_permitted_event_80974","title":"Permitted civic event: Farmers Market Nutrition Program","year":2013,"effective_date":"2013-01-05","date_precision":"day","category":"environment","lens":"green_space","confidence":"documented","source_ids":["bkfu-528j"],"explanation":"Permitted event/street-use record with possible temporary access, footfall, or traffic effects."},"geometry":{"type":"Point","coordinates":[-74.006672,40.71692]}},{"type":"Feature","id":"nyc_permitted_event_81213","properties":{"city_id":"nyc","event_id":"nyc_permitted_event_81213","title":"Permitted civic event: Permitted Film Event","year":2013,"effective_date":"2013-01-02","date_precision":"day","category":"environment","lens":"green_space","confidence":"documented","source_ids":["bkfu-528j"],"explanation":"Permitted event/street-use record with possible temporary access, footfall, or traffic effects."},"geometry":{"type":"Point","coordinates":[-73.790592,40.70597]}},{"type":"Feature","id":"nyc_permitted_event_81258","properties":{"city_id":"nyc","event_id":"nyc_permitted_event_81258","title":"Permitted civic event: Permitted Film Event","year":2013,"effective_date":"2013-01-02","date_precision":"day","category":"environment","lens":"green_space","confidence":"documented","source_ids":["bkfu-528j"],"explanation":"Permitted event/street-use record with possible temporary access, footfall, or traffic effects."},"geometry":{"type":"Point","coordinates":[-73.972648,40.57701]}},{"type":"Feature","id":"nyc_permitted_event_81422","properties":{"city_id":"nyc","event_id":"nyc_permitted_event_81422","title":"Permitted civic event: disneybarneys xmas windoiws break down","year":2013,"effective_date":"2013-01-03","date_precision":"day","category":"environment","lens":"green_space","confidence":"documented","source_ids":["bkfu-528j"],"explanation":"Permitted event/street-use record with possible temporary access, footfall, or traffic effects."},"geometry":{"type":"Point","coordinates":[-73.9851,40.7589]}},{"type":"Feature","id":"nyc_permitted_event_81439","properties":{"city_id":"nyc","event_id":"nyc_permitted_event_81439","title":"Permitted civic event: Restaurant Week and Broadway Week","year":2013,"effective_date":"2013-01-07","date_precision":"day","category":"transport","lens":"traffic","confidence":"documented","source_ids":["bkfu-528j"],"explanation":"Permitted event/street-use record with possible temporary access, footfall, or traffic effects."},"geometry":{"type":"Point","coordinates":[-73.9855,40.758]}},{"type":"Feature","id":"nyc_permitted_event_81441","properties":{"city_id":"nyc","event_id":"nyc_permitted_event_81441","title":"Permitted civic event: national board of review","year":2013,"effective_date":"2013-01-08","date_precision":"day","category":"environment","lens":"green_space","confidence":"documented","source_ids":["bkfu-528j"],"explanation":"Permitted event/street-use record with possible temporary access, footfall, or traffic effects."},"geometry":{"type":"Point","coordinates":[-74.002012,40.75441]}},{"type":"Feature","id":"nyc_permitted_event_81483","properties":{"city_id":"nyc","event_id":"nyc_permitted_event_81483","title":"Permitted civic event: Permitted Film Event","year":2013,"effective_date":"2013-01-07","date_precision":"day","category":"environment","lens":"green_space","confidence":"documented","source_ids":["bkfu-528j"],"explanation":"Permitted event/street-use record with possible temporary access, footfall, or traffic effects."},"geometry":{"type":"Point","coordinates":[-73.830884,40.6649]}},{"type":"Feature","id":"nyc_permitted_event_81492","properties":{"city_id":"nyc","event_id":"nyc_permitted_event_81492","title":"Permitted civic event: Permitted Film Event","year":2013,"effective_date":"2013-01-07","date_precision":"day","category":"environment","lens":"green_space","confidence":"documented","source_ids":["bkfu-528j"],"explanation":"Permitted event/street-use record with possible temporary access, footfall, or traffic effects."},"geometry":{"type":"Point","coordinates":[-73.98384,40.69884]}},{"type":"Feature","id":"nyc_permitted_event_81514","properties":{"city_id":"nyc","event_id":"nyc_permitted_event_81514","title":"Permitted civic event: ny film critics circle awards","year":2013,"effective_date":"2013-01-07","date_precision":"day","category":"environment","lens":"green_space","confidence":"documented","source_ids":["bkfu-528j"],"explanation":"Permitted event/street-use record with possible temporary access, footfall, or traffic effects."},"geometry":{"type":"Point","coordinates":[-73.943644,40.74248]}},{"type":"Feature","id":"nyc_permitted_event_81574","properties":{"city_id":"nyc","event_id":"nyc_permitted_event_81574","title":"Permitted civic event: Permitted Film Event","year":2013,"effective_date":"2013-01-03","date_precision":"day","category":"environment","lens":"green_space","confidence":"documented","source_ids":["bkfu-528j"],"explanation":"Permitted event/street-use record with possible temporary access, footfall, or traffic effects."},"geometry":{"type":"Point","coordinates":[-73.998784,40.75036]}},{"type":"Feature","id":"nyc_permitted_event_81591","properties":{"city_id":"nyc","event_id":"nyc_permitted_event_81591","title":"Permitted civic event: Girls premiere","year":2013,"effective_date":"2013-01-09","date_precision":"day","category":"environment","lens":"green_space","confidence":"documented","source_ids":["bkfu-528j"],"explanation":"Permitted event/street-use record with possible temporary access, footfall, or traffic effects."},"geometry":{"type":"Point","coordinates":[-73.9202,40.76404]}},{"type":"Feature","id":"nyc_permitted_event_81676","properties":{"city_id":"nyc","event_id":"nyc_permitted_event_81676","title":"Permitted civic event: Vanderbilt Hall Load-In","year":2013,"effective_date":"2013-01-08","date_precision":"day","category":"environment","lens":"green_space","confidence":"documented","source_ids":["bkfu-528j"],"explanation":"Permitted event/street-use record with possible temporary access, footfall, or traffic effects."},"geometry":{"type":"Point","coordinates":[-73.946832,40.81532]}},{"type":"Feature","id":"nyc_permitted_event_81694","properties":{"city_id":"nyc","event_id":"nyc_permitted_event_81694","title":"Permitted civic event: picnic house wedding - mizrahi","year":2013,"effective_date":"2013-01-10","date_precision":"day","category":"environment","lens":"green_space","confidence":"documented","source_ids":["bkfu-528j"],"explanation":"Permitted event/street-use record with possible temporary access, footfall, or traffic effects."},"geometry":{"type":"Point","coordinates":[-73.793172,40.70724]}},{"type":"Feature","id":"nyc_permitted_event_81700","properties":{"city_id":"nyc","event_id":"nyc_permitted_event_81700","title":"Permitted civic event: Dinner Party","year":2013,"effective_date":"2013-01-07","date_precision":"day","category":"environment","lens":"green_space","confidence":"documented","source_ids":["bkfu-528j"],"explanation":"Permitted event/street-use record with possible temporary access, footfall, or traffic effects."},"geometry":{"type":"Point","coordinates":[-73.831752,40.77063]}},{"type":"Feature","id":"nyc_permitted_event_81714","properties":{"city_id":"nyc","event_id":"nyc_permitted_event_81714","title":"Permitted civic event: Private Screening","year":2013,"effective_date":"2013-01-07","date_precision":"day","category":"environment","lens":"green_space","confidence":"documented","source_ids":["bkfu-528j"],"explanation":"Permitted event/street-use record with possible temporary access, footfall, or traffic effects."},"geometry":{"type":"Point","coordinates":[-73.948152,40.80801]}},{"type":"Feature","id":"nyc_permitted_event_82024","properties":{"city_id":"nyc","event_id":"nyc_permitted_event_82024","title":"Permitted civic event: Permitted Film Event","year":2013,"effective_date":"2013-01-07","date_precision":"day","category":"environment","lens":"green_space","confidence":"documented","source_ids":["bkfu-528j"],"explanation":"Permitted event/street-use record with possible temporary access, footfall, or traffic effects."},"geometry":{"type":"Point","coordinates":[-73.949452,40.747]}},{"type":"Feature","id":"nyc_permitted_event_82101","properties":{"city_id":"nyc","event_id":"nyc_permitted_event_82101","title":"Permitted civic event: GALA AT CIPRIANI WALL STREET","year":2013,"effective_date":"2013-01-08","date_precision":"day","category":"environment","lens":"green_space","confidence":"documented","source_ids":["bkfu-528j"],"explanation":"Permitted event/street-use record with possible temporary access, footfall, or traffic effects."},"geometry":{"type":"Point","coordinates":[-73.980724,40.57757]}},{"type":"Feature","id":"nyc_permitted_event_82108","properties":{"city_id":"nyc","event_id":"nyc_permitted_event_82108","title":"Permitted civic event: SAP Conference","year":2013,"effective_date":"2013-01-10","date_precision":"day","category":"environment","lens":"green_space","confidence":"documented","source_ids":["bkfu-528j"],"explanation":"Permitted event/street-use record with possible temporary access, footfall, or traffic effects."},"geometry":{"type":"Point","coordinates":[-73.833096,40.77144]}},{"type":"Feature","id":"nyc_permitted_event_82166","properties":{"city_id":"nyc","event_id":"nyc_permitted_event_82166","title":"Permitted civic event: Permitted Film Event","year":2013,"effective_date":"2013-01-02","date_precision":"day","category":"environment","lens":"green_space","confidence":"documented","source_ids":["bkfu-528j"],"explanation":"Permitted event/street-use record with possible temporary access, footfall, or traffic effects."},"geometry":{"type":"Point","coordinates":[-74.006204,40.71447]}},{"type":"Feature","id":"nyc_permitted_event_82252","properties":{"city_id":"nyc","event_id":"nyc_permitted_event_82252","title":"Permitted civic event: Adoption Drive","year":2013,"effective_date":"2013-01-05","date_precision":"day","category":"environment","lens":"green_space","confidence":"documented","source_ids":["bkfu-528j"],"explanation":"Permitted event/street-use record with possible temporary access, footfall, or traffic effects."},"geometry":{"type":"Point","coordinates":[-73.951068,40.71098]}},{"type":"Feature","id":"nyc_permitted_event_82368","properties":{"city_id":"nyc","event_id":"nyc_permitted_event_82368","title":"Permitted civic event: Rally","year":2013,"effective_date":"2013-01-06","date_precision":"day","category":"environment","lens":"green_space","confidence":"documented","source_ids":["bkfu-528j"],"explanation":"Permitted event/street-use record with possible temporary access, footfall, or traffic effects."},"geometry":{"type":"Point","coordinates":[-73.981416,40.75439]}},{"type":"Feature","id":"nyc_permitted_event_82836","properties":{"city_id":"nyc","event_id":"nyc_permitted_event_82836","title":"Permitted civic event: 2013 Macy's Great Christmas Tree Strike","year":2013,"effective_date":"2013-01-10","date_precision":"day","category":"environment","lens":"green_space","confidence":"documented","source_ids":["bkfu-528j"],"explanation":"Permitted event/street-use record with possible temporary access, footfall, or traffic effects."},"geometry":{"type":"Point","coordinates":[-74.15068,40.58017]}},{"type":"Feature","id":"nyc_street_permit_legacy_b002013002001","properties":{"city_id":"nyc","event_id":"nyc_street_permit_legacy_b002013002001","title":"Legacy street construction permit: street segment, NYC","year":2013,"effective_date":"2013-01-02","date_precision":"day","category":"transport","lens":"traffic","confidence":"documented","source_ids":["c9sj-fmsg"],"explanation":"Street/right-of-way work permit affecting street segment in NYC."},"geometry":{"type":"Point","coordinates":[-73.990236,40.76159]}},{"type":"Feature","id":"nyc_street_permit_legacy_b012012352080","properties":{"city_id":"nyc","event_id":"nyc_street_permit_legacy_b012012352080","title":"Legacy street construction permit: STILLWELL AVENUE, BROOKLYN","year":2013,"effective_date":"2013-01-02","date_precision":"day","category":"transport","lens":"traffic","confidence":"documented","source_ids":["c9sj-fmsg"],"explanation":"Street/right-of-way work permit affecting STILLWELL AVENUE in BROOKLYN."},"geometry":{"type":"Point","coordinates":[-73.831844,40.8564]}},{"type":"Feature","id":"nyc_street_permit_legacy_b012012363036","properties":{"city_id":"nyc","event_id":"nyc_street_permit_legacy_b012012363036","title":"Legacy street construction permit: BERGEN STREET, BROOKLYN","year":2013,"effective_date":"2013-01-02","date_precision":"day","category":"transport","lens":"traffic","confidence":"documented","source_ids":["c9sj-fmsg"],"explanation":"Street/right-of-way work permit affecting BERGEN STREET in BROOKLYN."},"geometry":{"type":"Point","coordinates":[-73.89268,40.86698]}},{"type":"Feature","id":"nyc_street_permit_legacy_b012012363037","properties":{"city_id":"nyc","event_id":"nyc_street_permit_legacy_b012012363037","title":"Legacy street construction permit: 40 STREET, BROOKLYN","year":2013,"effective_date":"2013-01-02","date_precision":"day","category":"transport","lens":"traffic","confidence":"documented","source_ids":["c9sj-fmsg"],"explanation":"Street/right-of-way work permit affecting 40 STREET in BROOKLYN."},"geometry":{"type":"Point","coordinates":[-73.981276,40.57348]}},{"type":"Feature","id":"nyc_street_permit_legacy_b012012363038","properties":{"city_id":"nyc","event_id":"nyc_street_permit_legacy_b012012363038","title":"Legacy street construction permit: EAST 38 STREET, BROOKLYN","year":2013,"effective_date":"2013-01-02","date_precision":"day","category":"transport","lens":"traffic","confidence":"documented","source_ids":["c9sj-fmsg"],"explanation":"Street/right-of-way work permit affecting EAST 38 STREET in BROOKLYN."},"geometry":{"type":"Point","coordinates":[-73.900708,40.85943]}},{"type":"Feature","id":"nyc_street_permit_legacy_b012012363184","properties":{"city_id":"nyc","event_id":"nyc_street_permit_legacy_b012012363184","title":"Legacy street construction permit: KINGS HIGHWAY, BROOKLYN","year":2013,"effective_date":"2013-01-02","date_precision":"day","category":"transport","lens":"traffic","confidence":"documented","source_ids":["c9sj-fmsg"],"explanation":"Street/right-of-way work permit affecting KINGS HIGHWAY in BROOKLYN."},"geometry":{"type":"Point","coordinates":[-74.149036,40.57626]}},{"type":"Feature","id":"nyc_street_permit_legacy_b012012364001","properties":{"city_id":"nyc","event_id":"nyc_street_permit_legacy_b012012364001","title":"Legacy street construction permit: 88 STREET, BROOKLYN","year":2013,"effective_date":"2013-01-02","date_precision":"day","category":"transport","lens":"traffic","confidence":"documented","source_ids":["c9sj-fmsg"],"explanation":"Street/right-of-way work permit affecting 88 STREET in BROOKLYN."},"geometry":{"type":"Point","coordinates":[-73.794792,40.70026]}},{"type":"Feature","id":"nyc_street_permit_legacy_b012012365003","properties":{"city_id":"nyc","event_id":"nyc_street_permit_legacy_b012012365003","title":"Legacy street construction permit: CYRUS AVENUE, BROOKLYN","year":2013,"effective_date":"2013-01-02","date_precision":"day","category":"transport","lens":"traffic","confidence":"documented","source_ids":["c9sj-fmsg"],"explanation":"Street/right-of-way work permit affecting CYRUS AVENUE in BROOKLYN."},"geometry":{"type":"Point","coordinates":[-73.945064,40.815]}},{"type":"Feature","id":"nyc_street_permit_legacy_b012012366037","properties":{"city_id":"nyc","event_id":"nyc_street_permit_legacy_b012012366037","title":"Legacy street construction permit: AVENUE C, BROOKLYN","year":2013,"effective_date":"2013-01-02","date_precision":"day","category":"transport","lens":"traffic","confidence":"documented","source_ids":["c9sj-fmsg"],"explanation":"Street/right-of-way work permit affecting AVENUE C in BROOKLYN."},"geometry":{"type":"Point","coordinates":[-73.828748,40.85096]}},{"type":"Feature","id":"nyc_street_permit_legacy_b012012366039","properties":{"city_id":"nyc","event_id":"nyc_street_permit_legacy_b012012366039","title":"Legacy street construction permit: DITMAS AVENUE, BROOKLYN","year":2013,"effective_date":"2013-01-02","date_precision":"day","category":"transport","lens":"traffic","confidence":"documented","source_ids":["c9sj-fmsg"],"explanation":"Street/right-of-way work permit affecting DITMAS AVENUE in BROOKLYN."},"geometry":{"type":"Point","coordinates":[-73.985556,40.75453]}},{"type":"Feature","id":"nyc_street_permit_legacy_b012012366058","properties":{"city_id":"nyc","event_id":"nyc_street_permit_legacy_b012012366058","title":"Legacy street construction permit: HANCOCK STREET, BROOKLYN","year":2013,"effective_date":"2013-01-02","date_precision":"day","category":"transport","lens":"traffic","confidence":"documented","source_ids":["c9sj-fmsg"],"explanation":"Street/right-of-way work permit affecting HANCOCK STREET in BROOKLYN."},"geometry":{"type":"Point","coordinates":[-73.982688,40.75641]}},{"type":"Feature","id":"nyc_street_permit_legacy_b012013002001","properties":{"city_id":"nyc","event_id":"nyc_street_permit_legacy_b012013002001","title":"Legacy street construction permit: LOCUST STREET, BROOKLYN","year":2013,"effective_date":"2013-01-02","date_precision":"day","category":"transport","lens":"traffic","confidence":"documented","source_ids":["c9sj-fmsg"],"explanation":"Street/right-of-way work permit affecting LOCUST STREET in BROOKLYN."},"geometry":{"type":"Point","coordinates":[-73.920752,40.7692]}},{"type":"Feature","id":"nyc_street_permit_legacy_b012013002002","properties":{"city_id":"nyc","event_id":"nyc_street_permit_legacy_b012013002002","title":"Legacy street construction permit: ASHFORD STREET, BROOKLYN","year":2013,"effective_date":"2013-01-02","date_precision":"day","category":"transport","lens":"traffic","confidence":"documented","source_ids":["c9sj-fmsg"],"explanation":"Street/right-of-way work permit affecting ASHFORD STREET in BROOKLYN."},"geometry":{"type":"Point","coordinates":[-74.003708,40.71296]}},{"type":"Feature","id":"nyc_street_permit_legacy_b012013002003","properties":{"city_id":"nyc","event_id":"nyc_street_permit_legacy_b012013002003","title":"Legacy street construction permit: ASHFORD STREET, BROOKLYN","year":2013,"effective_date":"2013-01-02","date_precision":"day","category":"transport","lens":"traffic","confidence":"documented","source_ids":["c9sj-fmsg"],"explanation":"Street/right-of-way work permit affecting ASHFORD STREET in BROOKLYN."},"geometry":{"type":"Point","coordinates":[-73.982152,40.5755]}},{"type":"Feature","id":"nyc_street_permit_legacy_b012013002004","properties":{"city_id":"nyc","event_id":"nyc_street_permit_legacy_b012013002004","title":"Legacy street construction permit: 15 AVENUE, BROOKLYN","year":2013,"effective_date":"2013-01-02","date_precision":"day","category":"transport","lens":"traffic","confidence":"documented","source_ids":["c9sj-fmsg"],"explanation":"Street/right-of-way work permit affecting 15 AVENUE in BROOKLYN."},"geometry":{"type":"Point","coordinates":[-73.817428,40.58443]}},{"type":"Feature","id":"nyc_street_permit_legacy_b012013002005","properties":{"city_id":"nyc","event_id":"nyc_street_permit_legacy_b012013002005","title":"Legacy street construction permit: LEE AVENUE, BROOKLYN","year":2013,"effective_date":"2013-01-02","date_precision":"day","category":"transport","lens":"traffic","confidence":"documented","source_ids":["c9sj-fmsg"],"explanation":"Street/right-of-way work permit affecting LEE AVENUE in BROOKLYN."},"geometry":{"type":"Point","coordinates":[-74.14588,40.57753]}},{"type":"Feature","id":"nyc_street_permit_legacy_b012013002006","properties":{"city_id":"nyc","event_id":"nyc_street_permit_legacy_b012013002006","title":"Legacy street construction permit: NEWKIRK AVENUE, BROOKLYN","year":2013,"effective_date":"2013-01-02","date_precision":"day","category":"transport","lens":"traffic","confidence":"documented","source_ids":["c9sj-fmsg"],"explanation":"Street/right-of-way work permit affecting NEWKIRK AVENUE in BROOKLYN."},"geometry":{"type":"Point","coordinates":[-73.988276,40.61667]}},{"type":"Feature","id":"nyc_street_permit_legacy_b012013002007","properties":{"city_id":"nyc","event_id":"nyc_street_permit_legacy_b012013002007","title":"Legacy street construction permit: 6 AVENUE, BROOKLYN","year":2013,"effective_date":"2013-01-02","date_precision":"day","category":"transport","lens":"traffic","confidence":"documented","source_ids":["c9sj-fmsg"],"explanation":"Street/right-of-way work permit affecting 6 AVENUE in BROOKLYN."},"geometry":{"type":"Point","coordinates":[-73.997896,40.75277]}},{"type":"Feature","id":"nyc_street_permit_legacy_b012013002008","properties":{"city_id":"nyc","event_id":"nyc_street_permit_legacy_b012013002008","title":"Legacy street construction permit: CASS PLACE, BROOKLYN","year":2013,"effective_date":"2013-01-02","date_precision":"day","category":"transport","lens":"traffic","confidence":"documented","source_ids":["c9sj-fmsg"],"explanation":"Street/right-of-way work permit affecting CASS PLACE in BROOKLYN."},"geometry":{"type":"Point","coordinates":[-73.94416,40.74736]}},{"type":"Feature","id":"nyc_street_permit_legacy_b012013002009","properties":{"city_id":"nyc","event_id":"nyc_street_permit_legacy_b012013002009","title":"Legacy street construction permit: BAY PARKWAY, BROOKLYN","year":2013,"effective_date":"2013-01-02","date_precision":"day","category":"transport","lens":"traffic","confidence":"documented","source_ids":["c9sj-fmsg"],"explanation":"Street/right-of-way work permit affecting BAY PARKWAY in BROOKLYN."},"geometry":{"type":"Point","coordinates":[-74.002348,40.75077]}},{"type":"Feature","id":"nyc_street_permit_legacy_b012013002010","properties":{"city_id":"nyc","event_id":"nyc_street_permit_legacy_b012013002010","title":"Legacy street construction permit: FLATBUSH AVENUE, BROOKLYN","year":2013,"effective_date":"2013-01-02","date_precision":"day","category":"transport","lens":"traffic","confidence":"documented","source_ids":["c9sj-fmsg"],"explanation":"Street/right-of-way work permit affecting FLATBUSH AVENUE in BROOKLYN."},"geometry":{"type":"Point","coordinates":[-73.825592,40.65727]}},{"type":"Feature","id":"nyc_street_permit_legacy_b012013002011","properties":{"city_id":"nyc","event_id":"nyc_street_permit_legacy_b012013002011","title":"Legacy street construction permit: COLONIAL ROAD, BROOKLYN","year":2013,"effective_date":"2013-01-02","date_precision":"day","category":"transport","lens":"traffic","confidence":"documented","source_ids":["c9sj-fmsg"],"explanation":"Street/right-of-way work permit affecting COLONIAL ROAD in BROOKLYN."},"geometry":{"type":"Point","coordinates":[-73.989224,40.62259]}},{"type":"Feature","id":"nyc_street_permit_legacy_b012013002012","properties":{"city_id":"nyc","event_id":"nyc_street_permit_legacy_b012013002012","title":"Legacy street construction permit: GLENWOOD ROAD, BROOKLYN","year":2013,"effective_date":"2013-01-02","date_precision":"day","category":"transport","lens":"traffic","confidence":"documented","source_ids":["c9sj-fmsg"],"explanation":"Street/right-of-way work permit affecting GLENWOOD ROAD in BROOKLYN."},"geometry":{"type":"Point","coordinates":[-73.997872,40.75229]}},{"type":"Feature","id":"nyc_street_permit_legacy_b012013002013","properties":{"city_id":"nyc","event_id":"nyc_street_permit_legacy_b012013002013","title":"Legacy street construction permit: 3 AVENUE, BROOKLYN","year":2013,"effective_date":"2013-01-02","date_precision":"day","category":"transport","lens":"traffic","confidence":"documented","source_ids":["c9sj-fmsg"],"explanation":"Street/right-of-way work permit affecting 3 AVENUE in BROOKLYN."},"geometry":{"type":"Point","coordinates":[-73.952004,40.71143]}},{"type":"Feature","id":"nyc_street_permit_legacy_b012013002014","properties":{"city_id":"nyc","event_id":"nyc_street_permit_legacy_b012013002014","title":"Legacy street construction permit: FLATBUSH AVENUE, BROOKLYN","year":2013,"effective_date":"2013-01-02","date_precision":"day","category":"transport","lens":"traffic","confidence":"documented","source_ids":["c9sj-fmsg"],"explanation":"Street/right-of-way work permit affecting FLATBUSH AVENUE in BROOKLYN."},"geometry":{"type":"Point","coordinates":[-73.903804,40.81283]}},{"type":"Feature","id":"nyc_street_permit_legacy_b012013002015","properties":{"city_id":"nyc","event_id":"nyc_street_permit_legacy_b012013002015","title":"Legacy street construction permit: FLATBUSH AVENUE, BROOKLYN","year":2013,"effective_date":"2013-01-02","date_precision":"day","category":"transport","lens":"traffic","confidence":"documented","source_ids":["c9sj-fmsg"],"explanation":"Street/right-of-way work permit affecting FLATBUSH AVENUE in BROOKLYN."},"geometry":{"type":"Point","coordinates":[-73.988648,40.61667]}},{"type":"Feature","id":"nyc_street_permit_legacy_b012013002016","properties":{"city_id":"nyc","event_id":"nyc_street_permit_legacy_b012013002016","title":"Legacy street construction permit: 5 AVENUE, BROOKLYN","year":2013,"effective_date":"2013-01-02","date_precision":"day","category":"transport","lens":"traffic","confidence":"documented","source_ids":["c9sj-fmsg"],"explanation":"Street/right-of-way work permit affecting 5 AVENUE in BROOKLYN."},"geometry":{"type":"Point","coordinates":[-73.83102,40.7671]}},{"type":"Feature","id":"nyc_street_permit_legacy_b012013002017","properties":{"city_id":"nyc","event_id":"nyc_street_permit_legacy_b012013002017","title":"Legacy street construction permit: HOYT STREET, BROOKLYN","year":2013,"effective_date":"2013-01-02","date_precision":"day","category":"transport","lens":"traffic","confidence":"documented","source_ids":["c9sj-fmsg"],"explanation":"Street/right-of-way work permit affecting HOYT STREET in BROOKLYN."},"geometry":{"type":"Point","coordinates":[-73.815028,40.5856]}},{"type":"Feature","id":"nyc_street_permit_legacy_b012013002018","properties":{"city_id":"nyc","event_id":"nyc_street_permit_legacy_b012013002018","title":"Legacy street construction permit: ASHFORD STREET, BROOKLYN","year":2013,"effective_date":"2013-01-02","date_precision":"day","category":"transport","lens":"traffic","confidence":"documented","source_ids":["c9sj-fmsg"],"explanation":"Street/right-of-way work permit affecting ASHFORD STREET in BROOKLYN."},"geometry":{"type":"Point","coordinates":[-73.900396,40.81688]}},{"type":"Feature","id":"nyc_street_permit_legacy_b012013002019","properties":{"city_id":"nyc","event_id":"nyc_street_permit_legacy_b012013002019","title":"Legacy street construction permit: NOSTRAND AVENUE, BROOKLYN","year":2013,"effective_date":"2013-01-02","date_precision":"day","category":"transport","lens":"traffic","confidence":"documented","source_ids":["c9sj-fmsg"],"explanation":"Street/right-of-way work permit affecting NOSTRAND AVENUE in BROOKLYN."},"geometry":{"type":"Point","coordinates":[-74.075908,40.6405]}},{"type":"Feature","id":"nyc_street_permit_legacy_b012013002020","properties":{"city_id":"nyc","event_id":"nyc_street_permit_legacy_b012013002020","title":"Legacy street construction permit: NOSTRAND AVENUE, BROOKLYN","year":2013,"effective_date":"2013-01-02","date_precision":"day","category":"transport","lens":"traffic","confidence":"documented","source_ids":["c9sj-fmsg"],"explanation":"Street/right-of-way work permit affecting NOSTRAND AVENUE in BROOKLYN."},"geometry":{"type":"Point","coordinates":[-74.011064,40.71752]}},{"type":"Feature","id":"nyc_street_permit_legacy_b012013002021","properties":{"city_id":"nyc","event_id":"nyc_street_permit_legacy_b012013002021","title":"Legacy street construction permit: BRIGHTON 12 STREET, BROOKLYN","year":2013,"effective_date":"2013-01-02","date_precision":"day","category":"transport","lens":"traffic","confidence":"documented","source_ids":["c9sj-fmsg"],"explanation":"Street/right-of-way work permit affecting BRIGHTON 12 STREET in BROOKLYN."},"geometry":{"type":"Point","coordinates":[-74.004832,40.75463]}},{"type":"Feature","id":"nyc_street_permit_legacy_b012013002022","properties":{"city_id":"nyc","event_id":"nyc_street_permit_legacy_b012013002022","title":"Legacy street construction permit: MALCOLM X BOULEVARD, BROOKLYN","year":2013,"effective_date":"2013-01-02","date_precision":"day","category":"transport","lens":"traffic","confidence":"documented","source_ids":["c9sj-fmsg"],"explanation":"Street/right-of-way work permit affecting MALCOLM X BOULEVARD in BROOKLYN."},"geometry":{"type":"Point","coordinates":[-73.957112,40.70698]}},{"type":"Feature","id":"nyc_street_permit_legacy_b012013002023","properties":{"city_id":"nyc","event_id":"nyc_street_permit_legacy_b012013002023","title":"Legacy street construction permit: OCEAN AVENUE, BROOKLYN","year":2013,"effective_date":"2013-01-02","date_precision":"day","category":"transport","lens":"traffic","confidence":"documented","source_ids":["c9sj-fmsg"],"explanation":"Street/right-of-way work permit affecting OCEAN AVENUE in BROOKLYN."},"geometry":{"type":"Point","coordinates":[-73.995332,40.6154]}},{"type":"Feature","id":"nyc_street_permit_legacy_b012013002024","properties":{"city_id":"nyc","event_id":"nyc_street_permit_legacy_b012013002024","title":"Legacy street construction permit: RIDGE BOULEVARD, BROOKLYN","year":2013,"effective_date":"2013-01-02","date_precision":"day","category":"transport","lens":"traffic","confidence":"documented","source_ids":["c9sj-fmsg"],"explanation":"Street/right-of-way work permit affecting RIDGE BOULEVARD in BROOKLYN."},"geometry":{"type":"Point","coordinates":[-73.981,40.57287]}},{"type":"Feature","id":"nyc_street_permit_legacy_b012013002025","properties":{"city_id":"nyc","event_id":"nyc_street_permit_legacy_b012013002025","title":"Legacy street construction permit: NEWKIRK AVENUE, BROOKLYN","year":2013,"effective_date":"2013-01-02","date_precision":"day","category":"transport","lens":"traffic","confidence":"documented","source_ids":["c9sj-fmsg"],"explanation":"Street/right-of-way work permit affecting NEWKIRK AVENUE in BROOKLYN."},"geometry":{"type":"Point","coordinates":[-73.980292,40.57279]}},{"type":"Feature","id":"nyc_street_permit_legacy_b012013002026","properties":{"city_id":"nyc","event_id":"nyc_street_permit_legacy_b012013002026","title":"Legacy street construction permit: FOSTER AVENUE, BROOKLYN","year":2013,"effective_date":"2013-01-02","date_precision":"day","category":"transport","lens":"traffic","confidence":"documented","source_ids":["c9sj-fmsg"],"explanation":"Street/right-of-way work permit affecting FOSTER AVENUE in BROOKLYN."},"geometry":{"type":"Point","coordinates":[-73.987224,40.69801]}},{"type":"Feature","id":"nyc_street_permit_legacy_b012013002027","properties":{"city_id":"nyc","event_id":"nyc_street_permit_legacy_b012013002027","title":"Legacy street construction permit: NOSTRAND AVENUE, BROOKLYN","year":2013,"effective_date":"2013-01-02","date_precision":"day","category":"transport","lens":"traffic","confidence":"documented","source_ids":["c9sj-fmsg"],"explanation":"Street/right-of-way work permit affecting NOSTRAND AVENUE in BROOKLYN."},"geometry":{"type":"Point","coordinates":[-73.81372,40.5842]}},{"type":"Feature","id":"nyc_street_permit_legacy_b012013002028","properties":{"city_id":"nyc","event_id":"nyc_street_permit_legacy_b012013002028","title":"Legacy street construction permit: STATE STREET, BROOKLYN","year":2013,"effective_date":"2013-01-02","date_precision":"day","category":"transport","lens":"traffic","confidence":"documented","source_ids":["c9sj-fmsg"],"explanation":"Street/right-of-way work permit affecting STATE STREET in BROOKLYN."},"geometry":{"type":"Point","coordinates":[-74.1553,40.58438]}},{"type":"Feature","id":"nyc_street_permit_legacy_b012013002029","properties":{"city_id":"nyc","event_id":"nyc_street_permit_legacy_b012013002029","title":"Legacy street construction permit: AVENUE H, BROOKLYN","year":2013,"effective_date":"2013-01-02","date_precision":"day","category":"transport","lens":"traffic","confidence":"documented","source_ids":["c9sj-fmsg"],"explanation":"Street/right-of-way work permit affecting AVENUE H in BROOKLYN."},"geometry":{"type":"Point","coordinates":[-73.90186,40.81951]}},{"type":"Feature","id":"nyc_street_permit_legacy_b012013002030","properties":{"city_id":"nyc","event_id":"nyc_street_permit_legacy_b012013002030","title":"Legacy street construction permit: NOSTRAND AVENUE, BROOKLYN","year":2013,"effective_date":"2013-01-02","date_precision":"day","category":"transport","lens":"traffic","confidence":"documented","source_ids":["c9sj-fmsg"],"explanation":"Street/right-of-way work permit affecting NOSTRAND AVENUE in BROOKLYN."},"geometry":{"type":"Point","coordinates":[-74.15044,40.57838]}},{"type":"Feature","id":"nyc_street_permit_legacy_b012013002031","properties":{"city_id":"nyc","event_id":"nyc_street_permit_legacy_b012013002031","title":"Legacy street construction permit: NOSTRAND AVENUE, BROOKLYN","year":2013,"effective_date":"2013-01-02","date_precision":"day","category":"transport","lens":"traffic","confidence":"documented","source_ids":["c9sj-fmsg"],"explanation":"Street/right-of-way work permit affecting NOSTRAND AVENUE in BROOKLYN."},"geometry":{"type":"Point","coordinates":[-73.821896,40.65892]}},{"type":"Feature","id":"nyc_street_permit_legacy_b012013002032","properties":{"city_id":"nyc","event_id":"nyc_street_permit_legacy_b012013002032","title":"Legacy street construction permit: NOSTRAND AVENUE, BROOKLYN","year":2013,"effective_date":"2013-01-02","date_precision":"day","category":"transport","lens":"traffic","confidence":"documented","source_ids":["c9sj-fmsg"],"explanation":"Street/right-of-way work permit affecting NOSTRAND AVENUE in BROOKLYN."},"geometry":{"type":"Point","coordinates":[-73.98684,40.69286]}},{"type":"Feature","id":"nyc_street_permit_legacy_b012013002033","properties":{"city_id":"nyc","event_id":"nyc_street_permit_legacy_b012013002033","title":"Legacy street construction permit: NEWKIRK AVENUE, BROOKLYN","year":2013,"effective_date":"2013-01-02","date_precision":"day","category":"transport","lens":"traffic","confidence":"documented","source_ids":["c9sj-fmsg"],"explanation":"Street/right-of-way work permit affecting NEWKIRK AVENUE in BROOKLYN."},"geometry":{"type":"Point","coordinates":[-73.960092,40.70315]}},{"type":"Feature","id":"nyc_street_permit_legacy_b012013002034","properties":{"city_id":"nyc","event_id":"nyc_street_permit_legacy_b012013002034","title":"Legacy street construction permit: NOSTRAND AVENUE, BROOKLYN","year":2013,"effective_date":"2013-01-02","date_precision":"day","category":"transport","lens":"traffic","confidence":"documented","source_ids":["c9sj-fmsg"],"explanation":"Street/right-of-way work permit affecting NOSTRAND AVENUE in BROOKLYN."},"geometry":{"type":"Point","coordinates":[-73.81804,40.58724]}},{"type":"Feature","id":"nyc_street_permit_legacy_b012013002038","properties":{"city_id":"nyc","event_id":"nyc_street_permit_legacy_b012013002038","title":"Legacy street construction permit: EASTERN PARKWAY, BROOKLYN","year":2013,"effective_date":"2013-01-02","date_precision":"day","category":"transport","lens":"traffic","confidence":"documented","source_ids":["c9sj-fmsg"],"explanation":"Street/right-of-way work permit affecting EASTERN PARKWAY in BROOKLYN."},"geometry":{"type":"Point","coordinates":[-73.953116,40.71029]}},{"type":"Feature","id":"nyc_street_permit_legacy_b012013002039","properties":{"city_id":"nyc","event_id":"nyc_street_permit_legacy_b012013002039","title":"Legacy street construction permit: EASTERN PARKWAY, BROOKLYN","year":2013,"effective_date":"2013-01-02","date_precision":"day","category":"transport","lens":"traffic","confidence":"documented","source_ids":["c9sj-fmsg"],"explanation":"Street/right-of-way work permit affecting EASTERN PARKWAY in BROOKLYN."},"geometry":{"type":"Point","coordinates":[-73.958772,40.71013]}},{"type":"Feature","id":"nyc_street_permit_legacy_b012013002040","properties":{"city_id":"nyc","event_id":"nyc_street_permit_legacy_b012013002040","title":"Legacy street construction permit: EASTERN PARKWAY, BROOKLYN","year":2013,"effective_date":"2013-01-02","date_precision":"day","category":"transport","lens":"traffic","confidence":"documented","source_ids":["c9sj-fmsg"],"explanation":"Street/right-of-way work permit affecting EASTERN PARKWAY in BROOKLYN."},"geometry":{"type":"Point","coordinates":[-74.146828,40.58137]}},{"type":"Feature","id":"nyc_street_permit_legacy_b012013002041","properties":{"city_id":"nyc","event_id":"nyc_street_permit_legacy_b012013002041","title":"Legacy street construction permit: EASTERN PARKWAY, BROOKLYN","year":2013,"effective_date":"2013-01-02","date_precision":"day","category":"transport","lens":"traffic","confidence":"documented","source_ids":["c9sj-fmsg"],"explanation":"Street/right-of-way work permit affecting EASTERN PARKWAY in BROOKLYN."},"geometry":{"type":"Point","coordinates":[-73.953516,40.81443]}},{"type":"Feature","id":"nyc_street_permit_legacy_b012013002042","properties":{"city_id":"nyc","event_id":"nyc_street_permit_legacy_b012013002042","title":"Legacy street construction permit: EASTERN PARKWAY, BROOKLYN","year":2013,"effective_date":"2013-01-02","date_precision":"day","category":"transport","lens":"traffic","confidence":"documented","source_ids":["c9sj-fmsg"],"explanation":"Street/right-of-way work permit affecting EASTERN PARKWAY in BROOKLYN."},"geometry":{"type":"Point","coordinates":[-73.904272,40.81715]}},{"type":"Feature","id":"nyc_street_permit_legacy_b012013002043","properties":{"city_id":"nyc","event_id":"nyc_street_permit_legacy_b012013002043","title":"Legacy street construction permit: EASTERN PARKWAY, BROOKLYN","year":2013,"effective_date":"2013-01-02","date_precision":"day","category":"transport","lens":"traffic","confidence":"documented","source_ids":["c9sj-fmsg"],"explanation":"Street/right-of-way work permit affecting EASTERN PARKWAY in BROOKLYN."},"geometry":{"type":"Point","coordinates":[-73.810228,40.58991]}},{"type":"Feature","id":"nyc_street_permit_legacy_b012013002044","properties":{"city_id":"nyc","event_id":"nyc_street_permit_legacy_b012013002044","title":"Legacy street construction permit: EASTERN PARKWAY, BROOKLYN","year":2013,"effective_date":"2013-01-02","date_precision":"day","category":"transport","lens":"traffic","confidence":"documented","source_ids":["c9sj-fmsg"],"explanation":"Street/right-of-way work permit affecting EASTERN PARKWAY in BROOKLYN."},"geometry":{"type":"Point","coordinates":[-73.943972,40.81267]}},{"type":"Feature","id":"nyc_street_permit_legacy_b012013002045","properties":{"city_id":"nyc","event_id":"nyc_street_permit_legacy_b012013002045","title":"Legacy street construction permit: EASTERN PARKWAY, BROOKLYN","year":2013,"effective_date":"2013-01-02","date_precision":"day","category":"transport","lens":"traffic","confidence":"documented","source_ids":["c9sj-fmsg"],"explanation":"Street/right-of-way work permit affecting EASTERN PARKWAY in BROOKLYN."},"geometry":{"type":"Point","coordinates":[-73.991016,40.69553]}},{"type":"Feature","id":"nyc_street_permit_legacy_b012013002053","properties":{"city_id":"nyc","event_id":"nyc_street_permit_legacy_b012013002053","title":"Legacy street construction permit: NOSTRAND AVENUE, BROOKLYN","year":2013,"effective_date":"2013-01-02","date_precision":"day","category":"transport","lens":"traffic","confidence":"documented","source_ids":["c9sj-fmsg"],"explanation":"Street/right-of-way work permit affecting NOSTRAND AVENUE in BROOKLYN."},"geometry":{"type":"Point","coordinates":[-73.92086,40.7652]}},{"type":"Feature","id":"nyc_street_permit_legacy_b012013002054","properties":{"city_id":"nyc","event_id":"nyc_street_permit_legacy_b012013002054","title":"Legacy street construction permit: BAY PARKWAY, BROOKLYN","year":2013,"effective_date":"2013-01-02","date_precision":"day","category":"transport","lens":"traffic","confidence":"documented","source_ids":["c9sj-fmsg"],"explanation":"Street/right-of-way work permit affecting BAY PARKWAY in BROOKLYN."},"geometry":{"type":"Point","coordinates":[-73.905196,40.81569]}},{"type":"Feature","id":"nyc_street_permit_legacy_b012013002056","properties":{"city_id":"nyc","event_id":"nyc_street_permit_legacy_b012013002056","title":"Legacy street construction permit: MALCOLM X BOULEVARD, BROOKLYN","year":2013,"effective_date":"2013-01-02","date_precision":"day","category":"transport","lens":"traffic","confidence":"documented","source_ids":["c9sj-fmsg"],"explanation":"Street/right-of-way work permit affecting MALCOLM X BOULEVARD in BROOKLYN."},"geometry":{"type":"Point","coordinates":[-73.953524,40.70762]}},{"type":"Feature","id":"nyc_street_permit_legacy_b012013002057","properties":{"city_id":"nyc","event_id":"nyc_street_permit_legacy_b012013002057","title":"Legacy street construction permit: STERLING STREET, BROOKLYN","year":2013,"effective_date":"2013-01-02","date_precision":"day","category":"transport","lens":"traffic","confidence":"documented","source_ids":["c9sj-fmsg"],"explanation":"Street/right-of-way work permit affecting STERLING STREET in BROOKLYN."},"geometry":{"type":"Point","coordinates":[-73.895644,40.86663]}},{"type":"Feature","id":"nyc_street_permit_legacy_b012013002060","properties":{"city_id":"nyc","event_id":"nyc_street_permit_legacy_b012013002060","title":"Legacy street construction permit: MIDWOOD STREET, BROOKLYN","year":2013,"effective_date":"2013-01-02","date_precision":"day","category":"transport","lens":"traffic","confidence":"documented","source_ids":["c9sj-fmsg"],"explanation":"Street/right-of-way work permit affecting MIDWOOD STREET in BROOKLYN."},"geometry":{"type":"Point","coordinates":[-73.96188,40.71058]}},{"type":"Feature","id":"nyc_street_permit_legacy_b012013002061","properties":{"city_id":"nyc","event_id":"nyc_street_permit_legacy_b012013002061","title":"Legacy street construction permit: SCHERMERHORN STREET, BROOKLYN","year":2013,"effective_date":"2013-01-02","date_precision":"day","category":"transport","lens":"traffic","confidence":"documented","source_ids":["c9sj-fmsg"],"explanation":"Street/right-of-way work permit affecting SCHERMERHORN STREET in BROOKLYN."},"geometry":{"type":"Point","coordinates":[-73.940732,40.81108]}},{"type":"Feature","id":"nyc_street_permit_legacy_b012013002062","properties":{"city_id":"nyc","event_id":"nyc_street_permit_legacy_b012013002062","title":"Legacy street construction permit: 3 AVENUE, BROOKLYN","year":2013,"effective_date":"2013-01-02","date_precision":"day","category":"transport","lens":"traffic","confidence":"documented","source_ids":["c9sj-fmsg"],"explanation":"Street/right-of-way work permit affecting 3 AVENUE in BROOKLYN."},"geometry":{"type":"Point","coordinates":[-73.795596,40.69842]}},{"type":"Feature","id":"nyc_street_permit_legacy_b012013002063","properties":{"city_id":"nyc","event_id":"nyc_street_permit_legacy_b012013002063","title":"Legacy street construction permit: DUPONT STREET, BROOKLYN","year":2013,"effective_date":"2013-01-02","date_precision":"day","category":"transport","lens":"traffic","confidence":"documented","source_ids":["c9sj-fmsg"],"explanation":"Street/right-of-way work permit affecting DUPONT STREET in BROOKLYN."},"geometry":{"type":"Point","coordinates":[-73.952936,40.70902]}},{"type":"Feature","id":"nyc_street_permit_legacy_b012013002064","properties":{"city_id":"nyc","event_id":"nyc_street_permit_legacy_b012013002064","title":"Legacy street construction permit: SMITH STREET, BROOKLYN","year":2013,"effective_date":"2013-01-02","date_precision":"day","category":"transport","lens":"traffic","confidence":"documented","source_ids":["c9sj-fmsg"],"explanation":"Street/right-of-way work permit affecting SMITH STREET in BROOKLYN."},"geometry":{"type":"Point","coordinates":[-73.983156,40.76312]}},{"type":"Feature","id":"nyc_street_permit_legacy_b012013002065","properties":{"city_id":"nyc","event_id":"nyc_street_permit_legacy_b012013002065","title":"Legacy street construction permit: PRESIDENT STREET, BROOKLYN","year":2013,"effective_date":"2013-01-02","date_precision":"day","category":"transport","lens":"traffic","confidence":"documented","source_ids":["c9sj-fmsg"],"explanation":"Street/right-of-way work permit affecting PRESIDENT STREET in BROOKLYN."},"geometry":{"type":"Point","coordinates":[-74.150776,40.57554]}},{"type":"Feature","id":"nyc_street_permit_legacy_b012013002066","properties":{"city_id":"nyc","event_id":"nyc_street_permit_legacy_b012013002066","title":"Legacy street construction permit: BROADWAY, BROOKLYN","year":2013,"effective_date":"2013-01-02","date_precision":"day","category":"transport","lens":"traffic","confidence":"documented","source_ids":["c9sj-fmsg"],"explanation":"Street/right-of-way work permit affecting BROADWAY in BROOKLYN."},"geometry":{"type":"Point","coordinates":[-73.9855,40.758]}},{"type":"Feature","id":"nyc_street_permit_legacy_b012013002067","properties":{"city_id":"nyc","event_id":"nyc_street_permit_legacy_b012013002067","title":"Legacy street construction permit: HANOVER PLACE, BROOKLYN","year":2013,"effective_date":"2013-01-02","date_precision":"day","category":"transport","lens":"traffic","confidence":"documented","source_ids":["c9sj-fmsg"],"explanation":"Street/right-of-way work permit affecting HANOVER PLACE in BROOKLYN."},"geometry":{"type":"Point","coordinates":[-73.825016,40.65701]}},{"type":"Feature","id":"nyc_street_permit_legacy_b012013002068","properties":{"city_id":"nyc","event_id":"nyc_street_permit_legacy_b012013002068","title":"Legacy street construction permit: BROADWAY, BROOKLYN","year":2013,"effective_date":"2013-01-02","date_precision":"day","category":"transport","lens":"traffic","confidence":"documented","source_ids":["c9sj-fmsg"],"explanation":"Street/right-of-way work permit affecting BROADWAY in BROOKLYN."},"geometry":{"type":"Point","coordinates":[-73.9855,40.758]}},{"type":"Feature","id":"nyc_street_permit_legacy_b012013002069","properties":{"city_id":"nyc","event_id":"nyc_street_permit_legacy_b012013002069","title":"Legacy street construction permit: BROADWAY, BROOKLYN","year":2013,"effective_date":"2013-01-02","date_precision":"day","category":"transport","lens":"traffic","confidence":"documented","source_ids":["c9sj-fmsg"],"explanation":"Street/right-of-way work permit affecting BROADWAY in BROOKLYN."},"geometry":{"type":"Point","coordinates":[-73.9855,40.758]}},{"type":"Feature","id":"nyc_street_permit_legacy_b012013002070","properties":{"city_id":"nyc","event_id":"nyc_street_permit_legacy_b012013002070","title":"Legacy street construction permit: BALTIC STREET, BROOKLYN","year":2013,"effective_date":"2013-01-02","date_precision":"day","category":"transport","lens":"traffic","confidence":"documented","source_ids":["c9sj-fmsg"],"explanation":"Street/right-of-way work permit affecting BALTIC STREET in BROOKLYN."},"geometry":{"type":"Point","coordinates":[-73.927244,40.76683]}},{"type":"Feature","id":"nyc_street_permit_legacy_b012013002071","properties":{"city_id":"nyc","event_id":"nyc_street_permit_legacy_b012013002071","title":"Legacy street construction permit: 4 AVENUE, BROOKLYN","year":2013,"effective_date":"2013-01-02","date_precision":"day","category":"transport","lens":"traffic","confidence":"documented","source_ids":["c9sj-fmsg"],"explanation":"Street/right-of-way work permit affecting 4 AVENUE in BROOKLYN."},"geometry":{"type":"Point","coordinates":[-73.952052,40.81056]}},{"type":"Feature","id":"nyc_street_permit_legacy_b012013002072","properties":{"city_id":"nyc","event_id":"nyc_street_permit_legacy_b012013002072","title":"Legacy street construction permit: BUTLER STREET, BROOKLYN","year":2013,"effective_date":"2013-01-02","date_precision":"day","category":"transport","lens":"traffic","confidence":"documented","source_ids":["c9sj-fmsg"],"explanation":"Street/right-of-way work permit affecting BUTLER STREET in BROOKLYN."},"geometry":{"type":"Point","coordinates":[-73.94298,40.80928]}},{"type":"Feature","id":"nyc_street_permit_legacy_b012013002073","properties":{"city_id":"nyc","event_id":"nyc_street_permit_legacy_b012013002073","title":"Legacy street construction permit: BUTLER STREET, BROOKLYN","year":2013,"effective_date":"2013-01-02","date_precision":"day","category":"transport","lens":"traffic","confidence":"documented","source_ids":["c9sj-fmsg"],"explanation":"Street/right-of-way work permit affecting BUTLER STREET in BROOKLYN."},"geometry":{"type":"Point","coordinates":[-73.905736,40.812]}},{"type":"Feature","id":"nyc_street_permit_legacy_b012013002074","properties":{"city_id":"nyc","event_id":"nyc_street_permit_legacy_b012013002074","title":"Legacy street construction permit: BUTLER STREET, BROOKLYN","year":2013,"effective_date":"2013-01-02","date_precision":"day","category":"transport","lens":"traffic","confidence":"documented","source_ids":["c9sj-fmsg"],"explanation":"Street/right-of-way work permit affecting BUTLER STREET in BROOKLYN."},"geometry":{"type":"Point","coordinates":[-73.81168,40.58476]}},{"type":"Feature","id":"nyc_street_permit_legacy_b012013002075","properties":{"city_id":"nyc","event_id":"nyc_street_permit_legacy_b012013002075","title":"Legacy street construction permit: 4 AVENUE, BROOKLYN","year":2013,"effective_date":"2013-01-02","date_precision":"day","category":"transport","lens":"traffic","confidence":"documented","source_ids":["c9sj-fmsg"],"explanation":"Street/right-of-way work permit affecting 4 AVENUE in BROOKLYN."},"geometry":{"type":"Point","coordinates":[-73.938632,40.81296]}},{"type":"Feature","id":"nyc_street_permit_legacy_b012013002076","properties":{"city_id":"nyc","event_id":"nyc_street_permit_legacy_b012013002076","title":"Legacy street construction permit: BALTIC STREET, BROOKLYN","year":2013,"effective_date":"2013-01-02","date_precision":"day","category":"transport","lens":"traffic","confidence":"documented","source_ids":["c9sj-fmsg"],"explanation":"Street/right-of-way work permit affecting BALTIC STREET in BROOKLYN."},"geometry":{"type":"Point","coordinates":[-73.943656,40.74249]}},{"type":"Feature","id":"nyc_street_permit_legacy_b012013002077","properties":{"city_id":"nyc","event_id":"nyc_street_permit_legacy_b012013002077","title":"Legacy street construction permit: ST MARKS AVENUE, BROOKLYN","year":2013,"effective_date":"2013-01-02","date_precision":"day","category":"transport","lens":"traffic","confidence":"documented","source_ids":["c9sj-fmsg"],"explanation":"Street/right-of-way work permit affecting ST MARKS AVENUE in BROOKLYN."},"geometry":{"type":"Point","coordinates":[-73.829552,40.65823]}},{"type":"Feature","id":"nyc_street_permit_legacy_b012013002078","properties":{"city_id":"nyc","event_id":"nyc_street_permit_legacy_b012013002078","title":"Legacy street construction permit: 3 AVENUE, BROOKLYN","year":2013,"effective_date":"2013-01-02","date_precision":"day","category":"transport","lens":"traffic","confidence":"documented","source_ids":["c9sj-fmsg"],"explanation":"Street/right-of-way work permit affecting 3 AVENUE in BROOKLYN."},"geometry":{"type":"Point","coordinates":[-73.99736,40.6242]}},{"type":"Feature","id":"nyc_street_permit_legacy_b012013002079","properties":{"city_id":"nyc","event_id":"nyc_street_permit_legacy_b012013002079","title":"Legacy street construction permit: 14 STREET, BROOKLYN","year":2013,"effective_date":"2013-01-02","date_precision":"day","category":"transport","lens":"traffic","confidence":"documented","source_ids":["c9sj-fmsg"],"explanation":"Street/right-of-way work permit affecting 14 STREET in BROOKLYN."},"geometry":{"type":"Point","coordinates":[-73.827552,40.77138]}},{"type":"Feature","id":"nyc_street_permit_legacy_b012013002080","properties":{"city_id":"nyc","event_id":"nyc_street_permit_legacy_b012013002080","title":"Legacy street construction permit: WASHINGTON AVENUE, BROOKLYN","year":2013,"effective_date":"2013-01-02","date_precision":"day","category":"transport","lens":"traffic","confidence":"documented","source_ids":["c9sj-fmsg"],"explanation":"Street/right-of-way work permit affecting WASHINGTON AVENUE in BROOKLYN."},"geometry":{"type":"Point","coordinates":[-73.95016,40.73983]}},{"type":"Feature","id":"nyc_street_permit_legacy_b012013002081","properties":{"city_id":"nyc","event_id":"nyc_street_permit_legacy_b012013002081","title":"Legacy street construction permit: STERLING STREET, BROOKLYN","year":2013,"effective_date":"2013-01-02","date_precision":"day","category":"transport","lens":"traffic","confidence":"documented","source_ids":["c9sj-fmsg"],"explanation":"Street/right-of-way work permit affecting STERLING STREET in BROOKLYN."},"geometry":{"type":"Point","coordinates":[-74.0017,40.75787]}},{"type":"Feature","id":"nyc_street_permit_legacy_b012013002082","properties":{"city_id":"nyc","event_id":"nyc_street_permit_legacy_b012013002082","title":"Legacy street construction permit: 14 STREET, BROOKLYN","year":2013,"effective_date":"2013-01-02","date_precision":"day","category":"transport","lens":"traffic","confidence":"documented","source_ids":["c9sj-fmsg"],"explanation":"Street/right-of-way work permit affecting 14 STREET in BROOKLYN."},"geometry":{"type":"Point","coordinates":[-73.824596,40.65616]}},{"type":"Feature","id":"nyc_street_permit_legacy_b012013002083","properties":{"city_id":"nyc","event_id":"nyc_street_permit_legacy_b012013002083","title":"Legacy street construction permit: PINEAPPLE STREET, BROOKLYN","year":2013,"effective_date":"2013-01-02","date_precision":"day","category":"transport","lens":"traffic","confidence":"documented","source_ids":["c9sj-fmsg"],"explanation":"Street/right-of-way work permit affecting PINEAPPLE STREET in BROOKLYN."},"geometry":{"type":"Point","coordinates":[-73.988868,40.69763]}},{"type":"Feature","id":"nyc_street_permit_legacy_b012013002084","properties":{"city_id":"nyc","event_id":"nyc_street_permit_legacy_b012013002084","title":"Legacy street construction permit: STERLING PLACE, BROOKLYN","year":2013,"effective_date":"2013-01-02","date_precision":"day","category":"transport","lens":"traffic","confidence":"documented","source_ids":["c9sj-fmsg"],"explanation":"Street/right-of-way work permit affecting STERLING PLACE in BROOKLYN."},"geometry":{"type":"Point","coordinates":[-73.926008,40.76548]}},{"type":"Feature","id":"nyc_street_permit_legacy_b012013002085","properties":{"city_id":"nyc","event_id":"nyc_street_permit_legacy_b012013002085","title":"Legacy street construction permit: STERLING PLACE, BROOKLYN","year":2013,"effective_date":"2013-01-02","date_precision":"day","category":"transport","lens":"traffic","confidence":"documented","source_ids":["c9sj-fmsg"],"explanation":"Street/right-of-way work permit affecting STERLING PLACE in BROOKLYN."},"geometry":{"type":"Point","coordinates":[-74.001164,40.71036]}},{"type":"Feature","id":"nyc_street_permit_legacy_b012013002086","properties":{"city_id":"nyc","event_id":"nyc_street_permit_legacy_b012013002086","title":"Legacy street construction permit: WALDORF COURT, BROOKLYN","year":2013,"effective_date":"2013-01-02","date_precision":"day","category":"transport","lens":"traffic","confidence":"documented","source_ids":["c9sj-fmsg"],"explanation":"Street/right-of-way work permit affecting WALDORF COURT in BROOKLYN."},"geometry":{"type":"Point","coordinates":[-74.001736,40.75772]}},{"type":"Feature","id":"nyc_street_permit_legacy_b012013002087","properties":{"city_id":"nyc","event_id":"nyc_street_permit_legacy_b012013002087","title":"Legacy street construction permit: EAST 13 STREET, BROOKLYN","year":2013,"effective_date":"2013-01-02","date_precision":"day","category":"transport","lens":"traffic","confidence":"documented","source_ids":["c9sj-fmsg"],"explanation":"Street/right-of-way work permit affecting EAST 13 STREET in BROOKLYN."},"geometry":{"type":"Point","coordinates":[-73.990116,40.69604]}},{"type":"Feature","id":"nyc_street_permit_legacy_b012013002088","properties":{"city_id":"nyc","event_id":"nyc_street_permit_legacy_b012013002088","title":"Legacy street construction permit: FLATBUSH AVENUE, BROOKLYN","year":2013,"effective_date":"2013-01-02","date_precision":"day","category":"transport","lens":"traffic","confidence":"documented","source_ids":["c9sj-fmsg"],"explanation":"Street/right-of-way work permit affecting FLATBUSH AVENUE in BROOKLYN."},"geometry":{"type":"Point","coordinates":[-74.007512,40.70811]}},{"type":"Feature","id":"nyc_street_permit_legacy_b012013002089","properties":{"city_id":"nyc","event_id":"nyc_street_permit_legacy_b012013002089","title":"Legacy street construction permit: FULTON STREET, BROOKLYN","year":2013,"effective_date":"2013-01-02","date_precision":"day","category":"transport","lens":"traffic","confidence":"documented","source_ids":["c9sj-fmsg"],"explanation":"Street/right-of-way work permit affecting FULTON STREET in BROOKLYN."},"geometry":{"type":"Point","coordinates":[-73.959408,40.70772]}},{"type":"Feature","id":"nyc_street_permit_legacy_b012013002090","properties":{"city_id":"nyc","event_id":"nyc_street_permit_legacy_b012013002090","title":"Legacy street construction permit: ST MARKS AVENUE, BROOKLYN","year":2013,"effective_date":"2013-01-02","date_precision":"day","category":"transport","lens":"traffic","confidence":"documented","source_ids":["c9sj-fmsg"],"explanation":"Street/right-of-way work permit affecting ST MARKS AVENUE in BROOKLYN."},"geometry":{"type":"Point","coordinates":[-73.99798,40.75559]}},{"type":"Feature","id":"nyc_street_permit_legacy_b012013002091","properties":{"city_id":"nyc","event_id":"nyc_street_permit_legacy_b012013002091","title":"Legacy street construction permit: EAST 13 STREET, BROOKLYN","year":2013,"effective_date":"2013-01-02","date_precision":"day","category":"transport","lens":"traffic","confidence":"documented","source_ids":["c9sj-fmsg"],"explanation":"Street/right-of-way work permit affecting EAST 13 STREET in BROOKLYN."},"geometry":{"type":"Point","coordinates":[-73.828128,40.76732]}},{"type":"Feature","id":"nyc_street_permit_legacy_b012013002092","properties":{"city_id":"nyc","event_id":"nyc_street_permit_legacy_b012013002092","title":"Legacy street construction permit: LINCOLN ROAD, BROOKLYN","year":2013,"effective_date":"2013-01-02","date_precision":"day","category":"transport","lens":"traffic","confidence":"documented","source_ids":["c9sj-fmsg"],"explanation":"Street/right-of-way work permit affecting LINCOLN ROAD in BROOKLYN."},"geometry":{"type":"Point","coordinates":[-73.95858,40.70812]}},{"type":"Feature","id":"nyc_street_permit_legacy_b012013002093","properties":{"city_id":"nyc","event_id":"nyc_street_permit_legacy_b012013002093","title":"Legacy street construction permit: PINEAPPLE STREET, BROOKLYN","year":2013,"effective_date":"2013-01-02","date_precision":"day","category":"transport","lens":"traffic","confidence":"documented","source_ids":["c9sj-fmsg"],"explanation":"Street/right-of-way work permit affecting PINEAPPLE STREET in BROOKLYN."},"geometry":{"type":"Point","coordinates":[-73.940084,40.81445]}},{"type":"Feature","id":"nyc_street_permit_legacy_b012013002094","properties":{"city_id":"nyc","event_id":"nyc_street_permit_legacy_b012013002094","title":"Legacy street construction permit: HILLEL PLACE, BROOKLYN","year":2013,"effective_date":"2013-01-02","date_precision":"day","category":"transport","lens":"traffic","confidence":"documented","source_ids":["c9sj-fmsg"],"explanation":"Street/right-of-way work permit affecting HILLEL PLACE in BROOKLYN."},"geometry":{"type":"Point","coordinates":[-73.791588,40.70402]}},{"type":"Feature","id":"nyc_street_permit_legacy_b012013002095","properties":{"city_id":"nyc","event_id":"nyc_street_permit_legacy_b012013002095","title":"Legacy street construction permit: FLATBUSH AVENUE, BROOKLYN","year":2013,"effective_date":"2013-01-02","date_precision":"day","category":"transport","lens":"traffic","confidence":"documented","source_ids":["c9sj-fmsg"],"explanation":"Street/right-of-way work permit affecting FLATBUSH AVENUE in BROOKLYN."},"geometry":{"type":"Point","coordinates":[-73.940368,40.74825]}},{"type":"Feature","id":"nyc_street_permit_legacy_b012013002096","properties":{"city_id":"nyc","event_id":"nyc_street_permit_legacy_b012013002096","title":"Legacy street construction permit: STERLING PLACE, BROOKLYN","year":2013,"effective_date":"2013-01-02","date_precision":"day","category":"transport","lens":"traffic","confidence":"documented","source_ids":["c9sj-fmsg"],"explanation":"Street/right-of-way work permit affecting STERLING PLACE in BROOKLYN."},"geometry":{"type":"Point","coordinates":[-73.899004,40.81716]}},{"type":"Feature","id":"nyc_street_permit_legacy_b012013002097","properties":{"city_id":"nyc","event_id":"nyc_street_permit_legacy_b012013002097","title":"Legacy street construction permit: GLENWOOD ROAD, BROOKLYN","year":2013,"effective_date":"2013-01-02","date_precision":"day","category":"transport","lens":"traffic","confidence":"documented","source_ids":["c9sj-fmsg"],"explanation":"Street/right-of-way work permit affecting GLENWOOD ROAD in BROOKLYN."},"geometry":{"type":"Point","coordinates":[-73.951032,40.81018]}},{"type":"Feature","id":"nyc_street_permit_legacy_b012013002099","properties":{"city_id":"nyc","event_id":"nyc_street_permit_legacy_b012013002099","title":"Legacy street construction permit: HANCOCK STREET, BROOKLYN","year":2013,"effective_date":"2013-01-02","date_precision":"day","category":"transport","lens":"traffic","confidence":"documented","source_ids":["c9sj-fmsg"],"explanation":"Street/right-of-way work permit affecting HANCOCK STREET in BROOKLYN."},"geometry":{"type":"Point","coordinates":[-74.155144,40.57822]}},{"type":"Feature","id":"nyc_street_permit_legacy_b012013002100","properties":{"city_id":"nyc","event_id":"nyc_street_permit_legacy_b012013002100","title":"Legacy street construction permit: HANCOCK STREET, BROOKLYN","year":2013,"effective_date":"2013-01-02","date_precision":"day","category":"transport","lens":"traffic","confidence":"documented","source_ids":["c9sj-fmsg"],"explanation":"Street/right-of-way work permit affecting HANCOCK STREET in BROOKLYN."},"geometry":{"type":"Point","coordinates":[-73.7925,40.7019]}},{"type":"Feature","id":"nyc_street_permit_legacy_b012013002101","properties":{"city_id":"nyc","event_id":"nyc_street_permit_legacy_b012013002101","title":"Legacy street construction permit: ATLANTIC AVENUE, BROOKLYN","year":2013,"effective_date":"2013-01-02","date_precision":"day","category":"transport","lens":"traffic","confidence":"documented","source_ids":["c9sj-fmsg"],"explanation":"Street/right-of-way work permit affecting ATLANTIC AVENUE in BROOKLYN."},"geometry":{"type":"Point","coordinates":[-73.794288,40.69787]}},{"type":"Feature","id":"nyc_street_permit_legacy_b012013002102","properties":{"city_id":"nyc","event_id":"nyc_street_permit_legacy_b012013002102","title":"Legacy street construction permit: 81 STREET, BROOKLYN","year":2013,"effective_date":"2013-01-02","date_precision":"day","category":"transport","lens":"traffic","confidence":"documented","source_ids":["c9sj-fmsg"],"explanation":"Street/right-of-way work permit affecting 81 STREET in BROOKLYN."},"geometry":{"type":"Point","coordinates":[-74.007896,40.71178]}},{"type":"Feature","id":"nyc_street_permit_legacy_b012013002103","properties":{"city_id":"nyc","event_id":"nyc_street_permit_legacy_b012013002103","title":"Legacy street construction permit: BUTLER PLACE, BROOKLYN","year":2013,"effective_date":"2013-01-02","date_precision":"day","category":"transport","lens":"traffic","confidence":"documented","source_ids":["c9sj-fmsg"],"explanation":"Street/right-of-way work permit affecting BUTLER PLACE in BROOKLYN."},"geometry":{"type":"Point","coordinates":[-73.823228,40.66205]}},{"type":"Feature","id":"nyc_street_permit_legacy_b012013002104","properties":{"city_id":"nyc","event_id":"nyc_street_permit_legacy_b012013002104","title":"Legacy street construction permit: BRIGHTON 8 STREET, BROOKLYN","year":2013,"effective_date":"2013-01-02","date_precision":"day","category":"transport","lens":"traffic","confidence":"documented","source_ids":["c9sj-fmsg"],"explanation":"Street/right-of-way work permit affecting BRIGHTON 8 STREET in BROOKLYN."},"geometry":{"type":"Point","coordinates":[-73.982256,40.69569]}},{"type":"Feature","id":"nyc_street_permit_legacy_b012013002105","properties":{"city_id":"nyc","event_id":"nyc_street_permit_legacy_b012013002105","title":"Legacy street construction permit: BRIGHTON 8 STREET, BROOKLYN","year":2013,"effective_date":"2013-01-02","date_precision":"day","category":"transport","lens":"traffic","confidence":"documented","source_ids":["c9sj-fmsg"],"explanation":"Street/right-of-way work permit affecting BRIGHTON 8 STREET in BROOKLYN."},"geometry":{"type":"Point","coordinates":[-73.8293,40.66175]}},{"type":"Feature","id":"nyc_street_permit_legacy_b012013002106","properties":{"city_id":"nyc","event_id":"nyc_street_permit_legacy_b012013002106","title":"Legacy street construction permit: 82 STREET, BROOKLYN","year":2013,"effective_date":"2013-01-02","date_precision":"day","category":"transport","lens":"traffic","confidence":"documented","source_ids":["c9sj-fmsg"],"explanation":"Street/right-of-way work permit affecting 82 STREET in BROOKLYN."},"geometry":{"type":"Point","coordinates":[-73.988748,40.69026]}},{"type":"Feature","id":"nyc_street_permit_legacy_b012013002107","properties":{"city_id":"nyc","event_id":"nyc_street_permit_legacy_b012013002107","title":"Legacy street construction permit: ATLANTIC AVENUE, BROOKLYN","year":2013,"effective_date":"2013-01-02","date_precision":"day","category":"transport","lens":"traffic","confidence":"documented","source_ids":["c9sj-fmsg"],"explanation":"Street/right-of-way work permit affecting ATLANTIC AVENUE in BROOKLYN."},"geometry":{"type":"Point","coordinates":[-73.830008,40.85379]}},{"type":"Feature","id":"nyc_street_permit_legacy_b012013002108","properties":{"city_id":"nyc","event_id":"nyc_street_permit_legacy_b012013002108","title":"Legacy street construction permit: 81 STREET, BROOKLYN","year":2013,"effective_date":"2013-01-02","date_precision":"day","category":"transport","lens":"traffic","confidence":"documented","source_ids":["c9sj-fmsg"],"explanation":"Street/right-of-way work permit affecting 81 STREET in BROOKLYN."},"geometry":{"type":"Point","coordinates":[-73.792632,40.69942]}},{"type":"Feature","id":"nyc_street_permit_legacy_b012013002109","properties":{"city_id":"nyc","event_id":"nyc_street_permit_legacy_b012013002109","title":"Legacy street construction permit: ST MARKS AVENUE, BROOKLYN","year":2013,"effective_date":"2013-01-02","date_precision":"day","category":"transport","lens":"traffic","confidence":"documented","source_ids":["c9sj-fmsg"],"explanation":"Street/right-of-way work permit affecting ST MARKS AVENUE in BROOKLYN."},"geometry":{"type":"Point","coordinates":[-74.078092,40.64203]}},{"type":"Feature","id":"nyc_street_permit_legacy_b012013002110","properties":{"city_id":"nyc","event_id":"nyc_street_permit_legacy_b012013002110","title":"Legacy street construction permit: EAST 14 STREET, BROOKLYN","year":2013,"effective_date":"2013-01-02","date_precision":"day","category":"transport","lens":"traffic","confidence":"documented","source_ids":["c9sj-fmsg"],"explanation":"Street/right-of-way work permit affecting EAST 14 STREET in BROOKLYN."},"geometry":{"type":"Point","coordinates":[-73.961648,40.70395]}},{"type":"Feature","id":"nyc_street_permit_legacy_b012013002111","properties":{"city_id":"nyc","event_id":"nyc_street_permit_legacy_b012013002111","title":"Legacy street construction permit: 71 STREET, BROOKLYN","year":2013,"effective_date":"2013-01-02","date_precision":"day","category":"transport","lens":"traffic","confidence":"documented","source_ids":["c9sj-fmsg"],"explanation":"Street/right-of-way work permit affecting 71 STREET in BROOKLYN."},"geometry":{"type":"Point","coordinates":[-74.077108,40.64506]}},{"type":"Feature","id":"nyc_street_permit_legacy_b012013002112","properties":{"city_id":"nyc","event_id":"nyc_street_permit_legacy_b012013002112","title":"Legacy street construction permit: 82 STREET, BROOKLYN","year":2013,"effective_date":"2013-01-02","date_precision":"day","category":"transport","lens":"traffic","confidence":"documented","source_ids":["c9sj-fmsg"],"explanation":"Street/right-of-way work permit affecting 82 STREET in BROOKLYN."},"geometry":{"type":"Point","coordinates":[-73.98376,40.5705]}},{"type":"Feature","id":"nyc_street_permit_legacy_b012013002113","properties":{"city_id":"nyc","event_id":"nyc_street_permit_legacy_b012013002113","title":"Legacy street construction permit: 3 AVENUE, BROOKLYN","year":2013,"effective_date":"2013-01-02","date_precision":"day","category":"transport","lens":"traffic","confidence":"documented","source_ids":["c9sj-fmsg"],"explanation":"Street/right-of-way work permit affecting 3 AVENUE in BROOKLYN."},"geometry":{"type":"Point","coordinates":[-73.900048,40.8115]}},{"type":"Feature","id":"nyc_street_permit_legacy_b012013002114","properties":{"city_id":"nyc","event_id":"nyc_street_permit_legacy_b012013002114","title":"Legacy street construction permit: EAST 16 STREET, BROOKLYN","year":2013,"effective_date":"2013-01-02","date_precision":"day","category":"transport","lens":"traffic","confidence":"documented","source_ids":["c9sj-fmsg"],"explanation":"Street/right-of-way work permit affecting EAST 16 STREET in BROOKLYN."},"geometry":{"type":"Point","coordinates":[-73.949632,40.74721]}},{"type":"Feature","id":"nyc_street_permit_legacy_b012013002115","properties":{"city_id":"nyc","event_id":"nyc_street_permit_legacy_b012013002115","title":"Legacy street construction permit: AVENUE H, BROOKLYN","year":2013,"effective_date":"2013-01-02","date_precision":"day","category":"transport","lens":"traffic","confidence":"documented","source_ids":["c9sj-fmsg"],"explanation":"Street/right-of-way work permit affecting AVENUE H in BROOKLYN."},"geometry":{"type":"Point","coordinates":[-74.010152,40.71512]}},{"type":"Feature","id":"nyc_street_permit_legacy_b012013002116","properties":{"city_id":"nyc","event_id":"nyc_street_permit_legacy_b012013002116","title":"Legacy street construction permit: HOPKINSON AVENUE, BROOKLYN","year":2013,"effective_date":"2013-01-02","date_precision":"day","category":"transport","lens":"traffic","confidence":"documented","source_ids":["c9sj-fmsg"],"explanation":"Street/right-of-way work permit affecting HOPKINSON AVENUE in BROOKLYN."},"geometry":{"type":"Point","coordinates":[-73.923692,40.77331]}},{"type":"Feature","id":"nyc_street_permit_legacy_b012013002117","properties":{"city_id":"nyc","event_id":"nyc_street_permit_legacy_b012013002117","title":"Legacy street construction permit: ST JOHN'S PLACE, BROOKLYN","year":2013,"effective_date":"2013-01-02","date_precision":"day","category":"transport","lens":"traffic","confidence":"documented","source_ids":["c9sj-fmsg"],"explanation":"Street/right-of-way work permit affecting ST JOHN'S PLACE in BROOKLYN."},"geometry":{"type":"Point","coordinates":[-74.006704,40.75585]}},{"type":"Feature","id":"nyc_street_permit_legacy_b012013002118","properties":{"city_id":"nyc","event_id":"nyc_street_permit_legacy_b012013002118","title":"Legacy street construction permit: FARRAGUT ROAD, BROOKLYN","year":2013,"effective_date":"2013-01-02","date_precision":"day","category":"transport","lens":"traffic","confidence":"documented","source_ids":["c9sj-fmsg"],"explanation":"Street/right-of-way work permit affecting FARRAGUT ROAD in BROOKLYN."},"geometry":{"type":"Point","coordinates":[-73.832204,40.66301]}},{"type":"Feature","id":"nyc_street_permit_legacy_b012013002119","properties":{"city_id":"nyc","event_id":"nyc_street_permit_legacy_b012013002119","title":"Legacy street construction permit: AVENUE U, BROOKLYN","year":2013,"effective_date":"2013-01-02","date_precision":"day","category":"transport","lens":"traffic","confidence":"documented","source_ids":["c9sj-fmsg"],"explanation":"Street/right-of-way work permit affecting AVENUE U in BROOKLYN."},"geometry":{"type":"Point","coordinates":[-73.829352,40.76649]}},{"type":"Feature","id":"nyc_street_permit_legacy_b012013002120","properties":{"city_id":"nyc","event_id":"nyc_street_permit_legacy_b012013002120","title":"Legacy street construction permit: VANDERBILT AVENUE, BROOKLYN","year":2013,"effective_date":"2013-01-02","date_precision":"day","category":"transport","lens":"traffic","confidence":"documented","source_ids":["c9sj-fmsg"],"explanation":"Street/right-of-way work permit affecting VANDERBILT AVENUE in BROOKLYN."},"geometry":{"type":"Point","coordinates":[-73.919816,40.76613]}},{"type":"Feature","id":"nyc_street_permit_legacy_b012013002121","properties":{"city_id":"nyc","event_id":"nyc_street_permit_legacy_b012013002121","title":"Legacy street construction permit: ATLANTIC AVENUE, BROOKLYN","year":2013,"effective_date":"2013-01-02","date_precision":"day","category":"transport","lens":"traffic","confidence":"documented","source_ids":["c9sj-fmsg"],"explanation":"Street/right-of-way work permit affecting ATLANTIC AVENUE in BROOKLYN."},"geometry":{"type":"Point","coordinates":[-73.979208,40.76103]}},{"type":"Feature","id":"nyc_street_permit_legacy_b012013002122","properties":{"city_id":"nyc","event_id":"nyc_street_permit_legacy_b012013002122","title":"Legacy street construction permit: ATLANTIC AVENUE, BROOKLYN","year":2013,"effective_date":"2013-01-02","date_precision":"day","category":"transport","lens":"traffic","confidence":"documented","source_ids":["c9sj-fmsg"],"explanation":"Street/right-of-way work permit affecting ATLANTIC AVENUE in BROOKLYN."},"geometry":{"type":"Point","coordinates":[-74.145352,40.58339]}},{"type":"Feature","id":"nyc_street_permit_legacy_b012013002124","properties":{"city_id":"nyc","event_id":"nyc_street_permit_legacy_b012013002124","title":"Legacy street construction permit: LINDEN BOULEVARD, BROOKLYN","year":2013,"effective_date":"2013-01-02","date_precision":"day","category":"transport","lens":"traffic","confidence":"documented","source_ids":["c9sj-fmsg"],"explanation":"Street/right-of-way work permit affecting LINDEN BOULEVARD in BROOKLYN."},"geometry":{"type":"Point","coordinates":[-73.9851,40.7589]}},{"type":"Feature","id":"nyc_street_permit_legacy_b012013002125","properties":{"city_id":"nyc","event_id":"nyc_street_permit_legacy_b012013002125","title":"Legacy street construction permit: LINDEN BOULEVARD, BROOKLYN","year":2013,"effective_date":"2013-01-02","date_precision":"day","category":"transport","lens":"traffic","confidence":"documented","source_ids":["c9sj-fmsg"],"explanation":"Street/right-of-way work permit affecting LINDEN BOULEVARD in BROOKLYN."},"geometry":{"type":"Point","coordinates":[-73.9851,40.7589]}},{"type":"Feature","id":"nyc_street_permit_legacy_b012013002126","properties":{"city_id":"nyc","event_id":"nyc_street_permit_legacy_b012013002126","title":"Legacy street construction permit: 64 STREET, BROOKLYN","year":2013,"effective_date":"2013-01-02","date_precision":"day","category":"transport","lens":"traffic","confidence":"documented","source_ids":["c9sj-fmsg"],"explanation":"Street/right-of-way work permit affecting 64 STREET in BROOKLYN."},"geometry":{"type":"Point","coordinates":[-73.949924,40.80899]}},{"type":"Feature","id":"nyc_street_permit_legacy_b012013002127","properties":{"city_id":"nyc","event_id":"nyc_street_permit_legacy_b012013002127","title":"Legacy street construction permit: DITMAS AVENUE, BROOKLYN","year":2013,"effective_date":"2013-01-02","date_precision":"day","category":"transport","lens":"traffic","confidence":"documented","source_ids":["c9sj-fmsg"],"explanation":"Street/right-of-way work permit affecting DITMAS AVENUE in BROOKLYN."},"geometry":{"type":"Point","coordinates":[-73.999616,40.62061]}},{"type":"Feature","id":"nyc_street_permit_legacy_b012013002129","properties":{"city_id":"nyc","event_id":"nyc_street_permit_legacy_b012013002129","title":"Legacy street construction permit: DECATUR STREET, BROOKLYN","year":2013,"effective_date":"2013-01-02","date_precision":"day","category":"transport","lens":"traffic","confidence":"documented","source_ids":["c9sj-fmsg"],"explanation":"Street/right-of-way work permit affecting DECATUR STREET in BROOKLYN."},"geometry":{"type":"Point","coordinates":[-73.793172,40.7019]}},{"type":"Feature","id":"nyc_street_permit_legacy_b012013002130","properties":{"city_id":"nyc","event_id":"nyc_street_permit_legacy_b012013002130","title":"Legacy street construction permit: HALSEY STREET, BROOKLYN","year":2013,"effective_date":"2013-01-02","date_precision":"day","category":"transport","lens":"traffic","confidence":"documented","source_ids":["c9sj-fmsg"],"explanation":"Street/right-of-way work permit affecting HALSEY STREET in BROOKLYN."},"geometry":{"type":"Point","coordinates":[-73.894372,40.85837]}},{"type":"Feature","id":"nyc_street_permit_legacy_b012013002131","properties":{"city_id":"nyc","event_id":"nyc_street_permit_legacy_b012013002131","title":"Legacy street construction permit: AVENUE U, BROOKLYN","year":2013,"effective_date":"2013-01-02","date_precision":"day","category":"transport","lens":"traffic","confidence":"documented","source_ids":["c9sj-fmsg"],"explanation":"Street/right-of-way work permit affecting AVENUE U in BROOKLYN."},"geometry":{"type":"Point","coordinates":[-73.955376,40.71003]}},{"type":"Feature","id":"nyc_street_permit_legacy_b012013002132","properties":{"city_id":"nyc","event_id":"nyc_street_permit_legacy_b012013002132","title":"Legacy street construction permit: BRIDGE STREET, BROOKLYN","year":2013,"effective_date":"2013-01-02","date_precision":"day","category":"transport","lens":"traffic","confidence":"documented","source_ids":["c9sj-fmsg"],"explanation":"Street/right-of-way work permit affecting BRIDGE STREET in BROOKLYN."},"geometry":{"type":"Point","coordinates":[-73.902556,40.81849]}},{"type":"Feature","id":"nyc_street_permit_legacy_b012013002133","properties":{"city_id":"nyc","event_id":"nyc_street_permit_legacy_b012013002133","title":"Legacy street construction permit: CONDUIT BOULEVARD, BROOKLYN","year":2013,"effective_date":"2013-01-02","date_precision":"day","category":"transport","lens":"traffic","confidence":"documented","source_ids":["c9sj-fmsg"],"explanation":"Street/right-of-way work permit affecting CONDUIT BOULEVARD in BROOKLYN."},"geometry":{"type":"Point","coordinates":[-73.821392,40.65611]}},{"type":"Feature","id":"nyc_street_permit_legacy_b012013002134","properties":{"city_id":"nyc","event_id":"nyc_street_permit_legacy_b012013002134","title":"Legacy street construction permit: MAC DONOUGH STREET, BROOKLYN","year":2013,"effective_date":"2013-01-02","date_precision":"day","category":"transport","lens":"traffic","confidence":"documented","source_ids":["c9sj-fmsg"],"explanation":"Street/right-of-way work permit affecting MAC DONOUGH STREET in BROOKLYN."},"geometry":{"type":"Point","coordinates":[-74.075668,40.6415]}},{"type":"Feature","id":"nyc_street_permit_legacy_b012013002135","properties":{"city_id":"nyc","event_id":"nyc_street_permit_legacy_b012013002135","title":"Legacy street construction permit: AVENUE W, BROOKLYN","year":2013,"effective_date":"2013-01-02","date_precision":"day","category":"transport","lens":"traffic","confidence":"documented","source_ids":["c9sj-fmsg"],"explanation":"Street/right-of-way work permit affecting AVENUE W in BROOKLYN."},"geometry":{"type":"Point","coordinates":[-73.798824,40.70385]}},{"type":"Feature","id":"nyc_street_permit_legacy_b012013002136","properties":{"city_id":"nyc","event_id":"nyc_street_permit_legacy_b012013002136","title":"Legacy street construction permit: EAST 13 STREET, BROOKLYN","year":2013,"effective_date":"2013-01-02","date_precision":"day","category":"transport","lens":"traffic","confidence":"documented","source_ids":["c9sj-fmsg"],"explanation":"Street/right-of-way work permit affecting EAST 13 STREET in BROOKLYN."},"geometry":{"type":"Point","coordinates":[-73.9445,40.81134]}},{"type":"Feature","id":"nyc_street_permit_legacy_b012013002137","properties":{"city_id":"nyc","event_id":"nyc_street_permit_legacy_b012013002137","title":"Legacy street construction permit: LENOX ROAD, BROOKLYN","year":2013,"effective_date":"2013-01-02","date_precision":"day","category":"transport","lens":"traffic","confidence":"documented","source_ids":["c9sj-fmsg"],"explanation":"Street/right-of-way work permit affecting LENOX ROAD in BROOKLYN."},"geometry":{"type":"Point","coordinates":[-73.822796,40.66366]}},{"type":"Feature","id":"nyc_street_permit_legacy_b012013002138","properties":{"city_id":"nyc","event_id":"nyc_street_permit_legacy_b012013002138","title":"Legacy street construction permit: FLORENCE AVENUE, BROOKLYN","year":2013,"effective_date":"2013-01-02","date_precision":"day","category":"transport","lens":"traffic","confidence":"documented","source_ids":["c9sj-fmsg"],"explanation":"Street/right-of-way work permit affecting FLORENCE AVENUE in BROOKLYN."},"geometry":{"type":"Point","coordinates":[-73.983016,40.57118]}},{"type":"Feature","id":"nyc_street_permit_legacy_b012013002139","properties":{"city_id":"nyc","event_id":"nyc_street_permit_legacy_b012013002139","title":"Legacy street construction permit: SHORE BOULEVARD, BROOKLYN","year":2013,"effective_date":"2013-01-02","date_precision":"day","category":"transport","lens":"traffic","confidence":"documented","source_ids":["c9sj-fmsg"],"explanation":"Street/right-of-way work permit affecting SHORE BOULEVARD in BROOKLYN."},"geometry":{"type":"Point","coordinates":[-73.996408,40.75463]}},{"type":"Feature","id":"nyc_street_permit_legacy_b012013002140","properties":{"city_id":"nyc","event_id":"nyc_street_permit_legacy_b012013002140","title":"Legacy street construction permit: GIRARD STREET, BROOKLYN","year":2013,"effective_date":"2013-01-02","date_precision":"day","category":"transport","lens":"traffic","confidence":"documented","source_ids":["c9sj-fmsg"],"explanation":"Street/right-of-way work permit affecting GIRARD STREET in BROOKLYN."},"geometry":{"type":"Point","coordinates":[-74.009576,40.71299]}},{"type":"Feature","id":"nyc_street_permit_legacy_b012013002141","properties":{"city_id":"nyc","event_id":"nyc_street_permit_legacy_b012013002141","title":"Legacy street construction permit: SHORE BOULEVARD, BROOKLYN","year":2013,"effective_date":"2013-01-02","date_precision":"day","category":"transport","lens":"traffic","confidence":"documented","source_ids":["c9sj-fmsg"],"explanation":"Street/right-of-way work permit affecting SHORE BOULEVARD in BROOKLYN."},"geometry":{"type":"Point","coordinates":[-73.825608,40.76681]}},{"type":"Feature","id":"nyc_street_permit_legacy_b012013002144","properties":{"city_id":"nyc","event_id":"nyc_street_permit_legacy_b012013002144","title":"Legacy street construction permit: POPLAR STREET, BROOKLYN","year":2013,"effective_date":"2013-01-02","date_precision":"day","category":"transport","lens":"traffic","confidence":"documented","source_ids":["c9sj-fmsg"],"explanation":"Street/right-of-way work permit affecting POPLAR STREET in BROOKLYN."},"geometry":{"type":"Point","coordinates":[-73.823048,40.85396]}},{"type":"Feature","id":"nyc_street_permit_legacy_b012013002145","properties":{"city_id":"nyc","event_id":"nyc_street_permit_legacy_b012013002145","title":"Legacy street construction permit: MIDDAGH STREET, BROOKLYN","year":2013,"effective_date":"2013-01-02","date_precision":"day","category":"transport","lens":"traffic","confidence":"documented","source_ids":["c9sj-fmsg"],"explanation":"Street/right-of-way work permit affecting MIDDAGH STREET in BROOKLYN."},"geometry":{"type":"Point","coordinates":[-73.999088,40.61625]}},{"type":"Feature","id":"nyc_street_permit_legacy_b012013002146","properties":{"city_id":"nyc","event_id":"nyc_street_permit_legacy_b012013002146","title":"Legacy street construction permit: HENRY STREET, BROOKLYN","year":2013,"effective_date":"2013-01-02","date_precision":"day","category":"transport","lens":"traffic","confidence":"documented","source_ids":["c9sj-fmsg"],"explanation":"Street/right-of-way work permit affecting HENRY STREET in BROOKLYN."},"geometry":{"type":"Point","coordinates":[-73.81186,40.58739]}},{"type":"Feature","id":"nyc_street_permit_legacy_b012013002147","properties":{"city_id":"nyc","event_id":"nyc_street_permit_legacy_b012013002147","title":"Legacy street construction permit: KEAP STREET, BROOKLYN","year":2013,"effective_date":"2013-01-02","date_precision":"day","category":"transport","lens":"traffic","confidence":"documented","source_ids":["c9sj-fmsg"],"explanation":"Street/right-of-way work permit affecting KEAP STREET in BROOKLYN."},"geometry":{"type":"Point","coordinates":[-73.94474,40.80787]}},{"type":"Feature","id":"nyc_street_permit_legacy_b012013002148","properties":{"city_id":"nyc","event_id":"nyc_street_permit_legacy_b012013002148","title":"Legacy street construction permit: 8 STREET, BROOKLYN","year":2013,"effective_date":"2013-01-02","date_precision":"day","category":"transport","lens":"traffic","confidence":"documented","source_ids":["c9sj-fmsg"],"explanation":"Street/right-of-way work permit affecting 8 STREET in BROOKLYN."},"geometry":{"type":"Point","coordinates":[-73.793736,40.70637]}},{"type":"Feature","id":"nyc_street_permit_legacy_b012013002149","properties":{"city_id":"nyc","event_id":"nyc_street_permit_legacy_b012013002149","title":"Legacy street construction permit: BEACH 42 STREET, BROOKLYN","year":2013,"effective_date":"2013-01-02","date_precision":"day","category":"transport","lens":"traffic","confidence":"documented","source_ids":["c9sj-fmsg"],"explanation":"Street/right-of-way work permit affecting BEACH 42 STREET in BROOKLYN."},"geometry":{"type":"Point","coordinates":[-73.986996,40.76125]}},{"type":"Feature","id":"nyc_street_permit_legacy_b012013002150","properties":{"city_id":"nyc","event_id":"nyc_street_permit_legacy_b012013002150","title":"Legacy street construction permit: CLASSON AVENUE, BROOKLYN","year":2013,"effective_date":"2013-01-02","date_precision":"day","category":"transport","lens":"traffic","confidence":"documented","source_ids":["c9sj-fmsg"],"explanation":"Street/right-of-way work permit affecting CLASSON AVENUE in BROOKLYN."},"geometry":{"type":"Point","coordinates":[-73.891288,40.85832]}},{"type":"Feature","id":"nyc_street_permit_legacy_b012013002153","properties":{"city_id":"nyc","event_id":"nyc_street_permit_legacy_b012013002153","title":"Legacy street construction permit: CORTELYOU ROAD, BROOKLYN","year":2013,"effective_date":"2013-01-02","date_precision":"day","category":"transport","lens":"traffic","confidence":"documented","source_ids":["c9sj-fmsg"],"explanation":"Street/right-of-way work permit affecting CORTELYOU ROAD in BROOKLYN."},"geometry":{"type":"Point","coordinates":[-73.901584,40.81747]}},{"type":"Feature","id":"nyc_street_permit_legacy_b012013002154","properties":{"city_id":"nyc","event_id":"nyc_street_permit_legacy_b012013002154","title":"Legacy street construction permit: HASTINGS STREET, BROOKLYN","year":2013,"effective_date":"2013-01-02","date_precision":"day","category":"transport","lens":"traffic","confidence":"documented","source_ids":["c9sj-fmsg"],"explanation":"Street/right-of-way work permit affecting HASTINGS STREET in BROOKLYN."},"geometry":{"type":"Point","coordinates":[-73.953464,40.7076]}},{"type":"Feature","id":"nyc_street_permit_legacy_b012013002159","properties":{"city_id":"nyc","event_id":"nyc_street_permit_legacy_b012013002159","title":"Legacy street construction permit: 14 AVENUE, BROOKLYN","year":2013,"effective_date":"2013-01-02","date_precision":"day","category":"transport","lens":"traffic","confidence":"documented","source_ids":["c9sj-fmsg"],"explanation":"Street/right-of-way work permit affecting 14 AVENUE in BROOKLYN."},"geometry":{"type":"Point","coordinates":[-73.946644,40.74146]}},{"type":"Feature","id":"nyc_street_permit_legacy_b012013002160","properties":{"city_id":"nyc","event_id":"nyc_street_permit_legacy_b012013002160","title":"Legacy street construction permit: HARRISON AVENUE, BROOKLYN","year":2013,"effective_date":"2013-01-02","date_precision":"day","category":"transport","lens":"traffic","confidence":"documented","source_ids":["c9sj-fmsg"],"explanation":"Street/right-of-way work permit affecting HARRISON AVENUE in BROOKLYN."},"geometry":{"type":"Point","coordinates":[-73.81534,40.58957]}},{"type":"Feature","id":"nyc_street_permit_legacy_b012013002161","properties":{"city_id":"nyc","event_id":"nyc_street_permit_legacy_b012013002161","title":"Legacy street construction permit: WALTON STREET, BROOKLYN","year":2013,"effective_date":"2013-01-02","date_precision":"day","category":"transport","lens":"traffic","confidence":"documented","source_ids":["c9sj-fmsg"],"explanation":"Street/right-of-way work permit affecting WALTON STREET in BROOKLYN."},"geometry":{"type":"Point","coordinates":[-73.898992,40.85878]}},{"type":"Feature","id":"nyc_street_permit_legacy_b012013002162","properties":{"city_id":"nyc","event_id":"nyc_street_permit_legacy_b012013002162","title":"Legacy street construction permit: 53 STREET, BROOKLYN","year":2013,"effective_date":"2013-01-02","date_precision":"day","category":"transport","lens":"traffic","confidence":"documented","source_ids":["c9sj-fmsg"],"explanation":"Street/right-of-way work permit affecting 53 STREET in BROOKLYN."},"geometry":{"type":"Point","coordinates":[-73.96158,40.70413]}},{"type":"Feature","id":"nyc_street_permit_legacy_b012013008170","properties":{"city_id":"nyc","event_id":"nyc_street_permit_legacy_b012013008170","title":"Legacy street construction permit: BERGEN STREET, BROOKLYN","year":2013,"effective_date":"2013-01-02","date_precision":"day","category":"transport","lens":"traffic","confidence":"documented","source_ids":["c9sj-fmsg"],"explanation":"Street/right-of-way work permit affecting BERGEN STREET in BROOKLYN."},"geometry":{"type":"Point","coordinates":[-74.144608,40.58191]}},{"type":"Feature","id":"nyc_street_permit_legacy_b012013016064","properties":{"city_id":"nyc","event_id":"nyc_street_permit_legacy_b012013016064","title":"Legacy street construction permit: MAC DONOUGH STREET, BROOKLYN","year":2013,"effective_date":"2013-01-02","date_precision":"day","category":"transport","lens":"traffic","confidence":"documented","source_ids":["c9sj-fmsg"],"explanation":"Street/right-of-way work permit affecting MAC DONOUGH STREET in BROOKLYN."},"geometry":{"type":"Point","coordinates":[-74.15428,40.57699]}},{"type":"Feature","id":"nyc_street_permit_legacy_b012013030003","properties":{"city_id":"nyc","event_id":"nyc_street_permit_legacy_b012013030003","title":"Legacy street construction permit: BRIGHTON 12 STREET, BROOKLYN","year":2013,"effective_date":"2013-01-02","date_precision":"day","category":"transport","lens":"traffic","confidence":"documented","source_ids":["c9sj-fmsg"],"explanation":"Street/right-of-way work permit affecting BRIGHTON 12 STREET in BROOKLYN."},"geometry":{"type":"Point","coordinates":[-73.957352,40.71276]}},{"type":"Feature","id":"nyc_street_permit_legacy_b012013038104","properties":{"city_id":"nyc","event_id":"nyc_street_permit_legacy_b012013038104","title":"Legacy street construction permit: FLORENCE AVENUE, BROOKLYN","year":2013,"effective_date":"2013-01-02","date_precision":"day","category":"transport","lens":"traffic","confidence":"documented","source_ids":["c9sj-fmsg"],"explanation":"Street/right-of-way work permit affecting FLORENCE AVENUE in BROOKLYN."},"geometry":{"type":"Point","coordinates":[-74.0105,40.70929]}},{"type":"Feature","id":"nyc_street_permit_legacy_b012013046014","properties":{"city_id":"nyc","event_id":"nyc_street_permit_legacy_b012013046014","title":"Legacy street construction permit: 6 AVENUE, BROOKLYN","year":2013,"effective_date":"2013-01-02","date_precision":"day","category":"transport","lens":"traffic","confidence":"documented","source_ids":["c9sj-fmsg"],"explanation":"Street/right-of-way work permit affecting 6 AVENUE in BROOKLYN."},"geometry":{"type":"Point","coordinates":[-73.939784,40.80786]}},{"type":"Feature","id":"nyc_street_permit_legacy_b012013046016","properties":{"city_id":"nyc","event_id":"nyc_street_permit_legacy_b012013046016","title":"Legacy street construction permit: 15 AVENUE, BROOKLYN","year":2013,"effective_date":"2013-01-02","date_precision":"day","category":"transport","lens":"traffic","confidence":"documented","source_ids":["c9sj-fmsg"],"explanation":"Street/right-of-way work permit affecting 15 AVENUE in BROOKLYN."},"geometry":{"type":"Point","coordinates":[-73.975792,40.57138]}},{"type":"Feature","id":"nyc_street_permit_legacy_b022013001001","properties":{"city_id":"nyc","event_id":"nyc_street_permit_legacy_b022013001001","title":"Legacy street construction permit: COOPER STREET, BROOKLYN","year":2013,"effective_date":"2013-01-01","date_precision":"day","category":"transport","lens":"traffic","confidence":"documented","source_ids":["c9sj-fmsg"],"explanation":"Street/right-of-way work permit affecting COOPER STREET in BROOKLYN."},"geometry":{"type":"Point","coordinates":[-73.902064,40.82068]}},{"type":"Feature","id":"nyc_street_permit_legacy_b022013001002","properties":{"city_id":"nyc","event_id":"nyc_street_permit_legacy_b022013001002","title":"Legacy street construction permit: JEFFERSON AVENUE, BROOKLYN","year":2013,"effective_date":"2013-01-01","date_precision":"day","category":"transport","lens":"traffic","confidence":"documented","source_ids":["c9sj-fmsg"],"explanation":"Street/right-of-way work permit affecting JEFFERSON AVENUE in BROOKLYN."},"geometry":{"type":"Point","coordinates":[-74.082616,40.64521]}},{"type":"Feature","id":"nyc_street_permit_legacy_b022013002001","properties":{"city_id":"nyc","event_id":"nyc_street_permit_legacy_b022013002001","title":"Legacy street construction permit: PARK PLACE, BROOKLYN","year":2013,"effective_date":"2013-01-02","date_precision":"day","category":"transport","lens":"traffic","confidence":"documented","source_ids":["c9sj-fmsg"],"explanation":"Street/right-of-way work permit affecting PARK PLACE in BROOKLYN."},"geometry":{"type":"Point","coordinates":[-73.942596,40.80792]}},{"type":"Feature","id":"nyc_street_permit_legacy_b022013002002","properties":{"city_id":"nyc","event_id":"nyc_street_permit_legacy_b022013002002","title":"Legacy street construction permit: PARK PLACE, BROOKLYN","year":2013,"effective_date":"2013-01-02","date_precision":"day","category":"transport","lens":"traffic","confidence":"documented","source_ids":["c9sj-fmsg"],"explanation":"Street/right-of-way work permit affecting PARK PLACE in BROOKLYN."},"geometry":{"type":"Point","coordinates":[-73.946452,40.74086]}},{"type":"Feature","id":"nyc_street_permit_legacy_b022013002003","properties":{"city_id":"nyc","event_id":"nyc_street_permit_legacy_b022013002003","title":"Legacy street construction permit: 8 AVENUE, BROOKLYN","year":2013,"effective_date":"2013-01-02","date_precision":"day","category":"transport","lens":"traffic","confidence":"documented","source_ids":["c9sj-fmsg"],"explanation":"Street/right-of-way work permit affecting 8 AVENUE in BROOKLYN."},"geometry":{"type":"Point","coordinates":[-73.943688,40.81316]}},{"type":"Feature","id":"nyc_street_permit_legacy_b022013002004","properties":{"city_id":"nyc","event_id":"nyc_street_permit_legacy_b022013002004","title":"Legacy street construction permit: EAST 22 STREET, BROOKLYN","year":2013,"effective_date":"2013-01-02","date_precision":"day","category":"transport","lens":"traffic","confidence":"documented","source_ids":["c9sj-fmsg"],"explanation":"Street/right-of-way work permit affecting EAST 22 STREET in BROOKLYN."},"geometry":{"type":"Point","coordinates":[-73.906804,40.81904]}},{"type":"Feature","id":"nyc_street_permit_legacy_b022013002005","properties":{"city_id":"nyc","event_id":"nyc_street_permit_legacy_b022013002005","title":"Legacy street construction permit: NELSON STREET, BROOKLYN","year":2013,"effective_date":"2013-01-02","date_precision":"day","category":"transport","lens":"traffic","confidence":"documented","source_ids":["c9sj-fmsg"],"explanation":"Street/right-of-way work permit affecting NELSON STREET in BROOKLYN."},"geometry":{"type":"Point","coordinates":[-73.980652,40.57949]}},{"type":"Feature","id":"nyc_street_permit_legacy_b022013002006","properties":{"city_id":"nyc","event_id":"nyc_street_permit_legacy_b022013002006","title":"Legacy street construction permit: BAY PARKWAY, BROOKLYN","year":2013,"effective_date":"2013-01-02","date_precision":"day","category":"transport","lens":"traffic","confidence":"documented","source_ids":["c9sj-fmsg"],"explanation":"Street/right-of-way work permit affecting BAY PARKWAY in BROOKLYN."},"geometry":{"type":"Point","coordinates":[-73.897816,40.86164]}},{"type":"Feature","id":"nyc_street_permit_legacy_b022013002007","properties":{"city_id":"nyc","event_id":"nyc_street_permit_legacy_b022013002007","title":"Legacy street construction permit: BAY PARKWAY, BROOKLYN","year":2013,"effective_date":"2013-01-02","date_precision":"day","category":"transport","lens":"traffic","confidence":"documented","source_ids":["c9sj-fmsg"],"explanation":"Street/right-of-way work permit affecting BAY PARKWAY in BROOKLYN."},"geometry":{"type":"Point","coordinates":[-73.923272,40.76821]}},{"type":"Feature","id":"nyc_street_permit_legacy_b022013002008","properties":{"city_id":"nyc","event_id":"nyc_street_permit_legacy_b022013002008","title":"Legacy street construction permit: BAY PARKWAY, BROOKLYN","year":2013,"effective_date":"2013-01-02","date_precision":"day","category":"transport","lens":"traffic","confidence":"documented","source_ids":["c9sj-fmsg"],"explanation":"Street/right-of-way work permit affecting BAY PARKWAY in BROOKLYN."},"geometry":{"type":"Point","coordinates":[-73.902016,40.86197]}},{"type":"Feature","id":"nyc_street_permit_legacy_b022013002009","properties":{"city_id":"nyc","event_id":"nyc_street_permit_legacy_b022013002009","title":"Legacy street construction permit: LYME AVENUE, BROOKLYN","year":2013,"effective_date":"2013-01-02","date_precision":"day","category":"transport","lens":"traffic","confidence":"documented","source_ids":["c9sj-fmsg"],"explanation":"Street/right-of-way work permit affecting LYME AVENUE in BROOKLYN."},"geometry":{"type":"Point","coordinates":[-74.074492,40.64853]}},{"type":"Feature","id":"nyc_street_permit_legacy_b022013002010","properties":{"city_id":"nyc","event_id":"nyc_street_permit_legacy_b022013002010","title":"Legacy street construction permit: LINCOLN PLACE, BROOKLYN","year":2013,"effective_date":"2013-01-02","date_precision":"day","category":"transport","lens":"traffic","confidence":"documented","source_ids":["c9sj-fmsg"],"explanation":"Street/right-of-way work permit affecting LINCOLN PLACE in BROOKLYN."},"geometry":{"type":"Point","coordinates":[-73.897804,40.85718]}},{"type":"Feature","id":"nyc_street_permit_legacy_b022013002011","properties":{"city_id":"nyc","event_id":"nyc_street_permit_legacy_b022013002011","title":"Legacy street construction permit: WEST 4 STREET, BROOKLYN","year":2013,"effective_date":"2013-01-02","date_precision":"day","category":"transport","lens":"traffic","confidence":"documented","source_ids":["c9sj-fmsg"],"explanation":"Street/right-of-way work permit affecting WEST 4 STREET in BROOKLYN."},"geometry":{"type":"Point","coordinates":[-73.947124,40.74087]}},{"type":"Feature","id":"nyc_street_permit_legacy_b022013002013","properties":{"city_id":"nyc","event_id":"nyc_street_permit_legacy_b022013002013","title":"Legacy street construction permit: 4 AVENUE, BROOKLYN","year":2013,"effective_date":"2013-01-02","date_precision":"day","category":"transport","lens":"traffic","confidence":"documented","source_ids":["c9sj-fmsg"],"explanation":"Street/right-of-way work permit affecting 4 AVENUE in BROOKLYN."},"geometry":{"type":"Point","coordinates":[-73.959528,40.70364]}},{"type":"Feature","id":"nyc_street_permit_legacy_b022013002014","properties":{"city_id":"nyc","event_id":"nyc_street_permit_legacy_b022013002014","title":"Legacy street construction permit: 4 AVENUE, BROOKLYN","year":2013,"effective_date":"2013-01-02","date_precision":"day","category":"transport","lens":"traffic","confidence":"documented","source_ids":["c9sj-fmsg"],"explanation":"Street/right-of-way work permit affecting 4 AVENUE in BROOKLYN."},"geometry":{"type":"Point","coordinates":[-74.147584,40.57488]}},{"type":"Feature","id":"nyc_street_permit_legacy_b022013002015","properties":{"city_id":"nyc","event_id":"nyc_street_permit_legacy_b022013002015","title":"Legacy street construction permit: 8 STREET, BROOKLYN","year":2013,"effective_date":"2013-01-02","date_precision":"day","category":"transport","lens":"traffic","confidence":"documented","source_ids":["c9sj-fmsg"],"explanation":"Street/right-of-way work permit affecting 8 STREET in BROOKLYN."},"geometry":{"type":"Point","coordinates":[-73.797324,40.70573]}},{"type":"Feature","id":"nyc_street_permit_legacy_b022013002016","properties":{"city_id":"nyc","event_id":"nyc_street_permit_legacy_b022013002016","title":"Legacy street construction permit: 8 STREET, BROOKLYN","year":2013,"effective_date":"2013-01-02","date_precision":"day","category":"transport","lens":"traffic","confidence":"documented","source_ids":["c9sj-fmsg"],"explanation":"Street/right-of-way work permit affecting 8 STREET in BROOKLYN."},"geometry":{"type":"Point","coordinates":[-74.07358,40.64689]}},{"type":"Feature","id":"nyc_street_permit_legacy_b022013002017","properties":{"city_id":"nyc","event_id":"nyc_street_permit_legacy_b022013002017","title":"Legacy street construction permit: 8 STREET, BROOKLYN","year":2013,"effective_date":"2013-01-02","date_precision":"day","category":"transport","lens":"traffic","confidence":"documented","source_ids":["c9sj-fmsg"],"explanation":"Street/right-of-way work permit affecting 8 STREET in BROOKLYN."},"geometry":{"type":"Point","coordinates":[-73.823636,40.66291]}},{"type":"Feature","id":"nyc_street_permit_legacy_b022013002018","properties":{"city_id":"nyc","event_id":"nyc_street_permit_legacy_b022013002018","title":"Legacy street construction permit: 8 STREET, BROOKLYN","year":2013,"effective_date":"2013-01-02","date_precision":"day","category":"transport","lens":"traffic","confidence":"documented","source_ids":["c9sj-fmsg"],"explanation":"Street/right-of-way work permit affecting 8 STREET in BROOKLYN."},"geometry":{"type":"Point","coordinates":[-73.98858,40.69685]}},{"type":"Feature","id":"nyc_street_permit_legacy_b022013002019","properties":{"city_id":"nyc","event_id":"nyc_street_permit_legacy_b022013002019","title":"Legacy street construction permit: 8 STREET, BROOKLYN","year":2013,"effective_date":"2013-01-02","date_precision":"day","category":"transport","lens":"traffic","confidence":"documented","source_ids":["c9sj-fmsg"],"explanation":"Street/right-of-way work permit affecting 8 STREET in BROOKLYN."},"geometry":{"type":"Point","coordinates":[-73.952124,40.71113]}},{"type":"Feature","id":"nyc_street_permit_legacy_b022013002020","properties":{"city_id":"nyc","event_id":"nyc_street_permit_legacy_b022013002020","title":"Legacy street construction permit: 8 STREET, BROOKLYN","year":2013,"effective_date":"2013-01-02","date_precision":"day","category":"transport","lens":"traffic","confidence":"documented","source_ids":["c9sj-fmsg"],"explanation":"Street/right-of-way work permit affecting 8 STREET in BROOKLYN."},"geometry":{"type":"Point","coordinates":[-74.15218,40.58237]}},{"type":"Feature","id":"nyc_street_permit_legacy_b022013002021","properties":{"city_id":"nyc","event_id":"nyc_street_permit_legacy_b022013002021","title":"Legacy street construction permit: SKILLMAN STREET, BROOKLYN","year":2013,"effective_date":"2013-01-02","date_precision":"day","category":"transport","lens":"traffic","confidence":"documented","source_ids":["c9sj-fmsg"],"explanation":"Street/right-of-way work permit affecting SKILLMAN STREET in BROOKLYN."},"geometry":{"type":"Point","coordinates":[-73.960536,40.71028]}},{"type":"Feature","id":"nyc_street_permit_legacy_b022013002022","properties":{"city_id":"nyc","event_id":"nyc_street_permit_legacy_b022013002022","title":"Legacy street construction permit: SKILLMAN STREET, BROOKLYN","year":2013,"effective_date":"2013-01-02","date_precision":"day","category":"transport","lens":"traffic","confidence":"documented","source_ids":["c9sj-fmsg"],"explanation":"Street/right-of-way work permit affecting SKILLMAN STREET in BROOKLYN."},"geometry":{"type":"Point","coordinates":[-73.95488,40.71044]}},{"type":"Feature","id":"nyc_street_permit_legacy_b022013002023","properties":{"city_id":"nyc","event_id":"nyc_street_permit_legacy_b022013002023","title":"Legacy street construction permit: SKILLMAN STREET, BROOKLYN","year":2013,"effective_date":"2013-01-02","date_precision":"day","category":"transport","lens":"traffic","confidence":"documented","source_ids":["c9sj-fmsg"],"explanation":"Street/right-of-way work permit affecting SKILLMAN STREET in BROOKLYN."},"geometry":{"type":"Point","coordinates":[-73.797936,40.7052]}},{"type":"Feature","id":"nyc_street_permit_legacy_b022013002024","properties":{"city_id":"nyc","event_id":"nyc_street_permit_legacy_b022013002024","title":"Legacy street construction permit: SKILLMAN STREET, BROOKLYN","year":2013,"effective_date":"2013-01-02","date_precision":"day","category":"transport","lens":"traffic","confidence":"documented","source_ids":["c9sj-fmsg"],"explanation":"Street/right-of-way work permit affecting SKILLMAN STREET in BROOKLYN."},"geometry":{"type":"Point","coordinates":[-74.07418,40.64636]}},{"type":"Feature","id":"nyc_street_permit_legacy_b022013002025","properties":{"city_id":"nyc","event_id":"nyc_street_permit_legacy_b022013002025","title":"Legacy street construction permit: SKILLMAN STREET, BROOKLYN","year":2013,"effective_date":"2013-01-02","date_precision":"day","category":"transport","lens":"traffic","confidence":"documented","source_ids":["c9sj-fmsg"],"explanation":"Street/right-of-way work permit affecting SKILLMAN STREET in BROOKLYN."},"geometry":{"type":"Point","coordinates":[-73.949936,40.81314]}},{"type":"Feature","id":"nyc_street_permit_legacy_b022013002026","properties":{"city_id":"nyc","event_id":"nyc_street_permit_legacy_b022013002026","title":"Legacy street construction permit: SKILLMAN STREET, BROOKLYN","year":2013,"effective_date":"2013-01-02","date_precision":"day","category":"transport","lens":"traffic","confidence":"documented","source_ids":["c9sj-fmsg"],"explanation":"Street/right-of-way work permit affecting SKILLMAN STREET in BROOKLYN."},"geometry":{"type":"Point","coordinates":[-73.984992,40.696]}},{"type":"Feature","id":"nyc_street_permit_legacy_b022013002027","properties":{"city_id":"nyc","event_id":"nyc_street_permit_legacy_b022013002027","title":"Legacy street construction permit: SKILLMAN STREET, BROOKLYN","year":2013,"effective_date":"2013-01-02","date_precision":"day","category":"transport","lens":"traffic","confidence":"documented","source_ids":["c9sj-fmsg"],"explanation":"Street/right-of-way work permit affecting SKILLMAN STREET in BROOKLYN."},"geometry":{"type":"Point","coordinates":[-73.799532,40.70281]}},{"type":"Feature","id":"nyc_street_permit_legacy_b022013002028","properties":{"city_id":"nyc","event_id":"nyc_street_permit_legacy_b022013002028","title":"Legacy street construction permit: SKILLMAN STREET, BROOKLYN","year":2013,"effective_date":"2013-01-02","date_precision":"day","category":"transport","lens":"traffic","confidence":"documented","source_ids":["c9sj-fmsg"],"explanation":"Street/right-of-way work permit affecting SKILLMAN STREET in BROOKLYN."},"geometry":{"type":"Point","coordinates":[-73.956488,40.70805]}},{"type":"Feature","id":"nyc_street_permit_legacy_b022013002029","properties":{"city_id":"nyc","event_id":"nyc_street_permit_legacy_b022013002029","title":"Legacy street construction permit: SKILLMAN STREET, BROOKLYN","year":2013,"effective_date":"2013-01-02","date_precision":"day","category":"transport","lens":"traffic","confidence":"documented","source_ids":["c9sj-fmsg"],"explanation":"Street/right-of-way work permit affecting SKILLMAN STREET in BROOKLYN."},"geometry":{"type":"Point","coordinates":[-73.948732,40.74513]}},{"type":"Feature","id":"nyc_street_permit_legacy_b022013002030","properties":{"city_id":"nyc","event_id":"nyc_street_permit_legacy_b022013002030","title":"Legacy street construction permit: SKILLMAN STREET, BROOKLYN","year":2013,"effective_date":"2013-01-02","date_precision":"day","category":"transport","lens":"traffic","confidence":"documented","source_ids":["c9sj-fmsg"],"explanation":"Street/right-of-way work permit affecting SKILLMAN STREET in BROOKLYN."},"geometry":{"type":"Point","coordinates":[-74.075788,40.64397]}},{"type":"Feature","id":"nyc_street_permit_legacy_b022013002031","properties":{"city_id":"nyc","event_id":"nyc_street_permit_legacy_b022013002031","title":"Legacy street construction permit: FRANKLIN AVENUE, BROOKLYN","year":2013,"effective_date":"2013-01-02","date_precision":"day","category":"transport","lens":"traffic","confidence":"documented","source_ids":["c9sj-fmsg"],"explanation":"Street/right-of-way work permit affecting FRANKLIN AVENUE in BROOKLYN."},"geometry":{"type":"Point","coordinates":[-74.148028,40.57938]}},{"type":"Feature","id":"nyc_street_permit_legacy_b022013002032","properties":{"city_id":"nyc","event_id":"nyc_street_permit_legacy_b022013002032","title":"Legacy street construction permit: FRANKLIN AVENUE, BROOKLYN","year":2013,"effective_date":"2013-01-02","date_precision":"day","category":"transport","lens":"traffic","confidence":"documented","source_ids":["c9sj-fmsg"],"explanation":"Street/right-of-way work permit affecting FRANKLIN AVENUE in BROOKLYN."},"geometry":{"type":"Point","coordinates":[-73.959984,40.70814]}},{"type":"Feature","id":"nyc_street_permit_legacy_b022013002033","properties":{"city_id":"nyc","event_id":"nyc_street_permit_legacy_b022013002033","title":"Legacy street construction permit: EAST 13 STREET, BROOKLYN","year":2013,"effective_date":"2013-01-02","date_precision":"day","category":"transport","lens":"traffic","confidence":"documented","source_ids":["c9sj-fmsg"],"explanation":"Street/right-of-way work permit affecting EAST 13 STREET in BROOKLYN."},"geometry":{"type":"Point","coordinates":[-73.990608,40.75497]}},{"type":"Feature","id":"nyc_street_permit_legacy_b022013002034","properties":{"city_id":"nyc","event_id":"nyc_street_permit_legacy_b022013002034","title":"Legacy street construction permit: HOOPER STREET, BROOKLYN","year":2013,"effective_date":"2013-01-02","date_precision":"day","category":"transport","lens":"traffic","confidence":"documented","source_ids":["c9sj-fmsg"],"explanation":"Street/right-of-way work permit affecting HOOPER STREET in BROOKLYN."},"geometry":{"type":"Point","coordinates":[-74.145628,40.57937]}},{"type":"Feature","id":"nyc_street_permit_legacy_b022013002035","properties":{"city_id":"nyc","event_id":"nyc_street_permit_legacy_b022013002035","title":"Legacy street construction permit: HOOPER STREET, BROOKLYN","year":2013,"effective_date":"2013-01-02","date_precision":"day","category":"transport","lens":"traffic","confidence":"documented","source_ids":["c9sj-fmsg"],"explanation":"Street/right-of-way work permit affecting HOOPER STREET in BROOKLYN."},"geometry":{"type":"Point","coordinates":[-73.829084,40.65991]}},{"type":"Feature","id":"nyc_street_permit_legacy_b022013002036","properties":{"city_id":"nyc","event_id":"nyc_street_permit_legacy_b022013002036","title":"Legacy street construction permit: LEE AVENUE, BROOKLYN","year":2013,"effective_date":"2013-01-02","date_precision":"day","category":"transport","lens":"traffic","confidence":"documented","source_ids":["c9sj-fmsg"],"explanation":"Street/right-of-way work permit affecting LEE AVENUE in BROOKLYN."},"geometry":{"type":"Point","coordinates":[-73.830596,40.66157]}},{"type":"Feature","id":"nyc_street_permit_legacy_b022013002037","properties":{"city_id":"nyc","event_id":"nyc_street_permit_legacy_b022013002037","title":"Legacy street construction permit: LEE AVENUE, BROOKLYN","year":2013,"effective_date":"2013-01-02","date_precision":"day","category":"transport","lens":"traffic","confidence":"documented","source_ids":["c9sj-fmsg"],"explanation":"Street/right-of-way work permit affecting LEE AVENUE in BROOKLYN."},"geometry":{"type":"Point","coordinates":[-74.08054,40.64555]}},{"type":"Feature","id":"nyc_street_permit_legacy_b022013002038","properties":{"city_id":"nyc","event_id":"nyc_street_permit_legacy_b022013002038","title":"Legacy street construction permit: LEE AVENUE, BROOKLYN","year":2013,"effective_date":"2013-01-02","date_precision":"day","category":"transport","lens":"traffic","confidence":"documented","source_ids":["c9sj-fmsg"],"explanation":"Street/right-of-way work permit affecting LEE AVENUE in BROOKLYN."},"geometry":{"type":"Point","coordinates":[-73.941496,40.74671]}},{"type":"Feature","id":"nyc_street_permit_legacy_b022013002039","properties":{"city_id":"nyc","event_id":"nyc_street_permit_legacy_b022013002039","title":"Legacy street construction permit: LEE AVENUE, BROOKLYN","year":2013,"effective_date":"2013-01-02","date_precision":"day","category":"transport","lens":"traffic","confidence":"documented","source_ids":["c9sj-fmsg"],"explanation":"Street/right-of-way work permit affecting LEE AVENUE in BROOKLYN."},"geometry":{"type":"Point","coordinates":[-73.96124,40.70963]}},{"type":"Feature","id":"nyc_street_permit_legacy_b022013002040","properties":{"city_id":"nyc","event_id":"nyc_street_permit_legacy_b022013002040","title":"Legacy street construction permit: EAST 3 STREET, BROOKLYN","year":2013,"effective_date":"2013-01-02","date_precision":"day","category":"transport","lens":"traffic","confidence":"documented","source_ids":["c9sj-fmsg"],"explanation":"Street/right-of-way work permit affecting EAST 3 STREET in BROOKLYN."},"geometry":{"type":"Point","coordinates":[-73.9393,40.74938]}},{"type":"Feature","id":"nyc_street_permit_legacy_b022013002041","properties":{"city_id":"nyc","event_id":"nyc_street_permit_legacy_b022013002041","title":"Legacy street construction permit: 48 STREET, BROOKLYN","year":2013,"effective_date":"2013-01-02","date_precision":"day","category":"transport","lens":"traffic","confidence":"documented","source_ids":["c9sj-fmsg"],"explanation":"Street/right-of-way work permit affecting 48 STREET in BROOKLYN."},"geometry":{"type":"Point","coordinates":[-73.94228,40.81334]}},{"type":"Feature","id":"nyc_street_permit_legacy_b022013002042","properties":{"city_id":"nyc","event_id":"nyc_street_permit_legacy_b022013002042","title":"Legacy street construction permit: 4 AVENUE, BROOKLYN","year":2013,"effective_date":"2013-01-02","date_precision":"day","category":"transport","lens":"traffic","confidence":"documented","source_ids":["c9sj-fmsg"],"explanation":"Street/right-of-way work permit affecting 4 AVENUE in BROOKLYN."},"geometry":{"type":"Point","coordinates":[-73.941668,40.80873]}},{"type":"Feature","id":"nyc_street_permit_legacy_b022013002043","properties":{"city_id":"nyc","event_id":"nyc_street_permit_legacy_b022013002043","title":"Legacy street construction permit: 4 AVENUE, BROOKLYN","year":2013,"effective_date":"2013-01-02","date_precision":"day","category":"transport","lens":"traffic","confidence":"documented","source_ids":["c9sj-fmsg"],"explanation":"Street/right-of-way work permit affecting 4 AVENUE in BROOKLYN."},"geometry":{"type":"Point","coordinates":[-73.988712,40.69159]}},{"type":"Feature","id":"nyc_street_permit_legacy_b022013002044","properties":{"city_id":"nyc","event_id":"nyc_street_permit_legacy_b022013002044","title":"Legacy street construction permit: 4 AVENUE, BROOKLYN","year":2013,"effective_date":"2013-01-02","date_precision":"day","category":"transport","lens":"traffic","confidence":"documented","source_ids":["c9sj-fmsg"],"explanation":"Street/right-of-way work permit affecting 4 AVENUE in BROOKLYN."},"geometry":{"type":"Point","coordinates":[-73.823768,40.65765]}},{"type":"Feature","id":"nyc_street_permit_legacy_b022013002045","properties":{"city_id":"nyc","event_id":"nyc_street_permit_legacy_b022013002045","title":"Legacy street construction permit: BALTIC STREET, BROOKLYN","year":2013,"effective_date":"2013-01-02","date_precision":"day","category":"transport","lens":"traffic","confidence":"documented","source_ids":["c9sj-fmsg"],"explanation":"Street/right-of-way work permit affecting BALTIC STREET in BROOKLYN."},"geometry":{"type":"Point","coordinates":[-73.81228,40.58448]}},{"type":"Feature","id":"nyc_street_permit_legacy_b022013002046","properties":{"city_id":"nyc","event_id":"nyc_street_permit_legacy_b022013002046","title":"Legacy street construction permit: BALTIC STREET, BROOKLYN","year":2013,"effective_date":"2013-01-02","date_precision":"day","category":"transport","lens":"traffic","confidence":"documented","source_ids":["c9sj-fmsg"],"explanation":"Street/right-of-way work permit affecting BALTIC STREET in BROOKLYN."},"geometry":{"type":"Point","coordinates":[-73.946036,40.80724]}},{"type":"Feature","id":"nyc_street_permit_legacy_b022013002047","properties":{"city_id":"nyc","event_id":"nyc_street_permit_legacy_b022013002047","title":"Legacy street construction permit: BALTIC STREET, BROOKLYN","year":2013,"effective_date":"2013-01-02","date_precision":"day","category":"transport","lens":"traffic","confidence":"documented","source_ids":["c9sj-fmsg"],"explanation":"Street/right-of-way work permit affecting BALTIC STREET in BROOKLYN."},"geometry":{"type":"Point","coordinates":[-74.15014,40.5774]}},{"type":"Feature","id":"nyc_street_permit_legacy_b022013002048","properties":{"city_id":"nyc","event_id":"nyc_street_permit_legacy_b022013002048","title":"Legacy street construction permit: 4 AVENUE, BROOKLYN","year":2013,"effective_date":"2013-01-02","date_precision":"day","category":"transport","lens":"traffic","confidence":"documented","source_ids":["c9sj-fmsg"],"explanation":"Street/right-of-way work permit affecting 4 AVENUE in BROOKLYN."},"geometry":{"type":"Point","coordinates":[-74.07898,40.64764]}},{"type":"Feature","id":"nyc_street_permit_legacy_b022013002049","properties":{"city_id":"nyc","event_id":"nyc_street_permit_legacy_b022013002049","title":"Legacy street construction permit: 4 AVENUE, BROOKLYN","year":2013,"effective_date":"2013-01-02","date_precision":"day","category":"transport","lens":"traffic","confidence":"documented","source_ids":["c9sj-fmsg"],"explanation":"Street/right-of-way work permit affecting 4 AVENUE in BROOKLYN."},"geometry":{"type":"Point","coordinates":[-73.824324,40.77192]}},{"type":"Feature","id":"nyc_street_permit_legacy_b162013001001","properties":{"city_id":"nyc","event_id":"nyc_street_permit_legacy_b162013001001","title":"Legacy street construction permit: GATES AVENUE, BROOKLYN","year":2013,"effective_date":"2013-01-01","date_precision":"day","category":"transport","lens":"traffic","confidence":"documented","source_ids":["c9sj-fmsg"],"explanation":"Street/right-of-way work permit affecting GATES AVENUE in BROOKLYN."},"geometry":{"type":"Point","coordinates":[-73.954056,40.7074]}},{"type":"Feature","id":"nyc_street_permit_legacy_b162013001002","properties":{"city_id":"nyc","event_id":"nyc_street_permit_legacy_b162013001002","title":"Legacy street construction permit: DIVISION AVENUE, BROOKLYN","year":2013,"effective_date":"2013-01-01","date_precision":"day","category":"transport","lens":"traffic","confidence":"documented","source_ids":["c9sj-fmsg"],"explanation":"Street/right-of-way work permit affecting DIVISION AVENUE in BROOKLYN."},"geometry":{"type":"Point","coordinates":[-73.984656,40.69534]}},{"type":"Feature","id":"nyc_street_permit_legacy_m002013002001","properties":{"city_id":"nyc","event_id":"nyc_street_permit_legacy_m002013002001","title":"Legacy street construction permit: street segment, NYC","year":2013,"effective_date":"2013-01-02","date_precision":"day","category":"transport","lens":"traffic","confidence":"documented","source_ids":["c9sj-fmsg"],"explanation":"Street/right-of-way work permit affecting street segment in NYC."},"geometry":{"type":"Point","coordinates":[-74.00158,40.75753]}},{"type":"Feature","id":"nyc_street_permit_legacy_m002013002002","properties":{"city_id":"nyc","event_id":"nyc_street_permit_legacy_m002013002002","title":"Legacy street construction permit: street segment, NYC","year":2013,"effective_date":"2013-01-02","date_precision":"day","category":"transport","lens":"traffic","confidence":"documented","source_ids":["c9sj-fmsg"],"explanation":"Street/right-of-way work permit affecting street segment in NYC."},"geometry":{"type":"Point","coordinates":[-73.815448,40.58945]}},{"type":"Feature","id":"nyc_street_permit_legacy_m002013002003","properties":{"city_id":"nyc","event_id":"nyc_street_permit_legacy_m002013002003","title":"Legacy street construction permit: street segment, NYC","year":2013,"effective_date":"2013-01-02","date_precision":"day","category":"transport","lens":"traffic","confidence":"documented","source_ids":["c9sj-fmsg"],"explanation":"Street/right-of-way work permit affecting street segment in NYC."},"geometry":{"type":"Point","coordinates":[-73.830792,40.76971]}},{"type":"Feature","id":"nyc_street_permit_legacy_m002013002004","properties":{"city_id":"nyc","event_id":"nyc_street_permit_legacy_m002013002004","title":"Legacy street construction permit: street segment, NYC","year":2013,"effective_date":"2013-01-02","date_precision":"day","category":"transport","lens":"traffic","confidence":"documented","source_ids":["c9sj-fmsg"],"explanation":"Street/right-of-way work permit affecting street segment in NYC."},"geometry":{"type":"Point","coordinates":[-73.909492,40.81669]}},{"type":"Feature","id":"nyc_street_permit_legacy_m002013002005","properties":{"city_id":"nyc","event_id":"nyc_street_permit_legacy_m002013002005","title":"Legacy street construction permit: street segment, NYC","year":2013,"effective_date":"2013-01-02","date_precision":"day","category":"transport","lens":"traffic","confidence":"documented","source_ids":["c9sj-fmsg"],"explanation":"Street/right-of-way work permit affecting street segment in NYC."},"geometry":{"type":"Point","coordinates":[-74.004332,40.71247]}},{"type":"Feature","id":"nyc_street_permit_legacy_m032013001001","properties":{"city_id":"nyc","event_id":"nyc_street_permit_legacy_m032013001001","title":"Legacy street construction permit: ELIZABETH STREET, MANHATTAN","year":2013,"effective_date":"2013-01-01","date_precision":"day","category":"transport","lens":"traffic","confidence":"documented","source_ids":["c9sj-fmsg"],"explanation":"Street/right-of-way work permit affecting ELIZABETH STREET in MANHATTAN."},"geometry":{"type":"Point","coordinates":[-73.907008,40.81203]}},{"type":"Feature","id":"nyc_street_permit_legacy_m032013001002","properties":{"city_id":"nyc","event_id":"nyc_street_permit_legacy_m032013001002","title":"Legacy street construction permit: 2 AVENUE, MANHATTAN","year":2013,"effective_date":"2013-01-01","date_precision":"day","category":"transport","lens":"traffic","confidence":"documented","source_ids":["c9sj-fmsg"],"explanation":"Street/right-of-way work permit affecting 2 AVENUE in MANHATTAN."},"geometry":{"type":"Point","coordinates":[-73.82086,40.59391]}},{"type":"Feature","id":"nyc_street_permit_legacy_m162013001001","properties":{"city_id":"nyc","event_id":"nyc_street_permit_legacy_m162013001001","title":"Legacy street construction permit: EAST 61 STREET, MANHATTAN","year":2013,"effective_date":"2013-01-01","date_precision":"day","category":"transport","lens":"traffic","confidence":"documented","source_ids":["c9sj-fmsg"],"explanation":"Street/right-of-way work permit affecting EAST 61 STREET in MANHATTAN."},"geometry":{"type":"Point","coordinates":[-73.832156,40.66491]}},{"type":"Feature","id":"nyc_street_permit_legacy_s022013001001","properties":{"city_id":"nyc","event_id":"nyc_street_permit_legacy_s022013001001","title":"Legacy street construction permit: MAGUIRE AVENUE, STATEN ISLAND","year":2013,"effective_date":"2013-01-01","date_precision":"day","category":"transport","lens":"traffic","confidence":"documented","source_ids":["c9sj-fmsg"],"explanation":"Street/right-of-way work permit affecting MAGUIRE AVENUE in STATEN ISLAND."},"geometry":{"type":"Point","coordinates":[-74.0431,40.6066]}},{"type":"Feature","id":"nyc_street_permit_legacy_s162013001001","properties":{"city_id":"nyc","event_id":"nyc_street_permit_legacy_s162013001001","title":"Legacy street construction permit: TARLEE PLACE, STATEN ISLAND","year":2013,"effective_date":"2013-01-01","date_precision":"day","category":"transport","lens":"traffic","confidence":"documented","source_ids":["c9sj-fmsg"],"explanation":"Street/right-of-way work permit affecting TARLEE PLACE in STATEN ISLAND."},"geometry":{"type":"Point","coordinates":[-74.0431,40.6066]}},{"type":"Feature","id":"nyc_street_permit_legacy_s162013001002","properties":{"city_id":"nyc","event_id":"nyc_street_permit_legacy_s162013001002","title":"Legacy street construction permit: HUSSON STREET, STATEN ISLAND","year":2013,"effective_date":"2013-01-01","date_precision":"day","category":"transport","lens":"traffic","confidence":"documented","source_ids":["c9sj-fmsg"],"explanation":"Street/right-of-way work permit affecting HUSSON STREET in STATEN ISLAND."},"geometry":{"type":"Point","coordinates":[-74.0431,40.6066]}},{"type":"Feature","id":"nyc_street_permit_legacy_s162013001003","properties":{"city_id":"nyc","event_id":"nyc_street_permit_legacy_s162013001003","title":"Legacy street construction permit: MALLORY AVENUE, STATEN ISLAND","year":2013,"effective_date":"2013-01-01","date_precision":"day","category":"transport","lens":"traffic","confidence":"documented","source_ids":["c9sj-fmsg"],"explanation":"Street/right-of-way work permit affecting MALLORY AVENUE in STATEN ISLAND."},"geometry":{"type":"Point","coordinates":[-74.0431,40.6066]}},{"type":"Feature","id":"nyc_street_permit_legacy_x012013001001","properties":{"city_id":"nyc","event_id":"nyc_street_permit_legacy_x012013001001","title":"Legacy street construction permit: TINTON AVENUE, BRONX","year":2013,"effective_date":"2013-01-01","date_precision":"day","category":"transport","lens":"traffic","confidence":"documented","source_ids":["c9sj-fmsg"],"explanation":"Street/right-of-way work permit affecting TINTON AVENUE in BRONX."},"geometry":{"type":"Point","coordinates":[-74.009504,40.71755]}}]}
