{"type":"FeatureCollection","name":"nyc_transport_roads_1983","metadata":{"schema_version":"1.0.0","city_id":"nyc","year":1983,"road_source":"data/raw/overpass/nyc_major_roads_osm_2026.geojson","method":"Road features are colored from nearby source-backed transport records in a rolling three-year window.","caveat":"Transport road colors are activity hotspots, not measured traffic counts or live congestion."},"features":[{"type":"Feature","properties":{"id":"lens-traffic-road-nyc-way/963551553","layer":"traffic_road","category":"transport","year":1983,"visible_year":2026,"rank":3,"name":"Broadway","source_id":"way/963551553","source_url":"https://www.openstreetmap.org/way/963551553","license":"ODbL","transport_raw":0.508,"transport_count":1,"transport_activity":1,"representation":"major-road transport-event activity","timing_note":"Road color is a three-year transport-event activity surface on current OSM major road geometry, not measured traffic volume or congestion."},"geometry":{"type":"LineString","coordinates":[[-74.0018814,40.7194015],[-74.0019619,40.7193053],[-74.002091,40.719153],[-74.0021807,40.7190476],[-74.0024323,40.7187523],[-74.0024982,40.7186746],[-74.0025285,40.7186389],[-74.0025746,40.7185847],[-74.0026429,40.7185043],[-74.0029533,40.7181394],[-74.0030116,40.7180708],[-74.003043,40.7180338],[-74.0030854,40.7179833],[-74.0034938,40.7174957],[-74.003533,40.717449],[-74.0035645,40.717412],[-74.0036313,40.7173337],[-74.0039856,40.7169184],[-74.004026,40.716871],[-74.0040624,40.7168282],[-74.0040877,40.7167984]]}},{"type":"Feature","properties":{"id":"lens-traffic-road-nyc-way/420810620","layer":"traffic_road","category":"transport","year":1983,"visible_year":2026,"rank":3,"name":"Broadway","source_id":"way/420810620","source_url":"https://www.openstreetmap.org/way/420810620","license":"ODbL","transport_raw":0.506,"transport_count":1,"transport_activity":0.996,"representation":"major-road transport-event activity","timing_note":"Road color is a three-year transport-event activity surface on current OSM major road geometry, not measured traffic volume or congestion."},"geometry":{"type":"LineString","coordinates":[[-74.0040877,40.7167984],[-74.0042041,40.7166598],[-74.0044795,40.716345],[-74.0045248,40.7162939]]}},{"type":"Feature","properties":{"id":"lens-traffic-road-nyc-way/5669922","layer":"traffic_road","category":"transport","year":1983,"visible_year":2026,"rank":3,"name":"6th Avenue","source_id":"way/5669922","source_url":"https://www.openstreetmap.org/way/5669922","license":"ODbL","transport_raw":0.483,"transport_count":1,"transport_activity":0.953,"representation":"major-road transport-event activity","timing_note":"Road color is a three-year transport-event activity surface on current OSM major road geometry, not measured traffic volume or congestion."},"geometry":{"type":"LineString","coordinates":[[-74.0055763,40.7179475],[-74.0055297,40.7180149],[-74.0054781,40.7180915],[-74.0054106,40.7181968],[-74.0053797,40.7182487],[-74.0053562,40.7182917]]}},{"type":"Feature","properties":{"id":"lens-traffic-road-nyc-way/947916171","layer":"traffic_road","category":"transport","year":1983,"visible_year":2026,"rank":3,"name":"Church Street","source_id":"way/947916171","source_url":"https://www.openstreetmap.org/way/947916171","license":"ODbL","transport_raw":0.48,"transport_count":1,"transport_activity":0.947,"representation":"major-road transport-event activity","timing_note":"Road color is a three-year transport-event activity surface on current OSM major road geometry, not measured traffic volume or congestion."},"geometry":{"type":"LineString","coordinates":[[-74.0057722,40.717674],[-74.0057362,40.7177243],[-74.0055763,40.7179475]]}},{"type":"Feature","properties":{"id":"lens-traffic-road-nyc-way/955293893","layer":"traffic_road","category":"transport","year":1983,"visible_year":2026,"rank":3,"name":"6th Avenue","source_id":"way/955293893","source_url":"https://www.openstreetmap.org/way/955293893","license":"ODbL","transport_raw":0.477,"transport_count":1,"transport_activity":0.941,"representation":"major-road transport-event activity","timing_note":"Road color is a three-year transport-event activity surface on current OSM major road geometry, not measured traffic volume or congestion."},"geometry":{"type":"LineString","coordinates":[[-74.0053562,40.7182917],[-74.0053291,40.7183413],[-74.0053116,40.7183756],[-74.0052759,40.7184481],[-74.0052379,40.7185483],[-74.0052305,40.718569]]}},{"type":"Feature","properties":{"id":"lens-traffic-road-nyc-way/524817693","layer":"traffic_road","category":"transport","year":1983,"visible_year":2026,"rank":3,"name":"Church Street","source_id":"way/524817693","source_url":"https://www.openstreetmap.org/way/524817693","license":"ODbL","transport_raw":0.465,"transport_count":1,"transport_activity":0.916,"representation":"major-road transport-event activity","timing_note":"Road color is a three-year transport-event activity surface on current OSM major road geometry, not measured traffic volume or congestion."},"geometry":{"type":"LineString","coordinates":[[-74.0062368,40.7170784],[-74.0061984,40.7171277],[-74.0058082,40.7176278],[-74.0057722,40.717674]]}},{"type":"Feature","properties":{"id":"lens-traffic-road-nyc-way/46139039","layer":"traffic_road","category":"transport","year":1983,"visible_year":2026,"rank":3,"name":"Lafayette Street","source_id":"way/46139039","source_url":"https://www.openstreetmap.org/way/46139039","license":"ODbL","transport_raw":0.456,"transport_count":1,"transport_activity":0.898,"representation":"major-road transport-event activity","timing_note":"Road color is a three-year transport-event activity surface on current OSM major road geometry, not measured traffic volume or congestion."},"geometry":{"type":"LineString","coordinates":[[-74.001008,40.717948],[-74.0010518,40.7178989],[-74.001513,40.7173979],[-74.0015464,40.71736],[-74.0015833,40.7173175],[-74.0016257,40.7172691],[-74.0020158,40.7168257],[-74.002048,40.7167885],[-74.0020928,40.7167378],[-74.0021203,40.7167054],[-74.0024893,40.7162863],[-74.0025229,40.7162482],[-74.0025774,40.7161862],[-74.0026328,40.7161232],[-74.002827,40.7158979],[-74.0029365,40.7157736],[-74.0029552,40.7157485],[-74.0029764,40.7157169],[-74.0029911,40.715692],[-74.0030036,40.7156731],[-74.0030131,40.7156542],[-74.0030227,40.715632],[-74.0030354,40.7155918]]}},{"type":"Feature","properties":{"id":"lens-traffic-road-nyc-way/1372100664","layer":"traffic_road","category":"transport","year":1983,"visible_year":2026,"rank":2,"name":"Walker Street","source_id":"way/1372100664","source_url":"https://www.openstreetmap.org/way/1372100664","license":"ODbL","transport_raw":0.448,"transport_count":1,"transport_activity":0.882,"representation":"major-road transport-event activity","timing_note":"Road color is a three-year transport-event activity surface on current OSM major road geometry, not measured traffic volume or congestion."},"geometry":{"type":"LineString","coordinates":[[-74.0056628,40.7200757],[-74.0055509,40.7200246],[-74.005318,40.7199165],[-74.0051699,40.7198425],[-74.0050619,40.7197913],[-74.0044847,40.7195269],[-74.0043754,40.7194761],[-74.0042567,40.7194238],[-74.0026294,40.7186852],[-74.0025285,40.7186389],[-74.0024447,40.7186004],[-74.0018252,40.7183162],[-74.0011486,40.7180113],[-74.001091,40.7179853],[-74.001008,40.717948],[-74.0009298,40.7179128],[-74.0008901,40.7178949],[-74.0004341,40.7176933],[-74.0003696,40.7176651],[-74.0003322,40.7176496],[-74.0002647,40.7176217],[-74.0001886,40.7175904],[-74.0001429,40.7175726],[-73.9995817,40.7173728],[-73.9995217,40.7173535],[-73.9994477,40.7173295]]}},{"type":"Feature","properties":{"id":"lens-traffic-road-nyc-way/955293895","layer":"traffic_road","category":"transport","year":1983,"visible_year":2026,"rank":3,"name":"6th Avenue","source_id":"way/955293895","source_url":"https://www.openstreetmap.org/way/955293895","license":"ODbL","transport_raw":0.446,"transport_count":1,"transport_activity":0.879,"representation":"major-road transport-event activity","timing_note":"Road color is a three-year transport-event activity surface on current OSM major road geometry, not measured traffic volume or congestion."},"geometry":{"type":"LineString","coordinates":[[-74.0052305,40.718569],[-74.0051886,40.7187152],[-74.0051722,40.7187912],[-74.0051614,40.7188588],[-74.0051524,40.7189402],[-74.0051464,40.7190003],[-74.0051454,40.7190625],[-74.0051485,40.7191895],[-74.0051562,40.7194098],[-74.0051656,40.7197014]]}},{"type":"Feature","properties":{"id":"lens-traffic-road-nyc-way/1084033950","layer":"traffic_road","category":"transport","year":1983,"visible_year":2026,"rank":3,"name":"Church Street","source_id":"way/1084033950","source_url":"https://www.openstreetmap.org/way/1084033950","license":"ODbL","transport_raw":0.442,"transport_count":1,"transport_activity":0.871,"representation":"major-road transport-event activity","timing_note":"Road color is a three-year transport-event activity surface on current OSM major road geometry, not measured traffic volume or congestion."},"geometry":{"type":"LineString","coordinates":[[-74.0064105,40.7168584],[-74.0062871,40.7170147],[-74.0062368,40.7170784]]}},{"type":"Feature","properties":{"id":"lens-traffic-road-nyc-way/256902830","layer":"traffic_road","category":"transport","year":1983,"visible_year":2026,"rank":3,"name":"Broadway","source_id":"way/256902830","source_url":"https://www.openstreetmap.org/way/256902830","license":"ODbL","transport_raw":0.441,"transport_count":1,"transport_activity":0.868,"representation":"major-road transport-event activity","timing_note":"Road color is a three-year transport-event activity surface on current OSM major road geometry, not measured traffic volume or congestion."},"geometry":{"type":"LineString","coordinates":[[-74.0045248,40.7162939],[-74.0045745,40.7162347],[-74.0046842,40.7161049],[-74.0048885,40.7158635],[-74.0049184,40.7158281],[-74.0049441,40.7157952],[-74.0049777,40.7157586],[-74.005007,40.7157232],[-74.0052355,40.7154537],[-74.0053649,40.7153008],[-74.00542,40.715236]]}},{"type":"Feature","properties":{"id":"lens-traffic-road-nyc-way/903589929","layer":"traffic_road","category":"transport","year":1983,"visible_year":2026,"rank":3,"name":"Church Street","source_id":"way/903589929","source_url":"https://www.openstreetmap.org/way/903589929","license":"ODbL","transport_raw":0.419,"transport_count":1,"transport_activity":0.825,"representation":"major-road transport-event activity","timing_note":"Road color is a three-year transport-event activity surface on current OSM major road geometry, not measured traffic volume or congestion."},"geometry":{"type":"LineString","coordinates":[[-74.006667,40.7165336],[-74.00664,40.7165677],[-74.0066153,40.716599],[-74.0064105,40.7168584]]}},{"type":"Feature","properties":{"id":"lens-traffic-road-nyc-way/1271581111","layer":"traffic_road","category":"transport","year":1983,"visible_year":2026,"rank":3,"name":"Lafayette Street","source_id":"way/1271581111","source_url":"https://www.openstreetmap.org/way/1271581111","license":"ODbL","transport_raw":0.398,"transport_count":1,"transport_activity":0.784,"representation":"major-road transport-event activity","timing_note":"Road color is a three-year transport-event activity surface on current OSM major road geometry, not measured traffic volume or congestion."},"geometry":{"type":"LineString","coordinates":[[-74.0008097,40.7181678],[-74.0009294,40.7180336],[-74.0009672,40.7179922],[-74.001008,40.717948]]}},{"type":"Feature","properties":{"id":"lens-traffic-road-nyc-way/903589928","layer":"traffic_road","category":"transport","year":1983,"visible_year":2026,"rank":3,"name":"West Broadway","source_id":"way/903589928","source_url":"https://www.openstreetmap.org/way/903589928","license":"ODbL","transport_raw":0.397,"transport_count":1,"transport_activity":0.783,"representation":"major-road transport-event activity","timing_note":"Road color is a three-year transport-event activity surface on current OSM major road geometry, not measured traffic volume or congestion."},"geometry":{"type":"LineString","coordinates":[[-74.0066144,40.71887],[-74.0066405,40.718835],[-74.0066921,40.7187627],[-74.006827,40.7185739],[-74.0070105,40.7183147],[-74.0070296,40.7183017],[-74.0070532,40.7182896],[-74.0070866,40.718278]]}},{"type":"Feature","properties":{"id":"lens-traffic-road-nyc-way/125436141","layer":"traffic_road","category":"transport","year":1983,"visible_year":2026,"rank":3,"name":"Centre Street","source_id":"way/125436141","source_url":"https://www.openstreetmap.org/way/125436141","license":"ODbL","transport_raw":0.395,"transport_count":1,"transport_activity":0.778,"representation":"major-road transport-event activity","timing_note":"Road color is a three-year transport-event activity surface on current OSM major road geometry, not measured traffic volume or congestion."},"geometry":{"type":"LineString","coordinates":[[-74.0016779,40.7157492],[-74.0016358,40.715801],[-74.0016238,40.7158157],[-74.0012709,40.7162926],[-74.0012161,40.7163679],[-74.0008887,40.7168168],[-74.0008528,40.7168702],[-74.0008126,40.7169298],[-74.0007714,40.7169909],[-74.0007581,40.7170106],[-74.0003278,40.7175432],[-74.0003064,40.7175699],[-74.0002647,40.7176217]]}},{"type":"Feature","properties":{"id":"lens-traffic-road-nyc-way/1465358761","layer":"traffic_road","category":"transport","year":1983,"visible_year":2026,"rank":3,"name":"6th Avenue","source_id":"way/1465358761","source_url":"https://www.openstreetmap.org/way/1465358761","license":"ODbL","transport_raw":0.395,"transport_count":1,"transport_activity":0.778,"representation":"major-road transport-event activity","timing_note":"Road color is a three-year transport-event activity surface on current OSM major road geometry, not measured traffic volume or congestion."},"geometry":{"type":"LineString","coordinates":[[-74.0051656,40.7197014],[-74.0051667,40.7197755],[-74.0051699,40.7198425]]}},{"type":"Feature","properties":{"id":"lens-traffic-road-nyc-way/1372100663","layer":"traffic_road","category":"transport","year":1983,"visible_year":2026,"rank":3,"name":"West Broadway","source_id":"way/1372100663","source_url":"https://www.openstreetmap.org/way/1372100663","license":"ODbL","transport_raw":0.394,"transport_count":1,"transport_activity":0.776,"representation":"major-road transport-event activity","timing_note":"Road color is a three-year transport-event activity surface on current OSM major road geometry, not measured traffic volume or congestion."},"geometry":{"type":"LineString","coordinates":[[-74.0061502,40.7194648],[-74.0061822,40.7194245],[-74.0064581,40.7190705],[-74.0065754,40.7189224],[-74.0066144,40.71887]]}},{"type":"Feature","properties":{"id":"lens-traffic-road-nyc-way/194923776","layer":"traffic_road","category":"transport","year":1983,"visible_year":2026,"rank":3,"name":"Lafayette Street","source_id":"way/194923776","source_url":"https://www.openstreetmap.org/way/194923776","license":"ODbL","transport_raw":0.393,"transport_count":1,"transport_activity":0.775,"representation":"major-road transport-event activity","timing_note":"Road color is a three-year transport-event activity surface on current OSM major road geometry, not measured traffic volume or congestion."},"geometry":{"type":"LineString","coordinates":[[-74.0030354,40.7155918],[-74.0030421,40.7155648],[-74.0030465,40.7155395],[-74.0030546,40.7154934],[-74.0031586,40.7148766],[-74.0031645,40.7148451],[-74.0031707,40.7148145],[-74.0031776,40.7147865],[-74.0031859,40.7147595],[-74.0031947,40.714734]]}},{"type":"Feature","properties":{"id":"lens-traffic-road-nyc-way/947916172","layer":"traffic_road","category":"transport","year":1983,"visible_year":2026,"rank":3,"name":"Church Street","source_id":"way/947916172","source_url":"https://www.openstreetmap.org/way/947916172","license":"ODbL","transport_raw":0.392,"transport_count":1,"transport_activity":0.772,"representation":"major-road transport-event activity","timing_note":"Road color is a three-year transport-event activity surface on current OSM major road geometry, not measured traffic volume or congestion."},"geometry":{"type":"LineString","coordinates":[[-74.0070792,40.7160045],[-74.0070426,40.7160515],[-74.0066974,40.7164945],[-74.006667,40.7165336]]}},{"type":"Feature","properties":{"id":"lens-traffic-road-nyc-way/1271581112","layer":"traffic_road","category":"transport","year":1983,"visible_year":2026,"rank":3,"name":"Centre Street","source_id":"way/1271581112","source_url":"https://www.openstreetmap.org/way/1271581112","license":"ODbL","transport_raw":0.39,"transport_count":1,"transport_activity":0.769,"representation":"major-road transport-event activity","timing_note":"Road color is a three-year transport-event activity surface on current OSM major road geometry, not measured traffic volume or congestion."},"geometry":{"type":"LineString","coordinates":[[-74.0018609,40.7155124],[-74.0017663,40.7156404],[-74.0017328,40.7156817],[-74.0016779,40.7157492]]}},{"type":"Feature","properties":{"id":"lens-traffic-road-nyc-way/505598707","layer":"traffic_road","category":"transport","year":1983,"visible_year":2026,"rank":4,"name":"Canal Street","source_id":"way/505598707","source_url":"https://www.openstreetmap.org/way/505598707","license":"ODbL","transport_raw":0.39,"transport_count":1,"transport_activity":0.769,"representation":"major-road transport-event activity","timing_note":"Road color is a three-year transport-event activity surface on current OSM major road geometry, not measured traffic volume or congestion."},"geometry":{"type":"LineString","coordinates":[[-74.0012676,40.7189641],[-74.0018063,40.7193447],[-74.0018814,40.7194015]]}},{"type":"Feature","properties":{"id":"lens-traffic-road-nyc-way/420810621","layer":"traffic_road","category":"transport","year":1983,"visible_year":2026,"rank":3,"name":"Varick Street","source_id":"way/420810621","source_url":"https://www.openstreetmap.org/way/420810621","license":"ODbL","transport_raw":0.387,"transport_count":1,"transport_activity":0.762,"representation":"major-road transport-event activity","timing_note":"Road color is a three-year transport-event activity surface on current OSM major road geometry, not measured traffic volume or congestion."},"geometry":{"type":"LineString","coordinates":[[-74.0069661,40.7190677],[-74.0069796,40.7190008],[-74.0070862,40.7184036],[-74.0070925,40.718348],[-74.0070892,40.718307],[-74.0070866,40.718278]]}},{"type":"Feature","properties":{"id":"lens-traffic-road-nyc-way/467222856","layer":"traffic_road","category":"transport","year":1983,"visible_year":2026,"rank":4,"name":"Canal Street","source_id":"way/467222856","source_url":"https://www.openstreetmap.org/way/467222856","license":"ODbL","transport_raw":0.386,"transport_count":1,"transport_activity":0.761,"representation":"major-road transport-event activity","timing_note":"Road color is a three-year transport-event activity surface on current OSM major road geometry, not measured traffic volume or congestion."},"geometry":{"type":"LineString","coordinates":[[-74.0018814,40.7194015],[-74.0019672,40.7194629],[-74.0025498,40.719887],[-74.002596,40.7199234]]}},{"type":"Feature","properties":{"id":"lens-traffic-road-nyc-way/46171883","layer":"traffic_road","category":"transport","year":1983,"visible_year":2026,"rank":3,"name":"West Broadway","source_id":"way/46171883","source_url":"https://www.openstreetmap.org/way/46171883","license":"ODbL","transport_raw":0.385,"transport_count":1,"transport_activity":0.759,"representation":"major-road transport-event activity","timing_note":"Road color is a three-year transport-event activity surface on current OSM major road geometry, not measured traffic volume or congestion."},"geometry":{"type":"LineString","coordinates":[[-74.0070866,40.718278],[-74.0071172,40.7182392],[-74.0074175,40.7178555],[-74.0075145,40.717722],[-74.0075505,40.7176762]]}},{"type":"Feature","properties":{"id":"lens-traffic-road-nyc-way/1296664633","layer":"traffic_road","category":"transport","year":1983,"visible_year":2026,"rank":3,"name":"6th Avenue","source_id":"way/1296664633","source_url":"https://www.openstreetmap.org/way/1296664633","license":"ODbL","transport_raw":0.383,"transport_count":1,"transport_activity":0.756,"representation":"major-road transport-event activity","timing_note":"Road color is a three-year transport-event activity surface on current OSM major road geometry, not measured traffic volume or congestion."},"geometry":{"type":"LineString","coordinates":[[-74.0051699,40.7198425],[-74.0051707,40.7199018],[-74.0051738,40.7200506]]}},{"type":"Feature","properties":{"id":"lens-traffic-road-nyc-way/1372100662","layer":"traffic_road","category":"transport","year":1983,"visible_year":2026,"rank":3,"name":"West Broadway","source_id":"way/1372100662","source_url":"https://www.openstreetmap.org/way/1372100662","license":"ODbL","transport_raw":0.383,"transport_count":1,"transport_activity":0.755,"representation":"major-road transport-event activity","timing_note":"Road color is a three-year transport-event activity surface on current OSM major road geometry, not measured traffic volume or congestion."},"geometry":{"type":"LineString","coordinates":[[-74.0059645,40.7196981],[-74.0061135,40.7195132],[-74.0061502,40.7194648]]}},{"type":"Feature","properties":{"id":"lens-traffic-road-nyc-way/1238742498","layer":"traffic_road","category":"transport","year":1983,"visible_year":2026,"rank":3,"name":"Centre Street","source_id":"way/1238742498","source_url":"https://www.openstreetmap.org/way/1238742498","license":"ODbL","transport_raw":0.378,"transport_count":1,"transport_activity":0.745,"representation":"major-road transport-event activity","timing_note":"Road color is a three-year transport-event activity surface on current OSM major road geometry, not measured traffic volume or congestion."},"geometry":{"type":"LineString","coordinates":[[-74.0021038,40.7151561],[-74.0020653,40.7152195],[-74.0020553,40.715236],[-74.0018609,40.7155124]]}},{"type":"Feature","properties":{"id":"lens-traffic-road-nyc-way/1271581110","layer":"traffic_road","category":"transport","year":1983,"visible_year":2026,"rank":3,"name":"Lafayette Street","source_id":"way/1271581110","source_url":"https://www.openstreetmap.org/way/1271581110","license":"ODbL","transport_raw":0.377,"transport_count":1,"transport_activity":0.743,"representation":"major-road transport-event activity","timing_note":"Road color is a three-year transport-event activity surface on current OSM major road geometry, not measured traffic volume or congestion."},"geometry":{"type":"LineString","coordinates":[[-74.0005519,40.7184492],[-74.0006333,40.7183599],[-74.0008097,40.7181678]]}},{"type":"Feature","properties":{"id":"lens-traffic-road-nyc-way/46171878","layer":"traffic_road","category":"transport","year":1983,"visible_year":2026,"rank":3,"name":"West Broadway","source_id":"way/46171878","source_url":"https://www.openstreetmap.org/way/46171878","license":"ODbL","transport_raw":0.369,"transport_count":1,"transport_activity":0.727,"representation":"major-road transport-event activity","timing_note":"Road color is a three-year transport-event activity surface on current OSM major road geometry, not measured traffic volume or congestion."},"geometry":{"type":"LineString","coordinates":[[-74.0056628,40.7200757],[-74.0057089,40.7200174],[-74.0059645,40.7196981]]}},{"type":"Feature","properties":{"id":"lens-traffic-road-nyc-way/421825694","layer":"traffic_road","category":"transport","year":1983,"visible_year":2026,"rank":3,"name":"Centre Street","source_id":"way/421825694","source_url":"https://www.openstreetmap.org/way/421825694","license":"ODbL","transport_raw":0.366,"transport_count":1,"transport_activity":0.721,"representation":"major-road transport-event activity","timing_note":"Road color is a three-year transport-event activity surface on current OSM major road geometry, not measured traffic volume or congestion."},"geometry":{"type":"LineString","coordinates":[[-74.0023169,40.7147793],[-74.0021932,40.7150092],[-74.0021547,40.7150728],[-74.0021038,40.7151561]]}},{"type":"Feature","properties":{"id":"lens-traffic-road-nyc-way/1081824061","layer":"traffic_road","category":"transport","year":1983,"visible_year":2026,"rank":4,"name":"Canal Street","source_id":"way/1081824061","source_url":"https://www.openstreetmap.org/way/1081824061","license":"ODbL","transport_raw":0.365,"transport_count":1,"transport_activity":0.72,"representation":"major-road transport-event activity","timing_note":"Road color is a three-year transport-event activity surface on current OSM major road geometry, not measured traffic volume or congestion."},"geometry":{"type":"LineString","coordinates":[[-74.002596,40.7199234],[-74.0026511,40.7199609],[-74.0032498,40.7203902],[-74.0032918,40.7204226],[-74.0032974,40.7204261]]}},{"type":"Feature","properties":{"id":"lens-traffic-road-nyc-way/496982627","layer":"traffic_road","category":"transport","year":1983,"visible_year":2026,"rank":3,"name":"Broadway","source_id":"way/496982627","source_url":"https://www.openstreetmap.org/way/496982627","license":"ODbL","transport_raw":0.366,"transport_count":1,"transport_activity":0.72,"representation":"major-road transport-event activity","timing_note":"Road color is a three-year transport-event activity surface on current OSM major road geometry, not measured traffic volume or congestion."},"geometry":{"type":"LineString","coordinates":[[-74.00542,40.715236],[-74.0054644,40.7151832],[-74.0057398,40.7148556],[-74.0058382,40.7147387],[-74.0058866,40.7146811]]}},{"type":"Feature","properties":{"id":"lens-traffic-road-nyc-way/68675820","layer":"traffic_road","category":"transport","year":1983,"visible_year":2026,"rank":3,"name":"Varick Street","source_id":"way/68675820","source_url":"https://www.openstreetmap.org/way/68675820","license":"ODbL","transport_raw":0.366,"transport_count":1,"transport_activity":0.72,"representation":"major-road transport-event activity","timing_note":"Road color is a three-year transport-event activity surface on current OSM major road geometry, not measured traffic volume or congestion."},"geometry":{"type":"LineString","coordinates":[[-74.0068583,40.7195706],[-74.0069349,40.7192018],[-74.0069433,40.7191658],[-74.0069661,40.7190677]]}},{"type":"Feature","properties":{"id":"lens-traffic-road-nyc-way/963551551","layer":"traffic_road","category":"transport","year":1983,"visible_year":2026,"rank":3,"name":"Broadway","source_id":"way/963551551","source_url":"https://www.openstreetmap.org/way/963551551","license":"ODbL","transport_raw":0.365,"transport_count":1,"transport_activity":0.72,"representation":"major-road transport-event activity","timing_note":"Road color is a three-year transport-event activity surface on current OSM major road geometry, not measured traffic volume or congestion."},"geometry":{"type":"LineString","coordinates":[[-74.0014266,40.7199362],[-74.0014616,40.7198949],[-74.0018056,40.7194898],[-74.0018814,40.7194015]]}},{"type":"Feature","properties":{"id":"lens-traffic-road-nyc-way/1034527687","layer":"traffic_road","category":"transport","year":1983,"visible_year":2026,"rank":4,"name":"Lafayette Street","source_id":"way/1034527687","source_url":"https://www.openstreetmap.org/way/1034527687","license":"ODbL","transport_raw":0.358,"transport_count":1,"transport_activity":0.706,"representation":"major-road transport-event activity","timing_note":"Road color is a three-year transport-event activity surface on current OSM major road geometry, not measured traffic volume or congestion."},"geometry":{"type":"LineString","coordinates":[[-74.0002887,40.7187349],[-74.000431,40.7185801],[-74.0004681,40.7185394],[-74.0005519,40.7184492]]}},{"type":"Feature","properties":{"id":"lens-traffic-road-nyc-way/591772210","layer":"traffic_road","category":"transport","year":1983,"visible_year":2026,"rank":4,"name":"Canal Street","source_id":"way/591772210","source_url":"https://www.openstreetmap.org/way/591772210","license":"ODbL","transport_raw":0.356,"transport_count":1,"transport_activity":0.701,"representation":"major-road transport-event activity","timing_note":"Road color is a three-year transport-event activity surface on current OSM major road geometry, not measured traffic volume or congestion."},"geometry":{"type":"LineString","coordinates":[[-73.9993088,40.7175538],[-73.9993632,40.7175932],[-73.9998298,40.7179313],[-73.9998819,40.7179685],[-73.9999527,40.7180188],[-74.0000374,40.7180792],[-74.0000967,40.7181214],[-74.0004095,40.7183435],[-74.0004538,40.7183761],[-74.0005519,40.7184492],[-74.0006179,40.7184993],[-74.0006711,40.7185377],[-74.0009337,40.7187262],[-74.0012676,40.7189641]]}},{"type":"Feature","properties":{"id":"lens-traffic-road-nyc-way/1135342278","layer":"traffic_road","category":"transport","year":1983,"visible_year":2026,"rank":3,"name":"Lafayette Street","source_id":"way/1135342278","source_url":"https://www.openstreetmap.org/way/1135342278","license":"ODbL","transport_raw":0.355,"transport_count":1,"transport_activity":0.7,"representation":"major-road transport-event activity","timing_note":"Road color is a three-year transport-event activity surface on current OSM major road geometry, not measured traffic volume or congestion."},"geometry":{"type":"LineString","coordinates":[[-74.0031947,40.714734],[-74.003336,40.7143858]]}},{"type":"Feature","properties":{"id":"lens-traffic-road-nyc-way/1318001658","layer":"traffic_road","category":"transport","year":1983,"visible_year":2026,"rank":3,"name":"Centre Street","source_id":"way/1318001658","source_url":"https://www.openstreetmap.org/way/1318001658","license":"ODbL","transport_raw":0.354,"transport_count":1,"transport_activity":0.697,"representation":"major-road transport-event activity","timing_note":"Road color is a three-year transport-event activity surface on current OSM major road geometry, not measured traffic volume or congestion."},"geometry":{"type":"LineString","coordinates":[[-74.0002647,40.7176217],[-74.0002255,40.7176716],[-74.0000622,40.7178793],[-74.0000272,40.7179239],[-73.9999527,40.7180188]]}},{"type":"Feature","properties":{"id":"lens-traffic-road-nyc-way/1022549185","layer":"traffic_road","category":"transport","year":1983,"visible_year":2026,"rank":3,"name":"West Broadway","source_id":"way/1022549185","source_url":"https://www.openstreetmap.org/way/1022549185","license":"ODbL","transport_raw":0.35,"transport_count":1,"transport_activity":0.69,"representation":"major-road transport-event activity","timing_note":"Road color is a three-year transport-event activity surface on current OSM major road geometry, not measured traffic volume or congestion."},"geometry":{"type":"LineString","coordinates":[[-74.0075505,40.7176762],[-74.0075998,40.7176151],[-74.0079542,40.7171667],[-74.0079807,40.7171326],[-74.0080038,40.7171031],[-74.0083518,40.7166551],[-74.0083863,40.7166109]]}},{"type":"Feature","properties":{"id":"lens-traffic-road-nyc-way/978675659","layer":"traffic_road","category":"transport","year":1983,"visible_year":2026,"rank":4,"name":"Canal Street","source_id":"way/978675659","source_url":"https://www.openstreetmap.org/way/978675659","license":"ODbL","transport_raw":0.35,"transport_count":1,"transport_activity":0.69,"representation":"major-road transport-event activity","timing_note":"Road color is a three-year transport-event activity surface on current OSM major road geometry, not measured traffic volume or congestion."},"geometry":{"type":"LineString","coordinates":[[-74.0032974,40.7204261],[-74.0034713,40.7205482]]}},{"type":"Feature","properties":{"id":"lens-traffic-road-nyc-way/955237975","layer":"traffic_road","category":"transport","year":1983,"visible_year":2026,"rank":3,"name":"Church Street","source_id":"way/955237975","source_url":"https://www.openstreetmap.org/way/955237975","license":"ODbL","transport_raw":0.348,"transport_count":1,"transport_activity":0.686,"representation":"major-road transport-event activity","timing_note":"Road color is a three-year transport-event activity surface on current OSM major road geometry, not measured traffic volume or congestion."},"geometry":{"type":"LineString","coordinates":[[-74.007533,40.7154325],[-74.0074908,40.7154858],[-74.0071293,40.7159414],[-74.0070792,40.7160045]]}},{"type":"Feature","properties":{"id":"lens-traffic-road-nyc-way/903589927","layer":"traffic_road","category":"transport","year":1983,"visible_year":2026,"rank":3,"name":"Varick Street","source_id":"way/903589927","source_url":"https://www.openstreetmap.org/way/903589927","license":"ODbL","transport_raw":0.347,"transport_count":1,"transport_activity":0.684,"representation":"major-road transport-event activity","timing_note":"Road color is a three-year transport-event activity surface on current OSM major road geometry, not measured traffic volume or congestion."},"geometry":{"type":"LineString","coordinates":[[-74.0068153,40.7197847],[-74.0068311,40.7197146],[-74.0068583,40.7195706]]}},{"type":"Feature","properties":{"id":"lens-traffic-road-nyc-way/1330579541","layer":"traffic_road","category":"transport","year":1983,"visible_year":2026,"rank":3,"name":"Centre Street","source_id":"way/1330579541","source_url":"https://www.openstreetmap.org/way/1330579541","license":"ODbL","transport_raw":0.345,"transport_count":1,"transport_activity":0.68,"representation":"major-road transport-event activity","timing_note":"Road color is a three-year transport-event activity surface on current OSM major road geometry, not measured traffic volume or congestion."},"geometry":{"type":"LineString","coordinates":[[-74.0024513,40.7145189],[-74.0024221,40.7145739],[-74.0023169,40.7147793]]}},{"type":"Feature","properties":{"id":"lens-traffic-road-nyc-way/439933931","layer":"traffic_road","category":"transport","year":1983,"visible_year":2026,"rank":3,"name":"6th Avenue","source_id":"way/439933931","source_url":"https://www.openstreetmap.org/way/439933931","license":"ODbL","transport_raw":0.345,"transport_count":1,"transport_activity":0.68,"representation":"major-road transport-event activity","timing_note":"Road color is a three-year transport-event activity surface on current OSM major road geometry, not measured traffic volume or congestion."},"geometry":{"type":"LineString","coordinates":[[-74.0051738,40.7200506],[-74.0051807,40.7203871],[-74.0051833,40.7204084],[-74.0051906,40.720468],[-74.0052117,40.7205977],[-74.0052212,40.7206378],[-74.0052237,40.7206562]]}},{"type":"Feature","properties":{"id":"lens-traffic-road-nyc-way/412180553","layer":"traffic_road","category":"transport","year":1983,"visible_year":2026,"rank":3,"name":"Walker Street","source_id":"way/412180553","source_url":"https://www.openstreetmap.org/way/412180553","license":"ODbL","transport_raw":0.342,"transport_count":1,"transport_activity":0.674,"representation":"major-road transport-event activity","timing_note":"Road color is a three-year transport-event activity surface on current OSM major road geometry, not measured traffic volume or congestion."},"geometry":{"type":"LineString","coordinates":[[-74.0064614,40.720428],[-74.0062624,40.720352],[-74.0061623,40.7203067],[-74.0058124,40.7201458],[-74.0057515,40.7201179],[-74.0056628,40.7200757]]}},{"type":"Feature","properties":{"id":"lens-traffic-road-nyc-way/412174929","layer":"traffic_road","category":"transport","year":1983,"visible_year":2026,"rank":4.5,"name":"Beach Street","source_id":"way/412174929","source_url":"https://www.openstreetmap.org/way/412174929","license":"ODbL","transport_raw":0.341,"transport_count":1,"transport_activity":0.672,"representation":"major-road transport-event activity","timing_note":"Road color is a three-year transport-event activity surface on current OSM major road geometry, not measured traffic volume or congestion."},"geometry":{"type":"LineString","coordinates":[[-74.0064614,40.720428],[-74.0060136,40.7203849],[-74.0056415,40.7203456],[-74.0055817,40.7203395],[-74.0055406,40.7203358],[-74.0055144,40.7203365],[-74.0054889,40.7203422]]}},{"type":"Feature","properties":{"id":"lens-traffic-road-nyc-way/46139035","layer":"traffic_road","category":"transport","year":1983,"visible_year":2026,"rank":4.5,"name":"West Broadway","source_id":"way/46139035","source_url":"https://www.openstreetmap.org/way/46139035","license":"ODbL","transport_raw":0.341,"transport_count":1,"transport_activity":0.672,"representation":"major-road transport-event activity","timing_note":"Road color is a three-year transport-event activity surface on current OSM major road geometry, not measured traffic volume or congestion."},"geometry":{"type":"LineString","coordinates":[[-74.0054889,40.7203422],[-74.0054668,40.7203543],[-74.0054447,40.7203723],[-74.0053427,40.7205037],[-74.0052466,40.7206334],[-74.0052237,40.7206562]]}},{"type":"Feature","properties":{"id":"lens-traffic-road-nyc-way/1330593111","layer":"traffic_road","category":"transport","year":1983,"visible_year":2026,"rank":3,"name":"Broadway","source_id":"way/1330593111","source_url":"https://www.openstreetmap.org/way/1330593111","license":"ODbL","transport_raw":0.337,"transport_count":1,"transport_activity":0.664,"representation":"major-road transport-event activity","timing_note":"Road color is a three-year transport-event activity surface on current OSM major road geometry, not measured traffic volume or congestion."},"geometry":{"type":"LineString","coordinates":[[-74.0058866,40.7146811],[-74.0059265,40.7146325],[-74.0060039,40.7145386]]}},{"type":"Feature","properties":{"id":"lens-traffic-road-nyc-way/1030282418","layer":"traffic_road","category":"transport","year":1983,"visible_year":2026,"rank":3,"name":"Lafayette Street","source_id":"way/1030282418","source_url":"https://www.openstreetmap.org/way/1030282418","license":"ODbL","transport_raw":0.335,"transport_count":1,"transport_activity":0.66,"representation":"major-road transport-event activity","timing_note":"Road color is a three-year transport-event activity surface on current OSM major road geometry, not measured traffic volume or congestion."},"geometry":{"type":"LineString","coordinates":[[-74.003336,40.7143858],[-74.0033675,40.7143086],[-74.0033941,40.7142413],[-74.0034162,40.7141387]]}},{"type":"Feature","properties":{"id":"lens-traffic-road-nyc-way/978675658","layer":"traffic_road","category":"transport","year":1983,"visible_year":2026,"rank":4,"name":"Canal Street","source_id":"way/978675658","source_url":"https://www.openstreetmap.org/way/978675658","license":"ODbL","transport_raw":0.335,"transport_count":1,"transport_activity":0.659,"representation":"major-road transport-event activity","timing_note":"Road color is a three-year transport-event activity surface on current OSM major road geometry, not measured traffic volume or congestion."},"geometry":{"type":"LineString","coordinates":[[-74.0034713,40.7205482],[-74.0035934,40.7206361],[-74.0036386,40.7206685],[-74.0039266,40.7208746],[-74.0039761,40.72091]]}},{"type":"Feature","properties":{"id":"lens-traffic-road-nyc-way/420810622","layer":"traffic_road","category":"transport","year":1983,"visible_year":2026,"rank":3,"name":"Varick Street","source_id":"way/420810622","source_url":"https://www.openstreetmap.org/way/420810622","license":"ODbL","transport_raw":0.326,"transport_count":1,"transport_activity":0.643,"representation":"major-road transport-event activity","timing_note":"Road color is a three-year transport-event activity surface on current OSM major road geometry, not measured traffic volume or congestion."},"geometry":{"type":"LineString","coordinates":[[-74.0066917,40.720453],[-74.0067074,40.7203716],[-74.0068009,40.71985],[-74.0068153,40.7197847]]}},{"type":"Feature","properties":{"id":"lens-traffic-road-nyc-way/5671172","layer":"traffic_road","category":"transport","year":1983,"visible_year":2026,"rank":3,"name":"Centre Street","source_id":"way/5671172","source_url":"https://www.openstreetmap.org/way/5671172","license":"ODbL","transport_raw":0.324,"transport_count":1,"transport_activity":0.638,"representation":"major-road transport-event activity","timing_note":"Road color is a three-year transport-event activity surface on current OSM major road geometry, not measured traffic volume or congestion."},"geometry":{"type":"LineString","coordinates":[[-74.0030498,40.7139579],[-74.0029524,40.714016],[-74.0028892,40.7140544],[-74.002832,40.7140933],[-74.0027686,40.7141394],[-74.0027113,40.7141843],[-74.0026842,40.7142079],[-74.0026574,40.714233],[-74.0026272,40.7142669],[-74.0026013,40.7142947],[-74.0025692,40.7143355],[-74.0025371,40.7143795],[-74.0025053,40.7144242],[-74.002478,40.714469],[-74.0024513,40.7145189]]}},{"type":"Feature","properties":{"id":"lens-traffic-road-nyc-way/46332307","layer":"traffic_road","category":"transport","year":1983,"visible_year":2026,"rank":3,"name":"Duane Street","source_id":"way/46332307","source_url":"https://www.openstreetmap.org/way/46332307","license":"ODbL","transport_raw":0.318,"transport_count":1,"transport_activity":0.626,"representation":"major-road transport-event activity","timing_note":"Road color is a three-year transport-event activity surface on current OSM major road geometry, not measured traffic volume or congestion."},"geometry":{"type":"LineString","coordinates":[[-74.0034162,40.7141387],[-74.0032664,40.7140676],[-74.0032393,40.7140548],[-74.0030498,40.7139579]]}},{"type":"Feature","properties":{"id":"lens-traffic-road-nyc-way/955237974","layer":"traffic_road","category":"transport","year":1983,"visible_year":2026,"rank":3,"name":"Church Street","source_id":"way/955237974","source_url":"https://www.openstreetmap.org/way/955237974","license":"ODbL","transport_raw":0.316,"transport_count":1,"transport_activity":0.624,"representation":"major-road transport-event activity","timing_note":"Road color is a three-year transport-event activity surface on current OSM major road geometry, not measured traffic volume or congestion."},"geometry":{"type":"LineString","coordinates":[[-74.0077456,40.7151635],[-74.0076024,40.7153448],[-74.0075786,40.7153749],[-74.007533,40.7154325]]}},{"type":"Feature","properties":{"id":"lens-traffic-road-nyc-way/1022549186","layer":"traffic_road","category":"transport","year":1983,"visible_year":2026,"rank":3,"name":"West Broadway","source_id":"way/1022549186","source_url":"https://www.openstreetmap.org/way/1022549186","license":"ODbL","transport_raw":0.313,"transport_count":1,"transport_activity":0.616,"representation":"major-road transport-event activity","timing_note":"Road color is a three-year transport-event activity surface on current OSM major road geometry, not measured traffic volume or congestion."},"geometry":{"type":"LineString","coordinates":[[-74.0083863,40.7166109],[-74.0084374,40.7165432],[-74.008591,40.716348]]}},{"type":"Feature","properties":{"id":"lens-traffic-road-nyc-way/1032453060","layer":"traffic_road","category":"transport","year":1983,"visible_year":2026,"rank":4.5,"name":"Beach Street","source_id":"way/1032453060","source_url":"https://www.openstreetmap.org/way/1032453060","license":"ODbL","transport_raw":0.313,"transport_count":1,"transport_activity":0.616,"representation":"major-road transport-event activity","timing_note":"Road color is a three-year transport-event activity surface on current OSM major road geometry, not measured traffic volume or congestion."},"geometry":{"type":"LineString","coordinates":[[-74.0066917,40.720453],[-74.0065541,40.7204382],[-74.0064614,40.720428]]}},{"type":"Feature","properties":{"id":"lens-traffic-road-nyc-way/420810619","layer":"traffic_road","category":"transport","year":1983,"visible_year":2026,"rank":3,"name":"Broadway","source_id":"way/420810619","source_url":"https://www.openstreetmap.org/way/420810619","license":"ODbL","transport_raw":0.31,"transport_count":1,"transport_activity":0.612,"representation":"major-road transport-event activity","timing_note":"Road color is a three-year transport-event activity surface on current OSM major road geometry, not measured traffic volume or congestion."},"geometry":{"type":"LineString","coordinates":[[-74.0060039,40.7145386],[-74.0062473,40.7142425],[-74.0063041,40.7141733]]}},{"type":"Feature","properties":{"id":"lens-traffic-road-nyc-way/46139036","layer":"traffic_road","category":"transport","year":1983,"visible_year":2026,"rank":3,"name":"West Broadway","source_id":"way/46139036","source_url":"https://www.openstreetmap.org/way/46139036","license":"ODbL","transport_raw":0.308,"transport_count":1,"transport_activity":0.607,"representation":"major-road transport-event activity","timing_note":"Road color is a three-year transport-event activity surface on current OSM major road geometry, not measured traffic volume or congestion."},"geometry":{"type":"LineString","coordinates":[[-74.0052237,40.7206562],[-74.0051009,40.720801],[-74.0047083,40.7212604],[-74.0046193,40.7213666]]}},{"type":"Feature","properties":{"id":"lens-traffic-road-nyc-way/496990369","layer":"traffic_road","category":"transport","year":1983,"visible_year":2026,"rank":3,"name":"Lafayette Street","source_id":"way/496990369","source_url":"https://www.openstreetmap.org/way/496990369","license":"ODbL","transport_raw":0.305,"transport_count":1,"transport_activity":0.6,"representation":"major-road transport-event activity","timing_note":"Road color is a three-year transport-event activity surface on current OSM major road geometry, not measured traffic volume or congestion."},"geometry":{"type":"LineString","coordinates":[[-74.0034162,40.7141387],[-74.0034582,40.7140403],[-74.0035156,40.7139018],[-74.0035338,40.7138593],[-74.0035504,40.7138232],[-74.0035658,40.713793],[-74.0035941,40.713741],[-74.0036181,40.7137062],[-74.003649,40.7136604]]}},{"type":"Feature","properties":{"id":"lens-traffic-road-nyc-way/1271580015","layer":"traffic_road","category":"transport","year":1983,"visible_year":2026,"rank":4,"name":"Varick Street","source_id":"way/1271580015","source_url":"https://www.openstreetmap.org/way/1271580015","license":"ODbL","transport_raw":0.304,"transport_count":1,"transport_activity":0.598,"representation":"major-road transport-event activity","timing_note":"Road color is a three-year transport-event activity surface on current OSM major road geometry, not measured traffic volume or congestion."},"geometry":{"type":"LineString","coordinates":[[-74.0066622,40.7206168],[-74.0066799,40.7205092],[-74.0066917,40.720453]]}},{"type":"Feature","properties":{"id":"lens-traffic-road-nyc-way/497498544","layer":"traffic_road","category":"transport","year":1983,"visible_year":2026,"rank":4.5,"name":"Beach Street","source_id":"way/497498544","source_url":"https://www.openstreetmap.org/way/497498544","license":"ODbL","transport_raw":0.303,"transport_count":1,"transport_activity":0.597,"representation":"major-road transport-event activity","timing_note":"Road color is a three-year transport-event activity surface on current OSM major road geometry, not measured traffic volume or congestion."},"geometry":{"type":"LineString","coordinates":[[-74.006894,40.7204753],[-74.0068382,40.7204691],[-74.0066917,40.720453]]}},{"type":"Feature","properties":{"id":"lens-traffic-road-nyc-way/68668539","layer":"traffic_road","category":"transport","year":1983,"visible_year":2026,"rank":4,"name":"Centre Street","source_id":"way/68668539","source_url":"https://www.openstreetmap.org/way/68668539","license":"ODbL","transport_raw":0.303,"transport_count":1,"transport_activity":0.597,"representation":"major-road transport-event activity","timing_note":"Road color is a three-year transport-event activity surface on current OSM major road geometry, not measured traffic volume or congestion."},"geometry":{"type":"LineString","coordinates":[[-73.9999527,40.7180188],[-73.9998757,40.71811],[-73.9996593,40.7183861],[-73.9994874,40.7185953],[-73.9994552,40.7186357],[-73.9994121,40.718687],[-73.9993702,40.7187423],[-73.999264,40.7188753],[-73.9992327,40.7189132],[-73.9987423,40.7195174]]}},{"type":"Feature","properties":{"id":"lens-traffic-road-nyc-way/671201389","layer":"traffic_road","category":"transport","year":1983,"visible_year":2026,"rank":4,"name":"Canal Street","source_id":"way/671201389","source_url":"https://www.openstreetmap.org/way/671201389","license":"ODbL","transport_raw":0.301,"transport_count":1,"transport_activity":0.592,"representation":"major-road transport-event activity","timing_note":"Road color is a three-year transport-event activity surface on current OSM major road geometry, not measured traffic volume or congestion."},"geometry":{"type":"LineString","coordinates":[[-73.9989003,40.7172605],[-73.9992627,40.7175206],[-73.9993088,40.7175538]]}},{"type":"Feature","properties":{"id":"lens-traffic-road-nyc-way/46139046","layer":"traffic_road","category":"transport","year":1983,"visible_year":2026,"rank":4.5,"name":"6th Avenue","source_id":"way/46139046","source_url":"https://www.openstreetmap.org/way/46139046","license":"ODbL","transport_raw":0.299,"transport_count":1,"transport_activity":0.59,"representation":"major-road transport-event activity","timing_note":"Road color is a three-year transport-event activity surface on current OSM major road geometry, not measured traffic volume or congestion."},"geometry":{"type":"LineString","coordinates":[[-74.0052237,40.7206562],[-74.0052509,40.7210318],[-74.0052584,40.7211418],[-74.0052803,40.7214938]]}},{"type":"Feature","properties":{"id":"lens-traffic-road-nyc-way/5669742","layer":"traffic_road","category":"transport","year":1983,"visible_year":2026,"rank":3,"name":"Broadway","source_id":"way/5669742","source_url":"https://www.openstreetmap.org/way/5669742","license":"ODbL","transport_raw":0.3,"transport_count":1,"transport_activity":0.59,"representation":"major-road transport-event activity","timing_note":"Road color is a three-year transport-event activity surface on current OSM major road geometry, not measured traffic volume or congestion."},"geometry":{"type":"LineString","coordinates":[[-74.0006622,40.7208456],[-74.0007107,40.7207872],[-74.0009219,40.7205319],[-74.0013928,40.7199759],[-74.0014266,40.7199362]]}},{"type":"Feature","properties":{"id":"lens-traffic-road-nyc-way/40956098","layer":"traffic_road","category":"transport","year":1983,"visible_year":2026,"rank":3,"name":"Centre Street","source_id":"way/40956098","source_url":"https://www.openstreetmap.org/way/40956098","license":"ODbL","transport_raw":0.298,"transport_count":1,"transport_activity":0.588,"representation":"major-road transport-event activity","timing_note":"Road color is a three-year transport-event activity surface on current OSM major road geometry, not measured traffic volume or congestion."},"geometry":{"type":"LineString","coordinates":[[-74.0035418,40.7136103],[-74.0035151,40.7136381],[-74.0034742,40.7136758],[-74.0034211,40.7137243],[-74.0033619,40.7137734],[-74.003297,40.7138205],[-74.0032414,40.713857],[-74.003181,40.7138925],[-74.003111,40.7139287],[-74.0030498,40.7139579]]}},{"type":"Feature","properties":{"id":"lens-traffic-road-nyc-way/591772211","layer":"traffic_road","category":"transport","year":1983,"visible_year":2026,"rank":2,"name":"Walker Street","source_id":"way/591772211","source_url":"https://www.openstreetmap.org/way/591772211","license":"ODbL","transport_raw":0.297,"transport_count":1,"transport_activity":0.585,"representation":"major-road transport-event activity","timing_note":"Road color is a three-year transport-event activity surface on current OSM major road geometry, not measured traffic volume or congestion."},"geometry":{"type":"LineString","coordinates":[[-73.9994477,40.7173295],[-73.9993836,40.7173098],[-73.9991482,40.7172367],[-73.9991255,40.7172305],[-73.999096,40.7172246],[-73.9990717,40.7172212],[-73.9990445,40.717221],[-73.9990083,40.7172242],[-73.9989763,40.7172315],[-73.9989393,40.7172432],[-73.9989003,40.7172605]]}},{"type":"Feature","properties":{"id":"lens-traffic-road-nyc-way/413045201","layer":"traffic_road","category":"transport","year":1983,"visible_year":2026,"rank":3,"name":"Reade Street","source_id":"way/413045201","source_url":"https://www.openstreetmap.org/way/413045201","license":"ODbL","transport_raw":0.296,"transport_count":1,"transport_activity":0.583,"representation":"major-road transport-event activity","timing_note":"Road color is a three-year transport-event activity surface on current OSM major road geometry, not measured traffic volume or congestion."},"geometry":{"type":"LineString","coordinates":[[-74.007533,40.7154325],[-74.0076303,40.7154766],[-74.0076585,40.7154894],[-74.0087393,40.7159819],[-74.0088423,40.716029],[-74.0089241,40.7160662],[-74.0091272,40.7161589],[-74.0091888,40.7161881]]}},{"type":"Feature","properties":{"id":"lens-traffic-road-nyc-way/68668553","layer":"traffic_road","category":"transport","year":1983,"visible_year":2026,"rank":3,"name":"Hudson Street","source_id":"way/68668553","source_url":"https://www.openstreetmap.org/way/68668553","license":"ODbL","transport_raw":0.292,"transport_count":1,"transport_activity":0.575,"representation":"major-road transport-event activity","timing_note":"Road color is a three-year transport-event activity surface on current OSM major road geometry, not measured traffic volume or congestion."},"geometry":{"type":"LineString","coordinates":[[-74.0088803,40.7182739],[-74.0088609,40.7183889],[-74.008819,40.718642]]}},{"type":"Feature","properties":{"id":"lens-traffic-road-nyc-way/413054286","layer":"traffic_road","category":"transport","year":1983,"visible_year":2026,"rank":3,"name":"Church Street","source_id":"way/413054286","source_url":"https://www.openstreetmap.org/way/413054286","license":"ODbL","transport_raw":0.291,"transport_count":1,"transport_activity":0.574,"representation":"major-road transport-event activity","timing_note":"Road color is a three-year transport-event activity surface on current OSM major road geometry, not measured traffic volume or congestion."},"geometry":{"type":"LineString","coordinates":[[-74.007932,40.7149277],[-74.0078834,40.7149891],[-74.0077456,40.7151635]]}},{"type":"Feature","properties":{"id":"lens-traffic-road-nyc-way/124814435","layer":"traffic_road","category":"transport","year":1983,"visible_year":2026,"rank":3,"name":"Hudson Street","source_id":"way/124814435","source_url":"https://www.openstreetmap.org/way/124814435","license":"ODbL","transport_raw":0.29,"transport_count":1,"transport_activity":0.571,"representation":"major-road transport-event activity","timing_note":"Road color is a three-year transport-event activity surface on current OSM major road geometry, not measured traffic volume or congestion."},"geometry":{"type":"LineString","coordinates":[[-74.0091888,40.7161881],[-74.0091826,40.7162683],[-74.0091184,40.7168472],[-74.0091078,40.716928],[-74.0090971,40.7169978],[-74.0090677,40.7172164],[-74.0090579,40.7172754],[-74.0090486,40.7173356],[-74.009,40.717598],[-74.008953,40.7178682],[-74.0089396,40.7179347],[-74.0089269,40.7180064],[-74.0088803,40.7182739]]}},{"type":"Feature","properties":{"id":"lens-traffic-road-nyc-way/1497599007","layer":"traffic_road","category":"transport","year":1983,"visible_year":2026,"rank":4,"name":"Canal Street","source_id":"way/1497599007","source_url":"https://www.openstreetmap.org/way/1497599007","license":"ODbL","transport_raw":0.287,"transport_count":1,"transport_activity":0.565,"representation":"major-road transport-event activity","timing_note":"Road color is a three-year transport-event activity surface on current OSM major road geometry, not measured traffic volume or congestion."},"geometry":{"type":"LineString","coordinates":[[-74.0039761,40.72091],[-74.0045469,40.7213164],[-74.0046193,40.7213666],[-74.0047134,40.7214283],[-74.0050747,40.7216847]]}},{"type":"Feature","properties":{"id":"lens-traffic-road-nyc-way/46139038","layer":"traffic_road","category":"transport","year":1983,"visible_year":2026,"rank":4,"name":"Lafayette Street","source_id":"way/46139038","source_url":"https://www.openstreetmap.org/way/46139038","license":"ODbL","transport_raw":0.286,"transport_count":1,"transport_activity":0.564,"representation":"major-road transport-event activity","timing_note":"Road color is a three-year transport-event activity surface on current OSM major road geometry, not measured traffic volume or congestion."},"geometry":{"type":"LineString","coordinates":[[-73.999079,40.7200616],[-73.9991121,40.7200242],[-73.999138,40.7199971],[-73.9997846,40.7192885],[-73.999822,40.7192475],[-73.9998623,40.7192031],[-73.9999015,40.7191604],[-74.0002887,40.7187349]]}},{"type":"Feature","properties":{"id":"lens-traffic-road-nyc-way/256902829","layer":"traffic_road","category":"transport","year":1983,"visible_year":2026,"rank":4,"name":"Varick Street","source_id":"way/256902829","source_url":"https://www.openstreetmap.org/way/256902829","license":"ODbL","transport_raw":0.284,"transport_count":1,"transport_activity":0.559,"representation":"major-road transport-event activity","timing_note":"Road color is a three-year transport-event activity surface on current OSM major road geometry, not measured traffic volume or congestion."},"geometry":{"type":"LineString","coordinates":[[-74.0065788,40.7211171],[-74.0066622,40.7206168]]}},{"type":"Feature","properties":{"id":"lens-traffic-road-nyc-way/1329585283","layer":"traffic_road","category":"transport","year":1983,"visible_year":2026,"rank":3,"name":"Centre Street","source_id":"way/1329585283","source_url":"https://www.openstreetmap.org/way/1329585283","license":"ODbL","transport_raw":0.28,"transport_count":1,"transport_activity":0.552,"representation":"major-road transport-event activity","timing_note":"Road color is a three-year transport-event activity surface on current OSM major road geometry, not measured traffic volume or congestion."},"geometry":{"type":"LineString","coordinates":[[-74.0037255,40.7134052],[-74.0036118,40.7135362],[-74.0035418,40.7136103]]}},{"type":"Feature","properties":{"id":"lens-traffic-road-nyc-way/438901171","layer":"traffic_road","category":"transport","year":1983,"visible_year":2026,"rank":4,"name":"Canal Street","source_id":"way/438901171","source_url":"https://www.openstreetmap.org/way/438901171","license":"ODbL","transport_raw":0.277,"transport_count":1,"transport_activity":0.546,"representation":"major-road transport-event activity","timing_note":"Road color is a three-year transport-event activity surface on current OSM major road geometry, not measured traffic volume or congestion."},"geometry":{"type":"LineString","coordinates":[[-73.9985901,40.7171177],[-73.9986442,40.7171379],[-73.9987106,40.7171622],[-73.9987924,40.7171973],[-73.9988358,40.7172188],[-73.9988785,40.717245],[-73.9989003,40.7172605]]}},{"type":"Feature","properties":{"id":"lens-traffic-road-nyc-way/196116979","layer":"traffic_road","category":"transport","year":1983,"visible_year":2026,"rank":3,"name":"Broadway","source_id":"way/196116979","source_url":"https://www.openstreetmap.org/way/196116979","license":"ODbL","transport_raw":0.272,"transport_count":1,"transport_activity":0.537,"representation":"major-road transport-event activity","timing_note":"Road color is a three-year transport-event activity surface on current OSM major road geometry, not measured traffic volume or congestion."},"geometry":{"type":"LineString","coordinates":[[-74.0063041,40.7141733],[-74.0063641,40.7140988],[-74.006426,40.7140224],[-74.0065001,40.7139308],[-74.0065935,40.7138153],[-74.0066313,40.7137685],[-74.0067023,40.7136809],[-74.006753,40.713618]]}},{"type":"Feature","properties":{"id":"lens-traffic-road-nyc-way/46116314","layer":"traffic_road","category":"transport","year":1983,"visible_year":2026,"rank":3,"name":"Centre Street","source_id":"way/46116314","source_url":"https://www.openstreetmap.org/way/46116314","license":"ODbL","transport_raw":0.273,"transport_count":1,"transport_activity":0.537,"representation":"major-road transport-event activity","timing_note":"Road color is a three-year transport-event activity surface on current OSM major road geometry, not measured traffic volume or congestion."},"geometry":{"type":"LineString","coordinates":[[-74.003649,40.7136604],[-74.0037069,40.7135973],[-74.004019,40.713224],[-74.004109,40.713155]]}},{"type":"Feature","properties":{"id":"lens-traffic-road-nyc-way/68668562","layer":"traffic_road","category":"transport","year":1983,"visible_year":2026,"rank":3,"name":"West Broadway","source_id":"way/68668562","source_url":"https://www.openstreetmap.org/way/68668562","license":"ODbL","transport_raw":0.268,"transport_count":1,"transport_activity":0.528,"representation":"major-road transport-event activity","timing_note":"Road color is a three-year transport-event activity surface on current OSM major road geometry, not measured traffic volume or congestion."},"geometry":{"type":"LineString","coordinates":[[-74.008591,40.716348],[-74.0088002,40.7160813],[-74.0088423,40.716029],[-74.0088751,40.7159861],[-74.0091426,40.7156404],[-74.0091865,40.7155886],[-74.0091988,40.715576],[-74.0092468,40.7155294]]}},{"type":"Feature","properties":{"id":"lens-traffic-road-nyc-way/195743179","layer":"traffic_road","category":"transport","year":1983,"visible_year":2026,"rank":3,"name":"Hudson Street","source_id":"way/195743179","source_url":"https://www.openstreetmap.org/way/195743179","license":"ODbL","transport_raw":0.267,"transport_count":1,"transport_activity":0.526,"representation":"major-road transport-event activity","timing_note":"Road color is a three-year transport-event activity surface on current OSM major road geometry, not measured traffic volume or congestion."},"geometry":{"type":"LineString","coordinates":[[-74.008819,40.718642],[-74.008747,40.719029],[-74.0087098,40.7192362],[-74.008699,40.719296],[-74.0086858,40.7193712],[-74.0085939,40.7198958],[-74.0085815,40.7199664],[-74.0085721,40.7200219],[-74.0084819,40.7205495],[-74.0084726,40.7206149]]}},{"type":"Feature","properties":{"id":"lens-traffic-road-nyc-way/1347184249","layer":"traffic_road","category":"transport","year":1983,"visible_year":2026,"rank":4.5,"name":"6th Avenue","source_id":"way/1347184249","source_url":"https://www.openstreetmap.org/way/1347184249","license":"ODbL","transport_raw":0.261,"transport_count":1,"transport_activity":0.515,"representation":"major-road transport-event activity","timing_note":"Road color is a three-year transport-event activity surface on current OSM major road geometry, not measured traffic volume or congestion."},"geometry":{"type":"LineString","coordinates":[[-74.0052803,40.7214938],[-74.0052845,40.7215484],[-74.0052887,40.7216029],[-74.0053067,40.7217117]]}},{"type":"Feature","properties":{"id":"lens-traffic-road-nyc-way/1032481039","layer":"traffic_road","category":"transport","year":1983,"visible_year":2026,"rank":4,"name":"Grand Street","source_id":"way/1032481039","source_url":"https://www.openstreetmap.org/way/1032481039","license":"ODbL","transport_raw":0.261,"transport_count":1,"transport_activity":0.514,"representation":"major-road transport-event activity","timing_note":"Road color is a three-year transport-event activity surface on current OSM major road geometry, not measured traffic volume or congestion."},"geometry":{"type":"LineString","coordinates":[[-74.0009335,40.7210015],[-74.0007387,40.7209058],[-74.0006622,40.7208456]]}},{"type":"Feature","properties":{"id":"lens-traffic-road-nyc-way/1032481037","layer":"traffic_road","category":"transport","year":1983,"visible_year":2026,"rank":4,"name":"Grand Street","source_id":"way/1032481037","source_url":"https://www.openstreetmap.org/way/1032481037","license":"ODbL","transport_raw":0.26,"transport_count":1,"transport_activity":0.513,"representation":"major-road transport-event activity","timing_note":"Road color is a three-year transport-event activity surface on current OSM major road geometry, not measured traffic volume or congestion."},"geometry":{"type":"LineString","coordinates":[[-74.001447,40.721252],[-74.0013892,40.7212238],[-74.0009335,40.7210015]]}},{"type":"Feature","properties":{"id":"lens-traffic-road-nyc-way/483707770","layer":"traffic_road","category":"transport","year":1983,"visible_year":2026,"rank":3,"name":"Church Street","source_id":"way/483707770","source_url":"https://www.openstreetmap.org/way/483707770","license":"ODbL","transport_raw":0.26,"transport_count":1,"transport_activity":0.511,"representation":"major-road transport-event activity","timing_note":"Road color is a three-year transport-event activity surface on current OSM major road geometry, not measured traffic volume or congestion."},"geometry":{"type":"LineString","coordinates":[[-74.008378,40.7143576],[-74.0083268,40.7144231],[-74.0079756,40.714872],[-74.007932,40.7149277]]}},{"type":"Feature","properties":{"id":"lens-traffic-road-nyc-way/986807784","layer":"traffic_road","category":"transport","year":1983,"visible_year":2026,"rank":3,"name":"Centre Street","source_id":"way/986807784","source_url":"https://www.openstreetmap.org/way/986807784","license":"ODbL","transport_raw":0.259,"transport_count":1,"transport_activity":0.511,"representation":"major-road transport-event activity","timing_note":"Road color is a three-year transport-event activity surface on current OSM major road geometry, not measured traffic volume or congestion."},"geometry":{"type":"LineString","coordinates":[[-74.0039898,40.71312],[-74.003933,40.7131782],[-74.0037255,40.7134052]]}},{"type":"Feature","properties":{"id":"lens-traffic-road-nyc-way/1032481038","layer":"traffic_road","category":"transport","year":1983,"visible_year":2026,"rank":4,"name":"Grand Street","source_id":"way/1032481038","source_url":"https://www.openstreetmap.org/way/1032481038","license":"ODbL","transport_raw":0.259,"transport_count":1,"transport_activity":0.51,"representation":"major-road transport-event activity","timing_note":"Road color is a three-year transport-event activity surface on current OSM major road geometry, not measured traffic volume or congestion."},"geometry":{"type":"LineString","coordinates":[[-74.0016857,40.7213678],[-74.0015177,40.7212863],[-74.001447,40.721252]]}},{"type":"Feature","properties":{"id":"lens-traffic-road-nyc-way/485056262","layer":"traffic_road","category":"transport","year":1983,"visible_year":2026,"rank":4,"name":"Laight Street","source_id":"way/485056262","source_url":"https://www.openstreetmap.org/way/485056262","license":"ODbL","transport_raw":0.255,"transport_count":1,"transport_activity":0.502,"representation":"major-road transport-event activity","timing_note":"Road color is a three-year transport-event activity surface on current OSM major road geometry, not measured traffic volume or congestion."},"geometry":{"type":"LineString","coordinates":[[-74.0053067,40.7217117],[-74.005192,40.721699],[-74.0050747,40.7216847]]}},{"type":"Feature","properties":{"id":"lens-traffic-road-nyc-way/584850104","layer":"traffic_road","category":"transport","year":1983,"visible_year":2026,"rank":4,"name":"Grand Street","source_id":"way/584850104","source_url":"https://www.openstreetmap.org/way/584850104","license":"ODbL","transport_raw":0.252,"transport_count":1,"transport_activity":0.496,"representation":"major-road transport-event activity","timing_note":"Road color is a three-year transport-event activity surface on current OSM major road geometry, not measured traffic volume or congestion."},"geometry":{"type":"LineString","coordinates":[[-74.0006622,40.7208456],[-74.0005745,40.7207765],[-73.9999221,40.7204646],[-73.9998645,40.7204371],[-73.9998063,40.7204093],[-73.999207,40.7201228],[-73.9991509,40.720096],[-73.999079,40.7200616]]}},{"type":"Feature","properties":{"id":"lens-traffic-road-nyc-way/485056263","layer":"traffic_road","category":"transport","year":1983,"visible_year":2026,"rank":4,"name":"Canal Street","source_id":"way/485056263","source_url":"https://www.openstreetmap.org/way/485056263","license":"ODbL","transport_raw":0.251,"transport_count":1,"transport_activity":0.494,"representation":"major-road transport-event activity","timing_note":"Road color is a three-year transport-event activity surface on current OSM major road geometry, not measured traffic volume or congestion."},"geometry":{"type":"LineString","coordinates":[[-74.0050747,40.7216847],[-74.0051094,40.7217094],[-74.0051506,40.7217387],[-74.0051918,40.721768],[-74.0053547,40.7218819]]}},{"type":"Feature","properties":{"id":"lens-traffic-road-nyc-way/1149695048","layer":"traffic_road","category":"transport","year":1983,"visible_year":2026,"rank":3,"name":"West Broadway","source_id":"way/1149695048","source_url":"https://www.openstreetmap.org/way/1149695048","license":"ODbL","transport_raw":0.25,"transport_count":1,"transport_activity":0.492,"representation":"major-road transport-event activity","timing_note":"Road color is a three-year transport-event activity surface on current OSM major road geometry, not measured traffic volume or congestion."},"geometry":{"type":"LineString","coordinates":[[-74.0046193,40.7213666],[-74.0045427,40.7214634],[-74.0043107,40.7217394],[-74.0038131,40.7223312],[-74.003768,40.722384]]}},{"type":"Feature","properties":{"id":"lens-traffic-road-nyc-way/541059722","layer":"traffic_road","category":"transport","year":1983,"visible_year":2024,"rank":5,"name":"Holland Tunnel Rotary","source_id":"way/541059722","source_url":"https://www.openstreetmap.org/way/541059722","license":"ODbL","transport_raw":0.249,"transport_count":1,"transport_activity":0.49,"representation":"major-road transport-event activity","timing_note":"Road color is a three-year transport-event activity surface on current OSM major road geometry, not measured traffic volume or congestion."},"geometry":{"type":"LineString","coordinates":[[-74.0078146,40.7209099],[-74.0077536,40.7208779],[-74.0076856,40.7208506],[-74.0076226,40.7208328],[-74.0075453,40.7208183]]}},{"type":"Feature","properties":{"id":"lens-traffic-road-nyc-way/68668546","layer":"traffic_road","category":"transport","year":1983,"visible_year":2026,"rank":4,"name":"Grand Street","source_id":"way/68668546","source_url":"https://www.openstreetmap.org/way/68668546","license":"ODbL","transport_raw":0.248,"transport_count":1,"transport_activity":0.489,"representation":"major-road transport-event activity","timing_note":"Road color is a three-year transport-event activity surface on current OSM major road geometry, not measured traffic volume or congestion."},"geometry":{"type":"LineString","coordinates":[[-74.002971,40.721995],[-74.0029128,40.7219668],[-74.0022738,40.7216536],[-74.0022085,40.7216214],[-74.0021546,40.7215949],[-74.0016857,40.7213678]]}},{"type":"Feature","properties":{"id":"lens-traffic-road-nyc-way/485056261","layer":"traffic_road","category":"transport","year":1983,"visible_year":2026,"rank":4.5,"name":"6th Avenue","source_id":"way/485056261","source_url":"https://www.openstreetmap.org/way/485056261","license":"ODbL","transport_raw":0.246,"transport_count":1,"transport_activity":0.484,"representation":"major-road transport-event activity","timing_note":"Road color is a three-year transport-event activity surface on current OSM major road geometry, not measured traffic volume or congestion."},"geometry":{"type":"LineString","coordinates":[[-74.0053067,40.7217117],[-74.0053547,40.7218819]]}},{"type":"Feature","properties":{"id":"lens-traffic-road-nyc-way/356140743","layer":"traffic_road","category":"transport","year":1983,"visible_year":2026,"rank":3,"name":"Centre Street","source_id":"way/356140743","source_url":"https://www.openstreetmap.org/way/356140743","license":"ODbL","transport_raw":0.243,"transport_count":1,"transport_activity":0.478,"representation":"major-road transport-event activity","timing_note":"Road color is a three-year transport-event activity surface on current OSM major road geometry, not measured traffic volume or congestion."},"geometry":{"type":"LineString","coordinates":[[-74.0042063,40.7128973],[-74.0040871,40.7130199],[-74.0039898,40.71312]]}},{"type":"Feature","properties":{"id":"lens-traffic-road-nyc-way/388695705","layer":"traffic_road","category":"transport","year":1983,"visible_year":2026,"rank":4,"name":"Canal Street","source_id":"way/388695705","source_url":"https://www.openstreetmap.org/way/388695705","license":"ODbL","transport_raw":0.242,"transport_count":1,"transport_activity":0.477,"representation":"major-road transport-event activity","timing_note":"Road color is a three-year transport-event activity surface on current OSM major road geometry, not measured traffic volume or congestion."},"geometry":{"type":"LineString","coordinates":[[-73.9977656,40.7168306],[-73.9978215,40.7168496],[-73.9985335,40.7170982],[-73.9985901,40.7171177]]}},{"type":"Feature","properties":{"id":"lens-traffic-road-nyc-way/356140737","layer":"traffic_road","category":"transport","year":1983,"visible_year":2026,"rank":3,"name":"Centre Street","source_id":"way/356140737","source_url":"https://www.openstreetmap.org/way/356140737","license":"ODbL","transport_raw":0.241,"transport_count":1,"transport_activity":0.476,"representation":"major-road transport-event activity","timing_note":"Road color is a three-year transport-event activity surface on current OSM major road geometry, not measured traffic volume or congestion."},"geometry":{"type":"LineString","coordinates":[[-74.004109,40.713155],[-74.004217,40.7130878],[-74.0045249,40.7127537]]}},{"type":"Feature","properties":{"id":"lens-traffic-road-nyc-way/342785522","layer":"traffic_road","category":"transport","year":1983,"visible_year":2026,"rank":4,"name":"Varick Street","source_id":"way/342785522","source_url":"https://www.openstreetmap.org/way/342785522","license":"ODbL","transport_raw":0.238,"transport_count":1,"transport_activity":0.469,"representation":"major-road transport-event activity","timing_note":"Road color is a three-year transport-event activity surface on current OSM major road geometry, not measured traffic volume or congestion."},"geometry":{"type":"LineString","coordinates":[[-74.0064418,40.7218075],[-74.0064674,40.7217269],[-74.006476,40.7216918],[-74.0064814,40.7216672],[-74.0065788,40.7211171]]}},{"type":"Feature","properties":{"id":"lens-traffic-road-nyc-way/5670932","layer":"traffic_road","category":"transport","year":1983,"visible_year":2026,"rank":4,"name":"Laight Street","source_id":"way/5670932","source_url":"https://www.openstreetmap.org/way/5670932","license":"ODbL","transport_raw":0.236,"transport_count":1,"transport_activity":0.466,"representation":"major-road transport-event activity","timing_note":"Road color is a three-year transport-event activity surface on current OSM major road geometry, not measured traffic volume or congestion."},"geometry":{"type":"LineString","coordinates":[[-74.0064418,40.7218075],[-74.0064013,40.7218157],[-74.0063556,40.721821],[-74.0063254,40.721822],[-74.0063016,40.72182],[-74.0057305,40.7217618],[-74.0055247,40.7217353],[-74.0054656,40.7217258],[-74.0053067,40.7217117]]}},{"type":"Feature","properties":{"id":"lens-traffic-road-nyc-way/1032481036","layer":"traffic_road","category":"transport","year":1983,"visible_year":2026,"rank":4,"name":"Grand Street","source_id":"way/1032481036","source_url":"https://www.openstreetmap.org/way/1032481036","license":"ODbL","transport_raw":0.232,"transport_count":1,"transport_activity":0.456,"representation":"major-road transport-event activity","timing_note":"Road color is a three-year transport-event activity surface on current OSM major road geometry, not measured traffic volume or congestion."},"geometry":{"type":"LineString","coordinates":[[-74.0032089,40.7221111],[-74.0030387,40.7220281],[-74.002971,40.721995]]}},{"type":"Feature","properties":{"id":"lens-traffic-road-nyc-way/439933951","layer":"traffic_road","category":"transport","year":1983,"visible_year":2026,"rank":3,"name":"West Broadway","source_id":"way/439933951","source_url":"https://www.openstreetmap.org/way/439933951","license":"ODbL","transport_raw":0.229,"transport_count":1,"transport_activity":0.451,"representation":"major-road transport-event activity","timing_note":"Road color is a three-year transport-event activity surface on current OSM major road geometry, not measured traffic volume or congestion."},"geometry":{"type":"LineString","coordinates":[[-74.0092468,40.7155294],[-74.0092713,40.715506],[-74.0092991,40.715478],[-74.0093271,40.7154465],[-74.0096564,40.7150303],[-74.0097093,40.7149648]]}},{"type":"Feature","properties":{"id":"lens-traffic-road-nyc-way/465255350","layer":"traffic_road","category":"transport","year":1983,"visible_year":2024,"rank":5,"name":"Holland Tunnel Rotary","source_id":"way/465255350","source_url":"https://www.openstreetmap.org/way/465255350","license":"ODbL","transport_raw":0.228,"transport_count":1,"transport_activity":0.45,"representation":"major-road transport-event activity","timing_note":"Road color is a three-year transport-event activity surface on current OSM major road geometry, not measured traffic volume or congestion."},"geometry":{"type":"LineString","coordinates":[[-74.0079995,40.7211998],[-74.0079922,40.7211577],[-74.0079848,40.7211232],[-74.0079728,40.721087],[-74.0079546,40.7210523],[-74.0079314,40.7210184],[-74.007907,40.7209892],[-74.0078662,40.7209496],[-74.0078146,40.7209099]]}},{"type":"Feature","properties":{"id":"lens-traffic-road-nyc-way/1111954748","layer":"traffic_road","category":"transport","year":1983,"visible_year":2026,"rank":3,"name":"Centre Street","source_id":"way/1111954748","source_url":"https://www.openstreetmap.org/way/1111954748","license":"ODbL","transport_raw":0.228,"transport_count":1,"transport_activity":0.449,"representation":"major-road transport-event activity","timing_note":"Road color is a three-year transport-event activity surface on current OSM major road geometry, not measured traffic volume or congestion."},"geometry":{"type":"LineString","coordinates":[[-74.0043573,40.7127409],[-74.0042063,40.7128973]]}},{"type":"Feature","properties":{"id":"lens-traffic-road-nyc-way/944692442","layer":"traffic_road","category":"transport","year":1983,"visible_year":2026,"rank":4,"name":"Grand Street","source_id":"way/944692442","source_url":"https://www.openstreetmap.org/way/944692442","license":"ODbL","transport_raw":0.227,"transport_count":1,"transport_activity":0.447,"representation":"major-road transport-event activity","timing_note":"Road color is a three-year transport-event activity surface on current OSM major road geometry, not measured traffic volume or congestion."},"geometry":{"type":"LineString","coordinates":[[-73.999079,40.7200616],[-73.9989897,40.7200189],[-73.9989628,40.7200061],[-73.9986688,40.7198655],[-73.9986056,40.7198353],[-73.9985742,40.7198203],[-73.9985146,40.7197918]]}},{"type":"Feature","properties":{"id":"lens-traffic-road-nyc-way/1317994764","layer":"traffic_road","category":"transport","year":1983,"visible_year":2026,"rank":4,"name":"Centre Street","source_id":"way/1317994764","source_url":"https://www.openstreetmap.org/way/1317994764","license":"ODbL","transport_raw":0.226,"transport_count":1,"transport_activity":0.446,"representation":"major-road transport-event activity","timing_note":"Road color is a three-year transport-event activity surface on current OSM major road geometry, not measured traffic volume or congestion."},"geometry":{"type":"LineString","coordinates":[[-73.9987423,40.7195174],[-73.9986022,40.7196895],[-73.9985722,40.7197239],[-73.9985445,40.719756],[-73.9985146,40.7197918]]}},{"type":"Feature","properties":{"id":"lens-traffic-road-nyc-way/1220650926","layer":"traffic_road","category":"transport","year":1983,"visible_year":2026,"rank":4,"name":"Varick Street","source_id":"way/1220650926","source_url":"https://www.openstreetmap.org/way/1220650926","license":"ODbL","transport_raw":0.223,"transport_count":1,"transport_activity":0.439,"representation":"major-road transport-event activity","timing_note":"Road color is a three-year transport-event activity surface on current OSM major road geometry, not measured traffic volume or congestion."},"geometry":{"type":"LineString","coordinates":[[-74.0064221,40.7218735],[-74.0064418,40.7218075]]}},{"type":"Feature","properties":{"id":"lens-traffic-road-nyc-way/196116978","layer":"traffic_road","category":"transport","year":1983,"visible_year":2026,"rank":3,"name":"Broadway","source_id":"way/196116978","source_url":"https://www.openstreetmap.org/way/196116978","license":"ODbL","transport_raw":0.222,"transport_count":1,"transport_activity":0.438,"representation":"major-road transport-event activity","timing_note":"Road color is a three-year transport-event activity surface on current OSM major road geometry, not measured traffic volume or congestion."},"geometry":{"type":"LineString","coordinates":[[-74.006753,40.713618],[-74.0068145,40.7135429],[-74.0071936,40.7130847],[-74.0072254,40.7130447]]}},{"type":"Feature","properties":{"id":"lens-traffic-road-nyc-way/1457886237","layer":"traffic_road","category":"transport","year":1983,"visible_year":2026,"rank":3,"name":"Centre Street","source_id":"way/1457886237","source_url":"https://www.openstreetmap.org/way/1457886237","license":"ODbL","transport_raw":0.219,"transport_count":1,"transport_activity":0.431,"representation":"major-road transport-event activity","timing_note":"Road color is a three-year transport-event activity surface on current OSM major road geometry, not measured traffic volume or congestion."},"geometry":{"type":"LineString","coordinates":[[-74.0044121,40.712668],[-74.0043573,40.7127409]]}},{"type":"Feature","properties":{"id":"lens-traffic-road-nyc-way/1032481034","layer":"traffic_road","category":"transport","year":1983,"visible_year":2026,"rank":4,"name":"Grand Street","source_id":"way/1032481034","source_url":"https://www.openstreetmap.org/way/1032481034","license":"ODbL","transport_raw":0.217,"transport_count":1,"transport_activity":0.428,"representation":"major-road transport-event activity","timing_note":"Road color is a three-year transport-event activity surface on current OSM major road geometry, not measured traffic volume or congestion."},"geometry":{"type":"LineString","coordinates":[[-74.003768,40.722384],[-74.0036883,40.7223451],[-74.0032089,40.7221111]]}},{"type":"Feature","properties":{"id":"lens-traffic-road-nyc-way/1221214222","layer":"traffic_road","category":"transport","year":1983,"visible_year":2026,"rank":5,"name":"Holland Tunnel Rotary","source_id":"way/1221214222","source_url":"https://www.openstreetmap.org/way/1221214222","license":"ODbL","transport_raw":0.217,"transport_count":1,"transport_activity":0.428,"representation":"major-road transport-event activity","timing_note":"Road color is a three-year transport-event activity surface on current OSM major road geometry, not measured traffic volume or congestion."},"geometry":{"type":"LineString","coordinates":[[-74.0065419,40.721998],[-74.0065638,40.7219453],[-74.0065913,40.7218938],[-74.0065971,40.7218854],[-74.0066222,40.7218487],[-74.0066608,40.7218072],[-74.0067161,40.7217593],[-74.0067668,40.7217241]]}},{"type":"Feature","properties":{"id":"lens-traffic-road-nyc-way/46139042","layer":"traffic_road","category":"transport","year":1983,"visible_year":2026,"rank":3,"name":"Hudson Street","source_id":"way/46139042","source_url":"https://www.openstreetmap.org/way/46139042","license":"ODbL","transport_raw":0.215,"transport_count":1,"transport_activity":0.423,"representation":"major-road transport-event activity","timing_note":"Road color is a three-year transport-event activity surface on current OSM major road geometry, not measured traffic volume or congestion."},"geometry":{"type":"LineString","coordinates":[[-74.0084726,40.7206149],[-74.0084479,40.7207428],[-74.0084206,40.7208934],[-74.0083543,40.7212692],[-74.0083435,40.7213306]]}},{"type":"Feature","properties":{"id":"lens-traffic-road-nyc-way/222299254","layer":"traffic_road","category":"transport","year":1983,"visible_year":2026,"rank":3,"name":"Church Street","source_id":"way/222299254","source_url":"https://www.openstreetmap.org/way/222299254","license":"ODbL","transport_raw":0.214,"transport_count":1,"transport_activity":0.422,"representation":"major-road transport-event activity","timing_note":"Road color is a three-year transport-event activity surface on current OSM major road geometry, not measured traffic volume or congestion."},"geometry":{"type":"LineString","coordinates":[[-74.0088231,40.7137935],[-74.0087773,40.7138513],[-74.0084745,40.7142351],[-74.0084248,40.7142983],[-74.008378,40.7143576]]}},{"type":"Feature","properties":{"id":"lens-traffic-road-nyc-way/263563003","layer":"traffic_road","category":"transport","year":1983,"visible_year":2023,"rank":5,"name":"Holland Tunnel Rotary","source_id":"way/263563003","source_url":"https://www.openstreetmap.org/way/263563003","license":"ODbL","transport_raw":0.214,"transport_count":1,"transport_activity":0.422,"representation":"major-road transport-event activity","timing_note":"Road color is a three-year transport-event activity surface on current OSM major road geometry, not measured traffic volume or congestion."},"geometry":{"type":"LineString","coordinates":[[-74.0067668,40.7217241],[-74.0068309,40.7216914],[-74.0068965,40.7216642],[-74.0069544,40.7216444],[-74.0070259,40.7216296],[-74.0070953,40.7216216],[-74.0071716,40.7216172],[-74.0073152,40.7216171],[-74.0074637,40.7216178],[-74.0075326,40.7216126],[-74.0075986,40.721604],[-74.0076552,40.7215909],[-74.0077059,40.7215742],[-74.0077582,40.7215516],[-74.0078026,40.7215274],[-74.0078471,40.7214979]]}},{"type":"Feature","properties":{"id":"lens-traffic-road-nyc-way/968737544","layer":"traffic_road","category":"transport","year":1983,"visible_year":2026,"rank":3,"name":"Broadway","source_id":"way/968737544","source_url":"https://www.openstreetmap.org/way/968737544","license":"ODbL","transport_raw":0.214,"transport_count":1,"transport_activity":0.421,"representation":"major-road transport-event activity","timing_note":"Road color is a three-year transport-event activity surface on current OSM major road geometry, not measured traffic volume or congestion."},"geometry":{"type":"LineString","coordinates":[[-73.9998623,40.7217942],[-73.9999205,40.7217278],[-74.0000212,40.7216111],[-74.0006132,40.7209046],[-74.0006622,40.7208456]]}},{"type":"Feature","properties":{"id":"lens-traffic-road-nyc-way/1043517682","layer":"traffic_road","category":"transport","year":1983,"visible_year":2026,"rank":3,"name":"Centre Street","source_id":"way/1043517682","source_url":"https://www.openstreetmap.org/way/1043517682","license":"ODbL","transport_raw":0.213,"transport_count":1,"transport_activity":0.419,"representation":"major-road transport-event activity","timing_note":"Road color is a three-year transport-event activity surface on current OSM major road geometry, not measured traffic volume or congestion."},"geometry":{"type":"LineString","coordinates":[[-74.0045249,40.7127537],[-74.0046123,40.7126656],[-74.0048136,40.7124983]]}},{"type":"Feature","properties":{"id":"lens-traffic-road-nyc-way/539024460","layer":"traffic_road","category":"transport","year":1983,"visible_year":2026,"rank":4.5,"name":"6th Avenue","source_id":"way/539024460","source_url":"https://www.openstreetmap.org/way/539024460","license":"ODbL","transport_raw":0.211,"transport_count":1,"transport_activity":0.416,"representation":"major-road transport-event activity","timing_note":"Road color is a three-year transport-event activity surface on current OSM major road geometry, not measured traffic volume or congestion."},"geometry":{"type":"LineString","coordinates":[[-74.0053547,40.7218819],[-74.0053688,40.7219233],[-74.0053816,40.7219867],[-74.0053854,40.7220638],[-74.005386,40.7220752],[-74.0053809,40.7221176],[-74.0053623,40.7222252],[-74.0052551,40.7225214],[-74.0050973,40.7229158],[-74.0050623,40.7230023]]}},{"type":"Feature","properties":{"id":"lens-traffic-road-nyc-way/127690685","layer":"traffic_road","category":"transport","year":1983,"visible_year":2026,"rank":3,"name":"Chambers Street","source_id":"way/127690685","source_url":"https://www.openstreetmap.org/way/127690685","license":"ODbL","transport_raw":0.21,"transport_count":1,"transport_activity":0.415,"representation":"major-road transport-event activity","timing_note":"Road color is a three-year transport-event activity surface on current OSM major road geometry, not measured traffic volume or congestion."},"geometry":{"type":"LineString","coordinates":[[-74.0092468,40.7155294],[-74.0093661,40.7155843],[-74.0108485,40.7162697],[-74.0109232,40.7163041]]}},{"type":"Feature","properties":{"id":"lens-traffic-road-nyc-way/439842823","layer":"traffic_road","category":"transport","year":1983,"visible_year":2026,"rank":3,"name":"Grand Street","source_id":"way/439842823","source_url":"https://www.openstreetmap.org/way/439842823","license":"ODbL","transport_raw":0.211,"transport_count":1,"transport_activity":0.415,"representation":"major-road transport-event activity","timing_note":"Road color is a three-year transport-event activity surface on current OSM major road geometry, not measured traffic volume or congestion."},"geometry":{"type":"LineString","coordinates":[[-73.9985146,40.7197918],[-73.9984348,40.7197537],[-73.9982207,40.7196513],[-73.9981621,40.7196233],[-73.998086,40.7195928]]}},{"type":"Feature","properties":{"id":"lens-traffic-road-nyc-way/997455683","layer":"traffic_road","category":"transport","year":1983,"visible_year":2023,"rank":5,"name":"Holland Tunnel Rotary","source_id":"way/997455683","source_url":"https://www.openstreetmap.org/way/997455683","license":"ODbL","transport_raw":0.21,"transport_count":1,"transport_activity":0.414,"representation":"major-road transport-event activity","timing_note":"Road color is a three-year transport-event activity surface on current OSM major road geometry, not measured traffic volume or congestion."},"geometry":{"type":"LineString","coordinates":[[-74.0078471,40.7214979],[-74.0078807,40.7214697],[-74.007912,40.7214384],[-74.0079363,40.721408],[-74.0079546,40.7213785],[-74.0079723,40.721345],[-74.0079862,40.7213081],[-74.0079952,40.7212674],[-74.0079986,40.721233],[-74.0079995,40.7211998]]}},{"type":"Feature","properties":{"id":"lens-traffic-road-nyc-way/1317337765","layer":"traffic_road","category":"transport","year":1983,"visible_year":2026,"rank":4,"name":"Canal Street","source_id":"way/1317337765","source_url":"https://www.openstreetmap.org/way/1317337765","license":"ODbL","transport_raw":0.208,"transport_count":1,"transport_activity":0.411,"representation":"major-road transport-event activity","timing_note":"Road color is a three-year transport-event activity surface on current OSM major road geometry, not measured traffic volume or congestion."},"geometry":{"type":"LineString","coordinates":[[-73.9977656,40.7168306],[-73.9977142,40.7168124],[-73.9973905,40.7166956]]}},{"type":"Feature","properties":{"id":"lens-traffic-road-nyc-way/438901427","layer":"traffic_road","category":"transport","year":1983,"visible_year":2026,"rank":4,"name":"Canal Street","source_id":"way/438901427","source_url":"https://www.openstreetmap.org/way/438901427","license":"ODbL","transport_raw":0.209,"transport_count":1,"transport_activity":0.411,"representation":"major-road transport-event activity","timing_note":"Road color is a three-year transport-event activity surface on current OSM major road geometry, not measured traffic volume or congestion."},"geometry":{"type":"LineString","coordinates":[[-74.0053547,40.7218819],[-74.0055222,40.7219973],[-74.0055704,40.7220323],[-74.005899,40.7222714],[-74.006205,40.7224876],[-74.006317,40.7225692]]}},{"type":"Feature","properties":{"id":"lens-traffic-road-nyc-way/485056260","layer":"traffic_road","category":"transport","year":1983,"visible_year":2026,"rank":4,"name":"Varick Street","source_id":"way/485056260","source_url":"https://www.openstreetmap.org/way/485056260","license":"ODbL","transport_raw":0.205,"transport_count":1,"transport_activity":0.403,"representation":"major-road transport-event activity","timing_note":"Road color is a three-year transport-event activity surface on current OSM major road geometry, not measured traffic volume or congestion."},"geometry":{"type":"LineString","coordinates":[[-74.0063441,40.7223558],[-74.0063495,40.7223134],[-74.006411,40.7219201],[-74.0064221,40.7218735]]}},{"type":"Feature","properties":{"id":"lens-traffic-road-nyc-way/944692441","layer":"traffic_road","category":"transport","year":1983,"visible_year":2026,"rank":4,"name":"Lafayette Street","source_id":"way/944692441","source_url":"https://www.openstreetmap.org/way/944692441","license":"ODbL","transport_raw":0.2,"transport_count":1,"transport_activity":0.394,"representation":"major-road transport-event activity","timing_note":"Road color is a three-year transport-event activity surface on current OSM major road geometry, not measured traffic volume or congestion."},"geometry":{"type":"LineString","coordinates":[[-73.9982238,40.7210819],[-73.9982756,40.7210092],[-73.9989885,40.7201618],[-73.9990267,40.7201191],[-73.999079,40.7200616]]}},{"type":"Feature","properties":{"id":"lens-traffic-road-nyc-way/1497537775","layer":"traffic_road","category":"transport","year":1983,"visible_year":2026,"rank":3,"name":"Centre Street","source_id":"way/1497537775","source_url":"https://www.openstreetmap.org/way/1497537775","license":"ODbL","transport_raw":0.2,"transport_count":1,"transport_activity":0.393,"representation":"major-road transport-event activity","timing_note":"Road color is a three-year transport-event activity surface on current OSM major road geometry, not measured traffic volume or congestion."},"geometry":{"type":"LineString","coordinates":[[-74.0048136,40.7124983],[-74.0048471,40.7124757],[-74.0048649,40.7124645]]}},{"type":"Feature","properties":{"id":"lens-traffic-road-nyc-way/584850103","layer":"traffic_road","category":"transport","year":1983,"visible_year":2026,"rank":4,"name":"Centre Street","source_id":"way/584850103","source_url":"https://www.openstreetmap.org/way/584850103","license":"ODbL","transport_raw":0.198,"transport_count":1,"transport_activity":0.39,"representation":"major-road transport-event activity","timing_note":"Road color is a three-year transport-event activity surface on current OSM major road geometry, not measured traffic volume or congestion."},"geometry":{"type":"LineString","coordinates":[[-73.9985146,40.7197918],[-73.9984675,40.7198476],[-73.998296,40.7200454],[-73.9978879,40.7205076]]}},{"type":"Feature","properties":{"id":"lens-traffic-road-nyc-way/1238347039","layer":"traffic_road","category":"transport","year":1983,"visible_year":2026,"rank":3,"name":"Centre Street","source_id":"way/1238347039","source_url":"https://www.openstreetmap.org/way/1238347039","license":"ODbL","transport_raw":0.196,"transport_count":1,"transport_activity":0.387,"representation":"major-road transport-event activity","timing_note":"Road color is a three-year transport-event activity surface on current OSM major road geometry, not measured traffic volume or congestion."},"geometry":{"type":"LineString","coordinates":[[-74.0048649,40.7124645],[-74.004865,40.712415]]}},{"type":"Feature","properties":{"id":"lens-traffic-road-nyc-way/25026344","layer":"traffic_road","category":"transport","year":1983,"visible_year":2026,"rank":3,"name":"Murray Street","source_id":"way/25026344","source_url":"https://www.openstreetmap.org/way/25026344","license":"ODbL","transport_raw":0.196,"transport_count":1,"transport_activity":0.386,"representation":"major-road transport-event activity","timing_note":"Road color is a three-year transport-event activity surface on current OSM major road geometry, not measured traffic volume or congestion."},"geometry":{"type":"LineString","coordinates":[[-74.0072254,40.7130447],[-74.0073505,40.7131034],[-74.0087211,40.7137468],[-74.0088231,40.7137935]]}},{"type":"Feature","properties":{"id":"lens-traffic-road-nyc-way/32922453","layer":"traffic_road","category":"transport","year":1983,"visible_year":2026,"rank":3,"name":"Centre Street","source_id":"way/32922453","source_url":"https://www.openstreetmap.org/way/32922453","license":"ODbL","transport_raw":0.193,"transport_count":1,"transport_activity":0.381,"representation":"major-road transport-event activity","timing_note":"Road color is a three-year transport-event activity surface on current OSM major road geometry, not measured traffic volume or congestion."},"geometry":{"type":"LineString","coordinates":[[-74.0040736,40.7119599],[-74.0041712,40.7120316],[-74.0043087,40.7121397],[-74.0043536,40.7121788],[-74.0043944,40.712218],[-74.0044293,40.7122539],[-74.0044576,40.712306],[-74.0044764,40.7123604],[-74.0044845,40.7124126],[-74.0044837,40.7124606],[-74.0044805,40.7124942],[-74.0044698,40.7125422],[-74.0044523,40.7125934],[-74.0044428,40.7126209],[-74.0044326,40.7126357],[-74.0044121,40.712668]]}},{"type":"Feature","properties":{"id":"lens-traffic-road-nyc-way/95181773","layer":"traffic_road","category":"transport","year":1983,"visible_year":2026,"rank":3,"name":"Hudson Street","source_id":"way/95181773","source_url":"https://www.openstreetmap.org/way/95181773","license":"ODbL","transport_raw":0.189,"transport_count":1,"transport_activity":0.373,"representation":"major-road transport-event activity","timing_note":"Road color is a three-year transport-event activity surface on current OSM major road geometry, not measured traffic volume or congestion."},"geometry":{"type":"LineString","coordinates":[[-74.0083435,40.7213306],[-74.008388,40.7214056],[-74.0083526,40.7216384]]}},{"type":"Feature","properties":{"id":"lens-traffic-road-nyc-way/5669636","layer":"traffic_road","category":"transport","year":1983,"visible_year":2026,"rank":3,"name":"Centre Street","source_id":"way/5669636","source_url":"https://www.openstreetmap.org/way/5669636","license":"ODbL","transport_raw":0.188,"transport_count":1,"transport_activity":0.371,"representation":"major-road transport-event activity","timing_note":"Road color is a three-year transport-event activity surface on current OSM major road geometry, not measured traffic volume or congestion."},"geometry":{"type":"LineString","coordinates":[[-74.004865,40.712415],[-74.0048616,40.7123954],[-74.0048558,40.7123775],[-74.004845,40.7123625],[-74.0044702,40.7120623]]}},{"type":"Feature","properties":{"id":"lens-traffic-road-nyc-way/1220650925","layer":"traffic_road","category":"transport","year":1983,"visible_year":2026,"rank":4,"name":"Varick Street","source_id":"way/1220650925","source_url":"https://www.openstreetmap.org/way/1220650925","license":"ODbL","transport_raw":0.182,"transport_count":1,"transport_activity":0.358,"representation":"major-road transport-event activity","timing_note":"Road color is a three-year transport-event activity surface on current OSM major road geometry, not measured traffic volume or congestion."},"geometry":{"type":"LineString","coordinates":[[-74.006317,40.7225692],[-74.0063341,40.7224303],[-74.0063441,40.7223558]]}},{"type":"Feature","properties":{"id":"lens-traffic-road-nyc-way/1449408227","layer":"traffic_road","category":"transport","year":1983,"visible_year":2026,"rank":3,"name":"Hudson Street","source_id":"way/1449408227","source_url":"https://www.openstreetmap.org/way/1449408227","license":"ODbL","transport_raw":0.182,"transport_count":1,"transport_activity":0.358,"representation":"major-road transport-event activity","timing_note":"Road color is a three-year transport-event activity surface on current OSM major road geometry, not measured traffic volume or congestion."},"geometry":{"type":"LineString","coordinates":[[-74.0083435,40.7213306],[-74.00829,40.7214061],[-74.0082121,40.7218814],[-74.0081991,40.7219758]]}},{"type":"Feature","properties":{"id":"lens-traffic-road-nyc-way/1149017114","layer":"traffic_road","category":"transport","year":1983,"visible_year":2026,"rank":3,"name":"Church Street","source_id":"way/1149017114","source_url":"https://www.openstreetmap.org/way/1149017114","license":"ODbL","transport_raw":0.181,"transport_count":1,"transport_activity":0.357,"representation":"major-road transport-event activity","timing_note":"Road color is a three-year transport-event activity surface on current OSM major road geometry, not measured traffic volume or congestion."},"geometry":{"type":"LineString","coordinates":[[-74.0089506,40.7136354],[-74.0088674,40.713739],[-74.0088231,40.7137935]]}},{"type":"Feature","properties":{"id":"lens-traffic-road-nyc-way/539024459","layer":"traffic_road","category":"transport","year":1983,"visible_year":2026,"rank":4,"name":"Grand Street","source_id":"way/539024459","source_url":"https://www.openstreetmap.org/way/539024459","license":"ODbL","transport_raw":0.18,"transport_count":1,"transport_activity":0.354,"representation":"major-road transport-event activity","timing_note":"Road color is a three-year transport-event activity surface on current OSM major road geometry, not measured traffic volume or congestion."},"geometry":{"type":"LineString","coordinates":[[-74.0051966,40.7230294],[-74.0050623,40.7230023],[-74.0049216,40.7229617],[-74.0048836,40.7229508],[-74.0044968,40.722763],[-74.0044383,40.7227332],[-74.0043752,40.7227013],[-74.0038568,40.7224316],[-74.003768,40.722384]]}},{"type":"Feature","properties":{"id":"lens-traffic-road-nyc-way/420358887","layer":"traffic_road","category":"transport","year":1983,"visible_year":2026,"rank":4,"name":"Canal Street","source_id":"way/420358887","source_url":"https://www.openstreetmap.org/way/420358887","license":"ODbL","transport_raw":0.179,"transport_count":1,"transport_activity":0.353,"representation":"major-road transport-event activity","timing_note":"Road color is a three-year transport-event activity surface on current OSM major road geometry, not measured traffic volume or congestion."},"geometry":{"type":"LineString","coordinates":[[-73.9973905,40.7166956],[-73.9970433,40.7165704],[-73.9969875,40.7165497]]}},{"type":"Feature","properties":{"id":"lens-traffic-road-nyc-way/46171887","layer":"traffic_road","category":"transport","year":1983,"visible_year":2026,"rank":3,"name":"West Broadway","source_id":"way/46171887","source_url":"https://www.openstreetmap.org/way/46171887","license":"ODbL","transport_raw":0.178,"transport_count":1,"transport_activity":0.351,"representation":"major-road transport-event activity","timing_note":"Road color is a three-year transport-event activity surface on current OSM major road geometry, not measured traffic volume or congestion."},"geometry":{"type":"LineString","coordinates":[[-74.0097093,40.7149648],[-74.0097537,40.7149112],[-74.0097936,40.7148609],[-74.0101042,40.714459],[-74.0101245,40.714437],[-74.010163,40.7143998]]}},{"type":"Feature","properties":{"id":"lens-traffic-road-nyc-way/222299272","layer":"traffic_road","category":"transport","year":1983,"visible_year":2026,"rank":3,"name":"Murray Street","source_id":"way/222299272","source_url":"https://www.openstreetmap.org/way/222299272","license":"ODbL","transport_raw":0.174,"transport_count":1,"transport_activity":0.343,"representation":"major-road transport-event activity","timing_note":"Road color is a three-year transport-event activity surface on current OSM major road geometry, not measured traffic volume or congestion."},"geometry":{"type":"LineString","coordinates":[[-74.0088231,40.7137935],[-74.0089559,40.7138544],[-74.0100342,40.7143407],[-74.010163,40.7143998]]}},{"type":"Feature","properties":{"id":"lens-traffic-road-nyc-way/5669279","layer":"traffic_road","category":"transport","year":1983,"visible_year":2026,"rank":5,"name":"Holland Tunnel Rotary","source_id":"way/5669279","source_url":"https://www.openstreetmap.org/way/5669279","license":"ODbL","transport_raw":0.174,"transport_count":1,"transport_activity":0.343,"representation":"major-road transport-event activity","timing_note":"Road color is a three-year transport-event activity surface on current OSM major road geometry, not measured traffic volume or congestion."},"geometry":{"type":"LineString","coordinates":[[-74.0077737,40.7233722],[-74.0077307,40.7233407],[-74.0066998,40.7226062],[-74.0066545,40.7225695],[-74.0066172,40.7225355],[-74.0065926,40.7225091],[-74.0065752,40.7224917],[-74.0065515,40.7224462],[-74.0065373,40.7224157],[-74.0065252,40.7223792],[-74.0065142,40.7223218],[-74.0065082,40.7222655],[-74.0065056,40.7222089],[-74.0065082,40.72216],[-74.0065135,40.7221085],[-74.0065255,40.722055],[-74.0065419,40.721998]]}},{"type":"Feature","properties":{"id":"lens-traffic-road-nyc-way/1061993519","layer":"traffic_road","category":"transport","year":1983,"visible_year":2026,"rank":3,"name":"Broadway","source_id":"way/1061993519","source_url":"https://www.openstreetmap.org/way/1061993519","license":"ODbL","transport_raw":0.174,"transport_count":1,"transport_activity":0.342,"representation":"major-road transport-event activity","timing_note":"Road color is a three-year transport-event activity surface on current OSM major road geometry, not measured traffic volume or congestion."},"geometry":{"type":"LineString","coordinates":[[-74.0072254,40.7130447],[-74.0073003,40.7129586],[-74.007408,40.7128347],[-74.0075319,40.7126923],[-74.0075952,40.7126176],[-74.0076683,40.712544]]}},{"type":"Feature","properties":{"id":"lens-traffic-road-nyc-way/1317511660","layer":"traffic_road","category":"transport","year":1983,"visible_year":2026,"rank":3,"name":"Park Row","source_id":"way/1317511660","source_url":"https://www.openstreetmap.org/way/1317511660","license":"ODbL","transport_raw":0.17,"transport_count":1,"transport_activity":0.335,"representation":"major-road transport-event activity","timing_note":"Road color is a three-year transport-event activity surface on current OSM major road geometry, not measured traffic volume or congestion."},"geometry":{"type":"LineString","coordinates":[[-74.0051846,40.7121568],[-74.0052544,40.7121649],[-74.0053318,40.7121687],[-74.0053995,40.7121685],[-74.0054722,40.7121635],[-74.00554,40.7121552],[-74.0056161,40.7121442],[-74.0056926,40.7121302]]}},{"type":"Feature","properties":{"id":"lens-traffic-road-nyc-way/1342249125","layer":"traffic_road","category":"transport","year":1983,"visible_year":2026,"rank":3,"name":"Hudson Street","source_id":"way/1342249125","source_url":"https://www.openstreetmap.org/way/1342249125","license":"ODbL","transport_raw":0.168,"transport_count":1,"transport_activity":0.331,"representation":"major-road transport-event activity","timing_note":"Road color is a three-year transport-event activity surface on current OSM major road geometry, not measured traffic volume or congestion."},"geometry":{"type":"LineString","coordinates":[[-74.0083526,40.7216384],[-74.0082992,40.7219109],[-74.008287,40.7219884]]}},{"type":"Feature","properties":{"id":"lens-traffic-road-nyc-way/46348767","layer":"traffic_road","category":"transport","year":1983,"visible_year":2026,"rank":4,"name":"Broome Street","source_id":"way/46348767","source_url":"https://www.openstreetmap.org/way/46348767","license":"ODbL","transport_raw":0.168,"transport_count":1,"transport_activity":0.331,"representation":"major-road transport-event activity","timing_note":"Road color is a three-year transport-event activity surface on current OSM major road geometry, not measured traffic volume or congestion."},"geometry":{"type":"LineString","coordinates":[[-73.9982238,40.7210819],[-73.9982994,40.7211144],[-73.9989227,40.7213818],[-73.998968,40.7213999],[-73.9990287,40.7214242],[-73.9990956,40.721451],[-73.999123,40.721462],[-73.999721,40.7217206],[-73.9997607,40.7217413],[-73.9998623,40.7217942]]}},{"type":"Feature","properties":{"id":"lens-traffic-road-nyc-way/1149017145","layer":"traffic_road","category":"transport","year":1983,"visible_year":2026,"rank":3,"name":"Church Street","source_id":"way/1149017145","source_url":"https://www.openstreetmap.org/way/1149017145","license":"ODbL","transport_raw":0.167,"transport_count":1,"transport_activity":0.328,"representation":"major-road transport-event activity","timing_note":"Road color is a three-year transport-event activity surface on current OSM major road geometry, not measured traffic volume or congestion."},"geometry":{"type":"LineString","coordinates":[[-74.0090814,40.7134683],[-74.0089506,40.7136354]]}},{"type":"Feature","properties":{"id":"lens-traffic-road-nyc-way/968737543","layer":"traffic_road","category":"transport","year":1983,"visible_year":2026,"rank":4,"name":"Broome Street","source_id":"way/968737543","source_url":"https://www.openstreetmap.org/way/968737543","license":"ODbL","transport_raw":0.166,"transport_count":1,"transport_activity":0.326,"representation":"major-road transport-event activity","timing_note":"Road color is a three-year transport-event activity surface on current OSM major road geometry, not measured traffic volume or congestion."},"geometry":{"type":"LineString","coordinates":[[-73.9998623,40.7217942],[-73.9999528,40.7218415],[-73.9999806,40.721856],[-74.0005533,40.7221395],[-74.000608,40.7221666],[-74.0006646,40.7221954],[-74.000718,40.7222213],[-74.0013158,40.7225152],[-74.0013565,40.7225352],[-74.0014195,40.7225657],[-74.0014771,40.7225945],[-74.0020653,40.7228839],[-74.0021116,40.7229067],[-74.0021789,40.7229396],[-74.00223,40.7229649],[-74.0028353,40.7232627],[-74.0028802,40.7232839],[-74.0029023,40.7232928],[-74.0029318,40.7233034],[-74.0029612,40.723311],[-74.0029951,40.7233168]]}},{"type":"Feature","properties":{"id":"lens-traffic-road-nyc-way/122660459","layer":"traffic_road","category":"transport","year":1983,"visible_year":2026,"rank":3,"name":"Centre Street","source_id":"way/122660459","source_url":"https://www.openstreetmap.org/way/122660459","license":"ODbL","transport_raw":0.165,"transport_count":1,"transport_activity":0.325,"representation":"major-road transport-event activity","timing_note":"Road color is a three-year transport-event activity surface on current OSM major road geometry, not measured traffic volume or congestion."},"geometry":{"type":"LineString","coordinates":[[-74.0044702,40.7120623],[-74.0042694,40.7119069]]}},{"type":"Feature","properties":{"id":"lens-traffic-road-nyc-way/1268097052","layer":"traffic_road","category":"transport","year":1983,"visible_year":2026,"rank":4,"name":"Canal Street","source_id":"way/1268097052","source_url":"https://www.openstreetmap.org/way/1268097052","license":"ODbL","transport_raw":0.162,"transport_count":1,"transport_activity":0.319,"representation":"major-road transport-event activity","timing_note":"Road color is a three-year transport-event activity surface on current OSM major road geometry, not measured traffic volume or congestion."},"geometry":{"type":"LineString","coordinates":[[-73.9969875,40.7165497],[-73.9969429,40.7165097],[-73.9969164,40.7164861],[-73.9968842,40.7164666],[-73.996619,40.7163682]]}},{"type":"Feature","properties":{"id":"lens-traffic-road-nyc-way/1396464324","layer":"traffic_road","category":"transport","year":1983,"visible_year":2026,"rank":3,"name":"Centre Street","source_id":"way/1396464324","source_url":"https://www.openstreetmap.org/way/1396464324","license":"ODbL","transport_raw":0.162,"transport_count":1,"transport_activity":0.319,"representation":"major-road transport-event activity","timing_note":"Road color is a three-year transport-event activity surface on current OSM major road geometry, not measured traffic volume or congestion."},"geometry":{"type":"LineString","coordinates":[[-74.0040307,40.7119279],[-74.0040736,40.7119599]]}},{"type":"Feature","properties":{"id":"lens-traffic-road-nyc-way/1449408228","layer":"traffic_road","category":"transport","year":1983,"visible_year":2026,"rank":4,"name":"Laight Street","source_id":"way/1449408228","source_url":"https://www.openstreetmap.org/way/1449408228","license":"ODbL","transport_raw":0.162,"transport_count":1,"transport_activity":0.319,"representation":"major-road transport-event activity","timing_note":"Road color is a three-year transport-event activity surface on current OSM major road geometry, not measured traffic volume or congestion."},"geometry":{"type":"LineString","coordinates":[[-74.0081991,40.7219758],[-74.008287,40.7219884]]}},{"type":"Feature","properties":{"id":"lens-traffic-road-nyc-way/421832643","layer":"traffic_road","category":"transport","year":1983,"visible_year":2026,"rank":3,"name":"Varick Street","source_id":"way/421832643","source_url":"https://www.openstreetmap.org/way/421832643","license":"ODbL","transport_raw":0.161,"transport_count":1,"transport_activity":0.318,"representation":"major-road transport-event activity","timing_note":"Road color is a three-year transport-event activity surface on current OSM major road geometry, not measured traffic volume or congestion."},"geometry":{"type":"LineString","coordinates":[[-74.0062383,40.722986],[-74.0062965,40.7226999],[-74.006317,40.7225692]]}},{"type":"Feature","properties":{"id":"lens-traffic-road-nyc-way/420888150","layer":"traffic_road","category":"transport","year":1983,"visible_year":2026,"rank":3,"name":"Park Row","source_id":"way/420888150","source_url":"https://www.openstreetmap.org/way/420888150","license":"ODbL","transport_raw":0.161,"transport_count":1,"transport_activity":0.317,"representation":"major-road transport-event activity","timing_note":"Road color is a three-year transport-event activity surface on current OSM major road geometry, not measured traffic volume or congestion."},"geometry":{"type":"LineString","coordinates":[[-74.0038751,40.7119017],[-74.0040248,40.711867],[-74.0040734,40.7118567],[-74.0041127,40.7118481],[-74.0041514,40.7118413],[-74.0041974,40.7118363],[-74.0042395,40.7118341],[-74.0042846,40.7118342],[-74.0043413,40.7118389],[-74.0043862,40.7118454],[-74.0044285,40.7118535],[-74.0044756,40.7118652],[-74.0045257,40.7118802],[-74.0045687,40.7118957],[-74.0046085,40.7119119],[-74.0046458,40.7119298],[-74.0048931,40.7120666],[-74.0049337,40.7120858],[-74.0049835,40.712104],[-74.0050343,40.7121219],[-74.0050884,40.7121373],[-74.0051394,40.7121494],[-74.0051846,40.7121568]]}},{"type":"Feature","properties":{"id":"lens-traffic-road-nyc-way/420888147","layer":"traffic_road","category":"transport","year":1983,"visible_year":2026,"rank":3,"name":"Park Row","source_id":"way/420888147","source_url":"https://www.openstreetmap.org/way/420888147","license":"ODbL","transport_raw":0.158,"transport_count":1,"transport_activity":0.312,"representation":"major-road transport-event activity","timing_note":"Road color is a three-year transport-event activity surface on current OSM major road geometry, not measured traffic volume or congestion."},"geometry":{"type":"LineString","coordinates":[[-74.0056926,40.7121302],[-74.0057576,40.7121132],[-74.0060334,40.7120467],[-74.0061073,40.712031]]}},{"type":"Feature","properties":{"id":"lens-traffic-road-nyc-way/520532096","layer":"traffic_road","category":"transport","year":1983,"visible_year":2026,"rank":3,"name":"Park Row","source_id":"way/520532096","source_url":"https://www.openstreetmap.org/way/520532096","license":"ODbL","transport_raw":0.157,"transport_count":1,"transport_activity":0.31,"representation":"major-road transport-event activity","timing_note":"Road color is a three-year transport-event activity surface on current OSM major road geometry, not measured traffic volume or congestion."},"geometry":{"type":"LineString","coordinates":[[-74.0055245,40.711991],[-74.0054892,40.711998],[-74.0053946,40.712013],[-74.0053491,40.7120155],[-74.0053128,40.712013],[-74.0052699,40.7120075],[-74.0052297,40.711996],[-74.0051919,40.7119812],[-74.0051474,40.7119565],[-74.005097,40.7119272],[-74.0050865,40.7119211],[-74.0049982,40.711866],[-74.0047759,40.7117274]]}},{"type":"Feature","properties":{"id":"lens-traffic-road-nyc-way/1396464325","layer":"traffic_road","category":"transport","year":1983,"visible_year":2026,"rank":3,"name":"Brooklyn Bridge","source_id":"way/1396464325","source_url":"https://www.openstreetmap.org/way/1396464325","license":"ODbL","transport_raw":0.156,"transport_count":1,"transport_activity":0.307,"representation":"major-road transport-event activity","timing_note":"Road color is a three-year transport-event activity surface on current OSM major road geometry, not measured traffic volume or congestion."},"geometry":{"type":"LineString","coordinates":[[-74.0038627,40.7117892],[-74.0040307,40.7119279]]}},{"type":"Feature","properties":{"id":"lens-traffic-road-nyc-way/1149017144","layer":"traffic_road","category":"transport","year":1983,"visible_year":2026,"rank":3,"name":"Church Street","source_id":"way/1149017144","source_url":"https://www.openstreetmap.org/way/1149017144","license":"ODbL","transport_raw":0.155,"transport_count":1,"transport_activity":0.305,"representation":"major-road transport-event activity","timing_note":"Road color is a three-year transport-event activity surface on current OSM major road geometry, not measured traffic volume or congestion."},"geometry":{"type":"LineString","coordinates":[[-74.0091603,40.7133659],[-74.0090814,40.7134683]]}},{"type":"Feature","properties":{"id":"lens-traffic-road-nyc-way/653406301","layer":"traffic_road","category":"transport","year":1983,"visible_year":2026,"rank":4,"name":"Canal Street","source_id":"way/653406301","source_url":"https://www.openstreetmap.org/way/653406301","license":"ODbL","transport_raw":0.154,"transport_count":1,"transport_activity":0.304,"representation":"major-road transport-event activity","timing_note":"Road color is a three-year transport-event activity surface on current OSM major road geometry, not measured traffic volume or congestion."},"geometry":{"type":"LineString","coordinates":[[-74.006317,40.7225692],[-74.0064487,40.722656],[-74.0070487,40.7230756]]}},{"type":"Feature","properties":{"id":"lens-traffic-road-nyc-way/1334212775","layer":"traffic_road","category":"transport","year":1983,"visible_year":2026,"rank":3,"name":"Park Row","source_id":"way/1334212775","source_url":"https://www.openstreetmap.org/way/1334212775","license":"ODbL","transport_raw":0.153,"transport_count":1,"transport_activity":0.301,"representation":"major-road transport-event activity","timing_note":"Road color is a three-year transport-event activity surface on current OSM major road geometry, not measured traffic volume or congestion."},"geometry":{"type":"LineString","coordinates":[[-74.005868,40.7119414],[-74.0057243,40.7119594],[-74.0056944,40.7119636],[-74.005613,40.711977],[-74.0055245,40.711991]]}},{"type":"Feature","properties":{"id":"lens-traffic-road-nyc-way/1237670402","layer":"traffic_road","category":"transport","year":1983,"visible_year":2026,"rank":4,"name":"Canal Street","source_id":"way/1237670402","source_url":"https://www.openstreetmap.org/way/1237670402","license":"ODbL","transport_raw":0.149,"transport_count":1,"transport_activity":0.294,"representation":"major-road transport-event activity","timing_note":"Road color is a three-year transport-event activity surface on current OSM major road geometry, not measured traffic volume or congestion."},"geometry":{"type":"LineString","coordinates":[[-73.9960588,40.7162686],[-73.9962058,40.716321],[-73.9968298,40.7165436],[-73.9968701,40.7165535],[-73.9969156,40.7165538],[-73.9969875,40.7165497]]}},{"type":"Feature","properties":{"id":"lens-traffic-road-nyc-way/1499212036","layer":"traffic_road","category":"transport","year":1983,"visible_year":2026,"rank":4,"name":"Grand Street","source_id":"way/1499212036","source_url":"https://www.openstreetmap.org/way/1499212036","license":"ODbL","transport_raw":0.148,"transport_count":1,"transport_activity":0.292,"representation":"major-road transport-event activity","timing_note":"Road color is a three-year transport-event activity surface on current OSM major road geometry, not measured traffic volume or congestion."},"geometry":{"type":"LineString","coordinates":[[-74.0062154,40.7231321],[-74.0060805,40.7231191],[-74.0052594,40.7230406],[-74.0052482,40.7230395],[-74.0051966,40.7230294]]}},{"type":"Feature","properties":{"id":"lens-traffic-road-nyc-way/1449408223","layer":"traffic_road","category":"transport","year":1983,"visible_year":2026,"rank":4,"name":"Hudson Street","source_id":"way/1449408223","source_url":"https://www.openstreetmap.org/way/1449408223","license":"ODbL","transport_raw":0.148,"transport_count":1,"transport_activity":0.291,"representation":"major-road transport-event activity","timing_note":"Road color is a three-year transport-event activity surface on current OSM major road geometry, not measured traffic volume or congestion."},"geometry":{"type":"LineString","coordinates":[[-74.0081991,40.7219758],[-74.0081907,40.7220425],[-74.0081782,40.7221019],[-74.0080845,40.722561],[-74.0080678,40.7226387]]}},{"type":"Feature","properties":{"id":"lens-traffic-road-nyc-way/1334212776","layer":"traffic_road","category":"transport","year":1983,"visible_year":2026,"rank":3,"name":"Park Row","source_id":"way/1334212776","source_url":"https://www.openstreetmap.org/way/1334212776","license":"ODbL","transport_raw":0.146,"transport_count":1,"transport_activity":0.288,"representation":"major-road transport-event activity","timing_note":"Road color is a three-year transport-event activity surface on current OSM major road geometry, not measured traffic volume or congestion."},"geometry":{"type":"LineString","coordinates":[[-74.0060472,40.7119157],[-74.0059702,40.7119268],[-74.005868,40.7119414]]}},{"type":"Feature","properties":{"id":"lens-traffic-road-nyc-way/587038051","layer":"traffic_road","category":"transport","year":1983,"visible_year":2026,"rank":3,"name":"Church Street","source_id":"way/587038051","source_url":"https://www.openstreetmap.org/way/587038051","license":"ODbL","transport_raw":0.146,"transport_count":1,"transport_activity":0.288,"representation":"major-road transport-event activity","timing_note":"Road color is a three-year transport-event activity surface on current OSM major road geometry, not measured traffic volume or congestion."},"geometry":{"type":"LineString","coordinates":[[-74.0092488,40.7132501],[-74.0091879,40.7133297],[-74.0091603,40.7133659]]}},{"type":"Feature","properties":{"id":"lens-traffic-road-nyc-way/222299242","layer":"traffic_road","category":"transport","year":1983,"visible_year":2026,"rank":4,"name":"Chatham Square","source_id":"way/222299242","source_url":"https://www.openstreetmap.org/way/222299242","license":"ODbL","transport_raw":0.146,"transport_count":1,"transport_activity":0.287,"representation":"major-road transport-event activity","timing_note":"Road color is a three-year transport-event activity surface on current OSM major road geometry, not measured traffic volume or congestion."},"geometry":{"type":"LineString","coordinates":[[-73.9980743,40.7137811],[-73.9984499,40.7136107],[-73.998487,40.7135929],[-73.9986438,40.7135233]]}},{"type":"Feature","properties":{"id":"lens-traffic-road-nyc-way/439842831","layer":"traffic_road","category":"transport","year":1983,"visible_year":2026,"rank":3,"name":"Grand Street","source_id":"way/439842831","source_url":"https://www.openstreetmap.org/way/439842831","license":"ODbL","transport_raw":0.146,"transport_count":1,"transport_activity":0.287,"representation":"major-road transport-event activity","timing_note":"Road color is a three-year transport-event activity surface on current OSM major road geometry, not measured traffic volume or congestion."},"geometry":{"type":"LineString","coordinates":[[-73.998086,40.7195928],[-73.9980078,40.7195615],[-73.9973729,40.7193549],[-73.9973015,40.7193317],[-73.9972417,40.7193122],[-73.996546,40.7190858],[-73.9964718,40.7190617],[-73.9964214,40.7190453],[-73.9958197,40.7188396],[-73.9957635,40.7188198],[-73.9956895,40.7187939]]}},{"type":"Feature","properties":{"id":"lens-traffic-road-nyc-way/438901945","layer":"traffic_road","category":"transport","year":1983,"visible_year":2026,"rank":4,"name":"Oliver Street","source_id":"way/438901945","source_url":"https://www.openstreetmap.org/way/438901945","license":"ODbL","transport_raw":0.145,"transport_count":1,"transport_activity":0.286,"representation":"major-road transport-event activity","timing_note":"Road color is a three-year transport-event activity surface on current OSM major road geometry, not measured traffic volume or congestion."},"geometry":{"type":"LineString","coordinates":[[-73.9984987,40.713449],[-73.9986438,40.7135233]]}},{"type":"Feature","properties":{"id":"lens-traffic-road-nyc-way/421832642","layer":"traffic_road","category":"transport","year":1983,"visible_year":2026,"rank":3,"name":"Chambers Street","source_id":"way/421832642","source_url":"https://www.openstreetmap.org/way/421832642","license":"ODbL","transport_raw":0.145,"transport_count":1,"transport_activity":0.285,"representation":"major-road transport-event activity","timing_note":"Road color is a three-year transport-event activity surface on current OSM major road geometry, not measured traffic volume or congestion."},"geometry":{"type":"LineString","coordinates":[[-74.0121906,40.7168785],[-74.0117591,40.7166825],[-74.0110308,40.7163509],[-74.0109232,40.7163041]]}},{"type":"Feature","properties":{"id":"lens-traffic-road-nyc-way/1007629838","layer":"traffic_road","category":"transport","year":1983,"visible_year":2026,"rank":4,"name":"Hudson Street","source_id":"way/1007629838","source_url":"https://www.openstreetmap.org/way/1007629838","license":"ODbL","transport_raw":0.144,"transport_count":1,"transport_activity":0.284,"representation":"major-road transport-event activity","timing_note":"Road color is a three-year transport-event activity surface on current OSM major road geometry, not measured traffic volume or congestion."},"geometry":{"type":"LineString","coordinates":[[-74.008287,40.7219884],[-74.0082782,40.7220523],[-74.0082683,40.7221035],[-74.0081765,40.7225704],[-74.0081643,40.7226474]]}},{"type":"Feature","properties":{"id":"lens-traffic-road-nyc-way/1147907300","layer":"traffic_road","category":"transport","year":1983,"visible_year":2026,"rank":4,"name":"Centre Street","source_id":"way/1147907300","source_url":"https://www.openstreetmap.org/way/1147907300","license":"ODbL","transport_raw":0.144,"transport_count":1,"transport_activity":0.284,"representation":"major-road transport-event activity","timing_note":"Road color is a three-year transport-event activity surface on current OSM major road geometry, not measured traffic volume or congestion."},"geometry":{"type":"LineString","coordinates":[[-73.9978879,40.7205076],[-73.9977073,40.7207165],[-73.9976714,40.7207629],[-73.9976388,40.7208346]]}},{"type":"Feature","properties":{"id":"lens-traffic-road-nyc-way/68668516","layer":"traffic_road","category":"transport","year":1983,"visible_year":2026,"rank":4,"name":"Broome Street","source_id":"way/68668516","source_url":"https://www.openstreetmap.org/way/68668516","license":"ODbL","transport_raw":0.142,"transport_count":1,"transport_activity":0.28,"representation":"major-road transport-event activity","timing_note":"Road color is a three-year transport-event activity surface on current OSM major road geometry, not measured traffic volume or congestion."},"geometry":{"type":"LineString","coordinates":[[-73.9976388,40.7208346],[-73.9976939,40.7208592],[-73.9977313,40.7208758],[-73.9977552,40.7208865],[-73.998043,40.7210053],[-73.9980978,40.7210286],[-73.9981356,40.7210446],[-73.9982238,40.7210819]]}},{"type":"Feature","properties":{"id":"lens-traffic-road-nyc-way/1329897839","layer":"traffic_road","category":"transport","year":1983,"visible_year":2026,"rank":3,"name":"Brooklyn Bridge","source_id":"way/1329897839","source_url":"https://www.openstreetmap.org/way/1329897839","license":"ODbL","transport_raw":0.141,"transport_count":1,"transport_activity":0.279,"representation":"major-road transport-event activity","timing_note":"Road color is a three-year transport-event activity surface on current OSM major road geometry, not measured traffic volume or congestion."},"geometry":{"type":"LineString","coordinates":[[-74.0035824,40.7115573],[-74.0038627,40.7117892]]}},{"type":"Feature","properties":{"id":"lens-traffic-road-nyc-way/1499212035","layer":"traffic_road","category":"transport","year":1983,"visible_year":2026,"rank":3,"name":"Varick Street","source_id":"way/1499212035","source_url":"https://www.openstreetmap.org/way/1499212035","license":"ODbL","transport_raw":0.14,"transport_count":1,"transport_activity":0.276,"representation":"major-road transport-event activity","timing_note":"Road color is a three-year transport-event activity surface on current OSM major road geometry, not measured traffic volume or congestion."},"geometry":{"type":"LineString","coordinates":[[-74.0062154,40.7231321],[-74.0062229,40.723079],[-74.0062383,40.722986]]}},{"type":"Feature","properties":{"id":"lens-traffic-road-nyc-way/122660460","layer":"traffic_road","category":"transport","year":1983,"visible_year":2026,"rank":3,"name":"Brooklyn Bridge","source_id":"way/122660460","source_url":"https://www.openstreetmap.org/way/122660460","license":"ODbL","transport_raw":0.138,"transport_count":1,"transport_activity":0.272,"representation":"major-road transport-event activity","timing_note":"Road color is a three-year transport-event activity surface on current OSM major road geometry, not measured traffic volume or congestion."},"geometry":{"type":"LineString","coordinates":[[-74.0042694,40.7119069],[-74.0037906,40.7115118],[-74.0037138,40.711448]]}},{"type":"Feature","properties":{"id":"lens-traffic-road-nyc-way/455501328","layer":"traffic_road","category":"transport","year":1983,"visible_year":2026,"rank":3,"name":"Park Row","source_id":"way/455501328","source_url":"https://www.openstreetmap.org/way/455501328","license":"ODbL","transport_raw":0.138,"transport_count":1,"transport_activity":0.272,"representation":"major-road transport-event activity","timing_note":"Road color is a three-year transport-event activity surface on current OSM major road geometry, not measured traffic volume or congestion."},"geometry":{"type":"LineString","coordinates":[[-74.0061073,40.712031],[-74.0061426,40.7120237],[-74.0061897,40.7120142],[-74.0069624,40.7118202],[-74.007068,40.7117945]]}},{"type":"Feature","properties":{"id":"lens-traffic-road-nyc-way/1149017059","layer":"traffic_road","category":"transport","year":1983,"visible_year":2026,"rank":3,"name":"Church Street","source_id":"way/1149017059","source_url":"https://www.openstreetmap.org/way/1149017059","license":"ODbL","transport_raw":0.135,"transport_count":1,"transport_activity":0.267,"representation":"major-road transport-event activity","timing_note":"Road color is a three-year transport-event activity surface on current OSM major road geometry, not measured traffic volume or congestion."},"geometry":{"type":"LineString","coordinates":[[-74.0093483,40.7131203],[-74.0092984,40.7131863],[-74.0092488,40.7132501]]}},{"type":"Feature","properties":{"id":"lens-traffic-road-nyc-way/1346484951","layer":"traffic_road","category":"transport","year":1983,"visible_year":2026,"rank":4.5,"name":"6th Avenue","source_id":"way/1346484951","source_url":"https://www.openstreetmap.org/way/1346484951","license":"ODbL","transport_raw":0.135,"transport_count":1,"transport_activity":0.266,"representation":"major-road transport-event activity","timing_note":"Road color is a three-year transport-event activity surface on current OSM major road geometry, not measured traffic volume or congestion."},"geometry":{"type":"LineString","coordinates":[[-74.0050623,40.7230023],[-74.0050402,40.7230617],[-74.0049328,40.7232923],[-74.0048484,40.7235002],[-74.0048252,40.7235572],[-74.0047955,40.7236306]]}},{"type":"Feature","properties":{"id":"lens-traffic-road-nyc-way/196116989","layer":"traffic_road","category":"transport","year":1983,"visible_year":2026,"rank":4,"name":"Chatham Square","source_id":"way/196116989","source_url":"https://www.openstreetmap.org/way/196116989","license":"ODbL","transport_raw":0.135,"transport_count":1,"transport_activity":0.266,"representation":"major-road transport-event activity","timing_note":"Road color is a three-year transport-event activity surface on current OSM major road geometry, not measured traffic volume or congestion."},"geometry":{"type":"LineString","coordinates":[[-73.9984987,40.713449],[-73.998354,40.7135109],[-73.9980976,40.7136209],[-73.997981,40.7136728]]}},{"type":"Feature","properties":{"id":"lens-traffic-road-nyc-way/1418615326","layer":"traffic_road","category":"transport","year":1983,"visible_year":2026,"rank":4,"name":"Watts Street","source_id":"way/1418615326","source_url":"https://www.openstreetmap.org/way/1418615326","license":"ODbL","transport_raw":0.135,"transport_count":1,"transport_activity":0.265,"representation":"major-road transport-event activity","timing_note":"Road color is a three-year transport-event activity surface on current OSM major road geometry, not measured traffic volume or congestion."},"geometry":{"type":"LineString","coordinates":[[-74.0029951,40.7233168],[-74.0030225,40.7233216],[-74.003102,40.7233354],[-74.0037013,40.7234347]]}},{"type":"Feature","properties":{"id":"lens-traffic-road-nyc-way/46171880","layer":"traffic_road","category":"transport","year":1983,"visible_year":2026,"rank":3,"name":"Murray Street","source_id":"way/46171880","source_url":"https://www.openstreetmap.org/way/46171880","license":"ODbL","transport_raw":0.134,"transport_count":1,"transport_activity":0.264,"representation":"major-road transport-event activity","timing_note":"Road color is a three-year transport-event activity surface on current OSM major road geometry, not measured traffic volume or congestion."},"geometry":{"type":"LineString","coordinates":[[-74.010163,40.7143998],[-74.0102475,40.7144368],[-74.0112122,40.7148765],[-74.0112747,40.7148964],[-74.0113363,40.714913]]}},{"type":"Feature","properties":{"id":"lens-traffic-road-nyc-way/5670189","layer":"traffic_road","category":"transport","year":1983,"visible_year":2026,"rank":3,"name":"East Broadway","source_id":"way/5670189","source_url":"https://www.openstreetmap.org/way/5670189","license":"ODbL","transport_raw":0.134,"transport_count":1,"transport_activity":0.264,"representation":"major-road transport-event activity","timing_note":"Road color is a three-year transport-event activity surface on current OSM major road geometry, not measured traffic volume or congestion."},"geometry":{"type":"LineString","coordinates":[[-73.997981,40.7136728],[-73.9980286,40.7137225],[-73.9980743,40.7137811]]}},{"type":"Feature","properties":{"id":"lens-traffic-road-nyc-way/5671593","layer":"traffic_road","category":"transport","year":1983,"visible_year":2026,"rank":3,"name":"Frankfort Street","source_id":"way/5671593","source_url":"https://www.openstreetmap.org/way/5671593","license":"ODbL","transport_raw":0.134,"transport_count":1,"transport_activity":0.264,"representation":"major-road transport-event activity","timing_note":"Road color is a three-year transport-event activity surface on current OSM major road geometry, not measured traffic volume or congestion."},"geometry":{"type":"LineString","coordinates":[[-74.0047759,40.7117274],[-74.0045229,40.7115522],[-74.0044997,40.7115367],[-74.0044863,40.7115277]]}},{"type":"Feature","properties":{"id":"lens-traffic-road-nyc-way/165775306","layer":"traffic_road","category":"transport","year":1983,"visible_year":2026,"rank":4,"name":"Chatham Square","source_id":"way/165775306","source_url":"https://www.openstreetmap.org/way/165775306","license":"ODbL","transport_raw":0.133,"transport_count":1,"transport_activity":0.261,"representation":"major-road transport-event activity","timing_note":"Road color is a three-year transport-event activity surface on current OSM major road geometry, not measured traffic volume or congestion."},"geometry":{"type":"LineString","coordinates":[[-73.9975839,40.7140701],[-73.9976165,40.7140361],[-73.9976442,40.7140084],[-73.997675,40.7139841],[-73.9977144,40.7139565],[-73.9977556,40.7139321],[-73.9978071,40.7139044],[-73.9978556,40.7138806],[-73.997969,40.7138284],[-73.9980059,40.7138126],[-73.9980743,40.7137811]]}},{"type":"Feature","properties":{"id":"lens-traffic-road-nyc-way/5671587","layer":"traffic_road","category":"transport","year":1983,"visible_year":2026,"rank":3,"name":"Park Row","source_id":"way/5671587","source_url":"https://www.openstreetmap.org/way/5671587","license":"ODbL","transport_raw":0.132,"transport_count":1,"transport_activity":0.261,"representation":"major-road transport-event activity","timing_note":"Road color is a three-year transport-event activity surface on current OSM major road geometry, not measured traffic volume or congestion."},"geometry":{"type":"LineString","coordinates":[[-74.0069661,40.7117008],[-74.0068563,40.7117283],[-74.0062092,40.7118857],[-74.0061874,40.7118903],[-74.0061363,40.7119009],[-74.0060472,40.7119157]]}},{"type":"Feature","properties":{"id":"lens-traffic-road-nyc-way/414751458","layer":"traffic_road","category":"transport","year":1983,"visible_year":2026,"rank":4,"name":"Oliver Street","source_id":"way/414751458","source_url":"https://www.openstreetmap.org/way/414751458","license":"ODbL","transport_raw":0.132,"transport_count":1,"transport_activity":0.26,"representation":"major-road transport-event activity","timing_note":"Road color is a three-year transport-event activity surface on current OSM major road geometry, not measured traffic volume or congestion."},"geometry":{"type":"LineString","coordinates":[[-73.9982206,40.7132575],[-73.9983739,40.7133669],[-73.9984028,40.7133875],[-73.9984485,40.7134189],[-73.9984987,40.713449]]}},{"type":"Feature","properties":{"id":"lens-traffic-road-nyc-way/496982789","layer":"traffic_road","category":"transport","year":1983,"visible_year":2026,"rank":4,"name":"Bowery","source_id":"way/496982789","source_url":"https://www.openstreetmap.org/way/496982789","license":"ODbL","transport_raw":0.131,"transport_count":1,"transport_activity":0.259,"representation":"major-road transport-event activity","timing_note":"Road color is a three-year transport-event activity surface on current OSM major road geometry, not measured traffic volume or congestion."},"geometry":{"type":"LineString","coordinates":[[-73.9968672,40.715064],[-73.9968993,40.7150148],[-73.9969098,40.7149988],[-73.9971242,40.7147057],[-73.9971498,40.7146704],[-73.9971724,40.7146392],[-73.9972007,40.7146004],[-73.9973275,40.7144271]]}},{"type":"Feature","properties":{"id":"lens-traffic-road-nyc-way/1051858090","layer":"traffic_road","category":"transport","year":1983,"visible_year":2026,"rank":4,"name":"Lafayette Street","source_id":"way/1051858090","source_url":"https://www.openstreetmap.org/way/1051858090","license":"ODbL","transport_raw":0.131,"transport_count":1,"transport_activity":0.258,"representation":"major-road transport-event activity","timing_note":"Road color is a three-year transport-event activity surface on current OSM major road geometry, not measured traffic volume or congestion."},"geometry":{"type":"LineString","coordinates":[[-73.9977932,40.7215953],[-73.9978505,40.7215305],[-73.9981379,40.7211938],[-73.9981735,40.7211514],[-73.9982238,40.7210819]]}},{"type":"Feature","properties":{"id":"lens-traffic-road-nyc-way/1237326682","layer":"traffic_road","category":"transport","year":1983,"visible_year":2026,"rank":4,"name":"Laight Street","source_id":"way/1237326682","source_url":"https://www.openstreetmap.org/way/1237326682","license":"ODbL","transport_raw":0.13,"transport_count":1,"transport_activity":0.256,"representation":"major-road transport-event activity","timing_note":"Road color is a three-year transport-event activity surface on current OSM major road geometry, not measured traffic volume or congestion."},"geometry":{"type":"LineString","coordinates":[[-74.008287,40.7219884],[-74.0083463,40.7219956],[-74.0090561,40.722068],[-74.009682,40.7221311],[-74.0096998,40.7221329]]}},{"type":"Feature","properties":{"id":"lens-traffic-road-nyc-way/1418615327","layer":"traffic_road","category":"transport","year":1983,"visible_year":2026,"rank":4,"name":"Watts Street","source_id":"way/1418615327","source_url":"https://www.openstreetmap.org/way/1418615327","license":"ODbL","transport_raw":0.13,"transport_count":1,"transport_activity":0.256,"representation":"major-road transport-event activity","timing_note":"Road color is a three-year transport-event activity surface on current OSM major road geometry, not measured traffic volume or congestion."},"geometry":{"type":"LineString","coordinates":[[-74.0037013,40.7234347],[-74.0037505,40.7234448],[-74.0038418,40.7234576]]}},{"type":"Feature","properties":{"id":"lens-traffic-road-nyc-way/420355082","layer":"traffic_road","category":"transport","year":1983,"visible_year":2026,"rank":4,"name":"Bowery","source_id":"way/420355082","source_url":"https://www.openstreetmap.org/way/420355082","license":"ODbL","transport_raw":0.13,"transport_count":1,"transport_activity":0.256,"representation":"major-road transport-event activity","timing_note":"Road color is a three-year transport-event activity surface on current OSM major road geometry, not measured traffic volume or congestion."},"geometry":{"type":"LineString","coordinates":[[-73.9973275,40.7144271],[-73.9975248,40.7141502],[-73.9975574,40.7141036],[-73.9975839,40.7140701]]}},{"type":"Feature","properties":{"id":"lens-traffic-road-nyc-way/414893144","layer":"traffic_road","category":"transport","year":1983,"visible_year":2026,"rank":4,"name":"Bowery","source_id":"way/414893144","source_url":"https://www.openstreetmap.org/way/414893144","license":"ODbL","transport_raw":0.129,"transport_count":1,"transport_activity":0.255,"representation":"major-road transport-event activity","timing_note":"Road color is a three-year transport-event activity surface on current OSM major road geometry, not measured traffic volume or congestion."},"geometry":{"type":"LineString","coordinates":[[-73.9965488,40.7155822],[-73.9968102,40.7151512],[-73.9968331,40.7151162],[-73.9968672,40.715064]]}},{"type":"Feature","properties":{"id":"lens-traffic-road-nyc-way/1332825247","layer":"traffic_road","category":"transport","year":1983,"visible_year":2026,"rank":4,"name":"Chatham Square","source_id":"way/1332825247","source_url":"https://www.openstreetmap.org/way/1332825247","license":"ODbL","transport_raw":0.129,"transport_count":1,"transport_activity":0.253,"representation":"major-road transport-event activity","timing_note":"Road color is a three-year transport-event activity surface on current OSM major road geometry, not measured traffic volume or congestion."},"geometry":{"type":"LineString","coordinates":[[-73.997981,40.7136728],[-73.9978842,40.7137328]]}},{"type":"Feature","properties":{"id":"lens-traffic-road-nyc-way/587038049","layer":"traffic_road","category":"transport","year":1983,"visible_year":2026,"rank":3,"name":"Broadway","source_id":"way/587038049","source_url":"https://www.openstreetmap.org/way/587038049","license":"ODbL","transport_raw":0.128,"transport_count":1,"transport_activity":0.252,"representation":"major-road transport-event activity","timing_note":"Road color is a three-year transport-event activity surface on current OSM major road geometry, not measured traffic volume or congestion."},"geometry":{"type":"LineString","coordinates":[[-74.0076683,40.712544],[-74.0077381,40.7124645],[-74.0077799,40.7124155],[-74.0078971,40.7122694],[-74.0080006,40.7121444],[-74.0080532,40.7120791],[-74.0081342,40.7119884]]}},{"type":"Feature","properties":{"id":"lens-traffic-road-nyc-way/850384623","layer":"traffic_road","category":"transport","year":1983,"visible_year":2026,"rank":3,"name":"Division Street","source_id":"way/850384623","source_url":"https://www.openstreetmap.org/way/850384623","license":"ODbL","transport_raw":0.126,"transport_count":1,"transport_activity":0.249,"representation":"major-road transport-event activity","timing_note":"Road color is a three-year transport-event activity surface on current OSM major road geometry, not measured traffic volume or congestion."},"geometry":{"type":"LineString","coordinates":[[-73.997428,40.7140953],[-73.9974621,40.7140906],[-73.9975161,40.714079],[-73.9975473,40.7140769],[-73.9975839,40.7140701]]}},{"type":"Feature","properties":{"id":"lens-traffic-road-nyc-way/420358886","layer":"traffic_road","category":"transport","year":1983,"visible_year":2026,"rank":4,"name":"Canal Street","source_id":"way/420358886","source_url":"https://www.openstreetmap.org/way/420358886","license":"ODbL","transport_raw":0.126,"transport_count":1,"transport_activity":0.248,"representation":"major-road transport-event activity","timing_note":"Road color is a three-year transport-event activity surface on current OSM major road geometry, not measured traffic volume or congestion."},"geometry":{"type":"LineString","coordinates":[[-73.996619,40.7163682],[-73.9963343,40.7162627],[-73.9962727,40.7162398],[-73.9962228,40.7162164],[-73.9961708,40.7161839],[-73.9961338,40.7161492]]}},{"type":"Feature","properties":{"id":"lens-traffic-road-nyc-way/46154285","layer":"traffic_road","category":"transport","year":1983,"visible_year":2026,"rank":4,"name":"Bowery","source_id":"way/46154285","source_url":"https://www.openstreetmap.org/way/46154285","license":"ODbL","transport_raw":0.124,"transport_count":1,"transport_activity":0.245,"representation":"major-road transport-event activity","timing_note":"Road color is a three-year transport-event activity surface on current OSM major road geometry, not measured traffic volume or congestion."},"geometry":{"type":"LineString","coordinates":[[-73.9971755,40.7144395],[-73.9971201,40.7145149],[-73.9970907,40.7145561],[-73.9970451,40.7146199],[-73.9968139,40.7149433],[-73.9967962,40.714972],[-73.9967631,40.7150259]]}},{"type":"Feature","properties":{"id":"lens-traffic-road-nyc-way/5672321","layer":"traffic_road","category":"transport","year":1983,"visible_year":2026,"rank":4,"name":"Cleveland Place","source_id":"way/5672321","source_url":"https://www.openstreetmap.org/way/5672321","license":"ODbL","transport_raw":0.125,"transport_count":1,"transport_activity":0.245,"representation":"major-road transport-event activity","timing_note":"Road color is a three-year transport-event activity surface on current OSM major road geometry, not measured traffic volume or congestion."},"geometry":{"type":"LineString","coordinates":[[-73.9976388,40.7208346],[-73.9976066,40.7209054],[-73.9974771,40.7212357]]}},{"type":"Feature","properties":{"id":"lens-traffic-road-nyc-way/5672971","layer":"traffic_road","category":"transport","year":1983,"visible_year":2026,"rank":4,"name":"Chatham Square","source_id":"way/5672971","source_url":"https://www.openstreetmap.org/way/5672971","license":"ODbL","transport_raw":0.125,"transport_count":1,"transport_activity":0.245,"representation":"major-road transport-event activity","timing_note":"Road color is a three-year transport-event activity surface on current OSM major road geometry, not measured traffic volume or congestion."},"geometry":{"type":"LineString","coordinates":[[-73.9978842,40.7137328],[-73.9978323,40.7137582],[-73.9977808,40.7137867],[-73.997733,40.7138154],[-73.9976823,40.7138519],[-73.9976366,40.7138873],[-73.9975914,40.7139222],[-73.9975564,40.7139521],[-73.9975275,40.7139792],[-73.9974891,40.7140183]]}},{"type":"Feature","properties":{"id":"lens-traffic-road-nyc-way/1329595924","layer":"traffic_road","category":"transport","year":1983,"visible_year":2026,"rank":4,"name":"Bowery","source_id":"way/1329595924","source_url":"https://www.openstreetmap.org/way/1329595924","license":"ODbL","transport_raw":0.124,"transport_count":1,"transport_activity":0.244,"representation":"major-road transport-event activity","timing_note":"Road color is a three-year transport-event activity surface on current OSM major road geometry, not measured traffic volume or congestion."},"geometry":{"type":"LineString","coordinates":[[-73.997428,40.7140953],[-73.9971755,40.7144395]]}},{"type":"Feature","properties":{"id":"lens-traffic-road-nyc-way/1413160368","layer":"traffic_road","category":"transport","year":1983,"visible_year":2026,"rank":3,"name":"Frankfort Street","source_id":"way/1413160368","source_url":"https://www.openstreetmap.org/way/1413160368","license":"ODbL","transport_raw":0.124,"transport_count":1,"transport_activity":0.244,"representation":"major-road transport-event activity","timing_note":"Road color is a three-year transport-event activity surface on current OSM major road geometry, not measured traffic volume or congestion."},"geometry":{"type":"LineString","coordinates":[[-74.0044863,40.7115277],[-74.0044545,40.7115065],[-74.0044141,40.7114795],[-74.0040754,40.7112548]]}},{"type":"Feature","properties":{"id":"lens-traffic-road-nyc-way/1316839631","layer":"traffic_road","category":"transport","year":1983,"visible_year":2026,"rank":3,"name":"Broome Street","source_id":"way/1316839631","source_url":"https://www.openstreetmap.org/way/1316839631","license":"ODbL","transport_raw":0.123,"transport_count":1,"transport_activity":0.243,"representation":"major-road transport-event activity","timing_note":"Road color is a three-year transport-event activity surface on current OSM major road geometry, not measured traffic volume or congestion."},"geometry":{"type":"LineString","coordinates":[[-73.9968358,40.7205066],[-73.9969018,40.7205333],[-73.9972116,40.7206586],[-73.9973444,40.7207124],[-73.9975011,40.7207758],[-73.9975602,40.7207996],[-73.9976388,40.7208346]]}},{"type":"Feature","properties":{"id":"lens-traffic-road-nyc-way/496982787","layer":"traffic_road","category":"transport","year":1983,"visible_year":2026,"rank":4,"name":"Bowery","source_id":"way/496982787","source_url":"https://www.openstreetmap.org/way/496982787","license":"ODbL","transport_raw":0.123,"transport_count":1,"transport_activity":0.243,"representation":"major-road transport-event activity","timing_note":"Road color is a three-year transport-event activity surface on current OSM major road geometry, not measured traffic volume or congestion."},"geometry":{"type":"LineString","coordinates":[[-73.9967631,40.7150259],[-73.9967283,40.7150799],[-73.9966073,40.7152793]]}},{"type":"Feature","properties":{"id":"lens-traffic-road-nyc-way/968737542","layer":"traffic_road","category":"transport","year":1983,"visible_year":2026,"rank":3,"name":"Broadway","source_id":"way/968737542","source_url":"https://www.openstreetmap.org/way/968737542","license":"ODbL","transport_raw":0.123,"transport_count":1,"transport_activity":0.243,"representation":"major-road transport-event activity","timing_note":"Road color is a three-year transport-event activity surface on current OSM major road geometry, not measured traffic volume or congestion."},"geometry":{"type":"LineString","coordinates":[[-73.998812,40.723021],[-73.9988463,40.7229804],[-73.999054,40.7227353],[-73.9997653,40.7219048],[-73.9998074,40.7218569],[-73.9998623,40.7217942]]}},{"type":"Feature","properties":{"id":"lens-traffic-road-nyc-way/195745925","layer":"traffic_road","category":"transport","year":1983,"visible_year":2026,"rank":4,"name":"Bowery","source_id":"way/195745925","source_url":"https://www.openstreetmap.org/way/195745925","license":"ODbL","transport_raw":0.123,"transport_count":1,"transport_activity":0.242,"representation":"major-road transport-event activity","timing_note":"Road color is a three-year transport-event activity surface on current OSM major road geometry, not measured traffic volume or congestion."},"geometry":{"type":"LineString","coordinates":[[-73.9974891,40.7140183],[-73.9974628,40.7140471],[-73.997428,40.7140953]]}},{"type":"Feature","properties":{"id":"lens-traffic-road-nyc-way/1330592855","layer":"traffic_road","category":"transport","year":1983,"visible_year":2026,"rank":4,"name":"Bowery","source_id":"way/1330592855","source_url":"https://www.openstreetmap.org/way/1330592855","license":"ODbL","transport_raw":0.122,"transport_count":1,"transport_activity":0.24,"representation":"major-road transport-event activity","timing_note":"Road color is a three-year transport-event activity surface on current OSM major road geometry, not measured traffic volume or congestion."},"geometry":{"type":"LineString","coordinates":[[-73.9966073,40.7152793],[-73.9964822,40.7154852]]}},{"type":"Feature","properties":{"id":"lens-traffic-road-nyc-way/5671291","layer":"traffic_road","category":"transport","year":1983,"visible_year":2026,"rank":4,"name":"Watts Street","source_id":"way/5671291","source_url":"https://www.openstreetmap.org/way/5671291","license":"ODbL","transport_raw":0.122,"transport_count":1,"transport_activity":0.24,"representation":"major-road transport-event activity","timing_note":"Road color is a three-year transport-event activity surface on current OSM major road geometry, not measured traffic volume or congestion."},"geometry":{"type":"LineString","coordinates":[[-74.0038418,40.7234576],[-74.0039114,40.7234706],[-74.0045853,40.7235927],[-74.0046503,40.723605],[-74.0047955,40.7236306]]}},{"type":"Feature","properties":{"id":"lens-traffic-road-nyc-way/1333472258","layer":"traffic_road","category":"transport","year":1983,"visible_year":2026,"rank":4,"name":"Bowery","source_id":"way/1333472258","source_url":"https://www.openstreetmap.org/way/1333472258","license":"ODbL","transport_raw":0.121,"transport_count":1,"transport_activity":0.239,"representation":"major-road transport-event activity","timing_note":"Road color is a three-year transport-event activity surface on current OSM major road geometry, not measured traffic volume or congestion."},"geometry":{"type":"LineString","coordinates":[[-73.9961338,40.7161492],[-73.9962354,40.7160991],[-73.9965488,40.7155822]]}},{"type":"Feature","properties":{"id":"lens-traffic-road-nyc-way/1499212034","layer":"traffic_road","category":"transport","year":1983,"visible_year":2026,"rank":3,"name":"Varick Street","source_id":"way/1499212034","source_url":"https://www.openstreetmap.org/way/1499212034","license":"ODbL","transport_raw":0.121,"transport_count":1,"transport_activity":0.238,"representation":"major-road transport-event activity","timing_note":"Road color is a three-year transport-event activity surface on current OSM major road geometry, not measured traffic volume or congestion."},"geometry":{"type":"LineString","coordinates":[[-74.0061269,40.7237023],[-74.0062063,40.7231902],[-74.0062154,40.7231321]]}},{"type":"Feature","properties":{"id":"lens-traffic-road-nyc-way/421824309","layer":"traffic_road","category":"transport","year":1983,"visible_year":2026,"rank":3,"name":"East Broadway","source_id":"way/421824309","source_url":"https://www.openstreetmap.org/way/421824309","license":"ODbL","transport_raw":0.12,"transport_count":1,"transport_activity":0.237,"representation":"major-road transport-event activity","timing_note":"Road color is a three-year transport-event activity surface on current OSM major road geometry, not measured traffic volume or congestion."},"geometry":{"type":"LineString","coordinates":[[-73.9977832,40.7135026],[-73.9978406,40.7135502],[-73.9978717,40.713576],[-73.9979081,40.7136069],[-73.997981,40.7136728]]}},{"type":"Feature","properties":{"id":"lens-traffic-road-nyc-way/612743237","layer":"traffic_road","category":"transport","year":1983,"visible_year":2026,"rank":3,"name":"Division Street","source_id":"way/612743237","source_url":"https://www.openstreetmap.org/way/612743237","license":"ODbL","transport_raw":0.118,"transport_count":1,"transport_activity":0.232,"representation":"major-road transport-event activity","timing_note":"Road color is a three-year transport-event activity surface on current OSM major road geometry, not measured traffic volume or congestion."},"geometry":{"type":"LineString","coordinates":[[-73.9972366,40.7140757],[-73.9972752,40.7140773],[-73.9973208,40.714081],[-73.9973401,40.7140818],[-73.9973622,40.7140844],[-73.9973886,40.7140885],[-73.997428,40.7140953]]}},{"type":"Feature","properties":{"id":"lens-traffic-road-nyc-way/1342197776","layer":"traffic_road","category":"transport","year":1983,"visible_year":2026,"rank":4,"name":"Canal Street","source_id":"way/1342197776","source_url":"https://www.openstreetmap.org/way/1342197776","license":"ODbL","transport_raw":0.117,"transport_count":1,"transport_activity":0.231,"representation":"major-road transport-event activity","timing_note":"Road color is a three-year transport-event activity surface on current OSM major road geometry, not measured traffic volume or congestion."},"geometry":{"type":"LineString","coordinates":[[-74.0070487,40.7230756],[-74.007217,40.7231886]]}},{"type":"Feature","properties":{"id":"lens-traffic-road-nyc-way/420355083","layer":"traffic_road","category":"transport","year":1983,"visible_year":2026,"rank":4,"name":"Bowery","source_id":"way/420355083","source_url":"https://www.openstreetmap.org/way/420355083","license":"ODbL","transport_raw":0.117,"transport_count":1,"transport_activity":0.231,"representation":"major-road transport-event activity","timing_note":"Road color is a three-year transport-event activity surface on current OSM major road geometry, not measured traffic volume or congestion."},"geometry":{"type":"LineString","coordinates":[[-73.9964822,40.7154852],[-73.9961878,40.7159776],[-73.99616,40.7160255],[-73.9961338,40.7161492]]}},{"type":"Feature","properties":{"id":"lens-traffic-road-nyc-way/46116316","layer":"traffic_road","category":"transport","year":1983,"visible_year":2026,"rank":3,"name":"Brooklyn Bridge","source_id":"way/46116316","source_url":"https://www.openstreetmap.org/way/46116316","license":"ODbL","transport_raw":0.117,"transport_count":1,"transport_activity":0.231,"representation":"major-road transport-event activity","timing_note":"Road color is a three-year transport-event activity surface on current OSM major road geometry, not measured traffic volume or congestion."},"geometry":{"type":"LineString","coordinates":[[-74.003114,40.7111862],[-74.0035824,40.7115573]]}},{"type":"Feature","properties":{"id":"lens-traffic-road-nyc-way/42786502","layer":"traffic_road","category":"transport","year":1983,"visible_year":2026,"rank":4,"name":"Saint James Place","source_id":"way/42786502","source_url":"https://www.openstreetmap.org/way/42786502","license":"ODbL","transport_raw":0.117,"transport_count":1,"transport_activity":0.23,"representation":"major-road transport-event activity","timing_note":"Road color is a three-year transport-event activity surface on current OSM major road geometry, not measured traffic volume or congestion."},"geometry":{"type":"LineString","coordinates":[[-73.9987898,40.7126966],[-73.99839,40.7130887],[-73.9982948,40.7131842],[-73.9982919,40.7131878],[-73.9982206,40.7132575]]}},{"type":"Feature","properties":{"id":"lens-traffic-road-nyc-way/1257332450","layer":"traffic_road","category":"transport","year":1983,"visible_year":2026,"rank":4,"name":"Bowery","source_id":"way/1257332450","source_url":"https://www.openstreetmap.org/way/1257332450","license":"ODbL","transport_raw":0.114,"transport_count":1,"transport_activity":0.225,"representation":"major-road transport-event activity","timing_note":"Road color is a three-year transport-event activity surface on current OSM major road geometry, not measured traffic volume or congestion."},"geometry":{"type":"LineString","coordinates":[[-73.9960588,40.7162686],[-73.9961338,40.7161492]]}},{"type":"Feature","properties":{"id":"lens-traffic-road-nyc-way/1449408225","layer":"traffic_road","category":"transport","year":1983,"visible_year":2026,"rank":4,"name":"Hudson Street","source_id":"way/1449408225","source_url":"https://www.openstreetmap.org/way/1449408225","license":"ODbL","transport_raw":0.113,"transport_count":1,"transport_activity":0.222,"representation":"major-road transport-event activity","timing_note":"Road color is a three-year transport-event activity surface on current OSM major road geometry, not measured traffic volume or congestion."},"geometry":{"type":"LineString","coordinates":[[-74.0080678,40.7226387],[-74.008054,40.7227081],[-74.008042,40.7227688],[-74.0079977,40.7230617],[-74.0079839,40.7231558]]}},{"type":"Feature","properties":{"id":"lens-traffic-road-nyc-way/46139040","layer":"traffic_road","category":"transport","year":1983,"visible_year":2026,"rank":4,"name":"Hudson Street","source_id":"way/46139040","source_url":"https://www.openstreetmap.org/way/46139040","license":"ODbL","transport_raw":0.113,"transport_count":1,"transport_activity":0.222,"representation":"major-road transport-event activity","timing_note":"Road color is a three-year transport-event activity surface on current OSM major road geometry, not measured traffic volume or congestion."},"geometry":{"type":"LineString","coordinates":[[-74.0081643,40.7226474],[-74.0081505,40.722715],[-74.0081415,40.7227663],[-74.0080724,40.7231488]]}},{"type":"Feature","properties":{"id":"lens-traffic-road-nyc-way/1238545752","layer":"traffic_road","category":"transport","year":1983,"visible_year":2026,"rank":4,"name":"Bowery","source_id":"way/1238545752","source_url":"https://www.openstreetmap.org/way/1238545752","license":"ODbL","transport_raw":0.11,"transport_count":1,"transport_activity":0.216,"representation":"major-road transport-event activity","timing_note":"Road color is a three-year transport-event activity surface on current OSM major road geometry, not measured traffic volume or congestion."},"geometry":{"type":"LineString","coordinates":[[-73.9958489,40.7166082],[-73.9958863,40.7165476],[-73.9959866,40.7163854],[-73.9960206,40.7163304],[-73.9960588,40.7162686]]}},{"type":"Feature","properties":{"id":"lens-traffic-road-nyc-way/1317756113","layer":"traffic_road","category":"transport","year":1983,"visible_year":2026,"rank":3,"name":"Division Street","source_id":"way/1317756113","source_url":"https://www.openstreetmap.org/way/1317756113","license":"ODbL","transport_raw":0.109,"transport_count":1,"transport_activity":0.214,"representation":"major-road transport-event activity","timing_note":"Road color is a three-year transport-event activity surface on current OSM major road geometry, not measured traffic volume or congestion."},"geometry":{"type":"LineString","coordinates":[[-73.9970601,40.714074],[-73.9971546,40.714074],[-73.9972366,40.7140757]]}},{"type":"Feature","properties":{"id":"lens-traffic-road-nyc-way/196117014","layer":"traffic_road","category":"transport","year":1983,"visible_year":2026,"rank":3,"name":"East Broadway","source_id":"way/196117014","source_url":"https://www.openstreetmap.org/way/196117014","license":"ODbL","transport_raw":0.108,"transport_count":1,"transport_activity":0.212,"representation":"major-road transport-event activity","timing_note":"Road color is a three-year transport-event activity surface on current OSM major road geometry, not measured traffic volume or congestion."},"geometry":{"type":"LineString","coordinates":[[-73.9977832,40.7135026],[-73.9977469,40.7134806],[-73.9977088,40.7134635],[-73.9976732,40.7134529],[-73.9976411,40.7134475]]}},{"type":"Feature","properties":{"id":"lens-traffic-road-nyc-way/1333438297","layer":"traffic_road","category":"transport","year":1983,"visible_year":2026,"rank":4,"name":"Saint James Place","source_id":"way/1333438297","source_url":"https://www.openstreetmap.org/way/1333438297","license":"ODbL","transport_raw":0.106,"transport_count":1,"transport_activity":0.209,"representation":"major-road transport-event activity","timing_note":"Road color is a three-year transport-event activity surface on current OSM major road geometry, not measured traffic volume or congestion."},"geometry":{"type":"LineString","coordinates":[[-73.9992979,40.7122003],[-73.9989991,40.7124896],[-73.9989343,40.7125535],[-73.9988818,40.7126054],[-73.9987898,40.7126966]]}},{"type":"Feature","properties":{"id":"lens-traffic-road-nyc-way/222299277","layer":"traffic_road","category":"transport","year":1983,"visible_year":2026,"rank":3,"name":"Church Street","source_id":"way/222299277","source_url":"https://www.openstreetmap.org/way/222299277","license":"ODbL","transport_raw":0.106,"transport_count":1,"transport_activity":0.208,"representation":"major-road transport-event activity","timing_note":"Road color is a three-year transport-event activity surface on current OSM major road geometry, not measured traffic volume or congestion."},"geometry":{"type":"LineString","coordinates":[[-74.009634,40.712713],[-74.0096207,40.7127384],[-74.0095998,40.7127819],[-74.0095865,40.7128077],[-74.0095696,40.7128331],[-74.0093483,40.7131203]]}},{"type":"Feature","properties":{"id":"lens-traffic-road-nyc-way/413056164","layer":"traffic_road","category":"transport","year":1983,"visible_year":2026,"rank":3,"name":"Park Row","source_id":"way/413056164","source_url":"https://www.openstreetmap.org/way/413056164","license":"ODbL","transport_raw":0.106,"transport_count":1,"transport_activity":0.208,"representation":"major-road transport-event activity","timing_note":"Road color is a three-year transport-event activity surface on current OSM major road geometry, not measured traffic volume or congestion."},"geometry":{"type":"LineString","coordinates":[[-74.007068,40.7117945],[-74.0071947,40.7117611],[-74.0074911,40.7116844],[-74.0075513,40.7116733]]}},{"type":"Feature","properties":{"id":"lens-traffic-road-nyc-way/256902825","layer":"traffic_road","category":"transport","year":1983,"visible_year":2026,"rank":4.5,"name":"Watts Street","source_id":"way/256902825","source_url":"https://www.openstreetmap.org/way/256902825","license":"ODbL","transport_raw":0.104,"transport_count":1,"transport_activity":0.206,"representation":"major-road transport-event activity","timing_note":"Road color is a three-year transport-event activity surface on current OSM major road geometry, not measured traffic volume or congestion."},"geometry":{"type":"LineString","coordinates":[[-74.0047955,40.7236306],[-74.0048655,40.723643],[-74.0049363,40.7236561],[-74.0049899,40.7236604],[-74.0059092,40.7237553],[-74.0059667,40.7237613],[-74.006113,40.7237914]]}},{"type":"Feature","properties":{"id":"lens-traffic-road-nyc-way/46116329","layer":"traffic_road","category":"transport","year":1983,"visible_year":2026,"rank":3,"name":"Barclay Street","source_id":"way/46116329","source_url":"https://www.openstreetmap.org/way/46116329","license":"ODbL","transport_raw":0.104,"transport_count":1,"transport_activity":0.204,"representation":"major-road transport-event activity","timing_note":"Road color is a three-year transport-event activity surface on current OSM major road geometry, not measured traffic volume or congestion."},"geometry":{"type":"LineString","coordinates":[[-74.0081342,40.7119884],[-74.0081483,40.7120006],[-74.008182,40.7120267],[-74.0082019,40.7120411],[-74.0082296,40.7120565],[-74.0088791,40.71236]]}},{"type":"Feature","properties":{"id":"lens-traffic-road-nyc-way/1329878979","layer":"traffic_road","category":"transport","year":1983,"visible_year":2026,"rank":3,"name":"Division Street","source_id":"way/1329878979","source_url":"https://www.openstreetmap.org/way/1329878979","license":"ODbL","transport_raw":0.102,"transport_count":1,"transport_activity":0.201,"representation":"major-road transport-event activity","timing_note":"Road color is a three-year transport-event activity surface on current OSM major road geometry, not measured traffic volume or congestion."},"geometry":{"type":"LineString","coordinates":[[-73.9969532,40.7140818],[-73.9970601,40.714074]]}},{"type":"Feature","properties":{"id":"lens-traffic-road-nyc-way/511905952","layer":"traffic_road","category":"transport","year":1983,"visible_year":2026,"rank":4,"name":"Canal Street","source_id":"way/511905952","source_url":"https://www.openstreetmap.org/way/511905952","license":"ODbL","transport_raw":0.102,"transport_count":1,"transport_activity":0.201,"representation":"major-road transport-event activity","timing_note":"Road color is a three-year transport-event activity surface on current OSM major road geometry, not measured traffic volume or congestion."},"geometry":{"type":"LineString","coordinates":[[-73.9961338,40.7161492],[-73.9960347,40.7160129],[-73.9957337,40.7155795]]}},{"type":"Feature","properties":{"id":"lens-traffic-road-nyc-way/1271581109","layer":"traffic_road","category":"transport","year":1983,"visible_year":2026,"rank":4,"name":"Cleveland Place","source_id":"way/1271581109","source_url":"https://www.openstreetmap.org/way/1271581109","license":"ODbL","transport_raw":0.102,"transport_count":1,"transport_activity":0.2,"representation":"major-road transport-event activity","timing_note":"Road color is a three-year transport-event activity surface on current OSM major road geometry, not measured traffic volume or congestion."},"geometry":{"type":"LineString","coordinates":[[-73.9974771,40.7212357],[-73.9974367,40.7213375],[-73.9974226,40.72138],[-73.9973963,40.7214592]]}},{"type":"Feature","properties":{"id":"lens-traffic-road-nyc-way/1341270468","layer":"traffic_road","category":"transport","year":1983,"visible_year":2026,"rank":3,"name":"Barclay Street","source_id":"way/1341270468","source_url":"https://www.openstreetmap.org/way/1341270468","license":"ODbL","transport_raw":0.102,"transport_count":1,"transport_activity":0.2,"representation":"major-road transport-event activity","timing_note":"Road color is a three-year transport-event activity surface on current OSM major road geometry, not measured traffic volume or congestion."},"geometry":{"type":"LineString","coordinates":[[-74.0088791,40.71236],[-74.0091963,40.7125082]]}},{"type":"Feature","properties":{"id":"lens-traffic-road-nyc-way/1190239185","layer":"traffic_road","category":"transport","year":1983,"visible_year":2026,"rank":3,"name":"Park Row","source_id":"way/1190239185","source_url":"https://www.openstreetmap.org/way/1190239185","license":"ODbL","transport_raw":0.101,"transport_count":1,"transport_activity":0.199,"representation":"major-road transport-event activity","timing_note":"Road color is a three-year transport-event activity surface on current OSM major road geometry, not measured traffic volume or congestion."},"geometry":{"type":"LineString","coordinates":[[-74.0080524,40.7119042],[-74.0080954,40.7119475],[-74.0081342,40.7119884]]}},{"type":"Feature","properties":{"id":"lens-traffic-road-nyc-way/991205021","layer":"traffic_road","category":"transport","year":1983,"visible_year":2026,"rank":4,"name":"Kenmare Street","source_id":"way/991205021","source_url":"https://www.openstreetmap.org/way/991205021","license":"ODbL","transport_raw":0.101,"transport_count":1,"transport_activity":0.198,"representation":"major-road transport-event activity","timing_note":"Road color is a three-year transport-event activity surface on current OSM major road geometry, not measured traffic volume or congestion."},"geometry":{"type":"LineString","coordinates":[[-73.9973963,40.7214592],[-73.9974393,40.7214736],[-73.9974689,40.7214835],[-73.997529,40.7215046],[-73.9976389,40.7215423],[-73.9976916,40.7215602],[-73.9977289,40.7215731],[-73.9977932,40.7215953]]}},{"type":"Feature","properties":{"id":"lens-traffic-road-nyc-way/1341270469","layer":"traffic_road","category":"transport","year":1983,"visible_year":2026,"rank":3,"name":"Barclay Street","source_id":"way/1341270469","source_url":"https://www.openstreetmap.org/way/1341270469","license":"ODbL","transport_raw":0.098,"transport_count":1,"transport_activity":0.193,"representation":"major-road transport-event activity","timing_note":"Road color is a three-year transport-event activity surface on current OSM major road geometry, not measured traffic volume or congestion."},"geometry":{"type":"LineString","coordinates":[[-74.0091963,40.7125082],[-74.0095569,40.7126768],[-74.009634,40.712713]]}},{"type":"Feature","properties":{"id":"lens-traffic-road-nyc-way/455501322","layer":"traffic_road","category":"transport","year":1983,"visible_year":2026,"rank":3,"name":"Park Row","source_id":"way/455501322","source_url":"https://www.openstreetmap.org/way/455501322","license":"ODbL","transport_raw":0.097,"transport_count":1,"transport_activity":0.192,"representation":"major-road transport-event activity","timing_note":"Road color is a three-year transport-event activity surface on current OSM major road geometry, not measured traffic volume or congestion."},"geometry":{"type":"LineString","coordinates":[[-74.0079458,40.7114635],[-74.0070999,40.7116677],[-74.0069661,40.7117008]]}},{"type":"Feature","properties":{"id":"lens-traffic-road-nyc-way/420355081","layer":"traffic_road","category":"transport","year":1983,"visible_year":2026,"rank":4,"name":"Bowery","source_id":"way/420355081","source_url":"https://www.openstreetmap.org/way/420355081","license":"ODbL","transport_raw":0.097,"transport_count":1,"transport_activity":0.191,"representation":"major-road transport-event activity","timing_note":"Road color is a three-year transport-event activity surface on current OSM major road geometry, not measured traffic volume or congestion."},"geometry":{"type":"LineString","coordinates":[[-73.9954393,40.7172902],[-73.9954752,40.7172302],[-73.9955002,40.7171883],[-73.9957977,40.7166913],[-73.9958338,40.7166309],[-73.9958489,40.7166082]]}},{"type":"Feature","properties":{"id":"lens-traffic-road-nyc-way/1329876948","layer":"traffic_road","category":"transport","year":1983,"visible_year":2026,"rank":3,"name":"East Broadway","source_id":"way/1329876948","source_url":"https://www.openstreetmap.org/way/1329876948","license":"ODbL","transport_raw":0.097,"transport_count":1,"transport_activity":0.19,"representation":"major-road transport-event activity","timing_note":"Road color is a three-year transport-event activity surface on current OSM major road geometry, not measured traffic volume or congestion."},"geometry":{"type":"LineString","coordinates":[[-73.9976411,40.7134475],[-73.9976071,40.7134455],[-73.9973672,40.7134633],[-73.9972984,40.7134688]]}},{"type":"Feature","properties":{"id":"lens-traffic-road-nyc-way/19725512","layer":"traffic_road","category":"transport","year":1983,"visible_year":2026,"rank":3,"name":"Canal Street","source_id":"way/19725512","source_url":"https://www.openstreetmap.org/way/19725512","license":"ODbL","transport_raw":0.096,"transport_count":1,"transport_activity":0.19,"representation":"major-road transport-event activity","timing_note":"Road color is a three-year transport-event activity surface on current OSM major road geometry, not measured traffic volume or congestion."},"geometry":{"type":"LineString","coordinates":[[-73.9954504,40.7160156],[-73.9955016,40.7161061],[-73.9956986,40.7164592],[-73.9957189,40.7164863],[-73.9957384,40.7165101],[-73.9957706,40.7165393],[-73.9958072,40.7165653],[-73.995827,40.7165864],[-73.9958376,40.7166019],[-73.9958489,40.7166082]]}},{"type":"Feature","properties":{"id":"lens-traffic-road-nyc-way/256902826","layer":"traffic_road","category":"transport","year":1983,"visible_year":2026,"rank":4,"name":"6th Avenue","source_id":"way/256902826","source_url":"https://www.openstreetmap.org/way/256902826","license":"ODbL","transport_raw":0.096,"transport_count":1,"transport_activity":0.19,"representation":"major-road transport-event activity","timing_note":"Road color is a three-year transport-event activity surface on current OSM major road geometry, not measured traffic volume or congestion."},"geometry":{"type":"LineString","coordinates":[[-74.0047955,40.7236306],[-74.0047644,40.7237083],[-74.0047478,40.7237483],[-74.0046068,40.7240959],[-74.0045754,40.7241732]]}},{"type":"Feature","properties":{"id":"lens-traffic-road-nyc-way/194923759","layer":"traffic_road","category":"transport","year":1983,"visible_year":2026,"rank":3,"name":"Park Row","source_id":"way/194923759","source_url":"https://www.openstreetmap.org/way/194923759","license":"ODbL","transport_raw":0.096,"transport_count":1,"transport_activity":0.189,"representation":"major-road transport-event activity","timing_note":"Road color is a three-year transport-event activity surface on current OSM major road geometry, not measured traffic volume or congestion."},"geometry":{"type":"LineString","coordinates":[[-74.0078441,40.7117314],[-74.0079014,40.711774],[-74.0079908,40.7118444],[-74.0080524,40.7119042]]}},{"type":"Feature","properties":{"id":"lens-traffic-road-nyc-way/526503346","layer":"traffic_road","category":"transport","year":1983,"visible_year":2026,"rank":3,"name":"Frankfort Street","source_id":"way/526503346","source_url":"https://www.openstreetmap.org/way/526503346","license":"ODbL","transport_raw":0.096,"transport_count":1,"transport_activity":0.189,"representation":"major-road transport-event activity","timing_note":"Road color is a three-year transport-event activity surface on current OSM major road geometry, not measured traffic volume or congestion."},"geometry":{"type":"LineString","coordinates":[[-74.0040754,40.7112548],[-74.0036905,40.7109994],[-74.0036162,40.7109496]]}},{"type":"Feature","properties":{"id":"lens-traffic-road-nyc-way/1237326683","layer":"traffic_road","category":"transport","year":1983,"visible_year":2026,"rank":4,"name":"Laight Street","source_id":"way/1237326683","source_url":"https://www.openstreetmap.org/way/1237326683","license":"ODbL","transport_raw":0.095,"transport_count":1,"transport_activity":0.188,"representation":"major-road transport-event activity","timing_note":"Road color is a three-year transport-event activity surface on current OSM major road geometry, not measured traffic volume or congestion."},"geometry":{"type":"LineString","coordinates":[[-74.0096998,40.7221329],[-74.0097659,40.7221396],[-74.009855,40.7221486],[-74.0099059,40.7221537]]}},{"type":"Feature","properties":{"id":"lens-traffic-road-nyc-way/1333438295","layer":"traffic_road","category":"transport","year":1983,"visible_year":2026,"rank":4,"name":"Saint James Place","source_id":"way/1333438295","source_url":"https://www.openstreetmap.org/way/1333438295","license":"ODbL","transport_raw":0.095,"transport_count":1,"transport_activity":0.188,"representation":"major-road transport-event activity","timing_note":"Road color is a three-year transport-event activity surface on current OSM major road geometry, not measured traffic volume or congestion."},"geometry":{"type":"LineString","coordinates":[[-73.9994748,40.7120291],[-73.9992979,40.7122003]]}},{"type":"Feature","properties":{"id":"lens-traffic-road-nyc-way/952703048","layer":"traffic_road","category":"transport","year":1983,"visible_year":2026,"rank":4,"name":"Canal Street","source_id":"way/952703048","source_url":"https://www.openstreetmap.org/way/952703048","license":"ODbL","transport_raw":0.095,"transport_count":1,"transport_activity":0.186,"representation":"major-road transport-event activity","timing_note":"Road color is a three-year transport-event activity surface on current OSM major road geometry, not measured traffic volume or congestion."},"geometry":{"type":"LineString","coordinates":[[-74.0077224,40.7234955],[-74.0076951,40.7234765],[-74.0073379,40.7232094],[-74.007217,40.7231886]]}},{"type":"Feature","properties":{"id":"lens-traffic-road-nyc-way/672746385","layer":"traffic_road","category":"transport","year":1983,"visible_year":2026,"rank":3,"name":"Park Row","source_id":"way/672746385","source_url":"https://www.openstreetmap.org/way/672746385","license":"ODbL","transport_raw":0.094,"transport_count":1,"transport_activity":0.185,"representation":"major-road transport-event activity","timing_note":"Road color is a three-year transport-event activity surface on current OSM major road geometry, not measured traffic volume or congestion."},"geometry":{"type":"LineString","coordinates":[[-74.0075513,40.7116733],[-74.0076083,40.7116679],[-74.007665,40.7116686],[-74.0077106,40.7116763],[-74.0077749,40.7116957],[-74.0078441,40.7117314]]}},{"type":"Feature","properties":{"id":"lens-traffic-road-nyc-way/421832644","layer":"traffic_road","category":"transport","year":1983,"visible_year":2026,"rank":3,"name":"Varick Street","source_id":"way/421832644","source_url":"https://www.openstreetmap.org/way/421832644","license":"ODbL","transport_raw":0.092,"transport_count":1,"transport_activity":0.181,"representation":"major-road transport-event activity","timing_note":"Road color is a three-year transport-event activity surface on current OSM major road geometry, not measured traffic volume or congestion."},"geometry":{"type":"LineString","coordinates":[[-74.006113,40.7237914],[-74.0061172,40.7237608],[-74.0061269,40.7237023]]}},{"type":"Feature","properties":{"id":"lens-traffic-road-nyc-way/1341258157","layer":"traffic_road","category":"transport","year":1983,"visible_year":2026,"rank":3,"name":"Division Street","source_id":"way/1341258157","source_url":"https://www.openstreetmap.org/way/1341258157","license":"ODbL","transport_raw":0.091,"transport_count":1,"transport_activity":0.18,"representation":"major-road transport-event activity","timing_note":"Road color is a three-year transport-event activity surface on current OSM major road geometry, not measured traffic volume or congestion."},"geometry":{"type":"LineString","coordinates":[[-73.9966039,40.7141086],[-73.9969532,40.7140818]]}},{"type":"Feature","properties":{"id":"lens-traffic-road-nyc-way/222299238","layer":"traffic_road","category":"transport","year":1983,"visible_year":2026,"rank":3,"name":"Barclay Street","source_id":"way/222299238","source_url":"https://www.openstreetmap.org/way/222299238","license":"ODbL","transport_raw":0.092,"transport_count":1,"transport_activity":0.18,"representation":"major-road transport-event activity","timing_note":"Road color is a three-year transport-event activity surface on current OSM major road geometry, not measured traffic volume or congestion."},"geometry":{"type":"LineString","coordinates":[[-74.009634,40.712713],[-74.009712,40.7127485],[-74.0097957,40.7127865],[-74.0106298,40.7131666]]}},{"type":"Feature","properties":{"id":"lens-traffic-road-nyc-way/1452842046","layer":"traffic_road","category":"transport","year":1983,"visible_year":2026,"rank":4,"name":"Hudson Street","source_id":"way/1452842046","source_url":"https://www.openstreetmap.org/way/1452842046","license":"ODbL","transport_raw":0.091,"transport_count":1,"transport_activity":0.179,"representation":"major-road transport-event activity","timing_note":"Road color is a three-year transport-event activity surface on current OSM major road geometry, not measured traffic volume or congestion."},"geometry":{"type":"LineString","coordinates":[[-74.0079839,40.7231558],[-74.0079678,40.7232777]]}},{"type":"Feature","properties":{"id":"lens-traffic-road-nyc-way/412876925","layer":"traffic_road","category":"transport","year":1983,"visible_year":2026,"rank":4,"name":"Canal Street","source_id":"way/412876925","source_url":"https://www.openstreetmap.org/way/412876925","license":"ODbL","transport_raw":0.091,"transport_count":1,"transport_activity":0.179,"representation":"major-road transport-event activity","timing_note":"Road color is a three-year transport-event activity surface on current OSM major road geometry, not measured traffic volume or congestion."},"geometry":{"type":"LineString","coordinates":[[-74.007217,40.7231886],[-74.0072355,40.7232802],[-74.0075525,40.723501],[-74.007605,40.7235375],[-74.0076357,40.7235592]]}},{"type":"Feature","properties":{"id":"lens-traffic-road-nyc-way/1333438296","layer":"traffic_road","category":"transport","year":1983,"visible_year":2026,"rank":4,"name":"Saint James Place","source_id":"way/1333438296","source_url":"https://www.openstreetmap.org/way/1333438296","license":"ODbL","transport_raw":0.089,"transport_count":1,"transport_activity":0.175,"representation":"major-road transport-event activity","timing_note":"Road color is a three-year transport-event activity surface on current OSM major road geometry, not measured traffic volume or congestion."},"geometry":{"type":"LineString","coordinates":[[-73.9997076,40.7117851],[-73.9996149,40.7118861],[-73.9995273,40.7119783],[-73.9994748,40.7120291]]}},{"type":"Feature","properties":{"id":"lens-traffic-road-nyc-way/388318981","layer":"traffic_road","category":"transport","year":1983,"visible_year":2026,"rank":3,"name":"Broadway","source_id":"way/388318981","source_url":"https://www.openstreetmap.org/way/388318981","license":"ODbL","transport_raw":0.089,"transport_count":1,"transport_activity":0.175,"representation":"major-road transport-event activity","timing_note":"Road color is a three-year transport-event activity surface on current OSM major road geometry, not measured traffic volume or congestion."},"geometry":{"type":"LineString","coordinates":[[-74.0081342,40.7119884],[-74.0081901,40.711926],[-74.008263,40.7118453],[-74.0084808,40.7115948]]}},{"type":"Feature","properties":{"id":"lens-traffic-road-nyc-way/1342249124","layer":"traffic_road","category":"transport","year":1983,"visible_year":2026,"rank":4,"name":"Hudson Street","source_id":"way/1342249124","source_url":"https://www.openstreetmap.org/way/1342249124","license":"ODbL","transport_raw":0.088,"transport_count":1,"transport_activity":0.174,"representation":"major-road transport-event activity","timing_note":"Road color is a three-year transport-event activity surface on current OSM major road geometry, not measured traffic volume or congestion."},"geometry":{"type":"LineString","coordinates":[[-74.0080724,40.7231488],[-74.0080506,40.7232866]]}},{"type":"Feature","properties":{"id":"lens-traffic-road-nyc-way/166038501","layer":"traffic_road","category":"transport","year":1983,"visible_year":2026,"rank":4,"name":"Canal Street","source_id":"way/166038501","source_url":"https://www.openstreetmap.org/way/166038501","license":"ODbL","transport_raw":0.088,"transport_count":1,"transport_activity":0.174,"representation":"major-road transport-event activity","timing_note":"Road color is a three-year transport-event activity surface on current OSM major road geometry, not measured traffic volume or congestion."},"geometry":{"type":"LineString","coordinates":[[-73.995252,40.7155392],[-73.9953675,40.7157073],[-73.9954567,40.7158391],[-73.995512,40.7159146],[-73.9955701,40.7159827],[-73.9956529,40.7160559],[-73.99576,40.7161295],[-73.9958312,40.7161709],[-73.9958608,40.7161845],[-73.9959089,40.7162066],[-73.9960008,40.7162461],[-73.9960588,40.7162686]]}},{"type":"Feature","properties":{"id":"lens-traffic-road-nyc-way/226040986","layer":"traffic_road","category":"transport","year":1983,"visible_year":2026,"rank":3,"name":"Chambers Street","source_id":"way/226040986","source_url":"https://www.openstreetmap.org/way/226040986","license":"ODbL","transport_raw":0.089,"transport_count":1,"transport_activity":0.174,"representation":"major-road transport-event activity","timing_note":"Road color is a three-year transport-event activity surface on current OSM major road geometry, not measured traffic volume or congestion."},"geometry":{"type":"LineString","coordinates":[[-74.0121906,40.7168785],[-74.0126316,40.7170775],[-74.0127568,40.7171351]]}},{"type":"Feature","properties":{"id":"lens-traffic-road-nyc-way/195743229","layer":"traffic_road","category":"transport","year":1983,"visible_year":2026,"rank":4.5,"name":"West Street","source_id":"way/195743229","source_url":"https://www.openstreetmap.org/way/195743229","license":"ODbL","transport_raw":0.088,"transport_count":1,"transport_activity":0.173,"representation":"major-road transport-event activity","timing_note":"Road color is a three-year transport-event activity surface on current OSM major road geometry, not measured traffic volume or congestion."},"geometry":{"type":"LineString","coordinates":[[-74.0127568,40.7171351],[-74.0123505,40.7189317],[-74.0123246,40.7190475]]}},{"type":"Feature","properties":{"id":"lens-traffic-road-nyc-way/1396464328","layer":"traffic_road","category":"transport","year":1983,"visible_year":2026,"rank":4.5,"name":"Brooklyn Bridge","source_id":"way/1396464328","source_url":"https://www.openstreetmap.org/way/1396464328","license":"ODbL","transport_raw":0.086,"transport_count":1,"transport_activity":0.169,"representation":"major-road transport-event activity","timing_note":"Road color is a three-year transport-event activity surface on current OSM major road geometry, not measured traffic volume or congestion."},"geometry":{"type":"LineString","coordinates":[[-74.0026237,40.7107999],[-74.003114,40.7111862]]}},{"type":"Feature","properties":{"id":"lens-traffic-road-nyc-way/1497537770","layer":"traffic_road","category":"transport","year":1983,"visible_year":2026,"rank":3,"name":"Grand Street","source_id":"way/1497537770","source_url":"https://www.openstreetmap.org/way/1497537770","license":"ODbL","transport_raw":0.082,"transport_count":1,"transport_activity":0.162,"representation":"major-road transport-event activity","timing_note":"Road color is a three-year transport-event activity surface on current OSM major road geometry, not measured traffic volume or congestion."},"geometry":{"type":"LineString","coordinates":[[-73.9956895,40.7187939],[-73.9956394,40.7187762],[-73.9952482,40.7186387]]}},{"type":"Feature","properties":{"id":"lens-traffic-road-nyc-way/195743226","layer":"traffic_road","category":"transport","year":1983,"visible_year":2026,"rank":4.5,"name":"West Street","source_id":"way/195743226","source_url":"https://www.openstreetmap.org/way/195743226","license":"ODbL","transport_raw":0.08,"transport_count":1,"transport_activity":0.158,"representation":"major-road transport-event activity","timing_note":"Road color is a three-year transport-event activity surface on current OSM major road geometry, not measured traffic volume or congestion."},"geometry":{"type":"LineString","coordinates":[[-74.0123246,40.7190475],[-74.0122999,40.7191627],[-74.0121519,40.7198535],[-74.012078,40.7201985],[-74.0120514,40.720319]]}},{"type":"Feature","properties":{"id":"lens-traffic-road-nyc-way/414743429","layer":"traffic_road","category":"transport","year":1983,"visible_year":2026,"rank":3,"name":"Frankfort Street","source_id":"way/414743429","source_url":"https://www.openstreetmap.org/way/414743429","license":"ODbL","transport_raw":0.078,"transport_count":1,"transport_activity":0.153,"representation":"major-road transport-event activity","timing_note":"Road color is a three-year transport-event activity surface on current OSM major road geometry, not measured traffic volume or congestion."},"geometry":{"type":"LineString","coordinates":[[-74.0029673,40.7105184],[-74.0030742,40.7106629],[-74.0031367,40.7107254],[-74.0032173,40.7107868],[-74.0034618,40.7109451],[-74.0034904,40.710954],[-74.0035213,40.7109603],[-74.003543,40.7109595],[-74.0035813,40.7109555],[-74.0036162,40.7109496]]}},{"type":"Feature","properties":{"id":"lens-traffic-road-nyc-way/1329888403","layer":"traffic_road","category":"transport","year":1983,"visible_year":2026,"rank":4,"name":"Saint James Place","source_id":"way/1329888403","source_url":"https://www.openstreetmap.org/way/1329888403","license":"ODbL","transport_raw":0.077,"transport_count":1,"transport_activity":0.152,"representation":"major-road transport-event activity","timing_note":"Road color is a three-year transport-event activity surface on current OSM major road geometry, not measured traffic volume or congestion."},"geometry":{"type":"LineString","coordinates":[[-74.0000875,40.7113952],[-73.9998048,40.7116754],[-73.9997076,40.7117851]]}},{"type":"Feature","properties":{"id":"lens-traffic-road-nyc-way/1452842047","layer":"traffic_road","category":"transport","year":1983,"visible_year":2026,"rank":4,"name":"Hudson Street","source_id":"way/1452842047","source_url":"https://www.openstreetmap.org/way/1452842047","license":"ODbL","transport_raw":0.074,"transport_count":1,"transport_activity":0.146,"representation":"major-road transport-event activity","timing_note":"Road color is a three-year transport-event activity surface on current OSM major road geometry, not measured traffic volume or congestion."},"geometry":{"type":"LineString","coordinates":[[-74.0079678,40.7232777],[-74.0079571,40.7233788],[-74.0079522,40.7235744],[-74.0079501,40.7236607]]}},{"type":"Feature","properties":{"id":"lens-traffic-road-nyc-way/524363437","layer":"traffic_road","category":"transport","year":1983,"visible_year":2026,"rank":3,"name":"Frankfort Street","source_id":"way/524363437","source_url":"https://www.openstreetmap.org/way/524363437","license":"ODbL","transport_raw":0.074,"transport_count":1,"transport_activity":0.146,"representation":"major-road transport-event activity","timing_note":"Road color is a three-year transport-event activity surface on current OSM major road geometry, not measured traffic volume or congestion."},"geometry":{"type":"LineString","coordinates":[[-74.0036162,40.7109496],[-74.0035563,40.7109075],[-74.0034015,40.7108044],[-74.0029673,40.7105184]]}},{"type":"Feature","properties":{"id":"lens-traffic-road-nyc-way/1333440868","layer":"traffic_road","category":"transport","year":1983,"visible_year":2026,"rank":3,"name":"Barclay Street","source_id":"way/1333440868","source_url":"https://www.openstreetmap.org/way/1333440868","license":"ODbL","transport_raw":0.074,"transport_count":1,"transport_activity":0.145,"representation":"major-road transport-event activity","timing_note":"Road color is a three-year transport-event activity surface on current OSM major road geometry, not measured traffic volume or congestion."},"geometry":{"type":"LineString","coordinates":[[-74.0106298,40.7131666],[-74.010911,40.7132947],[-74.0110084,40.7133376]]}},{"type":"Feature","properties":{"id":"lens-traffic-road-nyc-way/1341647375","layer":"traffic_road","category":"transport","year":1983,"visible_year":2026,"rank":4.5,"name":"West Street","source_id":"way/1341647375","source_url":"https://www.openstreetmap.org/way/1341647375","license":"ODbL","transport_raw":0.073,"transport_count":1,"transport_activity":0.144,"representation":"major-road transport-event activity","timing_note":"Road color is a three-year transport-event activity surface on current OSM major road geometry, not measured traffic volume or congestion."},"geometry":{"type":"LineString","coordinates":[[-74.0128305,40.7168432],[-74.012784,40.7170331],[-74.0127568,40.7171351]]}},{"type":"Feature","properties":{"id":"lens-traffic-road-nyc-way/1007629839","layer":"traffic_road","category":"transport","year":1983,"visible_year":2026,"rank":4,"name":"Hudson Street","source_id":"way/1007629839","source_url":"https://www.openstreetmap.org/way/1007629839","license":"ODbL","transport_raw":0.073,"transport_count":1,"transport_activity":0.143,"representation":"major-road transport-event activity","timing_note":"Road color is a three-year transport-event activity surface on current OSM major road geometry, not measured traffic volume or congestion."},"geometry":{"type":"LineString","coordinates":[[-74.0080506,40.7232866],[-74.0080295,40.723384],[-74.0079703,40.7235883],[-74.0079501,40.7236607]]}},{"type":"Feature","properties":{"id":"lens-traffic-road-nyc-way/1113267323","layer":"traffic_road","category":"transport","year":1983,"visible_year":2026,"rank":4.5,"name":"West Street","source_id":"way/1113267323","source_url":"https://www.openstreetmap.org/way/1113267323","license":"ODbL","transport_raw":0.072,"transport_count":1,"transport_activity":0.143,"representation":"major-road transport-event activity","timing_note":"Road color is a three-year transport-event activity surface on current OSM major road geometry, not measured traffic volume or congestion."},"geometry":{"type":"LineString","coordinates":[[-74.012698,40.7185464],[-74.012784,40.7182019],[-74.012829,40.7180101]]}},{"type":"Feature","properties":{"id":"lens-traffic-road-nyc-way/46139033","layer":"traffic_road","category":"transport","year":1983,"visible_year":2026,"rank":3,"name":"Varick Street","source_id":"way/46139033","source_url":"https://www.openstreetmap.org/way/46139033","license":"ODbL","transport_raw":0.072,"transport_count":1,"transport_activity":0.141,"representation":"major-road transport-event activity","timing_note":"Road color is a three-year transport-event activity surface on current OSM major road geometry, not measured traffic volume or congestion."},"geometry":{"type":"LineString","coordinates":[[-74.005932,40.7244039],[-74.0059509,40.7243191],[-74.006036,40.723859],[-74.0060397,40.7238386],[-74.006113,40.7237914]]}},{"type":"Feature","properties":{"id":"lens-traffic-road-nyc-way/46165812","layer":"traffic_road","category":"transport","year":1983,"visible_year":2026,"rank":3,"name":"Murray Street","source_id":"way/46165812","source_url":"https://www.openstreetmap.org/way/46165812","license":"ODbL","transport_raw":0.071,"transport_count":1,"transport_activity":0.14,"representation":"major-road transport-event activity","timing_note":"Road color is a three-year transport-event activity surface on current OSM major road geometry, not measured traffic volume or congestion."},"geometry":{"type":"LineString","coordinates":[[-74.0130952,40.7152035],[-74.0130693,40.7151992],[-74.013055,40.7151969],[-74.012532,40.7151116],[-74.0121722,40.7150547],[-74.0114888,40.7149457],[-74.0114167,40.7149333],[-74.0113363,40.714913]]}},{"type":"Feature","properties":{"id":"lens-traffic-road-nyc-way/420809414","layer":"traffic_road","category":"transport","year":1983,"visible_year":2026,"rank":4,"name":"Canal Street","source_id":"way/420809414","source_url":"https://www.openstreetmap.org/way/420809414","license":"ODbL","transport_raw":0.071,"transport_count":1,"transport_activity":0.139,"representation":"major-road transport-event activity","timing_note":"Road color is a three-year transport-event activity surface on current OSM major road geometry, not measured traffic volume or congestion."},"geometry":{"type":"LineString","coordinates":[[-74.0079501,40.7236607],[-74.0078126,40.723559],[-74.0077224,40.7234955]]}},{"type":"Feature","properties":{"id":"lens-traffic-road-nyc-way/1335381157","layer":"traffic_road","category":"transport","year":1983,"visible_year":2026,"rank":3,"name":"Division Street","source_id":"way/1335381157","source_url":"https://www.openstreetmap.org/way/1335381157","license":"ODbL","transport_raw":0.07,"transport_count":1,"transport_activity":0.138,"representation":"major-road transport-event activity","timing_note":"Road color is a three-year transport-event activity surface on current OSM major road geometry, not measured traffic volume or congestion."},"geometry":{"type":"LineString","coordinates":[[-73.996085,40.7141484],[-73.9962839,40.7141331],[-73.9966039,40.7141086]]}},{"type":"Feature","properties":{"id":"lens-traffic-road-nyc-way/438367286","layer":"traffic_road","category":"transport","year":1983,"visible_year":2026,"rank":4.5,"name":"West Street","source_id":"way/438367286","source_url":"https://www.openstreetmap.org/way/438367286","license":"ODbL","transport_raw":0.07,"transport_count":1,"transport_activity":0.138,"representation":"major-road transport-event activity","timing_note":"Road color is a three-year transport-event activity surface on current OSM major road geometry, not measured traffic volume or congestion."},"geometry":{"type":"LineString","coordinates":[[-74.0122789,40.7203434],[-74.0123056,40.7202263],[-74.0125457,40.719194],[-74.0125988,40.7189633],[-74.012698,40.7185464]]}},{"type":"Feature","properties":{"id":"lens-traffic-road-nyc-way/675967321","layer":"traffic_road","category":"transport","year":1983,"visible_year":2026,"rank":4,"name":"Bowery","source_id":"way/675967321","source_url":"https://www.openstreetmap.org/way/675967321","license":"ODbL","transport_raw":0.069,"transport_count":1,"transport_activity":0.136,"representation":"major-road transport-event activity","timing_note":"Road color is a three-year transport-event activity surface on current OSM major road geometry, not measured traffic volume or congestion."},"geometry":{"type":"LineString","coordinates":[[-73.994808,40.7184777],[-73.9948489,40.7183913],[-73.9948714,40.7183439],[-73.9950738,40.7179329],[-73.9951216,40.7178444],[-73.9951785,40.7177454],[-73.9952305,40.7176509],[-73.9952881,40.7175486],[-73.9953824,40.7173842],[-73.9954072,40.7173432],[-73.9954393,40.7172902]]}},{"type":"Feature","properties":{"id":"lens-traffic-road-nyc-way/420772653","layer":"traffic_road","category":"transport","year":1983,"visible_year":2026,"rank":3,"name":"Chambers Street","source_id":"way/420772653","source_url":"https://www.openstreetmap.org/way/420772653","license":"ODbL","transport_raw":0.069,"transport_count":1,"transport_activity":0.135,"representation":"major-road transport-event activity","timing_note":"Road color is a three-year transport-event activity surface on current OSM major road geometry, not measured traffic volume or congestion."},"geometry":{"type":"LineString","coordinates":[[-74.0127568,40.7171351],[-74.0130166,40.7172557]]}},{"type":"Feature","properties":{"id":"lens-traffic-road-nyc-way/991205022","layer":"traffic_road","category":"transport","year":1983,"visible_year":2026,"rank":3,"name":"Cleveland Place","source_id":"way/991205022","source_url":"https://www.openstreetmap.org/way/991205022","license":"ODbL","transport_raw":0.068,"transport_count":1,"transport_activity":0.135,"representation":"major-road transport-event activity","timing_note":"Road color is a three-year transport-event activity surface on current OSM major road geometry, not measured traffic volume or congestion."},"geometry":{"type":"LineString","coordinates":[[-73.9973963,40.7214592],[-73.9973701,40.7215382],[-73.9973607,40.7215665],[-73.9971333,40.7221948],[-73.9971272,40.7222503],[-73.9971193,40.7222994]]}},{"type":"Feature","properties":{"id":"lens-traffic-road-nyc-way/420809421","layer":"traffic_road","category":"transport","year":1983,"visible_year":2026,"rank":4.5,"name":"West Street","source_id":"way/420809421","source_url":"https://www.openstreetmap.org/way/420809421","license":"ODbL","transport_raw":0.067,"transport_count":1,"transport_activity":0.132,"representation":"major-road transport-event activity","timing_note":"Road color is a three-year transport-event activity surface on current OSM major road geometry, not measured traffic volume or congestion."},"geometry":{"type":"LineString","coordinates":[[-74.012829,40.7180101],[-74.0130166,40.7172557]]}},{"type":"Feature","properties":{"id":"lens-traffic-road-nyc-way/421832641","layer":"traffic_road","category":"transport","year":1983,"visible_year":2026,"rank":4,"name":"Canal Street","source_id":"way/421832641","source_url":"https://www.openstreetmap.org/way/421832641","license":"ODbL","transport_raw":0.067,"transport_count":1,"transport_activity":0.132,"representation":"major-road transport-event activity","timing_note":"Road color is a three-year transport-event activity surface on current OSM major road geometry, not measured traffic volume or congestion."},"geometry":{"type":"LineString","coordinates":[[-74.0076357,40.7235592],[-74.007737,40.7236243],[-74.007929,40.7237633]]}},{"type":"Feature","properties":{"id":"lens-traffic-road-nyc-way/1158491835","layer":"traffic_road","category":"transport","year":1983,"visible_year":2026,"rank":3,"name":"Park Row","source_id":"way/1158491835","source_url":"https://www.openstreetmap.org/way/1158491835","license":"ODbL","transport_raw":0.067,"transport_count":1,"transport_activity":0.131,"representation":"major-road transport-event activity","timing_note":"Road color is a three-year transport-event activity surface on current OSM major road geometry, not measured traffic volume or congestion."},"geometry":{"type":"LineString","coordinates":[[-74.0082065,40.7113856],[-74.0079458,40.7114635]]}},{"type":"Feature","properties":{"id":"lens-traffic-road-nyc-way/466956272","layer":"traffic_road","category":"transport","year":1983,"visible_year":2026,"rank":3,"name":"Varick Street","source_id":"way/466956272","source_url":"https://www.openstreetmap.org/way/466956272","license":"ODbL","transport_raw":0.067,"transport_count":1,"transport_activity":0.131,"representation":"major-road transport-event activity","timing_note":"Road color is a three-year transport-event activity surface on current OSM major road geometry, not measured traffic volume or congestion."},"geometry":{"type":"LineString","coordinates":[[-74.0060539,40.7244198],[-74.0060453,40.7243486],[-74.0060394,40.7243036],[-74.0061244,40.7238798],[-74.0061272,40.7238653],[-74.006113,40.7237914]]}},{"type":"Feature","properties":{"id":"lens-traffic-road-nyc-way/5670084","layer":"traffic_road","category":"transport","year":1983,"visible_year":2026,"rank":3,"name":"Broome Street","source_id":"way/5670084","source_url":"https://www.openstreetmap.org/way/5670084","license":"ODbL","transport_raw":0.066,"transport_count":1,"transport_activity":0.129,"representation":"major-road transport-event activity","timing_note":"Road color is a three-year transport-event activity surface on current OSM major road geometry, not measured traffic volume or congestion."},"geometry":{"type":"LineString","coordinates":[[-73.9943946,40.7194667],[-73.9945147,40.7195685],[-73.9951957,40.7198465],[-73.9952571,40.7198711],[-73.9953306,40.7199006],[-73.9959686,40.7201568],[-73.9960274,40.7201804],[-73.9960971,40.7202084],[-73.9967261,40.7204622],[-73.9967721,40.7204808],[-73.9968358,40.7205066]]}},{"type":"Feature","properties":{"id":"lens-traffic-road-nyc-way/222299274","layer":"traffic_road","category":"transport","year":1983,"visible_year":2026,"rank":4.5,"name":"West Street","source_id":"way/222299274","source_url":"https://www.openstreetmap.org/way/222299274","license":"ODbL","transport_raw":0.064,"transport_count":1,"transport_activity":0.127,"representation":"major-road transport-event activity","timing_note":"Road color is a three-year transport-event activity surface on current OSM major road geometry, not measured traffic volume or congestion."},"geometry":{"type":"LineString","coordinates":[[-74.0129331,40.7164234],[-74.0129112,40.7165132],[-74.0128305,40.7168432]]}},{"type":"Feature","properties":{"id":"lens-traffic-road-nyc-way/1332816547","layer":"traffic_road","category":"transport","year":1983,"visible_year":2026,"rank":4,"name":"Saint James Place","source_id":"way/1332816547","source_url":"https://www.openstreetmap.org/way/1332816547","license":"ODbL","transport_raw":0.062,"transport_count":1,"transport_activity":0.122,"representation":"major-road transport-event activity","timing_note":"Road color is a three-year transport-event activity surface on current OSM major road geometry, not measured traffic volume or congestion."},"geometry":{"type":"LineString","coordinates":[[-74.0003778,40.7111112],[-74.0000875,40.7113952]]}},{"type":"Feature","properties":{"id":"lens-traffic-road-nyc-way/891074599","layer":"traffic_road","category":"transport","year":1983,"visible_year":2026,"rank":3,"name":"Barclay Street","source_id":"way/891074599","source_url":"https://www.openstreetmap.org/way/891074599","license":"ODbL","transport_raw":0.062,"transport_count":1,"transport_activity":0.122,"representation":"major-road transport-event activity","timing_note":"Road color is a three-year transport-event activity surface on current OSM major road geometry, not measured traffic volume or congestion."},"geometry":{"type":"LineString","coordinates":[[-74.0110084,40.7133376],[-74.0111099,40.7133823],[-74.0115412,40.7135827],[-74.011617,40.7136173]]}},{"type":"Feature","properties":{"id":"lens-traffic-road-nyc-way/450807242","layer":"traffic_road","category":"transport","year":1983,"visible_year":2026,"rank":3,"name":"Canal Street","source_id":"way/450807242","source_url":"https://www.openstreetmap.org/way/450807242","license":"ODbL","transport_raw":0.06,"transport_count":1,"transport_activity":0.119,"representation":"major-road transport-event activity","timing_note":"Road color is a three-year transport-event activity surface on current OSM major road geometry, not measured traffic volume or congestion."},"geometry":{"type":"LineString","coordinates":[[-73.9950346,40.7159115],[-73.9950597,40.7159049],[-73.9950961,40.7159035],[-73.9951265,40.7159074],[-73.9953325,40.7159711],[-73.9953948,40.7159921],[-73.9954504,40.7160156]]}},{"type":"Feature","properties":{"id":"lens-traffic-road-nyc-way/420772654","layer":"traffic_road","category":"transport","year":1983,"visible_year":2026,"rank":4.5,"name":"West Street","source_id":"way/420772654","source_url":"https://www.openstreetmap.org/way/420772654","license":"ODbL","transport_raw":0.059,"transport_count":1,"transport_activity":0.117,"representation":"major-road transport-event activity","timing_note":"Road color is a three-year transport-event activity surface on current OSM major road geometry, not measured traffic volume or congestion."},"geometry":{"type":"LineString","coordinates":[[-74.0130166,40.7172557],[-74.0130436,40.7171473],[-74.0130705,40.7170322]]}},{"type":"Feature","properties":{"id":"lens-traffic-road-nyc-way/516664210","layer":"traffic_road","category":"transport","year":1983,"visible_year":2026,"rank":4.5,"name":"West Street","source_id":"way/516664210","source_url":"https://www.openstreetmap.org/way/516664210","license":"ODbL","transport_raw":0.059,"transport_count":1,"transport_activity":0.116,"representation":"major-road transport-event activity","timing_note":"Road color is a three-year transport-event activity surface on current OSM major road geometry, not measured traffic volume or congestion."},"geometry":{"type":"LineString","coordinates":[[-74.0120514,40.720319],[-74.0120278,40.7204331],[-74.0117761,40.7216368]]}},{"type":"Feature","properties":{"id":"lens-traffic-road-nyc-way/1238431052","layer":"traffic_road","category":"transport","year":1983,"visible_year":2026,"rank":3,"name":"Madison Street","source_id":"way/1238431052","source_url":"https://www.openstreetmap.org/way/1238431052","license":"ODbL","transport_raw":0.059,"transport_count":1,"transport_activity":0.115,"representation":"major-road transport-event activity","timing_note":"Road color is a three-year transport-event activity surface on current OSM major road geometry, not measured traffic volume or congestion."},"geometry":{"type":"LineString","coordinates":[[-73.9997076,40.7117851],[-73.9995229,40.7118025],[-73.9987412,40.7118737],[-73.9986817,40.711879],[-73.9986406,40.7118834],[-73.9978742,40.7119634],[-73.9977759,40.7119737]]}},{"type":"Feature","properties":{"id":"lens-traffic-road-nyc-way/412115641","layer":"traffic_road","category":"transport","year":1983,"visible_year":2026,"rank":4,"name":"Laight Street","source_id":"way/412115641","source_url":"https://www.openstreetmap.org/way/412115641","license":"ODbL","transport_raw":0.059,"transport_count":1,"transport_activity":0.115,"representation":"major-road transport-event activity","timing_note":"Road color is a three-year transport-event activity surface on current OSM major road geometry, not measured traffic volume or congestion."},"geometry":{"type":"LineString","coordinates":[[-74.0099059,40.7221537],[-74.0104849,40.7222089],[-74.0105584,40.7222159],[-74.0106399,40.7222236],[-74.0114317,40.7222991]]}},{"type":"Feature","properties":{"id":"lens-traffic-road-nyc-way/952703047","layer":"traffic_road","category":"transport","year":1983,"visible_year":2026,"rank":4.5,"name":"Hudson Street","source_id":"way/952703047","source_url":"https://www.openstreetmap.org/way/952703047","license":"ODbL","transport_raw":0.058,"transport_count":1,"transport_activity":0.115,"representation":"major-road transport-event activity","timing_note":"Road color is a three-year transport-event activity surface on current OSM major road geometry, not measured traffic volume or congestion."},"geometry":{"type":"LineString","coordinates":[[-74.0079501,40.7236607],[-74.007929,40.7237633]]}},{"type":"Feature","properties":{"id":"lens-traffic-road-nyc-way/974294810","layer":"traffic_road","category":"transport","year":1983,"visible_year":2026,"rank":3,"name":"Broadway","source_id":"way/974294810","source_url":"https://www.openstreetmap.org/way/974294810","license":"ODbL","transport_raw":0.057,"transport_count":1,"transport_activity":0.113,"representation":"major-road transport-event activity","timing_note":"Road color is a three-year transport-event activity surface on current OSM major road geometry, not measured traffic volume or congestion."},"geometry":{"type":"LineString","coordinates":[[-74.0084808,40.7115948],[-74.0085812,40.7114771],[-74.0086548,40.7113948]]}},{"type":"Feature","properties":{"id":"lens-traffic-road-nyc-way/421832645","layer":"traffic_road","category":"transport","year":1983,"visible_year":2026,"rank":4.5,"name":"West Street","source_id":"way/421832645","source_url":"https://www.openstreetmap.org/way/421832645","license":"ODbL","transport_raw":0.055,"transport_count":1,"transport_activity":0.109,"representation":"major-road transport-event activity","timing_note":"Road color is a three-year transport-event activity surface on current OSM major road geometry, not measured traffic volume or congestion."},"geometry":{"type":"LineString","coordinates":[[-74.0130407,40.715966],[-74.012956,40.7163227],[-74.0129331,40.7164234]]}},{"type":"Feature","properties":{"id":"lens-traffic-road-nyc-way/1317749677","layer":"traffic_road","category":"transport","year":1983,"visible_year":2026,"rank":3,"name":"Grand Street","source_id":"way/1317749677","source_url":"https://www.openstreetmap.org/way/1317749677","license":"ODbL","transport_raw":0.055,"transport_count":1,"transport_activity":0.108,"representation":"major-road transport-event activity","timing_note":"Road color is a three-year transport-event activity surface on current OSM major road geometry, not measured traffic volume or congestion."},"geometry":{"type":"LineString","coordinates":[[-73.9952482,40.7186387],[-73.9949904,40.7185483],[-73.9949289,40.7185258],[-73.994808,40.7184777]]}},{"type":"Feature","properties":{"id":"lens-traffic-road-nyc-way/5671717","layer":"traffic_road","category":"transport","year":1983,"visible_year":2026,"rank":4,"name":"Saint James Place","source_id":"way/5671717","source_url":"https://www.openstreetmap.org/way/5671717","license":"ODbL","transport_raw":0.053,"transport_count":1,"transport_activity":0.105,"representation":"major-road transport-event activity","timing_note":"Road color is a three-year transport-event activity surface on current OSM major road geometry, not measured traffic volume or congestion."},"geometry":{"type":"LineString","coordinates":[[-74.0004898,40.7109994],[-74.0003778,40.7111112]]}},{"type":"Feature","properties":{"id":"lens-traffic-road-nyc-way/46116326","layer":"traffic_road","category":"transport","year":1983,"visible_year":2026,"rank":3,"name":"Park Row","source_id":"way/46116326","source_url":"https://www.openstreetmap.org/way/46116326","license":"ODbL","transport_raw":0.052,"transport_count":1,"transport_activity":0.102,"representation":"major-road transport-event activity","timing_note":"Road color is a three-year transport-event activity surface on current OSM major road geometry, not measured traffic volume or congestion."},"geometry":{"type":"LineString","coordinates":[[-74.0085272,40.7113281],[-74.0084985,40.7113207],[-74.0084682,40.7113166],[-74.0084405,40.7113167],[-74.0084177,40.71132],[-74.008401,40.7113239],[-74.0082835,40.7113626],[-74.0082065,40.7113856]]}},{"type":"Feature","properties":{"id":"lens-traffic-road-nyc-way/1396464327","layer":"traffic_road","category":"transport","year":1983,"visible_year":2026,"rank":4.5,"name":"Brooklyn Bridge","source_id":"way/1396464327","source_url":"https://www.openstreetmap.org/way/1396464327","license":"ODbL","transport_raw":0.052,"transport_count":1,"transport_activity":0.101,"representation":"major-road transport-event activity","timing_note":"Road color is a three-year transport-event activity surface on current OSM major road geometry, not measured traffic volume or congestion."},"geometry":{"type":"LineString","coordinates":[[-74.0021033,40.7103823],[-74.0026237,40.7107999]]}},{"type":"Feature","properties":{"id":"lens-traffic-road-nyc-way/5673424","layer":"traffic_road","category":"transport","year":1983,"visible_year":2026,"rank":3,"name":"East Broadway","source_id":"way/5673424","source_url":"https://www.openstreetmap.org/way/5673424","license":"ODbL","transport_raw":0.051,"transport_count":1,"transport_activity":0.1,"representation":"major-road transport-event activity","timing_note":"Road color is a three-year transport-event activity surface on current OSM major road geometry, not measured traffic volume or congestion."},"geometry":{"type":"LineString","coordinates":[[-73.9972984,40.7134688],[-73.9972428,40.7134734],[-73.9961467,40.713564],[-73.9949113,40.7136682]]}},{"type":"Feature","properties":{"id":"lens-traffic-road-nyc-way/978439270","layer":"traffic_road","category":"transport","year":1983,"visible_year":2026,"rank":4.5,"name":"West Street","source_id":"way/978439270","source_url":"https://www.openstreetmap.org/way/978439270","license":"ODbL","transport_raw":0.05,"transport_count":1,"transport_activity":0.099,"representation":"major-road transport-event activity","timing_note":"Road color is a three-year transport-event activity surface on current OSM major road geometry, not measured traffic volume or congestion."},"geometry":{"type":"LineString","coordinates":[[-74.0130705,40.7170322],[-74.0131563,40.7167052],[-74.0131812,40.7166119],[-74.0132067,40.7165175]]}},{"type":"Feature","properties":{"id":"lens-traffic-road-nyc-way/46189288","layer":"traffic_road","category":"transport","year":1983,"visible_year":2026,"rank":4,"name":"Canal Street","source_id":"way/46189288","source_url":"https://www.openstreetmap.org/way/46189288","license":"ODbL","transport_raw":0.049,"transport_count":1,"transport_activity":0.097,"representation":"major-road transport-event activity","timing_note":"Road color is a three-year transport-event activity surface on current OSM major road geometry, not measured traffic volume or congestion."},"geometry":{"type":"LineString","coordinates":[[-73.9951287,40.7153328],[-73.995252,40.7155392]]}},{"type":"Feature","properties":{"id":"lens-traffic-road-nyc-way/1416936035","layer":"traffic_road","category":"transport","year":1983,"visible_year":2026,"rank":3,"name":"Park Row","source_id":"way/1416936035","source_url":"https://www.openstreetmap.org/way/1416936035","license":"ODbL","transport_raw":0.048,"transport_count":1,"transport_activity":0.095,"representation":"major-road transport-event activity","timing_note":"Road color is a three-year transport-event activity surface on current OSM major road geometry, not measured traffic volume or congestion."},"geometry":{"type":"LineString","coordinates":[[-74.0086548,40.7113948],[-74.0085748,40.7113507],[-74.0085272,40.7113281]]}},{"type":"Feature","properties":{"id":"lens-traffic-road-nyc-way/166038145","layer":"traffic_road","category":"transport","year":1983,"visible_year":2026,"rank":3,"name":"Chrystie Street","source_id":"way/166038145","source_url":"https://www.openstreetmap.org/way/166038145","license":"ODbL","transport_raw":0.048,"transport_count":1,"transport_activity":0.094,"representation":"major-road transport-event activity","timing_note":"Road color is a three-year transport-event activity surface on current OSM major road geometry, not measured traffic volume or congestion."},"geometry":{"type":"LineString","coordinates":[[-73.9947504,40.7164189],[-73.9948753,40.7162565],[-73.9949353,40.7161383],[-73.9949654,40.7160738],[-73.9949954,40.7160049],[-73.9950166,40.7159518],[-73.9950346,40.7159115]]}},{"type":"Feature","properties":{"id":"lens-traffic-road-nyc-way/5673530","layer":"traffic_road","category":"transport","year":1983,"visible_year":2026,"rank":3,"name":"Vesey Street","source_id":"way/5673530","source_url":"https://www.openstreetmap.org/way/5673530","license":"ODbL","transport_raw":0.048,"transport_count":1,"transport_activity":0.094,"representation":"major-road transport-event activity","timing_note":"Road color is a three-year transport-event activity surface on current OSM major road geometry, not measured traffic volume or congestion."},"geometry":{"type":"LineString","coordinates":[[-74.0101209,40.7120585],[-74.010097,40.7120583],[-74.0100747,40.7120555],[-74.0100532,40.7120508],[-74.0100396,40.7120464],[-74.0095172,40.71181],[-74.0087432,40.7114565],[-74.00872,40.711444],[-74.0086932,40.7114288],[-74.0086719,40.7114105],[-74.0086548,40.7113948]]}},{"type":"Feature","properties":{"id":"lens-traffic-road-nyc-way/309148657","layer":"traffic_road","category":"transport","year":1983,"visible_year":2026,"rank":4,"name":"Canal Street","source_id":"way/309148657","source_url":"https://www.openstreetmap.org/way/309148657","license":"ODbL","transport_raw":0.047,"transport_count":1,"transport_activity":0.092,"representation":"major-road transport-event activity","timing_note":"Road color is a three-year transport-event activity surface on current OSM major road geometry, not measured traffic volume or congestion."},"geometry":{"type":"LineString","coordinates":[[-73.9957337,40.7155795],[-73.995623,40.7154348],[-73.9955764,40.7153864],[-73.9955182,40.7153327],[-73.9954569,40.7152809],[-73.9953069,40.7151609],[-73.9952535,40.7151141],[-73.9952032,40.7150676],[-73.9951532,40.7150219],[-73.9951072,40.7149751],[-73.9950602,40.7149236],[-73.9950162,40.7148665],[-73.9949714,40.7147982],[-73.9949325,40.7147296]]}},{"type":"Feature","properties":{"id":"lens-traffic-road-nyc-way/420809411","layer":"traffic_road","category":"transport","year":1983,"visible_year":2026,"rank":4.5,"name":"Canal Street","source_id":"way/420809411","source_url":"https://www.openstreetmap.org/way/420809411","license":"ODbL","transport_raw":0.047,"transport_count":1,"transport_activity":0.092,"representation":"major-road transport-event activity","timing_note":"Road color is a three-year transport-event activity surface on current OSM major road geometry, not measured traffic volume or congestion."},"geometry":{"type":"LineString","coordinates":[[-74.008445,40.7240259],[-74.0080465,40.7237248],[-74.0079501,40.7236607]]}},{"type":"Feature","properties":{"id":"lens-traffic-road-nyc-way/799825253","layer":"traffic_road","category":"transport","year":1983,"visible_year":2026,"rank":3,"name":"Canal Street","source_id":"way/799825253","source_url":"https://www.openstreetmap.org/way/799825253","license":"ODbL","transport_raw":0.045,"transport_count":1,"transport_activity":0.089,"representation":"major-road transport-event activity","timing_note":"Road color is a three-year transport-event activity surface on current OSM major road geometry, not measured traffic volume or congestion."},"geometry":{"type":"LineString","coordinates":[[-73.9950346,40.7159115],[-73.9950178,40.7158959],[-73.9949828,40.7158746],[-73.9949336,40.7158491],[-73.9948751,40.7158245]]}},{"type":"Feature","properties":{"id":"lens-traffic-road-nyc-way/453323025","layer":"traffic_road","category":"transport","year":1983,"visible_year":2026,"rank":3,"name":"Chrystie Street","source_id":"way/453323025","source_url":"https://www.openstreetmap.org/way/453323025","license":"ODbL","transport_raw":0.042,"transport_count":1,"transport_activity":0.083,"representation":"major-road transport-event activity","timing_note":"Road color is a three-year transport-event activity surface on current OSM major road geometry, not measured traffic volume or congestion."},"geometry":{"type":"LineString","coordinates":[[-73.994881,40.7159014],[-73.9948818,40.7159397],[-73.994878,40.7159809],[-73.9948632,40.7160473],[-73.9948484,40.7161081],[-73.9948282,40.7161818],[-73.9948091,40.7162471],[-73.9947504,40.7164189]]}},{"type":"Feature","properties":{"id":"lens-traffic-road-nyc-way/475867321","layer":"traffic_road","category":"transport","year":1983,"visible_year":2026,"rank":4.5,"name":"West Street","source_id":"way/475867321","source_url":"https://www.openstreetmap.org/way/475867321","license":"ODbL","transport_raw":0.042,"transport_count":1,"transport_activity":0.082,"representation":"major-road transport-event activity","timing_note":"Road color is a three-year transport-event activity surface on current OSM major road geometry, not measured traffic volume or congestion."},"geometry":{"type":"LineString","coordinates":[[-74.0132067,40.7165175],[-74.013232,40.7164178],[-74.0132455,40.7163552],[-74.0132926,40.7161708]]}},{"type":"Feature","properties":{"id":"lens-traffic-road-nyc-way/492441172","layer":"traffic_road","category":"transport","year":1983,"visible_year":2026,"rank":4,"name":"Canal Street","source_id":"way/492441172","source_url":"https://www.openstreetmap.org/way/492441172","license":"ODbL","transport_raw":0.042,"transport_count":1,"transport_activity":0.082,"representation":"major-road transport-event activity","timing_note":"Road color is a three-year transport-event activity surface on current OSM major road geometry, not measured traffic volume or congestion."},"geometry":{"type":"LineString","coordinates":[[-73.9950911,40.715264],[-73.9951287,40.7153328]]}},{"type":"Feature","properties":{"id":"lens-traffic-road-nyc-way/420890077","layer":"traffic_road","category":"transport","year":1983,"visible_year":2026,"rank":4,"name":"Pearl Street","source_id":"way/420890077","source_url":"https://www.openstreetmap.org/way/420890077","license":"ODbL","transport_raw":0.041,"transport_count":1,"transport_activity":0.081,"representation":"major-road transport-event activity","timing_note":"Road color is a three-year transport-event activity surface on current OSM major road geometry, not measured traffic volume or congestion."},"geometry":{"type":"LineString","coordinates":[[-74.0008579,40.7105451],[-74.000653,40.7108282],[-74.000597,40.7108966],[-74.0004898,40.7109994]]}},{"type":"Feature","properties":{"id":"lens-traffic-road-nyc-way/5672441","layer":"traffic_road","category":"transport","year":1983,"visible_year":2026,"rank":3,"name":"Chrystie Street","source_id":"way/5672441","source_url":"https://www.openstreetmap.org/way/5672441","license":"ODbL","transport_raw":0.04,"transport_count":1,"transport_activity":0.079,"representation":"major-road transport-event activity","timing_note":"Road color is a three-year transport-event activity surface on current OSM major road geometry, not measured traffic volume or congestion."},"geometry":{"type":"LineString","coordinates":[[-73.9948751,40.7158245],[-73.994881,40.7159014]]}},{"type":"Feature","properties":{"id":"lens-traffic-road-nyc-way/46139041","layer":"traffic_road","category":"transport","year":1983,"visible_year":2026,"rank":3,"name":"Hudson Street","source_id":"way/46139041","source_url":"https://www.openstreetmap.org/way/46139041","license":"ODbL","transport_raw":0.038,"transport_count":1,"transport_activity":0.075,"representation":"major-road transport-event activity","timing_note":"Road color is a three-year transport-event activity surface on current OSM major road geometry, not measured traffic volume or congestion."},"geometry":{"type":"LineString","coordinates":[[-74.007929,40.7237633],[-74.0079132,40.7238482],[-74.0078917,40.7239526],[-74.0077733,40.724563]]}},{"type":"Feature","properties":{"id":"lens-traffic-road-nyc-way/412875705","layer":"traffic_road","category":"transport","year":1983,"visible_year":2026,"rank":4.5,"name":"West Street","source_id":"way/412875705","source_url":"https://www.openstreetmap.org/way/412875705","license":"ODbL","transport_raw":0.037,"transport_count":1,"transport_activity":0.073,"representation":"major-road transport-event activity","timing_note":"Road color is a three-year transport-event activity surface on current OSM major road geometry, not measured traffic volume or congestion."},"geometry":{"type":"LineString","coordinates":[[-74.0118571,40.7223439],[-74.0118749,40.7222501],[-74.0122424,40.7205093],[-74.012253,40.720459],[-74.0122789,40.7203434]]}},{"type":"Feature","properties":{"id":"lens-traffic-road-nyc-way/432550257","layer":"traffic_road","category":"transport","year":1983,"visible_year":2026,"rank":4.5,"name":"Brooklyn Bridge","source_id":"way/432550257","source_url":"https://www.openstreetmap.org/way/432550257","license":"ODbL","transport_raw":0.036,"transport_count":1,"transport_activity":0.07,"representation":"major-road transport-event activity","timing_note":"Road color is a three-year transport-event activity surface on current OSM major road geometry, not measured traffic volume or congestion."},"geometry":{"type":"LineString","coordinates":[[-74.0037138,40.711448],[-74.0010181,40.7093054]]}},{"type":"Feature","properties":{"id":"lens-traffic-road-nyc-way/5669892","layer":"traffic_road","category":"transport","year":1983,"visible_year":2026,"rank":4,"name":"Kenmare Street","source_id":"way/5669892","source_url":"https://www.openstreetmap.org/way/5669892","license":"ODbL","transport_raw":0.035,"transport_count":1,"transport_activity":0.07,"representation":"major-road transport-event activity","timing_note":"Road color is a three-year transport-event activity surface on current OSM major road geometry, not measured traffic volume or congestion."},"geometry":{"type":"LineString","coordinates":[[-73.9939937,40.7203018],[-73.9941129,40.7203425],[-73.9942017,40.7203727],[-73.9942648,40.7203942],[-73.9949048,40.7206108],[-73.9949663,40.7206316],[-73.995038,40.7206558],[-73.9956889,40.7208752],[-73.9957503,40.7208958],[-73.9958237,40.7209205],[-73.996508,40.7211511],[-73.9965747,40.7211736],[-73.9966473,40.7211981],[-73.9972724,40.7214175],[-73.9973311,40.7214369],[-73.9973963,40.7214592]]}},{"type":"Feature","properties":{"id":"lens-traffic-road-nyc-way/421826774","layer":"traffic_road","category":"transport","year":1983,"visible_year":2026,"rank":3,"name":"Chrystie Street","source_id":"way/421826774","source_url":"https://www.openstreetmap.org/way/421826774","license":"ODbL","transport_raw":0.035,"transport_count":1,"transport_activity":0.069,"representation":"major-road transport-event activity","timing_note":"Road color is a three-year transport-event activity surface on current OSM major road geometry, not measured traffic volume or congestion."},"geometry":{"type":"LineString","coordinates":[[-73.9948562,40.7153933],[-73.9948654,40.7156035],[-73.9948751,40.7158245]]}},{"type":"Feature","properties":{"id":"lens-traffic-road-nyc-way/195743228","layer":"traffic_road","category":"transport","year":1983,"visible_year":2026,"rank":4.5,"name":"West Street","source_id":"way/195743228","source_url":"https://www.openstreetmap.org/way/195743228","license":"ODbL","transport_raw":0.033,"transport_count":1,"transport_activity":0.066,"representation":"major-road transport-event activity","timing_note":"Road color is a three-year transport-event activity surface on current OSM major road geometry, not measured traffic volume or congestion."},"geometry":{"type":"LineString","coordinates":[[-74.0132124,40.7152226],[-74.0131862,40.7153349],[-74.0130407,40.715966]]}},{"type":"Feature","properties":{"id":"lens-traffic-road-nyc-way/166038132","layer":"traffic_road","category":"transport","year":1983,"visible_year":2026,"rank":3,"name":"Chrystie Street","source_id":"way/166038132","source_url":"https://www.openstreetmap.org/way/166038132","license":"ODbL","transport_raw":0.033,"transport_count":1,"transport_activity":0.065,"representation":"major-road transport-event activity","timing_note":"Road color is a three-year transport-event activity surface on current OSM major road geometry, not measured traffic volume or congestion."},"geometry":{"type":"LineString","coordinates":[[-73.9947504,40.7164189],[-73.9945153,40.7168804],[-73.9944926,40.716924],[-73.9944635,40.7169812]]}},{"type":"Feature","properties":{"id":"lens-traffic-road-nyc-way/222299275","layer":"traffic_road","category":"transport","year":1983,"visible_year":2026,"rank":3,"name":"Broadway","source_id":"way/222299275","source_url":"https://www.openstreetmap.org/way/222299275","license":"ODbL","transport_raw":0.033,"transport_count":1,"transport_activity":0.065,"representation":"major-road transport-event activity","timing_note":"Road color is a three-year transport-event activity surface on current OSM major road geometry, not measured traffic volume or congestion."},"geometry":{"type":"LineString","coordinates":[[-74.0086548,40.7113948],[-74.0086652,40.7113864],[-74.008683,40.7113777],[-74.0087097,40.7113686],[-74.0087299,40.7113606],[-74.0087455,40.7113496],[-74.0088122,40.7112692],[-74.0090639,40.7109698],[-74.0090856,40.7109395],[-74.0090985,40.710913]]}},{"type":"Feature","properties":{"id":"lens-traffic-road-nyc-way/675967322","layer":"traffic_road","category":"transport","year":1983,"visible_year":2026,"rank":3,"name":"Grand Street","source_id":"way/675967322","source_url":"https://www.openstreetmap.org/way/675967322","license":"ODbL","transport_raw":0.032,"transport_count":1,"transport_activity":0.063,"representation":"major-road transport-event activity","timing_note":"Road color is a three-year transport-event activity surface on current OSM major road geometry, not measured traffic volume or congestion."},"geometry":{"type":"LineString","coordinates":[[-73.994808,40.7184777],[-73.9946814,40.7184265],[-73.9942144,40.7182844]]}},{"type":"Feature","properties":{"id":"lens-traffic-road-nyc-way/1021042405","layer":"traffic_road","category":"transport","year":1983,"visible_year":2026,"rank":4.5,"name":"West Street","source_id":"way/1021042405","source_url":"https://www.openstreetmap.org/way/1021042405","license":"ODbL","transport_raw":0.032,"transport_count":1,"transport_activity":0.062,"representation":"major-road transport-event activity","timing_note":"Road color is a three-year transport-event activity surface on current OSM major road geometry, not measured traffic volume or congestion."},"geometry":{"type":"LineString","coordinates":[[-74.0132926,40.7161708],[-74.0133803,40.715833]]}},{"type":"Feature","properties":{"id":"lens-traffic-road-nyc-way/845994219","layer":"traffic_road","category":"transport","year":1983,"visible_year":2026,"rank":4,"name":"6th Avenue","source_id":"way/845994219","source_url":"https://www.openstreetmap.org/way/845994219","license":"ODbL","transport_raw":0.028,"transport_count":1,"transport_activity":0.055,"representation":"major-road transport-event activity","timing_note":"Road color is a three-year transport-event activity surface on current OSM major road geometry, not measured traffic volume or congestion."},"geometry":{"type":"LineString","coordinates":[[-74.0045754,40.7241732],[-74.0045385,40.7242642],[-74.0044488,40.7244851],[-74.0042925,40.7248704],[-74.0040594,40.7254477],[-74.004031,40.725513]]}},{"type":"Feature","properties":{"id":"lens-traffic-road-nyc-way/997125811","layer":"traffic_road","category":"transport","year":1983,"visible_year":2026,"rank":4,"name":"Bowery","source_id":"way/997125811","source_url":"https://www.openstreetmap.org/way/997125811","license":"ODbL","transport_raw":0.027,"transport_count":1,"transport_activity":0.053,"representation":"major-road transport-event activity","timing_note":"Road color is a three-year transport-event activity surface on current OSM major road geometry, not measured traffic volume or congestion."},"geometry":{"type":"LineString","coordinates":[[-73.9943946,40.7194667],[-73.9944193,40.7194061],[-73.9944438,40.7193536],[-73.9947564,40.7185868],[-73.99478,40.718536],[-73.994808,40.7184777]]}},{"type":"Feature","properties":{"id":"lens-traffic-road-nyc-way/1234696599","layer":"traffic_road","category":"transport","year":1983,"visible_year":2026,"rank":3,"name":"Murray Street","source_id":"way/1234696599","source_url":"https://www.openstreetmap.org/way/1234696599","license":"ODbL","transport_raw":0.026,"transport_count":1,"transport_activity":0.052,"representation":"major-road transport-event activity","timing_note":"Road color is a three-year transport-event activity surface on current OSM major road geometry, not measured traffic volume or congestion."},"geometry":{"type":"LineString","coordinates":[[-74.0130952,40.7152035],[-74.0132124,40.7152226]]}},{"type":"Feature","properties":{"id":"lens-traffic-road-nyc-way/799825254","layer":"traffic_road","category":"transport","year":1983,"visible_year":2026,"rank":3,"name":"Canal Street","source_id":"way/799825254","source_url":"https://www.openstreetmap.org/way/799825254","license":"ODbL","transport_raw":0.025,"transport_count":1,"transport_activity":0.049,"representation":"major-road transport-event activity","timing_note":"Road color is a three-year transport-event activity surface on current OSM major road geometry, not measured traffic volume or congestion."},"geometry":{"type":"LineString","coordinates":[[-73.9948751,40.7158245],[-73.9944104,40.715647]]}},{"type":"Feature","properties":{"id":"lens-traffic-road-nyc-way/464964299","layer":"traffic_road","category":"transport","year":1983,"visible_year":2026,"rank":3,"name":"Chrystie Street","source_id":"way/464964299","source_url":"https://www.openstreetmap.org/way/464964299","license":"ODbL","transport_raw":0.023,"transport_count":1,"transport_activity":0.045,"representation":"major-road transport-event activity","timing_note":"Road color is a three-year transport-event activity surface on current OSM major road geometry, not measured traffic volume or congestion."},"geometry":{"type":"LineString","coordinates":[[-73.9944635,40.7169812],[-73.9944299,40.7170462],[-73.9944058,40.7170913],[-73.9940617,40.7177762]]}},{"type":"Feature","properties":{"id":"lens-traffic-road-nyc-way/770524299","layer":"traffic_road","category":"transport","year":1983,"visible_year":2026,"rank":3,"name":"Barclay Street","source_id":"way/770524299","source_url":"https://www.openstreetmap.org/way/770524299","license":"ODbL","transport_raw":0.022,"transport_count":1,"transport_activity":0.044,"representation":"major-road transport-event activity","timing_note":"Road color is a three-year transport-event activity surface on current OSM major road geometry, not measured traffic volume or congestion."},"geometry":{"type":"LineString","coordinates":[[-74.011617,40.7136173],[-74.0118441,40.7137219],[-74.0122234,40.7138921],[-74.0123263,40.7139387],[-74.0124254,40.7139856],[-74.0125127,40.7140236],[-74.0127801,40.7141309],[-74.0128512,40.7141615],[-74.0132167,40.7143294],[-74.0132752,40.7143564],[-74.0134218,40.714427]]}},{"type":"Feature","properties":{"id":"lens-traffic-road-nyc-way/989381742","layer":"traffic_road","category":"transport","year":1983,"visible_year":2026,"rank":4,"name":"Varick Street","source_id":"way/989381742","source_url":"https://www.openstreetmap.org/way/989381742","license":"ODbL","transport_raw":0.021,"transport_count":1,"transport_activity":0.042,"representation":"major-road transport-event activity","timing_note":"Road color is a three-year transport-event activity surface on current OSM major road geometry, not measured traffic volume or congestion."},"geometry":{"type":"LineString","coordinates":[[-74.0059578,40.7250366],[-74.0059668,40.7249795],[-74.0060455,40.7244768],[-74.0060539,40.7244198]]}},{"type":"Feature","properties":{"id":"lens-traffic-road-nyc-way/1497424184","layer":"traffic_road","category":"transport","year":1983,"visible_year":2026,"rank":4.5,"name":"Brooklyn Bridge","source_id":"way/1497424184","source_url":"https://www.openstreetmap.org/way/1497424184","license":"ODbL","transport_raw":0.02,"transport_count":1,"transport_activity":0.039,"representation":"major-road transport-event activity","timing_note":"Road color is a three-year transport-event activity surface on current OSM major road geometry, not measured traffic volume or congestion."},"geometry":{"type":"LineString","coordinates":[[-74.0017161,40.7100781],[-74.0021033,40.7103823]]}},{"type":"Feature","properties":{"id":"lens-traffic-road-nyc-way/414743582","layer":"traffic_road","category":"transport","year":1983,"visible_year":2026,"rank":3,"name":"Frankfort Street","source_id":"way/414743582","source_url":"https://www.openstreetmap.org/way/414743582","license":"ODbL","transport_raw":0.02,"transport_count":1,"transport_activity":0.039,"representation":"major-road transport-event activity","timing_note":"Road color is a three-year transport-event activity surface on current OSM major road geometry, not measured traffic volume or congestion."},"geometry":{"type":"LineString","coordinates":[[-74.0029673,40.7105184],[-74.0024423,40.7101038],[-74.0023784,40.7100525],[-74.0021938,40.7099073]]}},{"type":"Feature","properties":{"id":"lens-traffic-road-nyc-way/516664206","layer":"traffic_road","category":"transport","year":1983,"visible_year":2026,"rank":4.5,"name":"West Street","source_id":"way/516664206","source_url":"https://www.openstreetmap.org/way/516664206","license":"ODbL","transport_raw":0.019,"transport_count":1,"transport_activity":0.037,"representation":"major-road transport-event activity","timing_note":"Road color is a three-year transport-event activity surface on current OSM major road geometry, not measured traffic volume or congestion."},"geometry":{"type":"LineString","coordinates":[[-74.0117761,40.7216368],[-74.0116606,40.7222241],[-74.0116409,40.7223187]]}},{"type":"Feature","properties":{"id":"lens-traffic-road-nyc-way/46179212","layer":"traffic_road","category":"transport","year":1983,"visible_year":2026,"rank":3,"name":"Chrystie Street","source_id":"way/46179212","source_url":"https://www.openstreetmap.org/way/46179212","license":"ODbL","transport_raw":0.018,"transport_count":1,"transport_activity":0.036,"representation":"major-road transport-event activity","timing_note":"Road color is a three-year transport-event activity surface on current OSM major road geometry, not measured traffic volume or congestion."},"geometry":{"type":"LineString","coordinates":[[-73.9946697,40.7148122],[-73.9947366,40.7149305],[-73.9947697,40.7149973],[-73.9947992,40.7150685],[-73.9948409,40.7152099],[-73.9948562,40.7153933]]}},{"type":"Feature","properties":{"id":"lens-traffic-road-nyc-way/1011874918","layer":"traffic_road","category":"transport","year":1983,"visible_year":2026,"rank":4.5,"name":"Canal Street","source_id":"way/1011874918","source_url":"https://www.openstreetmap.org/way/1011874918","license":"ODbL","transport_raw":0.016,"transport_count":1,"transport_activity":0.032,"representation":"major-road transport-event activity","timing_note":"Road color is a three-year transport-event activity surface on current OSM major road geometry, not measured traffic volume or congestion."},"geometry":{"type":"LineString","coordinates":[[-74.0086477,40.7241763],[-74.008445,40.7240259]]}},{"type":"Feature","properties":{"id":"lens-traffic-road-nyc-way/195743189","layer":"traffic_road","category":"transport","year":1983,"visible_year":2026,"rank":3,"name":"Murray Street","source_id":"way/195743189","source_url":"https://www.openstreetmap.org/way/195743189","license":"ODbL","transport_raw":0.016,"transport_count":1,"transport_activity":0.031,"representation":"major-road transport-event activity","timing_note":"Road color is a three-year transport-event activity surface on current OSM major road geometry, not measured traffic volume or congestion."},"geometry":{"type":"LineString","coordinates":[[-74.0132124,40.7152226],[-74.0135224,40.7152775]]}},{"type":"Feature","properties":{"id":"lens-traffic-road-nyc-way/420809425","layer":"traffic_road","category":"transport","year":1983,"visible_year":2026,"rank":4.5,"name":"West Street","source_id":"way/420809425","source_url":"https://www.openstreetmap.org/way/420809425","license":"ODbL","transport_raw":0.016,"transport_count":1,"transport_activity":0.031,"representation":"major-road transport-event activity","timing_note":"Road color is a three-year transport-event activity surface on current OSM major road geometry, not measured traffic volume or congestion."},"geometry":{"type":"LineString","coordinates":[[-74.0133803,40.715833],[-74.0134919,40.7153925],[-74.0135224,40.7152775]]}},{"type":"Feature","properties":{"id":"lens-traffic-road-nyc-way/420809440","layer":"traffic_road","category":"transport","year":1983,"visible_year":2026,"rank":4.5,"name":"West Street","source_id":"way/420809440","source_url":"https://www.openstreetmap.org/way/420809440","license":"ODbL","transport_raw":0.015,"transport_count":1,"transport_activity":0.03,"representation":"major-road transport-event activity","timing_note":"Road color is a three-year transport-event activity surface on current OSM major road geometry, not measured traffic volume or congestion."},"geometry":{"type":"LineString","coordinates":[[-74.0133348,40.7147252],[-74.0132777,40.7149577],[-74.0132405,40.7151101],[-74.0132124,40.7152226]]}},{"type":"Feature","properties":{"id":"lens-traffic-road-nyc-way/1237326684","layer":"traffic_road","category":"transport","year":1983,"visible_year":2026,"rank":4,"name":"Laight Street","source_id":"way/1237326684","source_url":"https://www.openstreetmap.org/way/1237326684","license":"ODbL","transport_raw":0.015,"transport_count":1,"transport_activity":0.029,"representation":"major-road transport-event activity","timing_note":"Road color is a three-year transport-event activity surface on current OSM major road geometry, not measured traffic volume or congestion."},"geometry":{"type":"LineString","coordinates":[[-74.0114317,40.7222991],[-74.0114998,40.7223056],[-74.0116409,40.7223187]]}},{"type":"Feature","properties":{"id":"lens-traffic-road-nyc-way/1333219617","layer":"traffic_road","category":"transport","year":1983,"visible_year":2026,"rank":3,"name":"Madison Street","source_id":"way/1333219617","source_url":"https://www.openstreetmap.org/way/1333219617","license":"ODbL","transport_raw":0.015,"transport_count":1,"transport_activity":0.029,"representation":"major-road transport-event activity","timing_note":"Road color is a three-year transport-event activity surface on current OSM major road geometry, not measured traffic volume or congestion."},"geometry":{"type":"LineString","coordinates":[[-73.9977759,40.7119737],[-73.9976971,40.7119827],[-73.9973034,40.7120275],[-73.9971559,40.7120441],[-73.9970344,40.712062],[-73.9969884,40.7120726],[-73.9969466,40.7120847]]}},{"type":"Feature","properties":{"id":"lens-traffic-road-nyc-way/46189291","layer":"traffic_road","category":"transport","year":1983,"visible_year":2026,"rank":4,"name":"Canal Street","source_id":"way/46189291","source_url":"https://www.openstreetmap.org/way/46189291","license":"ODbL","transport_raw":0.015,"transport_count":1,"transport_activity":0.029,"representation":"major-road transport-event activity","timing_note":"Road color is a three-year transport-event activity surface on current OSM major road geometry, not measured traffic volume or congestion."},"geometry":{"type":"LineString","coordinates":[[-73.9945869,40.7143684],[-73.9950911,40.715264]]}},{"type":"Feature","properties":{"id":"lens-traffic-road-nyc-way/420890074","layer":"traffic_road","category":"transport","year":1983,"visible_year":2026,"rank":4,"name":"Pearl Street","source_id":"way/420890074","source_url":"https://www.openstreetmap.org/way/420890074","license":"ODbL","transport_raw":0.014,"transport_count":1,"transport_activity":0.028,"representation":"major-road transport-event activity","timing_note":"Road color is a three-year transport-event activity surface on current OSM major road geometry, not measured traffic volume or congestion."},"geometry":{"type":"LineString","coordinates":[[-74.0011123,40.7101928],[-74.0010455,40.7102903],[-74.0008579,40.7105451]]}},{"type":"Feature","properties":{"id":"lens-traffic-road-nyc-way/414894542","layer":"traffic_road","category":"transport","year":1983,"visible_year":2026,"rank":3,"name":"Division Street","source_id":"way/414894542","source_url":"https://www.openstreetmap.org/way/414894542","license":"ODbL","transport_raw":0.013,"transport_count":1,"transport_activity":0.026,"representation":"major-road transport-event activity","timing_note":"Road color is a three-year transport-event activity surface on current OSM major road geometry, not measured traffic volume or congestion."},"geometry":{"type":"LineString","coordinates":[[-73.9948397,40.7142285],[-73.9949005,40.7142293],[-73.9949718,40.7142302],[-73.9950112,40.7142307],[-73.9950688,40.7142263],[-73.996085,40.7141484]]}},{"type":"Feature","properties":{"id":"lens-traffic-road-nyc-way/1003466061","layer":"traffic_road","category":"transport","year":1983,"visible_year":2026,"rank":3,"name":"Varick Street","source_id":"way/1003466061","source_url":"https://www.openstreetmap.org/way/1003466061","license":"ODbL","transport_raw":0.01,"transport_count":1,"transport_activity":0.02,"representation":"major-road transport-event activity","timing_note":"Road color is a three-year transport-event activity surface on current OSM major road geometry, not measured traffic volume or congestion."},"geometry":{"type":"LineString","coordinates":[[-74.0057203,40.725601],[-74.0058132,40.7250753],[-74.0058223,40.725024],[-74.0058323,40.7249672],[-74.0058635,40.7247909],[-74.0059205,40.7244647],[-74.005932,40.7244039]]}},{"type":"Feature","properties":{"id":"lens-traffic-road-nyc-way/420809417","layer":"traffic_road","category":"transport","year":1983,"visible_year":2026,"rank":4,"name":"Canal Street","source_id":"way/420809417","source_url":"https://www.openstreetmap.org/way/420809417","license":"ODbL","transport_raw":0.009,"transport_count":1,"transport_activity":0.018,"representation":"major-road transport-event activity","timing_note":"Road color is a three-year transport-event activity surface on current OSM major road geometry, not measured traffic volume or congestion."},"geometry":{"type":"LineString","coordinates":[[-74.007929,40.7237633],[-74.0080333,40.7238451],[-74.0084801,40.7241793],[-74.008544,40.7242262],[-74.0086711,40.7243158],[-74.0088134,40.7244196],[-74.0088835,40.7244717],[-74.0089482,40.7245185]]}},{"type":"Feature","properties":{"id":"lens-traffic-road-nyc-way/804521766","layer":"traffic_road","category":"transport","year":1983,"visible_year":2026,"rank":3,"name":"Canal Street","source_id":"way/804521766","source_url":"https://www.openstreetmap.org/way/804521766","license":"ODbL","transport_raw":0.005,"transport_count":1,"transport_activity":0.011,"representation":"major-road transport-event activity","timing_note":"Road color is a three-year transport-event activity surface on current OSM major road geometry, not measured traffic volume or congestion."},"geometry":{"type":"LineString","coordinates":[[-73.9944104,40.715647],[-73.9943628,40.7156337],[-73.9943038,40.7156233],[-73.99425,40.7156185]]}},{"type":"Feature","properties":{"id":"lens-traffic-road-nyc-way/968737540","layer":"traffic_road","category":"transport","year":1983,"visible_year":2026,"rank":3,"name":"Broadway","source_id":"way/968737540","source_url":"https://www.openstreetmap.org/way/968737540","license":"ODbL","transport_raw":0.005,"transport_count":1,"transport_activity":0.01,"representation":"major-road transport-event activity","timing_note":"Road color is a three-year transport-event activity surface on current OSM major road geometry, not measured traffic volume or congestion."},"geometry":{"type":"LineString","coordinates":[[-73.997785,40.724235],[-73.9978158,40.7241989],[-73.9980067,40.7239729],[-73.9987723,40.7230679],[-73.998812,40.723021]]}},{"type":"Feature","properties":{"id":"lens-traffic-road-nyc-way/1317749676","layer":"traffic_road","category":"transport","year":1983,"visible_year":2026,"rank":3,"name":"Broome Street","source_id":"way/1317749676","source_url":"https://www.openstreetmap.org/way/1317749676","license":"ODbL","transport_raw":0.004,"transport_count":1,"transport_activity":0.008,"representation":"major-road transport-event activity","timing_note":"Road color is a three-year transport-event activity surface on current OSM major road geometry, not measured traffic volume or congestion."},"geometry":{"type":"LineString","coordinates":[[-73.9942719,40.7193587],[-73.9943946,40.7194667]]}},{"type":"Feature","properties":{"id":"lens-traffic-road-nyc-way/1333151514","layer":"traffic_road","category":"transport","year":1983,"visible_year":2026,"rank":3,"name":"Forsyth Street","source_id":"way/1333151514","source_url":"https://www.openstreetmap.org/way/1333151514","license":"ODbL","transport_raw":0.003,"transport_count":1,"transport_activity":0.007,"representation":"major-road transport-event activity","timing_note":"Road color is a three-year transport-event activity surface on current OSM major road geometry, not measured traffic volume or congestion."},"geometry":{"type":"LineString","coordinates":[[-73.9943676,40.7153817],[-73.9945113,40.715093]]}},{"type":"Feature","properties":{"id":"lens-traffic-road-nyc-way/222299273","layer":"traffic_road","category":"transport","year":1983,"visible_year":2026,"rank":4.5,"name":"West Street","source_id":"way/222299273","source_url":"https://www.openstreetmap.org/way/222299273","license":"ODbL","transport_raw":0.004,"transport_count":1,"transport_activity":0.007,"representation":"major-road transport-event activity","timing_note":"Road color is a three-year transport-event activity surface on current OSM major road geometry, not measured traffic volume or congestion."},"geometry":{"type":"LineString","coordinates":[[-74.0135224,40.7152775],[-74.0135497,40.7151666],[-74.0135806,40.7150409]]}},{"type":"Feature","properties":{"id":"lens-traffic-road-nyc-way/516664208","layer":"traffic_road","category":"transport","year":1983,"visible_year":2026,"rank":4,"name":"Laight Street","source_id":"way/516664208","source_url":"https://www.openstreetmap.org/way/516664208","license":"ODbL","transport_raw":0.004,"transport_count":1,"transport_activity":0.007,"representation":"major-road transport-event activity","timing_note":"Road color is a three-year transport-event activity surface on current OSM major road geometry, not measured traffic volume or congestion."},"geometry":{"type":"LineString","coordinates":[[-74.0116409,40.7223187],[-74.0118571,40.7223439]]}},{"type":"Feature","properties":{"id":"lens-traffic-road-nyc-way/1333150007","layer":"traffic_road","category":"transport","year":1983,"visible_year":2026,"rank":3,"name":"Forsyth Street","source_id":"way/1333150007","source_url":"https://www.openstreetmap.org/way/1333150007","license":"ODbL","transport_raw":0.002,"transport_count":1,"transport_activity":0.003,"representation":"major-road transport-event activity","timing_note":"Road color is a three-year transport-event activity surface on current OSM major road geometry, not measured traffic volume or congestion."},"geometry":{"type":"LineString","coordinates":[[-73.99425,40.7156185],[-73.9942901,40.7155374],[-73.9943228,40.7154718],[-73.9943676,40.7153817]]}},{"type":"Feature","properties":{"id":"lens-traffic-road-nyc-way/5672377","layer":"traffic_road","category":"transport","year":1983,"visible_year":2026,"rank":3,"name":"Church Street","source_id":"way/5672377","source_url":"https://www.openstreetmap.org/way/5672377","license":"ODbL","transport_raw":0.001,"transport_count":1,"transport_activity":0.003,"representation":"major-road transport-event activity","timing_note":"Road color is a three-year transport-event activity surface on current OSM major road geometry, not measured traffic volume or congestion."},"geometry":{"type":"LineString","coordinates":[[-74.0112079,40.7103692],[-74.0111629,40.7104354],[-74.0110945,40.710537],[-74.0109074,40.710815],[-74.0108152,40.7109535],[-74.0107773,40.7110135],[-74.0107459,40.7110608],[-74.0104815,40.7114636],[-74.0104404,40.7115277],[-74.0104031,40.7115816],[-74.010174,40.7119769],[-74.0101393,40.7120324],[-74.0101209,40.7120585],[-74.0100704,40.7121347],[-74.0099246,40.7123246],[-74.0097006,40.7126154],[-74.0096651,40.7126615],[-74.009634,40.712713]]}},{"type":"Feature","properties":{"id":"lens-traffic-road-nyc-way/1032459844","layer":"traffic_road","category":"transport","year":1983,"visible_year":2026,"rank":3,"name":"Grand Street","source_id":"way/1032459844","source_url":"https://www.openstreetmap.org/way/1032459844","license":"ODbL","transport_raw":0.001,"transport_count":1,"transport_activity":0.002,"representation":"major-road transport-event activity","timing_note":"Road color is a three-year transport-event activity surface on current OSM major road geometry, not measured traffic volume or congestion."},"geometry":{"type":"LineString","coordinates":[[-73.9942144,40.7182844],[-73.9940166,40.7182208],[-73.9939912,40.7182127],[-73.9939498,40.7181993],[-73.993839,40.7181637]]}},{"type":"Feature","properties":{"id":"lens-traffic-road-nyc-way/496990645","layer":"traffic_road","category":"transport","year":1983,"visible_year":2026,"rank":4,"name":"Pearl Street","source_id":"way/496990645","source_url":"https://www.openstreetmap.org/way/496990645","license":"ODbL","transport_raw":0.001,"transport_count":1,"transport_activity":0.002,"representation":"major-road transport-event activity","timing_note":"Road color is a three-year transport-event activity surface on current OSM major road geometry, not measured traffic volume or congestion."},"geometry":{"type":"LineString","coordinates":[[-74.0011123,40.7101928],[-74.0012106,40.7100562]]}},{"type":"Feature","properties":{"id":"lens-traffic-road-nyc-way/1238431053","layer":"traffic_road","category":"transport","year":1983,"visible_year":2026,"rank":3,"name":"Madison Street","source_id":"way/1238431053","source_url":"https://www.openstreetmap.org/way/1238431053","license":"ODbL","transport_raw":0.001,"transport_count":1,"transport_activity":0.001,"representation":"major-road transport-event activity","timing_note":"Road color is a three-year transport-event activity surface on current OSM major road geometry, not measured traffic volume or congestion."},"geometry":{"type":"LineString","coordinates":[[-73.99661,40.7121256],[-73.9968608,40.7121051],[-73.9969066,40.7120956],[-73.9969466,40.7120847]]}},{"type":"Feature","properties":{"id":"lens-traffic-road-nyc-way/165777195","layer":"traffic_road","category":"transport","year":1983,"visible_year":2026,"rank":4,"name":"Bowery","source_id":"way/165777195","source_url":"https://www.openstreetmap.org/way/165777195","license":"ODbL","transport_raw":0,"transport_count":1,"transport_activity":0.001,"representation":"major-road transport-event activity","timing_note":"Road color is a three-year transport-event activity surface on current OSM major road geometry, not measured traffic volume or congestion."},"geometry":{"type":"LineString","coordinates":[[-73.9942459,40.719822],[-73.9943405,40.7195911],[-73.9943651,40.7195325],[-73.9943946,40.7194667]]}},{"type":"Feature","properties":{"id":"lens-traffic-road-nyc-way/22946628","layer":"traffic_road","category":"transport","year":1983,"visible_year":2026,"rank":5,"name":"Holland Tunnel","source_id":"way/22946628","source_url":"https://www.openstreetmap.org/way/22946628","license":"ODbL","transport_raw":0,"transport_count":1,"transport_activity":0.001,"representation":"major-road transport-event activity","timing_note":"Road color is a three-year transport-event activity surface on current OSM major road geometry, not measured traffic volume or congestion."},"geometry":{"type":"LineString","coordinates":[[-74.0070263,40.7245008],[-74.0069883,40.7247825],[-74.0069784,40.7248687],[-74.0069713,40.724944],[-74.0069652,40.7250102]]}}]}
