{"type":"FeatureCollection","name":"nyc_transport_roads_1940","metadata":{"schema_version":"1.0.0","city_id":"nyc","year":1940,"road_source":"data/raw/overpass/nyc_major_roads_osm_2026.geojson","method":"Road features are colored from nearby source-backed transport records in a rolling three-year window.","caveat":"Transport road colors are activity hotspots, not measured traffic counts or live congestion.","suppressed":false,"suppression_reason":null},"features":[{"type":"Feature","properties":{"id":"lens-traffic-road-nyc-way/483360105","layer":"traffic_road","category":"transport","year":1940,"visible_year":2026,"rank":3,"name":"7th Avenue","source_id":"way/483360105","source_url":"https://www.openstreetmap.org/way/483360105","license":"ODbL","transport_raw":0.975,"transport_count":1,"transport_activity":1,"representation":"major-road transport-event activity","timing_note":"Road color is a three-year transport-event activity surface on current OSM major road geometry, not measured traffic volume or congestion."},"geometry":{"type":"LineString","coordinates":[[-73.9846194,40.7592226],[-73.9846758,40.7591475],[-73.9850272,40.7586679],[-73.9850795,40.7585968]]}},{"type":"Feature","properties":{"id":"lens-traffic-road-nyc-way/397795463","layer":"traffic_road","category":"transport","year":1940,"visible_year":2026,"rank":3,"name":"7th Avenue","source_id":"way/397795463","source_url":"https://www.openstreetmap.org/way/397795463","license":"ODbL","transport_raw":0.947,"transport_count":1,"transport_activity":0.971,"representation":"major-road transport-event activity","timing_note":"Road color is a three-year transport-event activity surface on current OSM major road geometry, not measured traffic volume or congestion."},"geometry":{"type":"LineString","coordinates":[[-73.9850795,40.7585968],[-73.9851316,40.7585239],[-73.9852442,40.7583669]]}},{"type":"Feature","properties":{"id":"lens-traffic-road-nyc-way/569345542","layer":"traffic_road","category":"transport","year":1940,"visible_year":2026,"rank":3,"name":"7th Avenue","source_id":"way/569345542","source_url":"https://www.openstreetmap.org/way/569345542","license":"ODbL","transport_raw":0.894,"transport_count":1,"transport_activity":0.917,"representation":"major-road transport-event activity","timing_note":"Road color is a three-year transport-event activity surface on current OSM major road geometry, not measured traffic volume or congestion."},"geometry":{"type":"LineString","coordinates":[[-73.9852442,40.7583669],[-73.9854818,40.7580355],[-73.9855335,40.7579634]]}},{"type":"Feature","properties":{"id":"lens-traffic-road-nyc-way/167922071","layer":"traffic_road","category":"transport","year":1940,"visible_year":2026,"rank":3,"name":"7th Avenue","source_id":"way/167922071","source_url":"https://www.openstreetmap.org/way/167922071","license":"ODbL","transport_raw":0.893,"transport_count":1,"transport_activity":0.915,"representation":"major-road transport-event activity","timing_note":"Road color is a three-year transport-event activity surface on current OSM major road geometry, not measured traffic volume or congestion."},"geometry":{"type":"LineString","coordinates":[[-73.984174,40.759841],[-73.9842169,40.7597819],[-73.9845851,40.7592703],[-73.9846194,40.7592226]]}},{"type":"Feature","properties":{"id":"lens-traffic-road-nyc-way/420494981","layer":"traffic_road","category":"transport","year":1940,"visible_year":2026,"rank":3,"name":"West 46th Street","source_id":"way/420494981","source_url":"https://www.openstreetmap.org/way/420494981","license":"ODbL","transport_raw":0.881,"transport_count":1,"transport_activity":0.903,"representation":"major-road transport-event activity","timing_note":"Road color is a three-year transport-event activity surface on current OSM major road geometry, not measured traffic volume or congestion."},"geometry":{"type":"LineString","coordinates":[[-73.9850795,40.7585968],[-73.9849674,40.7585496],[-73.9842778,40.7582569],[-73.9827028,40.7575793]]}},{"type":"Feature","properties":{"id":"lens-traffic-road-nyc-way/1117867039","layer":"traffic_road","category":"transport","year":1940,"visible_year":2026,"rank":3,"name":"West 45th Street","source_id":"way/1117867039","source_url":"https://www.openstreetmap.org/way/1117867039","license":"ODbL","transport_raw":0.872,"transport_count":1,"transport_activity":0.895,"representation":"major-road transport-event activity","timing_note":"Road color is a three-year transport-event activity surface on current OSM major road geometry, not measured traffic volume or congestion."},"geometry":{"type":"LineString","coordinates":[[-73.9856493,40.7580108],[-73.9856837,40.7580252],[-73.985732,40.7580455]]}},{"type":"Feature","properties":{"id":"lens-traffic-road-nyc-way/1117867040","layer":"traffic_road","category":"transport","year":1940,"visible_year":2026,"rank":3,"name":"West 45th Street","source_id":"way/1117867040","source_url":"https://www.openstreetmap.org/way/1117867040","license":"ODbL","transport_raw":0.871,"transport_count":1,"transport_activity":0.893,"representation":"major-road transport-event activity","timing_note":"Road color is a three-year transport-event activity surface on current OSM major road geometry, not measured traffic volume or congestion."},"geometry":{"type":"LineString","coordinates":[[-73.9854396,40.7579238],[-73.9855335,40.7579634],[-73.9856493,40.7580108]]}},{"type":"Feature","properties":{"id":"lens-traffic-road-nyc-way/846142553","layer":"traffic_road","category":"transport","year":1940,"visible_year":2026,"rank":3,"name":"West 46th Street","source_id":"way/846142553","source_url":"https://www.openstreetmap.org/way/846142553","license":"ODbL","transport_raw":0.868,"transport_count":1,"transport_activity":0.891,"representation":"major-road transport-event activity","timing_note":"Road color is a three-year transport-event activity surface on current OSM major road geometry, not measured traffic volume or congestion."},"geometry":{"type":"LineString","coordinates":[[-73.9879285,40.7597869],[-73.9877973,40.7597315],[-73.9874205,40.7595723],[-73.9872519,40.7595011],[-73.9865156,40.7591968],[-73.9857703,40.758886],[-73.9854918,40.7587665],[-73.9854346,40.7587432],[-73.9851848,40.7586401],[-73.9850795,40.7585968]]}},{"type":"Feature","properties":{"id":"lens-traffic-road-nyc-way/1117867041","layer":"traffic_road","category":"transport","year":1940,"visible_year":2026,"rank":3,"name":"West 45th Street","source_id":"way/1117867041","source_url":"https://www.openstreetmap.org/way/1117867041","license":"ODbL","transport_raw":0.868,"transport_count":1,"transport_activity":0.89,"representation":"major-road transport-event activity","timing_note":"Road color is a three-year transport-event activity surface on current OSM major road geometry, not measured traffic volume or congestion."},"geometry":{"type":"LineString","coordinates":[[-73.9853729,40.7578953],[-73.9854172,40.7579142],[-73.9854396,40.7579238]]}},{"type":"Feature","properties":{"id":"lens-traffic-road-nyc-way/682360554","layer":"traffic_road","category":"transport","year":1940,"visible_year":2026,"rank":3,"name":"7th Avenue","source_id":"way/682360554","source_url":"https://www.openstreetmap.org/way/682360554","license":"ODbL","transport_raw":0.825,"transport_count":1,"transport_activity":0.846,"representation":"major-road transport-event activity","timing_note":"Road color is a three-year transport-event activity surface on current OSM major road geometry, not measured traffic volume or congestion."},"geometry":{"type":"LineString","coordinates":[[-73.9855335,40.7579634],[-73.9855888,40.7578917],[-73.9859523,40.7574192],[-73.9860116,40.7573424]]}},{"type":"Feature","properties":{"id":"lens-traffic-road-nyc-way/46522008","layer":"traffic_road","category":"transport","year":1940,"visible_year":2026,"rank":3,"name":"West 45th Street","source_id":"way/46522008","source_url":"https://www.openstreetmap.org/way/46522008","license":"ODbL","transport_raw":0.801,"transport_count":1,"transport_activity":0.822,"representation":"major-road transport-event activity","timing_note":"Road color is a three-year transport-event activity surface on current OSM major road geometry, not measured traffic volume or congestion."},"geometry":{"type":"LineString","coordinates":[[-73.985732,40.7580455],[-73.9862271,40.7582527],[-73.9867284,40.7584619],[-73.9882592,40.7591062],[-73.9883858,40.7591595]]}},{"type":"Feature","properties":{"id":"lens-traffic-road-nyc-way/1117867038","layer":"traffic_road","category":"transport","year":1940,"visible_year":2026,"rank":3,"name":"West 45th Street","source_id":"way/1117867038","source_url":"https://www.openstreetmap.org/way/1117867038","license":"ODbL","transport_raw":0.752,"transport_count":1,"transport_activity":0.771,"representation":"major-road transport-event activity","timing_note":"Road color is a three-year transport-event activity surface on current OSM major road geometry, not measured traffic volume or congestion."},"geometry":{"type":"LineString","coordinates":[[-73.9827118,40.7567712],[-73.9828376,40.7568243],[-73.9834777,40.7570948],[-73.9848288,40.7576657],[-73.9853729,40.7578953]]}},{"type":"Feature","properties":{"id":"lens-traffic-road-nyc-way/1051745205","layer":"traffic_road","category":"transport","year":1940,"visible_year":2026,"rank":3,"name":"West 49th Street","source_id":"way/1051745205","source_url":"https://www.openstreetmap.org/way/1051745205","license":"ODbL","transport_raw":0.751,"transport_count":1,"transport_activity":0.77,"representation":"major-road transport-event activity","timing_note":"Road color is a three-year transport-event activity surface on current OSM major road geometry, not measured traffic volume or congestion."},"geometry":{"type":"LineString","coordinates":[[-73.9832392,40.7602667],[-73.9836047,40.7604205],[-73.9837062,40.7604633]]}},{"type":"Feature","properties":{"id":"lens-traffic-road-nyc-way/569345540","layer":"traffic_road","category":"transport","year":1940,"visible_year":2026,"rank":3,"name":"7th Avenue","source_id":"way/569345540","source_url":"https://www.openstreetmap.org/way/569345540","license":"ODbL","transport_raw":0.748,"transport_count":1,"transport_activity":0.767,"representation":"major-road transport-event activity","timing_note":"Road color is a three-year transport-event activity surface on current OSM major road geometry, not measured traffic volume or congestion."},"geometry":{"type":"LineString","coordinates":[[-73.9832504,40.7610948],[-73.9832927,40.7610359],[-73.9834673,40.7607932],[-73.9836628,40.7605266],[-73.9837062,40.7604633],[-73.9837477,40.7604076],[-73.9841274,40.7599028],[-73.984174,40.759841]]}},{"type":"Feature","properties":{"id":"lens-traffic-road-nyc-way/1413171972","layer":"traffic_road","category":"transport","year":1940,"visible_year":2026,"rank":2,"name":"Broadway","source_id":"way/1413171972","source_url":"https://www.openstreetmap.org/way/1413171972","license":"ODbL","transport_raw":0.735,"transport_count":1,"transport_activity":0.754,"representation":"major-road transport-event activity","timing_note":"Road color is a three-year transport-event activity surface on current OSM major road geometry, not measured traffic volume or congestion."},"geometry":{"type":"LineString","coordinates":[[-73.9844145,40.7609668],[-73.9844797,40.7608667],[-73.9845206,40.760804]]}},{"type":"Feature","properties":{"id":"lens-traffic-road-nyc-way/397795464","layer":"traffic_road","category":"transport","year":1940,"visible_year":2026,"rank":3,"name":"7th Avenue","source_id":"way/397795464","source_url":"https://www.openstreetmap.org/way/397795464","license":"ODbL","transport_raw":0.727,"transport_count":1,"transport_activity":0.745,"representation":"major-road transport-event activity","timing_note":"Road color is a three-year transport-event activity surface on current OSM major road geometry, not measured traffic volume or congestion."},"geometry":{"type":"LineString","coordinates":[[-73.9860116,40.7573424],[-73.9860561,40.7572793],[-73.9863628,40.756845],[-73.9863978,40.7567954],[-73.986458,40.75671]]}},{"type":"Feature","properties":{"id":"lens-traffic-road-nyc-way/1198594030","layer":"traffic_road","category":"transport","year":1940,"visible_year":2026,"rank":3,"name":"8th Avenue","source_id":"way/1198594030","source_url":"https://www.openstreetmap.org/way/1198594030","license":"ODbL","transport_raw":0.698,"transport_count":1,"transport_activity":0.716,"representation":"major-road transport-event activity","timing_note":"Road color is a three-year transport-event activity surface on current OSM major road geometry, not measured traffic volume or congestion."},"geometry":{"type":"LineString","coordinates":[[-73.9879285,40.7597869],[-73.9878814,40.7598511],[-73.9876912,40.7601095]]}},{"type":"Feature","properties":{"id":"lens-traffic-road-nyc-way/1027189508","layer":"traffic_road","category":"transport","year":1940,"visible_year":2026,"rank":3,"name":"8th Avenue","source_id":"way/1027189508","source_url":"https://www.openstreetmap.org/way/1027189508","license":"ODbL","transport_raw":0.696,"transport_count":1,"transport_activity":0.714,"representation":"major-road transport-event activity","timing_note":"Road color is a three-year transport-event activity surface on current OSM major road geometry, not measured traffic volume or congestion."},"geometry":{"type":"LineString","coordinates":[[-73.9876912,40.7601095],[-73.9875105,40.7603605],[-73.9874753,40.7604088]]}},{"type":"Feature","properties":{"id":"lens-traffic-road-nyc-way/194926851","layer":"traffic_road","category":"transport","year":1940,"visible_year":2026,"rank":3,"name":"8th Avenue","source_id":"way/194926851","source_url":"https://www.openstreetmap.org/way/194926851","license":"ODbL","transport_raw":0.688,"transport_count":1,"transport_activity":0.706,"representation":"major-road transport-event activity","timing_note":"Road color is a three-year transport-event activity surface on current OSM major road geometry, not measured traffic volume or congestion."},"geometry":{"type":"LineString","coordinates":[[-73.9883858,40.7591595],[-73.9883395,40.7592227],[-73.9881318,40.759508],[-73.9879693,40.759731],[-73.9879285,40.7597869]]}},{"type":"Feature","properties":{"id":"lens-traffic-road-nyc-way/1027189507","layer":"traffic_road","category":"transport","year":1940,"visible_year":2026,"rank":3,"name":"8th Avenue","source_id":"way/1027189507","source_url":"https://www.openstreetmap.org/way/1027189507","license":"ODbL","transport_raw":0.681,"transport_count":1,"transport_activity":0.699,"representation":"major-road transport-event activity","timing_note":"Road color is a three-year transport-event activity surface on current OSM major road geometry, not measured traffic volume or congestion."},"geometry":{"type":"LineString","coordinates":[[-73.9874753,40.7604088],[-73.9874291,40.7604731],[-73.9870584,40.7609807],[-73.9870177,40.7610365]]}},{"type":"Feature","properties":{"id":"lens-traffic-road-nyc-way/1136460177","layer":"traffic_road","category":"transport","year":1940,"visible_year":2026,"rank":2,"name":"Broadway","source_id":"way/1136460177","source_url":"https://www.openstreetmap.org/way/1136460177","license":"ODbL","transport_raw":0.68,"transport_count":1,"transport_activity":0.697,"representation":"major-road transport-event activity","timing_note":"Road color is a three-year transport-event activity surface on current OSM major road geometry, not measured traffic volume or congestion."},"geometry":{"type":"LineString","coordinates":[[-73.9840983,40.7614503],[-73.9841402,40.761388],[-73.9844145,40.7609668]]}},{"type":"Feature","properties":{"id":"lens-traffic-road-nyc-way/1051744070","layer":"traffic_road","category":"transport","year":1940,"visible_year":2026,"rank":3,"name":"West 46th Street","source_id":"way/1051744070","source_url":"https://www.openstreetmap.org/way/1051744070","license":"ODbL","transport_raw":0.678,"transport_count":1,"transport_activity":0.695,"representation":"major-road transport-event activity","timing_note":"Road color is a three-year transport-event activity surface on current OSM major road geometry, not measured traffic volume or congestion."},"geometry":{"type":"LineString","coordinates":[[-73.9827028,40.7575793],[-73.9823908,40.7574479],[-73.9822537,40.7573902]]}},{"type":"Feature","properties":{"id":"lens-traffic-road-nyc-way/1413358692","layer":"traffic_road","category":"transport","year":1940,"visible_year":2026,"rank":3,"name":"West 46th Street","source_id":"way/1413358692","source_url":"https://www.openstreetmap.org/way/1413358692","license":"ODbL","transport_raw":0.677,"transport_count":1,"transport_activity":0.694,"representation":"major-road transport-event activity","timing_note":"Road color is a three-year transport-event activity surface on current OSM major road geometry, not measured traffic volume or congestion."},"geometry":{"type":"LineString","coordinates":[[-73.9883812,40.759979],[-73.9880713,40.7598476],[-73.9880374,40.7598331],[-73.9879285,40.7597869]]}},{"type":"Feature","properties":{"id":"lens-traffic-road-nyc-way/542258337","layer":"traffic_road","category":"transport","year":1940,"visible_year":2026,"rank":3,"name":"West 49th Street","source_id":"way/542258337","source_url":"https://www.openstreetmap.org/way/542258337","license":"ODbL","transport_raw":0.665,"transport_count":1,"transport_activity":0.682,"representation":"major-road transport-event activity","timing_note":"Road color is a three-year transport-event activity surface on current OSM major road geometry, not measured traffic volume or congestion."},"geometry":{"type":"LineString","coordinates":[[-73.9808828,40.7592744],[-73.9810306,40.7593366],[-73.9813574,40.7594743],[-73.9821549,40.7598101],[-73.9827044,40.7600415],[-73.9832392,40.7602667]]}},{"type":"Feature","properties":{"id":"lens-traffic-road-nyc-way/1198594029","layer":"traffic_road","category":"transport","year":1940,"visible_year":2026,"rank":3,"name":"8th Avenue","source_id":"way/1198594029","source_url":"https://www.openstreetmap.org/way/1198594029","license":"ODbL","transport_raw":0.664,"transport_count":1,"transport_activity":0.681,"representation":"major-road transport-event activity","timing_note":"Road color is a three-year transport-event activity surface on current OSM major road geometry, not measured traffic volume or congestion."},"geometry":{"type":"LineString","coordinates":[[-73.9886329,40.7588204],[-73.9884271,40.7591028],[-73.9883858,40.7591595]]}},{"type":"Feature","properties":{"id":"lens-traffic-road-nyc-way/1320234484","layer":"traffic_road","category":"transport","year":1940,"visible_year":2026,"rank":3,"name":"West 49th Street","source_id":"way/1320234484","source_url":"https://www.openstreetmap.org/way/1320234484","license":"ODbL","transport_raw":0.663,"transport_count":1,"transport_activity":0.68,"representation":"major-road transport-event activity","timing_note":"Road color is a three-year transport-event activity surface on current OSM major road geometry, not measured traffic volume or congestion."},"geometry":{"type":"LineString","coordinates":[[-73.9837062,40.7604633],[-73.9838477,40.7605225],[-73.9840497,40.760608],[-73.9843675,40.7607403],[-73.9845206,40.760804],[-73.9845967,40.7608365],[-73.9849545,40.760989],[-73.9851171,40.7610575],[-73.9854196,40.7611849],[-73.9864275,40.7616093],[-73.9865661,40.7616677],[-73.9866691,40.761711],[-73.9867079,40.7617274],[-73.9870015,40.761851],[-73.9877488,40.7621657],[-73.9880913,40.7623099],[-73.9883556,40.7624212],[-73.9888759,40.7626403]]}},{"type":"Feature","properties":{"id":"lens-traffic-road-nyc-way/420908137","layer":"traffic_road","category":"transport","year":1940,"visible_year":2026,"rank":3,"name":"West 50th Street","source_id":"way/420908137","source_url":"https://www.openstreetmap.org/way/420908137","license":"ODbL","transport_raw":0.661,"transport_count":1,"transport_activity":0.678,"representation":"major-road transport-event activity","timing_note":"Road color is a three-year transport-event activity surface on current OSM major road geometry, not measured traffic volume or congestion."},"geometry":{"type":"LineString","coordinates":[[-73.9836865,40.7612779],[-73.9834491,40.7611786],[-73.9833952,40.761156],[-73.9832504,40.7610948]]}},{"type":"Feature","properties":{"id":"lens-traffic-road-nyc-way/1136460176","layer":"traffic_road","category":"transport","year":1940,"visible_year":2026,"rank":3,"name":"West 50th Street","source_id":"way/1136460176","source_url":"https://www.openstreetmap.org/way/1136460176","license":"ODbL","transport_raw":0.657,"transport_count":1,"transport_activity":0.674,"representation":"major-road transport-event activity","timing_note":"Road color is a three-year transport-event activity surface on current OSM major road geometry, not measured traffic volume or congestion."},"geometry":{"type":"LineString","coordinates":[[-73.9840983,40.7614503],[-73.9840231,40.76142],[-73.9839316,40.7613821],[-73.9836865,40.7612779]]}},{"type":"Feature","properties":{"id":"lens-traffic-road-nyc-way/1049888072","layer":"traffic_road","category":"transport","year":1940,"visible_year":2026,"rank":3,"name":"8th Avenue","source_id":"way/1049888072","source_url":"https://www.openstreetmap.org/way/1049888072","license":"ODbL","transport_raw":0.655,"transport_count":1,"transport_activity":0.672,"representation":"major-road transport-event activity","timing_note":"Road color is a three-year transport-event activity surface on current OSM major road geometry, not measured traffic volume or congestion."},"geometry":{"type":"LineString","coordinates":[[-73.9870177,40.7610365],[-73.986968,40.761105],[-73.9868339,40.7613013]]}},{"type":"Feature","properties":{"id":"lens-traffic-road-nyc-way/464516471","layer":"traffic_road","category":"transport","year":1940,"visible_year":2026,"rank":3,"name":"6th Avenue","source_id":"way/464516471","source_url":"https://www.openstreetmap.org/way/464516471","license":"ODbL","transport_raw":0.652,"transport_count":1,"transport_activity":0.669,"representation":"major-road transport-event activity","timing_note":"Road color is a three-year transport-event activity surface on current OSM major road geometry, not measured traffic volume or congestion."},"geometry":{"type":"LineString","coordinates":[[-73.9831665,40.7561421],[-73.9831216,40.7562045],[-73.9827538,40.7567133],[-73.9827118,40.7567712],[-73.982667,40.7568323],[-73.982304,40.7573223],[-73.9822537,40.7573902],[-73.9822069,40.7574544],[-73.9818362,40.7579632],[-73.9817975,40.7580163],[-73.9817517,40.7580795],[-73.9816514,40.7582175],[-73.9813835,40.7585861],[-73.981341,40.758645],[-73.9812962,40.7587066],[-73.9809237,40.7592178],[-73.9808828,40.7592744],[-73.9807016,40.7595223],[-73.9804662,40.7598441],[-73.9804176,40.7599106]]}},{"type":"Feature","properties":{"id":"lens-traffic-road-nyc-way/1207834766","layer":"traffic_road","category":"transport","year":1940,"visible_year":2026,"rank":3,"name":"8th Avenue","source_id":"way/1207834766","source_url":"https://www.openstreetmap.org/way/1207834766","license":"ODbL","transport_raw":0.636,"transport_count":1,"transport_activity":0.652,"representation":"major-road transport-event activity","timing_note":"Road color is a three-year transport-event activity surface on current OSM major road geometry, not measured traffic volume or congestion."},"geometry":{"type":"LineString","coordinates":[[-73.9888429,40.7585323],[-73.9887997,40.7585916],[-73.9886329,40.7588204]]}},{"type":"Feature","properties":{"id":"lens-traffic-road-nyc-way/569345544","layer":"traffic_road","category":"transport","year":1940,"visible_year":2026,"rank":3,"name":"7th Avenue","source_id":"way/569345544","source_url":"https://www.openstreetmap.org/way/569345544","license":"ODbL","transport_raw":0.636,"transport_count":1,"transport_activity":0.652,"representation":"major-road transport-event activity","timing_note":"Road color is a three-year transport-event activity surface on current OSM major road geometry, not measured traffic volume or congestion."},"geometry":{"type":"LineString","coordinates":[[-73.986458,40.75671],[-73.9865075,40.7566441],[-73.9868801,40.7561306],[-73.9869489,40.7560361]]}},{"type":"Feature","properties":{"id":"lens-traffic-road-nyc-way/1136460178","layer":"traffic_road","category":"transport","year":1940,"visible_year":2026,"rank":2,"name":"Broadway","source_id":"way/1136460178","source_url":"https://www.openstreetmap.org/way/1136460178","license":"ODbL","transport_raw":0.635,"transport_count":1,"transport_activity":0.651,"representation":"major-road transport-event activity","timing_note":"Road color is a three-year transport-event activity surface on current OSM major road geometry, not measured traffic volume or congestion."},"geometry":{"type":"LineString","coordinates":[[-73.9838813,40.7617781],[-73.9840613,40.7615078],[-73.9840983,40.7614503]]}},{"type":"Feature","properties":{"id":"lens-traffic-road-nyc-way/1413358696","layer":"traffic_road","category":"transport","year":1940,"visible_year":2026,"rank":3,"name":"West 46th Street","source_id":"way/1413358696","source_url":"https://www.openstreetmap.org/way/1413358696","license":"ODbL","transport_raw":0.633,"transport_count":1,"transport_activity":0.649,"representation":"major-road transport-event activity","timing_note":"Road color is a three-year transport-event activity surface on current OSM major road geometry, not measured traffic volume or congestion."},"geometry":{"type":"LineString","coordinates":[[-73.9886096,40.7600758],[-73.9883812,40.759979]]}},{"type":"Feature","properties":{"id":"lens-traffic-road-nyc-way/420907903","layer":"traffic_road","category":"transport","year":1940,"visible_year":2026,"rank":3,"name":"8th Avenue","source_id":"way/420907903","source_url":"https://www.openstreetmap.org/way/420907903","license":"ODbL","transport_raw":0.625,"transport_count":1,"transport_activity":0.64,"representation":"major-road transport-event activity","timing_note":"Road color is a three-year transport-event activity surface on current OSM major road geometry, not measured traffic volume or congestion."},"geometry":{"type":"LineString","coordinates":[[-73.9868339,40.7613013],[-73.9866037,40.7616121],[-73.9865661,40.7616677]]}},{"type":"Feature","properties":{"id":"lens-traffic-road-nyc-way/420908138","layer":"traffic_road","category":"transport","year":1940,"visible_year":2026,"rank":3,"name":"West 50th Street","source_id":"way/420908138","source_url":"https://www.openstreetmap.org/way/420908138","license":"ODbL","transport_raw":0.618,"transport_count":1,"transport_activity":0.634,"representation":"major-road transport-event activity","timing_note":"Road color is a three-year transport-event activity surface on current OSM major road geometry, not measured traffic volume or congestion."},"geometry":{"type":"LineString","coordinates":[[-73.9832504,40.7610948],[-73.9831377,40.7610473],[-73.9822497,40.7606769],[-73.9818069,40.7604917],[-73.9805536,40.7599678],[-73.9804176,40.7599106]]}},{"type":"Feature","properties":{"id":"lens-traffic-road-nyc-way/1061622296","layer":"traffic_road","category":"transport","year":1940,"visible_year":2026,"rank":3,"name":"West 45th Street","source_id":"way/1061622296","source_url":"https://www.openstreetmap.org/way/1061622296","license":"ODbL","transport_raw":0.617,"transport_count":1,"transport_activity":0.632,"representation":"major-road transport-event activity","timing_note":"Road color is a three-year transport-event activity surface on current OSM major road geometry, not measured traffic volume or congestion."},"geometry":{"type":"LineString","coordinates":[[-73.9823131,40.7566051],[-73.9825776,40.7567152],[-73.9827118,40.7567712]]}},{"type":"Feature","properties":{"id":"lens-traffic-road-nyc-way/588157337","layer":"traffic_road","category":"transport","year":1940,"visible_year":2026,"rank":3,"name":"7th Avenue","source_id":"way/588157337","source_url":"https://www.openstreetmap.org/way/588157337","license":"ODbL","transport_raw":0.615,"transport_count":1,"transport_activity":0.63,"representation":"major-road transport-event activity","timing_note":"Road color is a three-year transport-event activity surface on current OSM major road geometry, not measured traffic volume or congestion."},"geometry":{"type":"LineString","coordinates":[[-73.9828071,40.7617189],[-73.9828519,40.7616559],[-73.9832086,40.7611535],[-73.9832504,40.7610948]]}},{"type":"Feature","properties":{"id":"lens-traffic-road-nyc-way/1376951511","layer":"traffic_road","category":"transport","year":1940,"visible_year":2026,"rank":3,"name":"West 50th Street","source_id":"way/1376951511","source_url":"https://www.openstreetmap.org/way/1376951511","license":"ODbL","transport_raw":0.605,"transport_count":1,"transport_activity":0.62,"representation":"major-road transport-event activity","timing_note":"Road color is a three-year transport-event activity surface on current OSM major road geometry, not measured traffic volume or congestion."},"geometry":{"type":"LineString","coordinates":[[-73.9861011,40.7622941],[-73.9859593,40.7622344],[-73.9858285,40.7621794],[-73.9853207,40.7619657],[-73.9852787,40.761948],[-73.9841757,40.7614838],[-73.9840983,40.7614503]]}},{"type":"Feature","properties":{"id":"lens-traffic-road-nyc-way/1413358695","layer":"traffic_road","category":"transport","year":1940,"visible_year":2026,"rank":3,"name":"West 46th Street","source_id":"way/1413358695","source_url":"https://www.openstreetmap.org/way/1413358695","license":"ODbL","transport_raw":0.604,"transport_count":1,"transport_activity":0.62,"representation":"major-road transport-event activity","timing_note":"Road color is a three-year transport-event activity surface on current OSM major road geometry, not measured traffic volume or congestion."},"geometry":{"type":"LineString","coordinates":[[-73.9888812,40.7601909],[-73.9886096,40.7600758]]}},{"type":"Feature","properties":{"id":"lens-traffic-road-nyc-way/1198594026","layer":"traffic_road","category":"transport","year":1940,"visible_year":2026,"rank":3,"name":"8th Avenue","source_id":"way/1198594026","source_url":"https://www.openstreetmap.org/way/1198594026","license":"ODbL","transport_raw":0.597,"transport_count":1,"transport_activity":0.612,"representation":"major-road transport-event activity","timing_note":"Road color is a three-year transport-event activity surface on current OSM major road geometry, not measured traffic volume or congestion."},"geometry":{"type":"LineString","coordinates":[[-73.9892961,40.7579117],[-73.9892486,40.7579767],[-73.98888,40.7584816],[-73.9888429,40.7585323]]}},{"type":"Feature","properties":{"id":"lens-traffic-road-nyc-way/167922076","layer":"traffic_road","category":"transport","year":1940,"visible_year":2026,"rank":4,"name":"West 42nd Street","source_id":"way/167922076","source_url":"https://www.openstreetmap.org/way/167922076","license":"ODbL","transport_raw":0.582,"transport_count":1,"transport_activity":0.597,"representation":"major-road transport-event activity","timing_note":"Road color is a three-year transport-event activity surface on current OSM major road geometry, not measured traffic volume or congestion."},"geometry":{"type":"LineString","coordinates":[[-73.9864249,40.7558193],[-73.9865087,40.7558542],[-73.9868306,40.7559883],[-73.9869489,40.7560361]]}},{"type":"Feature","properties":{"id":"lens-traffic-road-nyc-way/420907906","layer":"traffic_road","category":"transport","year":1940,"visible_year":2026,"rank":3,"name":"8th Avenue","source_id":"way/420907906","source_url":"https://www.openstreetmap.org/way/420907906","license":"ODbL","transport_raw":0.581,"transport_count":1,"transport_activity":0.596,"representation":"major-road transport-event activity","timing_note":"Road color is a three-year transport-event activity surface on current OSM major road geometry, not measured traffic volume or congestion."},"geometry":{"type":"LineString","coordinates":[[-73.9865661,40.7616677],[-73.9865251,40.7617233],[-73.9861471,40.7622321],[-73.9861011,40.7622941]]}},{"type":"Feature","properties":{"id":"lens-traffic-road-nyc-way/1136460179","layer":"traffic_road","category":"transport","year":1940,"visible_year":2026,"rank":2,"name":"Broadway","source_id":"way/1136460179","source_url":"https://www.openstreetmap.org/way/1136460179","license":"ODbL","transport_raw":0.58,"transport_count":1,"transport_activity":0.595,"representation":"major-road transport-event activity","timing_note":"Road color is a three-year transport-event activity surface on current OSM major road geometry, not measured traffic volume or congestion."},"geometry":{"type":"LineString","coordinates":[[-73.9836782,40.7620858],[-73.9837244,40.7620141],[-73.9838813,40.7617781]]}},{"type":"Feature","properties":{"id":"lens-traffic-road-nyc-way/1198594028","layer":"traffic_road","category":"transport","year":1940,"visible_year":2026,"rank":3,"name":"West 45th Street","source_id":"way/1198594028","source_url":"https://www.openstreetmap.org/way/1198594028","license":"ODbL","transport_raw":0.578,"transport_count":1,"transport_activity":0.593,"representation":"major-road transport-event activity","timing_note":"Road color is a three-year transport-event activity surface on current OSM major road geometry, not measured traffic volume or congestion."},"geometry":{"type":"LineString","coordinates":[[-73.9883858,40.7591595],[-73.9885304,40.7592205],[-73.9908914,40.7602164]]}},{"type":"Feature","properties":{"id":"lens-traffic-road-nyc-way/1413358693","layer":"traffic_road","category":"transport","year":1940,"visible_year":2026,"rank":3,"name":"West 46th Street","source_id":"way/1413358693","source_url":"https://www.openstreetmap.org/way/1413358693","license":"ODbL","transport_raw":0.577,"transport_count":1,"transport_activity":0.592,"representation":"major-road transport-event activity","timing_note":"Road color is a three-year transport-event activity surface on current OSM major road geometry, not measured traffic volume or congestion."},"geometry":{"type":"LineString","coordinates":[[-73.9890492,40.7602621],[-73.9890231,40.7602511],[-73.9888812,40.7601909]]}},{"type":"Feature","properties":{"id":"lens-traffic-road-nyc-way/1136952921","layer":"traffic_road","category":"transport","year":1940,"visible_year":2026,"rank":4,"name":"West 42nd Street","source_id":"way/1136952921","source_url":"https://www.openstreetmap.org/way/1136952921","license":"ODbL","transport_raw":0.572,"transport_count":1,"transport_activity":0.586,"representation":"major-road transport-event activity","timing_note":"Road color is a three-year transport-event activity surface on current OSM major road geometry, not measured traffic volume or congestion."},"geometry":{"type":"LineString","coordinates":[[-73.9859192,40.7556053],[-73.9860306,40.7556525],[-73.9862894,40.7557622],[-73.9864249,40.7558193]]}},{"type":"Feature","properties":{"id":"lens-traffic-road-nyc-way/525729008","layer":"traffic_road","category":"transport","year":1940,"visible_year":2026,"rank":4,"name":"West 42nd Street","source_id":"way/525729008","source_url":"https://www.openstreetmap.org/way/525729008","license":"ODbL","transport_raw":0.567,"transport_count":1,"transport_activity":0.582,"representation":"major-road transport-event activity","timing_note":"Road color is a three-year transport-event activity surface on current OSM major road geometry, not measured traffic volume or congestion."},"geometry":{"type":"LineString","coordinates":[[-73.9869489,40.7560361],[-73.9870695,40.7560868],[-73.9872107,40.7561464],[-73.9874841,40.7562616],[-73.988328,40.756617],[-73.9884184,40.7566551],[-73.9885199,40.7566978],[-73.9886922,40.7567704],[-73.9896581,40.7571772],[-73.9897914,40.7572335]]}},{"type":"Feature","properties":{"id":"lens-traffic-road-nyc-way/1027181007","layer":"traffic_road","category":"transport","year":1940,"visible_year":2026,"rank":3,"name":"8th Avenue","source_id":"way/1027181007","source_url":"https://www.openstreetmap.org/way/1027181007","license":"ODbL","transport_raw":0.555,"transport_count":1,"transport_activity":0.569,"representation":"major-road transport-event activity","timing_note":"Road color is a three-year transport-event activity surface on current OSM major road geometry, not measured traffic volume or congestion."},"geometry":{"type":"LineString","coordinates":[[-73.9894354,40.757721],[-73.9893398,40.7578519],[-73.9892961,40.7579117]]}},{"type":"Feature","properties":{"id":"lens-traffic-road-nyc-way/1376951512","layer":"traffic_road","category":"transport","year":1940,"visible_year":2026,"rank":3,"name":"West 50th Street","source_id":"way/1376951512","source_url":"https://www.openstreetmap.org/way/1376951512","license":"ODbL","transport_raw":0.534,"transport_count":1,"transport_activity":0.548,"representation":"major-road transport-event activity","timing_note":"Road color is a three-year transport-event activity surface on current OSM major road geometry, not measured traffic volume or congestion."},"geometry":{"type":"LineString","coordinates":[[-73.9865357,40.762477],[-73.9862506,40.762357],[-73.9862096,40.7623397],[-73.9861011,40.7622941]]}},{"type":"Feature","properties":{"id":"lens-traffic-road-nyc-way/167922070","layer":"traffic_road","category":"transport","year":1940,"visible_year":2026,"rank":3,"name":"7th Avenue","source_id":"way/167922070","source_url":"https://www.openstreetmap.org/way/167922070","license":"ODbL","transport_raw":0.534,"transport_count":1,"transport_activity":0.548,"representation":"major-road transport-event activity","timing_note":"Road color is a three-year transport-event activity surface on current OSM major road geometry, not measured traffic volume or congestion."},"geometry":{"type":"LineString","coordinates":[[-73.9869489,40.7560361],[-73.9870146,40.7559487],[-73.9874021,40.7554332],[-73.987447,40.755373]]}},{"type":"Feature","properties":{"id":"lens-traffic-road-nyc-way/127693103","layer":"traffic_road","category":"transport","year":1940,"visible_year":2026,"rank":3,"name":"6th Avenue","source_id":"way/127693103","source_url":"https://www.openstreetmap.org/way/127693103","license":"ODbL","transport_raw":0.528,"transport_count":1,"transport_activity":0.542,"representation":"major-road transport-event activity","timing_note":"Road color is a three-year transport-event activity surface on current OSM major road geometry, not measured traffic volume or congestion."},"geometry":{"type":"LineString","coordinates":[[-73.984118,40.754842],[-73.9840473,40.7549381],[-73.9840313,40.7549599],[-73.9836688,40.7554547],[-73.983624,40.755516],[-73.9835813,40.7555742],[-73.9832084,40.7560847],[-73.9831665,40.7561421]]}},{"type":"Feature","properties":{"id":"lens-traffic-road-nyc-way/1207834765","layer":"traffic_road","category":"transport","year":1940,"visible_year":2026,"rank":3,"name":"8th Avenue","source_id":"way/1207834765","source_url":"https://www.openstreetmap.org/way/1207834765","license":"ODbL","transport_raw":0.527,"transport_count":1,"transport_activity":0.541,"representation":"major-road transport-event activity","timing_note":"Road color is a three-year transport-event activity surface on current OSM major road geometry, not measured traffic volume or congestion."},"geometry":{"type":"LineString","coordinates":[[-73.9861011,40.7622941],[-73.9860566,40.7623552],[-73.985755,40.7627689]]}},{"type":"Feature","properties":{"id":"lens-traffic-road-nyc-way/167922072","layer":"traffic_road","category":"transport","year":1940,"visible_year":2026,"rank":4,"name":"West 42nd Street","source_id":"way/167922072","source_url":"https://www.openstreetmap.org/way/167922072","license":"ODbL","transport_raw":0.519,"transport_count":1,"transport_activity":0.532,"representation":"major-road transport-event activity","timing_note":"Road color is a three-year transport-event activity surface on current OSM major road geometry, not measured traffic volume or congestion."},"geometry":{"type":"LineString","coordinates":[[-73.984118,40.754842],[-73.9842621,40.7549032],[-73.9856013,40.7554706],[-73.9859192,40.7556053]]}},{"type":"Feature","properties":{"id":"lens-traffic-road-nyc-way/1023136586","layer":"traffic_road","category":"transport","year":1940,"visible_year":2026,"rank":3,"name":"7th Avenue","source_id":"way/1023136586","source_url":"https://www.openstreetmap.org/way/1023136586","license":"ODbL","transport_raw":0.513,"transport_count":1,"transport_activity":0.526,"representation":"major-road transport-event activity","timing_note":"Road color is a three-year transport-event activity surface on current OSM major road geometry, not measured traffic volume or congestion."},"geometry":{"type":"LineString","coordinates":[[-73.9823472,40.7623476],[-73.9823715,40.7623147],[-73.9823897,40.7622902],[-73.9827554,40.7617902],[-73.9828071,40.7617189]]}},{"type":"Feature","properties":{"id":"lens-traffic-road-nyc-way/125480075","layer":"traffic_road","category":"transport","year":1940,"visible_year":2026,"rank":3,"name":"8th Avenue","source_id":"way/125480075","source_url":"https://www.openstreetmap.org/way/125480075","license":"ODbL","transport_raw":0.51,"transport_count":1,"transport_activity":0.523,"representation":"major-road transport-event activity","timing_note":"Road color is a three-year transport-event activity surface on current OSM major road geometry, not measured traffic volume or congestion."},"geometry":{"type":"LineString","coordinates":[[-73.9897914,40.7572335],[-73.9897203,40.7573308],[-73.9894354,40.757721]]}},{"type":"Feature","properties":{"id":"lens-traffic-road-nyc-way/812949648","layer":"traffic_road","category":"transport","year":1940,"visible_year":2026,"rank":2,"name":"Broadway","source_id":"way/812949648","source_url":"https://www.openstreetmap.org/way/812949648","license":"ODbL","transport_raw":0.507,"transport_count":1,"transport_activity":0.52,"representation":"major-road transport-event activity","timing_note":"Road color is a three-year transport-event activity surface on current OSM major road geometry, not measured traffic volume or congestion."},"geometry":{"type":"LineString","coordinates":[[-73.9832608,40.7627381],[-73.9832839,40.7626983],[-73.9832991,40.7626707],[-73.9836347,40.7621546],[-73.9836782,40.7620858]]}},{"type":"Feature","properties":{"id":"lens-traffic-road-nyc-way/1211049194","layer":"traffic_road","category":"transport","year":1940,"visible_year":2026,"rank":3,"name":"6th Avenue","source_id":"way/1211049194","source_url":"https://www.openstreetmap.org/way/1211049194","license":"ODbL","transport_raw":0.506,"transport_count":1,"transport_activity":0.519,"representation":"major-road transport-event activity","timing_note":"Road color is a three-year transport-event activity surface on current OSM major road geometry, not measured traffic volume or congestion."},"geometry":{"type":"LineString","coordinates":[[-73.9804176,40.7599106],[-73.980315,40.7600532],[-73.9802825,40.7600983]]}},{"type":"Feature","properties":{"id":"lens-traffic-road-nyc-way/46522000","layer":"traffic_road","category":"transport","year":1940,"visible_year":2026,"rank":3,"name":"West 46th Street","source_id":"way/46522000","source_url":"https://www.openstreetmap.org/way/46522000","license":"ODbL","transport_raw":0.488,"transport_count":1,"transport_activity":0.501,"representation":"major-road transport-event activity","timing_note":"Road color is a three-year transport-event activity surface on current OSM major road geometry, not measured traffic volume or congestion."},"geometry":{"type":"LineString","coordinates":[[-73.9822537,40.7573902],[-73.9821235,40.757335],[-73.9812777,40.7569769],[-73.9791511,40.756089],[-73.9790227,40.7560373]]}},{"type":"Feature","properties":{"id":"lens-traffic-road-nyc-way/5670124","layer":"traffic_road","category":"transport","year":1940,"visible_year":2026,"rank":3,"name":"West 45th Street","source_id":"way/5670124","source_url":"https://www.openstreetmap.org/way/5670124","license":"ODbL","transport_raw":0.488,"transport_count":1,"transport_activity":0.501,"representation":"major-road transport-event activity","timing_note":"Road color is a three-year transport-event activity surface on current OSM major road geometry, not measured traffic volume or congestion."},"geometry":{"type":"LineString","coordinates":[[-73.9800189,40.7556389],[-73.9817169,40.7563566],[-73.9823131,40.7566051]]}},{"type":"Feature","properties":{"id":"lens-traffic-road-nyc-way/1376935153","layer":"traffic_road","category":"transport","year":1940,"visible_year":2026,"rank":3,"name":"8th Avenue","source_id":"way/1376935153","source_url":"https://www.openstreetmap.org/way/1376935153","license":"ODbL","transport_raw":0.483,"transport_count":1,"transport_activity":0.495,"representation":"major-road transport-event activity","timing_note":"Road color is a three-year transport-event activity surface on current OSM major road geometry, not measured traffic volume or congestion."},"geometry":{"type":"LineString","coordinates":[[-73.985755,40.7627689],[-73.9856853,40.7628646],[-73.9856481,40.7629156]]}},{"type":"Feature","properties":{"id":"lens-traffic-road-nyc-way/1211049193","layer":"traffic_road","category":"transport","year":1940,"visible_year":2026,"rank":3,"name":"6th Avenue","source_id":"way/1211049193","source_url":"https://www.openstreetmap.org/way/1211049193","license":"ODbL","transport_raw":0.468,"transport_count":1,"transport_activity":0.48,"representation":"major-road transport-event activity","timing_note":"Road color is a three-year transport-event activity surface on current OSM major road geometry, not measured traffic volume or congestion."},"geometry":{"type":"LineString","coordinates":[[-73.9802825,40.7600983],[-73.980013,40.7604688],[-73.9799722,40.7605248]]}},{"type":"Feature","properties":{"id":"lens-traffic-road-nyc-way/420907902","layer":"traffic_road","category":"transport","year":1940,"visible_year":2026,"rank":3,"name":"8th Avenue","source_id":"way/420907902","source_url":"https://www.openstreetmap.org/way/420907902","license":"ODbL","transport_raw":0.468,"transport_count":1,"transport_activity":0.48,"representation":"major-road transport-event activity","timing_note":"Road color is a three-year transport-event activity surface on current OSM major road geometry, not measured traffic volume or congestion."},"geometry":{"type":"LineString","coordinates":[[-73.9900569,40.7568684],[-73.9898567,40.7571437],[-73.9897914,40.7572335]]}},{"type":"Feature","properties":{"id":"lens-traffic-road-nyc-way/846142552","layer":"traffic_road","category":"transport","year":1940,"visible_year":2026,"rank":3,"name":"West 46th Street","source_id":"way/846142552","source_url":"https://www.openstreetmap.org/way/846142552","license":"ODbL","transport_raw":0.467,"transport_count":1,"transport_activity":0.479,"representation":"major-road transport-event activity","timing_note":"Road color is a three-year transport-event activity surface on current OSM major road geometry, not measured traffic volume or congestion."},"geometry":{"type":"LineString","coordinates":[[-73.990767,40.7609866],[-73.9906426,40.7609369],[-73.9893643,40.7603957],[-73.9890492,40.7602621]]}},{"type":"Feature","properties":{"id":"lens-traffic-road-nyc-way/195743344","layer":"traffic_road","category":"transport","year":1940,"visible_year":2026,"rank":3,"name":"7th Avenue","source_id":"way/195743344","source_url":"https://www.openstreetmap.org/way/195743344","license":"ODbL","transport_raw":0.466,"transport_count":1,"transport_activity":0.478,"representation":"major-road transport-event activity","timing_note":"Road color is a three-year transport-event activity surface on current OSM major road geometry, not measured traffic volume or congestion."},"geometry":{"type":"LineString","coordinates":[[-73.987447,40.755373],[-73.987485,40.7553198],[-73.987692,40.75503]]}},{"type":"Feature","properties":{"id":"lens-traffic-road-nyc-way/1321771943","layer":"traffic_road","category":"transport","year":1940,"visible_year":2026,"rank":4,"name":"West 42nd Street","source_id":"way/1321771943","source_url":"https://www.openstreetmap.org/way/1321771943","license":"ODbL","transport_raw":0.46,"transport_count":1,"transport_activity":0.472,"representation":"major-road transport-event activity","timing_note":"Road color is a three-year transport-event activity surface on current OSM major road geometry, not measured traffic volume or congestion."},"geometry":{"type":"LineString","coordinates":[[-73.9897914,40.7572335],[-73.9899281,40.7572884],[-73.9903332,40.7574592],[-73.9906145,40.7575765]]}},{"type":"Feature","properties":{"id":"lens-traffic-road-nyc-way/1027189510","layer":"traffic_road","category":"transport","year":1940,"visible_year":2026,"rank":3,"name":"8th Avenue","source_id":"way/1027189510","source_url":"https://www.openstreetmap.org/way/1027189510","license":"ODbL","transport_raw":0.46,"transport_count":1,"transport_activity":0.471,"representation":"major-road transport-event activity","timing_note":"Road color is a three-year transport-event activity surface on current OSM major road geometry, not measured traffic volume or congestion."},"geometry":{"type":"LineString","coordinates":[[-73.9856481,40.7629156],[-73.9856038,40.762978],[-73.9855271,40.7630863],[-73.985466,40.7631725]]}},{"type":"Feature","properties":{"id":"lens-traffic-road-nyc-way/1320232776","layer":"traffic_road","category":"transport","year":1940,"visible_year":2026,"rank":4,"name":"West 42nd Street","source_id":"way/1320232776","source_url":"https://www.openstreetmap.org/way/1320232776","license":"ODbL","transport_raw":0.448,"transport_count":1,"transport_activity":0.46,"representation":"major-road transport-event activity","timing_note":"Road color is a three-year transport-event activity surface on current OSM major road geometry, not measured traffic volume or congestion."},"geometry":{"type":"LineString","coordinates":[[-73.9836337,40.7546391],[-73.9839843,40.7547859],[-73.984118,40.754842]]}},{"type":"Feature","properties":{"id":"lens-traffic-road-nyc-way/1136460181","layer":"traffic_road","category":"transport","year":1940,"visible_year":2026,"rank":2,"name":"Broadway","source_id":"way/1136460181","source_url":"https://www.openstreetmap.org/way/1136460181","license":"ODbL","transport_raw":0.447,"transport_count":1,"transport_activity":0.459,"representation":"major-road transport-event activity","timing_note":"Road color is a three-year transport-event activity surface on current OSM major road geometry, not measured traffic volume or congestion."},"geometry":{"type":"LineString","coordinates":[[-73.9830424,40.7631283],[-73.9832226,40.7627987],[-73.9832608,40.7627381]]}},{"type":"Feature","properties":{"id":"lens-traffic-road-nyc-way/448686048","layer":"traffic_road","category":"transport","year":1940,"visible_year":2026,"rank":3,"name":"6th Avenue","source_id":"way/448686048","source_url":"https://www.openstreetmap.org/way/448686048","license":"ODbL","transport_raw":0.443,"transport_count":1,"transport_activity":0.454,"representation":"major-road transport-event activity","timing_note":"Road color is a three-year transport-event activity surface on current OSM major road geometry, not measured traffic volume or congestion."},"geometry":{"type":"LineString","coordinates":[[-73.9844321,40.7544067],[-73.9841787,40.7547574],[-73.984118,40.754842]]}},{"type":"Feature","properties":{"id":"lens-traffic-road-nyc-way/195743345","layer":"traffic_road","category":"transport","year":1940,"visible_year":2026,"rank":3,"name":"8th Avenue","source_id":"way/195743345","source_url":"https://www.openstreetmap.org/way/195743345","license":"ODbL","transport_raw":0.419,"transport_count":1,"transport_activity":0.43,"representation":"major-road transport-event activity","timing_note":"Road color is a three-year transport-event activity surface on current OSM major road geometry, not measured traffic volume or congestion."},"geometry":{"type":"LineString","coordinates":[[-73.990276,40.756567],[-73.9902332,40.7566259],[-73.9900569,40.7568684]]}},{"type":"Feature","properties":{"id":"lens-traffic-road-nyc-way/569345545","layer":"traffic_road","category":"transport","year":1940,"visible_year":2026,"rank":3,"name":"7th Avenue","source_id":"way/569345545","source_url":"https://www.openstreetmap.org/way/569345545","license":"ODbL","transport_raw":0.41,"transport_count":1,"transport_activity":0.421,"representation":"major-road transport-event activity","timing_note":"Road color is a three-year transport-event activity surface on current OSM major road geometry, not measured traffic volume or congestion."},"geometry":{"type":"LineString","coordinates":[[-73.987692,40.75503],[-73.9878482,40.7548113],[-73.9878881,40.7547554]]}},{"type":"Feature","properties":{"id":"lens-traffic-road-nyc-way/1021065071","layer":"traffic_road","category":"transport","year":1940,"visible_year":2026,"rank":3,"name":"6th Avenue","source_id":"way/1021065071","source_url":"https://www.openstreetmap.org/way/1021065071","license":"ODbL","transport_raw":0.395,"transport_count":1,"transport_activity":0.406,"representation":"major-road transport-event activity","timing_note":"Road color is a three-year transport-event activity surface on current OSM major road geometry, not measured traffic volume or congestion."},"geometry":{"type":"LineString","coordinates":[[-73.984596,40.754177],[-73.9845535,40.7542363],[-73.9844321,40.7544067]]}},{"type":"Feature","properties":{"id":"lens-traffic-road-nyc-way/382740985","layer":"traffic_road","category":"transport","year":1940,"visible_year":2026,"rank":3,"name":"7th Avenue","source_id":"way/382740985","source_url":"https://www.openstreetmap.org/way/382740985","license":"ODbL","transport_raw":0.395,"transport_count":1,"transport_activity":0.405,"representation":"major-road transport-event activity","timing_note":"Road color is a three-year transport-event activity surface on current OSM major road geometry, not measured traffic volume or congestion."},"geometry":{"type":"LineString","coordinates":[[-73.9814328,40.7635954],[-73.9814783,40.7635337],[-73.9818465,40.7630337],[-73.9818975,40.7629646],[-73.9819404,40.7629057],[-73.9820684,40.7627304],[-73.9822743,40.7624482],[-73.9823034,40.7624084],[-73.9823472,40.7623476]]}},{"type":"Feature","properties":{"id":"lens-traffic-road-nyc-way/1027189509","layer":"traffic_road","category":"transport","year":1940,"visible_year":2026,"rank":3,"name":"8th Avenue","source_id":"way/1027189509","source_url":"https://www.openstreetmap.org/way/1027189509","license":"ODbL","transport_raw":0.394,"transport_count":1,"transport_activity":0.404,"representation":"major-road transport-event activity","timing_note":"Road color is a three-year transport-event activity surface on current OSM major road geometry, not measured traffic volume or congestion."},"geometry":{"type":"LineString","coordinates":[[-73.985466,40.7631725],[-73.9852378,40.7634946],[-73.9852231,40.7635153],[-73.9851938,40.7635566],[-73.9851564,40.763606],[-73.984852,40.7640077]]}},{"type":"Feature","properties":{"id":"lens-traffic-road-nyc-way/1136460180","layer":"traffic_road","category":"transport","year":1940,"visible_year":2026,"rank":2,"name":"Broadway","source_id":"way/1136460180","source_url":"https://www.openstreetmap.org/way/1136460180","license":"ODbL","transport_raw":0.392,"transport_count":1,"transport_activity":0.402,"representation":"major-road transport-event activity","timing_note":"Road color is a three-year transport-event activity surface on current OSM major road geometry, not measured traffic volume or congestion."},"geometry":{"type":"LineString","coordinates":[[-73.9829033,40.763382],[-73.9829335,40.763327],[-73.9830424,40.7631283]]}},{"type":"Feature","properties":{"id":"lens-traffic-road-nyc-way/5670114","layer":"traffic_road","category":"transport","year":1940,"visible_year":2026,"rank":3,"name":"West 49th Street","source_id":"way/5670114","source_url":"https://www.openstreetmap.org/way/5670114","license":"ODbL","transport_raw":0.385,"transport_count":1,"transport_activity":0.395,"representation":"major-road transport-event activity","timing_note":"Road color is a three-year transport-event activity surface on current OSM major road geometry, not measured traffic volume or congestion."},"geometry":{"type":"LineString","coordinates":[[-73.9776624,40.7579096],[-73.977795,40.757966],[-73.9780511,40.7580743],[-73.9784455,40.7582415],[-73.9787875,40.7583864],[-73.9788381,40.7584075],[-73.9789441,40.7584528],[-73.979,40.7584762],[-73.9790526,40.7584988],[-73.9807504,40.7592183],[-73.9808828,40.7592744]]}},{"type":"Feature","properties":{"id":"lens-traffic-road-nyc-way/420905129","layer":"traffic_road","category":"transport","year":1940,"visible_year":2026,"rank":3,"name":"West 53rd Street","source_id":"way/420905129","source_url":"https://www.openstreetmap.org/way/420905129","license":"ODbL","transport_raw":0.382,"transport_count":1,"transport_activity":0.392,"representation":"major-road transport-event activity","timing_note":"Road color is a three-year transport-event activity surface on current OSM major road geometry, not measured traffic volume or congestion."},"geometry":{"type":"LineString","coordinates":[[-73.9815365,40.7628128],[-73.9816028,40.7628407],[-73.981778,40.7629143],[-73.9818975,40.7629646]]}},{"type":"Feature","properties":{"id":"lens-traffic-road-nyc-way/46538371","layer":"traffic_road","category":"transport","year":1940,"visible_year":2026,"rank":3,"name":"West 53rd Street","source_id":"way/46538371","source_url":"https://www.openstreetmap.org/way/46538371","license":"ODbL","transport_raw":0.382,"transport_count":1,"transport_activity":0.392,"representation":"major-road transport-event activity","timing_note":"Road color is a three-year transport-event activity surface on current OSM major road geometry, not measured traffic volume or congestion."},"geometry":{"type":"LineString","coordinates":[[-73.9818975,40.7629646],[-73.9820336,40.7630218],[-73.982735,40.7633167],[-73.9827672,40.7633301],[-73.9829033,40.763382]]}},{"type":"Feature","properties":{"id":"lens-traffic-road-nyc-way/1051744778","layer":"traffic_road","category":"transport","year":1940,"visible_year":2026,"rank":3,"name":"West 45th Street","source_id":"way/1051744778","source_url":"https://www.openstreetmap.org/way/1051744778","license":"ODbL","transport_raw":0.381,"transport_count":1,"transport_activity":0.39,"representation":"major-road transport-event activity","timing_note":"Road color is a three-year transport-event activity surface on current OSM major road geometry, not measured traffic volume or congestion."},"geometry":{"type":"LineString","coordinates":[[-73.9908914,40.7602164],[-73.9910909,40.7603005],[-73.9912267,40.7603553]]}},{"type":"Feature","properties":{"id":"lens-traffic-road-nyc-way/542259076","layer":"traffic_road","category":"transport","year":1940,"visible_year":2026,"rank":4,"name":"West 42nd Street","source_id":"way/542259076","source_url":"https://www.openstreetmap.org/way/542259076","license":"ODbL","transport_raw":0.38,"transport_count":1,"transport_activity":0.39,"representation":"major-road transport-event activity","timing_note":"Road color is a three-year transport-event activity surface on current OSM major road geometry, not measured traffic volume or congestion."},"geometry":{"type":"LineString","coordinates":[[-73.9906145,40.7575765],[-73.990666,40.7575979],[-73.9912834,40.7578624],[-73.9913182,40.7578771],[-73.9920484,40.7581848]]}},{"type":"Feature","properties":{"id":"lens-traffic-road-nyc-way/420907907","layer":"traffic_road","category":"transport","year":1940,"visible_year":2026,"rank":4,"name":"9th Avenue","source_id":"way/420907907","source_url":"https://www.openstreetmap.org/way/420907907","license":"ODbL","transport_raw":0.376,"transport_count":1,"transport_activity":0.386,"representation":"major-road transport-event activity","timing_note":"Road color is a three-year transport-event activity surface on current OSM major road geometry, not measured traffic volume or congestion."},"geometry":{"type":"LineString","coordinates":[[-73.9906333,40.7611718],[-73.9907305,40.761037],[-73.990767,40.7609866]]}},{"type":"Feature","properties":{"id":"lens-traffic-road-nyc-way/1136391284","layer":"traffic_road","category":"transport","year":1940,"visible_year":2026,"rank":4,"name":"9th Avenue","source_id":"way/1136391284","source_url":"https://www.openstreetmap.org/way/1136391284","license":"ODbL","transport_raw":0.376,"transport_count":1,"transport_activity":0.385,"representation":"major-road transport-event activity","timing_note":"Road color is a three-year transport-event activity surface on current OSM major road geometry, not measured traffic volume or congestion."},"geometry":{"type":"LineString","coordinates":[[-73.9903162,40.7616052],[-73.9903517,40.7615564],[-73.9906333,40.7611718]]}},{"type":"Feature","properties":{"id":"lens-traffic-road-nyc-way/420907908","layer":"traffic_road","category":"transport","year":1940,"visible_year":2026,"rank":4,"name":"9th Avenue","source_id":"way/420907908","source_url":"https://www.openstreetmap.org/way/420907908","license":"ODbL","transport_raw":0.371,"transport_count":1,"transport_activity":0.381,"representation":"major-road transport-event activity","timing_note":"Road color is a three-year transport-event activity surface on current OSM major road geometry, not measured traffic volume or congestion."},"geometry":{"type":"LineString","coordinates":[[-73.990767,40.7609866],[-73.9908024,40.760938],[-73.9911836,40.7604145],[-73.9912267,40.7603553]]}},{"type":"Feature","properties":{"id":"lens-traffic-road-nyc-way/814278019","layer":"traffic_road","category":"transport","year":1940,"visible_year":2026,"rank":4,"name":"9th Avenue","source_id":"way/814278019","source_url":"https://www.openstreetmap.org/way/814278019","license":"ODbL","transport_raw":0.368,"transport_count":1,"transport_activity":0.378,"representation":"major-road transport-event activity","timing_note":"Road color is a three-year transport-event activity surface on current OSM major road geometry, not measured traffic volume or congestion."},"geometry":{"type":"LineString","coordinates":[[-73.9898591,40.7622326],[-73.9898952,40.762183],[-73.9902685,40.7616706],[-73.9903162,40.7616052]]}},{"type":"Feature","properties":{"id":"lens-traffic-road-nyc-way/542257430","layer":"traffic_road","category":"transport","year":1940,"visible_year":2026,"rank":3,"name":"8th Avenue","source_id":"way/542257430","source_url":"https://www.openstreetmap.org/way/542257430","license":"ODbL","transport_raw":0.364,"transport_count":1,"transport_activity":0.373,"representation":"major-road transport-event activity","timing_note":"Road color is a three-year transport-event activity surface on current OSM major road geometry, not measured traffic volume or congestion."},"geometry":{"type":"LineString","coordinates":[[-73.9907278,40.7559486],[-73.9906762,40.7560183],[-73.9903198,40.756507],[-73.990276,40.756567]]}},{"type":"Feature","properties":{"id":"lens-traffic-road-nyc-way/440122868","layer":"traffic_road","category":"transport","year":1940,"visible_year":2026,"rank":3,"name":"6th Avenue","source_id":"way/440122868","source_url":"https://www.openstreetmap.org/way/440122868","license":"ODbL","transport_raw":0.361,"transport_count":1,"transport_activity":0.37,"representation":"major-road transport-event activity","timing_note":"Road color is a three-year transport-event activity surface on current OSM major road geometry, not measured traffic volume or congestion."},"geometry":{"type":"LineString","coordinates":[[-73.9849447,40.7536909],[-73.9846374,40.7541194],[-73.984596,40.754177]]}},{"type":"Feature","properties":{"id":"lens-traffic-road-nyc-way/1025734021","layer":"traffic_road","category":"transport","year":1940,"visible_year":2026,"rank":4,"name":"9th Avenue","source_id":"way/1025734021","source_url":"https://www.openstreetmap.org/way/1025734021","license":"ODbL","transport_raw":0.358,"transport_count":1,"transport_activity":0.367,"representation":"major-road transport-event activity","timing_note":"Road color is a three-year transport-event activity surface on current OSM major road geometry, not measured traffic volume or congestion."},"geometry":{"type":"LineString","coordinates":[[-73.989815,40.7622934],[-73.9898591,40.7622326]]}},{"type":"Feature","properties":{"id":"lens-traffic-road-nyc-way/968513231","layer":"traffic_road","category":"transport","year":1940,"visible_year":2026,"rank":4,"name":"9th Avenue","source_id":"way/968513231","source_url":"https://www.openstreetmap.org/way/968513231","license":"ODbL","transport_raw":0.358,"transport_count":1,"transport_activity":0.367,"representation":"major-road transport-event activity","timing_note":"Road color is a three-year transport-event activity surface on current OSM major road geometry, not measured traffic volume or congestion."},"geometry":{"type":"LineString","coordinates":[[-73.9912267,40.7603553],[-73.9912651,40.760302],[-73.9915684,40.7598812]]}},{"type":"Feature","properties":{"id":"lens-traffic-road-nyc-way/5670867","layer":"traffic_road","category":"transport","year":1940,"visible_year":2026,"rank":3,"name":"West 50th Street","source_id":"way/5670867","source_url":"https://www.openstreetmap.org/way/5670867","license":"ODbL","transport_raw":0.357,"transport_count":1,"transport_activity":0.366,"representation":"major-road transport-event activity","timing_note":"Road color is a three-year transport-event activity surface on current OSM major road geometry, not measured traffic volume or congestion."},"geometry":{"type":"LineString","coordinates":[[-73.9804176,40.7599106],[-73.9802853,40.7598546],[-73.9800607,40.759747],[-73.978591,40.7591326],[-73.9785659,40.759122],[-73.9785331,40.7591081],[-73.9784731,40.7590825],[-73.9783774,40.7590417],[-73.9779906,40.758876],[-73.9776955,40.758753],[-73.9773305,40.7586001],[-73.9772064,40.7585437]]}},{"type":"Feature","properties":{"id":"lens-traffic-road-nyc-way/1320234485","layer":"traffic_road","category":"transport","year":1940,"visible_year":2026,"rank":3,"name":"West 49th Street","source_id":"way/1320234485","source_url":"https://www.openstreetmap.org/way/1320234485","license":"ODbL","transport_raw":0.353,"transport_count":1,"transport_activity":0.362,"representation":"major-road transport-event activity","timing_note":"Road color is a three-year transport-event activity surface on current OSM major road geometry, not measured traffic volume or congestion."},"geometry":{"type":"LineString","coordinates":[[-73.9888759,40.7626403],[-73.9892013,40.7627773],[-73.9892794,40.7628102],[-73.9894017,40.7628617]]}},{"type":"Feature","properties":{"id":"lens-traffic-road-nyc-way/1320235991","layer":"traffic_road","category":"transport","year":1940,"visible_year":2026,"rank":4,"name":"9th Avenue","source_id":"way/1320235991","source_url":"https://www.openstreetmap.org/way/1320235991","license":"ODbL","transport_raw":0.353,"transport_count":1,"transport_activity":0.362,"representation":"major-road transport-event activity","timing_note":"Road color is a three-year transport-event activity surface on current OSM major road geometry, not measured traffic volume or congestion."},"geometry":{"type":"LineString","coordinates":[[-73.989664,40.7625004],[-73.989815,40.7622934]]}},{"type":"Feature","properties":{"id":"lens-traffic-road-nyc-way/420905130","layer":"traffic_road","category":"transport","year":1940,"visible_year":2026,"rank":3,"name":"West 53rd Street","source_id":"way/420905130","source_url":"https://www.openstreetmap.org/way/420905130","license":"ODbL","transport_raw":0.35,"transport_count":1,"transport_activity":0.359,"representation":"major-road transport-event activity","timing_note":"Road color is a three-year transport-event activity surface on current OSM major road geometry, not measured traffic volume or congestion."},"geometry":{"type":"LineString","coordinates":[[-73.9790635,40.7617737],[-73.979201,40.7618315],[-73.979533,40.761971],[-73.9800788,40.7622003],[-73.9803141,40.7622984],[-73.980347,40.7623121],[-73.9806387,40.7624338],[-73.9807493,40.762481],[-73.9812302,40.7626839],[-73.9815365,40.7628128]]}},{"type":"Feature","properties":{"id":"lens-traffic-road-nyc-way/1049920716","layer":"traffic_road","category":"transport","year":1940,"visible_year":2026,"rank":3,"name":"7th Avenue","source_id":"way/1049920716","source_url":"https://www.openstreetmap.org/way/1049920716","license":"ODbL","transport_raw":0.349,"transport_count":1,"transport_activity":0.358,"representation":"major-road transport-event activity","timing_note":"Road color is a three-year transport-event activity surface on current OSM major road geometry, not measured traffic volume or congestion."},"geometry":{"type":"LineString","coordinates":[[-73.9878881,40.7547554],[-73.9879278,40.7546999],[-73.9882755,40.7542134],[-73.988323,40.7541474]]}},{"type":"Feature","properties":{"id":"lens-traffic-road-nyc-way/968513228","layer":"traffic_road","category":"transport","year":1940,"visible_year":2026,"rank":4,"name":"9th Avenue","source_id":"way/968513228","source_url":"https://www.openstreetmap.org/way/968513228","license":"ODbL","transport_raw":0.342,"transport_count":1,"transport_activity":0.35,"representation":"major-road transport-event activity","timing_note":"Road color is a three-year transport-event activity surface on current OSM major road geometry, not measured traffic volume or congestion."},"geometry":{"type":"LineString","coordinates":[[-73.9915684,40.7598812],[-73.9916398,40.7597865],[-73.9916836,40.7597283]]}},{"type":"Feature","properties":{"id":"lens-traffic-road-nyc-way/1025734020","layer":"traffic_road","category":"transport","year":1940,"visible_year":2026,"rank":4,"name":"9th Avenue","source_id":"way/1025734020","source_url":"https://www.openstreetmap.org/way/1025734020","license":"ODbL","transport_raw":0.338,"transport_count":1,"transport_activity":0.347,"representation":"major-road transport-event activity","timing_note":"Road color is a three-year transport-event activity surface on current OSM major road geometry, not measured traffic volume or congestion."},"geometry":{"type":"LineString","coordinates":[[-73.9894017,40.7628617],[-73.9894404,40.7628075],[-73.989664,40.7625004]]}},{"type":"Feature","properties":{"id":"lens-traffic-road-nyc-way/1267505842","layer":"traffic_road","category":"transport","year":1940,"visible_year":2026,"rank":2,"name":"Broadway","source_id":"way/1267505842","source_url":"https://www.openstreetmap.org/way/1267505842","license":"ODbL","transport_raw":0.329,"transport_count":1,"transport_activity":0.337,"representation":"major-road transport-event activity","timing_note":"Road color is a three-year transport-event activity surface on current OSM major road geometry, not measured traffic volume or congestion."},"geometry":{"type":"LineString","coordinates":[[-73.9825176,40.764058],[-73.9825529,40.7639965],[-73.9828574,40.7634627],[-73.9829033,40.763382]]}},{"type":"Feature","properties":{"id":"lens-traffic-road-nyc-way/1320234483","layer":"traffic_road","category":"transport","year":1940,"visible_year":2026,"rank":4,"name":"9th Avenue","source_id":"way/1320234483","source_url":"https://www.openstreetmap.org/way/1320234483","license":"ODbL","transport_raw":0.325,"transport_count":1,"transport_activity":0.333,"representation":"major-road transport-event activity","timing_note":"Road color is a three-year transport-event activity surface on current OSM major road geometry, not measured traffic volume or congestion."},"geometry":{"type":"LineString","coordinates":[[-73.9892097,40.763124],[-73.9893579,40.7629206],[-73.9894017,40.7628617]]}},{"type":"Feature","properties":{"id":"lens-traffic-road-nyc-way/1499234748","layer":"traffic_road","category":"transport","year":1940,"visible_year":2026,"rank":3,"name":"West 49th Street","source_id":"way/1499234748","source_url":"https://www.openstreetmap.org/way/1499234748","license":"ODbL","transport_raw":0.323,"transport_count":1,"transport_activity":0.332,"representation":"major-road transport-event activity","timing_note":"Road color is a three-year transport-event activity surface on current OSM major road geometry, not measured traffic volume or congestion."},"geometry":{"type":"LineString","coordinates":[[-73.9894017,40.7628617],[-73.9895435,40.7629214]]}},{"type":"Feature","properties":{"id":"lens-traffic-road-nyc-way/420890026","layer":"traffic_road","category":"transport","year":1940,"visible_year":2026,"rank":3,"name":"8th Avenue","source_id":"way/420890026","source_url":"https://www.openstreetmap.org/way/420890026","license":"ODbL","transport_raw":0.324,"transport_count":1,"transport_activity":0.332,"representation":"major-road transport-event activity","timing_note":"Road color is a three-year transport-event activity surface on current OSM major road geometry, not measured traffic volume or congestion."},"geometry":{"type":"LineString","coordinates":[[-73.984852,40.7640077],[-73.9847762,40.7641116],[-73.9847413,40.7641596]]}},{"type":"Feature","properties":{"id":"lens-traffic-road-nyc-way/968513229","layer":"traffic_road","category":"transport","year":1940,"visible_year":2026,"rank":4,"name":"9th Avenue","source_id":"way/968513229","source_url":"https://www.openstreetmap.org/way/968513229","license":"ODbL","transport_raw":0.321,"transport_count":1,"transport_activity":0.329,"representation":"major-road transport-event activity","timing_note":"Road color is a three-year transport-event activity surface on current OSM major road geometry, not measured traffic volume or congestion."},"geometry":{"type":"LineString","coordinates":[[-73.9916836,40.7597283],[-73.9917241,40.7596727],[-73.9920937,40.7591653],[-73.9921385,40.7591038]]}},{"type":"Feature","properties":{"id":"lens-traffic-road-nyc-way/1021068251","layer":"traffic_road","category":"transport","year":1940,"visible_year":2026,"rank":3,"name":"6th Avenue","source_id":"way/1021068251","source_url":"https://www.openstreetmap.org/way/1021068251","license":"ODbL","transport_raw":0.313,"transport_count":1,"transport_activity":0.321,"representation":"major-road transport-event activity","timing_note":"Road color is a three-year transport-event activity surface on current OSM major road geometry, not measured traffic volume or congestion."},"geometry":{"type":"LineString","coordinates":[[-73.9850397,40.7535585],[-73.984996,40.7536191],[-73.9849447,40.7536909]]}},{"type":"Feature","properties":{"id":"lens-traffic-road-nyc-way/1061622295","layer":"traffic_road","category":"transport","year":1940,"visible_year":2026,"rank":3,"name":"West 45th Street","source_id":"way/1061622295","source_url":"https://www.openstreetmap.org/way/1061622295","license":"ODbL","transport_raw":0.306,"transport_count":1,"transport_activity":0.314,"representation":"major-road transport-event activity","timing_note":"Road color is a three-year transport-event activity surface on current OSM major road geometry, not measured traffic volume or congestion."},"geometry":{"type":"LineString","coordinates":[[-73.9794895,40.7554134],[-73.9796135,40.7554669],[-73.9800189,40.7556389]]}},{"type":"Feature","properties":{"id":"lens-traffic-road-nyc-way/1320234482","layer":"traffic_road","category":"transport","year":1940,"visible_year":2026,"rank":4,"name":"9th Avenue","source_id":"way/1320234482","source_url":"https://www.openstreetmap.org/way/1320234482","license":"ODbL","transport_raw":0.301,"transport_count":1,"transport_activity":0.309,"representation":"major-road transport-event activity","timing_note":"Road color is a three-year transport-event activity surface on current OSM major road geometry, not measured traffic volume or congestion."},"geometry":{"type":"LineString","coordinates":[[-73.9889429,40.7634901],[-73.9889857,40.7634315],[-73.9892097,40.763124]]}},{"type":"Feature","properties":{"id":"lens-traffic-road-nyc-way/569345537","layer":"traffic_road","category":"transport","year":1940,"visible_year":2026,"rank":3,"name":"6th Avenue","source_id":"way/569345537","source_url":"https://www.openstreetmap.org/way/569345537","license":"ODbL","transport_raw":0.301,"transport_count":1,"transport_activity":0.309,"representation":"major-road transport-event activity","timing_note":"Road color is a three-year transport-event activity surface on current OSM major road geometry, not measured traffic volume or congestion."},"geometry":{"type":"LineString","coordinates":[[-73.9799722,40.7605248],[-73.9799246,40.7605904],[-73.9798793,40.7606526],[-73.979562,40.7610886],[-73.9795395,40.7611195],[-73.9795126,40.7611565],[-73.9794736,40.76121],[-73.9793091,40.7614362],[-73.9791007,40.7617226],[-73.9790635,40.7617737],[-73.979014,40.7618417],[-73.9786509,40.7623408],[-73.9786085,40.7623991],[-73.9785603,40.7624654],[-73.9782671,40.7628683],[-73.9781886,40.7629762],[-73.978141,40.7630416]]}},{"type":"Feature","properties":{"id":"lens-traffic-road-nyc-way/1021047632","layer":"traffic_road","category":"transport","year":1940,"visible_year":2026,"rank":4,"name":"9th Avenue","source_id":"way/1021047632","source_url":"https://www.openstreetmap.org/way/1021047632","license":"ODbL","transport_raw":0.293,"transport_count":1,"transport_activity":0.301,"representation":"major-road transport-event activity","timing_note":"Road color is a three-year transport-event activity surface on current OSM major road geometry, not measured traffic volume or congestion."},"geometry":{"type":"LineString","coordinates":[[-73.9921385,40.7591038],[-73.992186,40.7590414],[-73.9923474,40.7588274]]}},{"type":"Feature","properties":{"id":"lens-traffic-road-nyc-way/420890028","layer":"traffic_road","category":"transport","year":1940,"visible_year":2026,"rank":3,"name":"8th Avenue","source_id":"way/420890028","source_url":"https://www.openstreetmap.org/way/420890028","license":"ODbL","transport_raw":0.293,"transport_count":1,"transport_activity":0.301,"representation":"major-road transport-event activity","timing_note":"Road color is a three-year transport-event activity surface on current OSM major road geometry, not measured traffic volume or congestion."},"geometry":{"type":"LineString","coordinates":[[-73.9847413,40.7641596],[-73.9846873,40.7642325],[-73.9844363,40.7645718]]}},{"type":"Feature","properties":{"id":"lens-traffic-road-nyc-way/511699175","layer":"traffic_road","category":"transport","year":1940,"visible_year":2026,"rank":3,"name":"5th Avenue","source_id":"way/511699175","source_url":"https://www.openstreetmap.org/way/511699175","license":"ODbL","transport_raw":0.291,"transport_count":1,"transport_activity":0.299,"representation":"major-road transport-event activity","timing_note":"Road color is a three-year transport-event activity surface on current OSM major road geometry, not measured traffic volume or congestion."},"geometry":{"type":"LineString","coordinates":[[-73.9785571,40.7566594],[-73.9786009,40.7566008],[-73.9789815,40.7560926],[-73.9790227,40.7560373]]}},{"type":"Feature","properties":{"id":"lens-traffic-road-nyc-way/324118555","layer":"traffic_road","category":"transport","year":1940,"visible_year":2026,"rank":3,"name":"West 54th Street","source_id":"way/324118555","source_url":"https://www.openstreetmap.org/way/324118555","license":"ODbL","transport_raw":0.289,"transport_count":1,"transport_activity":0.297,"representation":"major-road transport-event activity","timing_note":"Road color is a three-year transport-event activity surface on current OSM major road geometry, not measured traffic volume or congestion."},"geometry":{"type":"LineString","coordinates":[[-73.9818463,40.763769],[-73.981566,40.7636529],[-73.9814328,40.7635954]]}},{"type":"Feature","properties":{"id":"lens-traffic-road-nyc-way/324118553","layer":"traffic_road","category":"transport","year":1940,"visible_year":2026,"rank":3,"name":"West 54th Street","source_id":"way/324118553","source_url":"https://www.openstreetmap.org/way/324118553","license":"ODbL","transport_raw":0.289,"transport_count":1,"transport_activity":0.296,"representation":"major-road transport-event activity","timing_note":"Road color is a three-year transport-event activity surface on current OSM major road geometry, not measured traffic volume or congestion."},"geometry":{"type":"LineString","coordinates":[[-73.9820084,40.7638361],[-73.9818463,40.763769]]}},{"type":"Feature","properties":{"id":"lens-traffic-road-nyc-way/458180183","layer":"traffic_road","category":"transport","year":1940,"visible_year":2026,"rank":3,"name":"5th Avenue","source_id":"way/458180183","source_url":"https://www.openstreetmap.org/way/458180183","license":"ODbL","transport_raw":0.288,"transport_count":1,"transport_activity":0.296,"representation":"major-road transport-event activity","timing_note":"Road color is a three-year transport-event activity surface on current OSM major road geometry, not measured traffic volume or congestion."},"geometry":{"type":"LineString","coordinates":[[-73.9790227,40.7560373],[-73.9790705,40.7559734],[-73.9794511,40.7554672],[-73.9794895,40.7554134]]}},{"type":"Feature","properties":{"id":"lens-traffic-road-nyc-way/324118554","layer":"traffic_road","category":"transport","year":1940,"visible_year":2026,"rank":3,"name":"West 54th Street","source_id":"way/324118554","source_url":"https://www.openstreetmap.org/way/324118554","license":"ODbL","transport_raw":0.285,"transport_count":1,"transport_activity":0.292,"representation":"major-road transport-event activity","timing_note":"Road color is a three-year transport-event activity surface on current OSM major road geometry, not measured traffic volume or congestion."},"geometry":{"type":"LineString","coordinates":[[-73.9825176,40.764058],[-73.9824153,40.7640099],[-73.9823611,40.7639864],[-73.9820084,40.7638361]]}},{"type":"Feature","properties":{"id":"lens-traffic-road-nyc-way/511699183","layer":"traffic_road","category":"transport","year":1940,"visible_year":2026,"rank":4,"name":"West 42nd Street","source_id":"way/511699183","source_url":"https://www.openstreetmap.org/way/511699183","license":"ODbL","transport_raw":0.285,"transport_count":1,"transport_activity":0.292,"representation":"major-road transport-event activity","timing_note":"Road color is a three-year transport-event activity surface on current OSM major road geometry, not measured traffic volume or congestion."},"geometry":{"type":"LineString","coordinates":[[-73.9808792,40.7534805],[-73.981022,40.7535341],[-73.9824111,40.7541228],[-73.9836337,40.7546391]]}},{"type":"Feature","properties":{"id":"lens-traffic-road-nyc-way/1025734019","layer":"traffic_road","category":"transport","year":1940,"visible_year":2026,"rank":4,"name":"9th Avenue","source_id":"way/1025734019","source_url":"https://www.openstreetmap.org/way/1025734019","license":"ODbL","transport_raw":0.284,"transport_count":1,"transport_activity":0.291,"representation":"major-road transport-event activity","timing_note":"Road color is a three-year transport-event activity surface on current OSM major road geometry, not measured traffic volume or congestion."},"geometry":{"type":"LineString","coordinates":[[-73.9887575,40.7637447],[-73.988902,40.7635464],[-73.9889429,40.7634901]]}},{"type":"Feature","properties":{"id":"lens-traffic-road-nyc-way/420905128","layer":"traffic_road","category":"transport","year":1940,"visible_year":2026,"rank":3,"name":"West 53rd Street","source_id":"way/420905128","source_url":"https://www.openstreetmap.org/way/420905128","license":"ODbL","transport_raw":0.284,"transport_count":1,"transport_activity":0.291,"representation":"major-road transport-event activity","timing_note":"Road color is a three-year transport-event activity surface on current OSM major road geometry, not measured traffic volume or congestion."},"geometry":{"type":"LineString","coordinates":[[-73.9786703,40.7616163],[-73.9789271,40.7617165],[-73.9790635,40.7617737]]}},{"type":"Feature","properties":{"id":"lens-traffic-road-nyc-way/125479721","layer":"traffic_road","category":"transport","year":1940,"visible_year":2026,"rank":3,"name":"8th Avenue","source_id":"way/125479721","source_url":"https://www.openstreetmap.org/way/125479721","license":"ODbL","transport_raw":0.281,"transport_count":1,"transport_activity":0.288,"representation":"major-road transport-event activity","timing_note":"Road color is a three-year transport-event activity surface on current OSM major road geometry, not measured traffic volume or congestion."},"geometry":{"type":"LineString","coordinates":[[-73.991177,40.75533],[-73.9911336,40.7553899],[-73.9907656,40.7558967],[-73.9907278,40.7559486]]}},{"type":"Feature","properties":{"id":"lens-traffic-road-nyc-way/384178816","layer":"traffic_road","category":"transport","year":1940,"visible_year":2026,"rank":3,"name":"5th Avenue","source_id":"way/384178816","source_url":"https://www.openstreetmap.org/way/384178816","license":"ODbL","transport_raw":0.275,"transport_count":1,"transport_activity":0.282,"representation":"major-road transport-event activity","timing_note":"Road color is a three-year transport-event activity surface on current OSM major road geometry, not measured traffic volume or congestion."},"geometry":{"type":"LineString","coordinates":[[-73.9776624,40.7579096],[-73.9777052,40.7578499],[-73.9780262,40.7574013],[-73.9780685,40.7573422],[-73.9781109,40.7572829],[-73.9781515,40.7572262],[-73.978518,40.7567141],[-73.9785571,40.7566594]]}},{"type":"Feature","properties":{"id":"lens-traffic-road-nyc-way/438397345","layer":"traffic_road","category":"transport","year":1940,"visible_year":2026,"rank":3,"name":"5th Avenue","source_id":"way/438397345","source_url":"https://www.openstreetmap.org/way/438397345","license":"ODbL","transport_raw":0.272,"transport_count":1,"transport_activity":0.279,"representation":"major-road transport-event activity","timing_note":"Road color is a three-year transport-event activity surface on current OSM major road geometry, not measured traffic volume or congestion."},"geometry":{"type":"LineString","coordinates":[[-73.9794895,40.7554134],[-73.9795331,40.7553528],[-73.9798946,40.75485],[-73.9799429,40.7547828]]}},{"type":"Feature","properties":{"id":"lens-traffic-road-nyc-way/1320290376","layer":"traffic_road","category":"transport","year":1940,"visible_year":2026,"rank":4,"name":"West 42nd Street","source_id":"way/1320290376","source_url":"https://www.openstreetmap.org/way/1320290376","license":"ODbL","transport_raw":0.269,"transport_count":1,"transport_activity":0.276,"representation":"major-road transport-event activity","timing_note":"Road color is a three-year transport-event activity surface on current OSM major road geometry, not measured traffic volume or congestion."},"geometry":{"type":"LineString","coordinates":[[-73.9920484,40.7581848],[-73.992452,40.7583549],[-73.992496,40.7583735],[-73.9925338,40.7583894],[-73.9926458,40.7584326]]}},{"type":"Feature","properties":{"id":"lens-traffic-road-nyc-way/226041032","layer":"traffic_road","category":"transport","year":1940,"visible_year":2026,"rank":3,"name":"West 54th Street","source_id":"way/226041032","source_url":"https://www.openstreetmap.org/way/226041032","license":"ODbL","transport_raw":0.269,"transport_count":1,"transport_activity":0.276,"representation":"major-road transport-event activity","timing_note":"Road color is a three-year transport-event activity surface on current OSM major road geometry, not measured traffic volume or congestion."},"geometry":{"type":"LineString","coordinates":[[-73.9814328,40.7635954],[-73.9813129,40.7635453],[-73.9808412,40.7633444],[-73.9804001,40.7631639],[-73.9803285,40.7631348],[-73.9802513,40.7631002],[-73.9799766,40.7629803],[-73.9797833,40.7628959],[-73.9796972,40.7628583],[-73.9787341,40.7624531],[-73.9786085,40.7623991]]}},{"type":"Feature","properties":{"id":"lens-traffic-road-nyc-way/194926855","layer":"traffic_road","category":"transport","year":1940,"visible_year":2026,"rank":4,"name":"9th Avenue","source_id":"way/194926855","source_url":"https://www.openstreetmap.org/way/194926855","license":"ODbL","transport_raw":0.263,"transport_count":1,"transport_activity":0.27,"representation":"major-road transport-event activity","timing_note":"Road color is a three-year transport-event activity surface on current OSM major road geometry, not measured traffic volume or congestion."},"geometry":{"type":"LineString","coordinates":[[-73.9923474,40.7588274],[-73.9925675,40.7585361],[-73.9926458,40.7584326]]}},{"type":"Feature","properties":{"id":"lens-traffic-road-nyc-way/1267505843","layer":"traffic_road","category":"transport","year":1940,"visible_year":2026,"rank":2,"name":"Broadway","source_id":"way/1267505843","source_url":"https://www.openstreetmap.org/way/1267505843","license":"ODbL","transport_raw":0.26,"transport_count":1,"transport_activity":0.266,"representation":"major-road transport-event activity","timing_note":"Road color is a three-year transport-event activity surface on current OSM major road geometry, not measured traffic volume or congestion."},"geometry":{"type":"LineString","coordinates":[[-73.9823644,40.7644791],[-73.982492,40.7641264],[-73.9825176,40.764058]]}},{"type":"Feature","properties":{"id":"lens-traffic-road-nyc-way/1049920718","layer":"traffic_road","category":"transport","year":1940,"visible_year":2026,"rank":3,"name":"7th Avenue","source_id":"way/1049920718","source_url":"https://www.openstreetmap.org/way/1049920718","license":"ODbL","transport_raw":0.256,"transport_count":1,"transport_activity":0.263,"representation":"major-road transport-event activity","timing_note":"Road color is a three-year transport-event activity surface on current OSM major road geometry, not measured traffic volume or congestion."},"geometry":{"type":"LineString","coordinates":[[-73.988323,40.7541474],[-73.9883779,40.7540718],[-73.9887359,40.7535863],[-73.9887981,40.7535034]]}},{"type":"Feature","properties":{"id":"lens-traffic-road-nyc-way/324118558","layer":"traffic_road","category":"transport","year":1940,"visible_year":2026,"rank":3,"name":"West 54th Street","source_id":"way/324118558","source_url":"https://www.openstreetmap.org/way/324118558","license":"ODbL","transport_raw":0.257,"transport_count":1,"transport_activity":0.263,"representation":"major-road transport-event activity","timing_note":"Road color is a three-year transport-event activity surface on current OSM major road geometry, not measured traffic volume or congestion."},"geometry":{"type":"LineString","coordinates":[[-73.9842688,40.7647981],[-73.9841453,40.7647443],[-73.9841332,40.764739],[-73.9826024,40.7640902],[-73.9825176,40.764058]]}},{"type":"Feature","properties":{"id":"lens-traffic-road-nyc-way/1025734018","layer":"traffic_road","category":"transport","year":1940,"visible_year":2026,"rank":4,"name":"9th Avenue","source_id":"way/1025734018","source_url":"https://www.openstreetmap.org/way/1025734018","license":"ODbL","transport_raw":0.255,"transport_count":1,"transport_activity":0.261,"representation":"major-road transport-event activity","timing_note":"Road color is a three-year transport-event activity surface on current OSM major road geometry, not measured traffic volume or congestion."},"geometry":{"type":"LineString","coordinates":[[-73.9884895,40.7641124],[-73.988527,40.7640609],[-73.9887575,40.7637447]]}},{"type":"Feature","properties":{"id":"lens-traffic-road-nyc-way/464515891","layer":"traffic_road","category":"transport","year":1940,"visible_year":2026,"rank":3,"name":"5th Avenue","source_id":"way/464515891","source_url":"https://www.openstreetmap.org/way/464515891","license":"ODbL","transport_raw":0.245,"transport_count":1,"transport_activity":0.251,"representation":"major-road transport-event activity","timing_note":"Road color is a three-year transport-event activity surface on current OSM major road geometry, not measured traffic volume or congestion."},"geometry":{"type":"LineString","coordinates":[[-73.9799429,40.7547828],[-73.9799828,40.7547273],[-73.9801272,40.754529],[-73.9803515,40.754221],[-73.9803921,40.7541655]]}},{"type":"Feature","properties":{"id":"lens-traffic-road-nyc-way/420890024","layer":"traffic_road","category":"transport","year":1940,"visible_year":2026,"rank":3,"name":"8th Avenue","source_id":"way/420890024","source_url":"https://www.openstreetmap.org/way/420890024","license":"ODbL","transport_raw":0.241,"transport_count":1,"transport_activity":0.247,"representation":"major-road transport-event activity","timing_note":"Road color is a three-year transport-event activity surface on current OSM major road geometry, not measured traffic volume or congestion."},"geometry":{"type":"LineString","coordinates":[[-73.9844363,40.7645718],[-73.9843107,40.7647415],[-73.9842688,40.7647981]]}},{"type":"Feature","properties":{"id":"lens-traffic-road-nyc-way/458180190","layer":"traffic_road","category":"transport","year":1940,"visible_year":2026,"rank":3,"name":"5th Avenue","source_id":"way/458180190","source_url":"https://www.openstreetmap.org/way/458180190","license":"ODbL","transport_raw":0.234,"transport_count":1,"transport_activity":0.24,"representation":"major-road transport-event activity","timing_note":"Road color is a three-year transport-event activity surface on current OSM major road geometry, not measured traffic volume or congestion."},"geometry":{"type":"LineString","coordinates":[[-73.9772064,40.7585437],[-73.9772475,40.7584895],[-73.9776129,40.7579784],[-73.9776624,40.7579096]]}},{"type":"Feature","properties":{"id":"lens-traffic-road-nyc-way/525729009","layer":"traffic_road","category":"transport","year":1940,"visible_year":2026,"rank":4,"name":"9th Avenue","source_id":"way/525729009","source_url":"https://www.openstreetmap.org/way/525729009","license":"ODbL","transport_raw":0.224,"transport_count":1,"transport_activity":0.229,"representation":"major-road transport-event activity","timing_note":"Road color is a three-year transport-event activity surface on current OSM major road geometry, not measured traffic volume or congestion."},"geometry":{"type":"LineString","coordinates":[[-73.9926458,40.7584326],[-73.9927085,40.7583466],[-73.9930171,40.7579228],[-73.9930728,40.75784]]}},{"type":"Feature","properties":{"id":"lens-traffic-road-nyc-way/167922077","layer":"traffic_road","category":"transport","year":1940,"visible_year":2026,"rank":4,"name":"West 42nd Street","source_id":"way/167922077","source_url":"https://www.openstreetmap.org/way/167922077","license":"ODbL","transport_raw":0.22,"transport_count":1,"transport_activity":0.226,"representation":"major-road transport-event activity","timing_note":"Road color is a three-year transport-event activity surface on current OSM major road geometry, not measured traffic volume or congestion."},"geometry":{"type":"LineString","coordinates":[[-73.9934205,40.7587598],[-73.9927823,40.7584903],[-73.9926458,40.7584326]]}},{"type":"Feature","properties":{"id":"lens-traffic-road-nyc-way/324118556","layer":"traffic_road","category":"transport","year":1940,"visible_year":2026,"rank":3,"name":"West 54th Street","source_id":"way/324118556","source_url":"https://www.openstreetmap.org/way/324118556","license":"ODbL","transport_raw":0.221,"transport_count":1,"transport_activity":0.226,"representation":"major-road transport-event activity","timing_note":"Road color is a three-year transport-event activity surface on current OSM major road geometry, not measured traffic volume or congestion."},"geometry":{"type":"LineString","coordinates":[[-73.9846965,40.7649769],[-73.9844123,40.7648606],[-73.9843782,40.7648458],[-73.9842688,40.7647981]]}},{"type":"Feature","properties":{"id":"lens-traffic-road-nyc-way/194926854","layer":"traffic_road","category":"transport","year":1940,"visible_year":2026,"rank":3,"name":"8th Avenue","source_id":"way/194926854","source_url":"https://www.openstreetmap.org/way/194926854","license":"ODbL","transport_raw":0.218,"transport_count":1,"transport_activity":0.224,"representation":"major-road transport-event activity","timing_note":"Road color is a three-year transport-event activity surface on current OSM major road geometry, not measured traffic volume or congestion."},"geometry":{"type":"LineString","coordinates":[[-73.9914625,40.75494],[-73.9912234,40.7552667],[-73.991177,40.75533]]}},{"type":"Feature","properties":{"id":"lens-traffic-road-nyc-way/5671276","layer":"traffic_road","category":"transport","year":1940,"visible_year":2026,"rank":4,"name":"9th Avenue","source_id":"way/5671276","source_url":"https://www.openstreetmap.org/way/5671276","license":"ODbL","transport_raw":0.215,"transport_count":1,"transport_activity":0.221,"representation":"major-road transport-event activity","timing_note":"Road color is a three-year transport-event activity surface on current OSM major road geometry, not measured traffic volume or congestion."},"geometry":{"type":"LineString","coordinates":[[-73.9880232,40.7647531],[-73.9880729,40.7646848],[-73.9884449,40.7641739],[-73.9884895,40.7641124]]}},{"type":"Feature","properties":{"id":"lens-traffic-road-nyc-way/5670225","layer":"traffic_road","category":"transport","year":1940,"visible_year":2026,"rank":3,"name":"East 46th Street","source_id":"way/5670225","source_url":"https://www.openstreetmap.org/way/5670225","license":"ODbL","transport_raw":0.209,"transport_count":1,"transport_activity":0.214,"representation":"major-road transport-event activity","timing_note":"Road color is a three-year transport-event activity surface on current OSM major road geometry, not measured traffic volume or congestion."},"geometry":{"type":"LineString","coordinates":[[-73.9790227,40.7560373],[-73.9789038,40.7559876],[-73.9784488,40.7557985],[-73.9784037,40.7557794],[-73.9783562,40.7557581],[-73.9775218,40.7554098],[-73.9774077,40.7553621]]}},{"type":"Feature","properties":{"id":"lens-traffic-road-nyc-way/458180184","layer":"traffic_road","category":"transport","year":1940,"visible_year":2026,"rank":3,"name":"East 49th Street","source_id":"way/458180184","source_url":"https://www.openstreetmap.org/way/458180184","license":"ODbL","transport_raw":0.207,"transport_count":1,"transport_activity":0.212,"representation":"major-road transport-event activity","timing_note":"Road color is a three-year transport-event activity surface on current OSM major road geometry, not measured traffic volume or congestion."},"geometry":{"type":"LineString","coordinates":[[-73.9765587,40.7574489],[-73.9775426,40.7578596],[-73.9776624,40.7579096]]}},{"type":"Feature","properties":{"id":"lens-traffic-road-nyc-way/511699184","layer":"traffic_road","category":"transport","year":1940,"visible_year":2026,"rank":3,"name":"5th Avenue","source_id":"way/511699184","source_url":"https://www.openstreetmap.org/way/511699184","license":"ODbL","transport_raw":0.205,"transport_count":1,"transport_activity":0.211,"representation":"major-road transport-event activity","timing_note":"Road color is a three-year transport-event activity surface on current OSM major road geometry, not measured traffic volume or congestion."},"geometry":{"type":"LineString","coordinates":[[-73.9803921,40.7541655],[-73.9804361,40.754102],[-73.9808089,40.7535765],[-73.9808792,40.7534805]]}},{"type":"Feature","properties":{"id":"lens-traffic-road-nyc-way/420890025","layer":"traffic_road","category":"transport","year":1940,"visible_year":2026,"rank":3,"name":"8th Avenue","source_id":"way/420890025","source_url":"https://www.openstreetmap.org/way/420890025","license":"ODbL","transport_raw":0.204,"transport_count":1,"transport_activity":0.209,"representation":"major-road transport-event activity","timing_note":"Road color is a three-year transport-event activity surface on current OSM major road geometry, not measured traffic volume or congestion."},"geometry":{"type":"LineString","coordinates":[[-73.9842688,40.7647981],[-73.9842285,40.7648556],[-73.9839323,40.7652778]]}},{"type":"Feature","properties":{"id":"lens-traffic-road-nyc-way/1352944235","layer":"traffic_road","category":"transport","year":1940,"visible_year":2026,"rank":3,"name":"5th Avenue","source_id":"way/1352944235","source_url":"https://www.openstreetmap.org/way/1352944235","license":"ODbL","transport_raw":0.194,"transport_count":1,"transport_activity":0.199,"representation":"major-road transport-event activity","timing_note":"Road color is a three-year transport-event activity surface on current OSM major road geometry, not measured traffic volume or congestion."},"geometry":{"type":"LineString","coordinates":[[-73.9767414,40.7591757],[-73.9767899,40.7591071],[-73.9771615,40.7586062],[-73.9772064,40.7585437]]}},{"type":"Feature","properties":{"id":"lens-traffic-road-nyc-way/1376929274","layer":"traffic_road","category":"transport","year":1940,"visible_year":2026,"rank":3,"name":"7th Avenue","source_id":"way/1376929274","source_url":"https://www.openstreetmap.org/way/1376929274","license":"ODbL","transport_raw":0.193,"transport_count":1,"transport_activity":0.198,"representation":"major-road transport-event activity","timing_note":"Road color is a three-year transport-event activity surface on current OSM major road geometry, not measured traffic volume or congestion."},"geometry":{"type":"LineString","coordinates":[[-73.9887981,40.7535034],[-73.9888318,40.7534559],[-73.9889829,40.7532499]]}},{"type":"Feature","properties":{"id":"lens-traffic-road-nyc-way/5671709","layer":"traffic_road","category":"transport","year":1940,"visible_year":2026,"rank":3,"name":"West 53rd Street","source_id":"way/5671709","source_url":"https://www.openstreetmap.org/way/5671709","license":"ODbL","transport_raw":0.192,"transport_count":1,"transport_activity":0.197,"representation":"major-road transport-event activity","timing_note":"Road color is a three-year transport-event activity surface on current OSM major road geometry, not measured traffic volume or congestion."},"geometry":{"type":"LineString","coordinates":[[-73.9758441,40.7604084],[-73.9759482,40.7604486],[-73.9768604,40.760839],[-73.977257,40.7610088],[-73.9776535,40.7611786],[-73.977713,40.7612041],[-73.9780752,40.7613592],[-73.9782277,40.7614232],[-73.9786246,40.7615964],[-73.9786703,40.7616163]]}},{"type":"Feature","properties":{"id":"lens-traffic-road-nyc-way/458177130","layer":"traffic_road","category":"transport","year":1940,"visible_year":2026,"rank":3,"name":"East 45th Street","source_id":"way/458177130","source_url":"https://www.openstreetmap.org/way/458177130","license":"ODbL","transport_raw":0.191,"transport_count":1,"transport_activity":0.196,"representation":"major-road transport-event activity","timing_note":"Road color is a three-year transport-event activity surface on current OSM major road geometry, not measured traffic volume or congestion."},"geometry":{"type":"LineString","coordinates":[[-73.9778672,40.7547351],[-73.9779845,40.7547867],[-73.9793656,40.75536],[-73.9794895,40.7554134]]}},{"type":"Feature","properties":{"id":"lens-traffic-road-nyc-way/226041033","layer":"traffic_road","category":"transport","year":1940,"visible_year":2026,"rank":3,"name":"West 54th Street","source_id":"way/226041033","source_url":"https://www.openstreetmap.org/way/226041033","license":"ODbL","transport_raw":0.187,"transport_count":1,"transport_activity":0.192,"representation":"major-road transport-event activity","timing_note":"Road color is a three-year transport-event activity surface on current OSM major road geometry, not measured traffic volume or congestion."},"geometry":{"type":"LineString","coordinates":[[-73.9854965,40.7653154],[-73.9851287,40.7651596],[-73.9846965,40.7649769]]}},{"type":"Feature","properties":{"id":"lens-traffic-road-nyc-way/420892270","layer":"traffic_road","category":"transport","year":1940,"visible_year":2026,"rank":4,"name":"9th Avenue","source_id":"way/420892270","source_url":"https://www.openstreetmap.org/way/420892270","license":"ODbL","transport_raw":0.178,"transport_count":1,"transport_activity":0.183,"representation":"major-road transport-event activity","timing_note":"Road color is a three-year transport-event activity surface on current OSM major road geometry, not measured traffic volume or congestion."},"geometry":{"type":"LineString","coordinates":[[-73.9878964,40.7649263],[-73.9879921,40.7647956],[-73.9880232,40.7647531]]}},{"type":"Feature","properties":{"id":"lens-traffic-road-nyc-way/1025734022","layer":"traffic_road","category":"transport","year":1940,"visible_year":2026,"rank":4,"name":"9th Avenue","source_id":"way/1025734022","source_url":"https://www.openstreetmap.org/way/1025734022","license":"ODbL","transport_raw":0.177,"transport_count":1,"transport_activity":0.181,"representation":"major-road transport-event activity","timing_note":"Road color is a three-year transport-event activity surface on current OSM major road geometry, not measured traffic volume or congestion."},"geometry":{"type":"LineString","coordinates":[[-73.9930728,40.75784],[-73.9931508,40.757726],[-73.9934566,40.7573173]]}},{"type":"Feature","properties":{"id":"lens-traffic-road-nyc-way/1124078899","layer":"traffic_road","category":"transport","year":1940,"visible_year":2026,"rank":3,"name":"8th Avenue","source_id":"way/1124078899","source_url":"https://www.openstreetmap.org/way/1124078899","license":"ODbL","transport_raw":0.167,"transport_count":1,"transport_activity":0.171,"representation":"major-road transport-event activity","timing_note":"Road color is a three-year transport-event activity surface on current OSM major road geometry, not measured traffic volume or congestion."},"geometry":{"type":"LineString","coordinates":[[-73.991633,40.754707],[-73.9915855,40.7547719],[-73.9914625,40.75494]]}},{"type":"Feature","properties":{"id":"lens-traffic-road-nyc-way/1442249232","layer":"traffic_road","category":"transport","year":1940,"visible_year":2026,"rank":2,"name":"Broadway","source_id":"way/1442249232","source_url":"https://www.openstreetmap.org/way/1442249232","license":"ODbL","transport_raw":0.167,"transport_count":1,"transport_activity":0.171,"representation":"major-road transport-event activity","timing_note":"Road color is a three-year transport-event activity surface on current OSM major road geometry, not measured traffic volume or congestion."},"geometry":{"type":"LineString","coordinates":[[-73.9820384,40.7654683],[-73.9820552,40.7654173],[-73.9822351,40.764833],[-73.9822551,40.7647849],[-73.9822753,40.7647266],[-73.9822866,40.7646939],[-73.9823644,40.7644791]]}},{"type":"Feature","properties":{"id":"lens-traffic-road-nyc-way/1272613981","layer":"traffic_road","category":"transport","year":1940,"visible_year":2026,"rank":4,"name":"East 42nd Street","source_id":"way/1272613981","source_url":"https://www.openstreetmap.org/way/1272613981","license":"ODbL","transport_raw":0.159,"transport_count":1,"transport_activity":0.163,"representation":"major-road transport-event activity","timing_note":"Road color is a three-year transport-event activity surface on current OSM major road geometry, not measured traffic volume or congestion."},"geometry":{"type":"LineString","coordinates":[[-73.9803326,40.7532568],[-73.9807591,40.753435],[-73.9808792,40.7534805]]}},{"type":"Feature","properties":{"id":"lens-traffic-road-nyc-way/511699185","layer":"traffic_road","category":"transport","year":1940,"visible_year":2026,"rank":3,"name":"5th Avenue","source_id":"way/511699185","source_url":"https://www.openstreetmap.org/way/511699185","license":"ODbL","transport_raw":0.154,"transport_count":1,"transport_activity":0.158,"representation":"major-road transport-event activity","timing_note":"Road color is a three-year transport-event activity surface on current OSM major road geometry, not measured traffic volume or congestion."},"geometry":{"type":"LineString","coordinates":[[-73.9808792,40.7534805],[-73.9809447,40.7533944],[-73.9811322,40.7531449],[-73.9813256,40.7528885],[-73.9813803,40.7528159]]}},{"type":"Feature","properties":{"id":"lens-traffic-road-nyc-way/496989355","layer":"traffic_road","category":"transport","year":1940,"visible_year":2026,"rank":3,"name":"7th Avenue","source_id":"way/496989355","source_url":"https://www.openstreetmap.org/way/496989355","license":"ODbL","transport_raw":0.153,"transport_count":1,"transport_activity":0.157,"representation":"major-road transport-event activity","timing_note":"Road color is a three-year transport-event activity surface on current OSM major road geometry, not measured traffic volume or congestion."},"geometry":{"type":"LineString","coordinates":[[-73.980036,40.765521],[-73.9800997,40.7654326],[-73.9802957,40.7651636],[-73.9804489,40.7649528],[-73.9804846,40.7649044],[-73.9805314,40.7648393],[-73.9805628,40.7647973],[-73.9809386,40.7642812],[-73.9809769,40.764227],[-73.9810147,40.7641719],[-73.9812299,40.7638755],[-73.9813526,40.7637065],[-73.9813877,40.7636582],[-73.9814328,40.7635954]]}},{"type":"Feature","properties":{"id":"lens-traffic-road-nyc-way/420890027","layer":"traffic_road","category":"transport","year":1940,"visible_year":2026,"rank":3,"name":"8th Avenue","source_id":"way/420890027","source_url":"https://www.openstreetmap.org/way/420890027","license":"ODbL","transport_raw":0.15,"transport_count":1,"transport_activity":0.153,"representation":"major-road transport-event activity","timing_note":"Road color is a three-year transport-event activity surface on current OSM major road geometry, not measured traffic volume or congestion."},"geometry":{"type":"LineString","coordinates":[[-73.9839323,40.7652778],[-73.98387,40.7653707],[-73.9838559,40.7653917],[-73.9838209,40.7654396]]}},{"type":"Feature","properties":{"id":"lens-traffic-road-nyc-way/46482602","layer":"traffic_road","category":"transport","year":1940,"visible_year":2026,"rank":3,"name":"West 46th Street","source_id":"way/46482602","source_url":"https://www.openstreetmap.org/way/46482602","license":"ODbL","transport_raw":0.148,"transport_count":1,"transport_activity":0.151,"representation":"major-road transport-event activity","timing_note":"Road color is a three-year transport-event activity surface on current OSM major road geometry, not measured traffic volume or congestion."},"geometry":{"type":"LineString","coordinates":[[-73.9941692,40.7624224],[-73.9937382,40.7622405],[-73.9936069,40.762185],[-73.9934932,40.7621371],[-73.9909113,40.7610442],[-73.990767,40.7609866]]}},{"type":"Feature","properties":{"id":"lens-traffic-road-nyc-way/1320549615","layer":"traffic_road","category":"transport","year":1940,"visible_year":2026,"rank":4,"name":"West 42nd Street","source_id":"way/1320549615","source_url":"https://www.openstreetmap.org/way/1320549615","license":"ODbL","transport_raw":0.144,"transport_count":1,"transport_activity":0.148,"representation":"major-road transport-event activity","timing_note":"Road color is a three-year transport-event activity surface on current OSM major road geometry, not measured traffic volume or congestion."},"geometry":{"type":"LineString","coordinates":[[-73.9939368,40.7589778],[-73.9938201,40.7589285],[-73.9934205,40.7587598]]}},{"type":"Feature","properties":{"id":"lens-traffic-road-nyc-way/5673497","layer":"traffic_road","category":"transport","year":1940,"visible_year":2026,"rank":3,"name":"East 50th Street","source_id":"way/5673497","source_url":"https://www.openstreetmap.org/way/5673497","license":"ODbL","transport_raw":0.142,"transport_count":1,"transport_activity":0.146,"representation":"major-road transport-event activity","timing_note":"Road color is a three-year transport-event activity surface on current OSM major road geometry, not measured traffic volume or congestion."},"geometry":{"type":"LineString","coordinates":[[-73.9772064,40.7585437],[-73.9770798,40.7584906],[-73.9769092,40.7584207],[-73.9757013,40.7579073],[-73.975593,40.7578582]]}},{"type":"Feature","properties":{"id":"lens-traffic-road-nyc-way/420892271","layer":"traffic_road","category":"transport","year":1940,"visible_year":2026,"rank":4,"name":"9th Avenue","source_id":"way/420892271","source_url":"https://www.openstreetmap.org/way/420892271","license":"ODbL","transport_raw":0.141,"transport_count":1,"transport_activity":0.144,"representation":"major-road transport-event activity","timing_note":"Road color is a three-year transport-event activity surface on current OSM major road geometry, not measured traffic volume or congestion."},"geometry":{"type":"LineString","coordinates":[[-73.9875752,40.7653658],[-73.9876156,40.7653121],[-73.9878964,40.7649263]]}},{"type":"Feature","properties":{"id":"lens-traffic-road-nyc-way/569345547","layer":"traffic_road","category":"transport","year":1940,"visible_year":2026,"rank":3,"name":"7th Avenue","source_id":"way/569345547","source_url":"https://www.openstreetmap.org/way/569345547","license":"ODbL","transport_raw":0.138,"transport_count":1,"transport_activity":0.142,"representation":"major-road transport-event activity","timing_note":"Road color is a three-year transport-event activity surface on current OSM major road geometry, not measured traffic volume or congestion."},"geometry":{"type":"LineString","coordinates":[[-73.9889829,40.7532499],[-73.9891948,40.7529609],[-73.989243,40.752895]]}},{"type":"Feature","properties":{"id":"lens-traffic-road-nyc-way/968513230","layer":"traffic_road","category":"transport","year":1940,"visible_year":2026,"rank":3,"name":"West 45th Street","source_id":"way/968513230","source_url":"https://www.openstreetmap.org/way/968513230","license":"ODbL","transport_raw":0.138,"transport_count":1,"transport_activity":0.142,"representation":"major-road transport-event activity","timing_note":"Road color is a three-year transport-event activity surface on current OSM major road geometry, not measured traffic volume or congestion."},"geometry":{"type":"LineString","coordinates":[[-73.9912267,40.7603553],[-73.9913577,40.7604105],[-73.9939522,40.7615025],[-73.9940688,40.7615516],[-73.9942065,40.7616109],[-73.994646,40.761801]]}},{"type":"Feature","properties":{"id":"lens-traffic-road-nyc-way/1025734023","layer":"traffic_road","category":"transport","year":1940,"visible_year":2026,"rank":4,"name":"9th Avenue","source_id":"way/1025734023","source_url":"https://www.openstreetmap.org/way/1025734023","license":"ODbL","transport_raw":0.137,"transport_count":1,"transport_activity":0.14,"representation":"major-road transport-event activity","timing_note":"Road color is a three-year transport-event activity surface on current OSM major road geometry, not measured traffic volume or congestion."},"geometry":{"type":"LineString","coordinates":[[-73.9934566,40.7573173],[-73.9935336,40.7572146],[-73.9935785,40.7571536]]}},{"type":"Feature","properties":{"id":"lens-traffic-road-nyc-way/194920158","layer":"traffic_road","category":"transport","year":1940,"visible_year":2026,"rank":3,"name":"West 50th Street","source_id":"way/194920158","source_url":"https://www.openstreetmap.org/way/194920158","license":"ODbL","transport_raw":0.136,"transport_count":1,"transport_activity":0.139,"representation":"major-road transport-event activity","timing_note":"Road color is a three-year transport-event activity surface on current OSM major road geometry, not measured traffic volume or congestion."},"geometry":{"type":"LineString","coordinates":[[-73.9946061,40.765878],[-73.9944918,40.765831],[-73.9938415,40.7655635],[-73.9926381,40.7650452],[-73.9919261,40.7647456],[-73.9917852,40.7646863],[-73.9916712,40.7646382],[-73.9915837,40.7646015],[-73.9892245,40.7636086],[-73.9890806,40.7635481],[-73.9889429,40.7634901],[-73.9888155,40.7634364],[-73.9876276,40.7629366],[-73.9874635,40.7628676],[-73.987285,40.7627923],[-73.9865357,40.762477]]}},{"type":"Feature","properties":{"id":"lens-traffic-road-nyc-way/46521993","layer":"traffic_road","category":"transport","year":1940,"visible_year":2026,"rank":3,"name":"West 54th Street","source_id":"way/46521993","source_url":"https://www.openstreetmap.org/way/46521993","license":"ODbL","transport_raw":0.132,"transport_count":1,"transport_activity":0.135,"representation":"major-road transport-event activity","timing_note":"Road color is a three-year transport-event activity surface on current OSM major road geometry, not measured traffic volume or congestion."},"geometry":{"type":"LineString","coordinates":[[-73.9786085,40.7623991],[-73.9784842,40.7623469],[-73.9782022,40.7622285],[-73.9755019,40.7611011],[-73.9753806,40.7610471]]}},{"type":"Feature","properties":{"id":"lens-traffic-road-nyc-way/812949647","layer":"traffic_road","category":"transport","year":1940,"visible_year":2026,"rank":3,"name":"West 53rd Street","source_id":"way/812949647","source_url":"https://www.openstreetmap.org/way/812949647","license":"ODbL","transport_raw":0.132,"transport_count":1,"transport_activity":0.135,"representation":"major-road transport-event activity","timing_note":"Road color is a three-year transport-event activity surface on current OSM major road geometry, not measured traffic volume or congestion."},"geometry":{"type":"LineString","coordinates":[[-73.9829033,40.763382],[-73.9829765,40.7634128],[-73.9842275,40.7639421],[-73.9846181,40.7641074],[-73.9847413,40.7641596],[-73.9848837,40.7642201],[-73.987449,40.7653112],[-73.9875752,40.7653658],[-73.9877173,40.7654274],[-73.9903032,40.7665169],[-73.9904136,40.7665639],[-73.9905494,40.7666213],[-73.9931306,40.7677045],[-73.9932376,40.767752]]}},{"type":"Feature","properties":{"id":"lens-traffic-road-nyc-way/1499234749","layer":"traffic_road","category":"transport","year":1940,"visible_year":2026,"rank":3,"name":"West 49th Street","source_id":"way/1499234749","source_url":"https://www.openstreetmap.org/way/1499234749","license":"ODbL","transport_raw":0.127,"transport_count":1,"transport_activity":0.13,"representation":"major-road transport-event activity","timing_note":"Road color is a three-year transport-event activity surface on current OSM major road geometry, not measured traffic volume or congestion."},"geometry":{"type":"LineString","coordinates":[[-73.9895435,40.7629214],[-73.9921183,40.7640056],[-73.9922415,40.7640575]]}},{"type":"Feature","properties":{"id":"lens-traffic-road-nyc-way/46334593","layer":"traffic_road","category":"transport","year":1940,"visible_year":2026,"rank":3,"name":"West 41st Street","source_id":"way/46334593","source_url":"https://www.openstreetmap.org/way/46334593","license":"ODbL","transport_raw":0.123,"transport_count":1,"transport_activity":0.126,"representation":"major-road transport-event activity","timing_note":"Road color is a three-year transport-event activity surface on current OSM major road geometry, not measured traffic volume or congestion."},"geometry":{"type":"LineString","coordinates":[[-73.9930728,40.75784],[-73.9931927,40.7579174],[-73.9941696,40.7583309],[-73.9942426,40.7583493],[-73.9942996,40.7583608],[-73.994391,40.7583714]]}},{"type":"Feature","properties":{"id":"lens-traffic-road-nyc-way/458180191","layer":"traffic_road","category":"transport","year":1940,"visible_year":2026,"rank":3,"name":"5th Avenue","source_id":"way/458180191","source_url":"https://www.openstreetmap.org/way/458180191","license":"ODbL","transport_raw":0.118,"transport_count":1,"transport_activity":0.121,"representation":"major-road transport-event activity","timing_note":"Road color is a three-year transport-event activity surface on current OSM major road geometry, not measured traffic volume or congestion."},"geometry":{"type":"LineString","coordinates":[[-73.9758441,40.7604084],[-73.9758662,40.7603712],[-73.9762498,40.7598552],[-73.9762894,40.7597993],[-73.9763323,40.7597379],[-73.9767048,40.7592274],[-73.9767414,40.7591757]]}},{"type":"Feature","properties":{"id":"lens-traffic-road-nyc-way/384649120","layer":"traffic_road","category":"transport","year":1940,"visible_year":2026,"rank":3,"name":"6th Avenue","source_id":"way/384649120","source_url":"https://www.openstreetmap.org/way/384649120","license":"ODbL","transport_raw":0.114,"transport_count":1,"transport_activity":0.117,"representation":"major-road transport-event activity","timing_note":"Road color is a three-year transport-event activity surface on current OSM major road geometry, not measured traffic volume or congestion."},"geometry":{"type":"LineString","coordinates":[[-73.987037,40.7507992],[-73.9868682,40.7510279],[-73.986828,40.7510824],[-73.9867943,40.7511305],[-73.9864356,40.7516472],[-73.986399,40.7517],[-73.9863517,40.7517646],[-73.9859895,40.7522588],[-73.985947,40.752317],[-73.9859053,40.7523729],[-73.9855301,40.7528774],[-73.9854836,40.7529437],[-73.9854463,40.7529929],[-73.9850816,40.7535003],[-73.9850397,40.7535585]]}},{"type":"Feature","properties":{"id":"lens-traffic-road-nyc-way/420892273","layer":"traffic_road","category":"transport","year":1940,"visible_year":2026,"rank":4,"name":"9th Avenue","source_id":"way/420892273","source_url":"https://www.openstreetmap.org/way/420892273","license":"ODbL","transport_raw":0.114,"transport_count":1,"transport_activity":0.117,"representation":"major-road transport-event activity","timing_note":"Road color is a three-year transport-event activity surface on current OSM major road geometry, not measured traffic volume or congestion."},"geometry":{"type":"LineString","coordinates":[[-73.9874205,40.7655829],[-73.9875328,40.7654264],[-73.9875752,40.7653658]]}},{"type":"Feature","properties":{"id":"lens-traffic-road-nyc-way/464543614","layer":"traffic_road","category":"transport","year":1940,"visible_year":2026,"rank":3,"name":"West 37th Street","source_id":"way/464543614","source_url":"https://www.openstreetmap.org/way/464543614","license":"ODbL","transport_raw":0.114,"transport_count":1,"transport_activity":0.117,"representation":"major-road transport-event activity","timing_note":"Road color is a three-year transport-event activity surface on current OSM major road geometry, not measured traffic volume or congestion."},"geometry":{"type":"LineString","coordinates":[[-73.989243,40.752895],[-73.9893687,40.7529481],[-73.9915935,40.7538863]]}},{"type":"Feature","properties":{"id":"lens-traffic-road-nyc-way/525729010","layer":"traffic_road","category":"transport","year":1940,"visible_year":2026,"rank":4,"name":"9th Avenue","source_id":"way/525729010","source_url":"https://www.openstreetmap.org/way/525729010","license":"ODbL","transport_raw":0.115,"transport_count":1,"transport_activity":0.117,"representation":"major-road transport-event activity","timing_note":"Road color is a three-year transport-event activity surface on current OSM major road geometry, not measured traffic volume or congestion."},"geometry":{"type":"LineString","coordinates":[[-73.9935785,40.7571536],[-73.993622,40.7570941],[-73.9938303,40.7567985]]}},{"type":"Feature","properties":{"id":"lens-traffic-road-nyc-way/1124078898","layer":"traffic_road","category":"transport","year":1940,"visible_year":2026,"rank":3,"name":"8th Avenue","source_id":"way/1124078898","source_url":"https://www.openstreetmap.org/way/1124078898","license":"ODbL","transport_raw":0.11,"transport_count":1,"transport_activity":0.113,"representation":"major-road transport-event activity","timing_note":"Road color is a three-year transport-event activity surface on current OSM major road geometry, not measured traffic volume or congestion."},"geometry":{"type":"LineString","coordinates":[[-73.992079,40.754091],[-73.9920313,40.754157],[-73.9916735,40.7546504],[-73.991633,40.754707]]}},{"type":"Feature","properties":{"id":"lens-traffic-road-nyc-way/420906743","layer":"traffic_road","category":"transport","year":1940,"visible_year":2026,"rank":3,"name":"Madison Avenue","source_id":"way/420906743","source_url":"https://www.openstreetmap.org/way/420906743","license":"ODbL","transport_raw":0.109,"transport_count":1,"transport_activity":0.112,"representation":"major-road transport-event activity","timing_note":"Road color is a three-year transport-event activity surface on current OSM major road geometry, not measured traffic volume or congestion."},"geometry":{"type":"LineString","coordinates":[[-73.9771571,40.755719],[-73.9770046,40.7559314],[-73.9769642,40.7559868]]}},{"type":"Feature","properties":{"id":"lens-traffic-road-nyc-way/458180182","layer":"traffic_road","category":"transport","year":1940,"visible_year":2026,"rank":3,"name":"Madison Avenue","source_id":"way/458180182","source_url":"https://www.openstreetmap.org/way/458180182","license":"ODbL","transport_raw":0.11,"transport_count":1,"transport_activity":0.112,"representation":"major-road transport-event activity","timing_note":"Road color is a three-year transport-event activity surface on current OSM major road geometry, not measured traffic volume or congestion."},"geometry":{"type":"LineString","coordinates":[[-73.9774077,40.7553621],[-73.9773756,40.7554066],[-73.9771571,40.755719]]}},{"type":"Feature","properties":{"id":"lens-traffic-road-nyc-way/500717399","layer":"traffic_road","category":"transport","year":1940,"visible_year":2026,"rank":3,"name":"West 37th Street","source_id":"way/500717399","source_url":"https://www.openstreetmap.org/way/500717399","license":"ODbL","transport_raw":0.108,"transport_count":1,"transport_activity":0.111,"representation":"major-road transport-event activity","timing_note":"Road color is a three-year transport-event activity surface on current OSM major road geometry, not measured traffic volume or congestion."},"geometry":{"type":"LineString","coordinates":[[-73.9875372,40.7521903],[-73.9875568,40.7521984],[-73.9876261,40.7522287],[-73.989118,40.7528432],[-73.989243,40.752895]]}},{"type":"Feature","properties":{"id":"lens-traffic-road-nyc-way/420906755","layer":"traffic_road","category":"transport","year":1940,"visible_year":2026,"rank":3,"name":"Madison Avenue","source_id":"way/420906755","source_url":"https://www.openstreetmap.org/way/420906755","license":"ODbL","transport_raw":0.107,"transport_count":1,"transport_activity":0.109,"representation":"major-road transport-event activity","timing_note":"Road color is a three-year transport-event activity surface on current OSM major road geometry, not measured traffic volume or congestion."},"geometry":{"type":"LineString","coordinates":[[-73.9778672,40.7547351],[-73.9778241,40.7547949],[-73.9774891,40.7552511],[-73.9774517,40.7553041],[-73.9774077,40.7553621]]}},{"type":"Feature","properties":{"id":"lens-traffic-road-nyc-way/420356172","layer":"traffic_road","category":"transport","year":1940,"visible_year":2026,"rank":3,"name":"Madison Avenue","source_id":"way/420356172","source_url":"https://www.openstreetmap.org/way/420356172","license":"ODbL","transport_raw":0.104,"transport_count":1,"transport_activity":0.107,"representation":"major-road transport-event activity","timing_note":"Road color is a three-year transport-event activity surface on current OSM major road geometry, not measured traffic volume or congestion."},"geometry":{"type":"LineString","coordinates":[[-73.9769642,40.7559868],[-73.9769296,40.756034],[-73.9765592,40.7565392],[-73.976512,40.7566036]]}},{"type":"Feature","properties":{"id":"lens-traffic-road-nyc-way/1051743127","layer":"traffic_road","category":"transport","year":1940,"visible_year":2026,"rank":3,"name":"East 49th Street","source_id":"way/1051743127","source_url":"https://www.openstreetmap.org/way/1051743127","license":"ODbL","transport_raw":0.1,"transport_count":1,"transport_activity":0.103,"representation":"major-road transport-event activity","timing_note":"Road color is a three-year transport-event activity surface on current OSM major road geometry, not measured traffic volume or congestion."},"geometry":{"type":"LineString","coordinates":[[-73.9760484,40.7572359],[-73.9761612,40.7572829],[-73.9763052,40.7573431],[-73.9765587,40.7574489]]}},{"type":"Feature","properties":{"id":"lens-traffic-road-nyc-way/273895449","layer":"traffic_road","category":"transport","year":1940,"visible_year":2026,"rank":4,"name":"Dyer Avenue","source_id":"way/273895449","source_url":"https://www.openstreetmap.org/way/273895449","license":"ODbL","transport_raw":0.1,"transport_count":1,"transport_activity":0.103,"representation":"major-road transport-event activity","timing_note":"Road color is a three-year transport-event activity surface on current OSM major road geometry, not measured traffic volume or congestion."},"geometry":{"type":"LineString","coordinates":[[-73.994391,40.7583714],[-73.9943266,40.7584587],[-73.9940079,40.7588831],[-73.9939368,40.7589778]]}},{"type":"Feature","properties":{"id":"lens-traffic-road-nyc-way/420356173","layer":"traffic_road","category":"transport","year":1940,"visible_year":2026,"rank":3,"name":"Madison Avenue","source_id":"way/420356173","source_url":"https://www.openstreetmap.org/way/420356173","license":"ODbL","transport_raw":0.098,"transport_count":1,"transport_activity":0.101,"representation":"major-road transport-event activity","timing_note":"Road color is a three-year transport-event activity surface on current OSM major road geometry, not measured traffic volume or congestion."},"geometry":{"type":"LineString","coordinates":[[-73.9780563,40.7544719],[-73.9779121,40.7546727],[-73.9778672,40.7547351]]}},{"type":"Feature","properties":{"id":"lens-traffic-road-nyc-way/420890029","layer":"traffic_road","category":"transport","year":1940,"visible_year":2026,"rank":3,"name":"8th Avenue","source_id":"way/420890029","source_url":"https://www.openstreetmap.org/way/420890029","license":"ODbL","transport_raw":0.098,"transport_count":1,"transport_activity":0.101,"representation":"major-road transport-event activity","timing_note":"Road color is a three-year transport-event activity surface on current OSM major road geometry, not measured traffic volume or congestion."},"geometry":{"type":"LineString","coordinates":[[-73.9838209,40.7654396],[-73.9837859,40.7654863],[-73.9834067,40.7659917],[-73.9833766,40.7660319]]}},{"type":"Feature","properties":{"id":"lens-traffic-road-nyc-way/1106482767","layer":"traffic_road","category":"transport","year":1940,"visible_year":2026,"rank":3,"name":"East 46th Street","source_id":"way/1106482767","source_url":"https://www.openstreetmap.org/way/1106482767","license":"ODbL","transport_raw":0.088,"transport_count":1,"transport_activity":0.091,"representation":"major-road transport-event activity","timing_note":"Road color is a three-year transport-event activity surface on current OSM major road geometry, not measured traffic volume or congestion."},"geometry":{"type":"LineString","coordinates":[[-73.9774077,40.7553621],[-73.9773139,40.7553239],[-73.9769598,40.7551748]]}},{"type":"Feature","properties":{"id":"lens-traffic-road-nyc-way/496993762","layer":"traffic_road","category":"transport","year":1940,"visible_year":2026,"rank":3,"name":"Madison Avenue","source_id":"way/496993762","source_url":"https://www.openstreetmap.org/way/496993762","license":"ODbL","transport_raw":0.087,"transport_count":1,"transport_activity":0.089,"representation":"major-road transport-event activity","timing_note":"Road color is a three-year transport-event activity surface on current OSM major road geometry, not measured traffic volume or congestion."},"geometry":{"type":"LineString","coordinates":[[-73.976512,40.7566036],[-73.9764689,40.7566623],[-73.9762983,40.7568951],[-73.9761312,40.757123],[-73.9760916,40.757177],[-73.9760484,40.7572359]]}},{"type":"Feature","properties":{"id":"lens-traffic-road-nyc-way/324118557","layer":"traffic_road","category":"transport","year":1940,"visible_year":2026,"rank":3,"name":"West 54th Street","source_id":"way/324118557","source_url":"https://www.openstreetmap.org/way/324118557","license":"ODbL","transport_raw":0.085,"transport_count":1,"transport_activity":0.087,"representation":"major-road transport-event activity","timing_note":"Road color is a three-year transport-event activity surface on current OSM major road geometry, not measured traffic volume or congestion."},"geometry":{"type":"LineString","coordinates":[[-73.9871254,40.7659937],[-73.9870175,40.7659483],[-73.9869922,40.7659377],[-73.9869572,40.7659231],[-73.9854965,40.7653154]]}},{"type":"Feature","properties":{"id":"lens-traffic-road-nyc-way/46522005","layer":"traffic_road","category":"transport","year":1940,"visible_year":2026,"rank":3,"name":"West 37th Street","source_id":"way/46522005","source_url":"https://www.openstreetmap.org/way/46522005","license":"ODbL","transport_raw":0.082,"transport_count":1,"transport_activity":0.084,"representation":"major-road transport-event activity","timing_note":"Road color is a three-year transport-event activity surface on current OSM major road geometry, not measured traffic volume or congestion."},"geometry":{"type":"LineString","coordinates":[[-73.986399,40.7517],[-73.986537,40.7517594],[-73.9871918,40.7520416],[-73.9873184,40.7520962],[-73.9873501,40.7521097],[-73.9874878,40.7521693],[-73.9875372,40.7521903]]}},{"type":"Feature","properties":{"id":"lens-traffic-road-nyc-way/1442249235","layer":"traffic_road","category":"transport","year":1940,"visible_year":2026,"rank":2,"name":"Broadway","source_id":"way/1442249235","source_url":"https://www.openstreetmap.org/way/1442249235","license":"ODbL","transport_raw":0.08,"transport_count":1,"transport_activity":0.082,"representation":"major-road transport-event activity","timing_note":"Road color is a three-year transport-event activity surface on current OSM major road geometry, not measured traffic volume or congestion."},"geometry":{"type":"LineString","coordinates":[[-73.9820004,40.765684],[-73.9820209,40.7655656],[-73.9820384,40.7654683]]}},{"type":"Feature","properties":{"id":"lens-traffic-road-nyc-way/438384693","layer":"traffic_road","category":"transport","year":1940,"visible_year":2026,"rank":3,"name":"Madison Avenue","source_id":"way/438384693","source_url":"https://www.openstreetmap.org/way/438384693","license":"ODbL","transport_raw":0.078,"transport_count":1,"transport_activity":0.08,"representation":"major-road transport-event activity","timing_note":"Road color is a three-year transport-event activity surface on current OSM major road geometry, not measured traffic volume or congestion."},"geometry":{"type":"LineString","coordinates":[[-73.9787764,40.7534863],[-73.978732,40.7535448],[-73.9783708,40.7540438],[-73.9783295,40.754099],[-73.9782804,40.7541661],[-73.9780563,40.7544719]]}},{"type":"Feature","properties":{"id":"lens-traffic-road-nyc-way/1135614656","layer":"traffic_road","category":"transport","year":1940,"visible_year":2026,"rank":4,"name":"9th Avenue","source_id":"way/1135614656","source_url":"https://www.openstreetmap.org/way/1135614656","license":"ODbL","transport_raw":0.075,"transport_count":1,"transport_activity":0.077,"representation":"major-road transport-event activity","timing_note":"Road color is a three-year transport-event activity surface on current OSM major road geometry, not measured traffic volume or congestion."},"geometry":{"type":"LineString","coordinates":[[-73.9938303,40.7567985],[-73.9939769,40.7565905],[-73.9940178,40.7565324]]}},{"type":"Feature","properties":{"id":"lens-traffic-road-nyc-way/1127444736","layer":"traffic_road","category":"transport","year":1940,"visible_year":2026,"rank":3,"name":"West 37th Street","source_id":"way/1127444736","source_url":"https://www.openstreetmap.org/way/1127444736","license":"ODbL","transport_raw":0.074,"transport_count":1,"transport_activity":0.076,"representation":"major-road transport-event activity","timing_note":"Road color is a three-year transport-event activity surface on current OSM major road geometry, not measured traffic volume or congestion."},"geometry":{"type":"LineString","coordinates":[[-73.9915935,40.7538863],[-73.9919481,40.7540358],[-73.992079,40.754091]]}},{"type":"Feature","properties":{"id":"lens-traffic-road-nyc-way/420892272","layer":"traffic_road","category":"transport","year":1940,"visible_year":2026,"rank":4,"name":"9th Avenue","source_id":"way/420892272","source_url":"https://www.openstreetmap.org/way/420892272","license":"ODbL","transport_raw":0.073,"transport_count":1,"transport_activity":0.075,"representation":"major-road transport-event activity","timing_note":"Road color is a three-year transport-event activity surface on current OSM major road geometry, not measured traffic volume or congestion."},"geometry":{"type":"LineString","coordinates":[[-73.9871254,40.7659937],[-73.9871652,40.7659392],[-73.9874205,40.7655829]]}},{"type":"Feature","properties":{"id":"lens-traffic-road-nyc-way/1135620538","layer":"traffic_road","category":"transport","year":1940,"visible_year":2026,"rank":3,"name":"7th Avenue","source_id":"way/1135620538","source_url":"https://www.openstreetmap.org/way/1135620538","license":"ODbL","transport_raw":0.072,"transport_count":1,"transport_activity":0.074,"representation":"major-road transport-event activity","timing_note":"Road color is a three-year transport-event activity surface on current OSM major road geometry, not measured traffic volume or congestion."},"geometry":{"type":"LineString","coordinates":[[-73.989243,40.752895],[-73.9892801,40.7528446],[-73.989646,40.7523454],[-73.9896878,40.7522886]]}},{"type":"Feature","properties":{"id":"lens-traffic-road-nyc-way/1362572651","layer":"traffic_road","category":"transport","year":1940,"visible_year":2026,"rank":4,"name":"Dyer Avenue","source_id":"way/1362572651","source_url":"https://www.openstreetmap.org/way/1362572651","license":"ODbL","transport_raw":0.068,"transport_count":1,"transport_activity":0.069,"representation":"major-road transport-event activity","timing_note":"Road color is a three-year transport-event activity surface on current OSM major road geometry, not measured traffic volume or congestion."},"geometry":{"type":"LineString","coordinates":[[-73.9945329,40.7581732],[-73.9944626,40.7582743],[-73.994391,40.7583714]]}},{"type":"Feature","properties":{"id":"lens-traffic-road-nyc-way/458180185","layer":"traffic_road","category":"transport","year":1940,"visible_year":2026,"rank":3,"name":"Madison Avenue","source_id":"way/458180185","source_url":"https://www.openstreetmap.org/way/458180185","license":"ODbL","transport_raw":0.061,"transport_count":1,"transport_activity":0.063,"representation":"major-road transport-event activity","timing_note":"Road color is a three-year transport-event activity surface on current OSM major road geometry, not measured traffic volume or congestion."},"geometry":{"type":"LineString","coordinates":[[-73.9760484,40.7572359],[-73.9760046,40.7572951],[-73.9756931,40.7577152],[-73.975636,40.7577997],[-73.975593,40.7578582]]}},{"type":"Feature","properties":{"id":"lens-traffic-road-nyc-way/420904618","layer":"traffic_road","category":"transport","year":1940,"visible_year":2026,"rank":4,"name":"West 42nd Street","source_id":"way/420904618","source_url":"https://www.openstreetmap.org/way/420904618","license":"ODbL","transport_raw":0.059,"transport_count":1,"transport_activity":0.061,"representation":"major-road transport-event activity","timing_note":"Road color is a three-year transport-event activity surface on current OSM major road geometry, not measured traffic volume or congestion."},"geometry":{"type":"LineString","coordinates":[[-73.9954726,40.7596264],[-73.9953417,40.7595711],[-73.9940817,40.759039],[-73.994027,40.7590159],[-73.9939368,40.7589778]]}},{"type":"Feature","properties":{"id":"lens-traffic-road-nyc-way/438384692","layer":"traffic_road","category":"transport","year":1940,"visible_year":2026,"rank":4,"name":"East 42nd Street","source_id":"way/438384692","source_url":"https://www.openstreetmap.org/way/438384692","license":"ODbL","transport_raw":0.06,"transport_count":1,"transport_activity":0.061,"representation":"major-road transport-event activity","timing_note":"Road color is a three-year transport-event activity surface on current OSM major road geometry, not measured traffic volume or congestion."},"geometry":{"type":"LineString","coordinates":[[-73.9792873,40.7528125],[-73.9793857,40.752856],[-73.9803326,40.7532568]]}},{"type":"Feature","properties":{"id":"lens-traffic-road-nyc-way/420904617","layer":"traffic_road","category":"transport","year":1940,"visible_year":2026,"rank":3,"name":"West 41st Street","source_id":"way/420904617","source_url":"https://www.openstreetmap.org/way/420904617","license":"ODbL","transport_raw":0.057,"transport_count":1,"transport_activity":0.058,"representation":"major-road transport-event activity","timing_note":"Road color is a three-year transport-event activity surface on current OSM major road geometry, not measured traffic volume or congestion."},"geometry":{"type":"LineString","coordinates":[[-73.994391,40.7583714],[-73.9944508,40.758381],[-73.9945194,40.7584017],[-73.9949905,40.7586019]]}},{"type":"Feature","properties":{"id":"lens-traffic-road-nyc-way/966105510","layer":"traffic_road","category":"transport","year":1940,"visible_year":2026,"rank":3,"name":"Madison Avenue","source_id":"way/966105510","source_url":"https://www.openstreetmap.org/way/966105510","license":"ODbL","transport_raw":0.052,"transport_count":1,"transport_activity":0.054,"representation":"major-road transport-event activity","timing_note":"Road color is a three-year transport-event activity surface on current OSM major road geometry, not measured traffic volume or congestion."},"geometry":{"type":"LineString","coordinates":[[-73.9789392,40.7532703],[-73.9788416,40.7533967],[-73.9788229,40.7534217],[-73.9787764,40.7534863]]}},{"type":"Feature","properties":{"id":"lens-traffic-road-nyc-way/511699176","layer":"traffic_road","category":"transport","year":1940,"visible_year":2026,"rank":3,"name":"East 45th Street","source_id":"way/511699176","source_url":"https://www.openstreetmap.org/way/511699176","license":"ODbL","transport_raw":0.05,"transport_count":1,"transport_activity":0.051,"representation":"major-road transport-event activity","timing_note":"Road color is a three-year transport-event activity surface on current OSM major road geometry, not measured traffic volume or congestion."},"geometry":{"type":"LineString","coordinates":[[-73.9769749,40.754351],[-73.9770562,40.7543871],[-73.9777649,40.7546908],[-73.9778672,40.7547351]]}},{"type":"Feature","properties":{"id":"lens-traffic-road-nyc-way/460585328","layer":"traffic_road","category":"transport","year":1940,"visible_year":2026,"rank":4,"name":"10th Avenue","source_id":"way/460585328","source_url":"https://www.openstreetmap.org/way/460585328","license":"ODbL","transport_raw":0.048,"transport_count":1,"transport_activity":0.049,"representation":"major-road transport-event activity","timing_note":"Road color is a three-year transport-event activity surface on current OSM major road geometry, not measured traffic volume or congestion."},"geometry":{"type":"LineString","coordinates":[[-73.9954726,40.7596264],[-73.9953922,40.7597366],[-73.9950199,40.7602465],[-73.994972,40.7603122],[-73.994932,40.7603671],[-73.9945655,40.76087],[-73.9945259,40.7609247],[-73.9944749,40.7609948],[-73.9941092,40.7614958],[-73.9940688,40.7615516],[-73.994026,40.7616101],[-73.9936512,40.7621242],[-73.9936069,40.762185],[-73.9935673,40.7622392],[-73.9931931,40.7627523],[-73.9931565,40.7628026],[-73.9931097,40.7628668],[-73.9927426,40.7633709],[-73.9927007,40.7634277],[-73.9926517,40.7634928]]}},{"type":"Feature","properties":{"id":"lens-traffic-road-nyc-way/420892274","layer":"traffic_road","category":"transport","year":1940,"visible_year":2026,"rank":4,"name":"9th Avenue","source_id":"way/420892274","source_url":"https://www.openstreetmap.org/way/420892274","license":"ODbL","transport_raw":0.046,"transport_count":1,"transport_activity":0.047,"representation":"major-road transport-event activity","timing_note":"Road color is a three-year transport-event activity surface on current OSM major road geometry, not measured traffic volume or congestion."},"geometry":{"type":"LineString","coordinates":[[-73.9869801,40.7662035],[-73.9870824,40.7660519],[-73.9871254,40.7659937]]}},{"type":"Feature","properties":{"id":"lens-traffic-road-nyc-way/1135614655","layer":"traffic_road","category":"transport","year":1940,"visible_year":2026,"rank":4,"name":"9th Avenue","source_id":"way/1135614655","source_url":"https://www.openstreetmap.org/way/1135614655","license":"ODbL","transport_raw":0.045,"transport_count":1,"transport_activity":0.046,"representation":"major-road transport-event activity","timing_note":"Road color is a three-year transport-event activity surface on current OSM major road geometry, not measured traffic volume or congestion."},"geometry":{"type":"LineString","coordinates":[[-73.9940178,40.7565324],[-73.994061,40.7564733],[-73.99433,40.7561052]]}},{"type":"Feature","properties":{"id":"lens-traffic-road-nyc-way/5671181","layer":"traffic_road","category":"transport","year":1940,"visible_year":2026,"rank":3,"name":"West 37th Street","source_id":"way/5671181","source_url":"https://www.openstreetmap.org/way/5671181","license":"ODbL","transport_raw":0.045,"transport_count":1,"transport_activity":0.046,"representation":"major-road transport-event activity","timing_note":"Road color is a three-year transport-event activity surface on current OSM major road geometry, not measured traffic volume or congestion."},"geometry":{"type":"LineString","coordinates":[[-73.9859694,40.7515125],[-73.9860648,40.7515541],[-73.986267,40.7516424],[-73.986399,40.7517]]}},{"type":"Feature","properties":{"id":"lens-traffic-road-nyc-way/441405435","layer":"traffic_road","category":"transport","year":1940,"visible_year":2026,"rank":3,"name":"Madison Avenue","source_id":"way/441405435","source_url":"https://www.openstreetmap.org/way/441405435","license":"ODbL","transport_raw":0.038,"transport_count":1,"transport_activity":0.039,"representation":"major-road transport-event activity","timing_note":"Road color is a three-year transport-event activity surface on current OSM major road geometry, not measured traffic volume or congestion."},"geometry":{"type":"LineString","coordinates":[[-73.975593,40.7578582],[-73.9755513,40.7579171],[-73.9752603,40.7583152]]}},{"type":"Feature","properties":{"id":"lens-traffic-road-nyc-way/46492638","layer":"traffic_road","category":"transport","year":1940,"visible_year":2026,"rank":4,"name":"Dyer Avenue","source_id":"way/46492638","source_url":"https://www.openstreetmap.org/way/46492638","license":"ODbL","transport_raw":0.038,"transport_count":1,"transport_activity":0.039,"representation":"major-road transport-event activity","timing_note":"Road color is a three-year transport-event activity surface on current OSM major road geometry, not measured traffic volume or congestion."},"geometry":{"type":"LineString","coordinates":[[-73.9948115,40.7576654],[-73.9947821,40.7577014],[-73.9947636,40.7577241],[-73.9947419,40.7577507],[-73.9946976,40.7578412],[-73.9946551,40.7579879],[-73.9945961,40.7580852],[-73.9945329,40.7581732]]}},{"type":"Feature","properties":{"id":"lens-traffic-road-nyc-way/541350711","layer":"traffic_road","category":"transport","year":1940,"visible_year":2026,"rank":3,"name":"6th Avenue","source_id":"way/541350711","source_url":"https://www.openstreetmap.org/way/541350711","license":"ODbL","transport_raw":0.038,"transport_count":1,"transport_activity":0.039,"representation":"major-road transport-event activity","timing_note":"Road color is a three-year transport-event activity surface on current OSM major road geometry, not measured traffic volume or congestion."},"geometry":{"type":"LineString","coordinates":[[-73.978141,40.7630416],[-73.9781029,40.7630933],[-73.977729,40.7636008],[-73.977693,40.7636495],[-73.9776422,40.7637185],[-73.9772648,40.7642306],[-73.977196,40.764324]]}},{"type":"Feature","properties":{"id":"lens-traffic-road-nyc-way/511699181","layer":"traffic_road","category":"transport","year":1940,"visible_year":2026,"rank":3,"name":"Madison Avenue","source_id":"way/511699181","source_url":"https://www.openstreetmap.org/way/511699181","license":"ODbL","transport_raw":0.031,"transport_count":1,"transport_activity":0.032,"representation":"major-road transport-event activity","timing_note":"Road color is a three-year transport-event activity surface on current OSM major road geometry, not measured traffic volume or congestion."},"geometry":{"type":"LineString","coordinates":[[-73.9792873,40.7528125],[-73.9792135,40.7529093],[-73.9789392,40.7532703]]}},{"type":"Feature","properties":{"id":"lens-traffic-road-nyc-way/1499234750","layer":"traffic_road","category":"transport","year":1940,"visible_year":2026,"rank":4,"name":"10th Avenue","source_id":"way/1499234750","source_url":"https://www.openstreetmap.org/way/1499234750","license":"ODbL","transport_raw":0.03,"transport_count":1,"transport_activity":0.031,"representation":"major-road transport-event activity","timing_note":"Road color is a three-year transport-event activity surface on current OSM major road geometry, not measured traffic volume or congestion."},"geometry":{"type":"LineString","coordinates":[[-73.9926517,40.7634928],[-73.9922853,40.7639975],[-73.99227,40.7640185],[-73.9922415,40.7640575]]}},{"type":"Feature","properties":{"id":"lens-traffic-road-nyc-way/458180197","layer":"traffic_road","category":"transport","year":1940,"visible_year":2026,"rank":3,"name":"5th Avenue","source_id":"way/458180197","source_url":"https://www.openstreetmap.org/way/458180197","license":"ODbL","transport_raw":0.029,"transport_count":1,"transport_activity":0.03,"representation":"major-road transport-event activity","timing_note":"Road color is a three-year transport-event activity surface on current OSM major road geometry, not measured traffic volume or congestion."},"geometry":{"type":"LineString","coordinates":[[-73.9753806,40.7610471],[-73.9754197,40.7609923],[-73.975794,40.7604742],[-73.9758441,40.7604084]]}},{"type":"Feature","properties":{"id":"lens-traffic-road-nyc-way/1036712190","layer":"traffic_road","category":"transport","year":1940,"visible_year":2026,"rank":3,"name":"West 37th Street","source_id":"way/1036712190","source_url":"https://www.openstreetmap.org/way/1036712190","license":"ODbL","transport_raw":0.028,"transport_count":1,"transport_activity":0.028,"representation":"major-road transport-event activity","timing_note":"Road color is a three-year transport-event activity surface on current OSM major road geometry, not measured traffic volume or congestion."},"geometry":{"type":"LineString","coordinates":[[-73.9856437,40.7513757],[-73.9859694,40.7515125]]}},{"type":"Feature","properties":{"id":"lens-traffic-road-nyc-way/458180181","layer":"traffic_road","category":"transport","year":1940,"visible_year":2026,"rank":3,"name":"East 46th Street","source_id":"way/458180181","source_url":"https://www.openstreetmap.org/way/458180181","license":"ODbL","transport_raw":0.028,"transport_count":1,"transport_activity":0.028,"representation":"major-road transport-event activity","timing_note":"Road color is a three-year transport-event activity surface on current OSM major road geometry, not measured traffic volume or congestion."},"geometry":{"type":"LineString","coordinates":[[-73.9769598,40.7551748],[-73.9765934,40.7550216],[-73.9765138,40.7549885]]}},{"type":"Feature","properties":{"id":"lens-traffic-road-nyc-way/439933933","layer":"traffic_road","category":"transport","year":1940,"visible_year":2026,"rank":3,"name":"8th Avenue","source_id":"way/439933933","source_url":"https://www.openstreetmap.org/way/439933933","license":"ODbL","transport_raw":0.027,"transport_count":1,"transport_activity":0.027,"representation":"major-road transport-event activity","timing_note":"Road color is a three-year transport-event activity surface on current OSM major road geometry, not measured traffic volume or congestion."},"geometry":{"type":"LineString","coordinates":[[-73.9833766,40.7660319],[-73.9833207,40.7661077],[-73.9829638,40.766592]]}},{"type":"Feature","properties":{"id":"lens-traffic-road-nyc-way/511755381","layer":"traffic_road","category":"transport","year":1940,"visible_year":2026,"rank":3,"name":"West 37th Street","source_id":"way/511755381","source_url":"https://www.openstreetmap.org/way/511755381","license":"ODbL","transport_raw":0.024,"transport_count":1,"transport_activity":0.025,"representation":"major-road transport-event activity","timing_note":"Road color is a three-year transport-event activity surface on current OSM major road geometry, not measured traffic volume or congestion."},"geometry":{"type":"LineString","coordinates":[[-73.992079,40.754091],[-73.9922022,40.7541431],[-73.9922163,40.754149],[-73.9943779,40.7550598],[-73.9944919,40.7551077]]}},{"type":"Feature","properties":{"id":"lens-traffic-road-nyc-way/1124078897","layer":"traffic_road","category":"transport","year":1940,"visible_year":2026,"rank":3,"name":"8th Avenue","source_id":"way/1124078897","source_url":"https://www.openstreetmap.org/way/1124078897","license":"ODbL","transport_raw":0.024,"transport_count":1,"transport_activity":0.024,"representation":"major-road transport-event activity","timing_note":"Road color is a three-year transport-event activity surface on current OSM major road geometry, not measured traffic volume or congestion."},"geometry":{"type":"LineString","coordinates":[[-73.9925251,40.7534779],[-73.9924817,40.7535374],[-73.9921193,40.7540356],[-73.992079,40.754091]]}},{"type":"Feature","properties":{"id":"lens-traffic-road-nyc-way/1308875367","layer":"traffic_road","category":"transport","year":1940,"visible_year":2026,"rank":4,"name":"10th Avenue","source_id":"way/1308875367","source_url":"https://www.openstreetmap.org/way/1308875367","license":"ODbL","transport_raw":0.021,"transport_count":1,"transport_activity":0.021,"representation":"major-road transport-event activity","timing_note":"Road color is a three-year transport-event activity surface on current OSM major road geometry, not measured traffic volume or congestion."},"geometry":{"type":"LineString","coordinates":[[-73.9922415,40.7640575],[-73.9921946,40.7641194],[-73.9920821,40.7642748]]}},{"type":"Feature","properties":{"id":"lens-traffic-road-nyc-way/1135620537","layer":"traffic_road","category":"transport","year":1940,"visible_year":2026,"rank":3,"name":"West 36th Street","source_id":"way/1135620537","source_url":"https://www.openstreetmap.org/way/1135620537","license":"ODbL","transport_raw":0.018,"transport_count":1,"transport_activity":0.019,"representation":"major-road transport-event activity","timing_note":"Road color is a three-year transport-event activity surface on current OSM major road geometry, not measured traffic volume or congestion."},"geometry":{"type":"LineString","coordinates":[[-73.9896878,40.7522886],[-73.9895632,40.7522364],[-73.9877714,40.7514804],[-73.9876865,40.7514446]]}},{"type":"Feature","properties":{"id":"lens-traffic-road-nyc-way/1499234747","layer":"traffic_road","category":"transport","year":1940,"visible_year":2026,"rank":3,"name":"West 49th Street","source_id":"way/1499234747","source_url":"https://www.openstreetmap.org/way/1499234747","license":"ODbL","transport_raw":0.017,"transport_count":1,"transport_activity":0.018,"representation":"major-road transport-event activity","timing_note":"Road color is a three-year transport-event activity surface on current OSM major road geometry, not measured traffic volume or congestion."},"geometry":{"type":"LineString","coordinates":[[-73.9922415,40.7640575],[-73.9923694,40.7641132]]}},{"type":"Feature","properties":{"id":"lens-traffic-road-nyc-way/196116976","layer":"traffic_road","category":"transport","year":1940,"visible_year":2026,"rank":2,"name":"Broadway","source_id":"way/196116976","source_url":"https://www.openstreetmap.org/way/196116976","license":"ODbL","transport_raw":0.017,"transport_count":1,"transport_activity":0.018,"representation":"major-road transport-event activity","timing_note":"Road color is a three-year transport-event activity surface on current OSM major road geometry, not measured traffic volume or congestion."},"geometry":{"type":"LineString","coordinates":[[-73.9818935,40.7663005],[-73.9819115,40.7661962],[-73.9820004,40.765684]]}},{"type":"Feature","properties":{"id":"lens-traffic-road-nyc-way/1023236297","layer":"traffic_road","category":"transport","year":1940,"visible_year":2026,"rank":3,"name":"Madison Avenue","source_id":"way/1023236297","source_url":"https://www.openstreetmap.org/way/1023236297","license":"ODbL","transport_raw":0.015,"transport_count":1,"transport_activity":0.015,"representation":"major-road transport-event activity","timing_note":"Road color is a three-year transport-event activity surface on current OSM major road geometry, not measured traffic volume or congestion."},"geometry":{"type":"LineString","coordinates":[[-73.9752603,40.7583152],[-73.9751694,40.7584389],[-73.9751336,40.7584878]]}},{"type":"Feature","properties":{"id":"lens-traffic-road-nyc-way/46481747","layer":"traffic_road","category":"transport","year":1940,"visible_year":2026,"rank":3,"name":"West 36th Street","source_id":"way/46481747","source_url":"https://www.openstreetmap.org/way/46481747","license":"ODbL","transport_raw":0.015,"transport_count":1,"transport_activity":0.015,"representation":"major-road transport-event activity","timing_note":"Road color is a three-year transport-event activity surface on current OSM major road geometry, not measured traffic volume or congestion."},"geometry":{"type":"LineString","coordinates":[[-73.9925251,40.7534779],[-73.992391,40.7534216],[-73.9915577,40.7530724],[-73.9898111,40.7523403],[-73.9896878,40.7522886]]}},{"type":"Feature","properties":{"id":"lens-traffic-road-nyc-way/438385431","layer":"traffic_road","category":"transport","year":1940,"visible_year":2026,"rank":3,"name":"5th Avenue","source_id":"way/438385431","source_url":"https://www.openstreetmap.org/way/438385431","license":"ODbL","transport_raw":0.009,"transport_count":1,"transport_activity":0.009,"representation":"major-road transport-event activity","timing_note":"Road color is a three-year transport-event activity surface on current OSM major road geometry, not measured traffic volume or congestion."},"geometry":{"type":"LineString","coordinates":[[-73.9813803,40.7528159],[-73.9814175,40.7527646],[-73.9817769,40.7522691],[-73.9818235,40.7522048],[-73.9818682,40.7521432],[-73.9821945,40.7516933],[-73.9822265,40.7516492],[-73.9822757,40.7515813],[-73.9823156,40.7515263],[-73.982674,40.7510322],[-73.9827265,40.7509597],[-73.9827735,40.7508949],[-73.9831226,40.7504137],[-73.9831749,40.7503415]]}},{"type":"Feature","properties":{"id":"lens-traffic-road-nyc-way/1361048663","layer":"traffic_road","category":"transport","year":1940,"visible_year":2026,"rank":3,"name":"West 41st Street","source_id":"way/1361048663","source_url":"https://www.openstreetmap.org/way/1361048663","license":"ODbL","transport_raw":0.005,"transport_count":1,"transport_activity":0.005,"representation":"major-road transport-event activity","timing_note":"Road color is a three-year transport-event activity surface on current OSM major road geometry, not measured traffic volume or congestion."},"geometry":{"type":"LineString","coordinates":[[-73.9949905,40.7586019],[-73.9952654,40.7587188]]}},{"type":"Feature","properties":{"id":"lens-traffic-road-nyc-way/1135614654","layer":"traffic_road","category":"transport","year":1940,"visible_year":2026,"rank":4,"name":"9th Avenue","source_id":"way/1135614654","source_url":"https://www.openstreetmap.org/way/1135614654","license":"ODbL","transport_raw":0.002,"transport_count":1,"transport_activity":0.002,"representation":"major-road transport-event activity","timing_note":"Road color is a three-year transport-event activity surface on current OSM major road geometry, not measured traffic volume or congestion."},"geometry":{"type":"LineString","coordinates":[[-73.99433,40.7561052],[-73.9944276,40.7559717],[-73.9944753,40.7559045]]}},{"type":"Feature","properties":{"id":"lens-traffic-road-nyc-way/5672752","layer":"traffic_road","category":"transport","year":1940,"visible_year":2026,"rank":4,"name":"West 57th Street","source_id":"way/5672752","source_url":"https://www.openstreetmap.org/way/5672752","license":"ODbL","transport_raw":0.001,"transport_count":1,"transport_activity":0.001,"representation":"major-road transport-event activity","timing_note":"Road color is a three-year transport-event activity surface on current OSM major road geometry, not measured traffic volume or congestion."},"geometry":{"type":"LineString","coordinates":[[-73.980036,40.765521],[-73.9801473,40.7655688],[-73.9803148,40.7656394],[-73.9804787,40.765709],[-73.9808768,40.7658781],[-73.981728,40.7662378],[-73.9818935,40.7663005]]}}]}
