{"type":"FeatureCollection","name":"nyc_transport_roads_1976","metadata":{"schema_version":"1.0.0","city_id":"nyc","year":1976,"road_source":"data/raw/overpass/nyc_major_roads_osm_2026.geojson","method":"Road features are colored from nearby source-backed transport records in a rolling three-year window.","caveat":"Transport road colors are activity hotspots, not measured traffic counts or live congestion."},"features":[{"type":"Feature","properties":{"id":"lens-traffic-road-nyc-way/1092078362","layer":"traffic_road","category":"transport","year":1976,"visible_year":2025,"rank":3,"name":"Morris Park Avenue","source_id":"way/1092078362","source_url":"https://www.openstreetmap.org/way/1092078362","license":"ODbL","transport_raw":0.948,"transport_count":1,"transport_activity":1,"representation":"major-road transport-event activity","timing_note":"Road color is a three-year transport-event activity surface on current OSM major road geometry, not measured traffic volume or congestion."},"geometry":{"type":"LineString","coordinates":[[-73.8718912,40.84207],[-73.872091,40.8418872],[-73.8721628,40.8418034],[-73.872232,40.8417194],[-73.8725519,40.8413119],[-73.8726008,40.8412453],[-73.8726435,40.8411788],[-73.872679,40.8411193],[-73.872746,40.8410117],[-73.8727702,40.840956],[-73.872808,40.840869]]}},{"type":"Feature","properties":{"id":"lens-traffic-road-nyc-way/745040113","layer":"traffic_road","category":"transport","year":1976,"visible_year":2025,"rank":3,"name":"Morris Park Avenue","source_id":"way/745040113","source_url":"https://www.openstreetmap.org/way/745040113","license":"ODbL","transport_raw":0.937,"transport_count":1,"transport_activity":0.988,"representation":"major-road transport-event activity","timing_note":"Road color is a three-year transport-event activity surface on current OSM major road geometry, not measured traffic volume or congestion."},"geometry":{"type":"LineString","coordinates":[[-73.872808,40.840869],[-73.8727299,40.8409378],[-73.8726767,40.8409847],[-73.8726083,40.841057],[-73.8725466,40.8411293],[-73.8724775,40.841219],[-73.872192,40.8416055]]}},{"type":"Feature","properties":{"id":"lens-traffic-road-nyc-way/219926582","layer":"traffic_road","category":"transport","year":1976,"visible_year":2025,"rank":2,"name":"East 180th Street","source_id":"way/219926582","source_url":"https://www.openstreetmap.org/way/219926582","license":"ODbL","transport_raw":0.919,"transport_count":1,"transport_activity":0.969,"representation":"major-road transport-event activity","timing_note":"Road color is a three-year transport-event activity surface on current OSM major road geometry, not measured traffic volume or congestion."},"geometry":{"type":"LineString","coordinates":[[-73.874591,40.841521],[-73.8745139,40.841493],[-73.874005,40.841307],[-73.8739482,40.8412862],[-73.8734548,40.8411057],[-73.8730031,40.8409441],[-73.8729424,40.8409202],[-73.872808,40.840869],[-73.8726845,40.8408155],[-73.8726172,40.8407871],[-73.8712155,40.8401719],[-73.8710451,40.8400974],[-73.8709558,40.840059]]}},{"type":"Feature","properties":{"id":"lens-traffic-road-nyc-way/1092078363","layer":"traffic_road","category":"transport","year":1976,"visible_year":2025,"rank":3,"name":"Morris Park Avenue","source_id":"way/1092078363","source_url":"https://www.openstreetmap.org/way/1092078363","license":"ODbL","transport_raw":0.901,"transport_count":1,"transport_activity":0.95,"representation":"major-road transport-event activity","timing_note":"Road color is a three-year transport-event activity surface on current OSM major road geometry, not measured traffic volume or congestion."},"geometry":{"type":"LineString","coordinates":[[-73.872192,40.8416055],[-73.8721149,40.8417109],[-73.8720126,40.8418527],[-73.8718912,40.84207]]}},{"type":"Feature","properties":{"id":"lens-traffic-road-nyc-way/46594842","layer":"traffic_road","category":"transport","year":1976,"visible_year":2025,"rank":3,"name":"Morris Park Avenue","source_id":"way/46594842","source_url":"https://www.openstreetmap.org/way/46594842","license":"ODbL","transport_raw":0.891,"transport_count":1,"transport_activity":0.94,"representation":"major-road transport-event activity","timing_note":"Road color is a three-year transport-event activity surface on current OSM major road geometry, not measured traffic volume or congestion."},"geometry":{"type":"LineString","coordinates":[[-73.8732655,40.8402171],[-73.8728876,40.8407498],[-73.8728518,40.8408034],[-73.872808,40.840869]]}},{"type":"Feature","properties":{"id":"lens-traffic-road-nyc-way/46688424","layer":"traffic_road","category":"transport","year":1976,"visible_year":2025,"rank":5,"name":"Bronx River Parkway","source_id":"way/46688424","source_url":"https://www.openstreetmap.org/way/46688424","license":"ODbL","transport_raw":0.877,"transport_count":1,"transport_activity":0.925,"representation":"major-road transport-event activity","timing_note":"Road color is a three-year transport-event activity surface on current OSM major road geometry, not measured traffic volume or congestion."},"geometry":{"type":"LineString","coordinates":[[-73.8725001,40.8406],[-73.8722529,40.8416635],[-73.8722168,40.841821],[-73.872176,40.8419983],[-73.8721308,40.8422005],[-73.8720793,40.8424271],[-73.8715666,40.844668]]}},{"type":"Feature","properties":{"id":"lens-traffic-road-nyc-way/8095800","layer":"traffic_road","category":"transport","year":1976,"visible_year":2025,"rank":5,"name":"Bronx River Parkway","source_id":"way/8095800","source_url":"https://www.openstreetmap.org/way/8095800","license":"ODbL","transport_raw":0.864,"transport_count":1,"transport_activity":0.911,"representation":"major-road transport-event activity","timing_note":"Road color is a three-year transport-event activity surface on current OSM major road geometry, not measured traffic volume or congestion."},"geometry":{"type":"LineString","coordinates":[[-73.8717044,40.8446867],[-73.8720118,40.8433275],[-73.8722556,40.8422851],[-73.8723028,40.8420728],[-73.8723402,40.8418981],[-73.8723756,40.8417354],[-73.872619,40.8406512]]}},{"type":"Feature","properties":{"id":"lens-traffic-road-nyc-way/1314540007","layer":"traffic_road","category":"transport","year":1976,"visible_year":2025,"rank":3,"name":"Morris Park Avenue","source_id":"way/1314540007","source_url":"https://www.openstreetmap.org/way/1314540007","license":"ODbL","transport_raw":0.84,"transport_count":1,"transport_activity":0.886,"representation":"major-road transport-event activity","timing_note":"Road color is a three-year transport-event activity surface on current OSM major road geometry, not measured traffic volume or congestion."},"geometry":{"type":"LineString","coordinates":[[-73.8718912,40.84207],[-73.871555,40.8424878]]}},{"type":"Feature","properties":{"id":"lens-traffic-road-nyc-way/1116067757","layer":"traffic_road","category":"transport","year":1976,"visible_year":2025,"rank":5,"name":"Bronx River Parkway","source_id":"way/1116067757","source_url":"https://www.openstreetmap.org/way/1116067757","license":"ODbL","transport_raw":0.839,"transport_count":1,"transport_activity":0.885,"representation":"major-road transport-event activity","timing_note":"Road color is a three-year transport-event activity surface on current OSM major road geometry, not measured traffic volume or congestion."},"geometry":{"type":"LineString","coordinates":[[-73.872619,40.8406512],[-73.8727997,40.8399047]]}},{"type":"Feature","properties":{"id":"lens-traffic-road-nyc-way/1116067756","layer":"traffic_road","category":"transport","year":1976,"visible_year":2025,"rank":5,"name":"Bronx River Parkway","source_id":"way/1116067756","source_url":"https://www.openstreetmap.org/way/1116067756","license":"ODbL","transport_raw":0.833,"transport_count":1,"transport_activity":0.879,"representation":"major-road transport-event activity","timing_note":"Road color is a three-year transport-event activity surface on current OSM major road geometry, not measured traffic volume or congestion."},"geometry":{"type":"LineString","coordinates":[[-73.87267,40.8398956],[-73.8725001,40.8406]]}},{"type":"Feature","properties":{"id":"lens-traffic-road-nyc-way/1001065260","layer":"traffic_road","category":"transport","year":1976,"visible_year":2024,"rank":3,"name":"Morris Park Avenue","source_id":"way/1001065260","source_url":"https://www.openstreetmap.org/way/1001065260","license":"ODbL","transport_raw":0.796,"transport_count":1,"transport_activity":0.839,"representation":"major-road transport-event activity","timing_note":"Road color is a three-year transport-event activity surface on current OSM major road geometry, not measured traffic volume or congestion."},"geometry":{"type":"LineString","coordinates":[[-73.8735894,40.8397966],[-73.8734963,40.8399091],[-73.8734559,40.839953],[-73.8732655,40.8402171]]}},{"type":"Feature","properties":{"id":"lens-traffic-road-nyc-way/223939822","layer":"traffic_road","category":"transport","year":1976,"visible_year":2025,"rank":3,"name":"East Tremont Avenue","source_id":"way/223939822","source_url":"https://www.openstreetmap.org/way/223939822","license":"ODbL","transport_raw":0.775,"transport_count":1,"transport_activity":0.818,"representation":"major-road transport-event activity","timing_note":"Road color is a three-year transport-event activity surface on current OSM major road geometry, not measured traffic volume or congestion."},"geometry":{"type":"LineString","coordinates":[[-73.8735894,40.8397966],[-73.8734594,40.8397982],[-73.8733763,40.8397857],[-73.8715467,40.8397027]]}},{"type":"Feature","properties":{"id":"lens-traffic-road-nyc-way/1116067803","layer":"traffic_road","category":"transport","year":1976,"visible_year":2025,"rank":5,"name":"Bronx River Parkway","source_id":"way/1116067803","source_url":"https://www.openstreetmap.org/way/1116067803","license":"ODbL","transport_raw":0.774,"transport_count":1,"transport_activity":0.816,"representation":"major-road transport-event activity","timing_note":"Road color is a three-year transport-event activity surface on current OSM major road geometry, not measured traffic volume or congestion."},"geometry":{"type":"LineString","coordinates":[[-73.8727997,40.8399047],[-73.8728736,40.8396138]]}},{"type":"Feature","properties":{"id":"lens-traffic-road-nyc-way/1116067802","layer":"traffic_road","category":"transport","year":1976,"visible_year":2025,"rank":5,"name":"Bronx River Parkway","source_id":"way/1116067802","source_url":"https://www.openstreetmap.org/way/1116067802","license":"ODbL","transport_raw":0.771,"transport_count":1,"transport_activity":0.813,"representation":"major-road transport-event activity","timing_note":"Road color is a three-year transport-event activity surface on current OSM major road geometry, not measured traffic volume or congestion."},"geometry":{"type":"LineString","coordinates":[[-73.8727418,40.839607],[-73.87267,40.8398956]]}},{"type":"Feature","properties":{"id":"lens-traffic-road-nyc-way/886580173","layer":"traffic_road","category":"transport","year":1976,"visible_year":2025,"rank":2,"name":"East 180th Street","source_id":"way/886580173","source_url":"https://www.openstreetmap.org/way/886580173","license":"ODbL","transport_raw":0.75,"transport_count":1,"transport_activity":0.791,"representation":"major-road transport-event activity","timing_note":"Road color is a three-year transport-event activity surface on current OSM major road geometry, not measured traffic volume or congestion."},"geometry":{"type":"LineString","coordinates":[[-73.8760798,40.8420777],[-73.8760016,40.8420485],[-73.875909,40.8420138],[-73.8746691,40.8415502],[-73.874591,40.841521]]}},{"type":"Feature","properties":{"id":"lens-traffic-road-nyc-way/1069934372","layer":"traffic_road","category":"transport","year":1976,"visible_year":2025,"rank":3,"name":"Morris Park Avenue","source_id":"way/1069934372","source_url":"https://www.openstreetmap.org/way/1069934372","license":"ODbL","transport_raw":0.745,"transport_count":1,"transport_activity":0.786,"representation":"major-road transport-event activity","timing_note":"Road color is a three-year transport-event activity surface on current OSM major road geometry, not measured traffic volume or congestion."},"geometry":{"type":"LineString","coordinates":[[-73.871555,40.8424878],[-73.8712794,40.8428266],[-73.8712066,40.8429101],[-73.8711559,40.842967],[-73.8711024,40.8430184],[-73.8710529,40.8430595],[-73.8709913,40.8431038]]}},{"type":"Feature","properties":{"id":"lens-traffic-road-nyc-way/730262295","layer":"traffic_road","category":"transport","year":1976,"visible_year":2025,"rank":3,"name":"East Tremont Avenue","source_id":"way/730262295","source_url":"https://www.openstreetmap.org/way/730262295","license":"ODbL","transport_raw":0.725,"transport_count":1,"transport_activity":0.764,"representation":"major-road transport-event activity","timing_note":"Road color is a three-year transport-event activity surface on current OSM major road geometry, not measured traffic volume or congestion."},"geometry":{"type":"LineString","coordinates":[[-73.8715467,40.8397027],[-73.8714998,40.8396792]]}},{"type":"Feature","properties":{"id":"lens-traffic-road-nyc-way/730262298","layer":"traffic_road","category":"transport","year":1976,"visible_year":2025,"rank":3,"name":"East Tremont Avenue","source_id":"way/730262298","source_url":"https://www.openstreetmap.org/way/730262298","license":"ODbL","transport_raw":0.712,"transport_count":1,"transport_activity":0.751,"representation":"major-road transport-event activity","timing_note":"Road color is a three-year transport-event activity surface on current OSM major road geometry, not measured traffic volume or congestion."},"geometry":{"type":"LineString","coordinates":[[-73.8714998,40.8396792],[-73.8714384,40.8396545],[-73.8712979,40.8396487],[-73.8711955,40.839643]]}},{"type":"Feature","properties":{"id":"lens-traffic-road-nyc-way/1086420714","layer":"traffic_road","category":"transport","year":1976,"visible_year":2025,"rank":2,"name":"East 180th Street","source_id":"way/1086420714","source_url":"https://www.openstreetmap.org/way/1086420714","license":"ODbL","transport_raw":0.71,"transport_count":1,"transport_activity":0.748,"representation":"major-road transport-event activity","timing_note":"Road color is a three-year transport-event activity surface on current OSM major road geometry, not measured traffic volume or congestion."},"geometry":{"type":"LineString","coordinates":[[-73.8709558,40.840059],[-73.8708912,40.8400295],[-73.8705557,40.8398964]]}},{"type":"Feature","properties":{"id":"lens-traffic-road-nyc-way/1420756442","layer":"traffic_road","category":"transport","year":1976,"visible_year":2025,"rank":3,"name":"East Tremont Avenue","source_id":"way/1420756442","source_url":"https://www.openstreetmap.org/way/1420756442","license":"ODbL","transport_raw":0.704,"transport_count":1,"transport_activity":0.743,"representation":"major-road transport-event activity","timing_note":"Road color is a three-year transport-event activity surface on current OSM major road geometry, not measured traffic volume or congestion."},"geometry":{"type":"LineString","coordinates":[[-73.8704032,40.8396894],[-73.8705139,40.8396991],[-73.8710872,40.8397169],[-73.871183,40.8397207],[-73.8712778,40.8397258],[-73.8714329,40.8397334],[-73.8714921,40.839717],[-73.8715467,40.8397027]]}},{"type":"Feature","properties":{"id":"lens-traffic-road-nyc-way/1116067753","layer":"traffic_road","category":"transport","year":1976,"visible_year":2025,"rank":5,"name":"Bronx River Parkway","source_id":"way/1116067753","source_url":"https://www.openstreetmap.org/way/1116067753","license":"ODbL","transport_raw":0.687,"transport_count":1,"transport_activity":0.725,"representation":"major-road transport-event activity","timing_note":"Road color is a three-year transport-event activity surface on current OSM major road geometry, not measured traffic volume or congestion."},"geometry":{"type":"LineString","coordinates":[[-73.8729993,40.8385809],[-73.8727418,40.839607]]}},{"type":"Feature","properties":{"id":"lens-traffic-road-nyc-way/1116067752","layer":"traffic_road","category":"transport","year":1976,"visible_year":2025,"rank":5,"name":"Bronx River Parkway","source_id":"way/1116067752","source_url":"https://www.openstreetmap.org/way/1116067752","license":"ODbL","transport_raw":0.684,"transport_count":1,"transport_activity":0.721,"representation":"major-road transport-event activity","timing_note":"Road color is a three-year transport-event activity surface on current OSM major road geometry, not measured traffic volume or congestion."},"geometry":{"type":"LineString","coordinates":[[-73.8728736,40.8396138],[-73.873151,40.8385211]]}},{"type":"Feature","properties":{"id":"lens-traffic-road-nyc-way/1314540008","layer":"traffic_road","category":"transport","year":1976,"visible_year":2025,"rank":3,"name":"Morris Park Avenue","source_id":"way/1314540008","source_url":"https://www.openstreetmap.org/way/1314540008","license":"ODbL","transport_raw":0.681,"transport_count":1,"transport_activity":0.718,"representation":"major-road transport-event activity","timing_note":"Road color is a three-year transport-event activity surface on current OSM major road geometry, not measured traffic volume or congestion."},"geometry":{"type":"LineString","coordinates":[[-73.8709913,40.8431038],[-73.8709308,40.8431463],[-73.8702918,40.8435429]]}},{"type":"Feature","properties":{"id":"lens-traffic-road-nyc-way/552548001","layer":"traffic_road","category":"transport","year":1976,"visible_year":2025,"rank":2,"name":"East 180th Street","source_id":"way/552548001","source_url":"https://www.openstreetmap.org/way/552548001","license":"ODbL","transport_raw":0.668,"transport_count":1,"transport_activity":0.704,"representation":"major-road transport-event activity","timing_note":"Road color is a three-year transport-event activity surface on current OSM major road geometry, not measured traffic volume or congestion."},"geometry":{"type":"LineString","coordinates":[[-73.8705557,40.8398964],[-73.8704864,40.8398337],[-73.8704589,40.8397974],[-73.8704403,40.8397713],[-73.8704032,40.8396894]]}},{"type":"Feature","properties":{"id":"lens-traffic-road-nyc-way/98268397","layer":"traffic_road","category":"transport","year":1976,"visible_year":2025,"rank":3,"name":"East Tremont Avenue","source_id":"way/98268397","source_url":"https://www.openstreetmap.org/way/98268397","license":"ODbL","transport_raw":0.668,"transport_count":1,"transport_activity":0.704,"representation":"major-road transport-event activity","timing_note":"Road color is a three-year transport-event activity surface on current OSM major road geometry, not measured traffic volume or congestion."},"geometry":{"type":"LineString","coordinates":[[-73.8711955,40.839643],[-73.8710972,40.8396383],[-73.8704974,40.8396103],[-73.8703689,40.8396245],[-73.8702649,40.8396357]]}},{"type":"Feature","properties":{"id":"lens-traffic-road-nyc-way/223868992","layer":"traffic_road","category":"transport","year":1976,"visible_year":2024,"rank":3,"name":"East Tremont Avenue","source_id":"way/223868992","source_url":"https://www.openstreetmap.org/way/223868992","license":"ODbL","transport_raw":0.663,"transport_count":1,"transport_activity":0.699,"representation":"major-road transport-event activity","timing_note":"Road color is a three-year transport-event activity surface on current OSM major road geometry, not measured traffic volume or congestion."},"geometry":{"type":"LineString","coordinates":[[-73.8774247,40.8399985],[-73.8773186,40.8399959],[-73.8772413,40.8399933],[-73.8769962,40.8399808],[-73.8767635,40.839969],[-73.8756123,40.8399105],[-73.8740994,40.8398216],[-73.8738099,40.8398074],[-73.8737424,40.8398055],[-73.8735894,40.8397966]]}},{"type":"Feature","properties":{"id":"lens-traffic-road-nyc-way/552548002","layer":"traffic_road","category":"transport","year":1976,"visible_year":2025,"rank":2,"name":"East 180th Street","source_id":"way/552548002","source_url":"https://www.openstreetmap.org/way/552548002","license":"ODbL","transport_raw":0.662,"transport_count":1,"transport_activity":0.698,"representation":"major-road transport-event activity","timing_note":"Road color is a three-year transport-event activity surface on current OSM major road geometry, not measured traffic volume or congestion."},"geometry":{"type":"LineString","coordinates":[[-73.8702391,40.8396998],[-73.8702841,40.8397711],[-73.8703203,40.8398028],[-73.8703762,40.8398313],[-73.8704608,40.8398633],[-73.8705557,40.8398964]]}},{"type":"Feature","properties":{"id":"lens-traffic-road-nyc-way/1417138163","layer":"traffic_road","category":"transport","year":1976,"visible_year":2025,"rank":2,"name":"East 180th Street","source_id":"way/1417138163","source_url":"https://www.openstreetmap.org/way/1417138163","license":"ODbL","transport_raw":0.65,"transport_count":1,"transport_activity":0.685,"representation":"major-road transport-event activity","timing_note":"Road color is a three-year transport-event activity surface on current OSM major road geometry, not measured traffic volume or congestion."},"geometry":{"type":"LineString","coordinates":[[-73.8704032,40.8396894],[-73.8703689,40.8396245]]}},{"type":"Feature","properties":{"id":"lens-traffic-road-nyc-way/1420759772","layer":"traffic_road","category":"transport","year":1976,"visible_year":2025,"rank":3,"name":"East Tremont Avenue","source_id":"way/1420759772","source_url":"https://www.openstreetmap.org/way/1420759772","license":"ODbL","transport_raw":0.647,"transport_count":1,"transport_activity":0.683,"representation":"major-road transport-event activity","timing_note":"Road color is a three-year transport-event activity surface on current OSM major road geometry, not measured traffic volume or congestion."},"geometry":{"type":"LineString","coordinates":[[-73.8702677,40.839657],[-73.8704032,40.8396894]]}},{"type":"Feature","properties":{"id":"lens-traffic-road-nyc-way/276028105","layer":"traffic_road","category":"transport","year":1976,"visible_year":2023,"rank":2,"name":"East 180th Street","source_id":"way/276028105","source_url":"https://www.openstreetmap.org/way/276028105","license":"ODbL","transport_raw":0.646,"transport_count":1,"transport_activity":0.681,"representation":"major-road transport-event activity","timing_note":"Road color is a three-year transport-event activity surface on current OSM major road geometry, not measured traffic volume or congestion."},"geometry":{"type":"LineString","coordinates":[[-73.8760798,40.8420777],[-73.8761581,40.8421017],[-73.8765608,40.8422253],[-73.8766051,40.8422389],[-73.8767288,40.8422769]]}},{"type":"Feature","properties":{"id":"lens-traffic-road-nyc-way/1420759771","layer":"traffic_road","category":"transport","year":1976,"visible_year":2025,"rank":2,"name":"East 180th Street","source_id":"way/1420759771","source_url":"https://www.openstreetmap.org/way/1420759771","license":"ODbL","transport_raw":0.644,"transport_count":1,"transport_activity":0.679,"representation":"major-road transport-event activity","timing_note":"Road color is a three-year transport-event activity surface on current OSM major road geometry, not measured traffic volume or congestion."},"geometry":{"type":"LineString","coordinates":[[-73.8703576,40.839605],[-73.8703689,40.8396245]]}},{"type":"Feature","properties":{"id":"lens-traffic-road-nyc-way/673230897","layer":"traffic_road","category":"transport","year":1976,"visible_year":2025,"rank":2,"name":"East 180th Street","source_id":"way/673230897","source_url":"https://www.openstreetmap.org/way/673230897","license":"ODbL","transport_raw":0.639,"transport_count":1,"transport_activity":0.674,"representation":"major-road transport-event activity","timing_note":"Road color is a three-year transport-event activity surface on current OSM major road geometry, not measured traffic volume or congestion."},"geometry":{"type":"LineString","coordinates":[[-73.8702109,40.8396431],[-73.8702391,40.8396998]]}},{"type":"Feature","properties":{"id":"lens-traffic-road-nyc-way/1420759773","layer":"traffic_road","category":"transport","year":1976,"visible_year":2025,"rank":3,"name":"East Tremont Avenue","source_id":"way/1420759773","source_url":"https://www.openstreetmap.org/way/1420759773","license":"ODbL","transport_raw":0.638,"transport_count":1,"transport_activity":0.673,"representation":"major-road transport-event activity","timing_note":"Road color is a three-year transport-event activity surface on current OSM major road geometry, not measured traffic volume or congestion."},"geometry":{"type":"LineString","coordinates":[[-73.8702109,40.8396431],[-73.8702677,40.839657]]}},{"type":"Feature","properties":{"id":"lens-traffic-road-nyc-way/420585092","layer":"traffic_road","category":"transport","year":1976,"visible_year":2025,"rank":3,"name":"East Tremont Avenue","source_id":"way/420585092","source_url":"https://www.openstreetmap.org/way/420585092","license":"ODbL","transport_raw":0.637,"transport_count":1,"transport_activity":0.672,"representation":"major-road transport-event activity","timing_note":"Road color is a three-year transport-event activity surface on current OSM major road geometry, not measured traffic volume or congestion."},"geometry":{"type":"LineString","coordinates":[[-73.8702649,40.8396357],[-73.8702109,40.8396431]]}},{"type":"Feature","properties":{"id":"lens-traffic-road-nyc-way/98268401","layer":"traffic_road","category":"transport","year":1976,"visible_year":2025,"rank":2,"name":"East 180th Street","source_id":"way/98268401","source_url":"https://www.openstreetmap.org/way/98268401","license":"ODbL","transport_raw":0.626,"transport_count":1,"transport_activity":0.66,"representation":"major-road transport-event activity","timing_note":"Road color is a three-year transport-event activity surface on current OSM major road geometry, not measured traffic volume or congestion."},"geometry":{"type":"LineString","coordinates":[[-73.8701256,40.8393625],[-73.8702275,40.8394297],[-73.870303,40.8395169],[-73.8703113,40.8395283],[-73.8703576,40.839605]]}},{"type":"Feature","properties":{"id":"lens-traffic-road-nyc-way/673230896","layer":"traffic_road","category":"transport","year":1976,"visible_year":2025,"rank":3,"name":"East Tremont Avenue","source_id":"way/673230896","source_url":"https://www.openstreetmap.org/way/673230896","license":"ODbL","transport_raw":0.62,"transport_count":1,"transport_activity":0.654,"representation":"major-road transport-event activity","timing_note":"Road color is a three-year transport-event activity surface on current OSM major road geometry, not measured traffic volume or congestion."},"geometry":{"type":"LineString","coordinates":[[-73.8702109,40.8396431],[-73.8700951,40.8396376],[-73.8697604,40.8396188]]}},{"type":"Feature","properties":{"id":"lens-traffic-road-nyc-way/552548003","layer":"traffic_road","category":"transport","year":1976,"visible_year":2025,"rank":2,"name":"East 180th Street","source_id":"way/552548003","source_url":"https://www.openstreetmap.org/way/552548003","license":"ODbL","transport_raw":0.619,"transport_count":1,"transport_activity":0.652,"representation":"major-road transport-event activity","timing_note":"Road color is a three-year transport-event activity surface on current OSM major road geometry, not measured traffic volume or congestion."},"geometry":{"type":"LineString","coordinates":[[-73.8701256,40.8393625],[-73.8701222,40.8394649],[-73.8701448,40.8395254],[-73.8702109,40.8396431]]}},{"type":"Feature","properties":{"id":"lens-traffic-road-nyc-way/1314540009","layer":"traffic_road","category":"transport","year":1976,"visible_year":2025,"rank":3,"name":"Morris Park Avenue","source_id":"way/1314540009","source_url":"https://www.openstreetmap.org/way/1314540009","license":"ODbL","transport_raw":0.603,"transport_count":1,"transport_activity":0.636,"representation":"major-road transport-event activity","timing_note":"Road color is a three-year transport-event activity surface on current OSM major road geometry, not measured traffic volume or congestion."},"geometry":{"type":"LineString","coordinates":[[-73.8702918,40.8435429],[-73.869963,40.8437478]]}},{"type":"Feature","properties":{"id":"lens-traffic-road-nyc-way/98268408","layer":"traffic_road","category":"transport","year":1976,"visible_year":2025,"rank":2,"name":"East 180th Street","source_id":"way/98268408","source_url":"https://www.openstreetmap.org/way/98268408","license":"ODbL","transport_raw":0.599,"transport_count":1,"transport_activity":0.632,"representation":"major-road transport-event activity","timing_note":"Road color is a three-year transport-event activity surface on current OSM major road geometry, not measured traffic volume or congestion."},"geometry":{"type":"LineString","coordinates":[[-73.8701013,40.8392578],[-73.8701173,40.8393299],[-73.8701256,40.8393625]]}},{"type":"Feature","properties":{"id":"lens-traffic-road-nyc-way/276028104","layer":"traffic_road","category":"transport","year":1976,"visible_year":2018,"rank":2,"name":"East 180th Street","source_id":"way/276028104","source_url":"https://www.openstreetmap.org/way/276028104","license":"ODbL","transport_raw":0.598,"transport_count":1,"transport_activity":0.63,"representation":"major-road transport-event activity","timing_note":"Road color is a three-year transport-event activity surface on current OSM major road geometry, not measured traffic volume or congestion."},"geometry":{"type":"LineString","coordinates":[[-73.8767288,40.8422769],[-73.8770332,40.8423698]]}},{"type":"Feature","properties":{"id":"lens-traffic-road-nyc-way/1116067755","layer":"traffic_road","category":"transport","year":1976,"visible_year":2025,"rank":5,"name":"Bronx River Parkway","source_id":"way/1116067755","source_url":"https://www.openstreetmap.org/way/1116067755","license":"ODbL","transport_raw":0.596,"transport_count":1,"transport_activity":0.628,"representation":"major-road transport-event activity","timing_note":"Road color is a three-year transport-event activity surface on current OSM major road geometry, not measured traffic volume or congestion."},"geometry":{"type":"LineString","coordinates":[[-73.8730985,40.8381972],[-73.8729993,40.8385809]]}},{"type":"Feature","properties":{"id":"lens-traffic-road-nyc-way/420585095","layer":"traffic_road","category":"transport","year":1976,"visible_year":2025,"rank":3,"name":"East Tremont Avenue","source_id":"way/420585095","source_url":"https://www.openstreetmap.org/way/420585095","license":"ODbL","transport_raw":0.593,"transport_count":1,"transport_activity":0.626,"representation":"major-road transport-event activity","timing_note":"Road color is a three-year transport-event activity surface on current OSM major road geometry, not measured traffic volume or congestion."},"geometry":{"type":"LineString","coordinates":[[-73.8697604,40.8396188],[-73.8696194,40.8396153]]}},{"type":"Feature","properties":{"id":"lens-traffic-road-nyc-way/1116067754","layer":"traffic_road","category":"transport","year":1976,"visible_year":2025,"rank":5,"name":"Bronx River Parkway","source_id":"way/1116067754","source_url":"https://www.openstreetmap.org/way/1116067754","license":"ODbL","transport_raw":0.586,"transport_count":1,"transport_activity":0.618,"representation":"major-road transport-event activity","timing_note":"Road color is a three-year transport-event activity surface on current OSM major road geometry, not measured traffic volume or congestion."},"geometry":{"type":"LineString","coordinates":[[-73.873151,40.8385211],[-73.8732573,40.8381223]]}},{"type":"Feature","properties":{"id":"lens-traffic-road-nyc-way/673230780","layer":"traffic_road","category":"transport","year":1976,"visible_year":2025,"rank":3,"name":"East Tremont Avenue","source_id":"way/673230780","source_url":"https://www.openstreetmap.org/way/673230780","license":"ODbL","transport_raw":0.582,"transport_count":1,"transport_activity":0.614,"representation":"major-road transport-event activity","timing_note":"Road color is a three-year transport-event activity surface on current OSM major road geometry, not measured traffic volume or congestion."},"geometry":{"type":"LineString","coordinates":[[-73.8696194,40.8396153],[-73.8694961,40.8396068]]}},{"type":"Feature","properties":{"id":"lens-traffic-road-nyc-way/886580174","layer":"traffic_road","category":"transport","year":1976,"visible_year":2020,"rank":2,"name":"East 180th Street","source_id":"way/886580174","source_url":"https://www.openstreetmap.org/way/886580174","license":"ODbL","transport_raw":0.578,"transport_count":1,"transport_activity":0.609,"representation":"major-road transport-event activity","timing_note":"Road color is a three-year transport-event activity surface on current OSM major road geometry, not measured traffic volume or congestion."},"geometry":{"type":"LineString","coordinates":[[-73.8770332,40.8423698],[-73.8771045,40.842387]]}},{"type":"Feature","properties":{"id":"lens-traffic-road-nyc-way/552548000","layer":"traffic_road","category":"transport","year":1976,"visible_year":2025,"rank":3,"name":"East Tremont Avenue","source_id":"way/552548000","source_url":"https://www.openstreetmap.org/way/552548000","license":"ODbL","transport_raw":0.566,"transport_count":1,"transport_activity":0.597,"representation":"major-road transport-event activity","timing_note":"Road color is a three-year transport-event activity surface on current OSM major road geometry, not measured traffic volume or congestion."},"geometry":{"type":"LineString","coordinates":[[-73.8694961,40.8396068],[-73.8692093,40.8396264]]}},{"type":"Feature","properties":{"id":"lens-traffic-road-nyc-way/420585093","layer":"traffic_road","category":"transport","year":1976,"visible_year":2025,"rank":3,"name":"East Tremont Avenue","source_id":"way/420585093","source_url":"https://www.openstreetmap.org/way/420585093","license":"ODbL","transport_raw":0.544,"transport_count":1,"transport_activity":0.574,"representation":"major-road transport-event activity","timing_note":"Road color is a three-year transport-event activity surface on current OSM major road geometry, not measured traffic volume or congestion."},"geometry":{"type":"LineString","coordinates":[[-73.8692093,40.8396264],[-73.8688109,40.8397905]]}},{"type":"Feature","properties":{"id":"lens-traffic-road-nyc-way/552161490","layer":"traffic_road","category":"transport","year":1976,"visible_year":2024,"rank":3,"name":"Morris Park Avenue","source_id":"way/552161490","source_url":"https://www.openstreetmap.org/way/552161490","license":"ODbL","transport_raw":0.529,"transport_count":1,"transport_activity":0.558,"representation":"major-road transport-event activity","timing_note":"Road color is a three-year transport-event activity surface on current OSM major road geometry, not measured traffic volume or congestion."},"geometry":{"type":"LineString","coordinates":[[-73.869963,40.8437478],[-73.8697127,40.8439037],[-73.8696536,40.8439406],[-73.8695944,40.8439774],[-73.8695223,40.844022],[-73.8694665,40.8440566],[-73.8688956,40.8444102]]}},{"type":"Feature","properties":{"id":"lens-traffic-road-nyc-way/219926572","layer":"traffic_road","category":"transport","year":1976,"visible_year":2025,"rank":3,"name":"East 180th Street","source_id":"way/219926572","source_url":"https://www.openstreetmap.org/way/219926572","license":"ODbL","transport_raw":0.511,"transport_count":1,"transport_activity":0.539,"representation":"major-road transport-event activity","timing_note":"Road color is a three-year transport-event activity surface on current OSM major road geometry, not measured traffic volume or congestion."},"geometry":{"type":"LineString","coordinates":[[-73.8771045,40.842387],[-73.8771257,40.8423924],[-73.8780587,40.8426071],[-73.8781135,40.8426224],[-73.8781687,40.8426388]]}},{"type":"Feature","properties":{"id":"lens-traffic-road-nyc-way/174546120","layer":"traffic_road","category":"transport","year":1976,"visible_year":2025,"rank":3,"name":"East Tremont Avenue","source_id":"way/174546120","source_url":"https://www.openstreetmap.org/way/174546120","license":"ODbL","transport_raw":0.499,"transport_count":1,"transport_activity":0.526,"representation":"major-road transport-event activity","timing_note":"Road color is a three-year transport-event activity surface on current OSM major road geometry, not measured traffic volume or congestion."},"geometry":{"type":"LineString","coordinates":[[-73.8774247,40.8399985],[-73.8774925,40.839999],[-73.8775635,40.8399984],[-73.8776412,40.8399967],[-73.877785,40.8399934],[-73.87787,40.8399915]]}},{"type":"Feature","properties":{"id":"lens-traffic-road-nyc-way/45603473","layer":"traffic_road","category":"transport","year":1976,"visible_year":2025,"rank":5,"name":"Bronx River Parkway","source_id":"way/45603473","source_url":"https://www.openstreetmap.org/way/45603473","license":"ODbL","transport_raw":0.476,"transport_count":1,"transport_activity":0.502,"representation":"major-road transport-event activity","timing_note":"Road color is a three-year transport-event activity surface on current OSM major road geometry, not measured traffic volume or congestion."},"geometry":{"type":"LineString","coordinates":[[-73.8732573,40.8381223],[-73.8733188,40.8378628],[-73.873351,40.8377529],[-73.8733959,40.8376201],[-73.8734343,40.8375129],[-73.8734877,40.8373765],[-73.8736814,40.8368705],[-73.8737223,40.836757]]}},{"type":"Feature","properties":{"id":"lens-traffic-road-nyc-way/46670710","layer":"traffic_road","category":"transport","year":1976,"visible_year":2025,"rank":3,"name":"East Tremont Avenue","source_id":"way/46670710","source_url":"https://www.openstreetmap.org/way/46670710","license":"ODbL","transport_raw":0.463,"transport_count":1,"transport_activity":0.489,"representation":"major-road transport-event activity","timing_note":"Road color is a three-year transport-event activity surface on current OSM major road geometry, not measured traffic volume or congestion."},"geometry":{"type":"LineString","coordinates":[[-73.87787,40.8399915],[-73.8779736,40.8400058],[-73.8780692,40.840018],[-73.8781769,40.8400301]]}},{"type":"Feature","properties":{"id":"lens-traffic-road-nyc-way/174546118","layer":"traffic_road","category":"transport","year":1976,"visible_year":2024,"rank":3,"name":"East Tremont Avenue","source_id":"way/174546118","source_url":"https://www.openstreetmap.org/way/174546118","license":"ODbL","transport_raw":0.456,"transport_count":1,"transport_activity":0.481,"representation":"major-road transport-event activity","timing_note":"Road color is a three-year transport-event activity surface on current OSM major road geometry, not measured traffic volume or congestion."},"geometry":{"type":"LineString","coordinates":[[-73.8782785,40.839894],[-73.8782242,40.8398941],[-73.8781737,40.8398973],[-73.8781265,40.8399023],[-73.8780789,40.8399096],[-73.8780221,40.8399222],[-73.8779813,40.8399352],[-73.8779431,40.8399516],[-73.8779088,40.839969],[-73.87787,40.8399915]]}},{"type":"Feature","properties":{"id":"lens-traffic-road-nyc-way/5698579","layer":"traffic_road","category":"transport","year":1976,"visible_year":2025,"rank":3,"name":"East 177th Street","source_id":"way/5698579","source_url":"https://www.openstreetmap.org/way/5698579","license":"ODbL","transport_raw":0.456,"transport_count":1,"transport_activity":0.481,"representation":"major-road transport-event activity","timing_note":"Road color is a three-year transport-event activity surface on current OSM major road geometry, not measured traffic volume or congestion."},"geometry":{"type":"LineString","coordinates":[[-73.87787,40.8399915],[-73.877927,40.8398267],[-73.8779439,40.8397779],[-73.8779707,40.8396938],[-73.8779886,40.8396316],[-73.8780068,40.8395587]]}},{"type":"Feature","properties":{"id":"lens-traffic-road-nyc-way/552542891","layer":"traffic_road","category":"transport","year":1976,"visible_year":2025,"rank":3,"name":"East Tremont Avenue","source_id":"way/552542891","source_url":"https://www.openstreetmap.org/way/552542891","license":"ODbL","transport_raw":0.449,"transport_count":1,"transport_activity":0.473,"representation":"major-road transport-event activity","timing_note":"Road color is a three-year transport-event activity surface on current OSM major road geometry, not measured traffic volume or congestion."},"geometry":{"type":"LineString","coordinates":[[-73.8688109,40.8397905],[-73.8684241,40.8399478],[-73.868308,40.839995],[-73.8682454,40.840017],[-73.867822,40.840166],[-73.8674108,40.840296],[-73.867248,40.840344],[-73.8671582,40.8403691],[-73.866965,40.840423],[-73.866361,40.840592]]}},{"type":"Feature","properties":{"id":"lens-traffic-road-nyc-way/897215671","layer":"traffic_road","category":"transport","year":1976,"visible_year":2025,"rank":2,"name":"Boston Road","source_id":"way/897215671","source_url":"https://www.openstreetmap.org/way/897215671","license":"ODbL","transport_raw":0.447,"transport_count":1,"transport_activity":0.472,"representation":"major-road transport-event activity","timing_note":"Road color is a three-year transport-event activity surface on current OSM major road geometry, not measured traffic volume or congestion."},"geometry":{"type":"LineString","coordinates":[[-73.8781687,40.8426388],[-73.8782219,40.8425524],[-73.878373,40.8423069],[-73.8788109,40.8415956],[-73.878849,40.8415337]]}},{"type":"Feature","properties":{"id":"lens-traffic-road-nyc-way/5698573","layer":"traffic_road","category":"transport","year":1976,"visible_year":2025,"rank":4,"name":"East 177th Street","source_id":"way/5698573","source_url":"https://www.openstreetmap.org/way/5698573","license":"ODbL","transport_raw":0.447,"transport_count":1,"transport_activity":0.471,"representation":"major-road transport-event activity","timing_note":"Road color is a three-year transport-event activity surface on current OSM major road geometry, not measured traffic volume or congestion."},"geometry":{"type":"LineString","coordinates":[[-73.8753981,40.8376614],[-73.8756074,40.8377607],[-73.8759363,40.8378712]]}},{"type":"Feature","properties":{"id":"lens-traffic-road-nyc-way/1305842681","layer":"traffic_road","category":"transport","year":1976,"visible_year":2025,"rank":3,"name":"East 180th Street","source_id":"way/1305842681","source_url":"https://www.openstreetmap.org/way/1305842681","license":"ODbL","transport_raw":0.442,"transport_count":1,"transport_activity":0.466,"representation":"major-road transport-event activity","timing_note":"Road color is a three-year transport-event activity surface on current OSM major road geometry, not measured traffic volume or congestion."},"geometry":{"type":"LineString","coordinates":[[-73.8787908,40.8429699],[-73.8782663,40.8426779],[-73.8782183,40.842657],[-73.8781687,40.8426388]]}},{"type":"Feature","properties":{"id":"lens-traffic-road-nyc-way/46670713","layer":"traffic_road","category":"transport","year":1976,"visible_year":2025,"rank":4,"name":"East 177th Street","source_id":"way/46670713","source_url":"https://www.openstreetmap.org/way/46670713","license":"ODbL","transport_raw":0.44,"transport_count":1,"transport_activity":0.464,"representation":"major-road transport-event activity","timing_note":"Road color is a three-year transport-event activity surface on current OSM major road geometry, not measured traffic volume or congestion."},"geometry":{"type":"LineString","coordinates":[[-73.8747138,40.8373263],[-73.8753981,40.8376614]]}},{"type":"Feature","properties":{"id":"lens-traffic-road-nyc-way/664054936","layer":"traffic_road","category":"transport","year":1976,"visible_year":2025,"rank":4,"name":"East 177th Street","source_id":"way/664054936","source_url":"https://www.openstreetmap.org/way/664054936","license":"ODbL","transport_raw":0.44,"transport_count":1,"transport_activity":0.464,"representation":"major-road transport-event activity","timing_note":"Road color is a three-year transport-event activity surface on current OSM major road geometry, not measured traffic volume or congestion."},"geometry":{"type":"LineString","coordinates":[[-73.8759363,40.8378712],[-73.8756716,40.837703],[-73.8755033,40.8376186]]}},{"type":"Feature","properties":{"id":"lens-traffic-road-nyc-way/351064261","layer":"traffic_road","category":"transport","year":1976,"visible_year":2025,"rank":4,"name":"East 177th Street","source_id":"way/351064261","source_url":"https://www.openstreetmap.org/way/351064261","license":"ODbL","transport_raw":0.436,"transport_count":1,"transport_activity":0.46,"representation":"major-road transport-event activity","timing_note":"Road color is a three-year transport-event activity surface on current OSM major road geometry, not measured traffic volume or congestion."},"geometry":{"type":"LineString","coordinates":[[-73.8759363,40.8378712],[-73.8766017,40.8382004],[-73.8766777,40.838238],[-73.8767505,40.838274],[-73.8774664,40.8386282],[-73.8775312,40.8386602]]}},{"type":"Feature","properties":{"id":"lens-traffic-road-nyc-way/46670709","layer":"traffic_road","category":"transport","year":1976,"visible_year":2025,"rank":3,"name":"East Tremont Avenue","source_id":"way/46670709","source_url":"https://www.openstreetmap.org/way/46670709","license":"ODbL","transport_raw":0.436,"transport_count":1,"transport_activity":0.46,"representation":"major-road transport-event activity","timing_note":"Road color is a three-year transport-event activity surface on current OSM major road geometry, not measured traffic volume or congestion."},"geometry":{"type":"LineString","coordinates":[[-73.8781769,40.8400301],[-73.8784945,40.8400657]]}},{"type":"Feature","properties":{"id":"lens-traffic-road-nyc-way/351064260","layer":"traffic_road","category":"transport","year":1976,"visible_year":2025,"rank":4,"name":"East 177th Street","source_id":"way/351064260","source_url":"https://www.openstreetmap.org/way/351064260","license":"ODbL","transport_raw":0.431,"transport_count":1,"transport_activity":0.454,"representation":"major-road transport-event activity","timing_note":"Road color is a three-year transport-event activity surface on current OSM major road geometry, not measured traffic volume or congestion."},"geometry":{"type":"LineString","coordinates":[[-73.8755033,40.8376186],[-73.8748263,40.8372865]]}},{"type":"Feature","properties":{"id":"lens-traffic-road-nyc-way/1362785954","layer":"traffic_road","category":"transport","year":1976,"visible_year":2025,"rank":5,"name":"Bronx River Parkway","source_id":"way/1362785954","source_url":"https://www.openstreetmap.org/way/1362785954","license":"ODbL","transport_raw":0.43,"transport_count":1,"transport_activity":0.453,"representation":"major-road transport-event activity","timing_note":"Road color is a three-year transport-event activity surface on current OSM major road geometry, not measured traffic volume or congestion."},"geometry":{"type":"LineString","coordinates":[[-73.8714533,40.8467944],[-73.8714533,40.8466376],[-73.8714544,40.8464796],[-73.8714565,40.8463012],[-73.8714658,40.8461413],[-73.8714808,40.8459745],[-73.8714966,40.8458264],[-73.8715161,40.8456546],[-73.8715375,40.8455023],[-73.8715666,40.8453267],[-73.8715953,40.8451733],[-73.8716286,40.8450136],[-73.8716634,40.8448591],[-73.8717044,40.8446867]]}},{"type":"Feature","properties":{"id":"lens-traffic-road-nyc-way/1429217721","layer":"traffic_road","category":"transport","year":1976,"visible_year":2025,"rank":4,"name":"East 177th Street","source_id":"way/1429217721","source_url":"https://www.openstreetmap.org/way/1429217721","license":"ODbL","transport_raw":0.429,"transport_count":1,"transport_activity":0.453,"representation":"major-road transport-event activity","timing_note":"Road color is a three-year transport-event activity surface on current OSM major road geometry, not measured traffic volume or congestion."},"geometry":{"type":"LineString","coordinates":[[-73.8746573,40.8372918],[-73.8747138,40.8373263]]}},{"type":"Feature","properties":{"id":"lens-traffic-road-nyc-way/1176090466","layer":"traffic_road","category":"transport","year":1976,"visible_year":2024,"rank":3,"name":"East 177th Street","source_id":"way/1176090466","source_url":"https://www.openstreetmap.org/way/1176090466","license":"ODbL","transport_raw":0.42,"transport_count":1,"transport_activity":0.443,"representation":"major-road transport-event activity","timing_note":"Road color is a three-year transport-event activity surface on current OSM major road geometry, not measured traffic volume or congestion."},"geometry":{"type":"LineString","coordinates":[[-73.8780068,40.8395587],[-73.8781209,40.8390494]]}},{"type":"Feature","properties":{"id":"lens-traffic-road-nyc-way/174546114","layer":"traffic_road","category":"transport","year":1976,"visible_year":2025,"rank":3,"name":"East Tremont Avenue","source_id":"way/174546114","source_url":"https://www.openstreetmap.org/way/174546114","license":"ODbL","transport_raw":0.42,"transport_count":1,"transport_activity":0.443,"representation":"major-road transport-event activity","timing_note":"Road color is a three-year transport-event activity surface on current OSM major road geometry, not measured traffic volume or congestion."},"geometry":{"type":"LineString","coordinates":[[-73.8785992,40.8399265],[-73.8782785,40.839894]]}},{"type":"Feature","properties":{"id":"lens-traffic-road-nyc-way/886579443","layer":"traffic_road","category":"transport","year":1976,"visible_year":2025,"rank":3,"name":"East Tremont Avenue","source_id":"way/886579443","source_url":"https://www.openstreetmap.org/way/886579443","license":"ODbL","transport_raw":0.416,"transport_count":1,"transport_activity":0.438,"representation":"major-road transport-event activity","timing_note":"Road color is a three-year transport-event activity surface on current OSM major road geometry, not measured traffic volume or congestion."},"geometry":{"type":"LineString","coordinates":[[-73.8784945,40.8400657],[-73.878628,40.840081]]}},{"type":"Feature","properties":{"id":"lens-traffic-road-nyc-way/1314540010","layer":"traffic_road","category":"transport","year":1976,"visible_year":2024,"rank":3,"name":"Morris Park Avenue","source_id":"way/1314540010","source_url":"https://www.openstreetmap.org/way/1314540010","license":"ODbL","transport_raw":0.415,"transport_count":1,"transport_activity":0.437,"representation":"major-road transport-event activity","timing_note":"Road color is a three-year transport-event activity surface on current OSM major road geometry, not measured traffic volume or congestion."},"geometry":{"type":"LineString","coordinates":[[-73.8688956,40.8444102],[-73.8686892,40.8445309],[-73.8686097,40.8445749],[-73.8685348,40.8446127],[-73.8684593,40.8446486]]}},{"type":"Feature","properties":{"id":"lens-traffic-road-nyc-way/45545312","layer":"traffic_road","category":"transport","year":1976,"visible_year":2025,"rank":4,"name":"East 177th Street","source_id":"way/45545312","source_url":"https://www.openstreetmap.org/way/45545312","license":"ODbL","transport_raw":0.413,"transport_count":1,"transport_activity":0.436,"representation":"major-road transport-event activity","timing_note":"Road color is a three-year transport-event activity surface on current OSM major road geometry, not measured traffic volume or congestion."},"geometry":{"type":"LineString","coordinates":[[-73.873771,40.8369296],[-73.8738468,40.836946],[-73.8739043,40.8369598],[-73.8739758,40.8369812],[-73.8740539,40.837006],[-73.8741272,40.8370333],[-73.8742048,40.8370635],[-73.8742792,40.8370954],[-73.8743446,40.8371256],[-73.8745306,40.8372104],[-73.874577,40.837235],[-73.8746224,40.8372624],[-73.8746573,40.8372918]]}},{"type":"Feature","properties":{"id":"lens-traffic-road-nyc-way/682353741","layer":"traffic_road","category":"transport","year":1976,"visible_year":2025,"rank":5,"name":"Bronx River Parkway","source_id":"way/682353741","source_url":"https://www.openstreetmap.org/way/682353741","license":"ODbL","transport_raw":0.409,"transport_count":1,"transport_activity":0.432,"representation":"major-road transport-event activity","timing_note":"Road color is a three-year transport-event activity surface on current OSM major road geometry, not measured traffic volume or congestion."},"geometry":{"type":"LineString","coordinates":[[-73.8715666,40.844668],[-73.871431,40.845257],[-73.8713833,40.8454738],[-73.8713392,40.8456865],[-73.8713024,40.8458948],[-73.8712687,40.8461138],[-73.8712443,40.8463342],[-73.8712267,40.8465475],[-73.8712097,40.8467901]]}},{"type":"Feature","properties":{"id":"lens-traffic-road-nyc-way/1317985700","layer":"traffic_road","category":"transport","year":1976,"visible_year":2025,"rank":2,"name":"Boston Road","source_id":"way/1317985700","source_url":"https://www.openstreetmap.org/way/1317985700","license":"ODbL","transport_raw":0.409,"transport_count":1,"transport_activity":0.431,"representation":"major-road transport-event activity","timing_note":"Road color is a three-year transport-event activity surface on current OSM major road geometry, not measured traffic volume or congestion."},"geometry":{"type":"LineString","coordinates":[[-73.878849,40.8415337],[-73.8788982,40.8414813],[-73.8790636,40.8413051]]}},{"type":"Feature","properties":{"id":"lens-traffic-road-nyc-way/224074986","layer":"traffic_road","category":"transport","year":1976,"visible_year":2025,"rank":2,"name":"Rosedale Avenue","source_id":"way/224074986","source_url":"https://www.openstreetmap.org/way/224074986","license":"ODbL","transport_raw":0.403,"transport_count":1,"transport_activity":0.425,"representation":"major-road transport-event activity","timing_note":"Road color is a three-year transport-event activity surface on current OSM major road geometry, not measured traffic volume or congestion."},"geometry":{"type":"LineString","coordinates":[[-73.8699927,40.8363163],[-73.8699883,40.8363339],[-73.8699838,40.8363546],[-73.8699809,40.8363768],[-73.8699792,40.8364003],[-73.8699876,40.8366759],[-73.8700391,40.8379224],[-73.870042,40.837973],[-73.8700451,40.8380413],[-73.8700853,40.839126],[-73.87009,40.8391748],[-73.8701013,40.8392578]]}},{"type":"Feature","properties":{"id":"lens-traffic-road-nyc-way/1032030914","layer":"traffic_road","category":"transport","year":1976,"visible_year":2025,"rank":4,"name":"East 177th Street","source_id":"way/1032030914","source_url":"https://www.openstreetmap.org/way/1032030914","license":"ODbL","transport_raw":0.402,"transport_count":1,"transport_activity":0.424,"representation":"major-road transport-event activity","timing_note":"Road color is a three-year transport-event activity surface on current OSM major road geometry, not measured traffic volume or congestion."},"geometry":{"type":"LineString","coordinates":[[-73.8748263,40.8372865],[-73.874732,40.8372388],[-73.8746962,40.8372206],[-73.8746623,40.8372031],[-73.8746297,40.8371833],[-73.8746001,40.8371639],[-73.8745713,40.8371431],[-73.8745415,40.8371186],[-73.8745178,40.8370975],[-73.8744937,40.8370756],[-73.8744736,40.8370541],[-73.8744542,40.837033],[-73.8744379,40.8370129],[-73.8744222,40.8369908],[-73.8744066,40.8369681],[-73.8743919,40.836945],[-73.8743802,40.8369226],[-73.8743681,40.8368946],[-73.8743573,40.8368635],[-73.8743496,40.836834],[-73.8743453,40.8368126]]}},{"type":"Feature","properties":{"id":"lens-traffic-road-nyc-way/46686863","layer":"traffic_road","category":"transport","year":1976,"visible_year":2022,"rank":4,"name":"East 177th Street","source_id":"way/46686863","source_url":"https://www.openstreetmap.org/way/46686863","license":"ODbL","transport_raw":0.398,"transport_count":1,"transport_activity":0.42,"representation":"major-road transport-event activity","timing_note":"Road color is a three-year transport-event activity surface on current OSM major road geometry, not measured traffic volume or congestion."},"geometry":{"type":"LineString","coordinates":[[-73.8734201,40.8368609],[-73.873771,40.8369296]]}},{"type":"Feature","properties":{"id":"lens-traffic-road-nyc-way/664054932","layer":"traffic_road","category":"transport","year":1976,"visible_year":2024,"rank":4,"name":"East 177th Street","source_id":"way/664054932","source_url":"https://www.openstreetmap.org/way/664054932","license":"ODbL","transport_raw":0.397,"transport_count":1,"transport_activity":0.419,"representation":"major-road transport-event activity","timing_note":"Road color is a three-year transport-event activity surface on current OSM major road geometry, not measured traffic volume or congestion."},"geometry":{"type":"LineString","coordinates":[[-73.8775312,40.8386602],[-73.8779421,40.838861],[-73.8779753,40.8388694],[-73.8780056,40.8388753],[-73.8780393,40.8388796],[-73.8780841,40.8388806],[-73.8781365,40.8388775]]}},{"type":"Feature","properties":{"id":"lens-traffic-road-nyc-way/586147531","layer":"traffic_road","category":"transport","year":1976,"visible_year":2025,"rank":3,"name":"East 177th Street","source_id":"way/586147531","source_url":"https://www.openstreetmap.org/way/586147531","license":"ODbL","transport_raw":0.393,"transport_count":1,"transport_activity":0.414,"representation":"major-road transport-event activity","timing_note":"Road color is a three-year transport-event activity surface on current OSM major road geometry, not measured traffic volume or congestion."},"geometry":{"type":"LineString","coordinates":[[-73.8781209,40.8390494],[-73.8781253,40.8390189],[-73.8781302,40.8389911],[-73.8781342,40.8389529],[-73.8781365,40.8388775]]}},{"type":"Feature","properties":{"id":"lens-traffic-road-nyc-way/45545355","layer":"traffic_road","category":"transport","year":1976,"visible_year":2024,"rank":3,"name":"Cross Bronx Expressway Service Road","source_id":"way/45545355","source_url":"https://www.openstreetmap.org/way/45545355","license":"ODbL","transport_raw":0.389,"transport_count":1,"transport_activity":0.41,"representation":"major-road transport-event activity","timing_note":"Road color is a three-year transport-event activity surface on current OSM major road geometry, not measured traffic volume or congestion."},"geometry":{"type":"LineString","coordinates":[[-73.8728791,40.8367655],[-73.8732527,40.836805],[-73.8733164,40.8368112],[-73.8733773,40.8368166],[-73.8734318,40.8368203]]}},{"type":"Feature","properties":{"id":"lens-traffic-road-nyc-way/46686859","layer":"traffic_road","category":"transport","year":1976,"visible_year":2024,"rank":3,"name":"Cross Bronx Expressway Service Road","source_id":"way/46686859","source_url":"https://www.openstreetmap.org/way/46686859","license":"ODbL","transport_raw":0.389,"transport_count":1,"transport_activity":0.41,"representation":"major-road transport-event activity","timing_note":"Road color is a three-year transport-event activity surface on current OSM major road geometry, not measured traffic volume or congestion."},"geometry":{"type":"LineString","coordinates":[[-73.8734318,40.8368203],[-73.8734762,40.836822],[-73.873521,40.8368226],[-73.8738151,40.8368223]]}},{"type":"Feature","properties":{"id":"lens-traffic-road-nyc-way/5696025","layer":"traffic_road","category":"transport","year":1976,"visible_year":2024,"rank":4,"name":"East 177th Street","source_id":"way/5696025","source_url":"https://www.openstreetmap.org/way/5696025","license":"ODbL","transport_raw":0.389,"transport_count":1,"transport_activity":0.41,"representation":"major-road transport-event activity","timing_note":"Road color is a three-year transport-event activity surface on current OSM major road geometry, not measured traffic volume or congestion."},"geometry":{"type":"LineString","coordinates":[[-73.8728791,40.8367655],[-73.8729584,40.8367773],[-73.8730319,40.8367898],[-73.8731032,40.8368024],[-73.8734201,40.8368609]]}},{"type":"Feature","properties":{"id":"lens-traffic-road-nyc-way/1032030913","layer":"traffic_road","category":"transport","year":1976,"visible_year":2024,"rank":3,"name":"Cross Bronx Expressway Service Road","source_id":"way/1032030913","source_url":"https://www.openstreetmap.org/way/1032030913","license":"ODbL","transport_raw":0.382,"transport_count":1,"transport_activity":0.402,"representation":"major-road transport-event activity","timing_note":"Road color is a three-year transport-event activity surface on current OSM major road geometry, not measured traffic volume or congestion."},"geometry":{"type":"LineString","coordinates":[[-73.8738151,40.8368223],[-73.8739229,40.8368224],[-73.8740244,40.8368214],[-73.8741366,40.8368191],[-73.8742396,40.8368161],[-73.8743453,40.8368126]]}},{"type":"Feature","properties":{"id":"lens-traffic-road-nyc-way/5696030","layer":"traffic_road","category":"transport","year":1976,"visible_year":2024,"rank":4,"name":"Cross Bronx Expressway Service Road","source_id":"way/5696030","source_url":"https://www.openstreetmap.org/way/5696030","license":"ODbL","transport_raw":0.379,"transport_count":1,"transport_activity":0.4,"representation":"major-road transport-event activity","timing_note":"Road color is a three-year transport-event activity surface on current OSM major road geometry, not measured traffic volume or congestion."},"geometry":{"type":"LineString","coordinates":[[-73.8723831,40.8367007],[-73.8728791,40.8367655]]}},{"type":"Feature","properties":{"id":"lens-traffic-road-nyc-way/1314540011","layer":"traffic_road","category":"transport","year":1976,"visible_year":2024,"rank":3,"name":"Morris Park Avenue","source_id":"way/1314540011","source_url":"https://www.openstreetmap.org/way/1314540011","license":"ODbL","transport_raw":0.373,"transport_count":1,"transport_activity":0.393,"representation":"major-road transport-event activity","timing_note":"Road color is a three-year transport-event activity surface on current OSM major road geometry, not measured traffic volume or congestion."},"geometry":{"type":"LineString","coordinates":[[-73.8684593,40.8446486],[-73.8683634,40.8446877],[-73.8682667,40.8447248],[-73.8681694,40.8447606],[-73.8680572,40.844797]]}},{"type":"Feature","properties":{"id":"lens-traffic-road-nyc-way/46670716","layer":"traffic_road","category":"transport","year":1976,"visible_year":2025,"rank":4,"name":"Sheridan Boulevard","source_id":"way/46670716","source_url":"https://www.openstreetmap.org/way/46670716","license":"ODbL","transport_raw":0.37,"transport_count":1,"transport_activity":0.39,"representation":"major-road transport-event activity","timing_note":"Road color is a three-year transport-event activity surface on current OSM major road geometry, not measured traffic volume or congestion."},"geometry":{"type":"LineString","coordinates":[[-73.8784203,40.8387771],[-73.878306,40.8387872],[-73.878285,40.8387914],[-73.8782608,40.8388002],[-73.878235,40.8388123],[-73.8782057,40.8388303],[-73.8781365,40.8388775]]}},{"type":"Feature","properties":{"id":"lens-traffic-road-nyc-way/11559210","layer":"traffic_road","category":"transport","year":1976,"visible_year":2025,"rank":4,"name":"Sheridan Boulevard","source_id":"way/11559210","source_url":"https://www.openstreetmap.org/way/11559210","license":"ODbL","transport_raw":0.368,"transport_count":1,"transport_activity":0.388,"representation":"major-road transport-event activity","timing_note":"Road color is a three-year transport-event activity surface on current OSM major road geometry, not measured traffic volume or congestion."},"geometry":{"type":"LineString","coordinates":[[-73.8781365,40.8388775],[-73.8782842,40.8388668],[-73.8785706,40.8388453]]}},{"type":"Feature","properties":{"id":"lens-traffic-road-nyc-way/1295738277","layer":"traffic_road","category":"transport","year":1976,"visible_year":2025,"rank":4,"name":"Sheridan Boulevard","source_id":"way/1295738277","source_url":"https://www.openstreetmap.org/way/1295738277","license":"ODbL","transport_raw":0.347,"transport_count":1,"transport_activity":0.366,"representation":"major-road transport-event activity","timing_note":"Road color is a three-year transport-event activity surface on current OSM major road geometry, not measured traffic volume or congestion."},"geometry":{"type":"LineString","coordinates":[[-73.8785928,40.8387625],[-73.8784203,40.8387771]]}},{"type":"Feature","properties":{"id":"lens-traffic-road-nyc-way/960026978","layer":"traffic_road","category":"transport","year":1976,"visible_year":2025,"rank":5,"name":"Bronx River Parkway","source_id":"way/960026978","source_url":"https://www.openstreetmap.org/way/960026978","license":"ODbL","transport_raw":0.344,"transport_count":1,"transport_activity":0.362,"representation":"major-road transport-event activity","timing_note":"Road color is a three-year transport-event activity surface on current OSM major road geometry, not measured traffic volume or congestion."},"geometry":{"type":"LineString","coordinates":[[-73.8737223,40.836757],[-73.8737575,40.8366533],[-73.8737907,40.8365482],[-73.8738226,40.836439],[-73.8738525,40.8363323],[-73.8738812,40.8362236]]}},{"type":"Feature","properties":{"id":"lens-traffic-road-nyc-way/758062857","layer":"traffic_road","category":"transport","year":1976,"visible_year":2025,"rank":3,"name":"East 180th Street","source_id":"way/758062857","source_url":"https://www.openstreetmap.org/way/758062857","license":"ODbL","transport_raw":0.34,"transport_count":1,"transport_activity":0.358,"representation":"major-road transport-event activity","timing_note":"Road color is a three-year transport-event activity surface on current OSM major road geometry, not measured traffic volume or congestion."},"geometry":{"type":"LineString","coordinates":[[-73.879809,40.8435396],[-73.8792501,40.8432277],[-73.8791001,40.843142],[-73.8787908,40.8429699]]}},{"type":"Feature","properties":{"id":"lens-traffic-road-nyc-way/776650302","layer":"traffic_road","category":"transport","year":1976,"visible_year":2024,"rank":3,"name":"Morris Park Avenue","source_id":"way/776650302","source_url":"https://www.openstreetmap.org/way/776650302","license":"ODbL","transport_raw":0.337,"transport_count":1,"transport_activity":0.356,"representation":"major-road transport-event activity","timing_note":"Road color is a three-year transport-event activity surface on current OSM major road geometry, not measured traffic volume or congestion."},"geometry":{"type":"LineString","coordinates":[[-73.8680572,40.844797],[-73.8679524,40.8448306],[-73.8678804,40.8448502],[-73.8677846,40.8448732]]}},{"type":"Feature","properties":{"id":"lens-traffic-road-nyc-way/46686868","layer":"traffic_road","category":"transport","year":1976,"visible_year":2022,"rank":5,"name":"Cross Bronx Expressway","source_id":"way/46686868","source_url":"https://www.openstreetmap.org/way/46686868","license":"ODbL","transport_raw":0.334,"transport_count":1,"transport_activity":0.352,"representation":"major-road transport-event activity","timing_note":"Road color is a three-year transport-event activity surface on current OSM major road geometry, not measured traffic volume or congestion."},"geometry":{"type":"LineString","coordinates":[[-73.8733995,40.8364],[-73.8745371,40.8364635]]}},{"type":"Feature","properties":{"id":"lens-traffic-road-nyc-way/754228754","layer":"traffic_road","category":"transport","year":1976,"visible_year":2025,"rank":3,"name":"East Tremont Avenue","source_id":"way/754228754","source_url":"https://www.openstreetmap.org/way/754228754","license":"ODbL","transport_raw":0.326,"transport_count":1,"transport_activity":0.344,"representation":"major-road transport-event activity","timing_note":"Road color is a three-year transport-event activity surface on current OSM major road geometry, not measured traffic volume or congestion."},"geometry":{"type":"LineString","coordinates":[[-73.866361,40.840592],[-73.86617,40.840648]]}},{"type":"Feature","properties":{"id":"lens-traffic-road-nyc-way/174546117","layer":"traffic_road","category":"transport","year":1976,"visible_year":2025,"rank":3,"name":"East Tremont Avenue","source_id":"way/174546117","source_url":"https://www.openstreetmap.org/way/174546117","license":"ODbL","transport_raw":0.324,"transport_count":1,"transport_activity":0.341,"representation":"major-road transport-event activity","timing_note":"Road color is a three-year transport-event activity surface on current OSM major road geometry, not measured traffic volume or congestion."},"geometry":{"type":"LineString","coordinates":[[-73.878628,40.840081],[-73.8796854,40.8402077],[-73.8798814,40.8402312],[-73.8801165,40.8402594]]}},{"type":"Feature","properties":{"id":"lens-traffic-road-nyc-way/45545196","layer":"traffic_road","category":"transport","year":1976,"visible_year":2022,"rank":5,"name":"Cross Bronx Expressway","source_id":"way/45545196","source_url":"https://www.openstreetmap.org/way/45545196","license":"ODbL","transport_raw":0.32,"transport_count":1,"transport_activity":0.337,"representation":"major-road transport-event activity","timing_note":"Road color is a three-year transport-event activity surface on current OSM major road geometry, not measured traffic volume or congestion."},"geometry":{"type":"LineString","coordinates":[[-73.8745486,40.8363557],[-73.8734122,40.8362903]]}},{"type":"Feature","properties":{"id":"lens-traffic-road-nyc-way/46670707","layer":"traffic_road","category":"transport","year":1976,"visible_year":2025,"rank":4,"name":"Sheridan Boulevard","source_id":"way/46670707","source_url":"https://www.openstreetmap.org/way/46670707","license":"ODbL","transport_raw":0.317,"transport_count":1,"transport_activity":0.334,"representation":"major-road transport-event activity","timing_note":"Road color is a three-year transport-event activity surface on current OSM major road geometry, not measured traffic volume or congestion."},"geometry":{"type":"LineString","coordinates":[[-73.879082,40.8387133],[-73.8785928,40.8387625]]}},{"type":"Feature","properties":{"id":"lens-traffic-road-nyc-way/45545198","layer":"traffic_road","category":"transport","year":1976,"visible_year":2022,"rank":5,"name":"Cross Bronx Expressway","source_id":"way/45545198","source_url":"https://www.openstreetmap.org/way/45545198","license":"ODbL","transport_raw":0.312,"transport_count":1,"transport_activity":0.329,"representation":"major-road transport-event activity","timing_note":"Road color is a three-year transport-event activity surface on current OSM major road geometry, not measured traffic volume or congestion."},"geometry":{"type":"LineString","coordinates":[[-73.8745371,40.8364635],[-73.8759431,40.8365417]]}},{"type":"Feature","properties":{"id":"lens-traffic-road-nyc-way/351064263","layer":"traffic_road","category":"transport","year":1976,"visible_year":2024,"rank":4,"name":"East 177th Street","source_id":"way/351064263","source_url":"https://www.openstreetmap.org/way/351064263","license":"ODbL","transport_raw":0.31,"transport_count":1,"transport_activity":0.327,"representation":"major-road transport-event activity","timing_note":"Road color is a three-year transport-event activity surface on current OSM major road geometry, not measured traffic volume or congestion."},"geometry":{"type":"LineString","coordinates":[[-73.8743453,40.8368126],[-73.8743079,40.836591],[-73.8743008,40.8365544],[-73.8742927,40.8365194],[-73.8742306,40.8363039],[-73.8742196,40.8362683],[-73.8742101,40.8362428],[-73.8741998,40.8362187],[-73.8741889,40.8362003],[-73.874176,40.8361819],[-73.8741581,40.836162],[-73.874137,40.8361442],[-73.8741157,40.8361291],[-73.8740945,40.8361152],[-73.8740702,40.8360997],[-73.8740453,40.8360861],[-73.8740202,40.8360737]]}},{"type":"Feature","properties":{"id":"lens-traffic-road-nyc-way/551922425","layer":"traffic_road","category":"transport","year":1976,"visible_year":2025,"rank":2,"name":"Boston Road","source_id":"way/551922425","source_url":"https://www.openstreetmap.org/way/551922425","license":"ODbL","transport_raw":0.31,"transport_count":1,"transport_activity":0.327,"representation":"major-road transport-event activity","timing_note":"Road color is a three-year transport-event activity surface on current OSM major road geometry, not measured traffic volume or congestion."},"geometry":{"type":"LineString","coordinates":[[-73.8790636,40.8413051],[-73.8793813,40.8409667],[-73.8798067,40.8405136],[-73.8798508,40.8404704],[-73.8799025,40.8404226],[-73.8799447,40.8403841],[-73.8799845,40.8403516],[-73.8800246,40.8403216],[-73.880064,40.8402946],[-73.8801165,40.8402594]]}},{"type":"Feature","properties":{"id":"lens-traffic-road-nyc-way/46688420","layer":"traffic_road","category":"transport","year":1976,"visible_year":2026,"rank":4,"name":"Cross Bronx Expressway Service Road","source_id":"way/46688420","source_url":"https://www.openstreetmap.org/way/46688420","license":"ODbL","transport_raw":0.309,"transport_count":1,"transport_activity":0.326,"representation":"major-road transport-event activity","timing_note":"Road color is a three-year transport-event activity surface on current OSM major road geometry, not measured traffic volume or congestion."},"geometry":{"type":"LineString","coordinates":[[-73.8697772,40.836272],[-73.8698598,40.836289],[-73.8698862,40.8362944],[-73.8699927,40.8363163],[-73.8701064,40.8363375],[-73.8706069,40.836431],[-73.8706341,40.8364358],[-73.8707482,40.8364558],[-73.8710659,40.8365116],[-73.8711999,40.8365337],[-73.8713486,40.8365565],[-73.8715716,40.8365905],[-73.8717724,40.8366201],[-73.8723831,40.8367007]]}},{"type":"Feature","properties":{"id":"lens-traffic-road-nyc-way/933348053","layer":"traffic_road","category":"transport","year":1976,"visible_year":2025,"rank":3,"name":"East Tremont Avenue","source_id":"way/933348053","source_url":"https://www.openstreetmap.org/way/933348053","license":"ODbL","transport_raw":0.309,"transport_count":1,"transport_activity":0.326,"representation":"major-road transport-event activity","timing_note":"Road color is a three-year transport-event activity surface on current OSM major road geometry, not measured traffic volume or congestion."},"geometry":{"type":"LineString","coordinates":[[-73.8803392,40.8401372],[-73.8802393,40.8401158],[-73.8801725,40.8401025],[-73.8801146,40.8400921],[-73.8800468,40.8400813],[-73.8799968,40.840074],[-73.8796819,40.8400394],[-73.8794433,40.8400145],[-73.8790105,40.8399694],[-73.878788,40.8399462],[-73.8785992,40.8399265]]}},{"type":"Feature","properties":{"id":"lens-traffic-road-nyc-way/1314540012","layer":"traffic_road","category":"transport","year":1976,"visible_year":2024,"rank":3,"name":"Morris Park Avenue","source_id":"way/1314540012","source_url":"https://www.openstreetmap.org/way/1314540012","license":"ODbL","transport_raw":0.308,"transport_count":1,"transport_activity":0.325,"representation":"major-road transport-event activity","timing_note":"Road color is a three-year transport-event activity surface on current OSM major road geometry, not measured traffic volume or congestion."},"geometry":{"type":"LineString","coordinates":[[-73.8677846,40.8448732],[-73.8677018,40.8448926],[-73.8676328,40.8449067],[-73.8673401,40.8449673]]}},{"type":"Feature","properties":{"id":"lens-traffic-road-nyc-way/46670714","layer":"traffic_road","category":"transport","year":1976,"visible_year":2025,"rank":4,"name":"Sheridan Boulevard","source_id":"way/46670714","source_url":"https://www.openstreetmap.org/way/46670714","license":"ODbL","transport_raw":0.303,"transport_count":1,"transport_activity":0.32,"representation":"major-road transport-event activity","timing_note":"Road color is a three-year transport-event activity surface on current OSM major road geometry, not measured traffic volume or congestion."},"geometry":{"type":"LineString","coordinates":[[-73.8785706,40.8388453],[-73.8789394,40.8388153],[-73.8789996,40.8388082],[-73.8790564,40.8388008],[-73.8791103,40.8387922],[-73.879166,40.8387827],[-73.8792149,40.8387729],[-73.8792768,40.8387586]]}},{"type":"Feature","properties":{"id":"lens-traffic-road-nyc-way/46670718","layer":"traffic_road","category":"transport","year":1976,"visible_year":2022,"rank":5,"name":"Cross Bronx Expressway","source_id":"way/46670718","source_url":"https://www.openstreetmap.org/way/46670718","license":"ODbL","transport_raw":0.296,"transport_count":1,"transport_activity":0.312,"representation":"major-road transport-event activity","timing_note":"Road color is a three-year transport-event activity surface on current OSM major road geometry, not measured traffic volume or congestion."},"geometry":{"type":"LineString","coordinates":[[-73.8761961,40.8364477],[-73.8745486,40.8363557]]}},{"type":"Feature","properties":{"id":"lens-traffic-road-nyc-way/122660448","layer":"traffic_road","category":"transport","year":1976,"visible_year":2025,"rank":5,"name":"Bronx River Parkway","source_id":"way/122660448","source_url":"https://www.openstreetmap.org/way/122660448","license":"ODbL","transport_raw":0.29,"transport_count":1,"transport_activity":0.306,"representation":"major-road transport-event activity","timing_note":"Road color is a three-year transport-event activity surface on current OSM major road geometry, not measured traffic volume or congestion."},"geometry":{"type":"LineString","coordinates":[[-73.8739091,40.8340056],[-73.8739273,40.8344088],[-73.8739292,40.8346672],[-73.8739297,40.8347766],[-73.8739275,40.834888],[-73.8739236,40.8349983],[-73.8739175,40.835108],[-73.8739104,40.8352195],[-73.8738995,40.8353309],[-73.8738892,40.8354375],[-73.8738747,40.8355498],[-73.8738578,40.835659],[-73.8738394,40.8357676],[-73.8738187,40.8358783],[-73.8737979,40.8359835],[-73.8737734,40.8360929],[-73.8737471,40.8362007],[-73.8737174,40.8363105],[-73.8736889,40.8364124],[-73.8736554,40.8365228],[-73.8736207,40.8366323],[-73.8733637,40.8373771],[-73.8733266,40.8374834],[-73.873291,40.8375877],[-73.8732557,40.8376928],[-73.8732212,40.8378056],[-73.8731836,40.8379353],[-73.8730985,40.8381972]]}},{"type":"Feature","properties":{"id":"lens-traffic-road-nyc-way/1062111998","layer":"traffic_road","category":"transport","year":1976,"visible_year":2025,"rank":4,"name":"Sheridan Boulevard","source_id":"way/1062111998","source_url":"https://www.openstreetmap.org/way/1062111998","license":"ODbL","transport_raw":0.282,"transport_count":1,"transport_activity":0.297,"representation":"major-road transport-event activity","timing_note":"Road color is a three-year transport-event activity surface on current OSM major road geometry, not measured traffic volume or congestion."},"geometry":{"type":"LineString","coordinates":[[-73.8793022,40.8386837],[-73.8792655,40.8386906],[-73.8792135,40.8386979],[-73.879082,40.8387133]]}},{"type":"Feature","properties":{"id":"lens-traffic-road-nyc-way/46686831","layer":"traffic_road","category":"transport","year":1976,"visible_year":2024,"rank":4,"name":"East 177th Street","source_id":"way/46686831","source_url":"https://www.openstreetmap.org/way/46686831","license":"ODbL","transport_raw":0.282,"transport_count":1,"transport_activity":0.297,"representation":"major-road transport-event activity","timing_note":"Road color is a three-year transport-event activity surface on current OSM major road geometry, not measured traffic volume or congestion."},"geometry":{"type":"LineString","coordinates":[[-73.8740202,40.8360737],[-73.8739843,40.8360587],[-73.873951,40.8360461],[-73.873917,40.8360341],[-73.8738851,40.8360232],[-73.8738542,40.8360135],[-73.8738279,40.836006],[-73.8737995,40.8359989],[-73.8737776,40.8359938],[-73.8737556,40.8359895],[-73.8737345,40.8359856],[-73.8737126,40.8359821]]}},{"type":"Feature","properties":{"id":"lens-traffic-road-nyc-way/729119437","layer":"traffic_road","category":"transport","year":1976,"visible_year":2024,"rank":5,"name":"Cross Bronx Expressway","source_id":"way/729119437","source_url":"https://www.openstreetmap.org/way/729119437","license":"ODbL","transport_raw":0.28,"transport_count":1,"transport_activity":0.295,"representation":"major-road transport-event activity","timing_note":"Road color is a three-year transport-event activity surface on current OSM major road geometry, not measured traffic volume or congestion."},"geometry":{"type":"LineString","coordinates":[[-73.8734122,40.8362903],[-73.8728431,40.8362595],[-73.8726992,40.8362506],[-73.8725564,40.8362411],[-73.8724101,40.8362306],[-73.8722665,40.8362193],[-73.8721252,40.8362061],[-73.8719824,40.8361927],[-73.871836,40.8361776],[-73.8716936,40.8361615],[-73.8715518,40.836144],[-73.8714081,40.8361271],[-73.8712668,40.8361084],[-73.8711259,40.836089],[-73.8709845,40.8360687],[-73.8708426,40.836047],[-73.8707023,40.8360258],[-73.8705607,40.8360032],[-73.8704173,40.8359787],[-73.8702793,40.8359537],[-73.8701356,40.8359273],[-73.8699888,40.8358997],[-73.8698491,40.8358721],[-73.8697187,40.8358447]]}},{"type":"Feature","properties":{"id":"lens-traffic-road-nyc-way/1080391683","layer":"traffic_road","category":"transport","year":1976,"visible_year":2024,"rank":3,"name":"Cross Bronx Expressway Service Road","source_id":"way/1080391683","source_url":"https://www.openstreetmap.org/way/1080391683","license":"ODbL","transport_raw":0.278,"transport_count":1,"transport_activity":0.293,"representation":"major-road transport-event activity","timing_note":"Road color is a three-year transport-event activity surface on current OSM major road geometry, not measured traffic volume or congestion."},"geometry":{"type":"LineString","coordinates":[[-73.8740399,40.8359951],[-73.8737126,40.8359821]]}},{"type":"Feature","properties":{"id":"lens-traffic-road-nyc-way/1080391686","layer":"traffic_road","category":"transport","year":1976,"visible_year":2025,"rank":4,"name":"Cross Bronx Expressway Service Road","source_id":"way/1080391686","source_url":"https://www.openstreetmap.org/way/1080391686","license":"ODbL","transport_raw":0.277,"transport_count":1,"transport_activity":0.292,"representation":"major-road transport-event activity","timing_note":"Road color is a three-year transport-event activity surface on current OSM major road geometry, not measured traffic volume or congestion."},"geometry":{"type":"LineString","coordinates":[[-73.8737126,40.8359821],[-73.8730179,40.8359288],[-73.8727993,40.8359126]]}},{"type":"Feature","properties":{"id":"lens-traffic-road-nyc-way/1080391685","layer":"traffic_road","category":"transport","year":1976,"visible_year":2025,"rank":3,"name":"Cross Bronx Expressway Service Road","source_id":"way/1080391685","source_url":"https://www.openstreetmap.org/way/1080391685","license":"ODbL","transport_raw":0.271,"transport_count":1,"transport_activity":0.286,"representation":"major-road transport-event activity","timing_note":"Road color is a three-year transport-event activity surface on current OSM major road geometry, not measured traffic volume or congestion."},"geometry":{"type":"LineString","coordinates":[[-73.8752306,40.8360941],[-73.8751543,40.8360891],[-73.8750837,40.8360856],[-73.8750125,40.836083],[-73.8748706,40.836075],[-73.8747715,40.8360676],[-73.8746754,40.8360612],[-73.8745989,40.8360543],[-73.8745087,40.836046],[-73.8744061,40.8360348],[-73.8740399,40.8359951]]}},{"type":"Feature","properties":{"id":"lens-traffic-road-nyc-way/447649896","layer":"traffic_road","category":"transport","year":1976,"visible_year":2025,"rank":5,"name":"Bronx River Parkway","source_id":"way/447649896","source_url":"https://www.openstreetmap.org/way/447649896","license":"ODbL","transport_raw":0.266,"transport_count":1,"transport_activity":0.281,"representation":"major-road transport-event activity","timing_note":"Road color is a three-year transport-event activity surface on current OSM major road geometry, not measured traffic volume or congestion."},"geometry":{"type":"LineString","coordinates":[[-73.8714529,40.8472424],[-73.8714533,40.8467944]]}},{"type":"Feature","properties":{"id":"lens-traffic-road-nyc-way/1362785953","layer":"traffic_road","category":"transport","year":1976,"visible_year":2025,"rank":5,"name":"Bronx River Parkway","source_id":"way/1362785953","source_url":"https://www.openstreetmap.org/way/1362785953","license":"ODbL","transport_raw":0.261,"transport_count":1,"transport_activity":0.276,"representation":"major-road transport-event activity","timing_note":"Road color is a three-year transport-event activity surface on current OSM major road geometry, not measured traffic volume or congestion."},"geometry":{"type":"LineString","coordinates":[[-73.8712097,40.8467901],[-73.8712054,40.8469812],[-73.8712031,40.8472688]]}},{"type":"Feature","properties":{"id":"lens-traffic-road-nyc-way/46594509","layer":"traffic_road","category":"transport","year":1976,"visible_year":2025,"rank":3,"name":"Boston Road","source_id":"way/46594509","source_url":"https://www.openstreetmap.org/way/46594509","license":"ODbL","transport_raw":0.26,"transport_count":1,"transport_activity":0.274,"representation":"major-road transport-event activity","timing_note":"Road color is a three-year transport-event activity surface on current OSM major road geometry, not measured traffic volume or congestion."},"geometry":{"type":"LineString","coordinates":[[-73.8801165,40.8402594],[-73.880167,40.8402287],[-73.8802224,40.8401958],[-73.8802722,40.8401692],[-73.8803217,40.8401452],[-73.8803392,40.8401372]]}},{"type":"Feature","properties":{"id":"lens-traffic-road-nyc-way/1314540013","layer":"traffic_road","category":"transport","year":1976,"visible_year":2025,"rank":3,"name":"Morris Park Avenue","source_id":"way/1314540013","source_url":"https://www.openstreetmap.org/way/1314540013","license":"ODbL","transport_raw":0.256,"transport_count":1,"transport_activity":0.27,"representation":"major-road transport-event activity","timing_note":"Road color is a three-year transport-event activity surface on current OSM major road geometry, not measured traffic volume or congestion."},"geometry":{"type":"LineString","coordinates":[[-73.8673401,40.8449673],[-73.8669468,40.845049],[-73.8668778,40.8450634]]}},{"type":"Feature","properties":{"id":"lens-traffic-road-nyc-way/38796465","layer":"traffic_road","category":"transport","year":1976,"visible_year":2025,"rank":2,"name":"Rosedale Avenue","source_id":"way/38796465","source_url":"https://www.openstreetmap.org/way/38796465","license":"ODbL","transport_raw":0.256,"transport_count":1,"transport_activity":0.27,"representation":"major-road transport-event activity","timing_note":"Road color is a three-year transport-event activity surface on current OSM major road geometry, not measured traffic volume or congestion."},"geometry":{"type":"LineString","coordinates":[[-73.8700011,40.8361059],[-73.8700047,40.8362214],[-73.8700042,40.836246],[-73.8700022,40.8362696],[-73.8699989,40.836291],[-73.8699927,40.8363163]]}},{"type":"Feature","properties":{"id":"lens-traffic-road-nyc-way/754228753","layer":"traffic_road","category":"transport","year":1976,"visible_year":2025,"rank":3,"name":"East Tremont Avenue","source_id":"way/754228753","source_url":"https://www.openstreetmap.org/way/754228753","license":"ODbL","transport_raw":0.256,"transport_count":1,"transport_activity":0.27,"representation":"major-road transport-event activity","timing_note":"Road color is a three-year transport-event activity surface on current OSM major road geometry, not measured traffic volume or congestion."},"geometry":{"type":"LineString","coordinates":[[-73.86617,40.840648],[-73.865557,40.8408298],[-73.865465,40.840857],[-73.8653427,40.840885],[-73.8650313,40.8409571]]}},{"type":"Feature","properties":{"id":"lens-traffic-road-nyc-way/46688421","layer":"traffic_road","category":"transport","year":1976,"visible_year":2024,"rank":4,"name":"Cross Bronx Expressway Service Road","source_id":"way/46688421","source_url":"https://www.openstreetmap.org/way/46688421","license":"ODbL","transport_raw":0.255,"transport_count":1,"transport_activity":0.269,"representation":"major-road transport-event activity","timing_note":"Road color is a three-year transport-event activity surface on current OSM major road geometry, not measured traffic volume or congestion."},"geometry":{"type":"LineString","coordinates":[[-73.8727993,40.8359126],[-73.8723979,40.8358782],[-73.8721276,40.835855],[-73.8711654,40.8357725],[-73.8708414,40.8357447]]}},{"type":"Feature","properties":{"id":"lens-traffic-road-nyc-way/960017221","layer":"traffic_road","category":"transport","year":1976,"visible_year":2024,"rank":5,"name":"Cross Bronx Expressway","source_id":"way/960017221","source_url":"https://www.openstreetmap.org/way/960017221","license":"ODbL","transport_raw":0.254,"transport_count":1,"transport_activity":0.268,"representation":"major-road transport-event activity","timing_note":"Road color is a three-year transport-event activity surface on current OSM major road geometry, not measured traffic volume or congestion."},"geometry":{"type":"LineString","coordinates":[[-73.8770285,40.8365162],[-73.8768879,40.8365009],[-73.8767502,40.8364878],[-73.8766056,40.8364752],[-73.8764621,40.8364647],[-73.876317,40.836455],[-73.8761961,40.8364477]]}},{"type":"Feature","properties":{"id":"lens-traffic-road-nyc-way/46670715","layer":"traffic_road","category":"transport","year":1976,"visible_year":2025,"rank":4,"name":"Sheridan Boulevard","source_id":"way/46670715","source_url":"https://www.openstreetmap.org/way/46670715","license":"ODbL","transport_raw":0.25,"transport_count":1,"transport_activity":0.263,"representation":"major-road transport-event activity","timing_note":"Road color is a three-year transport-event activity surface on current OSM major road geometry, not measured traffic volume or congestion."},"geometry":{"type":"LineString","coordinates":[[-73.8792768,40.8387586],[-73.8793289,40.8387447],[-73.8793894,40.8387272],[-73.8794565,40.8387061],[-73.8795202,40.8386841],[-73.879585,40.8386601],[-73.8796518,40.8386311],[-73.8797346,40.838592],[-73.8797993,40.838558],[-73.8798703,40.8385194]]}},{"type":"Feature","properties":{"id":"lens-traffic-road-nyc-way/1295570061","layer":"traffic_road","category":"transport","year":1976,"visible_year":2025,"rank":4,"name":"Sheridan Boulevard","source_id":"way/1295570061","source_url":"https://www.openstreetmap.org/way/1295570061","license":"ODbL","transport_raw":0.248,"transport_count":1,"transport_activity":0.261,"representation":"major-road transport-event activity","timing_note":"Road color is a three-year transport-event activity surface on current OSM major road geometry, not measured traffic volume or congestion."},"geometry":{"type":"LineString","coordinates":[[-73.8798226,40.8384664],[-73.8797594,40.8385009],[-73.8796984,40.8385324],[-73.8796418,40.8385593],[-73.8795883,40.8385846],[-73.8795419,40.8386036],[-73.8794982,40.8386203],[-73.8794564,40.8386354],[-73.8794142,40.8386497],[-73.8793783,40.8386617],[-73.8793411,40.8386727],[-73.8793022,40.8386837]]}},{"type":"Feature","properties":{"id":"lens-traffic-road-nyc-way/729119439","layer":"traffic_road","category":"transport","year":1976,"visible_year":2024,"rank":5,"name":"Cross Bronx Expressway","source_id":"way/729119439","source_url":"https://www.openstreetmap.org/way/729119439","license":"ODbL","transport_raw":0.246,"transport_count":1,"transport_activity":0.259,"representation":"major-road transport-event activity","timing_note":"Road color is a three-year transport-event activity surface on current OSM major road geometry, not measured traffic volume or congestion."},"geometry":{"type":"LineString","coordinates":[[-73.8665819,40.8351194],[-73.8679907,40.8355414],[-73.868126,40.8355819],[-73.8682619,40.8356212],[-73.8683979,40.8356588],[-73.8685334,40.8356957],[-73.8686692,40.835732],[-73.868807,40.835768],[-73.8689454,40.8358015],[-73.8690837,40.8358357],[-73.8692216,40.8358682],[-73.8693589,40.8359],[-73.8694989,40.8359307],[-73.8696389,40.8359599],[-73.869777,40.8359887],[-73.8699192,40.8360165],[-73.8700553,40.8360433],[-73.8701974,40.8360689],[-73.8703367,40.8360943],[-73.87048,40.8361189],[-73.8706183,40.8361415],[-73.8707578,40.8361633],[-73.8709004,40.8361842],[-73.8710413,40.8362043],[-73.8711827,40.8362224],[-73.8713282,40.8362408],[-73.8714666,40.8362568],[-73.8716124,40.8362717],[-73.8717542,40.8362861],[-73.8718958,40.8362998],[-73.8720415,40.836313],[-73.8721842,40.8363251],[-73.872324,40.8363363],[-73.8724678,40.8363467],[-73.8726122,40.8363557],[-73.8727563,40.8363648],[-73.8730472,40.8363798],[-73.8733995,40.8364]]}},{"type":"Feature","properties":{"id":"lens-traffic-road-nyc-way/5699638","layer":"traffic_road","category":"transport","year":1976,"visible_year":2024,"rank":3,"name":"Cross Bronx Expressway Service Road","source_id":"way/5699638","source_url":"https://www.openstreetmap.org/way/5699638","license":"ODbL","transport_raw":0.241,"transport_count":1,"transport_activity":0.254,"representation":"major-road transport-event activity","timing_note":"Road color is a three-year transport-event activity surface on current OSM major road geometry, not measured traffic volume or congestion."},"geometry":{"type":"LineString","coordinates":[[-73.8764065,40.8361814],[-73.8763423,40.8361804],[-73.8762718,40.8361774],[-73.8762045,40.8361728],[-73.8759228,40.8361505],[-73.8752306,40.8360941]]}},{"type":"Feature","properties":{"id":"lens-traffic-road-nyc-way/933348052","layer":"traffic_road","category":"transport","year":1976,"visible_year":2025,"rank":3,"name":"East Tremont Avenue","source_id":"way/933348052","source_url":"https://www.openstreetmap.org/way/933348052","license":"ODbL","transport_raw":0.239,"transport_count":1,"transport_activity":0.252,"representation":"major-road transport-event activity","timing_note":"Road color is a three-year transport-event activity surface on current OSM major road geometry, not measured traffic volume or congestion."},"geometry":{"type":"LineString","coordinates":[[-73.8805762,40.8402112],[-73.8805342,40.8401911],[-73.8804912,40.840175],[-73.8804453,40.8401618],[-73.8804046,40.8401517],[-73.8803696,40.8401439],[-73.8803392,40.8401372]]}},{"type":"Feature","properties":{"id":"lens-traffic-road-nyc-way/1314540016","layer":"traffic_road","category":"transport","year":1976,"visible_year":2025,"rank":3,"name":"Morris Park Avenue","source_id":"way/1314540016","source_url":"https://www.openstreetmap.org/way/1314540016","license":"ODbL","transport_raw":0.23,"transport_count":1,"transport_activity":0.242,"representation":"major-road transport-event activity","timing_note":"Road color is a three-year transport-event activity surface on current OSM major road geometry, not measured traffic volume or congestion."},"geometry":{"type":"LineString","coordinates":[[-73.8668778,40.8450634],[-73.8668052,40.8450785],[-73.866661,40.8451085]]}},{"type":"Feature","properties":{"id":"lens-traffic-road-nyc-way/1001308367","layer":"traffic_road","category":"transport","year":1976,"visible_year":2025,"rank":5,"name":"Bronx River Parkway","source_id":"way/1001308367","source_url":"https://www.openstreetmap.org/way/1001308367","license":"ODbL","transport_raw":0.222,"transport_count":1,"transport_activity":0.234,"representation":"major-road transport-event activity","timing_note":"Road color is a three-year transport-event activity surface on current OSM major road geometry, not measured traffic volume or congestion."},"geometry":{"type":"LineString","coordinates":[[-73.8712031,40.8472688],[-73.8712018,40.8473788]]}},{"type":"Feature","properties":{"id":"lens-traffic-road-nyc-way/38796464","layer":"traffic_road","category":"transport","year":1976,"visible_year":2025,"rank":2,"name":"Rosedale Avenue","source_id":"way/38796464","source_url":"https://www.openstreetmap.org/way/38796464","license":"ODbL","transport_raw":0.222,"transport_count":1,"transport_activity":0.234,"representation":"major-road transport-event activity","timing_note":"Road color is a three-year transport-event activity surface on current OSM major road geometry, not measured traffic volume or congestion."},"geometry":{"type":"LineString","coordinates":[[-73.8699907,40.8358164],[-73.8700011,40.8361059]]}},{"type":"Feature","properties":{"id":"lens-traffic-road-nyc-way/46686890","layer":"traffic_road","category":"transport","year":1976,"visible_year":2025,"rank":3,"name":"Bronx River Avenue","source_id":"way/46686890","source_url":"https://www.openstreetmap.org/way/46686890","license":"ODbL","transport_raw":0.222,"transport_count":1,"transport_activity":0.234,"representation":"major-road transport-event activity","timing_note":"Road color is a three-year transport-event activity surface on current OSM major road geometry, not measured traffic volume or congestion."},"geometry":{"type":"LineString","coordinates":[[-73.8743453,40.8368126],[-73.8744521,40.8368079],[-73.8745561,40.8368022],[-73.8746568,40.8367952],[-73.874769,40.8367866],[-73.8748876,40.8367759],[-73.8749944,40.8367653],[-73.8751127,40.8367539],[-73.8752466,40.8367397],[-73.8753543,40.8367259],[-73.8754541,40.8367098],[-73.8755539,40.8366936],[-73.8756392,40.8366773],[-73.8757168,40.8366609],[-73.875784,40.8366453],[-73.8758448,40.8366294],[-73.8758977,40.8366127],[-73.8759603,40.8365901],[-73.8765168,40.8363755],[-73.8767887,40.8362588],[-73.8769079,40.8362047],[-73.8770251,40.8361498],[-73.8771432,40.8360936],[-73.8772581,40.8360386],[-73.877378,40.8359776],[-73.8774891,40.8359185],[-73.8776005,40.8358546],[-73.8777097,40.8357893],[-73.877818,40.8357224],[-73.8779237,40.8356542],[-73.8781091,40.8355242],[-73.8787082,40.8350822],[-73.8789342,40.8348739],[-73.8791755,40.8346139],[-73.8792501,40.8345206],[-73.8792668,40.8344304]]}},{"type":"Feature","properties":{"id":"lens-traffic-road-nyc-way/1314540015","layer":"traffic_road","category":"transport","year":1976,"visible_year":2025,"rank":3,"name":"White Plains Road","source_id":"way/1314540015","source_url":"https://www.openstreetmap.org/way/1314540015","license":"ODbL","transport_raw":0.217,"transport_count":1,"transport_activity":0.229,"representation":"major-road transport-event activity","timing_note":"Road color is a three-year transport-event activity surface on current OSM major road geometry, not measured traffic volume or congestion."},"geometry":{"type":"LineString","coordinates":[[-73.8653093,40.8429781],[-73.8653608,40.8431252],[-73.8653837,40.8431875]]}},{"type":"Feature","properties":{"id":"lens-traffic-road-nyc-way/1382313695","layer":"traffic_road","category":"transport","year":1976,"visible_year":2025,"rank":3,"name":"White Plains Road","source_id":"way/1382313695","source_url":"https://www.openstreetmap.org/way/1382313695","license":"ODbL","transport_raw":0.217,"transport_count":1,"transport_activity":0.229,"representation":"major-road transport-event activity","timing_note":"Road color is a three-year transport-event activity surface on current OSM major road geometry, not measured traffic volume or congestion."},"geometry":{"type":"LineString","coordinates":[[-73.8652728,40.8428754],[-73.8653093,40.8429781]]}},{"type":"Feature","properties":{"id":"lens-traffic-road-nyc-way/1382313696","layer":"traffic_road","category":"transport","year":1976,"visible_year":2025,"rank":3,"name":"White Plains Road","source_id":"way/1382313696","source_url":"https://www.openstreetmap.org/way/1382313696","license":"ODbL","transport_raw":0.217,"transport_count":1,"transport_activity":0.228,"representation":"major-road transport-event activity","timing_note":"Road color is a three-year transport-event activity surface on current OSM major road geometry, not measured traffic volume or congestion."},"geometry":{"type":"LineString","coordinates":[[-73.8653837,40.8431875],[-73.8654104,40.8432656],[-73.8654406,40.843346]]}},{"type":"Feature","properties":{"id":"lens-traffic-road-nyc-way/1382297081","layer":"traffic_road","category":"transport","year":1976,"visible_year":2025,"rank":3,"name":"White Plains Road","source_id":"way/1382297081","source_url":"https://www.openstreetmap.org/way/1382297081","license":"ODbL","transport_raw":0.216,"transport_count":1,"transport_activity":0.227,"representation":"major-road transport-event activity","timing_note":"Road color is a three-year transport-event activity surface on current OSM major road geometry, not measured traffic volume or congestion."},"geometry":{"type":"LineString","coordinates":[[-73.8651618,40.8425632],[-73.8652728,40.8428754]]}},{"type":"Feature","properties":{"id":"lens-traffic-road-nyc-way/1314748692","layer":"traffic_road","category":"transport","year":1976,"visible_year":2025,"rank":3,"name":"White Plains Road","source_id":"way/1314748692","source_url":"https://www.openstreetmap.org/way/1314748692","license":"ODbL","transport_raw":0.214,"transport_count":1,"transport_activity":0.225,"representation":"major-road transport-event activity","timing_note":"Road color is a three-year transport-event activity surface on current OSM major road geometry, not measured traffic volume or congestion."},"geometry":{"type":"LineString","coordinates":[[-73.8654406,40.843346],[-73.8655497,40.8436519],[-73.8655686,40.8437056],[-73.8655908,40.8437659]]}},{"type":"Feature","properties":{"id":"lens-traffic-road-nyc-way/98268407","layer":"traffic_road","category":"transport","year":1976,"visible_year":2025,"rank":3,"name":"White Plains Road","source_id":"way/98268407","source_url":"https://www.openstreetmap.org/way/98268407","license":"ODbL","transport_raw":0.213,"transport_count":1,"transport_activity":0.224,"representation":"major-road transport-event activity","timing_note":"Road color is a three-year transport-event activity surface on current OSM major road geometry, not measured traffic volume or congestion."},"geometry":{"type":"LineString","coordinates":[[-73.8650884,40.8423685],[-73.8651091,40.8424286],[-73.8651297,40.842479],[-73.8651618,40.8425632]]}},{"type":"Feature","properties":{"id":"lens-traffic-road-nyc-way/664054934","layer":"traffic_road","category":"transport","year":1976,"visible_year":2025,"rank":2,"name":"West Farms Road","source_id":"way/664054934","source_url":"https://www.openstreetmap.org/way/664054934","license":"ODbL","transport_raw":0.21,"transport_count":1,"transport_activity":0.222,"representation":"major-road transport-event activity","timing_note":"Road color is a three-year transport-event activity surface on current OSM major road geometry, not measured traffic volume or congestion."},"geometry":{"type":"LineString","coordinates":[[-73.8812494,40.8385226],[-73.8811974,40.8385741],[-73.8811405,40.8386306],[-73.880544,40.8391964],[-73.8805067,40.83924],[-73.8804806,40.8392792],[-73.880456,40.8393311],[-73.8804359,40.839383],[-73.8802486,40.839928],[-73.8802422,40.8399538],[-73.8802373,40.8399793],[-73.8802358,40.8400003],[-73.8802403,40.8400218],[-73.8802515,40.840041],[-73.8802673,40.8400619],[-73.8803392,40.8401372]]}},{"type":"Feature","properties":{"id":"lens-traffic-road-nyc-way/1370081753","layer":"traffic_road","category":"transport","year":1976,"visible_year":2025,"rank":3,"name":"Boston Road","source_id":"way/1370081753","source_url":"https://www.openstreetmap.org/way/1370081753","license":"ODbL","transport_raw":0.209,"transport_count":1,"transport_activity":0.221,"representation":"major-road transport-event activity","timing_note":"Road color is a three-year transport-event activity surface on current OSM major road geometry, not measured traffic volume or congestion."},"geometry":{"type":"LineString","coordinates":[[-73.881185,40.8398043],[-73.8810572,40.8398518],[-73.8809355,40.8398975],[-73.8806921,40.8399938],[-73.8805526,40.8400486],[-73.8804475,40.8400904],[-73.8803884,40.8401152],[-73.8803392,40.8401372]]}},{"type":"Feature","properties":{"id":"lens-traffic-road-nyc-way/1127397946","layer":"traffic_road","category":"transport","year":1976,"visible_year":2025,"rank":3,"name":"White Plains Road","source_id":"way/1127397946","source_url":"https://www.openstreetmap.org/way/1127397946","license":"ODbL","transport_raw":0.207,"transport_count":1,"transport_activity":0.218,"representation":"major-road transport-event activity","timing_note":"Road color is a three-year transport-event activity surface on current OSM major road geometry, not measured traffic volume or congestion."},"geometry":{"type":"LineString","coordinates":[[-73.8650884,40.8423685],[-73.8649496,40.8420494]]}},{"type":"Feature","properties":{"id":"lens-traffic-road-nyc-way/1314748691","layer":"traffic_road","category":"transport","year":1976,"visible_year":2025,"rank":3,"name":"White Plains Road","source_id":"way/1314748691","source_url":"https://www.openstreetmap.org/way/1314748691","license":"ODbL","transport_raw":0.206,"transport_count":1,"transport_activity":0.217,"representation":"major-road transport-event activity","timing_note":"Road color is a three-year transport-event activity surface on current OSM major road geometry, not measured traffic volume or congestion."},"geometry":{"type":"LineString","coordinates":[[-73.8655908,40.8437659],[-73.8656203,40.8438474],[-73.8656294,40.8438709],[-73.8659451,40.8447483]]}},{"type":"Feature","properties":{"id":"lens-traffic-road-nyc-way/1414554954","layer":"traffic_road","category":"transport","year":1976,"visible_year":2025,"rank":2,"name":"Unionport Road","source_id":"way/1414554954","source_url":"https://www.openstreetmap.org/way/1414554954","license":"ODbL","transport_raw":0.202,"transport_count":1,"transport_activity":0.213,"representation":"major-road transport-event activity","timing_note":"Road color is a three-year transport-event activity surface on current OSM major road geometry, not measured traffic volume or congestion."},"geometry":{"type":"LineString","coordinates":[[-73.8648932,40.842259],[-73.8650884,40.8423685]]}},{"type":"Feature","properties":{"id":"lens-traffic-road-nyc-way/46688422","layer":"traffic_road","category":"transport","year":1976,"visible_year":2024,"rank":3,"name":"Cross Bronx Expressway Service Road","source_id":"way/46688422","source_url":"https://www.openstreetmap.org/way/46688422","license":"ODbL","transport_raw":0.201,"transport_count":1,"transport_activity":0.212,"representation":"major-road transport-event activity","timing_note":"Road color is a three-year transport-event activity surface on current OSM major road geometry, not measured traffic volume or congestion."},"geometry":{"type":"LineString","coordinates":[[-73.8708414,40.8357447],[-73.8704962,40.835713],[-73.870168,40.8356828],[-73.8701054,40.8356771],[-73.869995,40.835667]]}},{"type":"Feature","properties":{"id":"lens-traffic-road-nyc-way/46670726","layer":"traffic_road","category":"transport","year":1976,"visible_year":2024,"rank":5,"name":"Cross Bronx Expressway","source_id":"way/46670726","source_url":"https://www.openstreetmap.org/way/46670726","license":"ODbL","transport_raw":0.197,"transport_count":1,"transport_activity":0.208,"representation":"major-road transport-event activity","timing_note":"Road color is a three-year transport-event activity surface on current OSM major road geometry, not measured traffic volume or congestion."},"geometry":{"type":"LineString","coordinates":[[-73.8759431,40.8365417],[-73.8761196,40.8365526],[-73.8762786,40.8365627],[-73.876417,40.8365725],[-73.8765641,40.836584],[-73.8767073,40.8365973],[-73.8768548,40.8366122],[-73.8769988,40.8366283],[-73.8771445,40.8366453],[-73.8772889,40.8366638],[-73.8774312,40.8366831],[-73.8775751,40.8367045],[-73.8777154,40.8367278],[-73.8778555,40.8367522],[-73.8779996,40.8367794],[-73.8781402,40.8368085],[-73.8782754,40.8368377],[-73.8784144,40.8368695],[-73.8785577,40.8369021],[-73.8786952,40.8369346],[-73.8788361,40.836968],[-73.8789745,40.8370033],[-73.8791132,40.837041],[-73.8792482,40.8370781],[-73.879383,40.8371183],[-73.8795179,40.8371596],[-73.8796543,40.8372034],[-73.8797879,40.8372473],[-73.8799251,40.8372947],[-73.8800523,40.8373394],[-73.8801801,40.837388],[-73.8803132,40.8374386],[-73.8804421,40.8374889],[-73.8805705,40.8375411],[-73.8806745,40.8375848],[-73.8807793,40.8376292]]}},{"type":"Feature","properties":{"id":"lens-traffic-road-nyc-way/586133537","layer":"traffic_road","category":"transport","year":1976,"visible_year":2025,"rank":3,"name":"White Plains Road","source_id":"way/586133537","source_url":"https://www.openstreetmap.org/way/586133537","license":"ODbL","transport_raw":0.197,"transport_count":1,"transport_activity":0.208,"representation":"major-road transport-event activity","timing_note":"Road color is a three-year transport-event activity surface on current OSM major road geometry, not measured traffic volume or congestion."},"geometry":{"type":"LineString","coordinates":[[-73.8649496,40.8420494],[-73.8648167,40.8417573]]}},{"type":"Feature","properties":{"id":"lens-traffic-road-nyc-way/845407512","layer":"traffic_road","category":"transport","year":1976,"visible_year":2025,"rank":3,"name":"East 180th Street","source_id":"way/845407512","source_url":"https://www.openstreetmap.org/way/845407512","license":"ODbL","transport_raw":0.195,"transport_count":1,"transport_activity":0.206,"representation":"major-road transport-event activity","timing_note":"Road color is a three-year transport-event activity surface on current OSM major road geometry, not measured traffic volume or congestion."},"geometry":{"type":"LineString","coordinates":[[-73.8811279,40.8442854],[-73.8810107,40.8442179],[-73.8805411,40.843954],[-73.880461,40.843909],[-73.8803846,40.8438657],[-73.879842,40.843558],[-73.879809,40.8435396]]}},{"type":"Feature","properties":{"id":"lens-traffic-road-nyc-way/224074988","layer":"traffic_road","category":"transport","year":1976,"visible_year":2025,"rank":2,"name":"Rosedale Avenue","source_id":"way/224074988","source_url":"https://www.openstreetmap.org/way/224074988","license":"ODbL","transport_raw":0.194,"transport_count":1,"transport_activity":0.204,"representation":"major-road transport-event activity","timing_note":"Road color is a three-year transport-event activity surface on current OSM major road geometry, not measured traffic volume or congestion."},"geometry":{"type":"LineString","coordinates":[[-73.869995,40.835667],[-73.8699919,40.8356924],[-73.8699896,40.8357163],[-73.8699889,40.8357457],[-73.8699907,40.8358164]]}},{"type":"Feature","properties":{"id":"lens-traffic-road-nyc-way/1314540014","layer":"traffic_road","category":"transport","year":1976,"visible_year":2024,"rank":3,"name":"Morris Park Avenue","source_id":"way/1314540014","source_url":"https://www.openstreetmap.org/way/1314540014","license":"ODbL","transport_raw":0.188,"transport_count":1,"transport_activity":0.198,"representation":"major-road transport-event activity","timing_note":"Road color is a three-year transport-event activity surface on current OSM major road geometry, not measured traffic volume or congestion."},"geometry":{"type":"LineString","coordinates":[[-73.866661,40.8451085],[-73.866339,40.8451755],[-73.8662588,40.8451917],[-73.8661173,40.8452216]]}},{"type":"Feature","properties":{"id":"lens-traffic-road-nyc-way/558907273","layer":"traffic_road","category":"transport","year":1976,"visible_year":2025,"rank":3,"name":"East Tremont Avenue","source_id":"way/558907273","source_url":"https://www.openstreetmap.org/way/558907273","license":"ODbL","transport_raw":0.187,"transport_count":1,"transport_activity":0.197,"representation":"major-road transport-event activity","timing_note":"Road color is a three-year transport-event activity surface on current OSM major road geometry, not measured traffic volume or congestion."},"geometry":{"type":"LineString","coordinates":[[-73.8815083,40.840669],[-73.8814441,40.8406373],[-73.880705,40.8402726],[-73.8805762,40.8402112]]}},{"type":"Feature","properties":{"id":"lens-traffic-road-nyc-way/98268410","layer":"traffic_road","category":"transport","year":1976,"visible_year":2025,"rank":2,"name":"Unionport Road","source_id":"way/98268410","source_url":"https://www.openstreetmap.org/way/98268410","license":"ODbL","transport_raw":0.186,"transport_count":1,"transport_activity":0.196,"representation":"major-road transport-event activity","timing_note":"Road color is a three-year transport-event activity surface on current OSM major road geometry, not measured traffic volume or congestion."},"geometry":{"type":"LineString","coordinates":[[-73.8649496,40.8420494],[-73.8648214,40.8420632],[-73.8648062,40.8420625],[-73.8645729,40.8419932]]}},{"type":"Feature","properties":{"id":"lens-traffic-road-nyc-way/548527100","layer":"traffic_road","category":"transport","year":1976,"visible_year":2025,"rank":2,"name":"Unionport Road","source_id":"way/548527100","source_url":"https://www.openstreetmap.org/way/548527100","license":"ODbL","transport_raw":0.181,"transport_count":1,"transport_activity":0.191,"representation":"major-road transport-event activity","timing_note":"Road color is a three-year transport-event activity surface on current OSM major road geometry, not measured traffic volume or congestion."},"geometry":{"type":"LineString","coordinates":[[-73.8645729,40.8419932],[-73.8647766,40.8421842],[-73.8648932,40.842259]]}},{"type":"Feature","properties":{"id":"lens-traffic-road-nyc-way/98268402","layer":"traffic_road","category":"transport","year":1976,"visible_year":2025,"rank":3,"name":"White Plains Road","source_id":"way/98268402","source_url":"https://www.openstreetmap.org/way/98268402","license":"ODbL","transport_raw":0.179,"transport_count":1,"transport_activity":0.189,"representation":"major-road transport-event activity","timing_note":"Road color is a three-year transport-event activity surface on current OSM major road geometry, not measured traffic volume or congestion."},"geometry":{"type":"LineString","coordinates":[[-73.864555,40.8412603],[-73.8648167,40.8417573]]}},{"type":"Feature","properties":{"id":"lens-traffic-road-nyc-way/1377973512","layer":"traffic_road","category":"transport","year":1976,"visible_year":2025,"rank":3,"name":"East Tremont Avenue","source_id":"way/1377973512","source_url":"https://www.openstreetmap.org/way/1377973512","license":"ODbL","transport_raw":0.179,"transport_count":1,"transport_activity":0.188,"representation":"major-road transport-event activity","timing_note":"Road color is a three-year transport-event activity surface on current OSM major road geometry, not measured traffic volume or congestion."},"geometry":{"type":"LineString","coordinates":[[-73.8650313,40.8409571],[-73.864604,40.8410559],[-73.864465,40.841088]]}},{"type":"Feature","properties":{"id":"lens-traffic-road-nyc-way/1314540019","layer":"traffic_road","category":"transport","year":1976,"visible_year":2025,"rank":3,"name":"White Plains Road","source_id":"way/1314540019","source_url":"https://www.openstreetmap.org/way/1314540019","license":"ODbL","transport_raw":0.174,"transport_count":1,"transport_activity":0.184,"representation":"major-road transport-event activity","timing_note":"Road color is a three-year transport-event activity surface on current OSM major road geometry, not measured traffic volume or congestion."},"geometry":{"type":"LineString","coordinates":[[-73.8659451,40.8447483],[-73.8660597,40.8450633],[-73.8660819,40.8451244],[-73.8661173,40.8452216]]}},{"type":"Feature","properties":{"id":"lens-traffic-road-nyc-way/11562276","layer":"traffic_road","category":"transport","year":1976,"visible_year":2025,"rank":4,"name":"Sheridan Boulevard","source_id":"way/11562276","source_url":"https://www.openstreetmap.org/way/11562276","license":"ODbL","transport_raw":0.171,"transport_count":1,"transport_activity":0.18,"representation":"major-road transport-event activity","timing_note":"Road color is a three-year transport-event activity surface on current OSM major road geometry, not measured traffic volume or congestion."},"geometry":{"type":"LineString","coordinates":[[-73.8803876,40.8379646],[-73.8803579,40.8380063],[-73.8803356,40.8380359],[-73.8803126,40.8380643],[-73.8802883,40.8380919],[-73.8802632,40.8381202],[-73.880234,40.8381506],[-73.8802052,40.8381789],[-73.880177,40.8382051],[-73.8801369,40.8382423],[-73.8800968,40.8382757],[-73.8800555,40.8383083],[-73.8800103,40.8383429],[-73.8799657,40.8383748],[-73.8799157,40.8384096],[-73.8798722,40.8384368],[-73.8798226,40.8384664]]}},{"type":"Feature","properties":{"id":"lens-traffic-road-nyc-way/1418895044","layer":"traffic_road","category":"transport","year":1976,"visible_year":2025,"rank":3,"name":"White Plains Road","source_id":"way/1418895044","source_url":"https://www.openstreetmap.org/way/1418895044","license":"ODbL","transport_raw":0.163,"transport_count":1,"transport_activity":0.172,"representation":"major-road transport-event activity","timing_note":"Road color is a three-year transport-event activity surface on current OSM major road geometry, not measured traffic volume or congestion."},"geometry":{"type":"LineString","coordinates":[[-73.8661173,40.8452216],[-73.8661571,40.8453374]]}},{"type":"Feature","properties":{"id":"lens-traffic-road-nyc-way/1321593139","layer":"traffic_road","category":"transport","year":1976,"visible_year":2025,"rank":3,"name":"White Plains Road","source_id":"way/1321593139","source_url":"https://www.openstreetmap.org/way/1321593139","license":"ODbL","transport_raw":0.162,"transport_count":1,"transport_activity":0.17,"representation":"major-road transport-event activity","timing_note":"Road color is a three-year transport-event activity surface on current OSM major road geometry, not measured traffic volume or congestion."},"geometry":{"type":"LineString","coordinates":[[-73.864465,40.841088],[-73.8645298,40.8412042],[-73.864555,40.8412603]]}},{"type":"Feature","properties":{"id":"lens-traffic-road-nyc-way/664054944","layer":"traffic_road","category":"transport","year":1976,"visible_year":2024,"rank":5,"name":"Cross Bronx Expressway","source_id":"way/664054944","source_url":"https://www.openstreetmap.org/way/664054944","license":"ODbL","transport_raw":0.158,"transport_count":1,"transport_activity":0.167,"representation":"major-road transport-event activity","timing_note":"Road color is a three-year transport-event activity surface on current OSM major road geometry, not measured traffic volume or congestion."},"geometry":{"type":"LineString","coordinates":[[-73.880856,40.8375306],[-73.8807642,40.8374923],[-73.8806584,40.8374488],[-73.8805509,40.8374059],[-73.8804256,40.837356],[-73.8802965,40.8373073],[-73.8801688,40.8372592],[-73.8800392,40.8372119],[-73.8799092,40.8371662],[-73.8797779,40.8371214],[-73.8796458,40.8370781],[-73.8795152,40.8370369],[-73.8793844,40.8369974],[-73.8792479,40.8369574],[-73.8791134,40.8369195],[-73.8789786,40.8368836],[-73.8788439,40.836848],[-73.8787057,40.8368144],[-73.8785713,40.8367827],[-73.878431,40.8367508],[-73.8782937,40.8367208],[-73.8781511,40.8366917],[-73.8780131,40.8366653],[-73.8778737,40.8366399],[-73.8777307,40.8366159],[-73.8775905,40.8365932],[-73.877451,40.8365722],[-73.8773107,40.8365524],[-73.8771685,40.8365335],[-73.8770285,40.8365162]]}},{"type":"Feature","properties":{"id":"lens-traffic-road-nyc-way/552546273","layer":"traffic_road","category":"transport","year":1976,"visible_year":2025,"rank":2,"name":"Unionport Road","source_id":"way/552546273","source_url":"https://www.openstreetmap.org/way/552546273","license":"ODbL","transport_raw":0.157,"transport_count":1,"transport_activity":0.165,"representation":"major-road transport-event activity","timing_note":"Road color is a three-year transport-event activity surface on current OSM major road geometry, not measured traffic volume or congestion."},"geometry":{"type":"LineString","coordinates":[[-73.8643772,40.8418585],[-73.8645729,40.8419932]]}},{"type":"Feature","properties":{"id":"lens-traffic-road-nyc-way/1314540020","layer":"traffic_road","category":"transport","year":1976,"visible_year":2025,"rank":3,"name":"White Plains Road","source_id":"way/1314540020","source_url":"https://www.openstreetmap.org/way/1314540020","license":"ODbL","transport_raw":0.155,"transport_count":1,"transport_activity":0.163,"representation":"major-road transport-event activity","timing_note":"Road color is a three-year transport-event activity surface on current OSM major road geometry, not measured traffic volume or congestion."},"geometry":{"type":"LineString","coordinates":[[-73.8661571,40.8453374],[-73.8661714,40.8453723],[-73.8662729,40.8456547]]}},{"type":"Feature","properties":{"id":"lens-traffic-road-nyc-way/1377971523","layer":"traffic_road","category":"transport","year":1976,"visible_year":2025,"rank":3,"name":"White Plains Road","source_id":"way/1377971523","source_url":"https://www.openstreetmap.org/way/1377971523","license":"ODbL","transport_raw":0.147,"transport_count":1,"transport_activity":0.155,"representation":"major-road transport-event activity","timing_note":"Road color is a three-year transport-event activity surface on current OSM major road geometry, not measured traffic volume or congestion."},"geometry":{"type":"LineString","coordinates":[[-73.864292,40.840755],[-73.8644123,40.8409812],[-73.864465,40.841088]]}},{"type":"Feature","properties":{"id":"lens-traffic-road-nyc-way/1314540017","layer":"traffic_road","category":"transport","year":1976,"visible_year":2024,"rank":3,"name":"Morris Park Avenue","source_id":"way/1314540017","source_url":"https://www.openstreetmap.org/way/1314540017","license":"ODbL","transport_raw":0.146,"transport_count":1,"transport_activity":0.154,"representation":"major-road transport-event activity","timing_note":"Road color is a three-year transport-event activity surface on current OSM major road geometry, not measured traffic volume or congestion."},"geometry":{"type":"LineString","coordinates":[[-73.8661173,40.8452216],[-73.8659807,40.8452499],[-73.8659048,40.8452657],[-73.8656327,40.8453223]]}},{"type":"Feature","properties":{"id":"lens-traffic-road-nyc-way/224074990","layer":"traffic_road","category":"transport","year":1976,"visible_year":2025,"rank":2,"name":"Rosedale Avenue","source_id":"way/224074990","source_url":"https://www.openstreetmap.org/way/224074990","license":"ODbL","transport_raw":0.143,"transport_count":1,"transport_activity":0.151,"representation":"major-road transport-event activity","timing_note":"Road color is a three-year transport-event activity surface on current OSM major road geometry, not measured traffic volume or congestion."},"geometry":{"type":"LineString","coordinates":[[-73.8699477,40.8347829],[-73.8699686,40.8348639],[-73.8699754,40.8349115],[-73.8699791,40.834958],[-73.8699941,40.8354329],[-73.8699953,40.8354725],[-73.8699974,40.8355379],[-73.8699981,40.8355949],[-73.8699981,40.8356205],[-73.8699971,40.8356433],[-73.869995,40.835667]]}},{"type":"Feature","properties":{"id":"lens-traffic-road-nyc-way/932507914","layer":"traffic_road","category":"transport","year":1976,"visible_year":2025,"rank":3,"name":"Bronx River Avenue","source_id":"way/932507914","source_url":"https://www.openstreetmap.org/way/932507914","license":"ODbL","transport_raw":0.142,"transport_count":1,"transport_activity":0.149,"representation":"major-road transport-event activity","timing_note":"Road color is a three-year transport-event activity surface on current OSM major road geometry, not measured traffic volume or congestion."},"geometry":{"type":"LineString","coordinates":[[-73.8792668,40.8344304],[-73.8791364,40.8344853],[-73.8789501,40.8346983],[-73.8788846,40.8347605],[-73.8783312,40.8352321],[-73.8780212,40.835439],[-73.8774412,40.8358245],[-73.8771226,40.8360006],[-73.8770573,40.8360323],[-73.8769949,40.8360601],[-73.8769376,40.8360838],[-73.8768876,40.836101],[-73.8768366,40.8361185],[-73.8767908,40.8361323],[-73.876743,40.8361447],[-73.8766992,40.8361556],[-73.8766517,40.8361648],[-73.8766087,40.8361715],[-73.876566,40.8361759],[-73.8765231,40.8361789],[-73.8764833,40.8361805],[-73.8764476,40.8361814],[-73.8764065,40.8361814]]}},{"type":"Feature","properties":{"id":"lens-traffic-road-nyc-way/45545195","layer":"traffic_road","category":"transport","year":1976,"visible_year":2024,"rank":5,"name":"Cross Bronx Expressway","source_id":"way/45545195","source_url":"https://www.openstreetmap.org/way/45545195","license":"ODbL","transport_raw":0.138,"transport_count":1,"transport_activity":0.145,"representation":"major-road transport-event activity","timing_note":"Road color is a three-year transport-event activity surface on current OSM major road geometry, not measured traffic volume or congestion."},"geometry":{"type":"LineString","coordinates":[[-73.8697187,40.8358447],[-73.8695797,40.8358156],[-73.869441,40.8357858],[-73.8693033,40.835754],[-73.8691636,40.8357208],[-73.8690273,40.8356883],[-73.8688916,40.8356545],[-73.8687509,40.8356183],[-73.8686176,40.8355833],[-73.8684802,40.8355465],[-73.8683456,40.835509],[-73.8682097,40.8354691],[-73.8679466,40.8353911]]}},{"type":"Feature","properties":{"id":"lens-traffic-road-nyc-way/45603466","layer":"traffic_road","category":"transport","year":1976,"visible_year":2025,"rank":5,"name":"Bronx River Parkway","source_id":"way/45603466","source_url":"https://www.openstreetmap.org/way/45603466","license":"ODbL","transport_raw":0.132,"transport_count":1,"transport_activity":0.139,"representation":"major-road transport-event activity","timing_note":"Road color is a three-year transport-event activity surface on current OSM major road geometry, not measured traffic volume or congestion."},"geometry":{"type":"LineString","coordinates":[[-73.8712018,40.8473788],[-73.8711967,40.8480061],[-73.8711903,40.8487156]]}},{"type":"Feature","properties":{"id":"lens-traffic-road-nyc-way/988592849","layer":"traffic_road","category":"transport","year":1976,"visible_year":2025,"rank":3,"name":"East Tremont Avenue","source_id":"way/988592849","source_url":"https://www.openstreetmap.org/way/988592849","license":"ODbL","transport_raw":0.132,"transport_count":1,"transport_activity":0.139,"representation":"major-road transport-event activity","timing_note":"Road color is a three-year transport-event activity surface on current OSM major road geometry, not measured traffic volume or congestion."},"geometry":{"type":"LineString","coordinates":[[-73.8637781,40.8413122],[-73.8642932,40.8411923],[-73.8643421,40.8411618],[-73.864465,40.841088]]}},{"type":"Feature","properties":{"id":"lens-traffic-road-nyc-way/224074989","layer":"traffic_road","category":"transport","year":1976,"visible_year":2024,"rank":3,"name":"Cross Bronx Expressway Service Road","source_id":"way/224074989","source_url":"https://www.openstreetmap.org/way/224074989","license":"ODbL","transport_raw":0.128,"transport_count":1,"transport_activity":0.135,"representation":"major-road transport-event activity","timing_note":"Road color is a three-year transport-event activity surface on current OSM major road geometry, not measured traffic volume or congestion."},"geometry":{"type":"LineString","coordinates":[[-73.8660147,40.8352187],[-73.8661991,40.8352737],[-73.866885,40.8354783],[-73.8681569,40.8358576],[-73.868285,40.8358945],[-73.8684238,40.8359337],[-73.8689699,40.8360821],[-73.8690762,40.836111],[-73.8692156,40.8361457],[-73.8693667,40.836181],[-73.8697772,40.836272]]}},{"type":"Feature","properties":{"id":"lens-traffic-road-nyc-way/46688417","layer":"traffic_road","category":"transport","year":1976,"visible_year":2024,"rank":3,"name":"Harrod Avenue","source_id":"way/46688417","source_url":"https://www.openstreetmap.org/way/46688417","license":"ODbL","transport_raw":0.126,"transport_count":1,"transport_activity":0.133,"representation":"major-road transport-event activity","timing_note":"Road color is a three-year transport-event activity surface on current OSM major road geometry, not measured traffic volume or congestion."},"geometry":{"type":"LineString","coordinates":[[-73.8752306,40.8360941],[-73.8752157,40.8360298],[-73.8752054,40.8359858],[-73.8751622,40.8357998],[-73.8751302,40.8356622],[-73.8750044,40.8351209],[-73.874879,40.8345811],[-73.8748042,40.8342594],[-73.8747967,40.8342272],[-73.8747897,40.8342012],[-73.8747804,40.8341768],[-73.8747685,40.834153],[-73.8747577,40.8341339]]}},{"type":"Feature","properties":{"id":"lens-traffic-road-nyc-way/1380598584","layer":"traffic_road","category":"transport","year":1976,"visible_year":2025,"rank":3,"name":"White Plains Road","source_id":"way/1380598584","source_url":"https://www.openstreetmap.org/way/1380598584","license":"ODbL","transport_raw":0.12,"transport_count":1,"transport_activity":0.127,"representation":"major-road transport-event activity","timing_note":"Road color is a three-year transport-event activity surface on current OSM major road geometry, not measured traffic volume or congestion."},"geometry":{"type":"LineString","coordinates":[[-73.8640641,40.8403264],[-73.864292,40.840755]]}},{"type":"Feature","properties":{"id":"lens-traffic-road-nyc-way/98268396","layer":"traffic_road","category":"transport","year":1976,"visible_year":2025,"rank":2,"name":"Unionport Road","source_id":"way/98268396","source_url":"https://www.openstreetmap.org/way/98268396","license":"ODbL","transport_raw":0.118,"transport_count":1,"transport_activity":0.125,"representation":"major-road transport-event activity","timing_note":"Road color is a three-year transport-event activity surface on current OSM major road geometry, not measured traffic volume or congestion."},"geometry":{"type":"LineString","coordinates":[[-73.8637623,40.84143],[-73.8643772,40.8418585]]}},{"type":"Feature","properties":{"id":"lens-traffic-road-nyc-way/689762032","layer":"traffic_road","category":"transport","year":1976,"visible_year":2025,"rank":3,"name":"East Tremont Avenue","source_id":"way/689762032","source_url":"https://www.openstreetmap.org/way/689762032","license":"ODbL","transport_raw":0.114,"transport_count":1,"transport_activity":0.12,"representation":"major-road transport-event activity","timing_note":"Road color is a three-year transport-event activity surface on current OSM major road geometry, not measured traffic volume or congestion."},"geometry":{"type":"LineString","coordinates":[[-73.864465,40.841088],[-73.8643048,40.8410884],[-73.8642436,40.8410898],[-73.8636756,40.8412089],[-73.8635135,40.841245]]}},{"type":"Feature","properties":{"id":"lens-traffic-road-nyc-way/771962496","layer":"traffic_road","category":"transport","year":1976,"visible_year":2025,"rank":3,"name":"White Plains Road","source_id":"way/771962496","source_url":"https://www.openstreetmap.org/way/771962496","license":"ODbL","transport_raw":0.101,"transport_count":1,"transport_activity":0.107,"representation":"major-road transport-event activity","timing_note":"Road color is a three-year transport-event activity surface on current OSM major road geometry, not measured traffic volume or congestion."},"geometry":{"type":"LineString","coordinates":[[-73.8662729,40.8456547],[-73.8665448,40.8464119],[-73.8667649,40.8470246]]}},{"type":"Feature","properties":{"id":"lens-traffic-road-nyc-way/1314540018","layer":"traffic_road","category":"transport","year":1976,"visible_year":2024,"rank":3,"name":"Morris Park Avenue","source_id":"way/1314540018","source_url":"https://www.openstreetmap.org/way/1314540018","license":"ODbL","transport_raw":0.094,"transport_count":1,"transport_activity":0.099,"representation":"major-road transport-event activity","timing_note":"Road color is a three-year transport-event activity surface on current OSM major road geometry, not measured traffic volume or congestion."},"geometry":{"type":"LineString","coordinates":[[-73.8656327,40.8453223],[-73.8652849,40.8453946],[-73.8651941,40.8454135]]}},{"type":"Feature","properties":{"id":"lens-traffic-road-nyc-way/1418568960","layer":"traffic_road","category":"transport","year":1976,"visible_year":2025,"rank":3,"name":"East Tremont Avenue","source_id":"way/1418568960","source_url":"https://www.openstreetmap.org/way/1418568960","license":"ODbL","transport_raw":0.087,"transport_count":1,"transport_activity":0.092,"representation":"major-road transport-event activity","timing_note":"Road color is a three-year transport-event activity surface on current OSM major road geometry, not measured traffic volume or congestion."},"geometry":{"type":"LineString","coordinates":[[-73.8827975,40.8413059],[-73.8827222,40.841269],[-73.8816033,40.840716],[-73.8815083,40.840669]]}},{"type":"Feature","properties":{"id":"lens-traffic-road-nyc-way/221300967","layer":"traffic_road","category":"transport","year":1976,"visible_year":2025,"rank":3,"name":"East 174th Street","source_id":"way/221300967","source_url":"https://www.openstreetmap.org/way/221300967","license":"ODbL","transport_raw":0.085,"transport_count":1,"transport_activity":0.09,"representation":"major-road transport-event activity","timing_note":"Road color is a three-year transport-event activity surface on current OSM major road geometry, not measured traffic volume or congestion."},"geometry":{"type":"LineString","coordinates":[[-73.8699477,40.8347829],[-73.8700653,40.8347735],[-73.8709054,40.8346582],[-73.8717399,40.8345362],[-73.871826,40.834525],[-73.871912,40.8345135],[-73.8726563,40.8344135],[-73.872749,40.834401],[-73.8728366,40.8343893],[-73.8735158,40.834299],[-73.8736345,40.8342833]]}},{"type":"Feature","properties":{"id":"lens-traffic-road-nyc-way/552545685","layer":"traffic_road","category":"transport","year":1976,"visible_year":2025,"rank":2,"name":"Unionport Road","source_id":"way/552545685","source_url":"https://www.openstreetmap.org/way/552545685","license":"ODbL","transport_raw":0.082,"transport_count":1,"transport_activity":0.087,"representation":"major-road transport-event activity","timing_note":"Road color is a three-year transport-event activity surface on current OSM major road geometry, not measured traffic volume or congestion."},"geometry":{"type":"LineString","coordinates":[[-73.8637623,40.84143],[-73.8637188,40.8413967],[-73.8636464,40.8413434]]}},{"type":"Feature","properties":{"id":"lens-traffic-road-nyc-way/988592847","layer":"traffic_road","category":"transport","year":1976,"visible_year":2025,"rank":3,"name":"East Tremont Avenue","source_id":"way/988592847","source_url":"https://www.openstreetmap.org/way/988592847","license":"ODbL","transport_raw":0.082,"transport_count":1,"transport_activity":0.087,"representation":"major-road transport-event activity","timing_note":"Road color is a three-year transport-event activity surface on current OSM major road geometry, not measured traffic volume or congestion."},"geometry":{"type":"LineString","coordinates":[[-73.8636464,40.8413434],[-73.863704,40.8413297],[-73.8637781,40.8413122]]}},{"type":"Feature","properties":{"id":"lens-traffic-road-nyc-way/1295529943","layer":"traffic_road","category":"transport","year":1976,"visible_year":2025,"rank":4,"name":"Sheridan Boulevard","source_id":"way/1295529943","source_url":"https://www.openstreetmap.org/way/1295529943","license":"ODbL","transport_raw":0.082,"transport_count":1,"transport_activity":0.086,"representation":"major-road transport-event activity","timing_note":"Road color is a three-year transport-event activity surface on current OSM major road geometry, not measured traffic volume or congestion."},"geometry":{"type":"LineString","coordinates":[[-73.8809383,40.8371617],[-73.8803876,40.8379646]]}},{"type":"Feature","properties":{"id":"lens-traffic-road-nyc-way/1305842683","layer":"traffic_road","category":"transport","year":1976,"visible_year":2025,"rank":3,"name":"East 180th Street","source_id":"way/1305842683","source_url":"https://www.openstreetmap.org/way/1305842683","license":"ODbL","transport_raw":0.073,"transport_count":1,"transport_activity":0.077,"representation":"major-road transport-event activity","timing_note":"Road color is a three-year transport-event activity surface on current OSM major road geometry, not measured traffic volume or congestion."},"geometry":{"type":"LineString","coordinates":[[-73.8816657,40.8445889],[-73.8815987,40.8445511],[-73.8811279,40.8442854]]}},{"type":"Feature","properties":{"id":"lens-traffic-road-nyc-way/1420694966","layer":"traffic_road","category":"transport","year":1976,"visible_year":2025,"rank":5,"name":"Cross Bronx Expressway","source_id":"way/1420694966","source_url":"https://www.openstreetmap.org/way/1420694966","license":"ODbL","transport_raw":0.071,"transport_count":1,"transport_activity":0.075,"representation":"major-road transport-event activity","timing_note":"Road color is a three-year transport-event activity surface on current OSM major road geometry, not measured traffic volume or congestion."},"geometry":{"type":"LineString","coordinates":[[-73.8807793,40.8376292],[-73.8809209,40.8376913],[-73.8810042,40.8377327]]}},{"type":"Feature","properties":{"id":"lens-traffic-road-nyc-way/1418566997","layer":"traffic_road","category":"transport","year":1976,"visible_year":2025,"rank":2,"name":"West Farms Road","source_id":"way/1418566997","source_url":"https://www.openstreetmap.org/way/1418566997","license":"ODbL","transport_raw":0.07,"transport_count":1,"transport_activity":0.074,"representation":"major-road transport-event activity","timing_note":"Road color is a three-year transport-event activity surface on current OSM major road geometry, not measured traffic volume or congestion."},"geometry":{"type":"LineString","coordinates":[[-73.8815497,40.8381031],[-73.8815146,40.838152],[-73.8814505,40.8382344],[-73.881389,40.8383084],[-73.8813262,40.8383819],[-73.8812953,40.8384262],[-73.8812722,40.8384727],[-73.8812494,40.8385226]]}},{"type":"Feature","properties":{"id":"lens-traffic-road-nyc-way/988592845","layer":"traffic_road","category":"transport","year":1976,"visible_year":2025,"rank":2,"name":"Unionport Road","source_id":"way/988592845","source_url":"https://www.openstreetmap.org/way/988592845","license":"ODbL","transport_raw":0.069,"transport_count":1,"transport_activity":0.073,"representation":"major-road transport-event activity","timing_note":"Road color is a three-year transport-event activity surface on current OSM major road geometry, not measured traffic volume or congestion."},"geometry":{"type":"LineString","coordinates":[[-73.8636464,40.8413434],[-73.8635135,40.841245]]}},{"type":"Feature","properties":{"id":"lens-traffic-road-nyc-way/732734742","layer":"traffic_road","category":"transport","year":1976,"visible_year":2025,"rank":3,"name":"East Tremont Avenue","source_id":"way/732734742","source_url":"https://www.openstreetmap.org/way/732734742","license":"ODbL","transport_raw":0.068,"transport_count":1,"transport_activity":0.072,"representation":"major-road transport-event activity","timing_note":"Road color is a three-year transport-event activity surface on current OSM major road geometry, not measured traffic volume or congestion."},"geometry":{"type":"LineString","coordinates":[[-73.8634897,40.8413738],[-73.8636464,40.8413434]]}},{"type":"Feature","properties":{"id":"lens-traffic-road-nyc-way/38796458","layer":"traffic_road","category":"transport","year":1976,"visible_year":2025,"rank":3,"name":"Boston Road","source_id":"way/38796458","source_url":"https://www.openstreetmap.org/way/38796458","license":"ODbL","transport_raw":0.066,"transport_count":1,"transport_activity":0.07,"representation":"major-road transport-event activity","timing_note":"Road color is a three-year transport-event activity surface on current OSM major road geometry, not measured traffic volume or congestion."},"geometry":{"type":"LineString","coordinates":[[-73.8832434,40.8395379],[-73.8831319,40.839549],[-73.8830179,40.8395578],[-73.8829026,40.8395656],[-73.8827609,40.8395742],[-73.8827169,40.8395764],[-73.8825632,40.8395842],[-73.8822125,40.839602],[-73.8821283,40.8396085],[-73.8820438,40.8396153],[-73.8819652,40.8396234],[-73.8818933,40.8396327],[-73.8818226,40.8396432],[-73.8817518,40.8396554],[-73.8816843,40.8396682],[-73.8816128,40.8396838],[-73.8815414,40.8397006],[-73.8814678,40.8397186],[-73.8813935,40.8397383],[-73.8813201,40.8397594],[-73.8812562,40.8397794],[-73.881185,40.8398043]]}},{"type":"Feature","properties":{"id":"lens-traffic-road-nyc-way/1380666246","layer":"traffic_road","category":"transport","year":1976,"visible_year":2025,"rank":3,"name":"White Plains Road","source_id":"way/1380666246","source_url":"https://www.openstreetmap.org/way/1380666246","license":"ODbL","transport_raw":0.066,"transport_count":1,"transport_activity":0.069,"representation":"major-road transport-event activity","timing_note":"Road color is a three-year transport-event activity surface on current OSM major road geometry, not measured traffic volume or congestion."},"geometry":{"type":"LineString","coordinates":[[-73.8636027,40.8381399],[-73.8636292,40.8382954],[-73.8639169,40.8399822],[-73.8639263,40.840037],[-73.8639495,40.8401109],[-73.864048,40.8402961],[-73.8640641,40.8403264]]}},{"type":"Feature","properties":{"id":"lens-traffic-road-nyc-way/1420694965","layer":"traffic_road","category":"transport","year":1976,"visible_year":2025,"rank":5,"name":"Cross Bronx Expressway","source_id":"way/1420694965","source_url":"https://www.openstreetmap.org/way/1420694965","license":"ODbL","transport_raw":0.058,"transport_count":1,"transport_activity":0.062,"representation":"major-road transport-event activity","timing_note":"Road color is a three-year transport-event activity surface on current OSM major road geometry, not measured traffic volume or congestion."},"geometry":{"type":"LineString","coordinates":[[-73.8810595,40.8376213],[-73.880856,40.8375306]]}},{"type":"Feature","properties":{"id":"lens-traffic-road-nyc-way/45545106","layer":"traffic_road","category":"transport","year":1976,"visible_year":2024,"rank":3,"name":"East 174th Street","source_id":"way/45545106","source_url":"https://www.openstreetmap.org/way/45545106","license":"ODbL","transport_raw":0.057,"transport_count":1,"transport_activity":0.06,"representation":"major-road transport-event activity","timing_note":"Road color is a three-year transport-event activity surface on current OSM major road geometry, not measured traffic volume or congestion."},"geometry":{"type":"LineString","coordinates":[[-73.8738418,40.8342559],[-73.8737488,40.8342681],[-73.8736345,40.8342833]]}},{"type":"Feature","properties":{"id":"lens-traffic-road-nyc-way/45545107","layer":"traffic_road","category":"transport","year":1976,"visible_year":2013,"rank":3,"name":"East 174th Street","source_id":"way/45545107","source_url":"https://www.openstreetmap.org/way/45545107","license":"ODbL","transport_raw":0.05,"transport_count":1,"transport_activity":0.053,"representation":"major-road transport-event activity","timing_note":"Road color is a three-year transport-event activity surface on current OSM major road geometry, not measured traffic volume or congestion."},"geometry":{"type":"LineString","coordinates":[[-73.874145,40.8342153],[-73.8738418,40.8342559]]}},{"type":"Feature","properties":{"id":"lens-traffic-road-nyc-way/664054930","layer":"traffic_road","category":"transport","year":1976,"visible_year":2025,"rank":5,"name":"Cross Bronx Expressway","source_id":"way/664054930","source_url":"https://www.openstreetmap.org/way/664054930","license":"ODbL","transport_raw":0.05,"transport_count":1,"transport_activity":0.052,"representation":"major-road transport-event activity","timing_note":"Road color is a three-year transport-event activity surface on current OSM major road geometry, not measured traffic volume or congestion."},"geometry":{"type":"LineString","coordinates":[[-73.8810042,40.8377327],[-73.8811594,40.8378013],[-73.8812767,40.8378594],[-73.8813651,40.8379049],[-73.8814482,40.8379491],[-73.8815422,40.838]]}},{"type":"Feature","properties":{"id":"lens-traffic-road-nyc-way/1046753848","layer":"traffic_road","category":"transport","year":1976,"visible_year":2025,"rank":2,"name":"Unionport Road","source_id":"way/1046753848","source_url":"https://www.openstreetmap.org/way/1046753848","license":"ODbL","transport_raw":0.046,"transport_count":1,"transport_activity":0.049,"representation":"major-road transport-event activity","timing_note":"Road color is a three-year transport-event activity surface on current OSM major road geometry, not measured traffic volume or congestion."},"geometry":{"type":"LineString","coordinates":[[-73.8635135,40.841245],[-73.8635285,40.8411584],[-73.8632945,40.8409282],[-73.8631175,40.8407541]]}},{"type":"Feature","properties":{"id":"lens-traffic-road-nyc-way/870004729","layer":"traffic_road","category":"transport","year":1976,"visible_year":2025,"rank":3,"name":"East 174th Street","source_id":"way/870004729","source_url":"https://www.openstreetmap.org/way/870004729","license":"ODbL","transport_raw":0.044,"transport_count":1,"transport_activity":0.046,"representation":"major-road transport-event activity","timing_note":"Road color is a three-year transport-event activity surface on current OSM major road geometry, not measured traffic volume or congestion."},"geometry":{"type":"LineString","coordinates":[[-73.8680066,40.8348317],[-73.8680992,40.8348294],[-73.8689835,40.8348071],[-73.8698362,40.8347857],[-73.8699477,40.8347829]]}},{"type":"Feature","properties":{"id":"lens-traffic-road-nyc-way/905326154","layer":"traffic_road","category":"transport","year":1976,"visible_year":2025,"rank":3,"name":"East Tremont Avenue","source_id":"way/905326154","source_url":"https://www.openstreetmap.org/way/905326154","license":"ODbL","transport_raw":0.042,"transport_count":1,"transport_activity":0.044,"representation":"major-road transport-event activity","timing_note":"Road color is a three-year transport-event activity surface on current OSM major road geometry, not measured traffic volume or congestion."},"geometry":{"type":"LineString","coordinates":[[-73.8631086,40.8414085],[-73.8634897,40.8413738]]}},{"type":"Feature","properties":{"id":"lens-traffic-road-nyc-way/988592850","layer":"traffic_road","category":"transport","year":1976,"visible_year":2025,"rank":3,"name":"East Tremont Avenue","source_id":"way/988592850","source_url":"https://www.openstreetmap.org/way/988592850","license":"ODbL","transport_raw":0.042,"transport_count":1,"transport_activity":0.044,"representation":"major-road transport-event activity","timing_note":"Road color is a three-year transport-event activity surface on current OSM major road geometry, not measured traffic volume or congestion."},"geometry":{"type":"LineString","coordinates":[[-73.8635135,40.841245],[-73.8633177,40.8412796],[-73.8630753,40.8413169]]}},{"type":"Feature","properties":{"id":"lens-traffic-road-nyc-way/664054937","layer":"traffic_road","category":"transport","year":1976,"visible_year":2025,"rank":5,"name":"Cross Bronx Expressway","source_id":"way/664054937","source_url":"https://www.openstreetmap.org/way/664054937","license":"ODbL","transport_raw":0.039,"transport_count":1,"transport_activity":0.042,"representation":"major-road transport-event activity","timing_note":"Road color is a three-year transport-event activity surface on current OSM major road geometry, not measured traffic volume or congestion."},"geometry":{"type":"LineString","coordinates":[[-73.8816109,40.8378911],[-73.8814919,40.8378299],[-73.8813734,40.83777],[-73.8812548,40.8377124],[-73.8811314,40.8376546],[-73.8810595,40.8376213]]}},{"type":"Feature","properties":{"id":"lens-traffic-road-nyc-way/960026979","layer":"traffic_road","category":"transport","year":1976,"visible_year":2025,"rank":5,"name":"Bronx River Parkway","source_id":"way/960026979","source_url":"https://www.openstreetmap.org/way/960026979","license":"ODbL","transport_raw":0.036,"transport_count":1,"transport_activity":0.038,"representation":"major-road transport-event activity","timing_note":"Road color is a three-year transport-event activity surface on current OSM major road geometry, not measured traffic volume or congestion."},"geometry":{"type":"LineString","coordinates":[[-73.8738812,40.8362236],[-73.8739091,40.8361142],[-73.8739336,40.836006],[-73.8739545,40.8359024],[-73.873974,40.8357944],[-73.8739922,40.8356874],[-73.8740089,40.8355779],[-73.8740231,40.8354699],[-73.8740353,40.8353595],[-73.8740471,40.8352516],[-73.8740563,40.8351363],[-73.8740612,40.835034],[-73.8740661,40.8349263],[-73.8740675,40.8348168],[-73.8740681,40.8347062],[-73.8740682,40.8340537],[-73.8740686,40.8339409],[-73.8740686,40.833834],[-73.8740685,40.833726],[-73.8740693,40.8336156],[-73.874068,40.8335088],[-73.8740656,40.8334003],[-73.8740633,40.8332887],[-73.8740577,40.8331821],[-73.8740508,40.8330745],[-73.8740411,40.8329647],[-73.8740283,40.8328537],[-73.8740155,40.832745],[-73.8739992,40.8326362],[-73.8739828,40.8325274],[-73.8739643,40.8324198],[-73.8739431,40.8323125],[-73.8739211,40.8322049],[-73.8738969,40.8320959]]}},{"type":"Feature","properties":{"id":"lens-traffic-road-nyc-way/1314749583","layer":"traffic_road","category":"transport","year":1976,"visible_year":2025,"rank":3,"name":"White Plains Road","source_id":"way/1314749583","source_url":"https://www.openstreetmap.org/way/1314749583","license":"ODbL","transport_raw":0.035,"transport_count":1,"transport_activity":0.037,"representation":"major-road transport-event activity","timing_note":"Road color is a three-year transport-event activity surface on current OSM major road geometry, not measured traffic volume or congestion."},"geometry":{"type":"LineString","coordinates":[[-73.8667649,40.8470246],[-73.8668893,40.8473665],[-73.866909,40.8474221]]}},{"type":"Feature","properties":{"id":"lens-traffic-road-nyc-way/1314540021","layer":"traffic_road","category":"transport","year":1976,"visible_year":2024,"rank":3,"name":"Morris Park Avenue","source_id":"way/1314540021","source_url":"https://www.openstreetmap.org/way/1314540021","license":"ODbL","transport_raw":0.03,"transport_count":1,"transport_activity":0.032,"representation":"major-road transport-event activity","timing_note":"Road color is a three-year transport-event activity surface on current OSM major road geometry, not measured traffic volume or congestion."},"geometry":{"type":"LineString","coordinates":[[-73.8651941,40.8454135],[-73.8651064,40.8454317],[-73.864842,40.8454867],[-73.8644605,40.845566],[-73.8644046,40.8455776],[-73.8643169,40.8455958]]}},{"type":"Feature","properties":{"id":"lens-traffic-road-nyc-way/664054938","layer":"traffic_road","category":"transport","year":1976,"visible_year":2021,"rank":5,"name":"Cross Bronx Expressway","source_id":"way/664054938","source_url":"https://www.openstreetmap.org/way/664054938","license":"ODbL","transport_raw":0.03,"transport_count":1,"transport_activity":0.032,"representation":"major-road transport-event activity","timing_note":"Road color is a three-year transport-event activity surface on current OSM major road geometry, not measured traffic volume or congestion."},"geometry":{"type":"LineString","coordinates":[[-73.8815422,40.838],[-73.8817832,40.8381382]]}},{"type":"Feature","properties":{"id":"lens-traffic-road-nyc-way/1418895042","layer":"traffic_road","category":"transport","year":1976,"visible_year":2025,"rank":3,"name":"White Plains Road","source_id":"way/1418895042","source_url":"https://www.openstreetmap.org/way/1418895042","license":"ODbL","transport_raw":0.02,"transport_count":1,"transport_activity":0.021,"representation":"major-road transport-event activity","timing_note":"Road color is a three-year transport-event activity surface on current OSM major road geometry, not measured traffic volume or congestion."},"geometry":{"type":"LineString","coordinates":[[-73.866909,40.8474221],[-73.8669347,40.8474915]]}},{"type":"Feature","properties":{"id":"lens-traffic-road-nyc-way/46670717","layer":"traffic_road","category":"transport","year":1976,"visible_year":2021,"rank":5,"name":"Cross Bronx Expressway","source_id":"way/46670717","source_url":"https://www.openstreetmap.org/way/46670717","license":"ODbL","transport_raw":0.017,"transport_count":1,"transport_activity":0.018,"representation":"major-road transport-event activity","timing_note":"Road color is a three-year transport-event activity surface on current OSM major road geometry, not measured traffic volume or congestion."},"geometry":{"type":"LineString","coordinates":[[-73.8818571,40.8380239],[-73.8816109,40.8378911]]}},{"type":"Feature","properties":{"id":"lens-traffic-road-nyc-way/1051834106","layer":"traffic_road","category":"transport","year":1976,"visible_year":2025,"rank":4,"name":"Sheridan Boulevard","source_id":"way/1051834106","source_url":"https://www.openstreetmap.org/way/1051834106","license":"ODbL","transport_raw":0.01,"transport_count":1,"transport_activity":0.01,"representation":"major-road transport-event activity","timing_note":"Road color is a three-year transport-event activity surface on current OSM major road geometry, not measured traffic volume or congestion."},"geometry":{"type":"LineString","coordinates":[[-73.8798703,40.8385194],[-73.8799509,40.8384666],[-73.8800189,40.8384175],[-73.8800846,40.8383695],[-73.8801406,40.8383255],[-73.8801941,40.8382803],[-73.8802469,40.8382349],[-73.8802881,40.8381952],[-73.8803324,40.83815],[-73.8803703,40.8381061],[-73.8804074,40.8380587],[-73.8804613,40.8379854],[-73.8808823,40.8373897],[-73.8809175,40.8373393],[-73.880951,40.8372907],[-73.8809841,40.8372412],[-73.8810649,40.8371217],[-73.8811131,40.8370462],[-73.8811589,40.8369732],[-73.8812044,40.8368988],[-73.881249,40.8368233],[-73.8812936,40.8367454],[-73.8814439,40.8364689],[-73.8814738,40.8364069],[-73.8816784,40.8359808],[-73.8817189,40.8359047],[-73.8817602,40.8358298],[-73.8818015,40.8357581],[-73.8818454,40.8356856],[-73.8818846,40.8356264],[-73.8821034,40.8352939],[-73.8821498,40.8352285],[-73.8822009,40.8351636],[-73.882308,40.8350392]]}},{"type":"Feature","properties":{"id":"lens-traffic-road-nyc-way/1314749582","layer":"traffic_road","category":"transport","year":1976,"visible_year":2025,"rank":3,"name":"White Plains Road","source_id":"way/1314749582","source_url":"https://www.openstreetmap.org/way/1314749582","license":"ODbL","transport_raw":0.005,"transport_count":1,"transport_activity":0.005,"representation":"major-road transport-event activity","timing_note":"Road color is a three-year transport-event activity surface on current OSM major road geometry, not measured traffic volume or congestion."},"geometry":{"type":"LineString","coordinates":[[-73.8669347,40.8474915],[-73.8669612,40.8475635],[-73.8669819,40.8476198],[-73.8670845,40.8479111]]}}]}
