{"type":"FeatureCollection","schema_version":"1.0.0","city_id":"london","year":1982,"features":[{"type":"Feature","id":"lon_planning_designation_conservation-area_44000869","properties":{"city_id":"london","event_id":"lon_planning_designation_conservation-area_44000869","title":"Conservation area record: South Lambeth Road","short_description":"Planning Data conservation-area designation record CA37; quality authoritative; LPA Lambeth.","year":1982,"effective_date":"1982-03-29","date_precision":"day","category":"built_environment","lens":"built_environment","confidence":"documented","source_ids":["lon-extra-planning-data-conservation-areas"],"explanation":"Planning/protection evidence record for South Lambeth Road; designation/effective date is taken from Planning Data fields where supplied."},"geometry":{"type":"Point","coordinates":[-0.122831,51.47468]}},{"type":"Feature","id":"lon_planning_designation_conservation-area_44000873","properties":{"city_id":"london","event_id":"lon_planning_designation_conservation-area_44000873","title":"Conservation area record: La Retraite","short_description":"Planning Data conservation-area designation record CA36; quality authoritative; LPA Lambeth.","year":1982,"effective_date":"1982-03-29","date_precision":"day","category":"built_environment","lens":"built_environment","confidence":"documented","source_ids":["lon-extra-planning-data-conservation-areas"],"explanation":"Planning/protection evidence record for La Retraite; designation/effective date is taken from Planning Data fields where supplied."},"geometry":{"type":"Point","coordinates":[-0.143609,51.447134]}},{"type":"Feature","id":"lon_planning_designation_conservation-area_44002323","properties":{"city_id":"london","event_id":"lon_planning_designation_conservation-area_44002323","title":"Conservation area record: Acton Green","short_description":"Planning Data conservation-area designation record 5295; quality some; LPA Ealing.","year":1982,"effective_date":"1982-01-01","date_precision":"day","category":"built_environment","lens":"built_environment","confidence":"documented","source_ids":["lon-extra-planning-data-conservation-areas"],"explanation":"Planning/protection evidence record for Acton Green; designation/effective date is taken from Planning Data fields where supplied."},"geometry":{"type":"Point","coordinates":[-0.26391,51.495917]}},{"type":"Feature","id":"lon_planning_designation_conservation-area_44002324","properties":{"city_id":"london","event_id":"lon_planning_designation_conservation-area_44002324","title":"Conservation area record: Acton Town Centre","short_description":"Planning Data conservation-area designation record 5297; quality some; LPA Ealing.","year":1982,"effective_date":"1982-01-01","date_precision":"day","category":"built_environment","lens":"built_environment","confidence":"documented","source_ids":["lon-extra-planning-data-conservation-areas"],"explanation":"Planning/protection evidence record for Acton Town Centre; designation/effective date is taken from Planning Data fields where supplied."},"geometry":{"type":"Point","coordinates":[-0.269562,51.507632]}},{"type":"Feature","id":"lon_planning_designation_conservation-area_44002334","properties":{"city_id":"london","event_id":"lon_planning_designation_conservation-area_44002334","title":"Conservation area record: Haven Green","short_description":"Planning Data conservation-area designation record 5288; quality some; LPA Ealing.","year":1982,"effective_date":"1982-01-01","date_precision":"day","category":"built_environment","lens":"built_environment","confidence":"documented","source_ids":["lon-extra-planning-data-conservation-areas"],"explanation":"Planning/protection evidence record for Haven Green; designation/effective date is taken from Planning Data fields where supplied."},"geometry":{"type":"Point","coordinates":[-0.305201,51.516045]}},{"type":"Feature","id":"lon_planning_designation_conservation-area_44002335","properties":{"city_id":"london","event_id":"lon_planning_designation_conservation-area_44002335","title":"Conservation area record: Montpelier Park","short_description":"Planning Data conservation-area designation record 5304; quality some; LPA Ealing.","year":1982,"effective_date":"1982-01-01","date_precision":"day","category":"built_environment","lens":"built_environment","confidence":"documented","source_ids":["lon-extra-planning-data-conservation-areas"],"explanation":"Planning/protection evidence record for Montpelier Park; designation/effective date is taken from Planning Data fields where supplied."},"geometry":{"type":"Point","coordinates":[-0.304572,51.522663]}},{"type":"Feature","id":"lon_planning_designation_conservation-area_44002337","properties":{"city_id":"london","event_id":"lon_planning_designation_conservation-area_44002337","title":"Conservation area record: Acton Park","short_description":"Planning Data conservation-area designation record 5296; quality some; LPA Ealing.","year":1982,"effective_date":"1982-01-01","date_precision":"day","category":"built_environment","lens":"built_environment","confidence":"documented","source_ids":["lon-extra-planning-data-conservation-areas"],"explanation":"Planning/protection evidence record for Acton Park; designation/effective date is taken from Planning Data fields where supplied."},"geometry":{"type":"Point","coordinates":[-0.259731,51.50909]}},{"type":"Feature","id":"lon_planning_designation_conservation-area_44002338","properties":{"city_id":"london","event_id":"lon_planning_designation_conservation-area_44002338","title":"Conservation area record: Ealing Common","short_description":"Planning Data conservation-area designation record 5289; quality some; LPA Ealing.","year":1982,"effective_date":"1982-01-01","date_precision":"day","category":"built_environment","lens":"built_environment","confidence":"documented","source_ids":["lon-extra-planning-data-conservation-areas"],"explanation":"Planning/protection evidence record for Ealing Common; designation/effective date is taken from Planning Data fields where supplied."},"geometry":{"type":"Point","coordinates":[-0.294307,51.510524]}},{"type":"Feature","id":"lon_planning_designation_conservation-area_44002345","properties":{"city_id":"london","event_id":"lon_planning_designation_conservation-area_44002345","title":"Conservation area record: Hanwell Clock Tower","short_description":"Planning Data conservation-area designation record 5303; quality some; LPA Ealing.","year":1982,"effective_date":"1982-01-01","date_precision":"day","category":"built_environment","lens":"built_environment","confidence":"documented","source_ids":["lon-extra-planning-data-conservation-areas"],"explanation":"Planning/protection evidence record for Hanwell Clock Tower; designation/effective date is taken from Planning Data fields where supplied."},"geometry":{"type":"Point","coordinates":[-0.338127,51.508703]}},{"type":"Feature","id":"lon_planning_designation_conservation-area_44002346","properties":{"city_id":"london","event_id":"lon_planning_designation_conservation-area_44002346","title":"Conservation area record: St Mark's Church and Canal","short_description":"Planning Data conservation-area designation record 5299; quality some; LPA Ealing.","year":1982,"effective_date":"1982-01-01","date_precision":"day","category":"built_environment","lens":"built_environment","confidence":"documented","source_ids":["lon-extra-planning-data-conservation-areas"],"explanation":"Planning/protection evidence record for St Mark's Church and Canal; designation/effective date is taken from Planning Data fields where supplied."},"geometry":{"type":"Point","coordinates":[-0.347365,51.504739]}},{"type":"Feature","id":"lon_planning_designation_conservation-area_44002459","properties":{"city_id":"london","event_id":"lon_planning_designation_conservation-area_44002459","title":"Conservation area record: Twickenham Park","short_description":"Planning Data conservation-area designation record 7369; quality some; LPA Richmond upon Thames.","year":1982,"effective_date":"1982-09-07","date_precision":"day","category":"built_environment","lens":"built_environment","confidence":"documented","source_ids":["lon-extra-planning-data-conservation-areas"],"explanation":"Planning/protection evidence record for Twickenham Park; designation/effective date is taken from Planning Data fields where supplied."},"geometry":{"type":"Point","coordinates":[-0.314914,51.455445]}},{"type":"Feature","id":"lon_planning_designation_conservation-area_44002477","properties":{"city_id":"london","event_id":"lon_planning_designation_conservation-area_44002477","title":"Conservation area record: Kew Foot Road","short_description":"Planning Data conservation-area designation record 7381; quality some; LPA Richmond upon Thames.","year":1982,"effective_date":"1982-09-07","date_precision":"day","category":"built_environment","lens":"built_environment","confidence":"documented","source_ids":["lon-extra-planning-data-conservation-areas"],"explanation":"Planning/protection evidence record for Kew Foot Road; designation/effective date is taken from Planning Data fields where supplied."},"geometry":{"type":"Point","coordinates":[-0.299175,51.466354]}},{"type":"Feature","id":"lon_planning_designation_conservation-area_44002482","properties":{"city_id":"london","event_id":"lon_planning_designation_conservation-area_44002482","title":"Conservation area record: Model Cottages","short_description":"Planning Data conservation-area designation record 7379; quality some; LPA Richmond upon Thames.","year":1982,"effective_date":"1982-09-07","date_precision":"day","category":"built_environment","lens":"built_environment","confidence":"documented","source_ids":["lon-extra-planning-data-conservation-areas"],"explanation":"Planning/protection evidence record for Model Cottages; designation/effective date is taken from Planning Data fields where supplied."},"geometry":{"type":"Point","coordinates":[-0.268476,51.466346]}},{"type":"Feature","id":"lon_planning_designation_conservation-area_44002824","properties":{"city_id":"london","event_id":"lon_planning_designation_conservation-area_44002824","title":"Conservation area record: The Chenies, Petts Wood","short_description":"Planning Data conservation-area designation record 6995; quality some; LPA Bromley.","year":1982,"effective_date":"1982-01-01","date_precision":"day","category":"built_environment","lens":"built_environment","confidence":"documented","source_ids":["lon-extra-planning-data-conservation-areas"],"explanation":"Planning/protection evidence record for The Chenies, Petts Wood; designation/effective date is taken from Planning Data fields where supplied."},"geometry":{"type":"Point","coordinates":[0.08585,51.387753]}},{"type":"Feature","id":"lon_planning_designation_conservation-area_44002831","properties":{"city_id":"london","event_id":"lon_planning_designation_conservation-area_44002831","title":"Conservation area record: Hayes Village","short_description":"Planning Data conservation-area designation record 6980; quality some; LPA Bromley.","year":1982,"effective_date":"1982-01-01","date_precision":"day","category":"built_environment","lens":"built_environment","confidence":"documented","source_ids":["lon-extra-planning-data-conservation-areas"],"explanation":"Planning/protection evidence record for Hayes Village; designation/effective date is taken from Planning Data fields where supplied."},"geometry":{"type":"Point","coordinates":[0.018337,51.378074]}},{"type":"Feature","id":"lon_planning_designation_conservation-area_44003458","properties":{"city_id":"london","event_id":"lon_planning_designation_conservation-area_44003458","title":"Conservation area record: West India Dock","short_description":"Planning Data conservation-area designation record TH-19-WID; quality authoritative; LPA Tower Hamlets.","year":1982,"effective_date":"1982-11-01","date_precision":"day","category":"built_environment","lens":"built_environment","confidence":"documented","source_ids":["lon-extra-planning-data-conservation-areas"],"explanation":"Planning/protection evidence record for West India Dock; designation/effective date is taken from Planning Data fields where supplied."},"geometry":{"type":"Point","coordinates":[-0.024685,51.507953]}},{"type":"Feature","id":"lon_planning_designation_conservation-area_44006532","properties":{"city_id":"london","event_id":"lon_planning_designation_conservation-area_44006532","title":"Conservation area record: Ham House","short_description":"Planning Data conservation-area designation record 7368; quality some; LPA Richmond upon Thames.","year":1982,"effective_date":"1982-09-07","date_precision":"day","category":"built_environment","lens":"built_environment","confidence":"documented","source_ids":["lon-extra-planning-data-conservation-areas"],"explanation":"Planning/protection evidence record for Ham House; designation/effective date is taken from Planning Data fields where supplied."},"geometry":{"type":"Point","coordinates":[-0.311924,51.443006]}},{"type":"Feature","id":"lon_planning_designation_conservation-area_44006533","properties":{"city_id":"london","event_id":"lon_planning_designation_conservation-area_44006533","title":"Conservation area record: Petersham","short_description":"Planning Data conservation-area designation record 7351; quality some; LPA Richmond upon Thames.","year":1982,"effective_date":"1982-09-07","date_precision":"day","category":"built_environment","lens":"built_environment","confidence":"documented","source_ids":["lon-extra-planning-data-conservation-areas"],"explanation":"Planning/protection evidence record for Petersham; designation/effective date is taken from Planning Data fields where supplied."},"geometry":{"type":"Point","coordinates":[-0.301369,51.442702]}},{"type":"Feature","id":"lon_planning_designation_conservation-area_44008830","properties":{"city_id":"london","event_id":"lon_planning_designation_conservation-area_44008830","title":"Conservation area record: South Bank","short_description":"Planning Data conservation-area designation record CA38; quality authoritative; LPA City of London.","year":1982,"effective_date":"1982-07-27","date_precision":"day","category":"built_environment","lens":"built_environment","confidence":"documented","source_ids":["lon-extra-planning-data-conservation-areas"],"explanation":"Planning/protection evidence record for South Bank; designation/effective date is taken from Planning Data fields where supplied."},"geometry":{"type":"Point","coordinates":[-0.116257,51.505593]}},{"type":"Feature","id":"lon_planning_designation_conservation-area_44009073","properties":{"city_id":"london","event_id":"lon_planning_designation_conservation-area_44009073","title":"Conservation area record: Pope's Avenue","short_description":"Planning Data conservation-area designation record 7385; quality some; LPA Richmond upon Thames.","year":1982,"effective_date":"1982-09-07","date_precision":"day","category":"built_environment","lens":"built_environment","confidence":"documented","source_ids":["lon-extra-planning-data-conservation-areas"],"explanation":"Planning/protection evidence record for Pope's Avenue; designation/effective date is taken from Planning Data fields where supplied."},"geometry":{"type":"Point","coordinates":[-0.340853,51.440106]}},{"type":"Feature","id":"lon_planning_designation_conservation-area_44009080","properties":{"city_id":"london","event_id":"lon_planning_designation_conservation-area_44009080","title":"Conservation area record: High Street Hampton Hill","short_description":"Planning Data conservation-area designation record 7383; quality some; LPA Richmond upon Thames.","year":1982,"effective_date":"1982-09-07","date_precision":"day","category":"built_environment","lens":"built_environment","confidence":"documented","source_ids":["lon-extra-planning-data-conservation-areas"],"explanation":"Planning/protection evidence record for High Street Hampton Hill; designation/effective date is taken from Planning Data fields where supplied."},"geometry":{"type":"Point","coordinates":[-0.357057,51.426044]}},{"type":"Feature","id":"lon_planning_designation_conservation-area_44009082","properties":{"city_id":"london","event_id":"lon_planning_designation_conservation-area_44009082","title":"Conservation area record: High Street Teddington","short_description":"Planning Data conservation-area designation record 7382; quality some; LPA Richmond upon Thames.","year":1982,"effective_date":"1982-09-07","date_precision":"day","category":"built_environment","lens":"built_environment","confidence":"documented","source_ids":["lon-extra-planning-data-conservation-areas"],"explanation":"Planning/protection evidence record for High Street Teddington; designation/effective date is taken from Planning Data fields where supplied."},"geometry":{"type":"Point","coordinates":[-0.330772,51.427844]}},{"type":"Feature","id":"lon_planning_designation_conservation-area_44009085","properties":{"city_id":"london","event_id":"lon_planning_designation_conservation-area_44009085","title":"Conservation area record: Barnes Common","short_description":"Planning Data conservation-area designation record 7377; quality some; LPA Richmond upon Thames.","year":1982,"effective_date":"1982-09-07","date_precision":"day","category":"built_environment","lens":"built_environment","confidence":"documented","source_ids":["lon-extra-planning-data-conservation-areas"],"explanation":"Planning/protection evidence record for Barnes Common; designation/effective date is taken from Planning Data fields where supplied."},"geometry":{"type":"Point","coordinates":[-0.240875,51.468874]}},{"type":"Feature","id":"lon_planning_designation_conservation-area_44010235","properties":{"city_id":"london","event_id":"lon_planning_designation_conservation-area_44010235","title":"Conservation area record: Liverpool Grove","short_description":"Planning Data conservation-area designation record 21; quality authoritative; LPA Southwark.","year":1982,"effective_date":"1982-01-12","date_precision":"day","category":"built_environment","lens":"built_environment","confidence":"documented","source_ids":["lon-extra-planning-data-conservation-areas"],"explanation":"Planning/protection evidence record for Liverpool Grove; designation/effective date is taken from Planning Data fields where supplied."},"geometry":{"type":"Point","coordinates":[-0.090335,51.486932]}},{"type":"Feature","id":"lon_planning_designation_conservation-area_44010236","properties":{"city_id":"london","event_id":"lon_planning_designation_conservation-area_44010236","title":"Conservation area record: Sutherland Square","short_description":"Planning Data conservation-area designation record 22; quality authoritative; LPA Southwark.","year":1982,"effective_date":"1982-01-12","date_precision":"day","category":"built_environment","lens":"built_environment","confidence":"documented","source_ids":["lon-extra-planning-data-conservation-areas"],"explanation":"Planning/protection evidence record for Sutherland Square; designation/effective date is taken from Planning Data fields where supplied."},"geometry":{"type":"Point","coordinates":[-0.098466,51.485234]}},{"type":"Feature","id":"lon_planning_designation_conservation-area_44014801","properties":{"city_id":"london","event_id":"lon_planning_designation_conservation-area_44014801","title":"Conservation area record: Mapesbury","short_description":"Planning Data conservation-area designation record CA10; quality authoritative; LPA Brent.","year":1982,"effective_date":"1982-12-21","date_precision":"day","category":"built_environment","lens":"built_environment","confidence":"documented","source_ids":["lon-extra-planning-data-conservation-areas"],"explanation":"Planning/protection evidence record for Mapesbury; designation/effective date is taken from Planning Data fields where supplied."},"geometry":{"type":"Point","coordinates":[-0.213855,51.551007]}},{"type":"Feature","id":"lon_planning_designation_listed-building-outline_42115187","properties":{"city_id":"london","event_id":"lon_planning_designation_listed-building-outline_42115187","title":"Listed building outline: Corbetts Wharf","short_description":"Planning Data listed-building outline record 470586; quality authoritative; LPA Southwark.","year":1982,"effective_date":"1982-01-20","date_precision":"day","category":"built_environment","lens":"built_environment","confidence":"documented","source_ids":["lon-extra-planning-data-listed-building-outlines"],"explanation":"Planning/protection evidence record for Corbetts Wharf; designation/effective date is taken from Planning Data fields where supplied."},"geometry":{"type":"Point","coordinates":[-0.060789,51.500601]}},{"type":"Feature","id":"lon_planning_designation_listed-building-outline_42115715","properties":{"city_id":"london","event_id":"lon_planning_designation_listed-building-outline_42115715","title":"Listed building outline: Butlers Wharf building","short_description":"Planning Data listed-building outline record 471315; quality authoritative; LPA Southwark.","year":1982,"effective_date":"1982-01-20","date_precision":"day","category":"built_environment","lens":"built_environment","confidence":"documented","source_ids":["lon-extra-planning-data-listed-building-outlines"],"explanation":"Planning/protection evidence record for Butlers Wharf building; designation/effective date is taken from Planning Data fields where supplied."},"geometry":{"type":"Point","coordinates":[-0.073888,51.503709]}},{"type":"Feature","id":"lon_planning_designation_listed-building-outline_42115716","properties":{"city_id":"london","event_id":"lon_planning_designation_listed-building-outline_42115716","title":"Listed building outline: No given name","short_description":"Planning Data listed-building outline record 471314; quality authoritative; LPA Southwark.","year":1982,"effective_date":"1982-01-20","date_precision":"day","category":"built_environment","lens":"built_environment","confidence":"documented","source_ids":["lon-extra-planning-data-listed-building-outlines"],"explanation":"Planning/protection evidence record for No given name; designation/effective date is taken from Planning Data fields where supplied."},"geometry":{"type":"Point","coordinates":[-0.072544,51.502896]}},{"type":"Feature","id":"lon_planning_designation_listed-building-outline_42115717","properties":{"city_id":"london","event_id":"lon_planning_designation_listed-building-outline_42115717","title":"Listed building outline: Eagle Wharf","short_description":"Planning Data listed-building outline record 471317; quality authoritative; LPA Southwark.","year":1982,"effective_date":"1982-01-20","date_precision":"day","category":"built_environment","lens":"built_environment","confidence":"documented","source_ids":["lon-extra-planning-data-listed-building-outlines"],"explanation":"Planning/protection evidence record for Eagle Wharf; designation/effective date is taken from Planning Data fields where supplied."},"geometry":{"type":"Point","coordinates":[-0.074584,51.503657]}},{"type":"Feature","id":"lon_planning_designation_listed-building-outline_42115718","properties":{"city_id":"london","event_id":"lon_planning_designation_listed-building-outline_42115718","title":"Listed building outline: The Cardomon building","short_description":"Planning Data listed-building outline record 471327; quality authoritative; LPA Southwark.","year":1982,"effective_date":"1982-01-20","date_precision":"day","category":"built_environment","lens":"built_environment","confidence":"documented","source_ids":["lon-extra-planning-data-listed-building-outlines"],"explanation":"Planning/protection evidence record for The Cardomon building; designation/effective date is taken from Planning Data fields where supplied."},"geometry":{"type":"Point","coordinates":[-0.073754,51.503372]}},{"type":"Feature","id":"lon_planning_designation_listed-building-outline_42115794","properties":{"city_id":"london","event_id":"lon_planning_designation_listed-building-outline_42115794","title":"Listed building outline: New Concordia Wharf, St Saviours dock range","short_description":"Planning Data listed-building outline record 471114; quality authoritative; LPA Southwark.","year":1982,"effective_date":"1982-02-09","date_precision":"day","category":"built_environment","lens":"built_environment","confidence":"documented","source_ids":["lon-extra-planning-data-listed-building-outlines"],"explanation":"Planning/protection evidence record for New Concordia Wharf, St Saviours dock range; designation/effective date is taken from Planning Data fields where supplied."},"geometry":{"type":"Point","coordinates":[-0.071057,51.501875]}},{"type":"Feature","id":"lon_planning_designation_listed-building-outline_42115795","properties":{"city_id":"london","event_id":"lon_planning_designation_listed-building-outline_42115795","title":"Listed building outline: New Concordia Wharf, south block","short_description":"Planning Data listed-building outline record 471116; quality authoritative; LPA Southwark.","year":1982,"effective_date":"1982-02-09","date_precision":"day","category":"built_environment","lens":"built_environment","confidence":"documented","source_ids":["lon-extra-planning-data-listed-building-outlines"],"explanation":"Planning/protection evidence record for New Concordia Wharf, south block; designation/effective date is taken from Planning Data fields where supplied."},"geometry":{"type":"Point","coordinates":[-0.071057,51.501875]}},{"type":"Feature","id":"lon_planning_designation_listed-building-outline_42115796","properties":{"city_id":"london","event_id":"lon_planning_designation_listed-building-outline_42115796","title":"Listed building outline: New Concordia Wharf, north east block with water tower and chimney","short_description":"Planning Data listed-building outline record 471115; quality authoritative; LPA Southwark.","year":1982,"effective_date":"1982-02-09","date_precision":"day","category":"built_environment","lens":"built_environment","confidence":"documented","source_ids":["lon-extra-planning-data-listed-building-outlines"],"explanation":"Planning/protection evidence record for New Concordia Wharf, north east block with water tower and chimney; designation/effective date is taken from Planning Data fields where supplied."},"geometry":{"type":"Point","coordinates":[-0.070767,51.501866]}},{"type":"Feature","id":"lon_planning_designation_listed-building-outline_42116113","properties":{"city_id":"london","event_id":"lon_planning_designation_listed-building-outline_42116113","title":"Listed building outline: (West side) No.23","short_description":"Planning Data listed-building outline record LB953; quality authoritative; LPA Camden.","year":1982,"effective_date":"1982-06-07","date_precision":"day","category":"built_environment","lens":"built_environment","confidence":"documented","source_ids":["lon-extra-planning-data-listed-building-outlines"],"explanation":"Planning/protection evidence record for (West side) No.23; designation/effective date is taken from Planning Data fields where supplied."},"geometry":{"type":"Point","coordinates":[-0.122248,51.516276]}},{"type":"Feature","id":"lon_planning_designation_listed-building-outline_42116125","properties":{"city_id":"london","event_id":"lon_planning_designation_listed-building-outline_42116125","title":"Listed building outline: (North side) London School of Hygiene and Tropical Medicine and attached walls and railings","short_description":"Planning Data listed-building outline record LB1510; quality authoritative; LPA Camden.","year":1982,"effective_date":"1982-03-09","date_precision":"day","category":"built_environment","lens":"built_environment","confidence":"documented","source_ids":["lon-extra-planning-data-listed-building-outlines"],"explanation":"Planning/protection evidence record for (North side) London School of Hygiene and Tropical Medicine and attached walls and railings; designation/effective date is taken from Planning Data fields where supplied."},"geometry":{"type":"Point","coordinates":[-0.130295,51.520885]}},{"type":"Feature","id":"lon_planning_designation_listed-building-outline_42116234","properties":{"city_id":"london","event_id":"lon_planning_designation_listed-building-outline_42116234","title":"Listed building outline: (South East side) Freemasons' Hall","short_description":"Planning Data listed-building outline record LB640; quality authoritative; LPA Camden.","year":1982,"effective_date":"1982-03-09","date_precision":"day","category":"built_environment","lens":"built_environment","confidence":"documented","source_ids":["lon-extra-planning-data-listed-building-outlines"],"explanation":"Planning/protection evidence record for (South East side) Freemasons' Hall; designation/effective date is taken from Planning Data fields where supplied."},"geometry":{"type":"Point","coordinates":[-0.120856,51.5151]}},{"type":"Feature","id":"lon_planning_designation_listed-building-outline_42117125","properties":{"city_id":"london","event_id":"lon_planning_designation_listed-building-outline_42117125","title":"Listed building outline: (East side) Nos.2, 4 AND 6 Baptist Church House","short_description":"Planning Data listed-building outline record LB1238; quality authoritative; LPA Camden.","year":1982,"effective_date":"1982-02-15","date_precision":"day","category":"built_environment","lens":"built_environment","confidence":"documented","source_ids":["lon-extra-planning-data-listed-building-outlines"],"explanation":"Planning/protection evidence record for (East side) Nos.2, 4 AND 6 Baptist Church House; designation/effective date is taken from Planning Data fields where supplied."},"geometry":{"type":"Point","coordinates":[-0.120084,51.517997]}},{"type":"Feature","id":"lon_planning_designation_listed-building-outline_42117131","properties":{"city_id":"london","event_id":"lon_planning_designation_listed-building-outline_42117131","title":"Listed building outline: (East side) Central St Martin's College of Art and Design","short_description":"Planning Data listed-building outline record LB1244; quality authoritative; LPA Camden.","year":1982,"effective_date":"1982-11-11","date_precision":"day","category":"built_environment","lens":"built_environment","confidence":"documented","source_ids":["lon-extra-planning-data-listed-building-outlines"],"explanation":"Planning/protection evidence record for (East side) Central St Martin's College of Art and Design; designation/effective date is taken from Planning Data fields where supplied."},"geometry":{"type":"Point","coordinates":[-0.120484,51.518744]}},{"type":"Feature","id":"lon_planning_designation_listed-building-outline_42117145","properties":{"city_id":"london","event_id":"lon_planning_designation_listed-building-outline_42117145","title":"Listed building outline: (North side) No.31","short_description":"Planning Data listed-building outline record LB1271; quality authoritative; LPA Camden.","year":1982,"effective_date":"1982-05-27","date_precision":"day","category":"built_environment","lens":"built_environment","confidence":"documented","source_ids":["lon-extra-planning-data-listed-building-outlines"],"explanation":"Planning/protection evidence record for (North side) No.31; designation/effective date is taken from Planning Data fields where supplied."},"geometry":{"type":"Point","coordinates":[-0.159514,51.545941]}},{"type":"Feature","id":"lon_planning_designation_listed-building-outline_42117186","properties":{"city_id":"london","event_id":"lon_planning_designation_listed-building-outline_42117186","title":"Listed building outline: (West side) Frames Coach Station and LB Camden Car Park","short_description":"Planning Data listed-building outline record LB754; quality authoritative; LPA Camden.","year":1982,"effective_date":"1982-03-09","date_precision":"day","category":"built_environment","lens":"built_environment","confidence":"documented","source_ids":["lon-extra-planning-data-listed-building-outlines"],"explanation":"Planning/protection evidence record for (West side) Frames Coach Station and LB Camden Car Park; designation/effective date is taken from Planning Data fields where supplied."},"geometry":{"type":"Point","coordinates":[-0.12576,51.52359]}},{"type":"Feature","id":"lon_planning_designation_listed-building-outline_42117187","properties":{"city_id":"london","event_id":"lon_planning_designation_listed-building-outline_42117187","title":"Listed building outline: (North side) No.35","short_description":"Planning Data listed-building outline record LB1273; quality authoritative; LPA Camden.","year":1982,"effective_date":"1982-05-27","date_precision":"day","category":"built_environment","lens":"built_environment","confidence":"documented","source_ids":["lon-extra-planning-data-listed-building-outlines"],"explanation":"Planning/protection evidence record for (North side) No.35; designation/effective date is taken from Planning Data fields where supplied."},"geometry":{"type":"Point","coordinates":[-0.159966,51.545645]}},{"type":"Feature","id":"lon_planning_designation_listed-building-outline_42117189","properties":{"city_id":"london","event_id":"lon_planning_designation_listed-building-outline_42117189","title":"Listed building outline: (North side) No.32","short_description":"Planning Data listed-building outline record LB1272; quality authoritative; LPA Camden.","year":1982,"effective_date":"1982-05-27","date_precision":"day","category":"built_environment","lens":"built_environment","confidence":"documented","source_ids":["lon-extra-planning-data-listed-building-outlines"],"explanation":"Planning/protection evidence record for (North side) No.32; designation/effective date is taken from Planning Data fields where supplied."},"geometry":{"type":"Point","coordinates":[-0.159656,51.545846]}},{"type":"Feature","id":"lon_planning_designation_listed-building-outline_42117190","properties":{"city_id":"london","event_id":"lon_planning_designation_listed-building-outline_42117190","title":"Listed building outline: (North side) No.36","short_description":"Planning Data listed-building outline record LB1274; quality authoritative; LPA Camden.","year":1982,"effective_date":"1982-05-27","date_precision":"day","category":"built_environment","lens":"built_environment","confidence":"documented","source_ids":["lon-extra-planning-data-listed-building-outlines"],"explanation":"Planning/protection evidence record for (North side) No.36; designation/effective date is taken from Planning Data fields where supplied."},"geometry":{"type":"Point","coordinates":[-0.160087,51.545563]}},{"type":"Feature","id":"lon_planning_designation_listed-building-outline_42117191","properties":{"city_id":"london","event_id":"lon_planning_designation_listed-building-outline_42117191","title":"Listed building outline: (North side) No.37 and attached wall and gate","short_description":"Planning Data listed-building outline record LB1275; quality authoritative; LPA Camden.","year":1982,"effective_date":"1982-05-27","date_precision":"day","category":"built_environment","lens":"built_environment","confidence":"documented","source_ids":["lon-extra-planning-data-listed-building-outlines"],"explanation":"Planning/protection evidence record for (North side) No.37 and attached wall and gate; designation/effective date is taken from Planning Data fields where supplied."},"geometry":{"type":"Point","coordinates":[-0.160218,51.545464]}},{"type":"Feature","id":"lon_planning_designation_listed-building-outline_42117192","properties":{"city_id":"london","event_id":"lon_planning_designation_listed-building-outline_42117192","title":"Listed building outline: (North side) No.38","short_description":"Planning Data listed-building outline record LB1276; quality authoritative; LPA Camden.","year":1982,"effective_date":"1982-05-27","date_precision":"day","category":"built_environment","lens":"built_environment","confidence":"documented","source_ids":["lon-extra-planning-data-listed-building-outlines"],"explanation":"Planning/protection evidence record for (North side) No.38; designation/effective date is taken from Planning Data fields where supplied."},"geometry":{"type":"Point","coordinates":[-0.160361,51.545361]}},{"type":"Feature","id":"lon_planning_designation_listed-building-outline_42117193","properties":{"city_id":"london","event_id":"lon_planning_designation_listed-building-outline_42117193","title":"Listed building outline: (North side) No.39","short_description":"Planning Data listed-building outline record LB1277; quality authoritative; LPA Camden.","year":1982,"effective_date":"1982-05-27","date_precision":"day","category":"built_environment","lens":"built_environment","confidence":"documented","source_ids":["lon-extra-planning-data-listed-building-outlines"],"explanation":"Planning/protection evidence record for (North side) No.39; designation/effective date is taken from Planning Data fields where supplied."},"geometry":{"type":"Point","coordinates":[-0.160491,51.545264]}},{"type":"Feature","id":"lon_planning_designation_listed-building-outline_42117295","properties":{"city_id":"london","event_id":"lon_planning_designation_listed-building-outline_42117295","title":"Listed building outline: (East side) British Medical Association House including Screen and Gates","short_description":"Planning Data listed-building outline record LB1298; quality authoritative; LPA Camden.","year":1982,"effective_date":"1982-03-09","date_precision":"day","category":"built_environment","lens":"built_environment","confidence":"documented","source_ids":["lon-extra-planning-data-listed-building-outlines"],"explanation":"Planning/protection evidence record for (East side) British Medical Association House including Screen and Gates; designation/effective date is taken from Planning Data fields where supplied."},"geometry":{"type":"Point","coordinates":[-0.128571,51.526041]}},{"type":"Feature","id":"lon_planning_designation_listed-building-outline_42117494","properties":{"city_id":"london","event_id":"lon_planning_designation_listed-building-outline_42117494","title":"Listed building outline: (South side) No.50 Klippan House","short_description":"Planning Data listed-building outline record LB1373; quality authoritative; LPA Camden.","year":1982,"effective_date":"1982-01-20","date_precision":"day","category":"built_environment","lens":"built_environment","confidence":"documented","source_ids":["lon-extra-planning-data-listed-building-outlines"],"explanation":"Planning/protection evidence record for (South side) No.50 Klippan House; designation/effective date is taken from Planning Data fields where supplied."},"geometry":{"type":"Point","coordinates":[-0.172406,51.559741]}},{"type":"Feature","id":"lon_planning_designation_listed-building-outline_42117495","properties":{"city_id":"london","event_id":"lon_planning_designation_listed-building-outline_42117495","title":"Listed building outline: Gate piers to the north of No.50 Klippan House","short_description":"Planning Data listed-building outline record LB1736; quality authoritative; LPA Camden.","year":1982,"effective_date":"1982-01-20","date_precision":"day","category":"built_environment","lens":"built_environment","confidence":"documented","source_ids":["lon-extra-planning-data-listed-building-outlines"],"explanation":"Planning/protection evidence record for Gate piers to the north of No.50 Klippan House; designation/effective date is taken from Planning Data fields where supplied."},"geometry":{"type":"Point","coordinates":[-0.172457,51.55988]}},{"type":"Feature","id":"lon_planning_designation_listed-building-outline_42117592","properties":{"city_id":"london","event_id":"lon_planning_designation_listed-building-outline_42117592","title":"Listed building outline: (East side) No.83","short_description":"Planning Data listed-building outline record LB894; quality authoritative; LPA Camden.","year":1982,"effective_date":"1982-03-05","date_precision":"day","category":"built_environment","lens":"built_environment","confidence":"documented","source_ids":["lon-extra-planning-data-listed-building-outlines"],"explanation":"Planning/protection evidence record for (East side) No.83; designation/effective date is taken from Planning Data fields where supplied."},"geometry":{"type":"Point","coordinates":[-0.119203,51.522819]}},{"type":"Feature","id":"lon_planning_designation_listed-building-outline_42117665","properties":{"city_id":"london","event_id":"lon_planning_designation_listed-building-outline_42117665","title":"Listed building outline: (North side) St Mary Magdalene School Annexe and attached railings","short_description":"Planning Data listed-building outline record LB938; quality authoritative; LPA Camden.","year":1982,"effective_date":"1982-04-20","date_precision":"day","category":"built_environment","lens":"built_environment","confidence":"documented","source_ids":["lon-extra-planning-data-listed-building-outlines"],"explanation":"Planning/protection evidence record for (North side) St Mary Magdalene School Annexe and attached railings; designation/effective date is taken from Planning Data fields where supplied."},"geometry":{"type":"Point","coordinates":[-0.142538,51.52578]}},{"type":"Feature","id":"lon_planning_designation_listed-building-outline_42120524","properties":{"city_id":"london","event_id":"lon_planning_designation_listed-building-outline_42120524","title":"Listed building outline: WATER PUMP ON SOUTH SIDE OF ROAD","short_description":"Planning Data listed-building outline record LB020; quality authoritative; LPA Barking and Dagenham.","year":1982,"effective_date":"1982-10-06","date_precision":"day","category":"built_environment","lens":"built_environment","confidence":"documented","source_ids":["lon-extra-planning-data-listed-building-outlines"],"explanation":"Planning/protection evidence record for WATER PUMP ON SOUTH SIDE OF ROAD; designation/effective date is taken from Planning Data fields where supplied."},"geometry":{"type":"Point","coordinates":[0.147829,51.572949]}},{"type":"Feature","id":"lon_planning_designation_listed-building-outline_42120527","properties":{"city_id":"london","event_id":"lon_planning_designation_listed-building-outline_42120527","title":"Listed building outline: COLLIER ROW STONE","short_description":"Planning Data listed-building outline record LB023; quality authoritative; LPA Barking and Dagenham.","year":1982,"effective_date":"1982-10-06","date_precision":"day","category":"built_environment","lens":"built_environment","confidence":"documented","source_ids":["lon-extra-planning-data-listed-building-outlines"],"explanation":"Planning/protection evidence record for COLLIER ROW STONE; designation/effective date is taken from Planning Data fields where supplied."},"geometry":{"type":"Point","coordinates":[0.148192,51.598966]}},{"type":"Feature","id":"lon_planning_designation_listed-building-outline_42120534","properties":{"city_id":"london","event_id":"lon_planning_designation_listed-building-outline_42120534","title":"Listed building outline: COAL DUTY BOUNDARY POST ON SOUTH SIDE OF ROAD","short_description":"Planning Data listed-building outline record LB030; quality authoritative; LPA Barking and Dagenham.","year":1982,"effective_date":"1982-10-06","date_precision":"day","category":"built_environment","lens":"built_environment","confidence":"documented","source_ids":["lon-extra-planning-data-listed-building-outlines"],"explanation":"Planning/protection evidence record for COAL DUTY BOUNDARY POST ON SOUTH SIDE OF ROAD; designation/effective date is taken from Planning Data fields where supplied."},"geometry":{"type":"Point","coordinates":[0.148085,51.572996]}},{"type":"Feature","id":"lon_planning_designation_listed-building-outline_42120756","properties":{"city_id":"london","event_id":"lon_planning_designation_listed-building-outline_42120756","title":"Listed building outline: 151, HIGH STREET","short_description":"Planning Data listed-building outline record 1287058; quality authoritative; LPA Barnet.","year":1982,"effective_date":"1982-02-05","date_precision":"day","category":"built_environment","lens":"built_environment","confidence":"documented","source_ids":["lon-extra-planning-data-listed-building-outlines"],"explanation":"Planning/protection evidence record for 151, HIGH STREET; designation/effective date is taken from Planning Data fields where supplied."},"geometry":{"type":"Point","coordinates":[-0.201953,51.656867]}},{"type":"Feature","id":"lon_planning_designation_listed-building-outline_42120757","properties":{"city_id":"london","event_id":"lon_planning_designation_listed-building-outline_42120757","title":"Listed building outline: 1264, HIGH ROAD N20","short_description":"Planning Data listed-building outline record 1064903; quality authoritative; LPA Barnet.","year":1982,"effective_date":"1982-02-23","date_precision":"day","category":"built_environment","lens":"built_environment","confidence":"documented","source_ids":["lon-extra-planning-data-listed-building-outlines"],"explanation":"Planning/protection evidence record for 1264, HIGH ROAD N20; designation/effective date is taken from Planning Data fields where supplied."},"geometry":{"type":"Point","coordinates":[-0.17453,51.630276]}},{"type":"Feature","id":"lon_planning_designation_listed-building-outline_42120758","properties":{"city_id":"london","event_id":"lon_planning_designation_listed-building-outline_42120758","title":"Listed building outline: 1266 AND 1268, HIGH ROAD N20","short_description":"Planning Data listed-building outline record 1191458; quality authoritative; LPA Barnet.","year":1982,"effective_date":"1982-02-23","date_precision":"day","category":"built_environment","lens":"built_environment","confidence":"documented","source_ids":["lon-extra-planning-data-listed-building-outlines"],"explanation":"Planning/protection evidence record for 1266 AND 1268, HIGH ROAD N20; designation/effective date is taken from Planning Data fields where supplied."},"geometry":{"type":"Point","coordinates":[-0.174562,51.630321]}},{"type":"Feature","id":"lon_planning_designation_listed-building-outline_42120759","properties":{"city_id":"london","event_id":"lon_planning_designation_listed-building-outline_42120759","title":"Listed building outline: 1270, HIGH ROAD N20","short_description":"Planning Data listed-building outline record 1359070; quality authoritative; LPA Barnet.","year":1982,"effective_date":"1982-02-23","date_precision":"day","category":"built_environment","lens":"built_environment","confidence":"documented","source_ids":["lon-extra-planning-data-listed-building-outlines"],"explanation":"Planning/protection evidence record for 1270, HIGH ROAD N20; designation/effective date is taken from Planning Data fields where supplied."},"geometry":{"type":"Point","coordinates":[-0.174645,51.630361]}},{"type":"Feature","id":"lon_planning_designation_listed-building-outline_42120760","properties":{"city_id":"london","event_id":"lon_planning_designation_listed-building-outline_42120760","title":"Listed building outline: CHURCH HOUSE","short_description":"Planning Data listed-building outline record 1359082; quality authoritative; LPA Barnet.","year":1982,"effective_date":"1982-02-23","date_precision":"day","category":"built_environment","lens":"built_environment","confidence":"documented","source_ids":["lon-extra-planning-data-listed-building-outlines"],"explanation":"Planning/protection evidence record for CHURCH HOUSE; designation/effective date is taken from Planning Data fields where supplied."},"geometry":{"type":"Point","coordinates":[-0.231461,51.620938]}},{"type":"Feature","id":"lon_planning_designation_listed-building-outline_42120761","properties":{"city_id":"london","event_id":"lon_planning_designation_listed-building-outline_42120761","title":"Listed building outline: OSIDGE","short_description":"Planning Data listed-building outline record 1294718; quality authoritative; LPA Barnet.","year":1982,"effective_date":"1982-07-09","date_precision":"day","category":"built_environment","lens":"built_environment","confidence":"documented","source_ids":["lon-extra-planning-data-listed-building-outlines"],"explanation":"Planning/protection evidence record for OSIDGE; designation/effective date is taken from Planning Data fields where supplied."},"geometry":{"type":"Point","coordinates":[-0.13703,51.634924]}},{"type":"Feature","id":"lon_planning_designation_listed-building-outline_42120762","properties":{"city_id":"london","event_id":"lon_planning_designation_listed-building-outline_42120762","title":"Listed building outline: FRIERN HOSPITAL","short_description":"Planning Data listed-building outline record 1078848; quality authoritative; LPA Barnet.","year":1982,"effective_date":"1982-09-17","date_precision":"day","category":"built_environment","lens":"built_environment","confidence":"documented","source_ids":["lon-extra-planning-data-listed-building-outlines"],"explanation":"Planning/protection evidence record for FRIERN HOSPITAL; designation/effective date is taken from Planning Data fields where supplied."},"geometry":{"type":"Point","coordinates":[-0.147542,51.612906]}},{"type":"Feature","id":"lon_planning_designation_listed-building-outline_42120763","properties":{"city_id":"london","event_id":"lon_planning_designation_listed-building-outline_42120763","title":"Listed building outline: GARDEN HOUSE OF FRIERN HOSPITAL","short_description":"Planning Data listed-building outline record 1294608; quality authoritative; LPA Barnet.","year":1982,"effective_date":"1982-09-17","date_precision":"day","category":"built_environment","lens":"built_environment","confidence":"documented","source_ids":["lon-extra-planning-data-listed-building-outlines"],"explanation":"Planning/protection evidence record for GARDEN HOUSE OF FRIERN HOSPITAL; designation/effective date is taken from Planning Data fields where supplied."},"geometry":{"type":"Point","coordinates":[-0.150743,51.61308]}},{"type":"Feature","id":"lon_planning_designation_listed-building-outline_42120764","properties":{"city_id":"london","event_id":"lon_planning_designation_listed-building-outline_42120764","title":"Listed building outline: EAST FINCHLEY BAPTIST CHURCH HALL","short_description":"Planning Data listed-building outline record 1359048; quality authoritative; LPA Barnet.","year":1982,"effective_date":"1982-09-17","date_precision":"day","category":"built_environment","lens":"built_environment","confidence":"documented","source_ids":["lon-extra-planning-data-listed-building-outlines"],"explanation":"Planning/protection evidence record for EAST FINCHLEY BAPTIST CHURCH HALL; designation/effective date is taken from Planning Data fields where supplied."},"geometry":{"type":"Point","coordinates":[-0.167001,51.593802]}},{"type":"Feature","id":"lon_planning_designation_listed-building-outline_42120765","properties":{"city_id":"london","event_id":"lon_planning_designation_listed-building-outline_42120765","title":"Listed building outline: CHRIST CHURCH","short_description":"Planning Data listed-building outline record 1064856; quality authoritative; LPA Barnet.","year":1982,"effective_date":"1982-11-02","date_precision":"day","category":"built_environment","lens":"built_environment","confidence":"documented","source_ids":["lon-extra-planning-data-listed-building-outlines"],"explanation":"Planning/protection evidence record for CHRIST CHURCH; designation/effective date is taken from Planning Data fields where supplied."},"geometry":{"type":"Point","coordinates":[-0.20437,51.65867]}},{"type":"Feature","id":"lon_planning_designation_listed-building-outline_42120766","properties":{"city_id":"london","event_id":"lon_planning_designation_listed-building-outline_42120766","title":"Listed building outline: PENNEFATHER HALL","short_description":"Planning Data listed-building outline record 1064857; quality authoritative; LPA Barnet.","year":1982,"effective_date":"1982-11-02","date_precision":"day","category":"built_environment","lens":"built_environment","confidence":"documented","source_ids":["lon-extra-planning-data-listed-building-outlines"],"explanation":"Planning/protection evidence record for PENNEFATHER HALL; designation/effective date is taken from Planning Data fields where supplied."},"geometry":{"type":"Point","coordinates":[-0.20469,51.658829]}},{"type":"Feature","id":"lon_planning_designation_listed-building-outline_42149131","properties":{"city_id":"london","event_id":"lon_planning_designation_listed-building-outline_42149131","title":"Listed building outline: SECOND CHURCH OF CHRIST SCIENTIST","short_description":"Planning Data listed-building outline record 422464; quality authoritative; LPA Kensington and Chelsea.","year":1982,"effective_date":"1982-03-09","date_precision":"day","category":"built_environment","lens":"built_environment","confidence":"documented","source_ids":["lon-extra-planning-data-listed-building-outlines"],"explanation":"Planning/protection evidence record for SECOND CHURCH OF CHRIST SCIENTIST; designation/effective date is taken from Planning Data fields where supplied."},"geometry":{"type":"Point","coordinates":[-0.193279,51.508399]}},{"type":"Feature","id":"lon_planning_designation_listed-building-outline_42149324","properties":{"city_id":"london","event_id":"lon_planning_designation_listed-building-outline_42149324","title":"Listed building outline: 10 PALACE GATE","short_description":"Planning Data listed-building outline record 422486; quality authoritative; LPA Kensington and Chelsea.","year":1982,"effective_date":"1982-03-09","date_precision":"day","category":"built_environment","lens":"built_environment","confidence":"documented","source_ids":["lon-extra-planning-data-listed-building-outlines"],"explanation":"Planning/protection evidence record for 10 PALACE GATE; designation/effective date is taken from Planning Data fields where supplied."},"geometry":{"type":"Point","coordinates":[-0.183613,51.499955]}},{"type":"Feature","id":"lon_planning_designation_listed-building-outline_42149380","properties":{"city_id":"london","event_id":"lon_planning_designation_listed-building-outline_42149380","title":"Listed building outline: 33 AND 35 LANSDOWNE ROAD","short_description":"Planning Data listed-building outline record 421539; quality authoritative; LPA Kensington and Chelsea.","year":1982,"effective_date":"1982-01-18","date_precision":"day","category":"built_environment","lens":"built_environment","confidence":"documented","source_ids":["lon-extra-planning-data-listed-building-outlines"],"explanation":"Planning/protection evidence record for 33 AND 35 LANSDOWNE ROAD; designation/effective date is taken from Planning Data fields where supplied."},"geometry":{"type":"Point","coordinates":[-0.208017,51.510427]}},{"type":"Feature","id":"lon_planning_designation_listed-building-outline_42149503","properties":{"city_id":"london","event_id":"lon_planning_designation_listed-building-outline_42149503","title":"Listed building outline: MALLORD HOUSE","short_description":"Planning Data listed-building outline record 421951; quality authoritative; LPA Kensington and Chelsea.","year":1982,"effective_date":"1982-03-09","date_precision":"day","category":"built_environment","lens":"built_environment","confidence":"documented","source_ids":["lon-extra-planning-data-listed-building-outlines"],"explanation":"Planning/protection evidence record for MALLORD HOUSE; designation/effective date is taken from Planning Data fields where supplied."},"geometry":{"type":"Point","coordinates":[-0.173646,51.486285]}},{"type":"Feature","id":"lon_planning_designation_listed-building-outline_42158684","properties":{"city_id":"london","event_id":"lon_planning_designation_listed-building-outline_42158684","title":"Listed building outline: CARBIS COTTAGE","short_description":"Planning Data listed-building outline record 1357629; quality authoritative; LPA Waltham Forest.","year":1982,"effective_date":"1982-12-23","date_precision":"day","category":"built_environment","lens":"built_environment","confidence":"documented","source_ids":["lon-extra-planning-data-listed-building-outlines"],"explanation":"Planning/protection evidence record for CARBIS COTTAGE; designation/effective date is taken from Planning Data fields where supplied."},"geometry":{"type":"Point","coordinates":[0.002223,51.631652]}},{"type":"Feature","id":"lon_planning_designation_listed-building-outline_42164807","properties":{"city_id":"london","event_id":"lon_planning_designation_listed-building-outline_42164807","title":"Listed building outline: South Africa House 2-4 Trafalgar Square London WC2N 5DP","short_description":"Planning Data listed-building outline record 1066238; quality authoritative; LPA Westminster.","year":1982,"effective_date":"1982-03-09","date_precision":"day","category":"built_environment","lens":"built_environment","confidence":"documented","source_ids":["lon-extra-planning-data-listed-building-outlines"],"explanation":"Planning/protection evidence record for South Africa House 2-4 Trafalgar Square London WC2N 5DP; designation/effective date is taken from Planning Data fields where supplied."},"geometry":{"type":"Point","coordinates":[-0.12679,51.508283]}},{"type":"Feature","id":"lon_planning_designation_listed-building-outline_42164903","properties":{"city_id":"london","event_id":"lon_planning_designation_listed-building-outline_42164903","title":"Listed building outline: Aurora House 5 - 6 Carlos Place London W1K 3AW","short_description":"Planning Data listed-building outline record 1066348; quality authoritative; LPA Westminster.","year":1982,"effective_date":"1982-10-06","date_precision":"day","category":"built_environment","lens":"built_environment","confidence":"documented","source_ids":["lon-extra-planning-data-listed-building-outlines"],"explanation":"Planning/protection evidence record for Aurora House 5 - 6 Carlos Place London W1K 3AW; designation/effective date is taken from Planning Data fields where supplied."},"geometry":{"type":"Point","coordinates":[-0.148955,51.510383]}},{"type":"Feature","id":"lon_planning_designation_listed-building-outline_42164932","properties":{"city_id":"london","event_id":"lon_planning_designation_listed-building-outline_42164932","title":"Listed building outline: 41 - 43 Brook Street Mayfair London W1K 4HJ","short_description":"Planning Data listed-building outline record 1066383; quality authoritative; LPA Westminster.","year":1982,"effective_date":"1982-02-15","date_precision":"day","category":"built_environment","lens":"built_environment","confidence":"documented","source_ids":["lon-extra-planning-data-listed-building-outlines"],"explanation":"Planning/protection evidence record for 41 - 43 Brook Street Mayfair London W1K 4HJ; designation/effective date is taken from Planning Data fields where supplied."},"geometry":{"type":"Point","coordinates":[-0.14688,51.512723]}},{"type":"Feature","id":"lon_planning_designation_listed-building-outline_42164947","properties":{"city_id":"london","event_id":"lon_planning_designation_listed-building-outline_42164947","title":"Listed building outline: 116 St Martin's Lane London WC2N 4BF","short_description":"Planning Data listed-building outline record 1066286; quality authoritative; LPA Westminster.","year":1982,"effective_date":"1982-06-08","date_precision":"day","category":"built_environment","lens":"built_environment","confidence":"documented","source_ids":["lon-extra-planning-data-listed-building-outlines"],"explanation":"Planning/protection evidence record for 116 St Martin's Lane London WC2N 4BF; designation/effective date is taken from Planning Data fields where supplied."},"geometry":{"type":"Point","coordinates":[-0.127397,51.509715]}},{"type":"Feature","id":"lon_planning_designation_listed-building-outline_42165022","properties":{"city_id":"london","event_id":"lon_planning_designation_listed-building-outline_42165022","title":"Listed building outline: 44 Blenheim Terrace London NW8 0EG","short_description":"Planning Data listed-building outline record 1066414; quality authoritative; LPA Westminster.","year":1982,"effective_date":"1982-04-06","date_precision":"day","category":"built_environment","lens":"built_environment","confidence":"documented","source_ids":["lon-extra-planning-data-listed-building-outlines"],"explanation":"Planning/protection evidence record for 44 Blenheim Terrace London NW8 0EG; designation/effective date is taken from Planning Data fields where supplied."},"geometry":{"type":"Point","coordinates":[-0.183481,51.53459]}},{"type":"Feature","id":"lon_planning_designation_listed-building-outline_42165133","properties":{"city_id":"london","event_id":"lon_planning_designation_listed-building-outline_42165133","title":"Listed building outline: Cornerstone Independent Estate Agents Baker Street London NW1 6XE","short_description":"Planning Data listed-building outline record 1066506; quality authoritative; LPA Westminster.","year":1982,"effective_date":"1982-04-06","date_precision":"day","category":"built_environment","lens":"built_environment","confidence":"documented","source_ids":["lon-extra-planning-data-listed-building-outlines"],"explanation":"Planning/protection evidence record for Cornerstone Independent Estate Agents Baker Street London NW1 6XE; designation/effective date is taken from Planning Data fields where supplied."},"geometry":{"type":"Point","coordinates":[-0.158521,51.523699]}},{"type":"Feature","id":"lon_planning_designation_listed-building-outline_42165151","properties":{"city_id":"london","event_id":"lon_planning_designation_listed-building-outline_42165151","title":"Listed building outline: Second Floor 15A Hanover Street London W1S 1YJ","short_description":"Planning Data listed-building outline record 1066692; quality authoritative; LPA Westminster.","year":1982,"effective_date":"1982-06-15","date_precision":"day","category":"built_environment","lens":"built_environment","confidence":"documented","source_ids":["lon-extra-planning-data-listed-building-outlines"],"explanation":"Planning/protection evidence record for Second Floor 15A Hanover Street London W1S 1YJ; designation/effective date is taken from Planning Data fields where supplied."},"geometry":{"type":"Point","coordinates":[-0.142149,51.5137]}},{"type":"Feature","id":"lon_planning_designation_listed-building-outline_42165284","properties":{"city_id":"london","event_id":"lon_planning_designation_listed-building-outline_42165284","title":"Listed building outline: First Floor 71 George Street London W1U 8NT","short_description":"Planning Data listed-building outline record 1066779; quality authoritative; LPA Westminster.","year":1982,"effective_date":"1982-01-25","date_precision":"day","category":"built_environment","lens":"built_environment","confidence":"documented","source_ids":["lon-extra-planning-data-listed-building-outlines"],"explanation":"Planning/protection evidence record for First Floor 71 George Street London W1U 8NT; designation/effective date is taken from Planning Data fields where supplied."},"geometry":{"type":"Point","coordinates":[-0.156798,51.517072]}},{"type":"Feature","id":"lon_planning_designation_listed-building-outline_42165561","properties":{"city_id":"london","event_id":"lon_planning_designation_listed-building-outline_42165561","title":"Listed building outline: Second Floor 94 Great Portland Street London W1W 7NU","short_description":"Planning Data listed-building outline record 1213655; quality authoritative; LPA Westminster.","year":1982,"effective_date":"1982-02-25","date_precision":"day","category":"built_environment","lens":"built_environment","confidence":"documented","source_ids":["lon-extra-planning-data-listed-building-outlines"],"explanation":"Planning/protection evidence record for Second Floor 94 Great Portland Street London W1W 7NU; designation/effective date is taken from Planning Data fields where supplied."},"geometry":{"type":"Point","coordinates":[-0.14194,51.51882]}},{"type":"Feature","id":"lon_planning_designation_listed-building-outline_42165652","properties":{"city_id":"london","event_id":"lon_planning_designation_listed-building-outline_42165652","title":"Listed building outline: FORMER WELSH PRESBYTERIAN CHURCH","short_description":"Planning Data listed-building outline record 1217930; quality authoritative; LPA Westminster.","year":1982,"effective_date":"1982-02-15","date_precision":"day","category":"built_environment","lens":"built_environment","confidence":"documented","source_ids":["lon-extra-planning-data-listed-building-outlines"],"explanation":"Planning/protection evidence record for FORMER WELSH PRESBYTERIAN CHURCH; designation/effective date is taken from Planning Data fields where supplied."},"geometry":{"type":"Point","coordinates":[-0.129156,51.512837]}},{"type":"Feature","id":"lon_planning_designation_listed-building-outline_42165666","properties":{"city_id":"london","event_id":"lon_planning_designation_listed-building-outline_42165666","title":"Listed building outline: 40 Blenheim Terrace London NW8 0EG","short_description":"Planning Data listed-building outline record 1218752; quality authoritative; LPA Westminster.","year":1982,"effective_date":"1982-04-06","date_precision":"day","category":"built_environment","lens":"built_environment","confidence":"documented","source_ids":["lon-extra-planning-data-listed-building-outlines"],"explanation":"Planning/protection evidence record for 40 Blenheim Terrace London NW8 0EG; designation/effective date is taken from Planning Data fields where supplied."},"geometry":{"type":"Point","coordinates":[-0.183075,51.53478]}},{"type":"Feature","id":"lon_planning_designation_listed-building-outline_42165667","properties":{"city_id":"london","event_id":"lon_planning_designation_listed-building-outline_42165667","title":"Listed building outline: 51 Blenheim Terrace London NW8 0EJ","short_description":"Planning Data listed-building outline record 1218753; quality authoritative; LPA Westminster.","year":1982,"effective_date":"1982-04-06","date_precision":"day","category":"built_environment","lens":"built_environment","confidence":"documented","source_ids":["lon-extra-planning-data-listed-building-outlines"],"explanation":"Planning/protection evidence record for 51 Blenheim Terrace London NW8 0EJ; designation/effective date is taken from Planning Data fields where supplied."},"geometry":{"type":"Point","coordinates":[-0.182946,51.534411]}},{"type":"Feature","id":"lon_planning_designation_listed-building-outline_42165770","properties":{"city_id":"london","event_id":"lon_planning_designation_listed-building-outline_42165770","title":"Listed building outline: 43B Crawford Street London W1H 1JR","short_description":"Planning Data listed-building outline record 1220998; quality authoritative; LPA Westminster.","year":1982,"effective_date":"1982-08-03","date_precision":"day","category":"built_environment","lens":"built_environment","confidence":"documented","source_ids":["lon-extra-planning-data-listed-building-outlines"],"explanation":"Planning/protection evidence record for 43B Crawford Street London W1H 1JR; designation/effective date is taken from Planning Data fields where supplied."},"geometry":{"type":"Point","coordinates":[-0.162432,51.519407]}},{"type":"Feature","id":"lon_planning_designation_listed-building-outline_42165798","properties":{"city_id":"london","event_id":"lon_planning_designation_listed-building-outline_42165798","title":"Listed building outline: 89 Knightsbridge London SW1X 7RB","short_description":"Planning Data listed-building outline record 1221608; quality authoritative; LPA Westminster.","year":1982,"effective_date":"1982-06-08","date_precision":"day","category":"built_environment","lens":"built_environment","confidence":"documented","source_ids":["lon-extra-planning-data-listed-building-outlines"],"explanation":"Planning/protection evidence record for 89 Knightsbridge London SW1X 7RB; designation/effective date is taken from Planning Data fields where supplied."},"geometry":{"type":"Point","coordinates":[-0.157513,51.502094]}},{"type":"Feature","id":"lon_planning_designation_listed-building-outline_42165800","properties":{"city_id":"london","event_id":"lon_planning_designation_listed-building-outline_42165800","title":"Listed building outline: 239 Knightsbridge London SW7 1DJ","short_description":"Planning Data listed-building outline record 1221631; quality authoritative; LPA Westminster.","year":1982,"effective_date":"1982-05-21","date_precision":"day","category":"built_environment","lens":"built_environment","confidence":"documented","source_ids":["lon-extra-planning-data-listed-building-outlines"],"explanation":"Planning/protection evidence record for 239 Knightsbridge London SW7 1DJ; designation/effective date is taken from Planning Data fields where supplied."},"geometry":{"type":"Point","coordinates":[-0.16516,51.501375]}},{"type":"Feature","id":"lon_planning_designation_listed-building-outline_42165824","properties":{"city_id":"london","event_id":"lon_planning_designation_listed-building-outline_42165824","title":"Listed building outline: Hill House Knightsbridge London SW7 1DN","short_description":"Planning Data listed-building outline record 1221634; quality authoritative; LPA Westminster.","year":1982,"effective_date":"1982-05-21","date_precision":"day","category":"built_environment","lens":"built_environment","confidence":"documented","source_ids":["lon-extra-planning-data-listed-building-outlines"],"explanation":"Planning/protection evidence record for Hill House Knightsbridge London SW7 1DN; designation/effective date is taken from Planning Data fields where supplied."},"geometry":{"type":"Point","coordinates":[-0.16538,51.501384]}},{"type":"Feature","id":"lon_planning_designation_listed-building-outline_42165845","properties":{"city_id":"london","event_id":"lon_planning_designation_listed-building-outline_42165845","title":"Listed building outline: 135 Lisson Grove London NW1 6UP","short_description":"Planning Data listed-building outline record 1222106; quality authoritative; LPA Westminster.","year":1982,"effective_date":"1982-04-06","date_precision":"day","category":"built_environment","lens":"built_environment","confidence":"documented","source_ids":["lon-extra-planning-data-listed-building-outlines"],"explanation":"Planning/protection evidence record for 135 Lisson Grove London NW1 6UP; designation/effective date is taken from Planning Data fields where supplied."},"geometry":{"type":"Point","coordinates":[-0.168231,51.524433]}},{"type":"Feature","id":"lon_planning_designation_listed-building-outline_42165853","properties":{"city_id":"london","event_id":"lon_planning_designation_listed-building-outline_42165853","title":"Listed building outline: 11 Little Newport Street London WC2H 7JJ","short_description":"Planning Data listed-building outline record 1222206; quality authoritative; LPA Westminster.","year":1982,"effective_date":"1982-02-15","date_precision":"day","category":"built_environment","lens":"built_environment","confidence":"documented","source_ids":["lon-extra-planning-data-listed-building-outlines"],"explanation":"Planning/protection evidence record for 11 Little Newport Street London WC2H 7JJ; designation/effective date is taken from Planning Data fields where supplied."},"geometry":{"type":"Point","coordinates":[-0.128976,51.511816]}},{"type":"Feature","id":"lon_planning_designation_listed-building-outline_42165856","properties":{"city_id":"london","event_id":"lon_planning_designation_listed-building-outline_42165856","title":"Listed building outline: 8 Little Newport Street London WC2H 7JJ","short_description":"Planning Data listed-building outline record 1222291; quality authoritative; LPA Westminster.","year":1982,"effective_date":"1982-02-15","date_precision":"day","category":"built_environment","lens":"built_environment","confidence":"documented","source_ids":["lon-extra-planning-data-listed-building-outlines"],"explanation":"Planning/protection evidence record for 8 Little Newport Street London WC2H 7JJ; designation/effective date is taken from Planning Data fields where supplied."},"geometry":{"type":"Point","coordinates":[-0.12912,51.511827]}},{"type":"Feature","id":"lon_planning_designation_listed-building-outline_42165857","properties":{"city_id":"london","event_id":"lon_planning_designation_listed-building-outline_42165857","title":"Listed building outline: 15 Little Newport Street London WC2H 7JJ","short_description":"Planning Data listed-building outline record 1222300; quality authoritative; LPA Westminster.","year":1982,"effective_date":"1982-02-15","date_precision":"day","category":"built_environment","lens":"built_environment","confidence":"documented","source_ids":["lon-extra-planning-data-listed-building-outlines"],"explanation":"Planning/protection evidence record for 15 Little Newport Street London WC2H 7JJ; designation/effective date is taken from Planning Data fields where supplied."},"geometry":{"type":"Point","coordinates":[-0.128722,51.511785]}},{"type":"Feature","id":"lon_planning_designation_listed-building-outline_42165897","properties":{"city_id":"london","event_id":"lon_planning_designation_listed-building-outline_42165897","title":"Listed building outline: Third Floor Left 40 Langham Street London W1W 7AS","short_description":"Planning Data listed-building outline record 1221807; quality authoritative; LPA Westminster.","year":1982,"effective_date":"1982-02-25","date_precision":"day","category":"built_environment","lens":"built_environment","confidence":"documented","source_ids":["lon-extra-planning-data-listed-building-outlines"],"explanation":"Planning/protection evidence record for Third Floor Left 40 Langham Street London W1W 7AS; designation/effective date is taken from Planning Data fields where supplied."},"geometry":{"type":"Point","coordinates":[-0.141602,51.518844]}},{"type":"Feature","id":"lon_planning_designation_listed-building-outline_42165898","properties":{"city_id":"london","event_id":"lon_planning_designation_listed-building-outline_42165898","title":"Listed building outline: 42 Langham Street London W1W 7AT","short_description":"Planning Data listed-building outline record 1221818; quality authoritative; LPA Westminster.","year":1982,"effective_date":"1982-02-25","date_precision":"day","category":"built_environment","lens":"built_environment","confidence":"documented","source_ids":["lon-extra-planning-data-listed-building-outlines"],"explanation":"Planning/protection evidence record for 42 Langham Street London W1W 7AT; designation/effective date is taken from Planning Data fields where supplied."},"geometry":{"type":"Point","coordinates":[-0.141507,51.51886]}},{"type":"Feature","id":"lon_planning_designation_listed-building-outline_42165978","properties":{"city_id":"london","event_id":"lon_planning_designation_listed-building-outline_42165978","title":"Listed building outline: Basement Flat 8 Molyneux Street London W1H 5HP","short_description":"Planning Data listed-building outline record 1222937; quality authoritative; LPA Westminster.","year":1982,"effective_date":"1982-08-05","date_precision":"day","category":"built_environment","lens":"built_environment","confidence":"documented","source_ids":["lon-extra-planning-data-listed-building-outlines"],"explanation":"Planning/protection evidence record for Basement Flat 8 Molyneux Street London W1H 5HP; designation/effective date is taken from Planning Data fields where supplied."},"geometry":{"type":"Point","coordinates":[-0.164873,51.518125]}},{"type":"Feature","id":"lon_planning_designation_listed-building-outline_42165979","properties":{"city_id":"london","event_id":"lon_planning_designation_listed-building-outline_42165979","title":"Listed building outline: Flat 3 19 Molyneux Street London W1H 5HN","short_description":"Planning Data listed-building outline record 1222938; quality authoritative; LPA Westminster.","year":1982,"effective_date":"1982-08-05","date_precision":"day","category":"built_environment","lens":"built_environment","confidence":"documented","source_ids":["lon-extra-planning-data-listed-building-outlines"],"explanation":"Planning/protection evidence record for Flat 3 19 Molyneux Street London W1H 5HN; designation/effective date is taken from Planning Data fields where supplied."},"geometry":{"type":"Point","coordinates":[-0.164316,51.51771]}},{"type":"Feature","id":"lon_planning_designation_listed-building-outline_42165980","properties":{"city_id":"london","event_id":"lon_planning_designation_listed-building-outline_42165980","title":"Listed building outline: 28 Molyneux Street London W1H 5HW","short_description":"Planning Data listed-building outline record 1222939; quality authoritative; LPA Westminster.","year":1982,"effective_date":"1982-08-05","date_precision":"day","category":"built_environment","lens":"built_environment","confidence":"documented","source_ids":["lon-extra-planning-data-listed-building-outlines"],"explanation":"Planning/protection evidence record for 28 Molyneux Street London W1H 5HW; designation/effective date is taken from Planning Data fields where supplied."},"geometry":{"type":"Point","coordinates":[-0.164128,51.517954]}},{"type":"Feature","id":"lon_planning_designation_listed-building-outline_42166008","properties":{"city_id":"london","event_id":"lon_planning_designation_listed-building-outline_42166008","title":"Listed building outline: 4 St John's Wood Terrace London NW8 6JJ","short_description":"Planning Data listed-building outline record 1264818; quality authoritative; LPA Westminster.","year":1982,"effective_date":"1982-04-06","date_precision":"day","category":"built_environment","lens":"built_environment","confidence":"documented","source_ids":["lon-extra-planning-data-listed-building-outlines"],"explanation":"Planning/protection evidence record for 4 St John's Wood Terrace London NW8 6JJ; designation/effective date is taken from Planning Data fields where supplied."},"geometry":{"type":"Point","coordinates":[-0.170799,51.534055]}},{"type":"Feature","id":"lon_planning_designation_listed-building-outline_42166036","properties":{"city_id":"london","event_id":"lon_planning_designation_listed-building-outline_42166036","title":"Listed building outline: 19 Kingly Street London W1B 5PY","short_description":"Planning Data listed-building outline record 1275075; quality authoritative; LPA Westminster.","year":1982,"effective_date":"1982-05-13","date_precision":"day","category":"built_environment","lens":"built_environment","confidence":"documented","source_ids":["lon-extra-planning-data-listed-building-outlines"],"explanation":"Planning/protection evidence record for 19 Kingly Street London W1B 5PY; designation/effective date is taken from Planning Data fields where supplied."},"geometry":{"type":"Point","coordinates":[-0.139514,51.512926]}},{"type":"Feature","id":"lon_planning_designation_listed-building-outline_42166060","properties":{"city_id":"london","event_id":"lon_planning_designation_listed-building-outline_42166060","title":"Listed building outline: Second Floor And Third Floor Maisonette 18 Newport Court London WC2H 7JS","short_description":"Planning Data listed-building outline record 1266705; quality authoritative; LPA Westminster.","year":1982,"effective_date":"1982-02-15","date_precision":"day","category":"built_environment","lens":"built_environment","confidence":"documented","source_ids":["lon-extra-planning-data-listed-building-outlines"],"explanation":"Planning/protection evidence record for Second Floor And Third Floor Maisonette 18 Newport Court London WC2H 7JS; designation/effective date is taken from Planning Data fields where supplied."},"geometry":{"type":"Point","coordinates":[-0.128712,51.511849]}},{"type":"Feature","id":"lon_planning_designation_listed-building-outline_42166575","properties":{"city_id":"london","event_id":"lon_planning_designation_listed-building-outline_42166575","title":"Listed building outline: 14 Little Newport Street London WC2H 7JJ","short_description":"Planning Data listed-building outline record 1274783; quality authoritative; LPA Westminster.","year":1982,"effective_date":"1982-02-15","date_precision":"day","category":"built_environment","lens":"built_environment","confidence":"documented","source_ids":["lon-extra-planning-data-listed-building-outlines"],"explanation":"Planning/protection evidence record for 14 Little Newport Street London WC2H 7JJ; designation/effective date is taken from Planning Data fields where supplied."},"geometry":{"type":"Point","coordinates":[-0.128797,51.511801]}},{"type":"Feature","id":"lon_planning_designation_listed-building-outline_42166604","properties":{"city_id":"london","event_id":"lon_planning_designation_listed-building-outline_42166604","title":"Listed building outline: 68 MOUNT STREET 14-22 PARK STREET London W1K 2HZ","short_description":"Planning Data listed-building outline record 1265987; quality authoritative; LPA Westminster.","year":1982,"effective_date":"1982-08-19","date_precision":"day","category":"built_environment","lens":"built_environment","confidence":"documented","source_ids":["lon-extra-planning-data-listed-building-outlines"],"explanation":"Planning/protection evidence record for 68 MOUNT STREET 14-22 PARK STREET London W1K 2HZ; designation/effective date is taken from Planning Data fields where supplied."},"geometry":{"type":"Point","coordinates":[-0.153387,51.508929]}},{"type":"Feature","id":"lon_planning_designation_listed-building-outline_42166614","properties":{"city_id":"london","event_id":"lon_planning_designation_listed-building-outline_42166614","title":"Listed building outline: 123 Lisson Grove London NW1 6UP","short_description":"Planning Data listed-building outline record 1274818; quality authoritative; LPA Westminster.","year":1982,"effective_date":"1982-04-06","date_precision":"day","category":"built_environment","lens":"built_environment","confidence":"documented","source_ids":["lon-extra-planning-data-listed-building-outlines"],"explanation":"Planning/protection evidence record for 123 Lisson Grove London NW1 6UP; designation/effective date is taken from Planning Data fields where supplied."},"geometry":{"type":"Point","coordinates":[-0.167753,51.524065]}},{"type":"Feature","id":"lon_planning_designation_listed-building-outline_42166669","properties":{"city_id":"london","event_id":"lon_planning_designation_listed-building-outline_42166669","title":"Listed building outline: Ground Floor West 38 Langham Street London W1W 7AR","short_description":"Planning Data listed-building outline record 1274985; quality authoritative; LPA Westminster.","year":1982,"effective_date":"1982-02-25","date_precision":"day","category":"built_environment","lens":"built_environment","confidence":"documented","source_ids":["lon-extra-planning-data-listed-building-outlines"],"explanation":"Planning/protection evidence record for Ground Floor West 38 Langham Street London W1W 7AR; designation/effective date is taken from Planning Data fields where supplied."},"geometry":{"type":"Point","coordinates":[-0.1417,51.518826]}},{"type":"Feature","id":"lon_planning_designation_listed-building-outline_42166693","properties":{"city_id":"london","event_id":"lon_planning_designation_listed-building-outline_42166693","title":"Listed building outline: 4 Shouldham Street London W1H 5FQ","short_description":"Planning Data listed-building outline record 1264695; quality authoritative; LPA Westminster.","year":1982,"effective_date":"1982-04-05","date_precision":"day","category":"built_environment","lens":"built_environment","confidence":"documented","source_ids":["lon-extra-planning-data-listed-building-outlines"],"explanation":"Planning/protection evidence record for 4 Shouldham Street London W1H 5FQ; designation/effective date is taken from Planning Data fields where supplied."},"geometry":{"type":"Point","coordinates":[-0.164514,51.518478]}},{"type":"Feature","id":"lon_planning_designation_listed-building-outline_42166879","properties":{"city_id":"london","event_id":"lon_planning_designation_listed-building-outline_42166879","title":"Listed building outline: Basement 4 - 8 Newport Place London WC2H 7JP","short_description":"Planning Data listed-building outline record 1224688; quality authoritative; LPA Westminster.","year":1982,"effective_date":"1982-02-15","date_precision":"day","category":"built_environment","lens":"built_environment","confidence":"documented","source_ids":["lon-extra-planning-data-listed-building-outlines"],"explanation":"Planning/protection evidence record for Basement 4 - 8 Newport Place London WC2H 7JP; designation/effective date is taken from Planning Data fields where supplied."},"geometry":{"type":"Point","coordinates":[-0.12942,51.511915]}},{"type":"Feature","id":"lon_planning_designation_listed-building-outline_42167034","properties":{"city_id":"london","event_id":"lon_planning_designation_listed-building-outline_42167034","title":"Listed building outline: 1 Queen's Grove London NW8 6EL","short_description":"Planning Data listed-building outline record 1227420; quality authoritative; LPA Westminster.","year":1982,"effective_date":"1982-04-06","date_precision":"day","category":"built_environment","lens":"built_environment","confidence":"documented","source_ids":["lon-extra-planning-data-listed-building-outlines"],"explanation":"Planning/protection evidence record for 1 Queen's Grove London NW8 6EL; designation/effective date is taken from Planning Data fields where supplied."},"geometry":{"type":"Point","coordinates":[-0.174848,51.536758]}},{"type":"Feature","id":"lon_planning_designation_listed-building-outline_42167035","properties":{"city_id":"london","event_id":"lon_planning_designation_listed-building-outline_42167035","title":"Listed building outline: 2-22, QUEEN'S GROVE London NW8 6EL","short_description":"Planning Data listed-building outline record 1227421; quality authoritative; LPA Westminster.","year":1982,"effective_date":"1982-04-06","date_precision":"day","category":"built_environment","lens":"built_environment","confidence":"documented","source_ids":["lon-extra-planning-data-listed-building-outlines"],"explanation":"Planning/protection evidence record for 2-22, QUEEN'S GROVE London NW8 6EL; designation/effective date is taken from Planning Data fields where supplied."},"geometry":{"type":"Point","coordinates":[-0.174189,51.537082]}},{"type":"Feature","id":"lon_planning_designation_listed-building-outline_42167199","properties":{"city_id":"london","event_id":"lon_planning_designation_listed-building-outline_42167199","title":"Listed building outline: Lords Banqueting Suite St John's Wood Road London NW8 8QZ","short_description":"Planning Data listed-building outline record 1235992; quality authoritative; LPA Westminster.","year":1982,"effective_date":"1982-09-03","date_precision":"day","category":"built_environment","lens":"built_environment","confidence":"documented","source_ids":["lon-extra-planning-data-listed-building-outlines"],"explanation":"Planning/protection evidence record for Lords Banqueting Suite St John's Wood Road London NW8 8QZ; designation/effective date is taken from Planning Data fields where supplied."},"geometry":{"type":"Point","coordinates":[-0.173898,51.528966]}},{"type":"Feature","id":"lon_planning_designation_listed-building-outline_42167200","properties":{"city_id":"london","event_id":"lon_planning_designation_listed-building-outline_42167200","title":"Listed building outline: 9-23, ST JOHN'S WOOD TERRACE NW8 6JJ","short_description":"Planning Data listed-building outline record 1236016; quality authoritative; LPA Westminster.","year":1982,"effective_date":"1982-04-06","date_precision":"day","category":"built_environment","lens":"built_environment","confidence":"documented","source_ids":["lon-extra-planning-data-listed-building-outlines"],"explanation":"Planning/protection evidence record for 9-23, ST JOHN'S WOOD TERRACE NW8 6JJ; designation/effective date is taken from Planning Data fields where supplied."},"geometry":{"type":"Point","coordinates":[-0.170209,51.534309]}},{"type":"Feature","id":"lon_planning_designation_listed-building-outline_42167201","properties":{"city_id":"london","event_id":"lon_planning_designation_listed-building-outline_42167201","title":"Listed building outline: 24 St John's Wood Terrace London NW8 6JL","short_description":"Planning Data listed-building outline record 1236017; quality authoritative; LPA Westminster.","year":1982,"effective_date":"1982-04-06","date_precision":"day","category":"built_environment","lens":"built_environment","confidence":"documented","source_ids":["lon-extra-planning-data-listed-building-outlines"],"explanation":"Planning/protection evidence record for 24 St John's Wood Terrace London NW8 6JL; designation/effective date is taken from Planning Data fields where supplied."},"geometry":{"type":"Point","coordinates":[-0.169391,51.534684]}},{"type":"Feature","id":"lon_planning_designation_listed-building-outline_42167339","properties":{"city_id":"london","event_id":"lon_planning_designation_listed-building-outline_42167339","title":"Listed building outline: 16 Shouldham Street London W1H 5FL","short_description":"Planning Data listed-building outline record 1236243; quality authoritative; LPA Westminster.","year":1982,"effective_date":"1982-08-05","date_precision":"day","category":"built_environment","lens":"built_environment","confidence":"documented","source_ids":["lon-extra-planning-data-listed-building-outlines"],"explanation":"Planning/protection evidence record for 16 Shouldham Street London W1H 5FL; designation/effective date is taken from Planning Data fields where supplied."},"geometry":{"type":"Point","coordinates":[-0.163828,51.518031]}},{"type":"Feature","id":"lon_planning_designation_listed-building-outline_42167442","properties":{"city_id":"london","event_id":"lon_planning_designation_listed-building-outline_42167442","title":"Listed building outline: First Floor 9 Dufour's Place London W1F 7SJ","short_description":"Planning Data listed-building outline record 1239704; quality authoritative; LPA Westminster.","year":1982,"effective_date":"1982-09-28","date_precision":"day","category":"built_environment","lens":"built_environment","confidence":"documented","source_ids":["lon-extra-planning-data-listed-building-outlines"],"explanation":"Planning/protection evidence record for First Floor 9 Dufour's Place London W1F 7SJ; designation/effective date is taken from Planning Data fields where supplied."},"geometry":{"type":"Point","coordinates":[-0.13752,51.513763]}},{"type":"Feature","id":"lon_planning_designation_listed-building-outline_42167548","properties":{"city_id":"london","event_id":"lon_planning_designation_listed-building-outline_42167548","title":"Listed building outline: Flat 3 33 Upper Berkeley Street London W1H 5QE","short_description":"Planning Data listed-building outline record 1357333; quality authoritative; LPA Westminster.","year":1982,"effective_date":"1982-11-11","date_precision":"day","category":"built_environment","lens":"built_environment","confidence":"documented","source_ids":["lon-extra-planning-data-listed-building-outlines"],"explanation":"Planning/protection evidence record for Flat 3 33 Upper Berkeley Street London W1H 5QE; designation/effective date is taken from Planning Data fields where supplied."},"geometry":{"type":"Point","coordinates":[-0.161927,51.515319]}},{"type":"Feature","id":"lon_planning_designation_listed-building-outline_42167733","properties":{"city_id":"london","event_id":"lon_planning_designation_listed-building-outline_42167733","title":"Listed building outline: 245 - 247 Baker Street London NW1 6XE","short_description":"Planning Data listed-building outline record 1357191; quality authoritative; LPA Westminster.","year":1982,"effective_date":"1982-04-06","date_precision":"day","category":"built_environment","lens":"built_environment","confidence":"documented","source_ids":["lon-extra-planning-data-listed-building-outlines"],"explanation":"Planning/protection evidence record for 245 - 247 Baker Street London NW1 6XE; designation/effective date is taken from Planning Data fields where supplied."},"geometry":{"type":"Point","coordinates":[-0.15864,51.523931]}},{"type":"Feature","id":"lon_planning_designation_listed-building-outline_42172722","properties":{"city_id":"london","event_id":"lon_planning_designation_listed-building-outline_42172722","title":"Listed building outline: Curtilage of CARBIS COTTAGE","short_description":"Planning Data listed-building outline record 1357629C; quality authoritative; LPA Waltham Forest.","year":1982,"effective_date":"1982-12-23","date_precision":"day","category":"built_environment","lens":"built_environment","confidence":"documented","source_ids":["lon-extra-planning-data-listed-building-outlines"],"explanation":"Planning/protection evidence record for Curtilage of CARBIS COTTAGE; designation/effective date is taken from Planning Data fields where supplied."},"geometry":{"type":"Point","coordinates":[0.002249,51.631613]}},{"type":"Feature","id":"lon_planning_designation_listed-building-outline_42182787","properties":{"city_id":"london","event_id":"lon_planning_designation_listed-building-outline_42182787","title":"Listed building outline: SECOND CHURCH OF CHRIST SCIENTIST","short_description":"Planning Data listed-building outline record 1357414; quality authoritative; LPA Kensington and Chelsea.","year":1982,"effective_date":"1982-03-09","date_precision":"day","category":"built_environment","lens":"built_environment","confidence":"documented","source_ids":["lon-extra-planning-data-listed-building-outlines"],"explanation":"Planning/protection evidence record for SECOND CHURCH OF CHRIST SCIENTIST; designation/effective date is taken from Planning Data fields where supplied."},"geometry":{"type":"Point","coordinates":[-0.193279,51.508399]}},{"type":"Feature","id":"lon_planning_designation_listed-building-outline_42182976","properties":{"city_id":"london","event_id":"lon_planning_designation_listed-building-outline_42182976","title":"Listed building outline: 10 PALACE GATE","short_description":"Planning Data listed-building outline record 1357457; quality authoritative; LPA Kensington and Chelsea.","year":1982,"effective_date":"1982-03-09","date_precision":"day","category":"built_environment","lens":"built_environment","confidence":"documented","source_ids":["lon-extra-planning-data-listed-building-outlines"],"explanation":"Planning/protection evidence record for 10 PALACE GATE; designation/effective date is taken from Planning Data fields where supplied."},"geometry":{"type":"Point","coordinates":[-0.183613,51.499955]}},{"type":"Feature","id":"lon_planning_designation_listed-building-outline_42183031","properties":{"city_id":"london","event_id":"lon_planning_designation_listed-building-outline_42183031","title":"Listed building outline: 33 AND 35 LANSDOWNE ROAD","short_description":"Planning Data listed-building outline record 1266446; quality authoritative; LPA Kensington and Chelsea.","year":1982,"effective_date":"1982-01-18","date_precision":"day","category":"built_environment","lens":"built_environment","confidence":"documented","source_ids":["lon-extra-planning-data-listed-building-outlines"],"explanation":"Planning/protection evidence record for 33 AND 35 LANSDOWNE ROAD; designation/effective date is taken from Planning Data fields where supplied."},"geometry":{"type":"Point","coordinates":[-0.208017,51.510427]}},{"type":"Feature","id":"lon_planning_designation_listed-building-outline_42183153","properties":{"city_id":"london","event_id":"lon_planning_designation_listed-building-outline_42183153","title":"Listed building outline: MALLORD HOUSE","short_description":"Planning Data listed-building outline record 1225537; quality authoritative; LPA Kensington and Chelsea.","year":1982,"effective_date":"1982-03-09","date_precision":"day","category":"built_environment","lens":"built_environment","confidence":"documented","source_ids":["lon-extra-planning-data-listed-building-outlines"],"explanation":"Planning/protection evidence record for MALLORD HOUSE; designation/effective date is taken from Planning Data fields where supplied."},"geometry":{"type":"Point","coordinates":[-0.173646,51.486285]}},{"type":"Feature","id":"lon_planning_designation_listed-building-outline_42189288","properties":{"city_id":"london","event_id":"lon_planning_designation_listed-building-outline_42189288","title":"Listed building outline: OLYMPIA CONVOY'S WHARF PRINCE STREET Deptford Royal Dockyard DEPTFORD","short_description":"Planning Data listed-building outline record 1213012; quality authoritative; LPA Lewisham.","year":1982,"effective_date":"1982-12-09","date_precision":"day","category":"built_environment","lens":"built_environment","confidence":"documented","source_ids":["lon-extra-planning-data-listed-building-outlines"],"explanation":"Planning/protection evidence record for OLYMPIA CONVOY'S WHARF PRINCE STREET Deptford Royal Dockyard DEPTFORD; designation/effective date is taken from Planning Data fields where supplied."},"geometry":{"type":"Point","coordinates":[-0.028282,51.485936]}},{"type":"Feature","id":"lon_planning_designation_listed-building-outline_42192545","properties":{"city_id":"london","event_id":"lon_planning_designation_listed-building-outline_42192545","title":"Listed building outline: Cemetery Chapels, Willesden Lane, Kilburn, London, NW6 7SD","short_description":"Planning Data listed-building outline record LB34; quality authoritative; LPA Brent.","year":1982,"effective_date":"1982-05-27","date_precision":"day","category":"built_environment","lens":"built_environment","confidence":"documented","source_ids":["lon-extra-planning-data-listed-building-outlines"],"explanation":"Planning/protection evidence record for Cemetery Chapels, Willesden Lane, Kilburn, London, NW6 7SD; designation/effective date is taken from Planning Data fields where supplied."},"geometry":{"type":"Point","coordinates":[-0.205403,51.539299]}},{"type":"Feature","id":"lon_planning_designation_listed-building-outline_42192678","properties":{"city_id":"london","event_id":"lon_planning_designation_listed-building-outline_42192678","title":"Listed building outline: Avigdor Hirsch Torah Temimah Primary School, Parkside, London, NW2 6RJ","short_description":"Planning Data listed-building outline record LB166; quality authoritative; LPA Brent.","year":1982,"effective_date":"1982-03-09","date_precision":"day","category":"built_environment","lens":"built_environment","confidence":"documented","source_ids":["lon-extra-planning-data-listed-building-outlines"],"explanation":"Planning/protection evidence record for Avigdor Hirsch Torah Temimah Primary School, Parkside, London, NW2 6RJ; designation/effective date is taken from Planning Data fields where supplied."},"geometry":{"type":"Point","coordinates":[-0.232334,51.558737]}},{"type":"Feature","id":"lon_planning_designation_listed-building-outline_42224949","properties":{"city_id":"london","event_id":"lon_planning_designation_listed-building-outline_42224949","title":"Listed building outline: ST ANNE'S HOUSE","short_description":"Planning Data listed-building outline record 1359051; quality authoritative; LPA Barnet.","year":1982,"effective_date":"1982-03-17","date_precision":"day","category":"built_environment","lens":"built_environment","confidence":"documented","source_ids":["lon-extra-planning-data-listed-building-outlines"],"explanation":"Planning/protection evidence record for ST ANNE'S HOUSE; designation/effective date is taken from Planning Data fields where supplied."},"geometry":{"type":"Point","coordinates":[-0.175479,51.590426]}},{"type":"Feature","id":"lon_planning_designation_tree-preservation-zone_19114925","properties":{"city_id":"london","event_id":"lon_planning_designation_tree-preservation-zone_19114925","title":"Tree preservation zone: The London Borough of Barnet (St. Michael's Convent Nether Street, N.12.) Tree Preservation Order 1982 made under The To","short_description":"Planning Data tree-preservation zone record TPO/CA/137/G1; quality authoritative; LPA Barnet.","year":1982,"effective_date":"1982-02-09","date_precision":"day","category":"built_environment","lens":"built_environment","confidence":"documented","source_ids":["lon-extra-planning-data-tree-preservation-zones"],"explanation":"Planning/protection evidence record for The London Borough of Barnet (St. Michael's Convent Nether Street, N.12.) Tree Preservation Order 1982 made under The To; designation/effective date is taken from Planning Data fields where supplied."},"geometry":{"type":"Point","coordinates":[-0.179789,51.614053]}},{"type":"Feature","id":"lon_planning_designation_tree-preservation-zone_19114926","properties":{"city_id":"london","event_id":"lon_planning_designation_tree-preservation-zone_19114926","title":"Tree preservation zone: The London Borough of Barnet (St. Michael's Convent Nether Street, N.12.) Tree Preservation Order 1982 made under The To","short_description":"Planning Data tree-preservation zone record TPO/CA/137/G2; quality authoritative; LPA Barnet.","year":1982,"effective_date":"1982-02-09","date_precision":"day","category":"built_environment","lens":"built_environment","confidence":"documented","source_ids":["lon-extra-planning-data-tree-preservation-zones"],"explanation":"Planning/protection evidence record for The London Borough of Barnet (St. Michael's Convent Nether Street, N.12.) Tree Preservation Order 1982 made under The To; designation/effective date is taken from Planning Data fields where supplied."},"geometry":{"type":"Point","coordinates":[-0.180143,51.614327]}},{"type":"Feature","id":"lon_planning_designation_tree-preservation-zone_19114927","properties":{"city_id":"london","event_id":"lon_planning_designation_tree-preservation-zone_19114927","title":"Tree preservation zone: The London Borough of Barnet (St. Michael's Convent Nether Street, N.12.) Tree Preservation Order 1982 made under The To","short_description":"Planning Data tree-preservation zone record TPO/CA/137/G3; quality authoritative; LPA Barnet.","year":1982,"effective_date":"1982-02-09","date_precision":"day","category":"built_environment","lens":"built_environment","confidence":"documented","source_ids":["lon-extra-planning-data-tree-preservation-zones"],"explanation":"Planning/protection evidence record for The London Borough of Barnet (St. Michael's Convent Nether Street, N.12.) Tree Preservation Order 1982 made under The To; designation/effective date is taken from Planning Data fields where supplied."},"geometry":{"type":"Point","coordinates":[-0.180159,51.614638]}},{"type":"Feature","id":"lon_planning_designation_tree-preservation-zone_19114928","properties":{"city_id":"london","event_id":"lon_planning_designation_tree-preservation-zone_19114928","title":"Tree preservation zone: The London Borough of Barnet (Norman Court 395 Nether Street, Finchley, N.3.) Tree Preservation Order 1982 made under Th","short_description":"Planning Data tree-preservation zone record TPO/CA/138/G1; quality authoritative; LPA Barnet.","year":1982,"effective_date":"1982-01-29","date_precision":"day","category":"built_environment","lens":"built_environment","confidence":"documented","source_ids":["lon-extra-planning-data-tree-preservation-zones"],"explanation":"Planning/protection evidence record for The London Borough of Barnet (Norman Court 395 Nether Street, Finchley, N.3.) Tree Preservation Order 1982 made under Th; designation/effective date is taken from Planning Data fields where supplied."},"geometry":{"type":"Point","coordinates":[-0.194042,51.603428]}},{"type":"Feature","id":"lon_planning_designation_tree-preservation-zone_19114929","properties":{"city_id":"london","event_id":"lon_planning_designation_tree-preservation-zone_19114929","title":"Tree preservation zone: The London Borough of Barnet (Norman Court 395 Nether Street, Finchley, N.3.) Tree Preservation Order 1982 made under Th","short_description":"Planning Data tree-preservation zone record TPO/CA/138/G2; quality authoritative; LPA Barnet.","year":1982,"effective_date":"1982-01-29","date_precision":"day","category":"built_environment","lens":"built_environment","confidence":"documented","source_ids":["lon-extra-planning-data-tree-preservation-zones"],"explanation":"Planning/protection evidence record for The London Borough of Barnet (Norman Court 395 Nether Street, Finchley, N.3.) Tree Preservation Order 1982 made under Th; designation/effective date is taken from Planning Data fields where supplied."},"geometry":{"type":"Point","coordinates":[-0.194008,51.602573]}},{"type":"Feature","id":"lon_planning_designation_tree-preservation-zone_19114935","properties":{"city_id":"london","event_id":"lon_planning_designation_tree-preservation-zone_19114935","title":"Tree preservation zone: The London Borough of Barnet (St. John the Baptist Church/Churchyard, Wood Street, Barnet) Tree Preservation Order 1982","short_description":"Planning Data tree-preservation zone record TPO/CA/141/G1; quality authoritative; LPA Barnet.","year":1982,"effective_date":"1982-02-09","date_precision":"day","category":"built_environment","lens":"built_environment","confidence":"documented","source_ids":["lon-extra-planning-data-tree-preservation-zones"],"explanation":"Planning/protection evidence record for The London Borough of Barnet (St. John the Baptist Church/Churchyard, Wood Street, Barnet) Tree Preservation Order 1982; designation/effective date is taken from Planning Data fields where supplied."},"geometry":{"type":"Point","coordinates":[-0.20147,51.653407]}},{"type":"Feature","id":"lon_planning_designation_tree-preservation-zone_19114936","properties":{"city_id":"london","event_id":"lon_planning_designation_tree-preservation-zone_19114936","title":"Tree preservation zone: The London Borough of Barnet (St. John the Baptist Church/Churchyard, Wood Street, Barnet) Tree Preservation Order 1982","short_description":"Planning Data tree-preservation zone record TPO/CA/141/G2; quality authoritative; LPA Barnet.","year":1982,"effective_date":"1982-02-09","date_precision":"day","category":"built_environment","lens":"built_environment","confidence":"documented","source_ids":["lon-extra-planning-data-tree-preservation-zones"],"explanation":"Planning/protection evidence record for The London Borough of Barnet (St. John the Baptist Church/Churchyard, Wood Street, Barnet) Tree Preservation Order 1982; designation/effective date is taken from Planning Data fields where supplied."},"geometry":{"type":"Point","coordinates":[-0.201329,51.653226]}},{"type":"Feature","id":"lon_planning_designation_tree-preservation-zone_19114937","properties":{"city_id":"london","event_id":"lon_planning_designation_tree-preservation-zone_19114937","title":"Tree preservation zone: The London Borough of Barnet (Vacant land at Potters Lane/Great North Road, Barnet) Tree Preservation Order 1982 made un","short_description":"Planning Data tree-preservation zone record TPO/CA/143/G1; quality authoritative; LPA Barnet.","year":1982,"effective_date":"1982-05-19","date_precision":"day","category":"built_environment","lens":"built_environment","confidence":"documented","source_ids":["lon-extra-planning-data-tree-preservation-zones"],"explanation":"Planning/protection evidence record for The London Borough of Barnet (Vacant land at Potters Lane/Great North Road, Barnet) Tree Preservation Order 1982 made un; designation/effective date is taken from Planning Data fields where supplied."},"geometry":{"type":"Point","coordinates":[-0.190027,51.648672]}},{"type":"Feature","id":"lon_planning_designation_tree-preservation-zone_19114938","properties":{"city_id":"london","event_id":"lon_planning_designation_tree-preservation-zone_19114938","title":"Tree preservation zone: The London Borough of Barnet (Vacant land at Potters Lane/Great North Road, Barnet) Tree Preservation Order 1982 made un","short_description":"Planning Data tree-preservation zone record TPO/CA/143/G2; quality authoritative; LPA Barnet.","year":1982,"effective_date":"1982-05-19","date_precision":"day","category":"built_environment","lens":"built_environment","confidence":"documented","source_ids":["lon-extra-planning-data-tree-preservation-zones"],"explanation":"Planning/protection evidence record for The London Borough of Barnet (Vacant land at Potters Lane/Great North Road, Barnet) Tree Preservation Order 1982 made un; designation/effective date is taken from Planning Data fields where supplied."},"geometry":{"type":"Point","coordinates":[-0.18955,51.64844]}},{"type":"Feature","id":"lon_planning_designation_tree-preservation-zone_19114939","properties":{"city_id":"london","event_id":"lon_planning_designation_tree-preservation-zone_19114939","title":"Tree preservation zone: The London Borough of Barnet (Vacant land at Potters Lane/Great North Road, Barnet) Tree Preservation Order 1982 made un","short_description":"Planning Data tree-preservation zone record TPO/CA/143/G3; quality authoritative; LPA Barnet.","year":1982,"effective_date":"1982-05-19","date_precision":"day","category":"built_environment","lens":"built_environment","confidence":"documented","source_ids":["lon-extra-planning-data-tree-preservation-zones"],"explanation":"Planning/protection evidence record for The London Borough of Barnet (Vacant land at Potters Lane/Great North Road, Barnet) Tree Preservation Order 1982 made un; designation/effective date is taken from Planning Data fields where supplied."},"geometry":{"type":"Point","coordinates":[-0.189626,51.648231]}},{"type":"Feature","id":"lon_planning_designation_tree-preservation-zone_19114940","properties":{"city_id":"london","event_id":"lon_planning_designation_tree-preservation-zone_19114940","title":"Tree preservation zone: The London Borough of Barnet (Vacant land at Potters Lane/Great North Road, Barnet) Tree Preservation Order 1982 made un","short_description":"Planning Data tree-preservation zone record TPO/CA/143/G4; quality authoritative; LPA Barnet.","year":1982,"effective_date":"1982-05-19","date_precision":"day","category":"built_environment","lens":"built_environment","confidence":"documented","source_ids":["lon-extra-planning-data-tree-preservation-zones"],"explanation":"Planning/protection evidence record for The London Borough of Barnet (Vacant land at Potters Lane/Great North Road, Barnet) Tree Preservation Order 1982 made un; designation/effective date is taken from Planning Data fields where supplied."},"geometry":{"type":"Point","coordinates":[-0.189459,51.648034]}},{"type":"Feature","id":"lon_planning_designation_tree-preservation-zone_19114941","properties":{"city_id":"london","event_id":"lon_planning_designation_tree-preservation-zone_19114941","title":"Tree preservation zone: The London Borough of Barnet (Vacant land at Potters Lane/Great North Road, Barnet) Tree Preservation Order 1982 made un","short_description":"Planning Data tree-preservation zone record TPO/CA/143/G5; quality authoritative; LPA Barnet.","year":1982,"effective_date":"1982-05-19","date_precision":"day","category":"built_environment","lens":"built_environment","confidence":"documented","source_ids":["lon-extra-planning-data-tree-preservation-zones"],"explanation":"Planning/protection evidence record for The London Borough of Barnet (Vacant land at Potters Lane/Great North Road, Barnet) Tree Preservation Order 1982 made un; designation/effective date is taken from Planning Data fields where supplied."},"geometry":{"type":"Point","coordinates":[-0.189341,51.647885]}},{"type":"Feature","id":"lon_planning_designation_tree-preservation-zone_19114942","properties":{"city_id":"london","event_id":"lon_planning_designation_tree-preservation-zone_19114942","title":"Tree preservation zone: The London Borough of Barnet (Former Chapel Site Totteridge Lane N.20) Tree Preservation Order 1982 made under The Town","short_description":"Planning Data tree-preservation zone record TPO/CA/144/G1; quality authoritative; LPA Barnet.","year":1982,"effective_date":"1982-05-19","date_precision":"day","category":"built_environment","lens":"built_environment","confidence":"documented","source_ids":["lon-extra-planning-data-tree-preservation-zones"],"explanation":"Planning/protection evidence record for The London Borough of Barnet (Former Chapel Site Totteridge Lane N.20) Tree Preservation Order 1982 made under The Town; designation/effective date is taken from Planning Data fields where supplied."},"geometry":{"type":"Point","coordinates":[-0.183746,51.630843]}},{"type":"Feature","id":"lon_planning_designation_tree-preservation-zone_19114943","properties":{"city_id":"london","event_id":"lon_planning_designation_tree-preservation-zone_19114943","title":"Tree preservation zone: The London Borough of Barnet (Former Chapel Site Totteridge Lane N.20) Tree Preservation Order 1982 made under The Town","short_description":"Planning Data tree-preservation zone record TPO/CA/144/G2; quality authoritative; LPA Barnet.","year":1982,"effective_date":"1982-05-19","date_precision":"day","category":"built_environment","lens":"built_environment","confidence":"documented","source_ids":["lon-extra-planning-data-tree-preservation-zones"],"explanation":"Planning/protection evidence record for The London Borough of Barnet (Former Chapel Site Totteridge Lane N.20) Tree Preservation Order 1982 made under The Town; designation/effective date is taken from Planning Data fields where supplied."},"geometry":{"type":"Point","coordinates":[-0.184017,51.630696]}},{"type":"Feature","id":"lon_planning_designation_tree-preservation-zone_19114944","properties":{"city_id":"london","event_id":"lon_planning_designation_tree-preservation-zone_19114944","title":"Tree preservation zone: The London Borough of Barnet (50 Windermere Avenue N3.) Tree Preservation Order 1982 made under The Town and Country Pla","short_description":"Planning Data tree-preservation zone record TPO/CA/145/G1; quality authoritative; LPA Barnet.","year":1982,"effective_date":"1982-09-03","date_precision":"day","category":"built_environment","lens":"built_environment","confidence":"documented","source_ids":["lon-extra-planning-data-tree-preservation-zones"],"explanation":"Planning/protection evidence record for The London Borough of Barnet (50 Windermere Avenue N3.) Tree Preservation Order 1982 made under The Town and Country Pla; designation/effective date is taken from Planning Data fields where supplied."},"geometry":{"type":"Point","coordinates":[-0.192703,51.5932]}},{"type":"Feature","id":"lon_planning_designation_tree-preservation-zone_19114945","properties":{"city_id":"london","event_id":"lon_planning_designation_tree-preservation-zone_19114945","title":"Tree preservation zone: The London Borough of Barnet (Pymlicoe House and Environs, Hadley, Barnet, Herts.) Tree Preservation Order 1982 made und","short_description":"Planning Data tree-preservation zone record TPO/CA/147/G1; quality authoritative; LPA Barnet.","year":1982,"effective_date":"1982-11-18","date_precision":"day","category":"built_environment","lens":"built_environment","confidence":"documented","source_ids":["lon-extra-planning-data-tree-preservation-zones"],"explanation":"Planning/protection evidence record for The London Borough of Barnet (Pymlicoe House and Environs, Hadley, Barnet, Herts.) Tree Preservation Order 1982 made und; designation/effective date is taken from Planning Data fields where supplied."},"geometry":{"type":"Point","coordinates":[-0.201345,51.659792]}},{"type":"Feature","id":"lon_planning_designation_tree-preservation-zone_19114946","properties":{"city_id":"london","event_id":"lon_planning_designation_tree-preservation-zone_19114946","title":"Tree preservation zone: The London Borough of Barnet (Pymlicoe House and Environs, Hadley, Barnet, Herts.) Tree Preservation Order 1982 made und","short_description":"Planning Data tree-preservation zone record TPO/CA/147/G2; quality authoritative; LPA Barnet.","year":1982,"effective_date":"1982-11-18","date_precision":"day","category":"built_environment","lens":"built_environment","confidence":"documented","source_ids":["lon-extra-planning-data-tree-preservation-zones"],"explanation":"Planning/protection evidence record for The London Borough of Barnet (Pymlicoe House and Environs, Hadley, Barnet, Herts.) Tree Preservation Order 1982 made und; designation/effective date is taken from Planning Data fields where supplied."},"geometry":{"type":"Point","coordinates":[-0.202558,51.660004]}},{"type":"Feature","id":"lon_planning_designation_tree-preservation-zone_19114947","properties":{"city_id":"london","event_id":"lon_planning_designation_tree-preservation-zone_19114947","title":"Tree preservation zone: The London Borough of Barnet (Pymlicoe House and Environs, Hadley, Barnet, Herts.) Tree Preservation Order 1982 made und","short_description":"Planning Data tree-preservation zone record TPO/CA/147/G3; quality authoritative; LPA Barnet.","year":1982,"effective_date":"1982-11-18","date_precision":"day","category":"built_environment","lens":"built_environment","confidence":"documented","source_ids":["lon-extra-planning-data-tree-preservation-zones"],"explanation":"Planning/protection evidence record for The London Borough of Barnet (Pymlicoe House and Environs, Hadley, Barnet, Herts.) Tree Preservation Order 1982 made und; designation/effective date is taken from Planning Data fields where supplied."},"geometry":{"type":"Point","coordinates":[-0.202978,51.659597]}},{"type":"Feature","id":"lon_planning_designation_tree-preservation-zone_19114948","properties":{"city_id":"london","event_id":"lon_planning_designation_tree-preservation-zone_19114948","title":"Tree preservation zone: The London Borough of Barnet (Pymlicoe House and Environs, Hadley, Barnet, Herts.) Tree Preservation Order 1982 made und","short_description":"Planning Data tree-preservation zone record TPO/CA/147/G4; quality authoritative; LPA Barnet.","year":1982,"effective_date":"1982-11-18","date_precision":"day","category":"built_environment","lens":"built_environment","confidence":"documented","source_ids":["lon-extra-planning-data-tree-preservation-zones"],"explanation":"Planning/protection evidence record for The London Borough of Barnet (Pymlicoe House and Environs, Hadley, Barnet, Herts.) Tree Preservation Order 1982 made und; designation/effective date is taken from Planning Data fields where supplied."},"geometry":{"type":"Point","coordinates":[-0.203023,51.659843]}},{"type":"Feature","id":"lon_planning_designation_tree-preservation-zone_19114949","properties":{"city_id":"london","event_id":"lon_planning_designation_tree-preservation-zone_19114949","title":"Tree preservation zone: The London Borough of Barnet (Pymlicoe House and Environs, Hadley, Barnet, Herts.) Tree Preservation Order 1982 made und","short_description":"Planning Data tree-preservation zone record TPO/CA/147/G5; quality authoritative; LPA Barnet.","year":1982,"effective_date":"1982-11-18","date_precision":"day","category":"built_environment","lens":"built_environment","confidence":"documented","source_ids":["lon-extra-planning-data-tree-preservation-zones"],"explanation":"Planning/protection evidence record for The London Borough of Barnet (Pymlicoe House and Environs, Hadley, Barnet, Herts.) Tree Preservation Order 1982 made und; designation/effective date is taken from Planning Data fields where supplied."},"geometry":{"type":"Point","coordinates":[-0.202793,51.660037]}},{"type":"Feature","id":"lon_planning_designation_tree-preservation-zone_19114950","properties":{"city_id":"london","event_id":"lon_planning_designation_tree-preservation-zone_19114950","title":"Tree preservation zone: The London Borough of Barnet (Pymlicoe House and Environs, Hadley, Barnet, Herts.) Tree Preservation Order 1982 made und","short_description":"Planning Data tree-preservation zone record TPO/CA/147/G6; quality authoritative; LPA Barnet.","year":1982,"effective_date":"1982-11-18","date_precision":"day","category":"built_environment","lens":"built_environment","confidence":"documented","source_ids":["lon-extra-planning-data-tree-preservation-zones"],"explanation":"Planning/protection evidence record for The London Borough of Barnet (Pymlicoe House and Environs, Hadley, Barnet, Herts.) Tree Preservation Order 1982 made und; designation/effective date is taken from Planning Data fields where supplied."},"geometry":{"type":"Point","coordinates":[-0.20314,51.660109]}},{"type":"Feature","id":"lon_planning_designation_tree-preservation-zone_19114951","properties":{"city_id":"london","event_id":"lon_planning_designation_tree-preservation-zone_19114951","title":"Tree preservation zone: The London Borough of Barnet (Pymlicoe House and Environs, Hadley, Barnet, Herts.) Tree Preservation Order 1982 made und","short_description":"Planning Data tree-preservation zone record TPO/CA/147/G7; quality authoritative; LPA Barnet.","year":1982,"effective_date":"1982-11-18","date_precision":"day","category":"built_environment","lens":"built_environment","confidence":"documented","source_ids":["lon-extra-planning-data-tree-preservation-zones"],"explanation":"Planning/protection evidence record for The London Borough of Barnet (Pymlicoe House and Environs, Hadley, Barnet, Herts.) Tree Preservation Order 1982 made und; designation/effective date is taken from Planning Data fields where supplied."},"geometry":{"type":"Point","coordinates":[-0.202945,51.66021]}},{"type":"Feature","id":"lon_planning_designation_tree-preservation-zone_19114958","properties":{"city_id":"london","event_id":"lon_planning_designation_tree-preservation-zone_19114958","title":"Tree preservation zone: The London Borough of Barnet (Montebello, 19 Totteridge Common, N.20.) Tree Preservation Order 198 made under The Town a","short_description":"Planning Data tree-preservation zone record TPO/CA/151/G1; quality authoritative; LPA Barnet.","year":1982,"effective_date":"1982-12-23","date_precision":"day","category":"built_environment","lens":"built_environment","confidence":"documented","source_ids":["lon-extra-planning-data-tree-preservation-zones"],"explanation":"Planning/protection evidence record for The London Borough of Barnet (Montebello, 19 Totteridge Common, N.20.) Tree Preservation Order 198 made under The Town a; designation/effective date is taken from Planning Data fields where supplied."},"geometry":{"type":"Point","coordinates":[-0.213538,51.632823]}},{"type":"Feature","id":"lon_planning_designation_tree-preservation-zone_19114959","properties":{"city_id":"london","event_id":"lon_planning_designation_tree-preservation-zone_19114959","title":"Tree preservation zone: The London Borough of Barnet (Montebello, 19 Totteridge Common, N.20.) Tree Preservation Order 198 made under The Town a","short_description":"Planning Data tree-preservation zone record TPO/CA/151/G2; quality authoritative; LPA Barnet.","year":1982,"effective_date":"1982-12-23","date_precision":"day","category":"built_environment","lens":"built_environment","confidence":"documented","source_ids":["lon-extra-planning-data-tree-preservation-zones"],"explanation":"Planning/protection evidence record for The London Borough of Barnet (Montebello, 19 Totteridge Common, N.20.) Tree Preservation Order 198 made under The Town a; designation/effective date is taken from Planning Data fields where supplied."},"geometry":{"type":"Point","coordinates":[-0.213465,51.633079]}},{"type":"Feature","id":"lon_planning_designation_tree-preservation-zone_19119973","properties":{"city_id":"london","event_id":"lon_planning_designation_tree-preservation-zone_19119973","title":"Tree preservation zone: 114/A2 - Sycamore Birch Thorn Beech Hornbeam Ash Scots Pine White Poplar Larch And Oak","short_description":"Planning Data tree-preservation zone record 114/A2; quality authoritative; LPA Sutton.","year":1982,"effective_date":"1982-06-15","date_precision":"day","category":"built_environment","lens":"built_environment","confidence":"documented","source_ids":["lon-extra-planning-data-tree-preservation-zones"],"explanation":"Planning/protection evidence record for 114/A2 - Sycamore Birch Thorn Beech Hornbeam Ash Scots Pine White Poplar Larch And Oak; designation/effective date is taken from Planning Data fields where supplied."},"geometry":{"type":"Point","coordinates":[-0.222168,51.330862]}},{"type":"Feature","id":"lon_planning_designation_tree-preservation-zone_19119974","properties":{"city_id":"london","event_id":"lon_planning_designation_tree-preservation-zone_19119974","title":"Tree preservation zone: 114/A1 - Oak Hornbeam Sweet Chestnut Ash Horse Chestnut Prunas White Poplar Sycamore Beech Thorn And Field Maple","short_description":"Planning Data tree-preservation zone record 114/A1; quality authoritative; LPA Sutton.","year":1982,"effective_date":"1982-06-15","date_precision":"day","category":"built_environment","lens":"built_environment","confidence":"documented","source_ids":["lon-extra-planning-data-tree-preservation-zones"],"explanation":"Planning/protection evidence record for 114/A1 - Oak Hornbeam Sweet Chestnut Ash Horse Chestnut Prunas White Poplar Sycamore Beech Thorn And Field Maple; designation/effective date is taken from Planning Data fields where supplied."},"geometry":{"type":"Point","coordinates":[-0.225931,51.333671]}},{"type":"Feature","id":"lon_planning_designation_tree-preservation-zone_19140828","properties":{"city_id":"london","event_id":"lon_planning_designation_tree-preservation-zone_19140828","title":"Tree preservation zone: 46 Vicarage Grove","short_description":"Planning Data tree-preservation zone record 856; quality authoritative; LPA Southwark.","year":1982,"effective_date":"1982-05-06","date_precision":"day","category":"built_environment","lens":"built_environment","confidence":"documented","source_ids":["lon-extra-planning-data-tree-preservation-zones"],"explanation":"Planning/protection evidence record for 46 Vicarage Grove; designation/effective date is taken from Planning Data fields where supplied."},"geometry":{"type":"Point","coordinates":[-0.087326,51.474819]}}]}
