{"type":"FeatureCollection","schema_version":"1.0.0","city_id":"london","year":2020,"features":[{"type":"Feature","id":"lon_brownfield_1700287","properties":{"city_id":"london","event_id":"lon_brownfield_1700287","title":"Brownfield development site: Lockcorp House 75 Norcutt Road Twickenham TW2 6SR (up to 15 homes)","year":2020,"effective_date":"2020-06-19","date_precision":"day","category":"transport","lens":"traffic","confidence":"documented","source_ids":["lon-extra-planning-data-brownfield-land"],"explanation":"Planning/development evidence record: permissioned; brownfield land capacity marker for 15 net dwellings."},"geometry":{"type":"Point","coordinates":[-0.341648,51.447691]}},{"type":"Feature","id":"lon_brownfield_1700318","properties":{"city_id":"london","event_id":"lon_brownfield_1700318","title":"Brownfield development site: Kew Biothane Plant, Mellis Avenue (up to 88 homes)","year":2020,"effective_date":"2020-06-16","date_precision":"day","category":"built_environment","lens":"built_environment","confidence":"documented","source_ids":["lon-extra-planning-data-brownfield-land"],"explanation":"Planning/development evidence record: permissioned; brownfield land capacity marker for 88 net dwellings."},"geometry":{"type":"Point","coordinates":[-0.276584,51.478504]}},{"type":"Feature","id":"lon_brownfield_1700319","properties":{"city_id":"london","event_id":"lon_brownfield_1700319","title":"Brownfield development site: Barnes Hospital (up to 50 homes)","year":2020,"effective_date":"2020-09-14","date_precision":"day","category":"built_environment","lens":"built_environment","confidence":"documented","source_ids":["lon-extra-planning-data-brownfield-land"],"explanation":"Planning/development evidence record: not-permissioned; brownfield land capacity marker for 50 net dwellings."},"geometry":{"type":"Point","coordinates":[-0.256349,51.467153]}},{"type":"Feature","id":"lon_brownfield_1702357","properties":{"city_id":"london","event_id":"lon_brownfield_1702357","title":"Brownfield development site: Lethaby Building, Former Cochrane Theatre, 12-42 Southampton Row & 1-4 Red Lion Square (Former University Of Westminster (up to 34 homes)","year":2020,"effective_date":"2020-10-30","date_precision":"day","category":"built_environment","lens":"built_environment","confidence":"documented","source_ids":["lon-extra-planning-data-brownfield-land"],"explanation":"Planning/development evidence record: permissioned; brownfield land capacity marker for 34 net dwellings."},"geometry":{"type":"Point","coordinates":[-0.120186,51.518832]}},{"type":"Feature","id":"lon_brownfield_1702376","properties":{"city_id":"london","event_id":"lon_brownfield_1702376","title":"Brownfield development site: Camden Goods Yard, Morrisons Superstore, Chalk Farm Road, London, NW1 8EH (up to 644 homes)","year":2020,"effective_date":"2020-12-07","date_precision":"day","category":"transport","lens":"traffic","confidence":"documented","source_ids":["lon-extra-planning-data-brownfield-land"],"explanation":"Planning/development evidence record: permissioned; brownfield land capacity marker for 644 net dwellings."},"geometry":{"type":"Point","coordinates":[-0.149442,51.541719]}},{"type":"Feature","id":"lon_brownfield_1702444","properties":{"city_id":"london","event_id":"lon_brownfield_1702444","title":"Brownfield development site: 8-10 Southampton Row and 1 Fisher Street, London, WC1B 4AE (up to 9 homes)","year":2020,"effective_date":"2020-07-09","date_precision":"day","category":"environment","lens":"green_space","confidence":"documented","source_ids":["lon-extra-planning-data-brownfield-land"],"explanation":"Planning/development evidence record: permissioned; brownfield land capacity marker for 9 net dwellings."},"geometry":{"type":"Point","coordinates":[-0.12003,51.51835]}},{"type":"Feature","id":"lon_brownfield_1702446","properties":{"city_id":"london","event_id":"lon_brownfield_1702446","title":"Brownfield development site: Land bounded by Grafton Terrace, Maitland Park Villas and Maitland Park, containing Existing TRA Hall and Garages; and L (up to 77 homes)","year":2020,"effective_date":"2020-09-25","date_precision":"day","category":"environment","lens":"green_space","confidence":"documented","source_ids":["lon-extra-planning-data-brownfield-land"],"explanation":"Planning/development evidence record: permissioned; brownfield land capacity marker for 77 net dwellings."},"geometry":{"type":"Point","coordinates":[-0.156577,51.54895]}},{"type":"Feature","id":"lon_brownfield_1702718","properties":{"city_id":"london","event_id":"lon_brownfield_1702718","title":"Brownfield development site: 16 Wordsworth Avenue, manor Park, E12 6SU (up to 18 homes)","year":2020,"effective_date":"2020-09-23","date_precision":"day","category":"environment","lens":"green_space","confidence":"documented","source_ids":["lon-extra-planning-data-brownfield-land"],"explanation":"Planning/development evidence record: permissioned; brownfield land capacity marker for 18 net dwellings."},"geometry":{"type":"Point","coordinates":[0.051285,51.541276]}},{"type":"Feature","id":"lon_brownfield_1702737","properties":{"city_id":"london","event_id":"lon_brownfield_1702737","title":"Brownfield development site: Garages 3 To 38 Opposite, 1 - 15 David Street, Stratford, London, E15 (up to 35 homes)","year":2020,"effective_date":"2020-02-04","date_precision":"day","category":"environment","lens":"green_space","confidence":"documented","source_ids":["lon-extra-planning-data-brownfield-land"],"explanation":"Planning/development evidence record: permissioned; brownfield land capacity marker for 35 net dwellings."},"geometry":{"type":"Point","coordinates":[0.004234,51.546151]}},{"type":"Feature","id":"lon_brownfield_1705006","properties":{"city_id":"london","event_id":"lon_brownfield_1705006","title":"Brownfield development site: Merchant Taylors Almshouses Brandram Road (up to 8 homes)","year":2020,"effective_date":"2020-10-01","date_precision":"day","category":"transport","lens":"traffic","confidence":"documented","source_ids":["lon-extra-planning-data-brownfield-land"],"explanation":"Planning/development evidence record: permissioned; brownfield land capacity marker for 8 net dwellings."},"geometry":{"type":"Point","coordinates":[0.002159,51.459479]}},{"type":"Feature","id":"lon_brownfield_1705011","properties":{"city_id":"london","event_id":"lon_brownfield_1705011","title":"Brownfield development site: 302-312 New Cross Road and Deptford Town Hall (up to 0 homes)","year":2020,"effective_date":"2020-03-11","date_precision":"day","category":"transport","lens":"traffic","confidence":"documented","source_ids":["lon-extra-planning-data-brownfield-land"],"explanation":"Planning/development evidence record: permissioned; brownfield land capacity marker for 0 net dwellings."},"geometry":{"type":"Point","coordinates":[-0.0374,51.47538]}},{"type":"Feature","id":"lon_brownfield_1705017","properties":{"city_id":"london","event_id":"lon_brownfield_1705017","title":"Brownfield development site: 72 Loampit Hill (up to 8 homes)","year":2020,"effective_date":"2020-01-21","date_precision":"day","category":"built_environment","lens":"built_environment","confidence":"documented","source_ids":["lon-extra-planning-data-brownfield-land"],"explanation":"Planning/development evidence record: permissioned; brownfield land capacity marker for 8 net dwellings."},"geometry":{"type":"Point","coordinates":[-0.022207,51.467769]}},{"type":"Feature","id":"lon_brownfield_1705055","properties":{"city_id":"london","event_id":"lon_brownfield_1705055","title":"Brownfield development site: 77 Burnt Ash Hill (up to 5 homes)","year":2020,"effective_date":"2020-01-20","date_precision":"day","category":"built_environment","lens":"built_environment","confidence":"documented","source_ids":["lon-extra-planning-data-brownfield-land"],"explanation":"Planning/development evidence record: permissioned; brownfield land capacity marker for 5 net dwellings."},"geometry":{"type":"Point","coordinates":[0.015687,51.44596]}},{"type":"Feature","id":"lon_brownfield_1705106","properties":{"city_id":"london","event_id":"lon_brownfield_1705106","title":"Brownfield development site: 1 White Post Street (up to 21 homes)","year":2020,"effective_date":"2020-08-05","date_precision":"day","category":"environment","lens":"green_space","confidence":"documented","source_ids":["lon-extra-planning-data-brownfield-land"],"explanation":"Planning/development evidence record: permissioned; brownfield land capacity marker for 21 net dwellings."},"geometry":{"type":"Point","coordinates":[-0.05359,51.4794]}},{"type":"Feature","id":"lon_brownfield_1710092","properties":{"city_id":"london","event_id":"lon_brownfield_1710092","title":"Brownfield development site: 63-85 Newington Causeway (up to 587 homes)","year":2020,"effective_date":"2020-03-25","date_precision":"day","category":"built_environment","lens":"built_environment","confidence":"documented","source_ids":["lon-extra-planning-data-brownfield-land"],"explanation":"Planning/development evidence record: not-permissioned; brownfield land capacity marker for 587 net dwellings."},"geometry":{"type":"Point","coordinates":[-0.097971,51.497703]}},{"type":"Feature","id":"lon_brownfield_1710094","properties":{"city_id":"london","event_id":"lon_brownfield_1710094","title":"Brownfield development site: Croft Street Depot (up to 194 homes)","year":2020,"effective_date":"2020-03-25","date_precision":"day","category":"environment","lens":"green_space","confidence":"documented","source_ids":["lon-extra-planning-data-brownfield-land"],"explanation":"Planning/development evidence record: not-permissioned; brownfield land capacity marker for 194 net dwellings."},"geometry":{"type":"Point","coordinates":[-0.040966,51.491198]}},{"type":"Feature","id":"lon_brownfield_1710104","properties":{"city_id":"london","event_id":"lon_brownfield_1710104","title":"Brownfield development site: Copeland Industrial Park and 1-27 Bournemouth Road (up to 46 homes)","year":2020,"effective_date":"2020-03-25","date_precision":"day","category":"transport","lens":"traffic","confidence":"documented","source_ids":["lon-extra-planning-data-brownfield-land"],"explanation":"Planning/development evidence record: not-permissioned; brownfield land capacity marker for 46 net dwellings."},"geometry":{"type":"Point","coordinates":[-0.065556,51.469763]}},{"type":"Feature","id":"lon_brownfield_1710106","properties":{"city_id":"london","event_id":"lon_brownfield_1710106","title":"Brownfield development site: Land bounded by Glengall Road, Latona Road and Old Kent Road (up to 26 homes)","year":2020,"effective_date":"2020-03-25","date_precision":"day","category":"transport","lens":"traffic","confidence":"documented","source_ids":["lon-extra-planning-data-brownfield-land"],"explanation":"Planning/development evidence record: permissioned; brownfield land capacity marker for 26 net dwellings."},"geometry":{"type":"Point","coordinates":[-0.068948,51.483542]}},{"type":"Feature","id":"lon_brownfield_1713608","properties":{"city_id":"london","event_id":"lon_brownfield_1713608","title":"Brownfield development site: 49 Western Road, Mitcham, Merton","year":2020,"effective_date":"2020-01-10","date_precision":"day","category":"transport","lens":"traffic","confidence":"documented","source_ids":["lon-extra-planning-data-brownfield-land"],"explanation":"Planning/development evidence record: brownfield register record; brownfield land capacity marker."},"geometry":{"type":"Point","coordinates":[-0.169607,51.40691]}},{"type":"Feature","id":"lon_brownfield_1713611","properties":{"city_id":"london","event_id":"lon_brownfield_1713611","title":"Brownfield development site: Next site off Bushey Road","year":2020,"effective_date":"2020-01-10","date_precision":"day","category":"transport","lens":"traffic","confidence":"documented","source_ids":["lon-extra-planning-data-brownfield-land"],"explanation":"Planning/development evidence record: brownfield register record; brownfield land capacity marker."},"geometry":{"type":"Point","coordinates":[-0.240101,51.405027]}},{"type":"Feature","id":"lon_brownfield_1713614","properties":{"city_id":"london","event_id":"lon_brownfield_1713614","title":"Brownfield development site: CR4 3NZ","year":2020,"effective_date":"2020-01-10","date_precision":"day","category":"built_environment","lens":"built_environment","confidence":"documented","source_ids":["lon-extra-planning-data-brownfield-land"],"explanation":"Planning/development evidence record: brownfield register record; brownfield land capacity marker."},"geometry":{"type":"Point","coordinates":[-0.165049,51.404779]}},{"type":"Feature","id":"lon_brownfield_1713615","properties":{"city_id":"london","event_id":"lon_brownfield_1713615","title":"Brownfield development site: Garth Road","year":2020,"effective_date":"2020-01-10","date_precision":"day","category":"transport","lens":"traffic","confidence":"documented","source_ids":["lon-extra-planning-data-brownfield-land"],"explanation":"Planning/development evidence record: brownfield register record; brownfield land capacity marker."},"geometry":{"type":"Point","coordinates":[-0.224062,51.384597]}},{"type":"Feature","id":"lon_brownfield_1713617","properties":{"city_id":"london","event_id":"lon_brownfield_1713617","title":"Brownfield development site: SW17 9JR","year":2020,"effective_date":"2020-01-10","date_precision":"day","category":"built_environment","lens":"built_environment","confidence":"documented","source_ids":["lon-extra-planning-data-brownfield-land"],"explanation":"Planning/development evidence record: brownfield register record; brownfield land capacity marker."},"geometry":{"type":"Point","coordinates":[-0.161458,51.419023]}},{"type":"Feature","id":"lon_brownfield_1713620","properties":{"city_id":"london","event_id":"lon_brownfield_1713620","title":"Brownfield development site: SW19 1RD","year":2020,"effective_date":"2020-01-10","date_precision":"day","category":"built_environment","lens":"built_environment","confidence":"documented","source_ids":["lon-extra-planning-data-brownfield-land"],"explanation":"Planning/development evidence record: brownfield register record; brownfield land capacity marker."},"geometry":{"type":"Point","coordinates":[-0.201073,51.419593]}},{"type":"Feature","id":"lon_brownfield_1713623","properties":{"city_id":"london","event_id":"lon_brownfield_1713623","title":"Brownfield development site: SW19 5BA","year":2020,"effective_date":"2020-01-10","date_precision":"day","category":"built_environment","lens":"built_environment","confidence":"documented","source_ids":["lon-extra-planning-data-brownfield-land"],"explanation":"Planning/development evidence record: brownfield register record; brownfield land capacity marker."},"geometry":{"type":"Point","coordinates":[-0.220296,51.425987]}},{"type":"Feature","id":"lon_brownfield_1713624","properties":{"city_id":"london","event_id":"lon_brownfield_1713624","title":"Brownfield development site: Shree Ghanapathy Temple and Works","year":2020,"effective_date":"2020-01-10","date_precision":"day","category":"built_environment","lens":"built_environment","confidence":"documented","source_ids":["lon-extra-planning-data-brownfield-land"],"explanation":"Planning/development evidence record: brownfield register record; brownfield land capacity marker."},"geometry":{"type":"Point","coordinates":[-0.188987,51.423507]}},{"type":"Feature","id":"lon_brownfield_1713625","properties":{"city_id":"london","event_id":"lon_brownfield_1713625","title":"Brownfield development site: Rainbow Industrial Estate","year":2020,"effective_date":"2020-01-10","date_precision":"day","category":"built_environment","lens":"built_environment","confidence":"documented","source_ids":["lon-extra-planning-data-brownfield-land"],"explanation":"Planning/development evidence record: brownfield register record; brownfield land capacity marker."},"geometry":{"type":"Point","coordinates":[-0.234156,51.407369]}},{"type":"Feature","id":"lon_brownfield_1713626","properties":{"city_id":"london","event_id":"lon_brownfield_1713626","title":"Brownfield development site: SW20 8DT","year":2020,"effective_date":"2020-01-10","date_precision":"day","category":"built_environment","lens":"built_environment","confidence":"documented","source_ids":["lon-extra-planning-data-brownfield-land"],"explanation":"Planning/development evidence record: brownfield register record; brownfield land capacity marker."},"geometry":{"type":"Point","coordinates":[-0.222975,51.410544]}},{"type":"Feature","id":"lon_brownfield_1713627","properties":{"city_id":"london","event_id":"lon_brownfield_1713627","title":"Brownfield development site: SW20 8LX","year":2020,"effective_date":"2020-01-10","date_precision":"day","category":"built_environment","lens":"built_environment","confidence":"documented","source_ids":["lon-extra-planning-data-brownfield-land"],"explanation":"Planning/development evidence record: brownfield register record; brownfield land capacity marker."},"geometry":{"type":"Point","coordinates":[-0.21276,51.40927]}},{"type":"Feature","id":"lon_brownfield_1713628","properties":{"city_id":"london","event_id":"lon_brownfield_1713628","title":"Brownfield development site: Worple Road Mews","year":2020,"effective_date":"2020-01-10","date_precision":"day","category":"transport","lens":"traffic","confidence":"documented","source_ids":["lon-extra-planning-data-brownfield-land"],"explanation":"Planning/development evidence record: brownfield register record; brownfield land capacity marker."},"geometry":{"type":"Point","coordinates":[-0.209166,51.422183]}},{"type":"Feature","id":"lon_brownfield_1714964","properties":{"city_id":"london","event_id":"lon_brownfield_1714964","title":"Brownfield development site: Land rear of 4-24, Thrale Road (Land rear of Mitcham Lane) (up to 22 homes)","year":2020,"effective_date":"2020-08-11","date_precision":"day","category":"transport","lens":"traffic","confidence":"documented","source_ids":["lon-extra-planning-data-brownfield-land"],"explanation":"Planning/development evidence record: permissioned; brownfield land capacity marker for 22 net dwellings."},"geometry":{"type":"Point","coordinates":[-0.14175,51.42516]}},{"type":"Feature","id":"lon_brownfield_1715024","properties":{"city_id":"london","event_id":"lon_brownfield_1715024","title":"Brownfield development site: Belvedere Court, 372-374 Upper Richmond Road (up to 9 homes)","year":2020,"effective_date":"2020-06-18","date_precision":"day","category":"transport","lens":"traffic","confidence":"documented","source_ids":["lon-extra-planning-data-brownfield-land"],"explanation":"Planning/development evidence record: not-permissioned; brownfield land capacity marker for 9 net dwellings."},"geometry":{"type":"Point","coordinates":[-0.22772,51.46399]}},{"type":"Feature","id":"lon_brownfield_1715267","properties":{"city_id":"london","event_id":"lon_brownfield_1715267","title":"Brownfield development site: Jameson Lodge 58 Shepherds Hill N6 5RW (up to 2 homes)","year":2020,"effective_date":"2020-01-01","date_precision":"day","category":"built_environment","lens":"built_environment","confidence":"documented","source_ids":["lon-extra-planning-data-brownfield-land"],"explanation":"Planning/development evidence record: permissioned; brownfield land capacity marker for 2 net dwellings."},"geometry":{"type":"Point","coordinates":[-0.13521,51.57869]}},{"type":"Feature","id":"lon_brownfield_1715268","properties":{"city_id":"london","event_id":"lon_brownfield_1715268","title":"Brownfield development site: Land to rear of 677 Green Lanes N8 0QY (up to 6 homes)","year":2020,"effective_date":"2020-01-01","date_precision":"day","category":"environment","lens":"green_space","confidence":"documented","source_ids":["lon-extra-planning-data-brownfield-land"],"explanation":"Planning/development evidence record: permissioned; brownfield land capacity marker for 6 net dwellings."},"geometry":{"type":"Point","coordinates":[-0.10153,51.58688]}},{"type":"Feature","id":"lon_brownfield_1715269","properties":{"city_id":"london","event_id":"lon_brownfield_1715269","title":"Brownfield development site: 143 Coppetts Road N10 1JP (up to 9 homes)","year":2020,"effective_date":"2020-01-01","date_precision":"day","category":"transport","lens":"traffic","confidence":"documented","source_ids":["lon-extra-planning-data-brownfield-land"],"explanation":"Planning/development evidence record: permissioned; brownfield land capacity marker for 9 net dwellings."},"geometry":{"type":"Point","coordinates":[-0.15496,51.60285]}},{"type":"Feature","id":"lon_brownfield_1715270","properties":{"city_id":"london","event_id":"lon_brownfield_1715270","title":"Brownfield development site: Garage Colony St Marys Close N17 9UD (up to 2 homes)","year":2020,"effective_date":"2020-01-01","date_precision":"day","category":"built_environment","lens":"built_environment","confidence":"documented","source_ids":["lon-extra-planning-data-brownfield-land"],"explanation":"Planning/development evidence record: permissioned; brownfield land capacity marker for 2 net dwellings."},"geometry":{"type":"Point","coordinates":[-0.06655,51.59754]}},{"type":"Feature","id":"lon_brownfield_1715271","properties":{"city_id":"london","event_id":"lon_brownfield_1715271","title":"Brownfield development site: 80 Devonshire Hill Lane N17 7NG (up to 1 homes)","year":2020,"effective_date":"2020-01-01","date_precision":"day","category":"built_environment","lens":"built_environment","confidence":"documented","source_ids":["lon-extra-planning-data-brownfield-land"],"explanation":"Planning/development evidence record: permissioned; brownfield land capacity marker for 1 net dwellings."},"geometry":{"type":"Point","coordinates":[-0.08838,51.60778]}},{"type":"Feature","id":"lon_brownfield_1715272","properties":{"city_id":"london","event_id":"lon_brownfield_1715272","title":"Brownfield development site: Garages Opposite The Nightingale Brook Road N8 7QX (up to 3 homes)","year":2020,"effective_date":"2020-01-01","date_precision":"day","category":"transport","lens":"traffic","confidence":"documented","source_ids":["lon-extra-planning-data-brownfield-land"],"explanation":"Planning/development evidence record: permissioned; brownfield land capacity marker for 3 net dwellings."},"geometry":{"type":"Point","coordinates":[-0.12187,51.58917]}},{"type":"Feature","id":"lon_brownfield_1715273","properties":{"city_id":"london","event_id":"lon_brownfield_1715273","title":"Brownfield development site: Garages off St Margarets Avenue N15 (up to 4 homes)","year":2020,"effective_date":"2020-01-01","date_precision":"day","category":"built_environment","lens":"built_environment","confidence":"documented","source_ids":["lon-extra-planning-data-brownfield-land"],"explanation":"Planning/development evidence record: permissioned; brownfield land capacity marker for 4 net dwellings."},"geometry":{"type":"Point","coordinates":[-0.09956,51.58701]}},{"type":"Feature","id":"lon_brownfield_1715274","properties":{"city_id":"london","event_id":"lon_brownfield_1715274","title":"Brownfield development site: 4-6 Poynton Road N17 9SL (up to 2 homes)","year":2020,"effective_date":"2020-01-01","date_precision":"day","category":"transport","lens":"traffic","confidence":"documented","source_ids":["lon-extra-planning-data-brownfield-land"],"explanation":"Planning/development evidence record: permissioned; brownfield land capacity marker for 2 net dwellings."},"geometry":{"type":"Point","coordinates":[-0.06149,51.59735]}},{"type":"Feature","id":"lon_brownfield_1715275","properties":{"city_id":"london","event_id":"lon_brownfield_1715275","title":"Brownfield development site: Land adjacent to 1-6 Romney Close N17 0NT (up to 3 homes)","year":2020,"effective_date":"2020-01-01","date_precision":"day","category":"built_environment","lens":"built_environment","confidence":"documented","source_ids":["lon-extra-planning-data-brownfield-land"],"explanation":"Planning/development evidence record: permissioned; brownfield land capacity marker for 3 net dwellings."},"geometry":{"type":"Point","coordinates":[-0.05659,51.59991]}},{"type":"Feature","id":"lon_brownfield_1715276","properties":{"city_id":"london","event_id":"lon_brownfield_1715276","title":"Brownfield development site: Land opposite 16 Park Road Edith Road N11 2QE (up to 8 homes)","year":2020,"effective_date":"2020-01-01","date_precision":"day","category":"transport","lens":"traffic","confidence":"documented","source_ids":["lon-extra-planning-data-brownfield-land"],"explanation":"Planning/development evidence record: permissioned; brownfield land capacity marker for 8 net dwellings."},"geometry":{"type":"Point","coordinates":[-0.12425,51.60451]}},{"type":"Feature","id":"lon_brownfield_1715277","properties":{"city_id":"london","event_id":"lon_brownfield_1715277","title":"Brownfield development site: 44 Whittington Road N22 8YD (up to 1 homes)","year":2020,"effective_date":"2020-01-01","date_precision":"day","category":"transport","lens":"traffic","confidence":"documented","source_ids":["lon-extra-planning-data-brownfield-land"],"explanation":"Planning/development evidence record: permissioned; brownfield land capacity marker for 1 net dwellings."},"geometry":{"type":"Point","coordinates":[-0.12014,51.60582]}},{"type":"Feature","id":"lon_brownfield_1715278","properties":{"city_id":"london","event_id":"lon_brownfield_1715278","title":"Brownfield development site: 99 Great Cambridge Road N17 7LN (up to 1 homes)","year":2020,"effective_date":"2020-01-01","date_precision":"day","category":"transport","lens":"traffic","confidence":"documented","source_ids":["lon-extra-planning-data-brownfield-land"],"explanation":"Planning/development evidence record: permissioned; brownfield land capacity marker for 1 net dwellings."},"geometry":{"type":"Point","coordinates":[-0.08601,51.60795]}},{"type":"Feature","id":"lon_brownfield_1715279","properties":{"city_id":"london","event_id":"lon_brownfield_1715279","title":"Brownfield development site: Land Adjacent to 138 Winchelsea Road N17 6XQ (up to 1 homes)","year":2020,"effective_date":"2020-01-01","date_precision":"day","category":"transport","lens":"traffic","confidence":"documented","source_ids":["lon-extra-planning-data-brownfield-land"],"explanation":"Planning/development evidence record: permissioned; brownfield land capacity marker for 1 net dwellings."},"geometry":{"type":"Point","coordinates":[-0.07237,51.59186]}},{"type":"Feature","id":"lon_brownfield_1715280","properties":{"city_id":"london","event_id":"lon_brownfield_1715280","title":"Brownfield development site: Land to the rear of 326 Dukes Mews N10 2QN (up to 4 homes)","year":2020,"effective_date":"2020-01-01","date_precision":"day","category":"built_environment","lens":"built_environment","confidence":"documented","source_ids":["lon-extra-planning-data-brownfield-land"],"explanation":"Planning/development evidence record: permissioned; brownfield land capacity marker for 4 net dwellings."},"geometry":{"type":"Point","coordinates":[-0.14211,51.59185]}},{"type":"Feature","id":"lon_brownfield_1715281","properties":{"city_id":"london","event_id":"lon_brownfield_1715281","title":"Brownfield development site: Land Adjacent To 318A White Hart Lane N17 8LA (up to 6 homes)","year":2020,"effective_date":"2020-01-01","date_precision":"day","category":"built_environment","lens":"built_environment","confidence":"documented","source_ids":["lon-extra-planning-data-brownfield-land"],"explanation":"Planning/development evidence record: permissioned; brownfield land capacity marker for 6 net dwellings."},"geometry":{"type":"Point","coordinates":[-0.08162,51.60521]}},{"type":"Feature","id":"lon_brownfield_1715282","properties":{"city_id":"london","event_id":"lon_brownfield_1715282","title":"Brownfield development site: Land rear of Tudor Close N6 5PR (up to 6 homes)","year":2020,"effective_date":"2020-01-01","date_precision":"day","category":"built_environment","lens":"built_environment","confidence":"documented","source_ids":["lon-extra-planning-data-brownfield-land"],"explanation":"Planning/development evidence record: permissioned; brownfield land capacity marker for 6 net dwellings."},"geometry":{"type":"Point","coordinates":[-0.13784,51.57229]}},{"type":"Feature","id":"lon_brownfield_1715283","properties":{"city_id":"london","event_id":"lon_brownfield_1715283","title":"Brownfield development site: Car Park adjacent 41 Antill Road N15 (up to 1 homes)","year":2020,"effective_date":"2020-01-01","date_precision":"day","category":"transport","lens":"traffic","confidence":"documented","source_ids":["lon-extra-planning-data-brownfield-land"],"explanation":"Planning/development evidence record: permissioned; brownfield land capacity marker for 1 net dwellings."},"geometry":{"type":"Point","coordinates":[-0.06731,51.58581]}},{"type":"Feature","id":"lon_brownfield_1715284","properties":{"city_id":"london","event_id":"lon_brownfield_1715284","title":"Brownfield development site: Redlands Summerhill Road N15 4HE (up to 8 homes)","year":2020,"effective_date":"2020-01-01","date_precision":"day","category":"transport","lens":"traffic","confidence":"documented","source_ids":["lon-extra-planning-data-brownfield-land"],"explanation":"Planning/development evidence record: permissioned; brownfield land capacity marker for 8 net dwellings."},"geometry":{"type":"Point","coordinates":[-0.08288,51.58731]}},{"type":"Feature","id":"lon_brownfield_1715285","properties":{"city_id":"london","event_id":"lon_brownfield_1715285","title":"Brownfield development site: Land rear of 29 Haringey Park N8 9JD (up to 1 homes)","year":2020,"effective_date":"2020-01-01","date_precision":"day","category":"environment","lens":"green_space","confidence":"documented","source_ids":["lon-extra-planning-data-brownfield-land"],"explanation":"Planning/development evidence record: permissioned; brownfield land capacity marker for 1 net dwellings."},"geometry":{"type":"Point","coordinates":[-0.12064,51.57815]}},{"type":"Feature","id":"lon_brownfield_1715286","properties":{"city_id":"london","event_id":"lon_brownfield_1715286","title":"Brownfield development site: Land accessed from Oak Lane at the rear of 24 Maidstone Road N11 2TL (up to 3 homes)","year":2020,"effective_date":"2020-01-01","date_precision":"day","category":"transport","lens":"traffic","confidence":"documented","source_ids":["lon-extra-planning-data-brownfield-land"],"explanation":"Planning/development evidence record: permissioned; brownfield land capacity marker for 3 net dwellings."},"geometry":{"type":"Point","coordinates":[-0.12441,51.60933]}},{"type":"Feature","id":"lon_brownfield_1715287","properties":{"city_id":"london","event_id":"lon_brownfield_1715287","title":"Brownfield development site: Land adjacent to 1 Lealand Road N15 6JS (up to 3 homes)","year":2020,"effective_date":"2020-01-01","date_precision":"day","category":"transport","lens":"traffic","confidence":"documented","source_ids":["lon-extra-planning-data-brownfield-land"],"explanation":"Planning/development evidence record: permissioned; brownfield land capacity marker for 3 net dwellings."},"geometry":{"type":"Point","coordinates":[-0.07211,51.57887]}},{"type":"Feature","id":"lon_brownfield_1715383","properties":{"city_id":"london","event_id":"lon_brownfield_1715383","title":"Brownfield development site: 168 Station Lane, Hornchurch","year":2020,"effective_date":"2020-02-08","date_precision":"day","category":"built_environment","lens":"built_environment","confidence":"documented","source_ids":["lon-extra-planning-data-brownfield-land"],"explanation":"Planning/development evidence record: permissioned; brownfield land capacity marker."},"geometry":{"type":"Point","coordinates":[0.217595,51.553967]}},{"type":"Feature","id":"lon_brownfield_1715706","properties":{"city_id":"london","event_id":"lon_brownfield_1715706","title":"Brownfield development site: The Coach House 273A Sandycombe Road Richmond TW9 3LU (up to 5 homes)","year":2020,"effective_date":"2020-11-27","date_precision":"day","category":"transport","lens":"traffic","confidence":"documented","source_ids":["lon-extra-planning-data-brownfield-land"],"explanation":"Planning/development evidence record: permissioned; brownfield land capacity marker for 5 net dwellings."},"geometry":{"type":"Point","coordinates":[-0.286163,51.474101]}},{"type":"Feature","id":"lon_brownfield_1715708","properties":{"city_id":"london","event_id":"lon_brownfield_1715708","title":"Brownfield development site: 422 Upper Richmond Road West, East Sheen (up to 7 homes)","year":2020,"effective_date":"2020-10-22","date_precision":"day","category":"transport","lens":"traffic","confidence":"documented","source_ids":["lon-extra-planning-data-brownfield-land"],"explanation":"Planning/development evidence record: permissioned; brownfield land capacity marker for 7 net dwellings."},"geometry":{"type":"Point","coordinates":[-0.276075,51.464561]}},{"type":"Feature","id":"lon_brownfield_1716462","properties":{"city_id":"london","event_id":"lon_brownfield_1716462","title":"Brownfield development site: 100/100A West Cromwell Road (up to 462 homes)","year":2020,"effective_date":"2020-06-05","date_precision":"day","category":"transport","lens":"traffic","confidence":"documented","source_ids":["lon-extra-planning-data-brownfield-land"],"explanation":"Planning/development evidence record: permissioned; brownfield land capacity marker for 462 net dwellings."},"geometry":{"type":"Point","coordinates":[-0.201875,51.492826]}},{"type":"Feature","id":"lon_brownfield_1716481","properties":{"city_id":"london","event_id":"lon_brownfield_1716481","title":"Brownfield development site: Plot 5-6 Acklam Road, London W10 (up to 32 homes)","year":2020,"effective_date":"2020-11-11","date_precision":"day","category":"transport","lens":"traffic","confidence":"documented","source_ids":["lon-extra-planning-data-brownfield-land"],"explanation":"Planning/development evidence record: permissioned; brownfield land capacity marker for 32 net dwellings."},"geometry":{"type":"Point","coordinates":[-0.20403,51.521315]}},{"type":"Feature","id":"lon_brownfield_1716482","properties":{"city_id":"london","event_id":"lon_brownfield_1716482","title":"Brownfield development site: 54 St Helen's Gardens, London, W10 6LH (up to 8 homes)","year":2020,"effective_date":"2020-11-10","date_precision":"day","category":"built_environment","lens":"built_environment","confidence":"documented","source_ids":["lon-extra-planning-data-brownfield-land"],"explanation":"Planning/development evidence record: permissioned; brownfield land capacity marker for 8 net dwellings."},"geometry":{"type":"Point","coordinates":[-0.218631,51.519569]}},{"type":"Feature","id":"lon_brownfield_1716484","properties":{"city_id":"london","event_id":"lon_brownfield_1716484","title":"Brownfield development site: 9 Silchester Road, London, W10 (up to 18 homes)","year":2020,"effective_date":"2020-11-11","date_precision":"day","category":"transport","lens":"traffic","confidence":"documented","source_ids":["lon-extra-planning-data-brownfield-land"],"explanation":"Planning/development evidence record: permissioned; brownfield land capacity marker for 18 net dwellings."},"geometry":{"type":"Point","coordinates":[-0.216376,51.514738]}},{"type":"Feature","id":"lon_brownfield_1716486","properties":{"city_id":"london","event_id":"lon_brownfield_1716486","title":"Brownfield development site: 2 Lucan Place, London, SW3 3PB (up to 32 homes)","year":2020,"effective_date":"2020-04-27","date_precision":"day","category":"built_environment","lens":"built_environment","confidence":"documented","source_ids":["lon-extra-planning-data-brownfield-land"],"explanation":"Planning/development evidence record: permissioned; brownfield land capacity marker for 32 net dwellings."},"geometry":{"type":"Point","coordinates":[-0.16656,51.491939]}},{"type":"Feature","id":"lon_brownfield_1716491","properties":{"city_id":"london","event_id":"lon_brownfield_1716491","title":"Brownfield development site: Latimer Community Church, 116 Bramley Road, London, W10 6SU (up to 25 homes)","year":2020,"effective_date":"2020-04-27","date_precision":"day","category":"transport","lens":"traffic","confidence":"documented","source_ids":["lon-extra-planning-data-brownfield-land"],"explanation":"Planning/development evidence record: not-permissioned; brownfield land capacity marker for 25 net dwellings."},"geometry":{"type":"Point","coordinates":[-0.217193,51.515487]}},{"type":"Feature","id":"lon_brownfield_1716527","properties":{"city_id":"london","event_id":"lon_brownfield_1716527","title":"Brownfield development site: Former Linpac Site And Adjoining Warehouse, Richmer Road (up to 336 homes)","year":2020,"effective_date":"2020-03-23","date_precision":"day","category":"transport","lens":"traffic","confidence":"documented","source_ids":["lon-extra-planning-data-brownfield-land"],"explanation":"Planning/development evidence record: permissioned; brownfield land capacity marker for 336 net dwellings."},"geometry":{"type":"Point","coordinates":[0.188358,51.472843]}},{"type":"Feature","id":"lon_brownfield_1716529","properties":{"city_id":"london","event_id":"lon_brownfield_1716529","title":"Brownfield development site: Lamorbey Baths, 155-159 Station Road, Sidcup (up to 27 homes)","year":2020,"effective_date":"2020-07-01","date_precision":"day","category":"transport","lens":"traffic","confidence":"documented","source_ids":["lon-extra-planning-data-brownfield-land"],"explanation":"Planning/development evidence record: not-permissioned; brownfield land capacity marker for 27 net dwellings."},"geometry":{"type":"Point","coordinates":[0.101444,51.435457]}},{"type":"Feature","id":"lon_brownfield_1716565","properties":{"city_id":"london","event_id":"lon_brownfield_1716565","title":"Brownfield development site: 166 Penhill Road (up to 8 homes)","year":2020,"effective_date":"2020-04-15","date_precision":"day","category":"transport","lens":"traffic","confidence":"documented","source_ids":["lon-extra-planning-data-brownfield-land"],"explanation":"Planning/development evidence record: permissioned; brownfield land capacity marker for 8 net dwellings."},"geometry":{"type":"Point","coordinates":[0.119141,51.439401]}},{"type":"Feature","id":"lon_brownfield_1716579","properties":{"city_id":"london","event_id":"lon_brownfield_1716579","title":"Brownfield development site: 35 - 37 Lesney Park Road (up to 25 homes)","year":2020,"effective_date":"2020-01-28","date_precision":"day","category":"transport","lens":"traffic","confidence":"documented","source_ids":["lon-extra-planning-data-brownfield-land"],"explanation":"Planning/development evidence record: permissioned; brownfield land capacity marker for 25 net dwellings."},"geometry":{"type":"Point","coordinates":[0.171086,51.476959]}},{"type":"Feature","id":"lon_brownfield_1716580","properties":{"city_id":"london","event_id":"lon_brownfield_1716580","title":"Brownfield development site: Arts House, 13 Banks Lane (up to 16 homes)","year":2020,"effective_date":"2020-02-10","date_precision":"day","category":"built_environment","lens":"built_environment","confidence":"documented","source_ids":["lon-extra-planning-data-brownfield-land"],"explanation":"Planning/development evidence record: permissioned; brownfield land capacity marker for 16 net dwellings."},"geometry":{"type":"Point","coordinates":[0.142071,51.457556]}},{"type":"Feature","id":"lon_brownfield_1716581","properties":{"city_id":"london","event_id":"lon_brownfield_1716581","title":"Brownfield development site: Garages To The Rear Of 3 - 9 Filston Road (up to 5 homes)","year":2020,"effective_date":"2020-03-03","date_precision":"day","category":"transport","lens":"traffic","confidence":"documented","source_ids":["lon-extra-planning-data-brownfield-land"],"explanation":"Planning/development evidence record: permissioned; brownfield land capacity marker for 5 net dwellings."},"geometry":{"type":"Point","coordinates":[0.160132,51.482568]}},{"type":"Feature","id":"lon_brownfield_1716582","properties":{"city_id":"london","event_id":"lon_brownfield_1716582","title":"Brownfield development site: Land East Of Maiden Lane (up to 35 homes)","year":2020,"effective_date":"2020-03-10","date_precision":"day","category":"built_environment","lens":"built_environment","confidence":"documented","source_ids":["lon-extra-planning-data-brownfield-land"],"explanation":"Planning/development evidence record: permissioned; brownfield land capacity marker for 35 net dwellings."},"geometry":{"type":"Point","coordinates":[0.192228,51.453255]}},{"type":"Feature","id":"lon_brownfield_1716583","properties":{"city_id":"london","event_id":"lon_brownfield_1716583","title":"Brownfield development site: 36 Hatherley Road (up to 7 homes)","year":2020,"effective_date":"2020-03-17","date_precision":"day","category":"transport","lens":"traffic","confidence":"documented","source_ids":["lon-extra-planning-data-brownfield-land"],"explanation":"Planning/development evidence record: permissioned; brownfield land capacity marker for 7 net dwellings."},"geometry":{"type":"Point","coordinates":[0.103893,51.429118]}},{"type":"Feature","id":"lon_brownfield_1716584","properties":{"city_id":"london","event_id":"lon_brownfield_1716584","title":"Brownfield development site: Former Linpac Corrugated Cases Ltd, Richmer Road (up to 5 homes)","year":2020,"effective_date":"2020-03-23","date_precision":"day","category":"transport","lens":"traffic","confidence":"documented","source_ids":["lon-extra-planning-data-brownfield-land"],"explanation":"Planning/development evidence record: permissioned; brownfield land capacity marker for 5 net dwellings."},"geometry":{"type":"Point","coordinates":[0.187246,51.471883]}},{"type":"Feature","id":"lon_brownfield_1716793","properties":{"city_id":"london","event_id":"lon_brownfield_1716793","title":"Brownfield development site: 3 Station Road, (up to 9 homes)","year":2020,"effective_date":"2020-11-19","date_precision":"day","category":"transport","lens":"traffic","confidence":"documented","source_ids":["lon-extra-planning-data-brownfield-land"],"explanation":"Planning/development evidence record: permissioned; brownfield land capacity marker for 9 net dwellings."},"geometry":{"type":"Point","coordinates":[0.130741,51.570352]}},{"type":"Feature","id":"lon_brownfield_1717149","properties":{"city_id":"london","event_id":"lon_brownfield_1717149","title":"Brownfield development site: 2A Preston Waye & 283-287 odd, Preston Road, Harrow, HA3 (up to 35 homes)","year":2020,"effective_date":"2020-03-12","date_precision":"day","category":"transport","lens":"traffic","confidence":"documented","source_ids":["lon-extra-planning-data-brownfield-land"],"explanation":"Planning/development evidence record: permissioned; brownfield land capacity marker for 35 net dwellings."},"geometry":{"type":"Point","coordinates":[-0.295142,51.573166]}},{"type":"Feature","id":"lon_brownfield_1717197","properties":{"city_id":"london","event_id":"lon_brownfield_1717197","title":"Brownfield development site: Former Dudden Hill Lane Playground, Willesden, NW10 (up to 29 homes)","year":2020,"effective_date":"2020-01-23","date_precision":"day","category":"built_environment","lens":"built_environment","confidence":"documented","source_ids":["lon-extra-planning-data-brownfield-land"],"explanation":"Planning/development evidence record: permissioned; brownfield land capacity marker for 29 net dwellings."},"geometry":{"type":"Point","coordinates":[-0.238899,51.549366]}},{"type":"Feature","id":"lon_brownfield_1717243","properties":{"city_id":"london","event_id":"lon_brownfield_1717243","title":"Brownfield development site: 111, Salusbury Road, NW6 6RG (up to 8 homes)","year":2020,"effective_date":"2020-06-26","date_precision":"day","category":"transport","lens":"traffic","confidence":"documented","source_ids":["lon-extra-planning-data-brownfield-land"],"explanation":"Planning/development evidence record: permissioned; brownfield land capacity marker for 8 net dwellings."},"geometry":{"type":"Point","coordinates":[-0.206272,51.537546]}},{"type":"Feature","id":"lon_brownfield_1717265","properties":{"city_id":"london","event_id":"lon_brownfield_1717265","title":"Brownfield development site: 12G Leigham Court Road (up to 5 homes)","year":2020,"effective_date":"2020-10-23","date_precision":"day","category":"transport","lens":"traffic","confidence":"documented","source_ids":["lon-extra-planning-data-brownfield-land"],"explanation":"Planning/development evidence record: permissioned; brownfield land capacity marker for 5 net dwellings."},"geometry":{"type":"Point","coordinates":[-0.123682,51.435605]}},{"type":"Feature","id":"lon_brownfield_1718582","properties":{"city_id":"london","event_id":"lon_brownfield_1718582","title":"Brownfield development site: 12a Eton Grove (up to 10 homes)","year":2020,"effective_date":"2020-09-21","date_precision":"day","category":"built_environment","lens":"built_environment","confidence":"documented","source_ids":["lon-extra-planning-data-brownfield-land"],"explanation":"Planning/development evidence record: permissioned; brownfield land capacity marker for 10 net dwellings."},"geometry":{"type":"Point","coordinates":[0.00264,51.4622]}},{"type":"Feature","id":"lon_brownfield_1718585","properties":{"city_id":"london","event_id":"lon_brownfield_1718585","title":"Brownfield development site: 1-3 Bellingham Road (up to 18 homes)","year":2020,"effective_date":"2020-09-18","date_precision":"day","category":"transport","lens":"traffic","confidence":"documented","source_ids":["lon-extra-planning-data-brownfield-land"],"explanation":"Planning/development evidence record: permissioned; brownfield land capacity marker for 18 net dwellings."},"geometry":{"type":"Point","coordinates":[-0.0169,51.4338]}},{"type":"Feature","id":"lon_brownfield_1718588","properties":{"city_id":"london","event_id":"lon_brownfield_1718588","title":"Brownfield development site: 118 Canonbie Road (up to 6 homes)","year":2020,"effective_date":"2020-01-15","date_precision":"day","category":"transport","lens":"traffic","confidence":"documented","source_ids":["lon-extra-planning-data-brownfield-land"],"explanation":"Planning/development evidence record: permissioned; brownfield land capacity marker for 6 net dwellings."},"geometry":{"type":"Point","coordinates":[-0.0554,51.4457]}},{"type":"Feature","id":"lon_brownfield_1718591","properties":{"city_id":"london","event_id":"lon_brownfield_1718591","title":"Brownfield development site: Gillan Court (267) Baring Road (up to 9 homes)","year":2020,"effective_date":"2020-01-29","date_precision":"day","category":"transport","lens":"traffic","confidence":"documented","source_ids":["lon-extra-planning-data-brownfield-land"],"explanation":"Planning/development evidence record: permissioned; brownfield land capacity marker for 9 net dwellings."},"geometry":{"type":"Point","coordinates":[0.02182,51.4335]}},{"type":"Feature","id":"lon_brownfield_1718598","properties":{"city_id":"london","event_id":"lon_brownfield_1718598","title":"Brownfield development site: Our Lady and St Philip Neri RC Primary School (up to 59 homes)","year":2020,"effective_date":"2020-02-24","date_precision":"day","category":"civic_services","lens":"services","confidence":"documented","source_ids":["lon-extra-planning-data-brownfield-land"],"explanation":"Planning/development evidence record: permissioned; brownfield land capacity marker for 59 net dwellings."},"geometry":{"type":"Point","coordinates":[-0.0466,51.4329]}},{"type":"Feature","id":"lon_brownfield_1718600","properties":{"city_id":"london","event_id":"lon_brownfield_1718600","title":"Brownfield development site: Land at Waldram Crescent, rear of 1-17 Stanstead Road (up to 22 homes)","year":2020,"effective_date":"2020-09-10","date_precision":"day","category":"transport","lens":"traffic","confidence":"documented","source_ids":["lon-extra-planning-data-brownfield-land"],"explanation":"Planning/development evidence record: permissioned; brownfield land capacity marker for 22 net dwellings."},"geometry":{"type":"Point","coordinates":[-0.052,51.4403]}},{"type":"Feature","id":"lon_brownfield_1719364","properties":{"city_id":"london","event_id":"lon_brownfield_1719364","title":"Brownfield development site: 101 Streatham High Road (up to 41 homes)","year":2020,"effective_date":"2020-09-01","date_precision":"day","category":"transport","lens":"traffic","confidence":"documented","source_ids":["lon-extra-planning-data-brownfield-land"],"explanation":"Planning/development evidence record: permissioned; brownfield land capacity marker for 41 net dwellings."},"geometry":{"type":"Point","coordinates":[-0.127596,51.429476]}},{"type":"Feature","id":"lon_brownfield_1719369","properties":{"city_id":"london","event_id":"lon_brownfield_1719369","title":"Brownfield development site: 22 Wyvil Road (up to 30 homes)","year":2020,"effective_date":"2020-02-20","date_precision":"day","category":"transport","lens":"traffic","confidence":"documented","source_ids":["lon-extra-planning-data-brownfield-land"],"explanation":"Planning/development evidence record: permissioned; brownfield land capacity marker for 30 net dwellings."},"geometry":{"type":"Point","coordinates":[-0.125283,51.481123]}},{"type":"Feature","id":"lon_brownfield_1719380","properties":{"city_id":"london","event_id":"lon_brownfield_1719380","title":"Brownfield development site: Land Formerly Patmos Lodge 53 Elliott Road (up to 31 homes)","year":2020,"effective_date":"2020-07-21","date_precision":"day","category":"transport","lens":"traffic","confidence":"documented","source_ids":["lon-extra-planning-data-brownfield-land"],"explanation":"Planning/development evidence record: permissioned; brownfield land capacity marker for 31 net dwellings."},"geometry":{"type":"Point","coordinates":[-0.107172,51.476529]}},{"type":"Feature","id":"lon_brownfield_1719382","properties":{"city_id":"london","event_id":"lon_brownfield_1719382","title":"Brownfield development site: Hero Of Switzerland (up to 35 homes)","year":2020,"effective_date":"2020-08-25","date_precision":"day","category":"built_environment","lens":"built_environment","confidence":"documented","source_ids":["lon-extra-planning-data-brownfield-land"],"explanation":"Planning/development evidence record: permissioned; brownfield land capacity marker for 35 net dwellings."},"geometry":{"type":"Point","coordinates":[-0.103903,51.46674]}},{"type":"Feature","id":"lon_brownfield_1719383","properties":{"city_id":"london","event_id":"lon_brownfield_1719383","title":"Brownfield development site: 6 Lansdowne Hill (up to 51 homes)","year":2020,"effective_date":"2020-03-13","date_precision":"day","category":"built_environment","lens":"built_environment","confidence":"documented","source_ids":["lon-extra-planning-data-brownfield-land"],"explanation":"Planning/development evidence record: permissioned; brownfield land capacity marker for 51 net dwellings."},"geometry":{"type":"Point","coordinates":[-0.103519,51.434278]}},{"type":"Feature","id":"lon_brownfield_1719389","properties":{"city_id":"london","event_id":"lon_brownfield_1719389","title":"Brownfield development site: 166 Weir Road (up to 8 homes)","year":2020,"effective_date":"2020-10-02","date_precision":"day","category":"transport","lens":"traffic","confidence":"documented","source_ids":["lon-extra-planning-data-brownfield-land"],"explanation":"Planning/development evidence record: permissioned; brownfield land capacity marker for 8 net dwellings."},"geometry":{"type":"Point","coordinates":[-0.138996,51.446122]}},{"type":"Feature","id":"lon_brownfield_1719390","properties":{"city_id":"london","event_id":"lon_brownfield_1719390","title":"Brownfield development site: Land Bounded By Wandsworth Road, Parry Street, Bondway And Vauxhall Bus Station (up to 257 homes)","year":2020,"effective_date":"2020-09-04","date_precision":"day","category":"transport","lens":"traffic","confidence":"documented","source_ids":["lon-extra-planning-data-brownfield-land"],"explanation":"Planning/development evidence record: permissioned; brownfield land capacity marker for 257 net dwellings."},"geometry":{"type":"Point","coordinates":[-0.125236,51.484814]}},{"type":"Feature","id":"lon_brownfield_1719391","properties":{"city_id":"london","event_id":"lon_brownfield_1719391","title":"Brownfield development site: 2-4 Ellison Road (up to 8 homes)","year":2020,"effective_date":"2020-12-06","date_precision":"day","category":"transport","lens":"traffic","confidence":"documented","source_ids":["lon-extra-planning-data-brownfield-land"],"explanation":"Planning/development evidence record: permissioned; brownfield land capacity marker for 8 net dwellings."},"geometry":{"type":"Point","coordinates":[-0.135082,51.41821]}},{"type":"Feature","id":"lon_brownfield_1719392","properties":{"city_id":"london","event_id":"lon_brownfield_1719392","title":"Brownfield development site: Land At No. 200-262 Hydethorpe Road And Bound By Thornton Road (up to 14 homes)","year":2020,"effective_date":"2020-07-23","date_precision":"day","category":"transport","lens":"traffic","confidence":"documented","source_ids":["lon-extra-planning-data-brownfield-land"],"explanation":"Planning/development evidence record: permissioned; brownfield land capacity marker for 14 net dwellings."},"geometry":{"type":"Point","coordinates":[-0.136136,51.446023]}},{"type":"Feature","id":"lon_brownfield_1719393","properties":{"city_id":"london","event_id":"lon_brownfield_1719393","title":"Brownfield development site: Land Rear Of Cooper Building (up to 36 homes)","year":2020,"effective_date":"2020-10-23","date_precision":"day","category":"built_environment","lens":"built_environment","confidence":"documented","source_ids":["lon-extra-planning-data-brownfield-land"],"explanation":"Planning/development evidence record: permissioned; brownfield land capacity marker for 36 net dwellings."},"geometry":{"type":"Point","coordinates":[-0.145398,51.452563]}},{"type":"Feature","id":"lon_brownfield_1719394","properties":{"city_id":"london","event_id":"lon_brownfield_1719394","title":"Brownfield development site: Land On The North Side Of 83 Christchurch Road (up to 5 homes)","year":2020,"effective_date":"2020-11-16","date_precision":"day","category":"transport","lens":"traffic","confidence":"documented","source_ids":["lon-extra-planning-data-brownfield-land"],"explanation":"Planning/development evidence record: permissioned; brownfield land capacity marker for 5 net dwellings."},"geometry":{"type":"Point","coordinates":[-0.10893,51.440974]}},{"type":"Feature","id":"lon_brownfield_1719395","properties":{"city_id":"london","event_id":"lon_brownfield_1719395","title":"Brownfield development site: 112-122 Wandsworth Road (up to 6 homes)","year":2020,"effective_date":"2020-11-08","date_precision":"day","category":"transport","lens":"traffic","confidence":"documented","source_ids":["lon-extra-planning-data-brownfield-land"],"explanation":"Planning/development evidence record: permissioned; brownfield land capacity marker for 6 net dwellings."},"geometry":{"type":"Point","coordinates":[-0.12927,51.478835]}},{"type":"Feature","id":"lon_brownfield_1719399","properties":{"city_id":"london","event_id":"lon_brownfield_1719399","title":"Brownfield development site: Higgs Industrial Estate (up to 134 homes)","year":2020,"effective_date":"2020-12-30","date_precision":"day","category":"built_environment","lens":"built_environment","confidence":"documented","source_ids":["lon-extra-planning-data-brownfield-land"],"explanation":"Planning/development evidence record: permissioned; brownfield land capacity marker for 134 net dwellings."},"geometry":{"type":"Point","coordinates":[-0.101257,51.465678]}},{"type":"Feature","id":"lon_brownfield_1719402","properties":{"city_id":"london","event_id":"lon_brownfield_1719402","title":"Brownfield development site: 154-166 Clapham High Street And 162 Stonhouse (up to 26 homes)","year":2020,"effective_date":"2020-11-27","date_precision":"day","category":"environment","lens":"green_space","confidence":"documented","source_ids":["lon-extra-planning-data-brownfield-land"],"explanation":"Planning/development evidence record: permissioned; brownfield land capacity marker for 26 net dwellings."},"geometry":{"type":"Point","coordinates":[-0.136714,51.462587]}},{"type":"Feature","id":"lon_brownfield_1719404","properties":{"city_id":"london","event_id":"lon_brownfield_1719404","title":"Brownfield development site: 219 - 223 Coldharbour Lane (up to 8 homes)","year":2020,"effective_date":"2020-12-15","date_precision":"day","category":"built_environment","lens":"built_environment","confidence":"documented","source_ids":["lon-extra-planning-data-brownfield-land"],"explanation":"Planning/development evidence record: pending-decision; brownfield land capacity marker for 8 net dwellings."},"geometry":{"type":"Point","coordinates":[-0.102615,51.465575]}},{"type":"Feature","id":"lon_brownfield_1719406","properties":{"city_id":"london","event_id":"lon_brownfield_1719406","title":"Brownfield development site: 19 Leigham Avenue (up to 8 homes)","year":2020,"effective_date":"2020-03-18","date_precision":"day","category":"built_environment","lens":"built_environment","confidence":"documented","source_ids":["lon-extra-planning-data-brownfield-land"],"explanation":"Planning/development evidence record: permissioned; brownfield land capacity marker for 8 net dwellings."},"geometry":{"type":"Point","coordinates":[-0.125045,51.434668]}},{"type":"Feature","id":"lon_brownfield_1719791","properties":{"city_id":"london","event_id":"lon_brownfield_1719791","title":"Brownfield development site: Site Bordering Great Suffolk Street and Ewer Street","year":2020,"effective_date":"2020-03-25","date_precision":"day","category":"environment","lens":"green_space","confidence":"documented","source_ids":["lon-extra-planning-data-brownfield-land"],"explanation":"Planning/development evidence record: not-permissioned; brownfield land capacity marker."},"geometry":{"type":"Point","coordinates":[-0.099814,51.504658]}},{"type":"Feature","id":"lon_brownfield_1719792","properties":{"city_id":"london","event_id":"lon_brownfield_1719792","title":"Brownfield development site: 62-67 Park Street","year":2020,"effective_date":"2020-03-25","date_precision":"day","category":"environment","lens":"green_space","confidence":"documented","source_ids":["lon-extra-planning-data-brownfield-land"],"explanation":"Planning/development evidence record: not-permissioned; brownfield land capacity marker."},"geometry":{"type":"Point","coordinates":[-0.096975,51.507777]}},{"type":"Feature","id":"lon_brownfield_1719795","properties":{"city_id":"london","event_id":"lon_brownfield_1719795","title":"Brownfield development site: 1 Southwark Bridge and Red Lion Court","year":2020,"effective_date":"2020-03-25","date_precision":"day","category":"built_environment","lens":"built_environment","confidence":"documented","source_ids":["lon-extra-planning-data-brownfield-land"],"explanation":"Planning/development evidence record: not-permissioned; brownfield land capacity marker."},"geometry":{"type":"Point","coordinates":[-0.094097,51.507668]}},{"type":"Feature","id":"lon_brownfield_1719796","properties":{"city_id":"london","event_id":"lon_brownfield_1719796","title":"Brownfield development site: Landmark Court","year":2020,"effective_date":"2020-03-25","date_precision":"day","category":"built_environment","lens":"built_environment","confidence":"documented","source_ids":["lon-extra-planning-data-brownfield-land"],"explanation":"Planning/development evidence record: not-permissioned; brownfield land capacity marker."},"geometry":{"type":"Point","coordinates":[-0.09242,51.504709]}},{"type":"Feature","id":"lon_brownfield_1719797","properties":{"city_id":"london","event_id":"lon_brownfield_1719797","title":"Brownfield development site: Land between Great Suffolk Street and Glasshill Street","year":2020,"effective_date":"2020-03-25","date_precision":"day","category":"environment","lens":"green_space","confidence":"documented","source_ids":["lon-extra-planning-data-brownfield-land"],"explanation":"Planning/development evidence record: not-permissioned; brownfield land capacity marker."},"geometry":{"type":"Point","coordinates":[-0.099737,51.50132]}},{"type":"Feature","id":"lon_brownfield_1719798","properties":{"city_id":"london","event_id":"lon_brownfield_1719798","title":"Brownfield development site: Swan Street Cluster","year":2020,"effective_date":"2020-03-25","date_precision":"day","category":"environment","lens":"green_space","confidence":"documented","source_ids":["lon-extra-planning-data-brownfield-land"],"explanation":"Planning/development evidence record: not-permissioned; brownfield land capacity marker."},"geometry":{"type":"Point","coordinates":[-0.094471,51.500084]}},{"type":"Feature","id":"lon_brownfield_1719799","properties":{"city_id":"london","event_id":"lon_brownfield_1719799","title":"Brownfield development site: 19, 21 and 23 Harper Road, 325 Borough High Street, 1-5 and 7-11 Newington Causeway","year":2020,"effective_date":"2020-03-25","date_precision":"day","category":"transport","lens":"traffic","confidence":"documented","source_ids":["lon-extra-planning-data-brownfield-land"],"explanation":"Planning/development evidence record: not-permissioned; brownfield land capacity marker."},"geometry":{"type":"Point","coordinates":[-0.095878,51.499171]}},{"type":"Feature","id":"lon_brownfield_1719801","properties":{"city_id":"london","event_id":"lon_brownfield_1719801","title":"Brownfield development site: Tower Workshops","year":2020,"effective_date":"2020-03-25","date_precision":"day","category":"built_environment","lens":"built_environment","confidence":"documented","source_ids":["lon-extra-planning-data-brownfield-land"],"explanation":"Planning/development evidence record: not-permissioned; brownfield land capacity marker."},"geometry":{"type":"Point","coordinates":[-0.077092,51.498793]}},{"type":"Feature","id":"lon_brownfield_1719802","properties":{"city_id":"london","event_id":"lon_brownfield_1719802","title":"Brownfield development site: Conoco House, Quadrant House, Edward Edwards House and Suthring House","year":2020,"effective_date":"2020-03-25","date_precision":"day","category":"built_environment","lens":"built_environment","confidence":"documented","source_ids":["lon-extra-planning-data-brownfield-land"],"explanation":"Planning/development evidence record: not-permissioned; brownfield land capacity marker."},"geometry":{"type":"Point","coordinates":[-0.105151,51.506947]}},{"type":"Feature","id":"lon_brownfield_1719803","properties":{"city_id":"london","event_id":"lon_brownfield_1719803","title":"Brownfield development site: Friars House, 157-168 Blackfriars Road","year":2020,"effective_date":"2020-03-25","date_precision":"day","category":"transport","lens":"traffic","confidence":"documented","source_ids":["lon-extra-planning-data-brownfield-land"],"explanation":"Planning/development evidence record: not-permissioned; brownfield land capacity marker."},"geometry":{"type":"Point","coordinates":[-0.104245,51.501699]}},{"type":"Feature","id":"lon_brownfield_1719804","properties":{"city_id":"london","event_id":"lon_brownfield_1719804","title":"Brownfield development site: Land enclosed by Colombo Street, Meymott Street and Blackfriars Road","year":2020,"effective_date":"2020-03-25","date_precision":"day","category":"transport","lens":"traffic","confidence":"documented","source_ids":["lon-extra-planning-data-brownfield-land"],"explanation":"Planning/development evidence record: not-permissioned; brownfield land capacity marker."},"geometry":{"type":"Point","coordinates":[-0.105047,51.505642]}},{"type":"Feature","id":"lon_brownfield_1719806","properties":{"city_id":"london","event_id":"lon_brownfield_1719806","title":"Brownfield development site: Southwark Station and 1 Joan Street","year":2020,"effective_date":"2020-03-25","date_precision":"day","category":"environment","lens":"green_space","confidence":"documented","source_ids":["lon-extra-planning-data-brownfield-land"],"explanation":"Planning/development evidence record: not-permissioned; brownfield land capacity marker."},"geometry":{"type":"Point","coordinates":[-0.105534,51.503968]}},{"type":"Feature","id":"lon_brownfield_1719807","properties":{"city_id":"london","event_id":"lon_brownfield_1719807","title":"Brownfield development site: McLaren House, St George\u2019s Circus","year":2020,"effective_date":"2020-03-25","date_precision":"day","category":"built_environment","lens":"built_environment","confidence":"documented","source_ids":["lon-extra-planning-data-brownfield-land"],"explanation":"Planning/development evidence record: not-permissioned; brownfield land capacity marker."},"geometry":{"type":"Point","coordinates":[-0.105812,51.499008]}},{"type":"Feature","id":"lon_brownfield_1719808","properties":{"city_id":"london","event_id":"lon_brownfield_1719808","title":"Brownfield development site: Burgess Business Park","year":2020,"effective_date":"2020-03-25","date_precision":"day","category":"transport","lens":"traffic","confidence":"documented","source_ids":["lon-extra-planning-data-brownfield-land"],"explanation":"Planning/development evidence record: not-permissioned; brownfield land capacity marker."},"geometry":{"type":"Point","coordinates":[-0.086416,51.480852]}},{"type":"Feature","id":"lon_brownfield_1719809","properties":{"city_id":"london","event_id":"lon_brownfield_1719809","title":"Brownfield development site: Butterfly Walk, Morrisons Car Park and Police Station","year":2020,"effective_date":"2020-03-25","date_precision":"day","category":"environment","lens":"green_space","confidence":"documented","source_ids":["lon-extra-planning-data-brownfield-land"],"explanation":"Planning/development evidence record: not-permissioned; brownfield land capacity marker."},"geometry":{"type":"Point","coordinates":[-0.092024,51.47312]}},{"type":"Feature","id":"lon_brownfield_1719810","properties":{"city_id":"london","event_id":"lon_brownfield_1719810","title":"Brownfield development site: Valmar Trading Estate","year":2020,"effective_date":"2020-03-25","date_precision":"day","category":"built_environment","lens":"built_environment","confidence":"documented","source_ids":["lon-extra-planning-data-brownfield-land"],"explanation":"Planning/development evidence record: not-permissioned; brownfield land capacity marker."},"geometry":{"type":"Point","coordinates":[-0.094075,51.472964]}},{"type":"Feature","id":"lon_brownfield_1719811","properties":{"city_id":"london","event_id":"lon_brownfield_1719811","title":"Brownfield development site: Camberwell Bus Garage","year":2020,"effective_date":"2020-03-25","date_precision":"day","category":"transport","lens":"traffic","confidence":"documented","source_ids":["lon-extra-planning-data-brownfield-land"],"explanation":"Planning/development evidence record: not-permissioned; brownfield land capacity marker."},"geometry":{"type":"Point","coordinates":[-0.095949,51.474298]}},{"type":"Feature","id":"lon_brownfield_1719812","properties":{"city_id":"london","event_id":"lon_brownfield_1719812","title":"Brownfield development site: Abellio Bus Garage","year":2020,"effective_date":"2020-03-25","date_precision":"day","category":"transport","lens":"traffic","confidence":"documented","source_ids":["lon-extra-planning-data-brownfield-land"],"explanation":"Planning/development evidence record: not-permissioned; brownfield land capacity marker."},"geometry":{"type":"Point","coordinates":[-0.095159,51.475644]}},{"type":"Feature","id":"lon_brownfield_1719813","properties":{"city_id":"london","event_id":"lon_brownfield_1719813","title":"Brownfield development site: Land between Camberwell Station Road and Warner Road","year":2020,"effective_date":"2020-03-25","date_precision":"day","category":"transport","lens":"traffic","confidence":"documented","source_ids":["lon-extra-planning-data-brownfield-land"],"explanation":"Planning/development evidence record: not-permissioned; brownfield land capacity marker."},"geometry":{"type":"Point","coordinates":[-0.098184,51.472509]}},{"type":"Feature","id":"lon_brownfield_1719814","properties":{"city_id":"london","event_id":"lon_brownfield_1719814","title":"Brownfield development site: Iceland, 120-132 Camberwell Road","year":2020,"effective_date":"2020-03-25","date_precision":"day","category":"transport","lens":"traffic","confidence":"documented","source_ids":["lon-extra-planning-data-brownfield-land"],"explanation":"Planning/development evidence record: not-permissioned; brownfield land capacity marker."},"geometry":{"type":"Point","coordinates":[-0.094769,51.48017]}},{"type":"Feature","id":"lon_brownfield_1719815","properties":{"city_id":"london","event_id":"lon_brownfield_1719815","title":"Brownfield development site: 83 Lomond Grove","year":2020,"effective_date":"2020-03-25","date_precision":"day","category":"built_environment","lens":"built_environment","confidence":"documented","source_ids":["lon-extra-planning-data-brownfield-land"],"explanation":"Planning/development evidence record: not-permissioned; brownfield land capacity marker."},"geometry":{"type":"Point","coordinates":[-0.091233,51.477243]}},{"type":"Feature","id":"lon_brownfield_1719817","properties":{"city_id":"london","event_id":"lon_brownfield_1719817","title":"Brownfield development site: Camberwell Green Magistrate's Court","year":2020,"effective_date":"2020-03-25","date_precision":"day","category":"environment","lens":"green_space","confidence":"documented","source_ids":["lon-extra-planning-data-brownfield-land"],"explanation":"Planning/development evidence record: not-permissioned; brownfield land capacity marker."},"geometry":{"type":"Point","coordinates":[-0.091195,51.476083]}},{"type":"Feature","id":"lon_brownfield_1719818","properties":{"city_id":"london","event_id":"lon_brownfield_1719818","title":"Brownfield development site: Guys and St Thomas Trust Rehabilitation Centre, Crystal Palace","year":2020,"effective_date":"2020-03-25","date_precision":"day","category":"built_environment","lens":"built_environment","confidence":"documented","source_ids":["lon-extra-planning-data-brownfield-land"],"explanation":"Planning/development evidence record: not-permissioned; brownfield land capacity marker."},"geometry":{"type":"Point","coordinates":[-0.078813,51.4215]}},{"type":"Feature","id":"lon_brownfield_1719819","properties":{"city_id":"london","event_id":"lon_brownfield_1719819","title":"Brownfield development site: The Grove Tavern, 520 Lordship Lane","year":2020,"effective_date":"2020-03-25","date_precision":"day","category":"built_environment","lens":"built_environment","confidence":"documented","source_ids":["lon-extra-planning-data-brownfield-land"],"explanation":"Planning/development evidence record: not-permissioned; brownfield land capacity marker."},"geometry":{"type":"Point","coordinates":[-0.068523,51.443481]}},{"type":"Feature","id":"lon_brownfield_1719820","properties":{"city_id":"london","event_id":"lon_brownfield_1719820","title":"Brownfield development site: Dulwich Hamlet Champion Hill Stadium, Dog Kennel Hill","year":2020,"effective_date":"2020-03-25","date_precision":"day","category":"built_environment","lens":"built_environment","confidence":"documented","source_ids":["lon-extra-planning-data-brownfield-land"],"explanation":"Planning/development evidence record: not-permissioned; brownfield land capacity marker."},"geometry":{"type":"Point","coordinates":[-0.083491,51.461631]}},{"type":"Feature","id":"lon_brownfield_1719821","properties":{"city_id":"london","event_id":"lon_brownfield_1719821","title":"Brownfield development site: Railway Rise, East Dulwich","year":2020,"effective_date":"2020-03-25","date_precision":"day","category":"transport","lens":"traffic","confidence":"documented","source_ids":["lon-extra-planning-data-brownfield-land"],"explanation":"Planning/development evidence record: not-permissioned; brownfield land capacity marker."},"geometry":{"type":"Point","coordinates":[-0.080949,51.460466]}},{"type":"Feature","id":"lon_brownfield_1719823","properties":{"city_id":"london","event_id":"lon_brownfield_1719823","title":"Brownfield development site: Salvation Army Headquarters, Newington Causeway (up to 72 homes)","year":2020,"effective_date":"2020-03-25","date_precision":"day","category":"built_environment","lens":"built_environment","confidence":"documented","source_ids":["lon-extra-planning-data-brownfield-land"],"explanation":"Planning/development evidence record: not-permissioned; brownfield land capacity marker for 72 net dwellings."},"geometry":{"type":"Point","coordinates":[-0.099005,51.496749]}},{"type":"Feature","id":"lon_brownfield_1719824","properties":{"city_id":"london","event_id":"lon_brownfield_1719824","title":"Brownfield development site: Elephant and Castle Shopping Centre and London College of Communications","year":2020,"effective_date":"2020-01-10","date_precision":"day","category":"built_environment","lens":"built_environment","confidence":"documented","source_ids":["lon-extra-planning-data-brownfield-land"],"explanation":"Planning/development evidence record: full permission; brownfield land capacity marker."},"geometry":{"type":"Point","coordinates":[-0.099605,51.494097]}},{"type":"Feature","id":"lon_brownfield_1719825","properties":{"city_id":"london","event_id":"lon_brownfield_1719825","title":"Brownfield development site: 1-5 Westminister Bridge Road","year":2020,"effective_date":"2020-03-25","date_precision":"day","category":"transport","lens":"traffic","confidence":"documented","source_ids":["lon-extra-planning-data-brownfield-land"],"explanation":"Planning/development evidence record: not-permissioned; brownfield land capacity marker."},"geometry":{"type":"Point","coordinates":[-0.105476,51.498427]}},{"type":"Feature","id":"lon_brownfield_1719826","properties":{"city_id":"london","event_id":"lon_brownfield_1719826","title":"Brownfield development site: Land between Melior Street, St Thomas Street, Weston Street and Fenning Street","year":2020,"effective_date":"2020-03-25","date_precision":"day","category":"environment","lens":"green_space","confidence":"documented","source_ids":["lon-extra-planning-data-brownfield-land"],"explanation":"Planning/development evidence record: not-permissioned; brownfield land capacity marker."},"geometry":{"type":"Point","coordinates":[-0.084812,51.502984]}},{"type":"Feature","id":"lon_brownfield_1719828","properties":{"city_id":"london","event_id":"lon_brownfield_1719828","title":"Brownfield development site: Bricklayers Arms","year":2020,"effective_date":"2020-03-25","date_precision":"day","category":"built_environment","lens":"built_environment","confidence":"documented","source_ids":["lon-extra-planning-data-brownfield-land"],"explanation":"Planning/development evidence record: not-permissioned; brownfield land capacity marker."},"geometry":{"type":"Point","coordinates":[-0.085557,51.494489]}},{"type":"Feature","id":"lon_brownfield_1719829","properties":{"city_id":"london","event_id":"lon_brownfield_1719829","title":"Brownfield development site: Crimscottt Street and Pages Walk","year":2020,"effective_date":"2020-03-25","date_precision":"day","category":"environment","lens":"green_space","confidence":"documented","source_ids":["lon-extra-planning-data-brownfield-land"],"explanation":"Planning/development evidence record: permissioned; brownfield land capacity marker."},"geometry":{"type":"Point","coordinates":[-0.078967,51.494975]}},{"type":"Feature","id":"lon_brownfield_1719830","properties":{"city_id":"london","event_id":"lon_brownfield_1719830","title":"Brownfield development site: Mandela Way","year":2020,"effective_date":"2020-03-25","date_precision":"day","category":"built_environment","lens":"built_environment","confidence":"documented","source_ids":["lon-extra-planning-data-brownfield-land"],"explanation":"Planning/development evidence record: not-permissioned; brownfield land capacity marker."},"geometry":{"type":"Point","coordinates":[-0.07963,51.492225]}},{"type":"Feature","id":"lon_brownfield_1719831","properties":{"city_id":"london","event_id":"lon_brownfield_1719831","title":"Brownfield development site: 107 Dunton Road (Tesco and Car Park) and Southernwood Retail Park","year":2020,"effective_date":"2020-03-25","date_precision":"day","category":"transport","lens":"traffic","confidence":"documented","source_ids":["lon-extra-planning-data-brownfield-land"],"explanation":"Planning/development evidence record: permissioned; brownfield land capacity marker."},"geometry":{"type":"Point","coordinates":[-0.075676,51.488967]}},{"type":"Feature","id":"lon_brownfield_1719834","properties":{"city_id":"london","event_id":"lon_brownfield_1719834","title":"Brownfield development site: Marlborough Grove and St James\u2019s Road","year":2020,"effective_date":"2020-03-25","date_precision":"day","category":"transport","lens":"traffic","confidence":"documented","source_ids":["lon-extra-planning-data-brownfield-land"],"explanation":"Planning/development evidence record: not-permissioned; brownfield land capacity marker."},"geometry":{"type":"Point","coordinates":[-0.066818,51.485548]}},{"type":"Feature","id":"lon_brownfield_1719835","properties":{"city_id":"london","event_id":"lon_brownfield_1719835","title":"Brownfield development site: Sandgate Street and Verney Road","year":2020,"effective_date":"2020-03-25","date_precision":"day","category":"transport","lens":"traffic","confidence":"documented","source_ids":["lon-extra-planning-data-brownfield-land"],"explanation":"Planning/development evidence record: permissioned; brownfield land capacity marker."},"geometry":{"type":"Point","coordinates":[-0.06233,51.484053]}},{"type":"Feature","id":"lon_brownfield_1719836","properties":{"city_id":"london","event_id":"lon_brownfield_1719836","title":"Brownfield development site: Devon Street and Sylvan Grove","year":2020,"effective_date":"2020-03-25","date_precision":"day","category":"environment","lens":"green_space","confidence":"documented","source_ids":["lon-extra-planning-data-brownfield-land"],"explanation":"Planning/development evidence record: not-permissioned; brownfield land capacity marker."},"geometry":{"type":"Point","coordinates":[-0.058603,51.480925]}},{"type":"Feature","id":"lon_brownfield_1719837","properties":{"city_id":"london","event_id":"lon_brownfield_1719837","title":"Brownfield development site: Hatcham Road and Penarth Street and IIlderton Road","year":2020,"effective_date":"2020-03-25","date_precision":"day","category":"transport","lens":"traffic","confidence":"documented","source_ids":["lon-extra-planning-data-brownfield-land"],"explanation":"Planning/development evidence record: permissioned; brownfield land capacity marker."},"geometry":{"type":"Point","coordinates":[-0.054375,51.483472]}},{"type":"Feature","id":"lon_brownfield_1719838","properties":{"city_id":"london","event_id":"lon_brownfield_1719838","title":"Brownfield development site: 760 and 812 Old Kent Road (Toysrus store) and 840 Old Kent Road (Aldi Store)","year":2020,"effective_date":"2020-03-25","date_precision":"day","category":"transport","lens":"traffic","confidence":"documented","source_ids":["lon-extra-planning-data-brownfield-land"],"explanation":"Planning/development evidence record: not-permissioned; brownfield land capacity marker."},"geometry":{"type":"Point","coordinates":[-0.057621,51.481313]}},{"type":"Feature","id":"lon_brownfield_1719839","properties":{"city_id":"london","event_id":"lon_brownfield_1719839","title":"Brownfield development site: 684-698 Old Kent Road (Kwikfit garage)","year":2020,"effective_date":"2020-03-25","date_precision":"day","category":"transport","lens":"traffic","confidence":"documented","source_ids":["lon-extra-planning-data-brownfield-land"],"explanation":"Planning/development evidence record: not-permissioned; brownfield land capacity marker."},"geometry":{"type":"Point","coordinates":[-0.062111,51.481738]}},{"type":"Feature","id":"lon_brownfield_1719840","properties":{"city_id":"london","event_id":"lon_brownfield_1719840","title":"Brownfield development site: 636 Old Kent Road","year":2020,"effective_date":"2020-03-25","date_precision":"day","category":"transport","lens":"traffic","confidence":"documented","source_ids":["lon-extra-planning-data-brownfield-land"],"explanation":"Planning/development evidence record: not-permissioned; brownfield land capacity marker."},"geometry":{"type":"Point","coordinates":[-0.064217,51.482673]}},{"type":"Feature","id":"lon_brownfield_1719841","properties":{"city_id":"london","event_id":"lon_brownfield_1719841","title":"Brownfield development site: Aylesham Centre and Peckham Bus Station","year":2020,"effective_date":"2020-03-25","date_precision":"day","category":"transport","lens":"traffic","confidence":"documented","source_ids":["lon-extra-planning-data-brownfield-land"],"explanation":"Planning/development evidence record: not-permissioned; brownfield land capacity marker."},"geometry":{"type":"Point","coordinates":[-0.067338,51.473578]}},{"type":"Feature","id":"lon_brownfield_1719842","properties":{"city_id":"london","event_id":"lon_brownfield_1719842","title":"Brownfield development site: Blackpool Road Business Park","year":2020,"effective_date":"2020-03-25","date_precision":"day","category":"transport","lens":"traffic","confidence":"documented","source_ids":["lon-extra-planning-data-brownfield-land"],"explanation":"Planning/development evidence record: not-permissioned; brownfield land capacity marker."},"geometry":{"type":"Point","coordinates":[-0.064015,51.469423]}},{"type":"Feature","id":"lon_brownfield_1719844","properties":{"city_id":"london","event_id":"lon_brownfield_1719844","title":"Brownfield development site: St Olav's Business Park","year":2020,"effective_date":"2020-03-25","date_precision":"day","category":"transport","lens":"traffic","confidence":"documented","source_ids":["lon-extra-planning-data-brownfield-land"],"explanation":"Planning/development evidence record: not-permissioned; brownfield land capacity marker."},"geometry":{"type":"Point","coordinates":[-0.05435,51.498606]}},{"type":"Feature","id":"lon_brownfield_1719846","properties":{"city_id":"london","event_id":"lon_brownfield_1719846","title":"Brownfield development site: Harmsworth Quays, Surrey Quays Leisure Park, Surrey Quays Shopping Centre and Robert\u2019s Close (up to 3995 homes)","year":2020,"effective_date":"2020-03-25","date_precision":"day","category":"environment","lens":"green_space","confidence":"documented","source_ids":["lon-extra-planning-data-brownfield-land"],"explanation":"Planning/development evidence record: not-permissioned; brownfield land capacity marker for 3995 net dwellings."},"geometry":{"type":"Point","coordinates":[-0.04514,51.49598]}},{"type":"Feature","id":"lon_brownfield_1719848","properties":{"city_id":"london","event_id":"lon_brownfield_1719848","title":"Brownfield development site: 330-344 Walworth Road","year":2020,"effective_date":"2020-03-25","date_precision":"day","category":"transport","lens":"traffic","confidence":"documented","source_ids":["lon-extra-planning-data-brownfield-land"],"explanation":"Planning/development evidence record: not-permissioned; brownfield land capacity marker."},"geometry":{"type":"Point","coordinates":[-0.094596,51.485697]}},{"type":"Feature","id":"lon_brownfield_1719851","properties":{"city_id":"london","event_id":"lon_brownfield_1719851","title":"Brownfield development site: 39b,Consort Road,,SE15 2AA","year":2020,"effective_date":"2020-01-23","date_precision":"day","category":"transport","lens":"traffic","confidence":"documented","source_ids":["lon-extra-planning-data-brownfield-land"],"explanation":"Planning/development evidence record: permissioned; brownfield land capacity marker."},"geometry":{"type":"Point","coordinates":[-0.062984,51.470305]}},{"type":"Feature","id":"lon_brownfield_1719860","properties":{"city_id":"london","event_id":"lon_brownfield_1719860","title":"Brownfield development site: 28,Nunhead Lane,,SE15 3TU","year":2020,"effective_date":"2020-02-27","date_precision":"day","category":"built_environment","lens":"built_environment","confidence":"documented","source_ids":["lon-extra-planning-data-brownfield-land"],"explanation":"Planning/development evidence record: permissioned; brownfield land capacity marker."},"geometry":{"type":"Point","coordinates":[-0.062533,51.463274]}},{"type":"Feature","id":"lon_brownfield_1719861","properties":{"city_id":"london","event_id":"lon_brownfield_1719861","title":"Brownfield development site: 18,Camberwell Church Street,,SE5 8QU","year":2020,"effective_date":"2020-01-29","date_precision":"day","category":"environment","lens":"green_space","confidence":"documented","source_ids":["lon-extra-planning-data-brownfield-land"],"explanation":"Planning/development evidence record: permissioned; brownfield land capacity marker."},"geometry":{"type":"Point","coordinates":[-0.091421,51.473757]}},{"type":"Feature","id":"lon_brownfield_1719866","properties":{"city_id":"london","event_id":"lon_brownfield_1719866","title":"Brownfield development site: Former Columbia Metals Limited Warehouse,Winglfield Mews,Wingfield Street,SE15 4LH","year":2020,"effective_date":"2020-02-14","date_precision":"day","category":"environment","lens":"green_space","confidence":"documented","source_ids":["lon-extra-planning-data-brownfield-land"],"explanation":"Planning/development evidence record: permissioned; brownfield land capacity marker."},"geometry":{"type":"Point","coordinates":[-0.07145,51.465535]}},{"type":"Feature","id":"lon_brownfield_1719867","properties":{"city_id":"london","event_id":"lon_brownfield_1719867","title":"Brownfield development site: Car Park By Heaton House,Junction Of Claude Road And Heaton Road,,SE15 3TB","year":2020,"effective_date":"2020-02-25","date_precision":"day","category":"transport","lens":"traffic","confidence":"documented","source_ids":["lon-extra-planning-data-brownfield-land"],"explanation":"Planning/development evidence record: permissioned; brownfield land capacity marker."},"geometry":{"type":"Point","coordinates":[-0.06392,51.467245]}},{"type":"Feature","id":"lon_brownfield_1719873","properties":{"city_id":"london","event_id":"lon_brownfield_1719873","title":"Brownfield development site: Sampson House 64 Hopton Street London SE1 9JH","year":2020,"effective_date":"2020-03-24","date_precision":"day","category":"environment","lens":"green_space","confidence":"documented","source_ids":["lon-extra-planning-data-brownfield-land"],"explanation":"Planning/development evidence record: permissioned; brownfield land capacity marker."},"geometry":{"type":"Point","coordinates":[-0.102875,51.507981]}},{"type":"Feature","id":"lon_brownfield_1719878","properties":{"city_id":"london","event_id":"lon_brownfield_1719878","title":"Brownfield development site: Capital House 42-46 Weston Street London SE1 3QD","year":2020,"effective_date":"2020-03-24","date_precision":"day","category":"environment","lens":"green_space","confidence":"documented","source_ids":["lon-extra-planning-data-brownfield-land"],"explanation":"Planning/development evidence record: permissioned; brownfield land capacity marker."},"geometry":{"type":"Point","coordinates":[-0.085199,51.503026]}},{"type":"Feature","id":"lon_brownfield_1719889","properties":{"city_id":"london","event_id":"lon_brownfield_1719889","title":"Brownfield development site: Malt Street Regeneration Site, bounded by Bianca Road, Latona Road, Haymerle Road, Frensham Street and Malt Street, Lond","year":2020,"effective_date":"2020-03-24","date_precision":"day","category":"transport","lens":"traffic","confidence":"documented","source_ids":["lon-extra-planning-data-brownfield-land"],"explanation":"Planning/development evidence record: permissioned; brownfield land capacity marker."},"geometry":{"type":"Point","coordinates":[-0.069231,51.48503]}},{"type":"Feature","id":"lon_brownfield_1719891","properties":{"city_id":"london","event_id":"lon_brownfield_1719891","title":"Brownfield development site: 6-12 Verney Road, London, SE16 3DH","year":2020,"effective_date":"2020-03-24","date_precision":"day","category":"transport","lens":"traffic","confidence":"documented","source_ids":["lon-extra-planning-data-brownfield-land"],"explanation":"Planning/development evidence record: permissioned; brownfield land capacity marker."},"geometry":{"type":"Point","coordinates":[-0.063892,51.485248]}},{"type":"Feature","id":"lon_brownfield_1719892","properties":{"city_id":"london","event_id":"lon_brownfield_1719892","title":"Brownfield development site: Nyes Wharf, Frensham Street, London, SE15 6TH","year":2020,"effective_date":"2020-03-24","date_precision":"day","category":"environment","lens":"green_space","confidence":"documented","source_ids":["lon-extra-planning-data-brownfield-land"],"explanation":"Planning/development evidence record: permissioned; brownfield land capacity marker."},"geometry":{"type":"Point","coordinates":[-0.068154,51.482558]}},{"type":"Feature","id":"lon_brownfield_1719893","properties":{"city_id":"london","event_id":"lon_brownfield_1719893","title":"Brownfield development site: Land at 313-349 Ilderton Road, London SE15","year":2020,"effective_date":"2020-03-24","date_precision":"day","category":"transport","lens":"traffic","confidence":"documented","source_ids":["lon-extra-planning-data-brownfield-land"],"explanation":"Planning/development evidence record: permissioned; brownfield land capacity marker."},"geometry":{"type":"Point","coordinates":[-0.053842,51.479758]}},{"type":"Feature","id":"lon_brownfield_1719895","properties":{"city_id":"london","event_id":"lon_brownfield_1719895","title":"Brownfield development site: Land at Cantium Retail Park, 520 Old Kent Road, London SE1 5BA","year":2020,"effective_date":"2020-03-24","date_precision":"day","category":"transport","lens":"traffic","confidence":"documented","source_ids":["lon-extra-planning-data-brownfield-land"],"explanation":"Planning/development evidence record: permissioned; brownfield land capacity marker."},"geometry":{"type":"Point","coordinates":[-0.068125,51.483591]}},{"type":"Feature","id":"lon_brownfield_1719897","properties":{"city_id":"london","event_id":"lon_brownfield_1719897","title":"Brownfield development site: Iberia House, 2 Hatcham Road, London, SE15 1TW","year":2020,"effective_date":"2020-03-24","date_precision":"day","category":"transport","lens":"traffic","confidence":"documented","source_ids":["lon-extra-planning-data-brownfield-land"],"explanation":"Planning/development evidence record: permissioned; brownfield land capacity marker."},"geometry":{"type":"Point","coordinates":[-0.054513,51.481927]}},{"type":"Feature","id":"lon_brownfield_1719898","properties":{"city_id":"london","event_id":"lon_brownfield_1719898","title":"Brownfield development site: 49-53 Glengall Road London SE15 6NF","year":2020,"effective_date":"2020-03-24","date_precision":"day","category":"transport","lens":"traffic","confidence":"documented","source_ids":["lon-extra-planning-data-brownfield-land"],"explanation":"Planning/development evidence record: permissioned; brownfield land capacity marker."},"geometry":{"type":"Point","coordinates":[-0.071697,51.48222]}},{"type":"Feature","id":"lon_brownfield_1719901","properties":{"city_id":"london","event_id":"lon_brownfield_1719901","title":"Brownfield development site: 2 Varcoe Road, London, SE16 3DG","year":2020,"effective_date":"2020-03-11","date_precision":"day","category":"transport","lens":"traffic","confidence":"documented","source_ids":["lon-extra-planning-data-brownfield-land"],"explanation":"Planning/development evidence record: permissioned; brownfield land capacity marker."},"geometry":{"type":"Point","coordinates":[-0.058261,51.485245]}},{"type":"Feature","id":"lon_brownfield_1719902","properties":{"city_id":"london","event_id":"lon_brownfield_1719902","title":"Brownfield development site: Land bounded by Ruby Street, Murdoch Street and 685-695 Old Kent Road, London SE15 1JS","year":2020,"effective_date":"2020-03-24","date_precision":"day","category":"transport","lens":"traffic","confidence":"documented","source_ids":["lon-extra-planning-data-brownfield-land"],"explanation":"Planning/development evidence record: permissioned; brownfield land capacity marker."},"geometry":{"type":"Point","coordinates":[-0.061676,51.482145]}},{"type":"Feature","id":"lon_brownfield_1719903","properties":{"city_id":"london","event_id":"lon_brownfield_1719903","title":"Brownfield development site: 79-161 Ilderton Road, London, SE16 3JZ","year":2020,"effective_date":"2020-03-24","date_precision":"day","category":"transport","lens":"traffic","confidence":"documented","source_ids":["lon-extra-planning-data-brownfield-land"],"explanation":"Planning/development evidence record: permissioned; brownfield land capacity marker."},"geometry":{"type":"Point","coordinates":[-0.054744,51.487669]}},{"type":"Feature","id":"lon_brownfield_1719904","properties":{"city_id":"london","event_id":"lon_brownfield_1719904","title":"Brownfield development site: 596-608 Old Kent Road and land at Livesey Place, London, SE15 1JB","year":2020,"effective_date":"2020-03-24","date_precision":"day","category":"transport","lens":"traffic","confidence":"documented","source_ids":["lon-extra-planning-data-brownfield-land"],"explanation":"Planning/development evidence record: permissioned; brownfield land capacity marker."},"geometry":{"type":"Point","coordinates":[-0.065828,51.48341]}},{"type":"Feature","id":"lon_brownfield_1719905","properties":{"city_id":"london","event_id":"lon_brownfield_1719905","title":"Brownfield development site: 596-608 Old Kent Road and land at Livesey Place, London, SE15 1JB","year":2020,"effective_date":"2020-03-24","date_precision":"day","category":"transport","lens":"traffic","confidence":"documented","source_ids":["lon-extra-planning-data-brownfield-land"],"explanation":"Planning/development evidence record: permissioned; brownfield land capacity marker."},"geometry":{"type":"Point","coordinates":[-0.065828,51.48341]}},{"type":"Feature","id":"lon_brownfield_1719906","properties":{"city_id":"london","event_id":"lon_brownfield_1719906","title":"Brownfield development site: 301-303 Ilderton Road London SE15 1NW","year":2020,"effective_date":"2020-03-24","date_precision":"day","category":"transport","lens":"traffic","confidence":"documented","source_ids":["lon-extra-planning-data-brownfield-land"],"explanation":"Planning/development evidence record: permissioned; brownfield land capacity marker."},"geometry":{"type":"Point","coordinates":[-0.053392,51.480848]}},{"type":"Feature","id":"lon_brownfield_1719907","properties":{"city_id":"london","event_id":"lon_brownfield_1719907","title":"Brownfield development site: 812 Old Kent Road London SE15 1NH","year":2020,"effective_date":"2020-03-24","date_precision":"day","category":"transport","lens":"traffic","confidence":"documented","source_ids":["lon-extra-planning-data-brownfield-land"],"explanation":"Planning/development evidence record: permissioned; brownfield land capacity marker."},"geometry":{"type":"Point","coordinates":[-0.057664,51.479282]}},{"type":"Feature","id":"lon_brownfield_1719909","properties":{"city_id":"london","event_id":"lon_brownfield_1719909","title":"Brownfield development site: 747-759 & 765-775 Old Kent Road London SE15 1NZ & Land At Devonshire Grove SE15","year":2020,"effective_date":"2020-03-24","date_precision":"day","category":"transport","lens":"traffic","confidence":"documented","source_ids":["lon-extra-planning-data-brownfield-land"],"explanation":"Planning/development evidence record: permissioned; brownfield land capacity marker."},"geometry":{"type":"Point","coordinates":[-0.058977,51.48058]}},{"type":"Feature","id":"lon_brownfield_1719911","properties":{"city_id":"london","event_id":"lon_brownfield_1719911","title":"Brownfield development site: 840 Old Kent Road London SE15 1NQ","year":2020,"effective_date":"2020-03-24","date_precision":"day","category":"transport","lens":"traffic","confidence":"documented","source_ids":["lon-extra-planning-data-brownfield-land"],"explanation":"Planning/development evidence record: permissioned; brownfield land capacity marker."},"geometry":{"type":"Point","coordinates":[-0.055641,51.478772]}},{"type":"Feature","id":"lon_brownfield_1719912","properties":{"city_id":"london","event_id":"lon_brownfield_1719912","title":"Brownfield development site: 57 Glengall Road London SE15 6NF","year":2020,"effective_date":"2020-03-24","date_precision":"day","category":"transport","lens":"traffic","confidence":"documented","source_ids":["lon-extra-planning-data-brownfield-land"],"explanation":"Planning/development evidence record: permissioned; brownfield land capacity marker."},"geometry":{"type":"Point","coordinates":[-0.071581,51.481895]}},{"type":"Feature","id":"lon_brownfield_1719913","properties":{"city_id":"london","event_id":"lon_brownfield_1719913","title":"Brownfield development site: 272 St Jamess Road London SE1 5JX","year":2020,"effective_date":"2020-03-02","date_precision":"day","category":"transport","lens":"traffic","confidence":"documented","source_ids":["lon-extra-planning-data-brownfield-land"],"explanation":"Planning/development evidence record: permissioned; brownfield land capacity marker."},"geometry":{"type":"Point","coordinates":[-0.066063,51.487038]}},{"type":"Feature","id":"lon_brownfield_1719915","properties":{"city_id":"london","event_id":"lon_brownfield_1719915","title":"Brownfield development site: 227-255 Ilderton Road, London, SE15 1NS","year":2020,"effective_date":"2020-03-24","date_precision":"day","category":"transport","lens":"traffic","confidence":"documented","source_ids":["lon-extra-planning-data-brownfield-land"],"explanation":"Planning/development evidence record: permissioned; brownfield land capacity marker."},"geometry":{"type":"Point","coordinates":[-0.05328,51.483148]}},{"type":"Feature","id":"lon_brownfield_1719916","properties":{"city_id":"london","event_id":"lon_brownfield_1719916","title":"Brownfield development site: Daisy Business Park 19-35 Sylvan Grove London SE15 1PD","year":2020,"effective_date":"2020-03-24","date_precision":"day","category":"transport","lens":"traffic","confidence":"documented","source_ids":["lon-extra-planning-data-brownfield-land"],"explanation":"Planning/development evidence record: permissioned; brownfield land capacity marker."},"geometry":{"type":"Point","coordinates":[-0.057443,51.481445]}},{"type":"Feature","id":"lon_brownfield_1719918","properties":{"city_id":"london","event_id":"lon_brownfield_1719918","title":"Brownfield development site: Open Land Rear Of 1-51 Peckham High Street Bounded By Sumner Avenue And Melon Road Open Land Adjacent To 59 Peckham High","year":2020,"effective_date":"2020-03-24","date_precision":"day","category":"transport","lens":"traffic","confidence":"documented","source_ids":["lon-extra-planning-data-brownfield-land"],"explanation":"Planning/development evidence record: permissioned; brownfield land capacity marker."},"geometry":{"type":"Point","coordinates":[-0.072557,51.474465]}},{"type":"Feature","id":"lon_brownfield_1719922","properties":{"city_id":"london","event_id":"lon_brownfield_1719922","title":"Brownfield development site: Canada Water Masterplan - Land Bounded By Lower Road (West) Redriff Road (South) Quebec Way (East) Surrey Quays Road And","year":2020,"effective_date":"2020-03-24","date_precision":"day","category":"transport","lens":"traffic","confidence":"documented","source_ids":["lon-extra-planning-data-brownfield-land"],"explanation":"Planning/development evidence record: permissioned; brownfield land capacity marker."},"geometry":{"type":"Point","coordinates":[-0.044294,51.494887]}},{"type":"Feature","id":"lon_brownfield_1719934","properties":{"city_id":"london","event_id":"lon_brownfield_1719934","title":"Brownfield development site: Plot H7 Heygate Street within land bounded by Elephant Park to the North, Plot H2 to the West, Heygate Street to the Sou","year":2020,"effective_date":"2020-03-05","date_precision":"day","category":"environment","lens":"green_space","confidence":"documented","source_ids":["lon-extra-planning-data-brownfield-land"],"explanation":"Planning/development evidence record: permissioned; brownfield land capacity marker."},"geometry":{"type":"Point","coordinates":[-0.093996,51.492837]}},{"type":"Feature","id":"lon_brownfield_1721265","properties":{"city_id":"london","event_id":"lon_brownfield_1721265","title":"Brownfield development site: The Score Centre 100 Oliver Road (up to 750 homes)","year":2020,"effective_date":"2020-12-23","date_precision":"day","category":"transport","lens":"traffic","confidence":"documented","source_ids":["lon-extra-planning-data-brownfield-land"],"explanation":"Planning/development evidence record: permissioned; brownfield land capacity marker for 750 net dwellings."},"geometry":{"type":"Point","coordinates":[-0.013786,51.559338]}},{"type":"Feature","id":"lon_brownfield_1721295","properties":{"city_id":"london","event_id":"lon_brownfield_1721295","title":"Brownfield development site: Essex Close (up to 20 homes)","year":2020,"effective_date":"2020-02-06","date_precision":"day","category":"built_environment","lens":"built_environment","confidence":"documented","source_ids":["lon-extra-planning-data-brownfield-land"],"explanation":"Planning/development evidence record: permissioned; brownfield land capacity marker for 20 net dwellings."},"geometry":{"type":"Point","coordinates":[-0.036663,51.586601]}},{"type":"Feature","id":"lon_brownfield_1721296","properties":{"city_id":"london","event_id":"lon_brownfield_1721296","title":"Brownfield development site: Land at Hylands Road (up to 120 homes)","year":2020,"effective_date":"2020-02-07","date_precision":"day","category":"transport","lens":"traffic","confidence":"documented","source_ids":["lon-extra-planning-data-brownfield-land"],"explanation":"Planning/development evidence record: permissioned; brownfield land capacity marker for 120 net dwellings."},"geometry":{"type":"Point","coordinates":[0.004355,51.592319]}},{"type":"Feature","id":"lon_brownfield_1721298","properties":{"city_id":"london","event_id":"lon_brownfield_1721298","title":"Brownfield development site: Sansom Road (up to 31 homes)","year":2020,"effective_date":"2020-02-06","date_precision":"day","category":"transport","lens":"traffic","confidence":"documented","source_ids":["lon-extra-planning-data-brownfield-land"],"explanation":"Planning/development evidence record: permissioned; brownfield land capacity marker for 31 net dwellings."},"geometry":{"type":"Point","coordinates":[0.011438,51.561111]}},{"type":"Feature","id":"lon_brownfield_1721299","properties":{"city_id":"london","event_id":"lon_brownfield_1721299","title":"Brownfield development site: South Grove Site C (up to 83 homes)","year":2020,"effective_date":"2020-02-05","date_precision":"day","category":"built_environment","lens":"built_environment","confidence":"documented","source_ids":["lon-extra-planning-data-brownfield-land"],"explanation":"Planning/development evidence record: permissioned; brownfield land capacity marker for 83 net dwellings."},"geometry":{"type":"Point","coordinates":[-0.030864,51.581136]}},{"type":"Feature","id":"lon_brownfield_1721302","properties":{"city_id":"london","event_id":"lon_brownfield_1721302","title":"Brownfield development site: Lea Bridge Station Sites (up to 300 homes)","year":2020,"effective_date":"2020-12-10","date_precision":"day","category":"built_environment","lens":"built_environment","confidence":"documented","source_ids":["lon-extra-planning-data-brownfield-land"],"explanation":"Planning/development evidence record: not-permissioned; brownfield land capacity marker for 300 net dwellings."},"geometry":{"type":"Point","coordinates":[-0.034732,51.566426]}},{"type":"Feature","id":"lon_brownfield_1721546","properties":{"city_id":"london","event_id":"lon_brownfield_1721546","title":"Brownfield development site: Former Willesden Ambulance Station (up to 8 homes)","year":2020,"effective_date":"2020-02-25","date_precision":"day","category":"built_environment","lens":"built_environment","confidence":"documented","source_ids":["lon-extra-planning-data-brownfield-land"],"explanation":"Planning/development evidence record: permissioned; brownfield land capacity marker for 8 net dwellings."},"geometry":{"type":"Point","coordinates":[-0.238947,51.538687]}},{"type":"Feature","id":"lon_brownfield_1723426","properties":{"city_id":"london","event_id":"lon_brownfield_1723426","title":"Brownfield development site: Plot 5-6 Acklam Road, London W10 (up to 32 homes)","year":2020,"effective_date":"2020-11-11","date_precision":"day","category":"transport","lens":"traffic","confidence":"documented","source_ids":["lon-extra-planning-data-brownfield-land"],"explanation":"Planning/development evidence record: permissioned; brownfield land capacity marker for 32 net dwellings."},"geometry":{"type":"Point","coordinates":[-0.20403,51.521315]}},{"type":"Feature","id":"lon_brownfield_1723427","properties":{"city_id":"london","event_id":"lon_brownfield_1723427","title":"Brownfield development site: 15-17 Hewer Street, London, W10 6DU (up to 20 homes)","year":2020,"effective_date":"2020-11-10","date_precision":"day","category":"environment","lens":"green_space","confidence":"documented","source_ids":["lon-extra-planning-data-brownfield-land"],"explanation":"Planning/development evidence record: permissioned; brownfield land capacity marker for 20 net dwellings."},"geometry":{"type":"Point","coordinates":[-0.215914,51.522781]}},{"type":"Feature","id":"lon_brownfield_1723428","properties":{"city_id":"london","event_id":"lon_brownfield_1723428","title":"Brownfield development site: 54 St Helen's Gardens, London, W10 6LH (up to 7 homes)","year":2020,"effective_date":"2020-11-10","date_precision":"day","category":"built_environment","lens":"built_environment","confidence":"documented","source_ids":["lon-extra-planning-data-brownfield-land"],"explanation":"Planning/development evidence record: permissioned; brownfield land capacity marker for 7 net dwellings."},"geometry":{"type":"Point","coordinates":[-0.218631,51.519569]}},{"type":"Feature","id":"lon_brownfield_1723429","properties":{"city_id":"london","event_id":"lon_brownfield_1723429","title":"Brownfield development site: 175-177 Kensal Road, London, W10 5BJ (up to 37 homes)","year":2020,"effective_date":"2020-11-10","date_precision":"day","category":"transport","lens":"traffic","confidence":"documented","source_ids":["lon-extra-planning-data-brownfield-land"],"explanation":"Planning/development evidence record: permissioned; brownfield land capacity marker for 37 net dwellings."},"geometry":{"type":"Point","coordinates":[-0.207725,51.525535]}},{"type":"Feature","id":"lon_brownfield_1723430","properties":{"city_id":"london","event_id":"lon_brownfield_1723430","title":"Brownfield development site: Former Barlby Primary School Site and 341 - 351 Ladbroke Grove, W10 (up to 60 homes)","year":2020,"effective_date":"2020-12-31","date_precision":"day","category":"civic_services","lens":"services","confidence":"documented","source_ids":["lon-extra-planning-data-brownfield-land"],"explanation":"Planning/development evidence record: not-permissioned; brownfield land capacity marker for 60 net dwellings."},"geometry":{"type":"Point","coordinates":[-0.214351,51.523819]}},{"type":"Feature","id":"lon_brownfield_1723431","properties":{"city_id":"london","event_id":"lon_brownfield_1723431","title":"Brownfield development site: 9 Silchester Road, London, W10 (up to 18 homes)","year":2020,"effective_date":"2020-12-31","date_precision":"day","category":"transport","lens":"traffic","confidence":"documented","source_ids":["lon-extra-planning-data-brownfield-land"],"explanation":"Planning/development evidence record: not-permissioned; brownfield land capacity marker for 18 net dwellings."},"geometry":{"type":"Point","coordinates":[-0.216376,51.514738]}},{"type":"Feature","id":"lon_brownfield_1726386","properties":{"city_id":"london","event_id":"lon_brownfield_1726386","title":"Brownfield development site: 231 Putney Bridge Road (up to 8 homes)","year":2020,"effective_date":"2020-11-27","date_precision":"day","category":"transport","lens":"traffic","confidence":"documented","source_ids":["lon-extra-planning-data-brownfield-land"],"explanation":"Planning/development evidence record: permissioned; brownfield land capacity marker for 8 net dwellings."},"geometry":{"type":"Point","coordinates":[-0.20934,51.46269]}},{"type":"Feature","id":"lon_brownfield_1726390","properties":{"city_id":"london","event_id":"lon_brownfield_1726390","title":"Brownfield development site: 329-339 & 45-53 Putney Bridge Road & Putney High Street, Putney Bridge Road (The Blades) (up to 121 homes)","year":2020,"effective_date":"2020-10-27","date_precision":"day","category":"transport","lens":"traffic","confidence":"documented","source_ids":["lon-extra-planning-data-brownfield-land"],"explanation":"Planning/development evidence record: permissioned; brownfield land capacity marker for 121 net dwellings."},"geometry":{"type":"Point","coordinates":[-0.21438,51.46428]}},{"type":"Feature","id":"lon_brownfield_1726394","properties":{"city_id":"london","event_id":"lon_brownfield_1726394","title":"Brownfield development site: 61-64 Sefton Street (up to 8 homes)","year":2020,"effective_date":"2020-07-23","date_precision":"day","category":"environment","lens":"green_space","confidence":"documented","source_ids":["lon-extra-planning-data-brownfield-land"],"explanation":"Planning/development evidence record: permissioned; brownfield land capacity marker for 8 net dwellings."},"geometry":{"type":"Point","coordinates":[-0.22714,51.4704]}},{"type":"Feature","id":"lon_brownfield_1726399","properties":{"city_id":"london","event_id":"lon_brownfield_1726399","title":"Brownfield development site: Balham Club, 7-9 Ramsden Road (up to 26 homes)","year":2020,"effective_date":"2020-09-03","date_precision":"day","category":"transport","lens":"traffic","confidence":"documented","source_ids":["lon-extra-planning-data-brownfield-land"],"explanation":"Planning/development evidence record: permissioned; brownfield land capacity marker for 26 net dwellings."},"geometry":{"type":"Point","coordinates":[-0.1532,51.44474]}},{"type":"Feature","id":"lon_brownfield_1726406","properties":{"city_id":"london","event_id":"lon_brownfield_1726406","title":"Brownfield development site: Kersfield Estate, Lytton Grove (up to 41 homes)","year":2020,"effective_date":"2020-02-28","date_precision":"day","category":"built_environment","lens":"built_environment","confidence":"documented","source_ids":["lon-extra-planning-data-brownfield-land"],"explanation":"Planning/development evidence record: permissioned; brownfield land capacity marker for 41 net dwellings."},"geometry":{"type":"Point","coordinates":[-0.21577,51.45541]}},{"type":"Feature","id":"lon_brownfield_1726415","properties":{"city_id":"london","event_id":"lon_brownfield_1726415","title":"Brownfield development site: The Northcote Library, Chatham Hall and garages west of Chatham Hall, 155e Northcote Road (up to 16 homes)","year":2020,"effective_date":"2020-03-25","date_precision":"day","category":"transport","lens":"traffic","confidence":"documented","source_ids":["lon-extra-planning-data-brownfield-land"],"explanation":"Planning/development evidence record: permissioned; brownfield land capacity marker for 16 net dwellings."},"geometry":{"type":"Point","coordinates":[-0.16506,51.45518]}},{"type":"Feature","id":"lon_brownfield_1726419","properties":{"city_id":"london","event_id":"lon_brownfield_1726419","title":"Brownfield development site: Phase 2 Development Wandsworth Business Village, Buckhold Road (Former Army Cadet Force Building) (up to 79 homes)","year":2020,"effective_date":"2020-12-29","date_precision":"day","category":"transport","lens":"traffic","confidence":"documented","source_ids":["lon-extra-planning-data-brownfield-land"],"explanation":"Planning/development evidence record: permissioned; brownfield land capacity marker for 79 net dwellings."},"geometry":{"type":"Point","coordinates":[-0.19677,51.45631]}},{"type":"Feature","id":"lon_brownfield_1726420","properties":{"city_id":"london","event_id":"lon_brownfield_1726420","title":"Brownfield development site: Phoenix Members Bar Club, 37 Groom Crescent (Former Greenside Social Club) (up to 7 homes)","year":2020,"effective_date":"2020-02-21","date_precision":"day","category":"environment","lens":"green_space","confidence":"documented","source_ids":["lon-extra-planning-data-brownfield-land"],"explanation":"Planning/development evidence record: permissioned; brownfield land capacity marker for 7 net dwellings."},"geometry":{"type":"Point","coordinates":[-0.17836,51.44823]}},{"type":"Feature","id":"lon_brownfield_1726421","properties":{"city_id":"london","event_id":"lon_brownfield_1726421","title":"Brownfield development site: 7 Gressenhall Road (up to 7 homes)","year":2020,"effective_date":"2020-06-25","date_precision":"day","category":"transport","lens":"traffic","confidence":"documented","source_ids":["lon-extra-planning-data-brownfield-land"],"explanation":"Planning/development evidence record: permissioned; brownfield land capacity marker for 7 net dwellings."},"geometry":{"type":"Point","coordinates":[-0.20692,51.4529]}},{"type":"Feature","id":"lon_brownfield_1726425","properties":{"city_id":"london","event_id":"lon_brownfield_1726425","title":"Brownfield development site: Argylle House, 1a All Saints Passage (up to 13 homes)","year":2020,"effective_date":"2020-01-30","date_precision":"day","category":"built_environment","lens":"built_environment","confidence":"documented","source_ids":["lon-extra-planning-data-brownfield-land"],"explanation":"Planning/development evidence record: permissioned; brownfield land capacity marker for 13 net dwellings."},"geometry":{"type":"Point","coordinates":[-0.19584,51.45784]}},{"type":"Feature","id":"lon_brownfield_1726427","properties":{"city_id":"london","event_id":"lon_brownfield_1726427","title":"Brownfield development site: 193-197 Upper Tooting Road (up to 3 homes)","year":2020,"effective_date":"2020-02-24","date_precision":"day","category":"transport","lens":"traffic","confidence":"documented","source_ids":["lon-extra-planning-data-brownfield-land"],"explanation":"Planning/development evidence record: permissioned; brownfield land capacity marker for 3 net dwellings."},"geometry":{"type":"Point","coordinates":[-0.16463,51.43095]}},{"type":"Feature","id":"lon_brownfield_1726429","properties":{"city_id":"london","event_id":"lon_brownfield_1726429","title":"Brownfield development site: 37-39 St Johns Road (up to 6 homes)","year":2020,"effective_date":"2020-02-03","date_precision":"day","category":"transport","lens":"traffic","confidence":"documented","source_ids":["lon-extra-planning-data-brownfield-land"],"explanation":"Planning/development evidence record: not-permissioned; brownfield land capacity marker for 6 net dwellings."},"geometry":{"type":"Point","coordinates":[-0.1674,51.46249]}},{"type":"Feature","id":"lon_brownfield_1726430","properties":{"city_id":"london","event_id":"lon_brownfield_1726430","title":"Brownfield development site: 134/134a Battersea High Street (up to 8 homes)","year":2020,"effective_date":"2020-02-24","date_precision":"day","category":"environment","lens":"green_space","confidence":"documented","source_ids":["lon-extra-planning-data-brownfield-land"],"explanation":"Planning/development evidence record: permissioned; brownfield land capacity marker for 8 net dwellings."},"geometry":{"type":"Point","coordinates":[-0.17279,51.47057]}},{"type":"Feature","id":"lon_brownfield_1726437","properties":{"city_id":"london","event_id":"lon_brownfield_1726437","title":"Brownfield development site: 62 Thrale Road (up to 2 homes)","year":2020,"effective_date":"2020-01-21","date_precision":"day","category":"transport","lens":"traffic","confidence":"documented","source_ids":["lon-extra-planning-data-brownfield-land"],"explanation":"Planning/development evidence record: permissioned; brownfield land capacity marker for 2 net dwellings."},"geometry":{"type":"Point","coordinates":[-0.14428,51.42816]}},{"type":"Feature","id":"lon_brownfield_1726438","properties":{"city_id":"london","event_id":"lon_brownfield_1726438","title":"Brownfield development site: 36 Putney Hill (up to 4 homes)","year":2020,"effective_date":"2020-02-21","date_precision":"day","category":"built_environment","lens":"built_environment","confidence":"documented","source_ids":["lon-extra-planning-data-brownfield-land"],"explanation":"Planning/development evidence record: permissioned; brownfield land capacity marker for 4 net dwellings."},"geometry":{"type":"Point","coordinates":[-0.21794,51.45936]}},{"type":"Feature","id":"lon_brownfield_1726439","properties":{"city_id":"london","event_id":"lon_brownfield_1726439","title":"Brownfield development site: 6-10 Mitcham Road (up to 5 homes)","year":2020,"effective_date":"2020-07-01","date_precision":"day","category":"transport","lens":"traffic","confidence":"documented","source_ids":["lon-extra-planning-data-brownfield-land"],"explanation":"Planning/development evidence record: permissioned; brownfield land capacity marker for 5 net dwellings."},"geometry":{"type":"Point","coordinates":[-0.16764,51.42749]}},{"type":"Feature","id":"lon_brownfield_1726440","properties":{"city_id":"london","event_id":"lon_brownfield_1726440","title":"Brownfield development site: Irene House, 218 Balham High Road (up to 7 homes)","year":2020,"effective_date":"2020-04-27","date_precision":"day","category":"transport","lens":"traffic","confidence":"documented","source_ids":["lon-extra-planning-data-brownfield-land"],"explanation":"Planning/development evidence record: permissioned; brownfield land capacity marker for 7 net dwellings."},"geometry":{"type":"Point","coordinates":[-0.1542,51.44289]}},{"type":"Feature","id":"lon_brownfield_1726441","properties":{"city_id":"london","event_id":"lon_brownfield_1726441","title":"Brownfield development site: 2-18 Yelverton Road (up to 79 homes)","year":2020,"effective_date":"2020-08-24","date_precision":"day","category":"transport","lens":"traffic","confidence":"documented","source_ids":["lon-extra-planning-data-brownfield-land"],"explanation":"Planning/development evidence record: permissioned; brownfield land capacity marker for 79 net dwellings."},"geometry":{"type":"Point","coordinates":[-0.17605,51.47008]}},{"type":"Feature","id":"lon_brownfield_1726442","properties":{"city_id":"london","event_id":"lon_brownfield_1726442","title":"Brownfield development site: 2 Replingham Road (up to 5 homes)","year":2020,"effective_date":"2020-04-28","date_precision":"day","category":"transport","lens":"traffic","confidence":"documented","source_ids":["lon-extra-planning-data-brownfield-land"],"explanation":"Planning/development evidence record: permissioned; brownfield land capacity marker for 5 net dwellings."},"geometry":{"type":"Point","coordinates":[-0.20622,51.44458]}},{"type":"Feature","id":"lon_brownfield_1726444","properties":{"city_id":"london","event_id":"lon_brownfield_1726444","title":"Brownfield development site: 118a Disraeli Road (up to 6 homes)","year":2020,"effective_date":"2020-12-21","date_precision":"day","category":"transport","lens":"traffic","confidence":"documented","source_ids":["lon-extra-planning-data-brownfield-land"],"explanation":"Planning/development evidence record: permissioned; brownfield land capacity marker for 6 net dwellings."},"geometry":{"type":"Point","coordinates":[-0.21044,51.46043]}},{"type":"Feature","id":"lon_brownfield_1726445","properties":{"city_id":"london","event_id":"lon_brownfield_1726445","title":"Brownfield development site: Land on the corner of Grant Road and, Falcon Road (up to 243 homes)","year":2020,"effective_date":"2020-03-31","date_precision":"day","category":"transport","lens":"traffic","confidence":"documented","source_ids":["lon-extra-planning-data-brownfield-land"],"explanation":"Planning/development evidence record: not-permissioned; brownfield land capacity marker for 243 net dwellings."},"geometry":{"type":"Point","coordinates":[-0.1701,51.46589]}},{"type":"Feature","id":"lon_brownfield_1726447","properties":{"city_id":"london","event_id":"lon_brownfield_1726447","title":"Brownfield development site: Crewkerne Court Garages, Battersea Church Road (Somerset Estate) (up to 81 homes)","year":2020,"effective_date":"2020-03-31","date_precision":"day","category":"transport","lens":"traffic","confidence":"documented","source_ids":["lon-extra-planning-data-brownfield-land"],"explanation":"Planning/development evidence record: not-permissioned; brownfield land capacity marker for 81 net dwellings."},"geometry":{"type":"Point","coordinates":[-0.17343,51.47741]}},{"type":"Feature","id":"lon_brownfield_1726448","properties":{"city_id":"london","event_id":"lon_brownfield_1726448","title":"Brownfield development site: Ashburton Community Centre, Westleigh Avenue (Ashburton South Estate) (up to 15 homes)","year":2020,"effective_date":"2020-03-31","date_precision":"day","category":"built_environment","lens":"built_environment","confidence":"documented","source_ids":["lon-extra-planning-data-brownfield-land"],"explanation":"Planning/development evidence record: not-permissioned; brownfield land capacity marker for 15 net dwellings."},"geometry":{"type":"Point","coordinates":[-0.23046,51.45613]}},{"type":"Feature","id":"lon_brownfield_1726665","properties":{"city_id":"london","event_id":"lon_brownfield_1726665","title":"Brownfield development site: 72, Woodside Green (up to 6 homes)","year":2020,"effective_date":"2020-02-04","date_precision":"day","category":"environment","lens":"green_space","confidence":"documented","source_ids":["lon-extra-planning-data-brownfield-land"],"explanation":"Planning/development evidence record: permissioned; brownfield land capacity marker for 6 net dwellings."},"geometry":{"type":"Point","coordinates":[-0.07005,51.38702]}},{"type":"Feature","id":"lon_brownfield_1726666","properties":{"city_id":"london","event_id":"lon_brownfield_1726666","title":"Brownfield development site: 444, Selsdon Road (up to 9 homes)","year":2020,"effective_date":"2020-02-04","date_precision":"day","category":"transport","lens":"traffic","confidence":"documented","source_ids":["lon-extra-planning-data-brownfield-land"],"explanation":"Planning/development evidence record: permissioned; brownfield land capacity marker for 9 net dwellings."},"geometry":{"type":"Point","coordinates":[-0.08537,51.35193]}},{"type":"Feature","id":"lon_brownfield_1726667","properties":{"city_id":"london","event_id":"lon_brownfield_1726667","title":"Brownfield development site: 105, Woodcote Grove (up to 9 homes)","year":2020,"effective_date":"2020-02-06","date_precision":"day","category":"built_environment","lens":"built_environment","confidence":"documented","source_ids":["lon-extra-planning-data-brownfield-land"],"explanation":"Planning/development evidence record: permissioned; brownfield land capacity marker for 9 net dwellings."},"geometry":{"type":"Point","coordinates":[-0.13827,51.32949]}},{"type":"Feature","id":"lon_brownfield_1726668","properties":{"city_id":"london","event_id":"lon_brownfield_1726668","title":"Brownfield development site: 303-305, Norbury Avenue (up to 9 homes)","year":2020,"effective_date":"2020-02-13","date_precision":"day","category":"built_environment","lens":"built_environment","confidence":"documented","source_ids":["lon-extra-planning-data-brownfield-land"],"explanation":"Planning/development evidence record: permissioned; brownfield land capacity marker for 9 net dwellings."},"geometry":{"type":"Point","coordinates":[-0.11981,51.4112]}},{"type":"Feature","id":"lon_brownfield_1726669","properties":{"city_id":"london","event_id":"lon_brownfield_1726669","title":"Brownfield development site: 29-35, Russell Hill (up to 106 homes)","year":2020,"effective_date":"2020-02-14","date_precision":"day","category":"built_environment","lens":"built_environment","confidence":"documented","source_ids":["lon-extra-planning-data-brownfield-land"],"explanation":"Planning/development evidence record: permissioned; brownfield land capacity marker for 106 net dwellings."},"geometry":{"type":"Point","coordinates":[-0.11805,51.34062]}},{"type":"Feature","id":"lon_brownfield_1726670","properties":{"city_id":"london","event_id":"lon_brownfield_1726670","title":"Brownfield development site: 104, Wickham Road (up to 9 homes)","year":2020,"effective_date":"2020-02-14","date_precision":"day","category":"transport","lens":"traffic","confidence":"documented","source_ids":["lon-extra-planning-data-brownfield-land"],"explanation":"Planning/development evidence record: permissioned; brownfield land capacity marker for 9 net dwellings."},"geometry":{"type":"Point","coordinates":[-0.05237,51.37392]}},{"type":"Feature","id":"lon_brownfield_1726671","properties":{"city_id":"london","event_id":"lon_brownfield_1726671","title":"Brownfield development site: Land To The Rear Of 24-42 & 30, Moreton Road (up to 31 homes)","year":2020,"effective_date":"2020-02-18","date_precision":"day","category":"transport","lens":"traffic","confidence":"documented","source_ids":["lon-extra-planning-data-brownfield-land"],"explanation":"Planning/development evidence record: permissioned; brownfield land capacity marker for 31 net dwellings."},"geometry":{"type":"Point","coordinates":[-0.0924,51.36072]}},{"type":"Feature","id":"lon_brownfield_1726672","properties":{"city_id":"london","event_id":"lon_brownfield_1726672","title":"Brownfield development site: 2, Coulsdon Road (up to 9 homes)","year":2020,"effective_date":"2020-02-19","date_precision":"day","category":"transport","lens":"traffic","confidence":"documented","source_ids":["lon-extra-planning-data-brownfield-land"],"explanation":"Planning/development evidence record: permissioned; brownfield land capacity marker for 9 net dwellings."},"geometry":{"type":"Point","coordinates":[-0.12848,51.32174]}},{"type":"Feature","id":"lon_brownfield_1726673","properties":{"city_id":"london","event_id":"lon_brownfield_1726673","title":"Brownfield development site: 9-11, Whytecliffe Road South (up to 6 homes)","year":2020,"effective_date":"2020-02-21","date_precision":"day","category":"transport","lens":"traffic","confidence":"documented","source_ids":["lon-extra-planning-data-brownfield-land"],"explanation":"Planning/development evidence record: permissioned; brownfield land capacity marker for 6 net dwellings."},"geometry":{"type":"Point","coordinates":[-0.11503,51.33793]}},{"type":"Feature","id":"lon_brownfield_1726674","properties":{"city_id":"london","event_id":"lon_brownfield_1726674","title":"Brownfield development site: 89 & 89A, London Road (up to 9 homes)","year":2020,"effective_date":"2020-02-28","date_precision":"day","category":"transport","lens":"traffic","confidence":"documented","source_ids":["lon-extra-planning-data-brownfield-land"],"explanation":"Planning/development evidence record: permissioned; brownfield land capacity marker for 9 net dwellings."},"geometry":{"type":"Point","coordinates":[-0.10477,51.37999]}},{"type":"Feature","id":"lon_brownfield_1726675","properties":{"city_id":"london","event_id":"lon_brownfield_1726675","title":"Brownfield development site: 7B, Beechwood Road South (up to 5 homes)","year":2020,"effective_date":"2020-02-28","date_precision":"day","category":"transport","lens":"traffic","confidence":"documented","source_ids":["lon-extra-planning-data-brownfield-land"],"explanation":"Planning/development evidence record: permissioned; brownfield land capacity marker for 5 net dwellings."},"geometry":{"type":"Point","coordinates":[-0.0912,51.34679]}},{"type":"Feature","id":"lon_brownfield_1726676","properties":{"city_id":"london","event_id":"lon_brownfield_1726676","title":"Brownfield development site: 16-18, Ash Tree Close (up to 8 homes)","year":2020,"effective_date":"2020-02-28","date_precision":"day","category":"environment","lens":"green_space","confidence":"documented","source_ids":["lon-extra-planning-data-brownfield-land"],"explanation":"Planning/development evidence record: permissioned; brownfield land capacity marker for 8 net dwellings."},"geometry":{"type":"Point","coordinates":[-0.04409,51.38979]}},{"type":"Feature","id":"lon_brownfield_1726677","properties":{"city_id":"london","event_id":"lon_brownfield_1726677","title":"Brownfield development site: 19, Hartley Old Road (up to 9 homes)","year":2020,"effective_date":"2020-03-06","date_precision":"day","category":"transport","lens":"traffic","confidence":"documented","source_ids":["lon-extra-planning-data-brownfield-land"],"explanation":"Planning/development evidence record: permissioned; brownfield land capacity marker for 9 net dwellings."},"geometry":{"type":"Point","coordinates":[-0.1235,51.32634]}},{"type":"Feature","id":"lon_brownfield_1726678","properties":{"city_id":"london","event_id":"lon_brownfield_1726678","title":"Brownfield development site: 33A, Smitham Bottom Lane (up to 9 homes)","year":2020,"effective_date":"2020-03-13","date_precision":"day","category":"built_environment","lens":"built_environment","confidence":"documented","source_ids":["lon-extra-planning-data-brownfield-land"],"explanation":"Planning/development evidence record: permissioned; brownfield land capacity marker for 9 net dwellings."},"geometry":{"type":"Point","coordinates":[-0.14004,51.33515]}},{"type":"Feature","id":"lon_brownfield_1726679","properties":{"city_id":"london","event_id":"lon_brownfield_1726679","title":"Brownfield development site: 8, Coulsdon Road (up to 8 homes)","year":2020,"effective_date":"2020-03-17","date_precision":"day","category":"transport","lens":"traffic","confidence":"documented","source_ids":["lon-extra-planning-data-brownfield-land"],"explanation":"Planning/development evidence record: permissioned; brownfield land capacity marker for 8 net dwellings."},"geometry":{"type":"Point","coordinates":[-0.12857,51.32136]}},{"type":"Feature","id":"lon_brownfield_1727423","properties":{"city_id":"london","event_id":"lon_brownfield_1727423","title":"Brownfield development site: 100 Burnt Oak Broadway Edgware HA8 0BE (up to 100 homes)","year":2020,"effective_date":"2020-04-30","date_precision":"day","category":"transport","lens":"traffic","confidence":"documented","source_ids":["lon-extra-planning-data-brownfield-land"],"explanation":"Planning/development evidence record: permissioned; brownfield land capacity marker for 100 net dwellings."},"geometry":{"type":"Point","coordinates":[-0.266144,51.60018]}},{"type":"Feature","id":"lon_brownfield_1727424","properties":{"city_id":"london","event_id":"lon_brownfield_1727424","title":"Brownfield development site: Colesworth House, Crokesley House, Curtlington House, Clare House And Kedyngton House Burnt Oak Broadway Edgware HA8 (up to 18 homes)","year":2020,"effective_date":"2020-11-20","date_precision":"day","category":"transport","lens":"traffic","confidence":"documented","source_ids":["lon-extra-planning-data-brownfield-land"],"explanation":"Planning/development evidence record: permissioned; brownfield land capacity marker for 18 net dwellings."},"geometry":{"type":"Point","coordinates":[-0.264728,51.598703]}},{"type":"Feature","id":"lon_brownfield_1727425","properties":{"city_id":"london","event_id":"lon_brownfield_1727425","title":"Brownfield development site: 2 - 10 Hermitage Lane And 1 - 4 The Graftons London NW2 2ET (up to 52 homes)","year":2020,"effective_date":"2020-08-20","date_precision":"day","category":"built_environment","lens":"built_environment","confidence":"documented","source_ids":["lon-extra-planning-data-brownfield-land"],"explanation":"Planning/development evidence record: permissioned; brownfield land capacity marker for 52 net dwellings."},"geometry":{"type":"Point","coordinates":[-0.276638,51.615172]}},{"type":"Feature","id":"lon_brownfield_1727427","properties":{"city_id":"london","event_id":"lon_brownfield_1727427","title":"Brownfield development site: Colindale Station And 167 - 173 Colindale Avenue And Flats 1- 6 Agar House, Colindale Avenue London NW9 5HJ NW9 5HR (up to 313 homes)","year":2020,"effective_date":"2020-03-10","date_precision":"day","category":"built_environment","lens":"built_environment","confidence":"documented","source_ids":["lon-extra-planning-data-brownfield-land"],"explanation":"Planning/development evidence record: permissioned; brownfield land capacity marker for 313 net dwellings."},"geometry":{"type":"Point","coordinates":[-0.250075,51.595617]}},{"type":"Feature","id":"lon_brownfield_1727428","properties":{"city_id":"london","event_id":"lon_brownfield_1727428","title":"Brownfield development site: 45 - 47 Friern Barnet Road London N11 3EG (up to 22 homes)","year":2020,"effective_date":"2020-09-17","date_precision":"day","category":"transport","lens":"traffic","confidence":"documented","source_ids":["lon-extra-planning-data-brownfield-land"],"explanation":"Planning/development evidence record: permissioned; brownfield land capacity marker for 22 net dwellings."},"geometry":{"type":"Point","coordinates":[-0.145494,51.615593]}},{"type":"Feature","id":"lon_brownfield_1727429","properties":{"city_id":"london","event_id":"lon_brownfield_1727429","title":"Brownfield development site: Salvation Army Hall, Albert Road, EN4 9SH","year":2020,"effective_date":"2020-11-16","date_precision":"day","category":"transport","lens":"traffic","confidence":"documented","source_ids":["lon-extra-planning-data-brownfield-land"],"explanation":"Planning/development evidence record: permissioned; brownfield land capacity marker."},"geometry":{"type":"Point","coordinates":[-0.172625,51.650729]}},{"type":"Feature","id":"lon_brownfield_1727430","properties":{"city_id":"london","event_id":"lon_brownfield_1727430","title":"Brownfield development site: 186 High Street, HA8 7EX","year":2020,"effective_date":"2020-11-16","date_precision":"day","category":"environment","lens":"green_space","confidence":"documented","source_ids":["lon-extra-planning-data-brownfield-land"],"explanation":"Planning/development evidence record: permissioned; brownfield land capacity marker."},"geometry":{"type":"Point","coordinates":[-0.282193,51.613806]}},{"type":"Feature","id":"lon_brownfield_1727433","properties":{"city_id":"london","event_id":"lon_brownfield_1727433","title":"Brownfield development site: Moxon Street Garage, EN5 5TY","year":2020,"effective_date":"2020-11-16","date_precision":"day","category":"environment","lens":"green_space","confidence":"documented","source_ids":["lon-extra-planning-data-brownfield-land"],"explanation":"Planning/development evidence record: permissioned; brownfield land capacity marker."},"geometry":{"type":"Point","coordinates":[-0.200494,51.653686]}},{"type":"Feature","id":"lon_brownfield_1727435","properties":{"city_id":"london","event_id":"lon_brownfield_1727435","title":"Brownfield development site: 66 Woodside Park Road London N12 8RY (up to 51 homes)","year":2020,"effective_date":"2020-08-08","date_precision":"day","category":"transport","lens":"traffic","confidence":"documented","source_ids":["lon-extra-planning-data-brownfield-land"],"explanation":"Planning/development evidence record: permissioned; brownfield land capacity marker for 51 net dwellings."},"geometry":{"type":"Point","coordinates":[-0.181937,51.61779]}},{"type":"Feature","id":"lon_brownfield_1727437","properties":{"city_id":"london","event_id":"lon_brownfield_1727437","title":"Brownfield development site: Former Police Station 193-195 Ballards Lane N3 1LZ","year":2020,"effective_date":"2020-11-16","date_precision":"day","category":"civic_services","lens":"services","confidence":"documented","source_ids":["lon-extra-planning-data-brownfield-land"],"explanation":"Planning/development evidence record: permissioned; brownfield land capacity marker."},"geometry":{"type":"Point","coordinates":[-0.187267,51.606192]}},{"type":"Feature","id":"lon_brownfield_1727438","properties":{"city_id":"london","event_id":"lon_brownfield_1727438","title":"Brownfield development site: Britannia House 960 High Road London N12 9RY (up to 13 homes)","year":2020,"effective_date":"2020-07-21","date_precision":"day","category":"transport","lens":"traffic","confidence":"documented","source_ids":["lon-extra-planning-data-brownfield-land"],"explanation":"Planning/development evidence record: permissioned; brownfield land capacity marker for 13 net dwellings."},"geometry":{"type":"Point","coordinates":[-0.176047,51.622006]}},{"type":"Feature","id":"lon_brownfield_1728171","properties":{"city_id":"london","event_id":"lon_brownfield_1728171","title":"Brownfield development site: 114-150 Queensway And 97-113 Inverness Terrace London W2 6LS (up to 0 homes)","year":2020,"effective_date":"2020-07-23","date_precision":"day","category":"built_environment","lens":"built_environment","confidence":"documented","source_ids":["lon-extra-planning-data-brownfield-land"],"explanation":"Planning/development evidence record: pending-decision; brownfield land capacity marker for 0 net dwellings."},"geometry":{"type":"Point","coordinates":[-0.187572,51.513987]}},{"type":"Feature","id":"lon_brownfield_1728177","properties":{"city_id":"london","event_id":"lon_brownfield_1728177","title":"Brownfield development site: Development Site - Land At Harbet Road London W2 1JU (up to 0 homes)","year":2020,"effective_date":"2020-07-23","date_precision":"day","category":"transport","lens":"traffic","confidence":"documented","source_ids":["lon-extra-planning-data-brownfield-land"],"explanation":"Planning/development evidence record: pending-decision; brownfield land capacity marker for 0 net dwellings."},"geometry":{"type":"Point","coordinates":[-0.172819,51.519262]}},{"type":"Feature","id":"lon_brownfield_1728182","properties":{"city_id":"london","event_id":"lon_brownfield_1728182","title":"Brownfield development site: Land At 36 St John's Wood Road And 38-44 Lodge Road London (up to 0 homes)","year":2020,"effective_date":"2020-07-08","date_precision":"day","category":"transport","lens":"traffic","confidence":"documented","source_ids":["lon-extra-planning-data-brownfield-land"],"explanation":"Planning/development evidence record: permissioned; brownfield land capacity marker for 0 net dwellings."},"geometry":{"type":"Point","coordinates":[-0.171048,51.528551]}},{"type":"Feature","id":"lon_brownfield_1728188","properties":{"city_id":"london","event_id":"lon_brownfield_1728188","title":"Brownfield development site: Blomfield Mews London (up to 0 homes)","year":2020,"effective_date":"2020-06-17","date_precision":"day","category":"built_environment","lens":"built_environment","confidence":"documented","source_ids":["lon-extra-planning-data-brownfield-land"],"explanation":"Planning/development evidence record: permissioned; brownfield land capacity marker for 0 net dwellings."},"geometry":{"type":"Point","coordinates":[-0.184105,51.520363]}},{"type":"Feature","id":"lon_brownfield_1728200","properties":{"city_id":"london","event_id":"lon_brownfield_1728200","title":"Brownfield development site: Garages And Forecourt Between 117-119 And 131-133, Lanark Road (up to 0 homes)","year":2020,"effective_date":"2020-07-23","date_precision":"day","category":"transport","lens":"traffic","confidence":"documented","source_ids":["lon-extra-planning-data-brownfield-land"],"explanation":"Planning/development evidence record: pending-decision; brownfield land capacity marker for 0 net dwellings."},"geometry":{"type":"Point","coordinates":[-0.184396,51.529342]}},{"type":"Feature","id":"lon_brownfield_1728201","properties":{"city_id":"london","event_id":"lon_brownfield_1728201","title":"Brownfield development site: 33 Vauxhall Bridge Road London SW1V 2TB (up to 0 homes)","year":2020,"effective_date":"2020-06-24","date_precision":"day","category":"transport","lens":"traffic","confidence":"documented","source_ids":["lon-extra-planning-data-brownfield-land"],"explanation":"Planning/development evidence record: permissioned; brownfield land capacity marker for 0 net dwellings."},"geometry":{"type":"Point","coordinates":[-0.132512,51.489787]}},{"type":"Feature","id":"lon_brownfield_1728203","properties":{"city_id":"london","event_id":"lon_brownfield_1728203","title":"Brownfield development site: Admiralty Arch The Mall London SW1A 2DY (up to 0 homes)","year":2020,"effective_date":"2020-01-07","date_precision":"day","category":"built_environment","lens":"built_environment","confidence":"documented","source_ids":["lon-extra-planning-data-brownfield-land"],"explanation":"Planning/development evidence record: permissioned; brownfield land capacity marker for 0 net dwellings."},"geometry":{"type":"Point","coordinates":[-0.128663,51.506749]}},{"type":"Feature","id":"lon_brownfield_1728204","properties":{"city_id":"london","event_id":"lon_brownfield_1728204","title":"Brownfield development site: Luxborough Towers, Luxborough Street, London, W1U 5BF (up to 0 homes)","year":2020,"effective_date":"2020-07-23","date_precision":"day","category":"environment","lens":"green_space","confidence":"documented","source_ids":["lon-extra-planning-data-brownfield-land"],"explanation":"Planning/development evidence record: pending-decision; brownfield land capacity marker for 0 net dwellings."},"geometry":{"type":"Point","coordinates":[-0.1548,51.521426]}},{"type":"Feature","id":"lon_brownfield_1728205","properties":{"city_id":"london","event_id":"lon_brownfield_1728205","title":"Brownfield development site: Vincent Court Seymour Place London W1H 2ND (up to 0 homes)","year":2020,"effective_date":"2020-03-09","date_precision":"day","category":"built_environment","lens":"built_environment","confidence":"documented","source_ids":["lon-extra-planning-data-brownfield-land"],"explanation":"Planning/development evidence record: permissioned; brownfield land capacity marker for 0 net dwellings."},"geometry":{"type":"Point","coordinates":[-0.161789,51.516823]}},{"type":"Feature","id":"lon_brownfield_1728206","properties":{"city_id":"london","event_id":"lon_brownfield_1728206","title":"Brownfield development site: 50 Eastbourne Terrace London W2 6LG (up to 0 homes)","year":2020,"effective_date":"2020-02-05","date_precision":"day","category":"built_environment","lens":"built_environment","confidence":"documented","source_ids":["lon-extra-planning-data-brownfield-land"],"explanation":"Planning/development evidence record: permissioned; brownfield land capacity marker for 0 net dwellings."},"geometry":{"type":"Point","coordinates":[-0.177129,51.515291]}},{"type":"Feature","id":"lon_brownfield_1728207","properties":{"city_id":"london","event_id":"lon_brownfield_1728207","title":"Brownfield development site: Queens Park Court Ilbert Street London W10 4QA (up to 0 homes)","year":2020,"effective_date":"2020-07-28","date_precision":"day","category":"environment","lens":"green_space","confidence":"documented","source_ids":["lon-extra-planning-data-brownfield-land"],"explanation":"Planning/development evidence record: permissioned; brownfield land capacity marker for 0 net dwellings."},"geometry":{"type":"Point","coordinates":[-0.214014,51.529213]}},{"type":"Feature","id":"lon_brownfield_1728208","properties":{"city_id":"london","event_id":"lon_brownfield_1728208","title":"Brownfield development site: Carlton Gate Phase 3 Admiral Walk London W9 3TD (up to 0 homes)","year":2020,"effective_date":"2020-12-18","date_precision":"day","category":"built_environment","lens":"built_environment","confidence":"documented","source_ids":["lon-extra-planning-data-brownfield-land"],"explanation":"Planning/development evidence record: permissioned; brownfield land capacity marker for 0 net dwellings."},"geometry":{"type":"Point","coordinates":[-0.195737,51.522188]}},{"type":"Feature","id":"lon_brownfield_1728209","properties":{"city_id":"london","event_id":"lon_brownfield_1728209","title":"Brownfield development site: Torridon House Car Park, Randolph Gardens, London, NW6 5HP (up to 0 homes)","year":2020,"effective_date":"2020-07-23","date_precision":"day","category":"environment","lens":"green_space","confidence":"documented","source_ids":["lon-extra-planning-data-brownfield-land"],"explanation":"Planning/development evidence record: pending-decision; brownfield land capacity marker for 0 net dwellings."},"geometry":{"type":"Point","coordinates":[-0.190259,51.533821]}},{"type":"Feature","id":"lon_brownfield_1728210","properties":{"city_id":"london","event_id":"lon_brownfield_1728210","title":"Brownfield development site: 300 Harrow Road, London, W2 5HG (up to 0 homes)","year":2020,"effective_date":"2020-07-23","date_precision":"day","category":"transport","lens":"traffic","confidence":"documented","source_ids":["lon-extra-planning-data-brownfield-land"],"explanation":"Planning/development evidence record: pending-decision; brownfield land capacity marker for 0 net dwellings."},"geometry":{"type":"Point","coordinates":[-0.192721,51.521908]}},{"type":"Feature","id":"lon_brownfield_1728211","properties":{"city_id":"london","event_id":"lon_brownfield_1728211","title":"Brownfield development site: Hyde Park Towers 1 Porchester Terrace London W2 3TU (up to 0 homes)","year":2020,"effective_date":"2020-02-11","date_precision":"day","category":"environment","lens":"green_space","confidence":"documented","source_ids":["lon-extra-planning-data-brownfield-land"],"explanation":"Planning/development evidence record: permissioned; brownfield land capacity marker for 0 net dwellings."},"geometry":{"type":"Point","coordinates":[-0.183566,51.511084]}},{"type":"Feature","id":"lon_brownfield_1728212","properties":{"city_id":"london","event_id":"lon_brownfield_1728212","title":"Brownfield development site: Victoria Wharf St John's Terrace London W10 4RB (up to 0 homes)","year":2020,"effective_date":"2020-07-23","date_precision":"day","category":"built_environment","lens":"built_environment","confidence":"documented","source_ids":["lon-extra-planning-data-brownfield-land"],"explanation":"Planning/development evidence record: pending-decision; brownfield land capacity marker for 0 net dwellings."},"geometry":{"type":"Point","coordinates":[-0.214953,51.526961]}},{"type":"Feature","id":"lon_brownfield_1728213","properties":{"city_id":"london","event_id":"lon_brownfield_1728213","title":"Brownfield development site: 13 Palace Court W2 4LP (up to 0 homes)","year":2020,"effective_date":"2020-06-29","date_precision":"day","category":"built_environment","lens":"built_environment","confidence":"documented","source_ids":["lon-extra-planning-data-brownfield-land"],"explanation":"Planning/development evidence record: permissioned; brownfield land capacity marker for 0 net dwellings."},"geometry":{"type":"Point","coordinates":[-0.192091,51.510514]}},{"type":"Feature","id":"lon_brownfield_1728214","properties":{"city_id":"london","event_id":"lon_brownfield_1728214","title":"Brownfield development site: Development Site Bounded By Ebury Street, Pimlico Road, Avery Farm Row, Ebury Square And Cundy Street, London (up to 0 homes)","year":2020,"effective_date":"2020-07-23","date_precision":"day","category":"transport","lens":"traffic","confidence":"documented","source_ids":["lon-extra-planning-data-brownfield-land"],"explanation":"Planning/development evidence record: pending-decision; brownfield land capacity marker for 0 net dwellings."},"geometry":{"type":"Point","coordinates":[-0.151477,51.491374]}},{"type":"Feature","id":"lon_brownfield_1728215","properties":{"city_id":"london","event_id":"lon_brownfield_1728215","title":"Brownfield development site: Garages At, Adpar Street, London (up to 0 homes)","year":2020,"effective_date":"2020-07-23","date_precision":"day","category":"environment","lens":"green_space","confidence":"documented","source_ids":["lon-extra-planning-data-brownfield-land"],"explanation":"Planning/development evidence record: pending-decision; brownfield land capacity marker for 0 net dwellings."},"geometry":{"type":"Point","coordinates":[-0.174727,51.522367]}},{"type":"Feature","id":"lon_brownfield_1728216","properties":{"city_id":"london","event_id":"lon_brownfield_1728216","title":"Brownfield development site: 34 Palace Court London W2 4HZ (up to 0 homes)","year":2020,"effective_date":"2020-08-20","date_precision":"day","category":"built_environment","lens":"built_environment","confidence":"documented","source_ids":["lon-extra-planning-data-brownfield-land"],"explanation":"Planning/development evidence record: permissioned; brownfield land capacity marker for 0 net dwellings."},"geometry":{"type":"Point","coordinates":[-0.192055,51.511781]}},{"type":"Feature","id":"lon_brownfield_1728217","properties":{"city_id":"london","event_id":"lon_brownfield_1728217","title":"Brownfield development site: Ebury Bridge Estate, Ebury Bridge Road, London, SW1W 8PX (up to 0 homes)","year":2020,"effective_date":"2020-07-23","date_precision":"day","category":"transport","lens":"traffic","confidence":"documented","source_ids":["lon-extra-planning-data-brownfield-land"],"explanation":"Planning/development evidence record: pending-decision; brownfield land capacity marker for 0 net dwellings."},"geometry":{"type":"Point","coordinates":[-0.149469,51.489364]}},{"type":"Feature","id":"lon_brownfield_1728225","properties":{"city_id":"london","event_id":"lon_brownfield_1728225","title":"Brownfield development site: Darwin House, 104 Grosvenor Road, London, SW1V 3LH (up to 0 homes)","year":2020,"effective_date":"2020-07-23","date_precision":"day","category":"transport","lens":"traffic","confidence":"documented","source_ids":["lon-extra-planning-data-brownfield-land"],"explanation":"Planning/development evidence record: not-permissioned; brownfield land capacity marker for 0 net dwellings."},"geometry":{"type":"Point","coordinates":[-0.14083,51.485387]}},{"type":"Feature","id":"lon_brownfield_1728226","properties":{"city_id":"london","event_id":"lon_brownfield_1728226","title":"Brownfield development site: 45 Kilburn Park Road, London, NW6 5XD (up to 0 homes)","year":2020,"effective_date":"2020-07-23","date_precision":"day","category":"transport","lens":"traffic","confidence":"documented","source_ids":["lon-extra-planning-data-brownfield-land"],"explanation":"Planning/development evidence record: not-permissioned; brownfield land capacity marker for 0 net dwellings."},"geometry":{"type":"Point","coordinates":[-0.192254,51.532602]}},{"type":"Feature","id":"lon_brownfield_1728227","properties":{"city_id":"london","event_id":"lon_brownfield_1728227","title":"Brownfield development site: The Lodge, 33 Carlton Vale, London, NW6 5EU (up to 0 homes)","year":2020,"effective_date":"2020-07-23","date_precision":"day","category":"built_environment","lens":"built_environment","confidence":"documented","source_ids":["lon-extra-planning-data-brownfield-land"],"explanation":"Planning/development evidence record: not-permissioned; brownfield land capacity marker for 0 net dwellings."},"geometry":{"type":"Point","coordinates":[-0.191467,51.532087]}},{"type":"Feature","id":"lon_brownfield_1728228","properties":{"city_id":"london","event_id":"lon_brownfield_1728228","title":"Brownfield development site: Westmead, Tavistock Road (up to 0 homes)","year":2020,"effective_date":"2020-07-23","date_precision":"day","category":"transport","lens":"traffic","confidence":"documented","source_ids":["lon-extra-planning-data-brownfield-land"],"explanation":"Planning/development evidence record: not-permissioned; brownfield land capacity marker for 0 net dwellings."},"geometry":{"type":"Point","coordinates":[-0.202289,51.520158]}},{"type":"Feature","id":"lon_brownfield_1728229","properties":{"city_id":"london","event_id":"lon_brownfield_1728229","title":"Brownfield development site: Dale House (up to 0 homes)","year":2020,"effective_date":"2020-07-23","date_precision":"day","category":"built_environment","lens":"built_environment","confidence":"documented","source_ids":["lon-extra-planning-data-brownfield-land"],"explanation":"Planning/development evidence record: not-permissioned; brownfield land capacity marker for 0 net dwellings."},"geometry":{"type":"Point","coordinates":[-0.183199,51.538397]}},{"type":"Feature","id":"lon_brownfield_1728233","properties":{"city_id":"london","event_id":"lon_brownfield_1728233","title":"Brownfield development site: Royal Oak (up to 0 homes)","year":2020,"effective_date":"2020-07-23","date_precision":"day","category":"built_environment","lens":"built_environment","confidence":"documented","source_ids":["lon-extra-planning-data-brownfield-land"],"explanation":"Planning/development evidence record: not-permissioned; brownfield land capacity marker for 0 net dwellings."},"geometry":{"type":"Point","coordinates":[-0.186462,51.519231]}},{"type":"Feature","id":"lon_brownfield_1728234","properties":{"city_id":"london","event_id":"lon_brownfield_1728234","title":"Brownfield development site: Westbourne Park Bus Garage (up to 0 homes)","year":2020,"effective_date":"2020-07-23","date_precision":"day","category":"transport","lens":"traffic","confidence":"documented","source_ids":["lon-extra-planning-data-brownfield-land"],"explanation":"Planning/development evidence record: not-permissioned; brownfield land capacity marker for 0 net dwellings."},"geometry":{"type":"Point","coordinates":[-0.200544,51.522028]}},{"type":"Feature","id":"lon_brownfield_1728235","properties":{"city_id":"london","event_id":"lon_brownfield_1728235","title":"Brownfield development site: Shaftesbury Avenue (up to 0 homes)","year":2020,"effective_date":"2020-07-23","date_precision":"day","category":"built_environment","lens":"built_environment","confidence":"documented","source_ids":["lon-extra-planning-data-brownfield-land"],"explanation":"Planning/development evidence record: not-permissioned; brownfield land capacity marker for 0 net dwellings."},"geometry":{"type":"Point","coordinates":[-0.130504,51.512818]}},{"type":"Feature","id":"lon_brownfield_1728236","properties":{"city_id":"london","event_id":"lon_brownfield_1728236","title":"Brownfield development site: Victoria Coach Station - Departures Terminal (up to 0 homes)","year":2020,"effective_date":"2020-07-23","date_precision":"day","category":"built_environment","lens":"built_environment","confidence":"documented","source_ids":["lon-extra-planning-data-brownfield-land"],"explanation":"Planning/development evidence record: not-permissioned; brownfield land capacity marker for 0 net dwellings."},"geometry":{"type":"Point","coordinates":[-0.149432,51.49242]}},{"type":"Feature","id":"lon_brownfield_1728237","properties":{"city_id":"london","event_id":"lon_brownfield_1728237","title":"Brownfield development site: Edgware Road Station, Capital House & Griffith House (up to 0 homes)","year":2020,"effective_date":"2020-07-23","date_precision":"day","category":"transport","lens":"traffic","confidence":"documented","source_ids":["lon-extra-planning-data-brownfield-land"],"explanation":"Planning/development evidence record: not-permissioned; brownfield land capacity marker for 0 net dwellings."},"geometry":{"type":"Point","coordinates":[-0.167384,51.520019]}},{"type":"Feature","id":"lon_brownfield_1728238","properties":{"city_id":"london","event_id":"lon_brownfield_1728238","title":"Brownfield development site: Paddington Exchange (Burne House) (up to 0 homes)","year":2020,"effective_date":"2020-07-23","date_precision":"day","category":"built_environment","lens":"built_environment","confidence":"documented","source_ids":["lon-extra-planning-data-brownfield-land"],"explanation":"Planning/development evidence record: not-permissioned; brownfield land capacity marker for 0 net dwellings."},"geometry":{"type":"Point","coordinates":[-0.175641,51.519333]}},{"type":"Feature","id":"lon_brownfield_1728239","properties":{"city_id":"london","event_id":"lon_brownfield_1728239","title":"Brownfield development site: Paddington Green Police Station (up to 0 homes)","year":2020,"effective_date":"2020-07-23","date_precision":"day","category":"environment","lens":"green_space","confidence":"documented","source_ids":["lon-extra-planning-data-brownfield-land"],"explanation":"Planning/development evidence record: not-permissioned; brownfield land capacity marker for 0 net dwellings."},"geometry":{"type":"Point","coordinates":[-0.146496,51.495087]}},{"type":"Feature","id":"lon_brownfield_1728240","properties":{"city_id":"london","event_id":"lon_brownfield_1728240","title":"Brownfield development site: Terminus Place (up to 0 homes)","year":2020,"effective_date":"2020-07-23","date_precision":"day","category":"built_environment","lens":"built_environment","confidence":"documented","source_ids":["lon-extra-planning-data-brownfield-land"],"explanation":"Planning/development evidence record: not-permissioned; brownfield land capacity marker for 0 net dwellings."},"geometry":{"type":"Point","coordinates":[-0.143978,51.496192]}},{"type":"Feature","id":"lon_brownfield_1728241","properties":{"city_id":"london","event_id":"lon_brownfield_1728241","title":"Brownfield development site: Victoria Coach Station Arrivals (up to 0 homes)","year":2020,"effective_date":"2020-07-23","date_precision":"day","category":"built_environment","lens":"built_environment","confidence":"documented","source_ids":["lon-extra-planning-data-brownfield-land"],"explanation":"Planning/development evidence record: not-permissioned; brownfield land capacity marker for 0 net dwellings."},"geometry":{"type":"Point","coordinates":[-0.148778,51.493283]}},{"type":"Feature","id":"lon_brownfield_1729305","properties":{"city_id":"london","event_id":"lon_brownfield_1729305","title":"Brownfield development site: Garages And Land Adjacent Railway, South Worple Way, East Sheen, London (up to 5 homes)","year":2020,"effective_date":"2020-09-30","date_precision":"day","category":"transport","lens":"traffic","confidence":"documented","source_ids":["lon-extra-planning-data-brownfield-land"],"explanation":"Planning/development evidence record: permissioned; brownfield land capacity marker for 5 net dwellings."},"geometry":{"type":"Point","coordinates":[-0.264911,51.467858]}},{"type":"Feature","id":"lon_brownfield_1729368","properties":{"city_id":"london","event_id":"lon_brownfield_1729368","title":"Brownfield development site: 158-160, High Road, NW10 2PB (up to 4 homes)","year":2020,"effective_date":"2020-01-16","date_precision":"day","category":"transport","lens":"traffic","confidence":"documented","source_ids":["lon-extra-planning-data-brownfield-land"],"explanation":"Planning/development evidence record: permissioned; brownfield land capacity marker for 4 net dwellings."},"geometry":{"type":"Point","coordinates":[-0.234343,51.547635]}},{"type":"Feature","id":"lon_brownfield_1729369","properties":{"city_id":"london","event_id":"lon_brownfield_1729369","title":"Brownfield development site: 80 Granville Centre, Granville Road, NW6 5RA (up to 18 homes)","year":2020,"effective_date":"2020-01-23","date_precision":"day","category":"transport","lens":"traffic","confidence":"documented","source_ids":["lon-extra-planning-data-brownfield-land"],"explanation":"Planning/development evidence record: permissioned; brownfield land capacity marker for 18 net dwellings."},"geometry":{"type":"Point","coordinates":[-0.197763,51.532657]}},{"type":"Feature","id":"lon_brownfield_1729370","properties":{"city_id":"london","event_id":"lon_brownfield_1729370","title":"Brownfield development site: 142A Wembley Hill Road, HA9 8EN (up to 4 homes)","year":2020,"effective_date":"2020-02-11","date_precision":"day","category":"transport","lens":"traffic","confidence":"documented","source_ids":["lon-extra-planning-data-brownfield-land"],"explanation":"Planning/development evidence record: permissioned; brownfield land capacity marker for 4 net dwellings."},"geometry":{"type":"Point","coordinates":[-0.291471,51.561017]}},{"type":"Feature","id":"lon_brownfield_1729371","properties":{"city_id":"london","event_id":"lon_brownfield_1729371","title":"Brownfield development site: Land on Heather Park Drive (up to 36 homes)","year":2020,"effective_date":"2020-03-30","date_precision":"day","category":"environment","lens":"green_space","confidence":"documented","source_ids":["lon-extra-planning-data-brownfield-land"],"explanation":"Planning/development evidence record: permissioned; brownfield land capacity marker for 36 net dwellings."},"geometry":{"type":"Point","coordinates":[-0.281204,51.543075]}},{"type":"Feature","id":"lon_brownfield_1729372","properties":{"city_id":"london","event_id":"lon_brownfield_1729372","title":"Brownfield development site: Symal House, Edgware Road, Kingsbury, London, NW9 0HU (up to 45 homes)","year":2020,"effective_date":"2020-06-04","date_precision":"day","category":"transport","lens":"traffic","confidence":"documented","source_ids":["lon-extra-planning-data-brownfield-land"],"explanation":"Planning/development evidence record: permissioned; brownfield land capacity marker for 45 net dwellings."},"geometry":{"type":"Point","coordinates":[-0.263436,51.596676]}},{"type":"Feature","id":"lon_brownfield_1729373","properties":{"city_id":"london","event_id":"lon_brownfield_1729373","title":"Brownfield development site: 101 A-C INC, Chatsworth Road, London, NW2 4BH (up to 3 homes)","year":2020,"effective_date":"2020-06-29","date_precision":"day","category":"transport","lens":"traffic","confidence":"documented","source_ids":["lon-extra-planning-data-brownfield-land"],"explanation":"Planning/development evidence record: permissioned; brownfield land capacity marker for 3 net dwellings."},"geometry":{"type":"Point","coordinates":[-0.213823,51.547503]}},{"type":"Feature","id":"lon_brownfield_1729374","properties":{"city_id":"london","event_id":"lon_brownfield_1729374","title":"Brownfield development site: Gwalia Working Mens Club, Manor Park Road, London, NW10 4JU (up to 17 homes)","year":2020,"effective_date":"2020-07-01","date_precision":"day","category":"transport","lens":"traffic","confidence":"documented","source_ids":["lon-extra-planning-data-brownfield-land"],"explanation":"Planning/development evidence record: permissioned; brownfield land capacity marker for 17 net dwellings."},"geometry":{"type":"Point","coordinates":[-0.249263,51.538699]}},{"type":"Feature","id":"lon_brownfield_1729375","properties":{"city_id":"london","event_id":"lon_brownfield_1729375","title":"Brownfield development site: 1-8 INC Neville House & Neville House Garages, Neville Road, 1-64 INC Winterleys and Seahorse Day Nursery, Albert Road, (up to 131 homes)","year":2020,"effective_date":"2020-07-03","date_precision":"day","category":"transport","lens":"traffic","confidence":"documented","source_ids":["lon-extra-planning-data-brownfield-land"],"explanation":"Planning/development evidence record: permissioned; brownfield land capacity marker for 131 net dwellings."},"geometry":{"type":"Point","coordinates":[-0.200033,51.534041]}},{"type":"Feature","id":"lon_brownfield_1729376","properties":{"city_id":"london","event_id":"lon_brownfield_1729376","title":"Brownfield development site: 245-289 Cricklewood Broadway and Hassop Road (up to 80 homes)","year":2020,"effective_date":"2020-07-10","date_precision":"day","category":"transport","lens":"traffic","confidence":"documented","source_ids":["lon-extra-planning-data-brownfield-land"],"explanation":"Planning/development evidence record: permissioned; brownfield land capacity marker for 80 net dwellings."},"geometry":{"type":"Point","coordinates":[-0.218613,51.558825]}},{"type":"Feature","id":"lon_brownfield_1729377","properties":{"city_id":"london","event_id":"lon_brownfield_1729377","title":"Brownfield development site: Argenta House, Argenta Way, London, NW10 0AZ (up to 280 homes)","year":2020,"effective_date":"2020-08-17","date_precision":"day","category":"built_environment","lens":"built_environment","confidence":"documented","source_ids":["lon-extra-planning-data-brownfield-land"],"explanation":"Planning/development evidence record: permissioned; brownfield land capacity marker for 280 net dwellings."},"geometry":{"type":"Point","coordinates":[-0.274146,51.544605]}},{"type":"Feature","id":"lon_brownfield_1729378","properties":{"city_id":"london","event_id":"lon_brownfield_1729378","title":"Brownfield development site: 41, 41A & 43 Harrow Road, Wembley, HA9 6DG (up to 6 homes)","year":2020,"effective_date":"2020-08-25","date_precision":"day","category":"transport","lens":"traffic","confidence":"documented","source_ids":["lon-extra-planning-data-brownfield-land"],"explanation":"Planning/development evidence record: permissioned; brownfield land capacity marker for 6 net dwellings."},"geometry":{"type":"Point","coordinates":[-0.274165,51.546263]}},{"type":"Feature","id":"lon_brownfield_1729379","properties":{"city_id":"london","event_id":"lon_brownfield_1729379","title":"Brownfield development site: Wiltern Court, Shoot Up Hill, NW2 3TY (up to 6 homes)","year":2020,"effective_date":"2020-10-29","date_precision":"day","category":"built_environment","lens":"built_environment","confidence":"documented","source_ids":["lon-extra-planning-data-brownfield-land"],"explanation":"Planning/development evidence record: permissioned; brownfield land capacity marker for 6 net dwellings."},"geometry":{"type":"Point","coordinates":[-0.206761,51.548965]}},{"type":"Feature","id":"lon_brownfield_1729380","properties":{"city_id":"london","event_id":"lon_brownfield_1729380","title":"Brownfield development site: Keelers Service Centre, Harrow Road, HA0 2LL (up to 22 homes)","year":2020,"effective_date":"2020-02-10","date_precision":"day","category":"transport","lens":"traffic","confidence":"documented","source_ids":["lon-extra-planning-data-brownfield-land"],"explanation":"Planning/development evidence record: permissioned; brownfield land capacity marker for 22 net dwellings."},"geometry":{"type":"Point","coordinates":[-0.314526,51.552834]}},{"type":"Feature","id":"lon_brownfield_1729381","properties":{"city_id":"london","event_id":"lon_brownfield_1729381","title":"Brownfield development site: 462-466 High Road, Wembley (up to 8 homes)","year":2020,"effective_date":"2020-04-01","date_precision":"day","category":"transport","lens":"traffic","confidence":"documented","source_ids":["lon-extra-planning-data-brownfield-land"],"explanation":"Planning/development evidence record: permissioned; brownfield land capacity marker for 8 net dwellings."},"geometry":{"type":"Point","coordinates":[-0.294329,51.553679]}},{"type":"Feature","id":"lon_brownfield_1729382","properties":{"city_id":"london","event_id":"lon_brownfield_1729382","title":"Brownfield development site: 3 Cambridge Avenue (up to 19 homes)","year":2020,"effective_date":"2020-05-07","date_precision":"day","category":"built_environment","lens":"built_environment","confidence":"documented","source_ids":["lon-extra-planning-data-brownfield-land"],"explanation":"Planning/development evidence record: permissioned; brownfield land capacity marker for 19 net dwellings."},"geometry":{"type":"Point","coordinates":[-0.192639,51.536658]}},{"type":"Feature","id":"lon_brownfield_1729383","properties":{"city_id":"london","event_id":"lon_brownfield_1729383","title":"Brownfield development site: 91B Mora Road, London, NW2 6TB (up to 6 homes)","year":2020,"effective_date":"2020-08-07","date_precision":"day","category":"transport","lens":"traffic","confidence":"documented","source_ids":["lon-extra-planning-data-brownfield-land"],"explanation":"Planning/development evidence record: permissioned; brownfield land capacity marker for 6 net dwellings."},"geometry":{"type":"Point","coordinates":[-0.224704,51.558344]}},{"type":"Feature","id":"lon_brownfield_1729410","properties":{"city_id":"london","event_id":"lon_brownfield_1729410","title":"Brownfield development site: Morland Gardens (up to 26 homes)","year":2020,"effective_date":"2020-12-30","date_precision":"day","category":"built_environment","lens":"built_environment","confidence":"documented","source_ids":["lon-extra-planning-data-brownfield-land"],"explanation":"Planning/development evidence record: permissioned; brownfield land capacity marker for 26 net dwellings."},"geometry":{"type":"Point","coordinates":[-0.259871,51.541582]}},{"type":"Feature","id":"lon_brownfield_1729437","properties":{"city_id":"london","event_id":"lon_brownfield_1729437","title":"Brownfield development site: Land rear of 37-53 Strode Road AND Strode Road Car Wash, Strode Road, London, NW10 (up to 15 homes)","year":2020,"effective_date":"2020-12-10","date_precision":"day","category":"transport","lens":"traffic","confidence":"documented","source_ids":["lon-extra-planning-data-brownfield-land"],"explanation":"Planning/development evidence record: permissioned; brownfield land capacity marker for 15 net dwellings."},"geometry":{"type":"Point","coordinates":[-0.236535,51.547417]}},{"type":"Feature","id":"lon_brownfield_1729445","properties":{"city_id":"london","event_id":"lon_brownfield_1729445","title":"Brownfield development site: Alperton Industrial Sites (up to 829 homes)","year":2020,"effective_date":"2020-12-14","date_precision":"day","category":"built_environment","lens":"built_environment","confidence":"documented","source_ids":["lon-extra-planning-data-brownfield-land"],"explanation":"Planning/development evidence record: permissioned; brownfield land capacity marker for 829 net dwellings."},"geometry":{"type":"Point","coordinates":[-0.300864,51.540102]}},{"type":"Feature","id":"lon_brownfield_1729467","properties":{"city_id":"london","event_id":"lon_brownfield_1729467","title":"Brownfield development site: Transpuetc House, Heather Park Drive, HA0 1SS (up to 36 homes)","year":2020,"effective_date":"2020-10-16","date_precision":"day","category":"environment","lens":"green_space","confidence":"documented","source_ids":["lon-extra-planning-data-brownfield-land"],"explanation":"Planning/development evidence record: permissioned; brownfield land capacity marker for 36 net dwellings."},"geometry":{"type":"Point","coordinates":[-0.281653,51.543163]}},{"type":"Feature","id":"lon_brownfield_1729471","properties":{"city_id":"london","event_id":"lon_brownfield_1729471","title":"Brownfield development site: 14, Harrowdene Road, HA0 2JB (up to 7 homes)","year":2020,"effective_date":"2020-01-02","date_precision":"day","category":"transport","lens":"traffic","confidence":"documented","source_ids":["lon-extra-planning-data-brownfield-land"],"explanation":"Planning/development evidence record: permissioned; brownfield land capacity marker for 7 net dwellings."},"geometry":{"type":"Point","coordinates":[-0.304035,51.555187]}},{"type":"Feature","id":"lon_brownfield_1729472","properties":{"city_id":"london","event_id":"lon_brownfield_1729472","title":"Brownfield development site: 13, The Avenue, NW6 7NR (up to 8 homes)","year":2020,"effective_date":"2020-03-20","date_precision":"day","category":"built_environment","lens":"built_environment","confidence":"documented","source_ids":["lon-extra-planning-data-brownfield-land"],"explanation":"Planning/development evidence record: permissioned; brownfield land capacity marker for 8 net dwellings."},"geometry":{"type":"Point","coordinates":[-0.211037,51.541532]}},{"type":"Feature","id":"lon_brownfield_1729473","properties":{"city_id":"london","event_id":"lon_brownfield_1729473","title":"Brownfield development site: Pharamond Garages, rear of 258-262 Willesden Lane, Willesden, London (up to 10 homes)","year":2020,"effective_date":"2020-06-15","date_precision":"day","category":"built_environment","lens":"built_environment","confidence":"documented","source_ids":["lon-extra-planning-data-brownfield-land"],"explanation":"Planning/development evidence record: permissioned; brownfield land capacity marker for 10 net dwellings."},"geometry":{"type":"Point","coordinates":[-0.218384,51.547264]}},{"type":"Feature","id":"lon_brownfield_1729474","properties":{"city_id":"london","event_id":"lon_brownfield_1729474","title":"Brownfield development site: Aneurin Bevan Court Garages, Coles Green Road, London (up to 9 homes)","year":2020,"effective_date":"2020-07-31","date_precision":"day","category":"transport","lens":"traffic","confidence":"documented","source_ids":["lon-extra-planning-data-brownfield-land"],"explanation":"Planning/development evidence record: permissioned; brownfield land capacity marker for 9 net dwellings."},"geometry":{"type":"Point","coordinates":[-0.231299,51.565679]}},{"type":"Feature","id":"lon_brownfield_1729475","properties":{"city_id":"london","event_id":"lon_brownfield_1729475","title":"Brownfield development site: J M Amin & Co, 45 Ealing Road, Wembley, HA0 4BA (up to 13 homes)","year":2020,"effective_date":"2020-02-12","date_precision":"day","category":"transport","lens":"traffic","confidence":"documented","source_ids":["lon-extra-planning-data-brownfield-land"],"explanation":"Planning/development evidence record: permissioned; brownfield land capacity marker for 13 net dwellings."},"geometry":{"type":"Point","coordinates":[-0.192563,51.536714]}},{"type":"Feature","id":"lon_brownfield_1731067","properties":{"city_id":"london","event_id":"lon_brownfield_1731067","title":"Brownfield development site: 2 B Park Avenue, Mitcham CR4 2EL (up to 5 homes)","year":2020,"effective_date":"2020-06-18","date_precision":"day","category":"environment","lens":"green_space","confidence":"documented","source_ids":["lon-extra-planning-data-brownfield-land"],"explanation":"Planning/development evidence record: permissioned; brownfield land capacity marker for 5 net dwellings."},"geometry":{"type":"Point","coordinates":[-0.151414,51.416643]}},{"type":"Feature","id":"lon_brownfield_1731071","properties":{"city_id":"london","event_id":"lon_brownfield_1731071","title":"Brownfield development site: 61 Grand Drive, Raynes Park SW20 9DJ (up to 7 homes)","year":2020,"effective_date":"2020-05-11","date_precision":"day","category":"environment","lens":"green_space","confidence":"documented","source_ids":["lon-extra-planning-data-brownfield-land"],"explanation":"Planning/development evidence record: permissioned; brownfield land capacity marker for 7 net dwellings."},"geometry":{"type":"Point","coordinates":[-0.229754,51.40618]}},{"type":"Feature","id":"lon_brownfield_1731072","properties":{"city_id":"london","event_id":"lon_brownfield_1731072","title":"Brownfield development site: 33-39 Upper Green East, Mitcham, CR4 2PF (up to 18 homes)","year":2020,"effective_date":"2020-08-20","date_precision":"day","category":"environment","lens":"green_space","confidence":"documented","source_ids":["lon-extra-planning-data-brownfield-land"],"explanation":"Planning/development evidence record: permissioned; brownfield land capacity marker for 18 net dwellings."},"geometry":{"type":"Point","coordinates":[-0.162695,51.405381]}},{"type":"Feature","id":"lon_brownfield_1731075","properties":{"city_id":"london","event_id":"lon_brownfield_1731075","title":"Brownfield development site: 2 Church Lane, Merton Park SW19 3NY (up to 8 homes)","year":2020,"effective_date":"2020-06-18","date_precision":"day","category":"environment","lens":"green_space","confidence":"documented","source_ids":["lon-extra-planning-data-brownfield-land"],"explanation":"Planning/development evidence record: permissioned; brownfield land capacity marker for 8 net dwellings."},"geometry":{"type":"Point","coordinates":[-0.204368,51.41297]}},{"type":"Feature","id":"lon_brownfield_1731078","properties":{"city_id":"london","event_id":"lon_brownfield_1731078","title":"Brownfield development site: Farm Road (up to 18 homes)","year":2020,"effective_date":"2020-07-16","date_precision":"day","category":"transport","lens":"traffic","confidence":"documented","source_ids":["lon-extra-planning-data-brownfield-land"],"explanation":"Planning/development evidence record: permissioned; brownfield land capacity marker for 18 net dwellings."},"geometry":{"type":"Point","coordinates":[-0.191786,51.392525]}},{"type":"Feature","id":"lon_brownfield_1731079","properties":{"city_id":"london","event_id":"lon_brownfield_1731079","title":"Brownfield development site: Elm Nursery Car Park (up to 21 homes)","year":2020,"effective_date":"2020-07-16","date_precision":"day","category":"environment","lens":"green_space","confidence":"documented","source_ids":["lon-extra-planning-data-brownfield-land"],"explanation":"Planning/development evidence record: permissioned; brownfield land capacity marker for 21 net dwellings."},"geometry":{"type":"Point","coordinates":[-0.162005,51.409327]}},{"type":"Feature","id":"lon_brownfield_1731080","properties":{"city_id":"london","event_id":"lon_brownfield_1731080","title":"Brownfield development site: Raleigh Gardens Car Park (up to 36 homes)","year":2020,"effective_date":"2020-07-16","date_precision":"day","category":"environment","lens":"green_space","confidence":"documented","source_ids":["lon-extra-planning-data-brownfield-land"],"explanation":"Planning/development evidence record: permissioned; brownfield land capacity marker for 36 net dwellings."},"geometry":{"type":"Point","coordinates":[-0.165609,51.405148]}},{"type":"Feature","id":"lon_brownfield_1731081","properties":{"city_id":"london","event_id":"lon_brownfield_1731081","title":"Brownfield development site: Development Site North of 11 to 17 Madeira Road, CR4 (up to 18 homes)","year":2020,"effective_date":"2020-07-16","date_precision":"day","category":"transport","lens":"traffic","confidence":"documented","source_ids":["lon-extra-planning-data-brownfield-land"],"explanation":"Planning/development evidence record: permissioned; brownfield land capacity marker for 18 net dwellings."},"geometry":{"type":"Point","coordinates":[-0.161925,51.400198]}},{"type":"Feature","id":"lon_brownfield_1731091","properties":{"city_id":"london","event_id":"lon_brownfield_1731091","title":"Brownfield development site: YMCA, The Broadway, Wimbledon (up to 145 homes)","year":2020,"effective_date":"2020-12-10","date_precision":"day","category":"transport","lens":"traffic","confidence":"documented","source_ids":["lon-extra-planning-data-brownfield-land"],"explanation":"Planning/development evidence record: permissioned; brownfield land capacity marker for 145 net dwellings."},"geometry":{"type":"Point","coordinates":[-0.197413,51.419419]}},{"type":"Feature","id":"lon_brownfield_1731094","properties":{"city_id":"london","event_id":"lon_brownfield_1731094","title":"Brownfield development site: Marquis of Lorne Public House, 117 Haydons Road, South Wimbledon, SW19 1HH (up to 9 homes)","year":2020,"effective_date":"2020-11-09","date_precision":"day","category":"transport","lens":"traffic","confidence":"documented","source_ids":["lon-extra-planning-data-brownfield-land"],"explanation":"Planning/development evidence record: permissioned; brownfield land capacity marker for 9 net dwellings."},"geometry":{"type":"Point","coordinates":[-0.18709,51.419331]}},{"type":"Feature","id":"lon_brownfield_1731727","properties":{"city_id":"london","event_id":"lon_brownfield_1731727","title":"Brownfield development site: 75 Westbourne Grove London W2 4UL (up to 0 homes)","year":2020,"effective_date":"2020-05-22","date_precision":"day","category":"built_environment","lens":"built_environment","confidence":"documented","source_ids":["lon-extra-planning-data-brownfield-land"],"explanation":"Planning/development evidence record: permissioned; brownfield land capacity marker for 0 net dwellings."},"geometry":{"type":"Point","coordinates":[-0.192049,51.515225]}},{"type":"Feature","id":"lon_brownfield_1731728","properties":{"city_id":"london","event_id":"lon_brownfield_1731728","title":"Brownfield development site: Claridge House 32 Davies Street London W1K 4ND (up to 0 homes)","year":2020,"effective_date":"2020-09-07","date_precision":"day","category":"environment","lens":"green_space","confidence":"documented","source_ids":["lon-extra-planning-data-brownfield-land"],"explanation":"Planning/development evidence record: permissioned; brownfield land capacity marker for 0 net dwellings."},"geometry":{"type":"Point","coordinates":[-0.147774,51.51199]}},{"type":"Feature","id":"lon_brownfield_1731729","properties":{"city_id":"london","event_id":"lon_brownfield_1731729","title":"Brownfield development site: 26 James Street Covent Garden London WC2E 8PA (up to 0 homes)","year":2020,"effective_date":"2020-10-22","date_precision":"day","category":"environment","lens":"green_space","confidence":"documented","source_ids":["lon-extra-planning-data-brownfield-land"],"explanation":"Planning/development evidence record: permissioned; brownfield land capacity marker for 0 net dwellings."},"geometry":{"type":"Point","coordinates":[-0.123794,51.512661]}},{"type":"Feature","id":"lon_brownfield_1731786","properties":{"city_id":"london","event_id":"lon_brownfield_1731786","title":"Brownfield development site: 150a-170 & 2-8 Thornsett Road, Penwith Road (up to 17 homes)","year":2020,"effective_date":"2020-10-30","date_precision":"day","category":"transport","lens":"traffic","confidence":"documented","source_ids":["lon-extra-planning-data-brownfield-land"],"explanation":"Planning/development evidence record: permissioned; brownfield land capacity marker for 17 net dwellings."},"geometry":{"type":"Point","coordinates":[-0.18931,51.44242]}},{"type":"Feature","id":"lon_brownfield_1731787","properties":{"city_id":"london","event_id":"lon_brownfield_1731787","title":"Brownfield development site: 38 Rookstone Road (up to 8 homes)","year":2020,"effective_date":"2020-10-28","date_precision":"day","category":"transport","lens":"traffic","confidence":"documented","source_ids":["lon-extra-planning-data-brownfield-land"],"explanation":"Planning/development evidence record: permissioned; brownfield land capacity marker for 8 net dwellings."},"geometry":{"type":"Point","coordinates":[-0.16601,51.42456]}},{"type":"Feature","id":"lon_brownfield_1731793","properties":{"city_id":"london","event_id":"lon_brownfield_1731793","title":"Brownfield development site: Broadway Studio, 28 Tooting High Street (up to 6 homes)","year":2020,"effective_date":"2020-11-30","date_precision":"day","category":"transport","lens":"traffic","confidence":"documented","source_ids":["lon-extra-planning-data-brownfield-land"],"explanation":"Planning/development evidence record: permissioned; brownfield land capacity marker for 6 net dwellings."},"geometry":{"type":"Point","coordinates":[-0.16787,51.42888]}},{"type":"Feature","id":"lon_brownfield_1731795","properties":{"city_id":"london","event_id":"lon_brownfield_1731795","title":"Brownfield development site: 61-63 St Johns Road (up to 7 homes)","year":2020,"effective_date":"2020-11-02","date_precision":"day","category":"transport","lens":"traffic","confidence":"documented","source_ids":["lon-extra-planning-data-brownfield-land"],"explanation":"Planning/development evidence record: permissioned; brownfield land capacity marker for 7 net dwellings."},"geometry":{"type":"Point","coordinates":[-0.16724,51.46168]}},{"type":"Feature","id":"lon_brownfield_1731826","properties":{"city_id":"london","event_id":"lon_brownfield_1731826","title":"Brownfield development site: East & West 1,2,3,4, & 8, Square Rigger Row (Plantation Wharf) (up to 5 homes)","year":2020,"effective_date":"2020-04-17","date_precision":"day","category":"built_environment","lens":"built_environment","confidence":"documented","source_ids":["lon-extra-planning-data-brownfield-land"],"explanation":"Planning/development evidence record: permissioned; brownfield land capacity marker for 5 net dwellings."},"geometry":{"type":"Point","coordinates":[-0.18002,51.46688]}},{"type":"Feature","id":"lon_brownfield_1731829","properties":{"city_id":"london","event_id":"lon_brownfield_1731829","title":"Brownfield development site: Units 2-8 & 11-14 Port House, Square Rigger Row (Plantation Wharf) (up to 11 homes)","year":2020,"effective_date":"2020-04-17","date_precision":"day","category":"built_environment","lens":"built_environment","confidence":"documented","source_ids":["lon-extra-planning-data-brownfield-land"],"explanation":"Planning/development evidence record: permissioned; brownfield land capacity marker for 11 net dwellings."},"geometry":{"type":"Point","coordinates":[-0.18002,51.46688]}},{"type":"Feature","id":"lon_brownfield_1731831","properties":{"city_id":"london","event_id":"lon_brownfield_1731831","title":"Brownfield development site: Units 2, 3, 4, 5, 6, & 7 Leeward House, Square Rigger Row (Plantation Wharf) (up to 6 homes)","year":2020,"effective_date":"2020-04-17","date_precision":"day","category":"built_environment","lens":"built_environment","confidence":"documented","source_ids":["lon-extra-planning-data-brownfield-land"],"explanation":"Planning/development evidence record: permissioned; brownfield land capacity marker for 6 net dwellings."},"geometry":{"type":"Point","coordinates":[-0.18002,51.46688]}},{"type":"Feature","id":"lon_brownfield_1731832","properties":{"city_id":"london","event_id":"lon_brownfield_1731832","title":"Brownfield development site: Units 3 to 8 Windward House, Square Rigger Row (up to 6 homes)","year":2020,"effective_date":"2020-04-17","date_precision":"day","category":"built_environment","lens":"built_environment","confidence":"documented","source_ids":["lon-extra-planning-data-brownfield-land"],"explanation":"Planning/development evidence record: permissioned; brownfield land capacity marker for 6 net dwellings."},"geometry":{"type":"Point","coordinates":[-0.18002,51.46688]}},{"type":"Feature","id":"lon_brownfield_1731840","properties":{"city_id":"london","event_id":"lon_brownfield_1731840","title":"Brownfield development site: 206 Mitcham Road (up to 5 homes)","year":2020,"effective_date":"2020-12-22","date_precision":"day","category":"transport","lens":"traffic","confidence":"documented","source_ids":["lon-extra-planning-data-brownfield-land"],"explanation":"Planning/development evidence record: permissioned; brownfield land capacity marker for 5 net dwellings."},"geometry":{"type":"Point","coordinates":[-0.160912,51.422872]}},{"type":"Feature","id":"lon_brownfield_1733422","properties":{"city_id":"london","event_id":"lon_brownfield_1733422","title":"Brownfield development site: Territorial Army Centre, 65-69 Parkhurst Road (up to 118 homes)","year":2020,"effective_date":"2020-07-20","date_precision":"day","category":"transport","lens":"traffic","confidence":"documented","source_ids":["lon-extra-planning-data-brownfield-land"],"explanation":"Planning/development evidence record: permissioned; brownfield land capacity marker for 118 net dwellings."},"geometry":{"type":"Point","coordinates":[-0.121013,51.556743]}},{"type":"Feature","id":"lon_brownfield_1733423","properties":{"city_id":"london","event_id":"lon_brownfield_1733423","title":"Brownfield development site: 100 Hornsey Road (up to 30 homes)","year":2020,"effective_date":"2020-11-05","date_precision":"day","category":"transport","lens":"traffic","confidence":"documented","source_ids":["lon-extra-planning-data-brownfield-land"],"explanation":"Planning/development evidence record: permissioned; brownfield land capacity marker for 30 net dwellings."},"geometry":{"type":"Point","coordinates":[-0.111184,51.556505]}},{"type":"Feature","id":"lon_brownfield_1733424","properties":{"city_id":"london","event_id":"lon_brownfield_1733424","title":"Brownfield development site: Land to the rear of 2 Melody Lane (up to 7 homes)","year":2020,"effective_date":"2020-06-25","date_precision":"day","category":"built_environment","lens":"built_environment","confidence":"documented","source_ids":["lon-extra-planning-data-brownfield-land"],"explanation":"Planning/development evidence record: permissioned; brownfield land capacity marker for 7 net dwellings."},"geometry":{"type":"Point","coordinates":[-0.096662,51.552241]}},{"type":"Feature","id":"lon_brownfield_1733503","properties":{"city_id":"london","event_id":"lon_brownfield_1733503","title":"Brownfield development site: Centre House 56 Wood Lane (up to 527 homes)","year":2020,"effective_date":"2020-03-23","date_precision":"day","category":"built_environment","lens":"built_environment","confidence":"documented","source_ids":["lon-extra-planning-data-brownfield-land"],"explanation":"Planning/development evidence record: permissioned; brownfield land capacity marker for 527 net dwellings."},"geometry":{"type":"Point","coordinates":[-0.223684,51.511545]}},{"type":"Feature","id":"lon_brownfield_1733508","properties":{"city_id":"london","event_id":"lon_brownfield_1733508","title":"Brownfield development site: Kings Mall Car Park_x000D_Glenthorne Road_x000D_London_x000D_W6 0LJ_x000D_ (up to 418 homes)","year":2020,"effective_date":"2020-10-14","date_precision":"day","category":"transport","lens":"traffic","confidence":"documented","source_ids":["lon-extra-planning-data-brownfield-land"],"explanation":"Planning/development evidence record: permissioned; brownfield land capacity marker for 418 net dwellings."},"geometry":{"type":"Point","coordinates":[-0.229226,51.494255]}},{"type":"Feature","id":"lon_brownfield_1733509","properties":{"city_id":"london","event_id":"lon_brownfield_1733509","title":"Brownfield development site: M&S White City Site 54 Wood Lane London W12 7RQ (up to 1814 homes)","year":2020,"effective_date":"2020-11-17","date_precision":"day","category":"built_environment","lens":"built_environment","confidence":"documented","source_ids":["lon-extra-planning-data-brownfield-land"],"explanation":"Planning/development evidence record: pending-decision; brownfield land capacity marker for 1814 net dwellings."},"geometry":{"type":"Point","coordinates":[-0.222254,51.512]}},{"type":"Feature","id":"lon_brownfield_1733867","properties":{"city_id":"london","event_id":"lon_brownfield_1733867","title":"Brownfield development site: 340 - 344 Green Street, Upton Park, London, E13 9AP (up to 18 homes)","year":2020,"effective_date":"2020-11-25","date_precision":"day","category":"environment","lens":"green_space","confidence":"documented","source_ids":["lon-extra-planning-data-brownfield-land"],"explanation":"Planning/development evidence record: permissioned; brownfield land capacity marker for 18 net dwellings."},"geometry":{"type":"Point","coordinates":[0.034445,51.536729]}},{"type":"Feature","id":"lon_brownfield_1733871","properties":{"city_id":"london","event_id":"lon_brownfield_1733871","title":"Brownfield development site: 23 Harold Road, Upton Park, London, E13 0SE (up to 28 homes)","year":2020,"effective_date":"2020-12-10","date_precision":"day","category":"transport","lens":"traffic","confidence":"documented","source_ids":["lon-extra-planning-data-brownfield-land"],"explanation":"Planning/development evidence record: permissioned; brownfield land capacity marker for 28 net dwellings."},"geometry":{"type":"Point","coordinates":[0.034212,51.535384]}},{"type":"Feature","id":"lon_brownfield_1733873","properties":{"city_id":"london","event_id":"lon_brownfield_1733873","title":"Brownfield development site: 2 Boleyn Road, East Ham, London, E6 1QE (up to 42 homes)","year":2020,"effective_date":"2020-02-17","date_precision":"day","category":"transport","lens":"traffic","confidence":"documented","source_ids":["lon-extra-planning-data-brownfield-land"],"explanation":"Planning/development evidence record: permissioned; brownfield land capacity marker for 42 net dwellings."},"geometry":{"type":"Point","coordinates":[0.041992,51.531488]}},{"type":"Feature","id":"lon_brownfield_1733876","properties":{"city_id":"london","event_id":"lon_brownfield_1733876","title":"Brownfield development site: Garages 1 To 12, Opposite 1 - 5, Bramall Close, Stratford, London E15 (up to 16 homes)","year":2020,"effective_date":"2020-02-04","date_precision":"day","category":"built_environment","lens":"built_environment","confidence":"documented","source_ids":["lon-extra-planning-data-brownfield-land"],"explanation":"Planning/development evidence record: permissioned; brownfield land capacity marker for 16 net dwellings."},"geometry":{"type":"Point","coordinates":[0.011748,51.549801]}},{"type":"Feature","id":"lon_brownfield_1733877","properties":{"city_id":"london","event_id":"lon_brownfield_1733877","title":"Brownfield development site: 17 - 21 New Barn Street, Plaistow, London, E13 8JZ (up to 8 homes)","year":2020,"effective_date":"2020-02-04","date_precision":"day","category":"environment","lens":"green_space","confidence":"documented","source_ids":["lon-extra-planning-data-brownfield-land"],"explanation":"Planning/development evidence record: permissioned; brownfield land capacity marker for 8 net dwellings."},"geometry":{"type":"Point","coordinates":[0.023658,51.521571]}},{"type":"Feature","id":"lon_brownfield_1733878","properties":{"city_id":"london","event_id":"lon_brownfield_1733878","title":"Brownfield development site: Francis House, 760 - 762 Barking Road, Plaistow, London, E13 9PJ (up to 31 homes)","year":2020,"effective_date":"2020-01-19","date_precision":"day","category":"transport","lens":"traffic","confidence":"documented","source_ids":["lon-extra-planning-data-brownfield-land"],"explanation":"Planning/development evidence record: permissioned; brownfield land capacity marker for 31 net dwellings."},"geometry":{"type":"Point","coordinates":[0.036675,51.529876]}},{"type":"Feature","id":"lon_brownfield_1733879","properties":{"city_id":"london","event_id":"lon_brownfield_1733879","title":"Brownfield development site: Garages 1 To 14, Adjacent 54 Anne Street Plaistow London (up to 7 homes)","year":2020,"effective_date":"2020-02-04","date_precision":"day","category":"environment","lens":"green_space","confidence":"documented","source_ids":["lon-extra-planning-data-brownfield-land"],"explanation":"Planning/development evidence record: permissioned; brownfield land capacity marker for 7 net dwellings."},"geometry":{"type":"Point","coordinates":[0.019468,51.522737]}},{"type":"Feature","id":"lon_brownfield_1733880","properties":{"city_id":"london","event_id":"lon_brownfield_1733880","title":"Brownfield development site: Garages 2 To 16 Forest View Road, Manor Park, London (up to 27 homes)","year":2020,"effective_date":"2020-02-04","date_precision":"day","category":"transport","lens":"traffic","confidence":"documented","source_ids":["lon-extra-planning-data-brownfield-land"],"explanation":"Planning/development evidence record: permissioned; brownfield land capacity marker for 27 net dwellings."},"geometry":{"type":"Point","coordinates":[0.049198,51.553322]}},{"type":"Feature","id":"lon_brownfield_1733881","properties":{"city_id":"london","event_id":"lon_brownfield_1733881","title":"Brownfield development site: Garages 1 To 16, Adjacent 41 Landseer Avenue, Manor Park, London (up to 11 homes)","year":2020,"effective_date":"2020-02-04","date_precision":"day","category":"environment","lens":"green_space","confidence":"documented","source_ids":["lon-extra-planning-data-brownfield-land"],"explanation":"Planning/development evidence record: permissioned; brownfield land capacity marker for 11 net dwellings."},"geometry":{"type":"Point","coordinates":[0.064022,51.546517]}},{"type":"Feature","id":"lon_brownfield_1733883","properties":{"city_id":"london","event_id":"lon_brownfield_1733883","title":"Brownfield development site: 2 Dewberry Gardens, Beckton, London, E6 5UG (up to 7 homes)","year":2020,"effective_date":"2020-06-26","date_precision":"day","category":"built_environment","lens":"built_environment","confidence":"documented","source_ids":["lon-extra-planning-data-brownfield-land"],"explanation":"Planning/development evidence record: permissioned; brownfield land capacity marker for 7 net dwellings."},"geometry":{"type":"Point","coordinates":[0.046316,51.516643]}},{"type":"Feature","id":"lon_brownfield_1733886","properties":{"city_id":"london","event_id":"lon_brownfield_1733886","title":"Brownfield development site: 2A Michigan Avenue, Manor Park, London, E12 5JD (up to 9 homes)","year":2020,"effective_date":"2020-09-18","date_precision":"day","category":"environment","lens":"green_space","confidence":"documented","source_ids":["lon-extra-planning-data-brownfield-land"],"explanation":"Planning/development evidence record: permissioned; brownfield land capacity marker for 9 net dwellings."},"geometry":{"type":"Point","coordinates":[0.055527,51.552847]}},{"type":"Feature","id":"lon_brownfield_1733900","properties":{"city_id":"london","event_id":"lon_brownfield_1733900","title":"Brownfield development site: 665 Barking Road, Plaistow, London, E13 9EX (up to 8 homes)","year":2020,"effective_date":"2020-04-23","date_precision":"day","category":"transport","lens":"traffic","confidence":"documented","source_ids":["lon-extra-planning-data-brownfield-land"],"explanation":"Planning/development evidence record: permissioned; brownfield land capacity marker for 8 net dwellings."},"geometry":{"type":"Point","coordinates":[0.034115,51.529334]}},{"type":"Feature","id":"lon_brownfield_1733901","properties":{"city_id":"london","event_id":"lon_brownfield_1733901","title":"Brownfield development site: The Royal Oak, 17 Woodman Street, North Woolwich, London, E16 2LN (up to 8 homes)","year":2020,"effective_date":"2020-05-29","date_precision":"day","category":"environment","lens":"green_space","confidence":"documented","source_ids":["lon-extra-planning-data-brownfield-land"],"explanation":"Planning/development evidence record: permissioned; brownfield land capacity marker for 8 net dwellings."},"geometry":{"type":"Point","coordinates":[0.065302,51.501019]}},{"type":"Feature","id":"lon_brownfield_1734722","properties":{"city_id":"london","event_id":"lon_brownfield_1734722","title":"Brownfield development site: 751 High Road London N12 8LF (up to 5 homes)","year":2020,"effective_date":"2020-08-20","date_precision":"day","category":"transport","lens":"traffic","confidence":"documented","source_ids":["lon-extra-planning-data-brownfield-land"],"explanation":"Planning/development evidence record: permissioned; brownfield land capacity marker for 5 net dwellings."},"geometry":{"type":"Point","coordinates":[-0.177073,51.614442]}},{"type":"Feature","id":"lon_brownfield_1734723","properties":{"city_id":"london","event_id":"lon_brownfield_1734723","title":"Brownfield development site: Imperial HouseThe Hyde London NW9 5AL (up to 102 homes)","year":2020,"effective_date":"2020-10-06","date_precision":"day","category":"built_environment","lens":"built_environment","confidence":"documented","source_ids":["lon-extra-planning-data-brownfield-land"],"explanation":"Planning/development evidence record: permissioned; brownfield land capacity marker for 102 net dwellings."},"geometry":{"type":"Point","coordinates":[-0.260056,51.595495]}},{"type":"Feature","id":"lon_brownfield_1734729","properties":{"city_id":"london","event_id":"lon_brownfield_1734729","title":"Brownfield development site: 183 Victoria Road Barnet EN4 9PA (up to 15 homes)","year":2020,"effective_date":"2020-09-10","date_precision":"day","category":"transport","lens":"traffic","confidence":"documented","source_ids":["lon-extra-planning-data-brownfield-land"],"explanation":"Planning/development evidence record: permissioned; brownfield land capacity marker for 15 net dwellings."},"geometry":{"type":"Point","coordinates":[-0.16657,51.64782]}},{"type":"Feature","id":"lon_brownfield_1734732","properties":{"city_id":"london","event_id":"lon_brownfield_1734732","title":"Brownfield development site: 12 - 18 High Road London N2 9PJ (up to 24 homes)","year":2020,"effective_date":"2020-06-17","date_precision":"day","category":"transport","lens":"traffic","confidence":"documented","source_ids":["lon-extra-planning-data-brownfield-land"],"explanation":"Planning/development evidence record: permissioned; brownfield land capacity marker for 24 net dwellings."},"geometry":{"type":"Point","coordinates":[-0.163605,51.58738]}},{"type":"Feature","id":"lon_brownfield_1734742","properties":{"city_id":"london","event_id":"lon_brownfield_1734742","title":"Brownfield development site: Unit 4 Hyde Estate Road London NW9 6JX (up to 1309 homes)","year":2020,"effective_date":"2020-07-31","date_precision":"day","category":"transport","lens":"traffic","confidence":"documented","source_ids":["lon-extra-planning-data-brownfield-land"],"explanation":"Planning/development evidence record: permissioned; brownfield land capacity marker for 1309 net dwellings."},"geometry":{"type":"Point","coordinates":[-0.244016,51.582371]}},{"type":"Feature","id":"lon_brownfield_1734744","properties":{"city_id":"london","event_id":"lon_brownfield_1734744","title":"Brownfield development site: 65 Watford Way London NW4 3AQ (up to 20 homes)","year":2020,"effective_date":"2020-06-17","date_precision":"day","category":"built_environment","lens":"built_environment","confidence":"documented","source_ids":["lon-extra-planning-data-brownfield-land"],"explanation":"Planning/development evidence record: permissioned; brownfield land capacity marker for 20 net dwellings."},"geometry":{"type":"Point","coordinates":[-0.229757,51.584549]}},{"type":"Feature","id":"lon_brownfield_1735251","properties":{"city_id":"london","event_id":"lon_brownfield_1735251","title":"Brownfield development site: 369-377 Kentish Town Road, London, NW5 2TJ (up to 14 homes)","year":2020,"effective_date":"2020-03-12","date_precision":"day","category":"transport","lens":"traffic","confidence":"documented","source_ids":["lon-extra-planning-data-brownfield-land"],"explanation":"Planning/development evidence record: permissioned; brownfield land capacity marker for 14 net dwellings."},"geometry":{"type":"Point","coordinates":[-0.141141,51.551374]}},{"type":"Feature","id":"lon_brownfield_1735253","properties":{"city_id":"london","event_id":"lon_brownfield_1735253","title":"Brownfield development site: 18 Vine Hill and 15-29 Eyre Street Hill, London, EC1R 5DZ (up to 9 homes)","year":2020,"effective_date":"2020-01-02","date_precision":"day","category":"environment","lens":"green_space","confidence":"documented","source_ids":["lon-extra-planning-data-brownfield-land"],"explanation":"Planning/development evidence record: permissioned; brownfield land capacity marker for 9 net dwellings."},"geometry":{"type":"Point","coordinates":[-0.110786,51.522773]}},{"type":"Feature","id":"lon_brownfield_1735266","properties":{"city_id":"london","event_id":"lon_brownfield_1735266","title":"Brownfield development site: 156-164 Gray's Inn Road & 38 Mount Pleasant, WC1X 0AN (up to 14 homes)","year":2020,"effective_date":"2020-05-28","date_precision":"day","category":"transport","lens":"traffic","confidence":"documented","source_ids":["lon-extra-planning-data-brownfield-land"],"explanation":"Planning/development evidence record: permissioned; brownfield land capacity marker for 14 net dwellings."},"geometry":{"type":"Point","coordinates":[-0.113217,51.522362]}},{"type":"Feature","id":"lon_brownfield_1735267","properties":{"city_id":"london","event_id":"lon_brownfield_1735267","title":"Brownfield development site: Barrie House, 29 St Edmunds Terrace, London NW8 7QH (up to 9 homes)","year":2020,"effective_date":"2020-03-19","date_precision":"day","category":"built_environment","lens":"built_environment","confidence":"documented","source_ids":["lon-extra-planning-data-brownfield-land"],"explanation":"Planning/development evidence record: permissioned; brownfield land capacity marker for 9 net dwellings."},"geometry":{"type":"Point","coordinates":[-0.163145,51.536761]}},{"type":"Feature","id":"lon_brownfield_1735271","properties":{"city_id":"london","event_id":"lon_brownfield_1735271","title":"Brownfield development site: Former flats 121 \u00e2\u20ac\u201c 129 Bacton, Haverstock Road (up to 215 homes)","year":2020,"effective_date":"2020-03-31","date_precision":"day","category":"transport","lens":"traffic","confidence":"documented","source_ids":["lon-extra-planning-data-brownfield-land"],"explanation":"Planning/development evidence record: permissioned; brownfield land capacity marker for 215 net dwellings."},"geometry":{"type":"Point","coordinates":[-0.153845,51.551843]}},{"type":"Feature","id":"lon_brownfield_1735861","properties":{"city_id":"london","event_id":"lon_brownfield_1735861","title":"Brownfield development site: Land to the south of railway, including Nestle, Hayes","year":2020,"effective_date":"2020-03-09","date_precision":"day","category":"transport","lens":"traffic","confidence":"documented","source_ids":["lon-extra-planning-data-brownfield-land"],"explanation":"Planning/development evidence record: Started; brownfield land capacity marker."},"geometry":{"type":"Point","coordinates":[-0.414354,51.500977]}},{"type":"Feature","id":"lon_brownfield_1735876","properties":{"city_id":"london","event_id":"lon_brownfield_1735876","title":"Brownfield development site: 269-285 Field End Road, Ruislip","year":2020,"effective_date":"2020-04-16","date_precision":"day","category":"transport","lens":"traffic","confidence":"documented","source_ids":["lon-extra-planning-data-brownfield-land"],"explanation":"Planning/development evidence record: Submitted; brownfield land capacity marker."},"geometry":{"type":"Point","coordinates":[-0.395673,51.575018]}},{"type":"Feature","id":"lon_brownfield_1735905","properties":{"city_id":"london","event_id":"lon_brownfield_1735905","title":"Brownfield development site: Bridge House, Riverview House & Waterside House Oxford Road UB8 1HS","year":2020,"effective_date":"2020-03-27","date_precision":"day","category":"transport","lens":"traffic","confidence":"documented","source_ids":["lon-extra-planning-data-brownfield-land"],"explanation":"Planning/development evidence record: Started; brownfield land capacity marker."},"geometry":{"type":"Point","coordinates":[-0.486563,51.549294]}},{"type":"Feature","id":"lon_brownfield_1735910","properties":{"city_id":"london","event_id":"lon_brownfield_1735910","title":"Brownfield development site: 253 Park Road UB8 1NT","year":2020,"effective_date":"2020-03-25","date_precision":"day","category":"transport","lens":"traffic","confidence":"documented","source_ids":["lon-extra-planning-data-brownfield-land"],"explanation":"Planning/development evidence record: Submitted; brownfield land capacity marker."},"geometry":{"type":"Point","coordinates":[-0.469999,51.55808]}},{"type":"Feature","id":"lon_brownfield_1735939","properties":{"city_id":"london","event_id":"lon_brownfield_1735939","title":"Brownfield development site: Wetherby House 15 Green Lane HA6 2UZ","year":2020,"effective_date":"2020-01-02","date_precision":"day","category":"environment","lens":"green_space","confidence":"documented","source_ids":["lon-extra-planning-data-brownfield-land"],"explanation":"Planning/development evidence record: Submitted; brownfield land capacity marker."},"geometry":{"type":"Point","coordinates":[-0.430167,51.612182]}},{"type":"Feature","id":"lon_brownfield_1735943","properties":{"city_id":"london","event_id":"lon_brownfield_1735943","title":"Brownfield development site: 60 Long Lane UB10 8SZ","year":2020,"effective_date":"2020-02-20","date_precision":"day","category":"built_environment","lens":"built_environment","confidence":"documented","source_ids":["lon-extra-planning-data-brownfield-land"],"explanation":"Planning/development evidence record: Submitted; brownfield land capacity marker."},"geometry":{"type":"Point","coordinates":[-0.446335,51.561204]}},{"type":"Feature","id":"lon_brownfield_1735955","properties":{"city_id":"london","event_id":"lon_brownfield_1735955","title":"Brownfield development site: Land At Garage Block Southbourne Gardens HA4 9SW","year":2020,"effective_date":"2020-01-08","date_precision":"day","category":"built_environment","lens":"built_environment","confidence":"documented","source_ids":["lon-extra-planning-data-brownfield-land"],"explanation":"Planning/development evidence record: Submitted; brownfield land capacity marker."},"geometry":{"type":"Point","coordinates":[-0.398067,51.574232]}},{"type":"Feature","id":"lon_brownfield_1735967","properties":{"city_id":"london","event_id":"lon_brownfield_1735967","title":"Brownfield development site: 140 - 142 Pinner Road HA6 1BP","year":2020,"effective_date":"2020-01-24","date_precision":"day","category":"transport","lens":"traffic","confidence":"documented","source_ids":["lon-extra-planning-data-brownfield-land"],"explanation":"Planning/development evidence record: Submitted; brownfield land capacity marker."},"geometry":{"type":"Point","coordinates":[-0.417387,51.605069]}},{"type":"Feature","id":"lon_brownfield_1735971","properties":{"city_id":"london","event_id":"lon_brownfield_1735971","title":"Brownfield development site: Land At The Rear Of 113-127 Moorfield Road UB8 3SH","year":2020,"effective_date":"2020-01-29","date_precision":"day","category":"transport","lens":"traffic","confidence":"documented","source_ids":["lon-extra-planning-data-brownfield-land"],"explanation":"Planning/development evidence record: Submitted; brownfield land capacity marker."},"geometry":{"type":"Point","coordinates":[-0.476439,51.521647]}},{"type":"Feature","id":"lon_brownfield_1736053","properties":{"city_id":"london","event_id":"lon_brownfield_1736053","title":"Brownfield development site: Lee Court, Lee High Road (up to 7 homes)","year":2020,"effective_date":"2020-09-21","date_precision":"day","category":"transport","lens":"traffic","confidence":"documented","source_ids":["lon-extra-planning-data-brownfield-land"],"explanation":"Planning/development evidence record: permissioned; brownfield land capacity marker for 7 net dwellings."},"geometry":{"type":"Point","coordinates":[-0.001,51.4587]}},{"type":"Feature","id":"lon_brownfield_1736070","properties":{"city_id":"london","event_id":"lon_brownfield_1736070","title":"Brownfield development site: 109 Honor Oak Park (up to 7 homes)","year":2020,"effective_date":"2020-09-21","date_precision":"day","category":"environment","lens":"green_space","confidence":"documented","source_ids":["lon-extra-planning-data-brownfield-land"],"explanation":"Planning/development evidence record: permissioned; brownfield land capacity marker for 7 net dwellings."},"geometry":{"type":"Point","coordinates":[-0.0494,51.4495]}},{"type":"Feature","id":"lon_brownfield_1736075","properties":{"city_id":"london","event_id":"lon_brownfield_1736075","title":"Brownfield development site: Haven and Betuna, Grove Park Road (up to 20 homes)","year":2020,"effective_date":"2020-07-23","date_precision":"day","category":"transport","lens":"traffic","confidence":"documented","source_ids":["lon-extra-planning-data-brownfield-land"],"explanation":"Planning/development evidence record: permissioned; brownfield land capacity marker for 20 net dwellings."},"geometry":{"type":"Point","coordinates":[0.0324,51.4312]}},{"type":"Feature","id":"lon_brownfield_1736076","properties":{"city_id":"london","event_id":"lon_brownfield_1736076","title":"Brownfield development site: 152a Lee High Road (up to 17 homes)","year":2020,"effective_date":"2020-05-01","date_precision":"day","category":"transport","lens":"traffic","confidence":"documented","source_ids":["lon-extra-planning-data-brownfield-land"],"explanation":"Planning/development evidence record: permissioned; brownfield land capacity marker for 17 net dwellings."},"geometry":{"type":"Point","coordinates":[-0.0036,51.4591]}},{"type":"Feature","id":"lon_brownfield_1736078","properties":{"city_id":"london","event_id":"lon_brownfield_1736078","title":"Brownfield development site: 33 Nightingale Grove (up to 16 homes)","year":2020,"effective_date":"2020-11-23","date_precision":"day","category":"built_environment","lens":"built_environment","confidence":"documented","source_ids":["lon-extra-planning-data-brownfield-land"],"explanation":"Planning/development evidence record: permissioned; brownfield land capacity marker for 16 net dwellings."},"geometry":{"type":"Point","coordinates":[-0.0025,51.4528]}},{"type":"Feature","id":"lon_brownfield_1736079","properties":{"city_id":"london","event_id":"lon_brownfield_1736079","title":"Brownfield development site: 24 Clarenden Rise (up to 6 homes)","year":2020,"effective_date":"2020-07-22","date_precision":"day","category":"built_environment","lens":"built_environment","confidence":"documented","source_ids":["lon-extra-planning-data-brownfield-land"],"explanation":"Planning/development evidence record: permissioned; brownfield land capacity marker for 6 net dwellings."},"geometry":{"type":"Point","coordinates":[-0.0079,51.4598]}},{"type":"Feature","id":"lon_brownfield_1736080","properties":{"city_id":"london","event_id":"lon_brownfield_1736080","title":"Brownfield development site: Rear of 41-43 Nightingale Grove (up to 6 homes)","year":2020,"effective_date":"2020-07-31","date_precision":"day","category":"built_environment","lens":"built_environment","confidence":"documented","source_ids":["lon-extra-planning-data-brownfield-land"],"explanation":"Planning/development evidence record: permissioned; brownfield land capacity marker for 6 net dwellings."},"geometry":{"type":"Point","coordinates":[-0.0016,51.4518]}},{"type":"Feature","id":"lon_brownfield_1736085","properties":{"city_id":"london","event_id":"lon_brownfield_1736085","title":"Brownfield development site: 1 Creekside (up to 56 homes)","year":2020,"effective_date":"2020-05-22","date_precision":"day","category":"built_environment","lens":"built_environment","confidence":"documented","source_ids":["lon-extra-planning-data-brownfield-land"],"explanation":"Planning/development evidence record: permissioned; brownfield land capacity marker for 56 net dwellings."},"geometry":{"type":"Point","coordinates":[-0.0223,51.4766]}},{"type":"Feature","id":"lon_brownfield_1736086","properties":{"city_id":"london","event_id":"lon_brownfield_1736086","title":"Brownfield development site: Shaftsbury Christian Centre, Frankham Street (up to 33 homes)","year":2020,"effective_date":"2020-05-16","date_precision":"day","category":"environment","lens":"green_space","confidence":"documented","source_ids":["lon-extra-planning-data-brownfield-land"],"explanation":"Planning/development evidence record: permissioned; brownfield land capacity marker for 33 net dwellings."},"geometry":{"type":"Point","coordinates":[-0.024,51.4775]}},{"type":"Feature","id":"lon_brownfield_1736087","properties":{"city_id":"london","event_id":"lon_brownfield_1736087","title":"Brownfield development site: Former Deptford Police Station, 114-116 Amersham Vale (up to 9 homes)","year":2020,"effective_date":"2020-12-14","date_precision":"day","category":"civic_services","lens":"services","confidence":"documented","source_ids":["lon-extra-planning-data-brownfield-land"],"explanation":"Planning/development evidence record: permissioned; brownfield land capacity marker for 9 net dwellings."},"geometry":{"type":"Point","coordinates":[-0.0317,51.4794]}},{"type":"Feature","id":"lon_brownfield_1736088","properties":{"city_id":"london","event_id":"lon_brownfield_1736088","title":"Brownfield development site: 333-337 New Cross Road (up to 0 homes)","year":2020,"effective_date":"2020-12-03","date_precision":"day","category":"transport","lens":"traffic","confidence":"documented","source_ids":["lon-extra-planning-data-brownfield-land"],"explanation":"Planning/development evidence record: permissioned; brownfield land capacity marker for 0 net dwellings."},"geometry":{"type":"Point","coordinates":[-0.0363,51.4758]}},{"type":"Feature","id":"lon_brownfield_1736093","properties":{"city_id":"london","event_id":"lon_brownfield_1736093","title":"Brownfield development site: Duke House, 84-86a Rushey Green (up to 6 homes)","year":2020,"effective_date":"2020-05-29","date_precision":"day","category":"environment","lens":"green_space","confidence":"documented","source_ids":["lon-extra-planning-data-brownfield-land"],"explanation":"Planning/development evidence record: permissioned; brownfield land capacity marker for 6 net dwellings."},"geometry":{"type":"Point","coordinates":[-0.0188,51.4475]}},{"type":"Feature","id":"lon_brownfield_1736098","properties":{"city_id":"london","event_id":"lon_brownfield_1736098","title":"Brownfield development site: 103 Westwood Hill (up to 8 homes)","year":2020,"effective_date":"2020-08-11","date_precision":"day","category":"built_environment","lens":"built_environment","confidence":"documented","source_ids":["lon-extra-planning-data-brownfield-land"],"explanation":"Planning/development evidence record: permissioned; brownfield land capacity marker for 8 net dwellings."},"geometry":{"type":"Point","coordinates":[-0.0724,51.4264]}},{"type":"Feature","id":"lon_brownfield_1736100","properties":{"city_id":"london","event_id":"lon_brownfield_1736100","title":"Brownfield development site: Astra House rooftop extension, 23-25 Arklow Road (up to 8 homes)","year":2020,"effective_date":"2020-12-18","date_precision":"day","category":"transport","lens":"traffic","confidence":"documented","source_ids":["lon-extra-planning-data-brownfield-land"],"explanation":"Planning/development evidence record: permissioned; brownfield land capacity marker for 8 net dwellings."},"geometry":{"type":"Point","coordinates":[-0.0343,51.4803]}},{"type":"Feature","id":"lon_brownfield_1736112","properties":{"city_id":"london","event_id":"lon_brownfield_1736112","title":"Brownfield development site: Garages 1 To 18, Adjacent 1 Malmesbury Terrace, Canning Town, London (up to 15 homes)","year":2020,"effective_date":"2020-02-04","date_precision":"day","category":"built_environment","lens":"built_environment","confidence":"documented","source_ids":["lon-extra-planning-data-brownfield-land"],"explanation":"Planning/development evidence record: permissioned; brownfield land capacity marker for 15 net dwellings."},"geometry":{"type":"Point","coordinates":[0.01086,51.518035]}},{"type":"Feature","id":"lon_brownfield_1737126","properties":{"city_id":"london","event_id":"lon_brownfield_1737126","title":"Brownfield development site: 24 Wedderburn Road London NW3 5QG (up to 6 homes)","year":2020,"effective_date":"2020-12-17","date_precision":"day","category":"transport","lens":"traffic","confidence":"documented","source_ids":["lon-extra-planning-data-brownfield-land"],"explanation":"Planning/development evidence record: permissioned; brownfield land capacity marker for 6 net dwellings."},"geometry":{"type":"Point","coordinates":[-0.17406,51.551114]}},{"type":"Feature","id":"lon_brownfield_1737505","properties":{"city_id":"london","event_id":"lon_brownfield_1737505","title":"Brownfield development site: 8 Preshaw Crescent, Mitcham CR4 3GA (up to 9 homes)","year":2020,"effective_date":"2020-08-20","date_precision":"day","category":"built_environment","lens":"built_environment","confidence":"documented","source_ids":["lon-extra-planning-data-brownfield-land"],"explanation":"Planning/development evidence record: permissioned; brownfield land capacity marker for 9 net dwellings."},"geometry":{"type":"Point","coordinates":[-0.16931,51.40285]}},{"type":"Feature","id":"lon_brownfield_1737506","properties":{"city_id":"london","event_id":"lon_brownfield_1737506","title":"Brownfield development site: 258 Coombe Lane, Raynes Park SW20 0RW (up to 5 homes)","year":2020,"effective_date":"2020-03-09","date_precision":"day","category":"environment","lens":"green_space","confidence":"documented","source_ids":["lon-extra-planning-data-brownfield-land"],"explanation":"Planning/development evidence record: permissioned; brownfield land capacity marker for 5 net dwellings."},"geometry":{"type":"Point","coordinates":[-0.242899,51.41323]}},{"type":"Feature","id":"lon_brownfield_1737510","properties":{"city_id":"london","event_id":"lon_brownfield_1737510","title":"Brownfield development site: Land Rear Of 60 Manor Road, Mitcham CR4 1JB (up to 6 homes)","year":2020,"effective_date":"2020-11-19","date_precision":"day","category":"transport","lens":"traffic","confidence":"documented","source_ids":["lon-extra-planning-data-brownfield-land"],"explanation":"Planning/development evidence record: permissioned; brownfield land capacity marker for 6 net dwellings."},"geometry":{"type":"Point","coordinates":[-0.142033,51.400784]}},{"type":"Feature","id":"lon_brownfield_1737726","properties":{"city_id":"london","event_id":"lon_brownfield_1737726","title":"Brownfield development site: 11-15 Market Place (up to 10 homes)","year":2020,"effective_date":"2020-04-02","date_precision":"day","category":"built_environment","lens":"built_environment","confidence":"documented","source_ids":["lon-extra-planning-data-brownfield-land"],"explanation":"Planning/development evidence record: not-permissioned; brownfield land capacity marker for 10 net dwellings."},"geometry":{"type":"Point","coordinates":[0.148411,51.456382]}},{"type":"Feature","id":"lon_brownfield_1737727","properties":{"city_id":"london","event_id":"lon_brownfield_1737727","title":"Brownfield development site: 188 - 192 West Street (up to 9 homes)","year":2020,"effective_date":"2020-04-17","date_precision":"day","category":"environment","lens":"green_space","confidence":"documented","source_ids":["lon-extra-planning-data-brownfield-land"],"explanation":"Planning/development evidence record: not-permissioned; brownfield land capacity marker for 9 net dwellings."},"geometry":{"type":"Point","coordinates":[0.172244,51.486069]}},{"type":"Feature","id":"lon_brownfield_1737728","properties":{"city_id":"london","event_id":"lon_brownfield_1737728","title":"Brownfield development site: 7 Samuel House Powerscroft Road (up to 18 homes)","year":2020,"effective_date":"2020-06-09","date_precision":"day","category":"transport","lens":"traffic","confidence":"documented","source_ids":["lon-extra-planning-data-brownfield-land"],"explanation":"Planning/development evidence record: permissioned; brownfield land capacity marker for 18 net dwellings."},"geometry":{"type":"Point","coordinates":[0.117223,51.414245]}},{"type":"Feature","id":"lon_brownfield_1737729","properties":{"city_id":"london","event_id":"lon_brownfield_1737729","title":"Brownfield development site: 20 - 21 St James Way (up to 4 homes)","year":2020,"effective_date":"2020-06-23","date_precision":"day","category":"built_environment","lens":"built_environment","confidence":"documented","source_ids":["lon-extra-planning-data-brownfield-land"],"explanation":"Planning/development evidence record: permissioned; brownfield land capacity marker for 4 net dwellings."},"geometry":{"type":"Point","coordinates":[0.134529,51.423173]}},{"type":"Feature","id":"lon_brownfield_1737730","properties":{"city_id":"london","event_id":"lon_brownfield_1737730","title":"Brownfield development site: 144 Corbylands Road (up to 2 homes)","year":2020,"effective_date":"2020-07-06","date_precision":"day","category":"transport","lens":"traffic","confidence":"documented","source_ids":["lon-extra-planning-data-brownfield-land"],"explanation":"Planning/development evidence record: not-permissioned; brownfield land capacity marker for 2 net dwellings."},"geometry":{"type":"Point","coordinates":[0.092535,51.443108]}},{"type":"Feature","id":"lon_brownfield_1737731","properties":{"city_id":"london","event_id":"lon_brownfield_1737731","title":"Brownfield development site: Garages adjacent to 9 Wadeville Close (up to 6 homes)","year":2020,"effective_date":"2020-07-07","date_precision":"day","category":"built_environment","lens":"built_environment","confidence":"documented","source_ids":["lon-extra-planning-data-brownfield-land"],"explanation":"Planning/development evidence record: permissioned; brownfield land capacity marker for 6 net dwellings."},"geometry":{"type":"Point","coordinates":[0.150829,51.481217]}},{"type":"Feature","id":"lon_brownfield_1737732","properties":{"city_id":"london","event_id":"lon_brownfield_1737732","title":"Brownfield development site: 70 - 72 Bexley High Street (up to 6 homes)","year":2020,"effective_date":"2020-11-26","date_precision":"day","category":"environment","lens":"green_space","confidence":"documented","source_ids":["lon-extra-planning-data-brownfield-land"],"explanation":"Planning/development evidence record: permissioned; brownfield land capacity marker for 6 net dwellings."},"geometry":{"type":"Point","coordinates":[0.151717,51.441069]}},{"type":"Feature","id":"lon_brownfield_1737734","properties":{"city_id":"london","event_id":"lon_brownfield_1737734","title":"Brownfield development site: Garages to the rear of 20 - 28 Blenheim Drive (up to 6 homes)","year":2020,"effective_date":"2020-12-08","date_precision":"day","category":"built_environment","lens":"built_environment","confidence":"documented","source_ids":["lon-extra-planning-data-brownfield-land"],"explanation":"Planning/development evidence record: permissioned; brownfield land capacity marker for 6 net dwellings."},"geometry":{"type":"Point","coordinates":[0.098004,51.46937]}},{"type":"Feature","id":"lon_brownfield_1737735","properties":{"city_id":"london","event_id":"lon_brownfield_1737735","title":"Brownfield development site: 106 Bexley Road (up to 13 homes)","year":2020,"effective_date":"2020-12-08","date_precision":"day","category":"transport","lens":"traffic","confidence":"documented","source_ids":["lon-extra-planning-data-brownfield-land"],"explanation":"Planning/development evidence record: not-permissioned; brownfield land capacity marker for 13 net dwellings."},"geometry":{"type":"Point","coordinates":[0.167986,51.479355]}},{"type":"Feature","id":"lon_brownfield_1737736","properties":{"city_id":"london","event_id":"lon_brownfield_1737736","title":"Brownfield development site: Carrington Chislehurst Road (up to 11 homes)","year":2020,"effective_date":"2020-12-08","date_precision":"day","category":"transport","lens":"traffic","confidence":"documented","source_ids":["lon-extra-planning-data-brownfield-land"],"explanation":"Planning/development evidence record: permissioned; brownfield land capacity marker for 11 net dwellings."},"geometry":{"type":"Point","coordinates":[0.101724,51.422667]}},{"type":"Feature","id":"lon_brownfield_1737737","properties":{"city_id":"london","event_id":"lon_brownfield_1737737","title":"Brownfield development site: 47, 47A - C, 49 and 49A - C Northend Road (up to 9 homes)","year":2020,"effective_date":"2020-12-17","date_precision":"day","category":"transport","lens":"traffic","confidence":"documented","source_ids":["lon-extra-planning-data-brownfield-land"],"explanation":"Planning/development evidence record: permissioned; brownfield land capacity marker for 9 net dwellings."},"geometry":{"type":"Point","coordinates":[0.183093,51.471449]}},{"type":"Feature","id":"lon_brownfield_1737738","properties":{"city_id":"london","event_id":"lon_brownfield_1737738","title":"Brownfield development site: 69 Granville Road (up to 5 homes)","year":2020,"effective_date":"2020-12-23","date_precision":"day","category":"transport","lens":"traffic","confidence":"documented","source_ids":["lon-extra-planning-data-brownfield-land"],"explanation":"Planning/development evidence record: permissioned; brownfield land capacity marker for 5 net dwellings."},"geometry":{"type":"Point","coordinates":[0.108757,51.427237]}},{"type":"Feature","id":"lon_brownfield_1737864","properties":{"city_id":"london","event_id":"lon_brownfield_1737864","title":"Brownfield development site: Woodelm Court, 123 Devonshire Road (up to 5 homes)","year":2020,"effective_date":"2020-08-07","date_precision":"day","category":"transport","lens":"traffic","confidence":"documented","source_ids":["lon-extra-planning-data-brownfield-land"],"explanation":"Planning/development evidence record: permissioned; brownfield land capacity marker for 5 net dwellings."},"geometry":{"type":"Point","coordinates":[0.021736,51.42984]}},{"type":"Feature","id":"lon_brownfield_1737886","properties":{"city_id":"london","event_id":"lon_brownfield_1737886","title":"Brownfield development site: 11 Dunkery Road (up to 6 homes)","year":2020,"effective_date":"2020-01-27","date_precision":"day","category":"transport","lens":"traffic","confidence":"documented","source_ids":["lon-extra-planning-data-brownfield-land"],"explanation":"Planning/development evidence record: permissioned; brownfield land capacity marker for 6 net dwellings."},"geometry":{"type":"Point","coordinates":[-0.02031,51.4285]}},{"type":"Feature","id":"lon_brownfield_1737895","properties":{"city_id":"london","event_id":"lon_brownfield_1737895","title":"Brownfield development site: 253-255 Bromley Road (up to 14 homes)","year":2020,"effective_date":"2020-08-26","date_precision":"day","category":"transport","lens":"traffic","confidence":"documented","source_ids":["lon-extra-planning-data-brownfield-land"],"explanation":"Planning/development evidence record: permissioned; brownfield land capacity marker for 14 net dwellings."},"geometry":{"type":"Point","coordinates":[-0.0169,51.4328]}},{"type":"Feature","id":"lon_brownfield_1739842","properties":{"city_id":"london","event_id":"lon_brownfield_1739842","title":"Brownfield development site: Abbey Sports Centre, Axe Street, Barking, IG11 7LX (up to 170 homes)","year":2020,"effective_date":"2020-01-13","date_precision":"day","category":"environment","lens":"green_space","confidence":"documented","source_ids":["lon-extra-planning-data-brownfield-land"],"explanation":"Planning/development evidence record: permissioned; brownfield land capacity marker for 170 net dwellings."},"geometry":{"type":"Point","coordinates":[0.079023,51.534955]}},{"type":"Feature","id":"lon_brownfield_1739853","properties":{"city_id":"london","event_id":"lon_brownfield_1739853","title":"Brownfield development site: Woodward Road Garages, Dagenham (up to 56 homes)","year":2020,"effective_date":"2020-07-17","date_precision":"day","category":"transport","lens":"traffic","confidence":"documented","source_ids":["lon-extra-planning-data-brownfield-land"],"explanation":"Planning/development evidence record: permissioned; brownfield land capacity marker for 56 net dwellings."},"geometry":{"type":"Point","coordinates":[0.125436,51.539234]}},{"type":"Feature","id":"lon_brownfield_1739855","properties":{"city_id":"london","event_id":"lon_brownfield_1739855","title":"Brownfield development site: Abbey Retail Park (Former Sainsbury's Scheme), Abbey Road, Barking (up to 1089 homes)","year":2020,"effective_date":"2020-01-07","date_precision":"day","category":"transport","lens":"traffic","confidence":"documented","source_ids":["lon-extra-planning-data-brownfield-land"],"explanation":"Planning/development evidence record: permissioned; brownfield land capacity marker for 1089 net dwellings."},"geometry":{"type":"Point","coordinates":[0.072757,51.536657]}},{"type":"Feature","id":"lon_brownfield_1739856","properties":{"city_id":"london","event_id":"lon_brownfield_1739856","title":"Brownfield development site: Crown House (up to 396 homes)","year":2020,"effective_date":"2020-07-10","date_precision":"day","category":"built_environment","lens":"built_environment","confidence":"documented","source_ids":["lon-extra-planning-data-brownfield-land"],"explanation":"Planning/development evidence record: permissioned; brownfield land capacity marker for 396 net dwellings."},"geometry":{"type":"Point","coordinates":[0.079053,51.539094]}},{"type":"Feature","id":"lon_brownfield_1739886","properties":{"city_id":"london","event_id":"lon_brownfield_1739886","title":"Brownfield development site: 53-135 Roxwell Road (up to 46 homes)","year":2020,"effective_date":"2020-07-10","date_precision":"day","category":"transport","lens":"traffic","confidence":"documented","source_ids":["lon-extra-planning-data-brownfield-land"],"explanation":"Planning/development evidence record: permissioned; brownfield land capacity marker for 46 net dwellings."},"geometry":{"type":"Point","coordinates":[0.109383,51.529068]}},{"type":"Feature","id":"lon_brownfield_1741815","properties":{"city_id":"london","event_id":"lon_brownfield_1741815","title":"Brownfield development site: Grahame Park Estate Colindale London NW9 5XA (up to 2088 homes)","year":2020,"effective_date":"2020-07-31","date_precision":"day","category":"environment","lens":"green_space","confidence":"documented","source_ids":["lon-extra-planning-data-brownfield-land"],"explanation":"Planning/development evidence record: permissioned; brownfield land capacity marker for 2088 net dwellings."},"geometry":{"type":"Point","coordinates":[-0.246161,51.601637]}},{"type":"Feature","id":"lon_brownfield_1741825","properties":{"city_id":"london","event_id":"lon_brownfield_1741825","title":"Brownfield development site: National Institute For Medical Research The Ridgeway London NW7 1AA (up to 189 homes)","year":2020,"effective_date":"2020-11-23","date_precision":"day","category":"built_environment","lens":"built_environment","confidence":"documented","source_ids":["lon-extra-planning-data-brownfield-land"],"explanation":"Planning/development evidence record: permissioned; brownfield land capacity marker for 189 net dwellings."},"geometry":{"type":"Point","coordinates":[-0.21981,51.617823]}},{"type":"Feature","id":"lon_brownfield_1741828","properties":{"city_id":"london","event_id":"lon_brownfield_1741828","title":"Brownfield development site: 290 - 294 Golders Green Road London NW11 9PY (up to 111 homes)","year":2020,"effective_date":"2020-11-04","date_precision":"day","category":"transport","lens":"traffic","confidence":"documented","source_ids":["lon-extra-planning-data-brownfield-land"],"explanation":"Planning/development evidence record: permissioned; brownfield land capacity marker for 111 net dwellings."},"geometry":{"type":"Point","coordinates":[-0.20914,51.580261]}},{"type":"Feature","id":"lon_brownfield_1741829","properties":{"city_id":"london","event_id":"lon_brownfield_1741829","title":"Brownfield development site: Land Formerly Known As British Gas Works Albert Road Barnet EN4 (up to 104 homes)","year":2020,"effective_date":"2020-07-16","date_precision":"day","category":"transport","lens":"traffic","confidence":"documented","source_ids":["lon-extra-planning-data-brownfield-land"],"explanation":"Planning/development evidence record: permissioned; brownfield land capacity marker for 104 net dwellings."},"geometry":{"type":"Point","coordinates":[-0.172566,51.651105]}},{"type":"Feature","id":"lon_brownfield_1741832","properties":{"city_id":"london","event_id":"lon_brownfield_1741832","title":"Brownfield development site: Millbrook Park (Former Inglis Barracks) Mill Hill East NW7 (up to 82 homes)","year":2020,"effective_date":"2020-08-18","date_precision":"day","category":"environment","lens":"green_space","confidence":"documented","source_ids":["lon-extra-planning-data-brownfield-land"],"explanation":"Planning/development evidence record: permissioned; brownfield land capacity marker for 82 net dwellings."},"geometry":{"type":"Point","coordinates":[-0.207849,51.608307]}},{"type":"Feature","id":"lon_brownfield_1741841","properties":{"city_id":"london","event_id":"lon_brownfield_1741841","title":"Brownfield development site: 1-5 Princes Parade, Golders Green Road And 1 - 3 Heather Gardens London NW11 9HS (up to 27 homes)","year":2020,"effective_date":"2020-01-21","date_precision":"day","category":"transport","lens":"traffic","confidence":"documented","source_ids":["lon-extra-planning-data-brownfield-land"],"explanation":"Planning/development evidence record: permissioned; brownfield land capacity marker for 27 net dwellings."},"geometry":{"type":"Point","coordinates":[-0.209547,51.579476]}},{"type":"Feature","id":"lon_brownfield_1741852","properties":{"city_id":"london","event_id":"lon_brownfield_1741852","title":"Brownfield development site: Hillside House 2 - 6 Friern Park London N12 9BT (up to 18 homes)","year":2020,"effective_date":"2020-05-20","date_precision":"day","category":"environment","lens":"green_space","confidence":"documented","source_ids":["lon-extra-planning-data-brownfield-land"],"explanation":"Planning/development evidence record: permissioned; brownfield land capacity marker for 18 net dwellings."},"geometry":{"type":"Point","coordinates":[-0.175773,51.61551]}},{"type":"Feature","id":"lon_brownfield_1741858","properties":{"city_id":"london","event_id":"lon_brownfield_1741858","title":"Brownfield development site: Yamor House 285 Golders Green Road London NW11 9JE (up to 15 homes)","year":2020,"effective_date":"2020-06-17","date_precision":"day","category":"transport","lens":"traffic","confidence":"documented","source_ids":["lon-extra-planning-data-brownfield-land"],"explanation":"Planning/development evidence record: permissioned; brownfield land capacity marker for 15 net dwellings."},"geometry":{"type":"Point","coordinates":[-0.21161,51.580578]}},{"type":"Feature","id":"lon_brownfield_1741869","properties":{"city_id":"london","event_id":"lon_brownfield_1741869","title":"Brownfield development site: Ground And First Floor Unit 3 Colindale Business Centre 126 Colindale Avenue London NW9 5HD (up to 10 homes)","year":2020,"effective_date":"2020-12-23","date_precision":"day","category":"transport","lens":"traffic","confidence":"documented","source_ids":["lon-extra-planning-data-brownfield-land"],"explanation":"Planning/development evidence record: permissioned; brownfield land capacity marker for 10 net dwellings."},"geometry":{"type":"Point","coordinates":[-0.251421,51.594018]}},{"type":"Feature","id":"london-milestone-2020-covid-19-lockdown-and-emergency-streetspace-measures-27","properties":{"city_id":"london","event_id":"london-milestone-2020-covid-19-lockdown-and-emergency-streetspace-measures-27","title":"COVID-19 lockdown and emergency Streetspace measures","year":2020,"effective_date":"2020-03","date_precision":"month","category":"transport","lens":"traffic","confidence":"documented","source_ids":["tfl-cycling-data","dft-road-traffic-counts","gla-economics-datastore"],"explanation":"Major transport demand shock, temporary cycle lanes, public realm and economy impact."},"geometry":{"type":"Point","coordinates":[-0.010916,51.58564]}}]}
