{"type":"FeatureCollection","name":"london_transport_roads_1994","metadata":{"schema_version":"1.0.0","city_id":"london","year":1994,"road_source":"data/raw/overpass/london_major_roads_osm_2026.geojson","city_scope_filter":{"boundary_source_path":"data/raw/boundaries/london_ons_region_boundary_2024.geojson","boundary_source_name":"Regions (December 2024) Boundaries EN BGC","boundary_source_url":"https://ckan.publishing.service.gov.uk/dataset/regions-december-2024-boundaries-en-bgc","boundary_licence":"Open Government Licence v3.0; contains Ordnance Survey and ONS intellectual property rights.","boundary_scope":"Greater London region E12000007, December 2024, generalised 20m and clipped to coastline.","method":"Retains current OSM major-road features only where they intersect the official city boundary polygon, then splits or truncates line geometry at the boundary using source vertices and approximate crossing points. The boundary scopes the visual context; OSM remains the road-geometry source.","input_feature_count":61678,"kept_feature_count":51766,"dropped_out_of_scope_feature_count":9912,"boundary_scoped_feature_count":51766,"boundary_feature_count":1,"boundary_polygon_count":12,"road_source_path":"data/raw/overpass/london_major_roads_osm_2026.geojson"},"method":"Road features inside the official city boundary are colored from nearby source-backed transport records in a rolling three-year window.","caveat":"Transport road colors are activity hotspots, not measured traffic counts or live congestion.","suppressed":false,"suppression_reason":null},"features":[{"type":"Feature","properties":{"id":"lens-traffic-road-london-way/690226256","layer":"traffic_road","category":"transport","year":1994,"visible_year":2024,"rank":2,"name":"Ilderton Road","source_id":"way/690226256","source_url":"https://www.openstreetmap.org/way/690226256","license":"ODbL","city_scope_status":"inside_official_city_boundary","transport_raw":1.564,"transport_count":2,"transport_activity":1,"representation":"official-boundary-scoped major-road transport-event activity","timing_note":"Road color is a three-year transport-event activity surface on current OSM major road geometry retained inside the official city boundary, not measured traffic volume or congestion."},"geometry":{"type":"LineString","coordinates":[[-0.0580492,51.4880184],[-0.0580056,51.4879993],[-0.0579524,51.4879761],[-0.0578842,51.4879528],[-0.0578317,51.4879363],[-0.0577776,51.4879221],[-0.0577186,51.4879111],[-0.057664,51.4879039],[-0.0575856,51.4878954],[-0.0575139,51.4878911],[-0.0574402,51.4878894],[-0.0573684,51.4878914],[-0.0572586,51.4878989],[-0.0571451,51.4879068],[-0.0570734,51.4879121],[-0.0569904,51.4879196],[-0.0568496,51.4879352],[-0.0566788,51.4879537],[-0.0565604,51.4879645],[-0.0564862,51.4879699],[-0.0563687,51.4879768],[-0.0562603,51.4879792],[-0.0561543,51.48798],[-0.0560632,51.4879775],[-0.0559701,51.4879715],[-0.0558919,51.4879625],[-0.0558198,51.4879497],[-0.0557626,51.4879377],[-0.0556899,51.4879195],[-0.0556029,51.4878937],[-0.0555299,51.4878679],[-0.0554655,51.4878424],[-0.0554043,51.4878163],[-0.0553544,51.4877916],[-0.0553141,51.4877679],[-0.0552659,51.4877348],[-0.0552129,51.4876919],[-0.0551605,51.4876485],[-0.0551069,51.4875972],[-0.0550385,51.4875249],[-0.0550024,51.4874762],[-0.0549691,51.487424],[-0.0546971,51.4869247],[-0.054361,51.4863116],[-0.0541627,51.4859508],[-0.054134,51.4858951],[-0.054119,51.4858657],[-0.0540721,51.4857723]]}},{"type":"Feature","properties":{"id":"lens-traffic-road-london-way/521955904","layer":"traffic_road","category":"transport","year":1994,"visible_year":2021,"rank":2,"name":"Ilderton Road","source_id":"way/521955904","source_url":"https://www.openstreetmap.org/way/521955904","license":"ODbL","city_scope_status":"inside_official_city_boundary","transport_raw":1.412,"transport_count":2,"transport_activity":0.902,"representation":"official-boundary-scoped major-road transport-event activity","timing_note":"Road color is a three-year transport-event activity surface on current OSM major road geometry retained inside the official city boundary, not measured traffic volume or congestion."},"geometry":{"type":"LineString","coordinates":[[-0.0540721,51.4857723],[-0.054027,51.4856726]]}},{"type":"Feature","properties":{"id":"lens-traffic-road-london-way/52333580","layer":"traffic_road","category":"transport","year":1994,"visible_year":2025,"rank":4,"name":"Rotherhithe New Road","source_id":"way/52333580","source_url":"https://www.openstreetmap.org/way/52333580","license":"ODbL","city_scope_status":"inside_official_city_boundary","transport_raw":1.38,"transport_count":2,"transport_activity":0.882,"representation":"official-boundary-scoped major-road transport-event activity","timing_note":"Road color is a three-year transport-event activity surface on current OSM major road geometry retained inside the official city boundary, not measured traffic volume or congestion."},"geometry":{"type":"LineString","coordinates":[[-0.0554405,51.490051],[-0.0554565,51.4900404],[-0.0555901,51.4899576],[-0.0557814,51.4898577],[-0.0559993,51.4897448],[-0.0563247,51.4895718],[-0.0566565,51.4893943],[-0.0567909,51.4893174],[-0.0569833,51.4891968],[-0.0573741,51.4889287],[-0.0574585,51.4888698],[-0.0575456,51.488807],[-0.0576312,51.4887313]]}},{"type":"Feature","properties":{"id":"lens-traffic-road-london-way/370849865","layer":"traffic_road","category":"transport","year":1994,"visible_year":2026,"rank":4,"name":"Rotherhithe New Road","source_id":"way/370849865","source_url":"https://www.openstreetmap.org/way/370849865","license":"ODbL","city_scope_status":"inside_official_city_boundary","transport_raw":1.358,"transport_count":2,"transport_activity":0.868,"representation":"official-boundary-scoped major-road transport-event activity","timing_note":"Road color is a three-year transport-event activity surface on current OSM major road geometry retained inside the official city boundary, not measured traffic volume or congestion."},"geometry":{"type":"LineString","coordinates":[[-0.0550238,51.4903199],[-0.055185,51.4902378],[-0.055341,51.4901236],[-0.0554405,51.490051]]}},{"type":"Feature","properties":{"id":"lens-traffic-road-london-way/1256012521","layer":"traffic_road","category":"transport","year":1994,"visible_year":2026,"rank":4,"name":"Rotherhithe New Road","source_id":"way/1256012521","source_url":"https://www.openstreetmap.org/way/1256012521","license":"ODbL","city_scope_status":"inside_official_city_boundary","transport_raw":1.336,"transport_count":2,"transport_activity":0.854,"representation":"official-boundary-scoped major-road transport-event activity","timing_note":"Road color is a three-year transport-event activity surface on current OSM major road geometry retained inside the official city boundary, not measured traffic volume or congestion."},"geometry":{"type":"LineString","coordinates":[[-0.0548463,51.490398],[-0.0550238,51.4903199]]}},{"type":"Feature","properties":{"id":"lens-traffic-road-london-way/1256012529","layer":"traffic_road","category":"transport","year":1994,"visible_year":2025,"rank":4,"name":"Raymouth Road","source_id":"way/1256012529","source_url":"https://www.openstreetmap.org/way/1256012529","license":"ODbL","city_scope_status":"inside_official_city_boundary","transport_raw":1.304,"transport_count":2,"transport_activity":0.833,"representation":"official-boundary-scoped major-road transport-event activity","timing_note":"Road color is a three-year transport-event activity surface on current OSM major road geometry retained inside the official city boundary, not measured traffic volume or congestion."},"geometry":{"type":"LineString","coordinates":[[-0.0548463,51.490398],[-0.0548837,51.4904338],[-0.0549717,51.4904729],[-0.0550678,51.490513],[-0.0551986,51.4905689]]}},{"type":"Feature","properties":{"id":"lens-traffic-road-london-way/7997692","layer":"traffic_road","category":"transport","year":1994,"visible_year":2025,"rank":4,"name":"Rotherhithe New Road","source_id":"way/7997692","source_url":"https://www.openstreetmap.org/way/7997692","license":"ODbL","city_scope_status":"inside_official_city_boundary","transport_raw":1.295,"transport_count":2,"transport_activity":0.828,"representation":"official-boundary-scoped major-road transport-event activity","timing_note":"Road color is a three-year transport-event activity surface on current OSM major road geometry retained inside the official city boundary, not measured traffic volume or congestion."},"geometry":{"type":"LineString","coordinates":[[-0.0576312,51.4887313],[-0.0577047,51.4886479],[-0.0577961,51.4885255],[-0.0578272,51.4884733]]}},{"type":"Feature","properties":{"id":"lens-traffic-road-london-way/52333567","layer":"traffic_road","category":"transport","year":1994,"visible_year":2025,"rank":4,"name":"Rotherhithe New Road","source_id":"way/52333567","source_url":"https://www.openstreetmap.org/way/52333567","license":"ODbL","city_scope_status":"inside_official_city_boundary","transport_raw":1.283,"transport_count":2,"transport_activity":0.82,"representation":"official-boundary-scoped major-road transport-event activity","timing_note":"Road color is a three-year transport-event activity surface on current OSM major road geometry retained inside the official city boundary, not measured traffic volume or congestion."},"geometry":{"type":"LineString","coordinates":[[-0.0528959,51.4909628],[-0.0531359,51.4908987],[-0.0534853,51.4908148],[-0.0535859,51.4907948],[-0.0536491,51.4907823],[-0.0537066,51.490769],[-0.0540004,51.4907012],[-0.05415,51.4906638],[-0.0542528,51.4906285],[-0.0543905,51.4905794],[-0.0545527,51.4905179],[-0.0548463,51.490398]]}},{"type":"Feature","properties":{"id":"lens-traffic-road-london-way/54978915","layer":"traffic_road","category":"transport","year":1994,"visible_year":2025,"rank":4,"name":"Rotherhithe New Road","source_id":"way/54978915","source_url":"https://www.openstreetmap.org/way/54978915","license":"ODbL","city_scope_status":"inside_official_city_boundary","transport_raw":1.277,"transport_count":2,"transport_activity":0.816,"representation":"official-boundary-scoped major-road transport-event activity","timing_note":"Road color is a three-year transport-event activity surface on current OSM major road geometry retained inside the official city boundary, not measured traffic volume or congestion."},"geometry":{"type":"LineString","coordinates":[[-0.0578272,51.4884733],[-0.0578785,51.488392],[-0.0579081,51.4883499],[-0.0579418,51.4883083],[-0.057963,51.4882818],[-0.0579889,51.4882568],[-0.0580149,51.4882318]]}},{"type":"Feature","properties":{"id":"lens-traffic-road-london-way/770022998","layer":"traffic_road","category":"transport","year":1994,"visible_year":2021,"rank":2,"name":"Ilderton Road","source_id":"way/770022998","source_url":"https://www.openstreetmap.org/way/770022998","license":"ODbL","city_scope_status":"inside_official_city_boundary","transport_raw":1.275,"transport_count":2,"transport_activity":0.815,"representation":"official-boundary-scoped major-road transport-event activity","timing_note":"Road color is a three-year transport-event activity surface on current OSM major road geometry retained inside the official city boundary, not measured traffic volume or congestion."},"geometry":{"type":"LineString","coordinates":[[-0.054027,51.4856726],[-0.0540051,51.4856214],[-0.0539892,51.4855826],[-0.0537523,51.4850077],[-0.0536854,51.4848329],[-0.0536714,51.4847887],[-0.0536608,51.4847517]]}},{"type":"Feature","properties":{"id":"lens-traffic-road-london-way/931496628","layer":"traffic_road","category":"transport","year":1994,"visible_year":2025,"rank":4,"name":"Rotherhithe New Road","source_id":"way/931496628","source_url":"https://www.openstreetmap.org/way/931496628","license":"ODbL","city_scope_status":"inside_official_city_boundary","transport_raw":1.254,"transport_count":2,"transport_activity":0.802,"representation":"official-boundary-scoped major-road transport-event activity","timing_note":"Road color is a three-year transport-event activity surface on current OSM major road geometry retained inside the official city boundary, not measured traffic volume or congestion."},"geometry":{"type":"LineString","coordinates":[[-0.0580149,51.4882318],[-0.0580424,51.4882079],[-0.058072,51.488184],[-0.0580939,51.4881681],[-0.0581186,51.4881528],[-0.0581552,51.4881336],[-0.0581945,51.488117]]}},{"type":"Feature","properties":{"id":"lens-traffic-road-london-way/7997709","layer":"traffic_road","category":"transport","year":1994,"visible_year":2024,"rank":2,"name":"Ilderton Road","source_id":"way/7997709","source_url":"https://www.openstreetmap.org/way/7997709","license":"ODbL","city_scope_status":"inside_official_city_boundary","transport_raw":1.251,"transport_count":2,"transport_activity":0.8,"representation":"official-boundary-scoped major-road transport-event activity","timing_note":"Road color is a three-year transport-event activity surface on current OSM major road geometry retained inside the official city boundary, not measured traffic volume or congestion."},"geometry":{"type":"LineString","coordinates":[[-0.0581945,51.488117],[-0.0581683,51.4880939],[-0.058127,51.4880629],[-0.0580989,51.4880458],[-0.0580492,51.4880184]]}},{"type":"Feature","properties":{"id":"lens-traffic-road-london-way/7997701","layer":"traffic_road","category":"transport","year":1994,"visible_year":2025,"rank":4,"name":"Rotherhithe New Road","source_id":"way/7997701","source_url":"https://www.openstreetmap.org/way/7997701","license":"ODbL","city_scope_status":"inside_official_city_boundary","transport_raw":1.206,"transport_count":2,"transport_activity":0.771,"representation":"official-boundary-scoped major-road transport-event activity","timing_note":"Road color is a three-year transport-event activity surface on current OSM major road geometry retained inside the official city boundary, not measured traffic volume or congestion."},"geometry":{"type":"LineString","coordinates":[[-0.0581945,51.488117],[-0.0582608,51.4880946],[-0.0583446,51.4880705],[-0.0584821,51.4880346],[-0.0585361,51.4880206],[-0.0586082,51.4879999]]}},{"type":"Feature","properties":{"id":"lens-traffic-road-london-way/1148975002","layer":"traffic_road","category":"transport","year":1994,"visible_year":2025,"rank":4,"name":"Rotherhithe New Road","source_id":"way/1148975002","source_url":"https://www.openstreetmap.org/way/1148975002","license":"ODbL","city_scope_status":"inside_official_city_boundary","transport_raw":1.196,"transport_count":2,"transport_activity":0.764,"representation":"official-boundary-scoped major-road transport-event activity","timing_note":"Road color is a three-year transport-event activity surface on current OSM major road geometry retained inside the official city boundary, not measured traffic volume or congestion."},"geometry":{"type":"LineString","coordinates":[[-0.0524841,51.4910505],[-0.0528959,51.4909628]]}},{"type":"Feature","properties":{"id":"lens-traffic-road-london-way/1148975003","layer":"traffic_road","category":"transport","year":1994,"visible_year":2025,"rank":4,"name":"Rotherhithe New Road","source_id":"way/1148975003","source_url":"https://www.openstreetmap.org/way/1148975003","license":"ODbL","city_scope_status":"inside_official_city_boundary","transport_raw":1.175,"transport_count":2,"transport_activity":0.751,"representation":"official-boundary-scoped major-road transport-event activity","timing_note":"Road color is a three-year transport-event activity surface on current OSM major road geometry retained inside the official city boundary, not measured traffic volume or congestion."},"geometry":{"type":"LineString","coordinates":[[-0.0524145,51.4910615],[-0.0524841,51.4910505]]}},{"type":"Feature","properties":{"id":"lens-traffic-road-london-way/11674126","layer":"traffic_road","category":"transport","year":1994,"visible_year":2023,"rank":4,"name":"Rotherhithe New Road","source_id":"way/11674126","source_url":"https://www.openstreetmap.org/way/11674126","license":"ODbL","city_scope_status":"inside_official_city_boundary","transport_raw":1.159,"transport_count":2,"transport_activity":0.741,"representation":"official-boundary-scoped major-road transport-event activity","timing_note":"Road color is a three-year transport-event activity surface on current OSM major road geometry retained inside the official city boundary, not measured traffic volume or congestion."},"geometry":{"type":"LineString","coordinates":[[-0.0518195,51.4910902],[-0.0519097,51.4910739],[-0.0521332,51.4910582],[-0.052283,51.4910537],[-0.0524145,51.4910615]]}},{"type":"Feature","properties":{"id":"lens-traffic-road-london-way/7997698","layer":"traffic_road","category":"transport","year":1994,"visible_year":2023,"rank":4,"name":"Rotherhithe New Road","source_id":"way/7997698","source_url":"https://www.openstreetmap.org/way/7997698","license":"ODbL","city_scope_status":"inside_official_city_boundary","transport_raw":1.145,"transport_count":2,"transport_activity":0.732,"representation":"official-boundary-scoped major-road transport-event activity","timing_note":"Road color is a three-year transport-event activity surface on current OSM major road geometry retained inside the official city boundary, not measured traffic volume or congestion."},"geometry":{"type":"LineString","coordinates":[[-0.0524145,51.4910615],[-0.052307,51.4911026],[-0.0521553,51.4911382],[-0.0520244,51.4911724],[-0.051967,51.4911944]]}},{"type":"Feature","properties":{"id":"lens-traffic-road-london-way/61692029","layer":"traffic_road","category":"transport","year":1994,"visible_year":2025,"rank":4,"name":"mapped road segment","source_id":"way/61692029","source_url":"https://www.openstreetmap.org/way/61692029","license":"ODbL","city_scope_status":"inside_official_city_boundary","transport_raw":1.133,"transport_count":2,"transport_activity":0.724,"representation":"official-boundary-scoped major-road transport-event activity","timing_note":"Road color is a three-year transport-event activity surface on current OSM major road geometry retained inside the official city boundary, not measured traffic volume or congestion."},"geometry":{"type":"LineString","coordinates":[[-0.0518195,51.4910902],[-0.051879,51.491104],[-0.0519098,51.4911189],[-0.0519423,51.4911512],[-0.051967,51.4911944]]}},{"type":"Feature","properties":{"id":"lens-traffic-road-london-way/4488826","layer":"traffic_road","category":"transport","year":1994,"visible_year":2023,"rank":4,"name":"mapped road segment","source_id":"way/4488826","source_url":"https://www.openstreetmap.org/way/4488826","license":"ODbL","city_scope_status":"inside_official_city_boundary","transport_raw":1.129,"transport_count":2,"transport_activity":0.721,"representation":"official-boundary-scoped major-road transport-event activity","timing_note":"Road color is a three-year transport-event activity surface on current OSM major road geometry retained inside the official city boundary, not measured traffic volume or congestion."},"geometry":{"type":"LineString","coordinates":[[-0.0514589,51.4910952],[-0.0515375,51.491087],[-0.0516113,51.4910862],[-0.0517164,51.4910871],[-0.0518195,51.4910902]]}},{"type":"Feature","properties":{"id":"lens-traffic-road-london-way/4930222","layer":"traffic_road","category":"transport","year":1994,"visible_year":2024,"rank":2,"name":"Surrey Canal Road","source_id":"way/4930222","source_url":"https://www.openstreetmap.org/way/4930222","license":"ODbL","city_scope_status":"inside_official_city_boundary","transport_raw":1.123,"transport_count":2,"transport_activity":0.718,"representation":"official-boundary-scoped major-road transport-event activity","timing_note":"Road color is a three-year transport-event activity surface on current OSM major road geometry retained inside the official city boundary, not measured traffic volume or congestion."},"geometry":{"type":"LineString","coordinates":[[-0.0536567,51.4846111],[-0.053432,51.4845971],[-0.0533824,51.4845937],[-0.0533177,51.4845893],[-0.0529831,51.4845635]]}},{"type":"Feature","properties":{"id":"lens-traffic-road-london-way/4488831","layer":"traffic_road","category":"transport","year":1994,"visible_year":2023,"rank":4,"name":"Rotherhithe New Road","source_id":"way/4488831","source_url":"https://www.openstreetmap.org/way/4488831","license":"ODbL","city_scope_status":"inside_official_city_boundary","transport_raw":1.113,"transport_count":2,"transport_activity":0.712,"representation":"official-boundary-scoped major-road transport-event activity","timing_note":"Road color is a three-year transport-event activity surface on current OSM major road geometry retained inside the official city boundary, not measured traffic volume or congestion."},"geometry":{"type":"LineString","coordinates":[[-0.0511859,51.4910672],[-0.0512501,51.4910551],[-0.0512855,51.4910593],[-0.0513451,51.491066],[-0.0514589,51.4910952]]}},{"type":"Feature","properties":{"id":"lens-traffic-road-london-way/379034649","layer":"traffic_road","category":"transport","year":1994,"visible_year":2020,"rank":2,"name":"Surrey Canal Road","source_id":"way/379034649","source_url":"https://www.openstreetmap.org/way/379034649","license":"ODbL","city_scope_status":"inside_official_city_boundary","transport_raw":1.108,"transport_count":2,"transport_activity":0.708,"representation":"official-boundary-scoped major-road transport-event activity","timing_note":"Road color is a three-year transport-event activity surface on current OSM major road geometry retained inside the official city boundary, not measured traffic volume or congestion."},"geometry":{"type":"LineString","coordinates":[[-0.0529831,51.4845635],[-0.0527899,51.4845513]]}},{"type":"Feature","properties":{"id":"lens-traffic-road-london-way/1232195291","layer":"traffic_road","category":"transport","year":1994,"visible_year":2025,"rank":4,"name":"mapped road segment","source_id":"way/1232195291","source_url":"https://www.openstreetmap.org/way/1232195291","license":"ODbL","city_scope_status":"inside_official_city_boundary","transport_raw":1.105,"transport_count":2,"transport_activity":0.707,"representation":"official-boundary-scoped major-road transport-event activity","timing_note":"Road color is a three-year transport-event activity surface on current OSM major road geometry retained inside the official city boundary, not measured traffic volume or congestion."},"geometry":{"type":"LineString","coordinates":[[-0.051967,51.4911944],[-0.051961,51.4912308],[-0.0519523,51.4912558],[-0.0519337,51.491276],[-0.0519022,51.4913004]]}},{"type":"Feature","properties":{"id":"lens-traffic-road-london-way/244246259","layer":"traffic_road","category":"transport","year":1994,"visible_year":2025,"rank":4,"name":"mapped road segment","source_id":"way/244246259","source_url":"https://www.openstreetmap.org/way/244246259","license":"ODbL","city_scope_status":"inside_official_city_boundary","transport_raw":1.105,"transport_count":2,"transport_activity":0.706,"representation":"official-boundary-scoped major-road transport-event activity","timing_note":"Road color is a three-year transport-event activity surface on current OSM major road geometry retained inside the official city boundary, not measured traffic volume or congestion."},"geometry":{"type":"LineString","coordinates":[[-0.0513577,51.4911635],[-0.0513703,51.4911463],[-0.051388,51.4911313],[-0.0514191,51.4911102],[-0.0514589,51.4910952]]}},{"type":"Feature","properties":{"id":"lens-traffic-road-london-way/238707637","layer":"traffic_road","category":"transport","year":1994,"visible_year":2023,"rank":4,"name":"Rotherhithe New Road","source_id":"way/238707637","source_url":"https://www.openstreetmap.org/way/238707637","license":"ODbL","city_scope_status":"inside_official_city_boundary","transport_raw":1.099,"transport_count":2,"transport_activity":0.703,"representation":"official-boundary-scoped major-road transport-event activity","timing_note":"Road color is a three-year transport-event activity surface on current OSM major road geometry retained inside the official city boundary, not measured traffic volume or congestion."},"geometry":{"type":"LineString","coordinates":[[-0.0513577,51.4911635],[-0.0513078,51.4911347],[-0.0512848,51.491123],[-0.0512179,51.4910974],[-0.0511859,51.4910672]]}},{"type":"Feature","properties":{"id":"lens-traffic-road-london-way/1232195286","layer":"traffic_road","category":"transport","year":1994,"visible_year":2023,"rank":4,"name":"Rotherhithe New Road","source_id":"way/1232195286","source_url":"https://www.openstreetmap.org/way/1232195286","license":"ODbL","city_scope_status":"inside_official_city_boundary","transport_raw":1.096,"transport_count":2,"transport_activity":0.7,"representation":"official-boundary-scoped major-road transport-event activity","timing_note":"Road color is a three-year transport-event activity surface on current OSM major road geometry retained inside the official city boundary, not measured traffic volume or congestion."},"geometry":{"type":"LineString","coordinates":[[-0.0511859,51.4910672],[-0.0510943,51.4910606],[-0.0508069,51.4910552]]}},{"type":"Feature","properties":{"id":"lens-traffic-road-london-way/61692034","layer":"traffic_road","category":"transport","year":1994,"visible_year":2023,"rank":4,"name":"mapped road segment","source_id":"way/61692034","source_url":"https://www.openstreetmap.org/way/61692034","license":"ODbL","city_scope_status":"inside_official_city_boundary","transport_raw":1.085,"transport_count":2,"transport_activity":0.694,"representation":"official-boundary-scoped major-road transport-event activity","timing_note":"Road color is a three-year transport-event activity surface on current OSM major road geometry retained inside the official city boundary, not measured traffic volume or congestion."},"geometry":{"type":"LineString","coordinates":[[-0.0513466,51.4912355],[-0.0513423,51.4912114],[-0.0513456,51.4911878],[-0.0513577,51.4911635]]}},{"type":"Feature","properties":{"id":"lens-traffic-road-london-way/61692033","layer":"traffic_road","category":"transport","year":1994,"visible_year":2023,"rank":4,"name":"mapped road segment","source_id":"way/61692033","source_url":"https://www.openstreetmap.org/way/61692033","license":"ODbL","city_scope_status":"inside_official_city_boundary","transport_raw":1.077,"transport_count":2,"transport_activity":0.689,"representation":"official-boundary-scoped major-road transport-event activity","timing_note":"Road color is a three-year transport-event activity surface on current OSM major road geometry retained inside the official city boundary, not measured traffic volume or congestion."},"geometry":{"type":"LineString","coordinates":[[-0.0519022,51.4913004],[-0.0518751,51.4913156],[-0.0518426,51.491327],[-0.0517942,51.4913329],[-0.051721,51.4913382],[-0.0516513,51.4913386],[-0.0515093,51.4913364]]}},{"type":"Feature","properties":{"id":"lens-traffic-road-london-way/1232195290","layer":"traffic_road","category":"transport","year":1994,"visible_year":2025,"rank":4,"name":"mapped road segment","source_id":"way/1232195290","source_url":"https://www.openstreetmap.org/way/1232195290","license":"ODbL","city_scope_status":"inside_official_city_boundary","transport_raw":1.067,"transport_count":2,"transport_activity":0.682,"representation":"official-boundary-scoped major-road transport-event activity","timing_note":"Road color is a three-year transport-event activity surface on current OSM major road geometry retained inside the official city boundary, not measured traffic volume or congestion."},"geometry":{"type":"LineString","coordinates":[[-0.0515093,51.4913364],[-0.0514664,51.4913228],[-0.0514288,51.49131],[-0.0513906,51.4912866],[-0.0513604,51.4912582],[-0.0513466,51.4912355]]}},{"type":"Feature","properties":{"id":"lens-traffic-road-london-way/4488827","layer":"traffic_road","category":"transport","year":1994,"visible_year":2023,"rank":4,"name":"Hawkstone Road","source_id":"way/4488827","source_url":"https://www.openstreetmap.org/way/4488827","license":"ODbL","city_scope_status":"inside_official_city_boundary","transport_raw":1.058,"transport_count":2,"transport_activity":0.676,"representation":"official-boundary-scoped major-road transport-event activity","timing_note":"Road color is a three-year transport-event activity surface on current OSM major road geometry retained inside the official city boundary, not measured traffic volume or congestion."},"geometry":{"type":"LineString","coordinates":[[-0.0511877,51.4913611],[-0.0512353,51.4913309],[-0.051304,51.491276],[-0.0513227,51.4912605],[-0.0513466,51.4912355]]}},{"type":"Feature","properties":{"id":"lens-traffic-road-london-way/1232195287","layer":"traffic_road","category":"transport","year":1994,"visible_year":2026,"rank":4,"name":"Rotherhithe New Road","source_id":"way/1232195287","source_url":"https://www.openstreetmap.org/way/1232195287","license":"ODbL","city_scope_status":"inside_official_city_boundary","transport_raw":1.054,"transport_count":2,"transport_activity":0.674,"representation":"official-boundary-scoped major-road transport-event activity","timing_note":"Road color is a three-year transport-event activity surface on current OSM major road geometry retained inside the official city boundary, not measured traffic volume or congestion."},"geometry":{"type":"LineString","coordinates":[[-0.0508069,51.4910552],[-0.0507664,51.4910552],[-0.0505713,51.4910511],[-0.0501746,51.4910473],[-0.0501109,51.4910463]]}},{"type":"Feature","properties":{"id":"lens-traffic-road-london-way/11674097","layer":"traffic_road","category":"transport","year":1994,"visible_year":2025,"rank":4,"name":"Hawkstone Road","source_id":"way/11674097","source_url":"https://www.openstreetmap.org/way/11674097","license":"ODbL","city_scope_status":"inside_official_city_boundary","transport_raw":1.042,"transport_count":2,"transport_activity":0.666,"representation":"official-boundary-scoped major-road transport-event activity","timing_note":"Road color is a three-year transport-event activity surface on current OSM major road geometry retained inside the official city boundary, not measured traffic volume or congestion."},"geometry":{"type":"LineString","coordinates":[[-0.0515093,51.4913364],[-0.0513917,51.4913553],[-0.0513356,51.4913655],[-0.0512892,51.4913798],[-0.0512526,51.4914001],[-0.051225,51.4914149]]}},{"type":"Feature","properties":{"id":"lens-traffic-road-london-way/379034648","layer":"traffic_road","category":"transport","year":1994,"visible_year":2025,"rank":2,"name":"Surrey Canal Road","source_id":"way/379034648","source_url":"https://www.openstreetmap.org/way/379034648","license":"ODbL","city_scope_status":"inside_official_city_boundary","transport_raw":1.04,"transport_count":2,"transport_activity":0.665,"representation":"official-boundary-scoped major-road transport-event activity","timing_note":"Road color is a three-year transport-event activity surface on current OSM major road geometry retained inside the official city boundary, not measured traffic volume or congestion."},"geometry":{"type":"LineString","coordinates":[[-0.0527899,51.4845513],[-0.0518322,51.4844897],[-0.0500715,51.4844185]]}},{"type":"Feature","properties":{"id":"lens-traffic-road-london-way/1164590163","layer":"traffic_road","category":"transport","year":1994,"visible_year":2025,"rank":4,"name":"Hawkstone Road","source_id":"way/1164590163","source_url":"https://www.openstreetmap.org/way/1164590163","license":"ODbL","city_scope_status":"inside_official_city_boundary","transport_raw":1.034,"transport_count":2,"transport_activity":0.661,"representation":"official-boundary-scoped major-road transport-event activity","timing_note":"Road color is a three-year transport-event activity surface on current OSM major road geometry retained inside the official city boundary, not measured traffic volume or congestion."},"geometry":{"type":"LineString","coordinates":[[-0.0511685,51.4913727],[-0.0511877,51.4913611]]}},{"type":"Feature","properties":{"id":"lens-traffic-road-london-way/1164590166","layer":"traffic_road","category":"transport","year":1994,"visible_year":2023,"rank":4,"name":"Hawkstone Road","source_id":"way/1164590166","source_url":"https://www.openstreetmap.org/way/1164590166","license":"ODbL","city_scope_status":"inside_official_city_boundary","transport_raw":1.031,"transport_count":2,"transport_activity":0.659,"representation":"official-boundary-scoped major-road transport-event activity","timing_note":"Road color is a three-year transport-event activity surface on current OSM major road geometry retained inside the official city boundary, not measured traffic volume or congestion."},"geometry":{"type":"LineString","coordinates":[[-0.0511565,51.4913803],[-0.0511685,51.4913727]]}},{"type":"Feature","properties":{"id":"lens-traffic-road-london-way/1164590162","layer":"traffic_road","category":"transport","year":1994,"visible_year":2023,"rank":4,"name":"Hawkstone Road","source_id":"way/1164590162","source_url":"https://www.openstreetmap.org/way/1164590162","license":"ODbL","city_scope_status":"inside_official_city_boundary","transport_raw":1.025,"transport_count":2,"transport_activity":0.655,"representation":"official-boundary-scoped major-road transport-event activity","timing_note":"Road color is a three-year transport-event activity surface on current OSM major road geometry retained inside the official city boundary, not measured traffic volume or congestion."},"geometry":{"type":"LineString","coordinates":[[-0.0511524,51.4914193],[-0.0511565,51.4913803]]}},{"type":"Feature","properties":{"id":"lens-traffic-road-london-way/1164590165","layer":"traffic_road","category":"transport","year":1994,"visible_year":2025,"rank":4,"name":"Hawkstone Road","source_id":"way/1164590165","source_url":"https://www.openstreetmap.org/way/1164590165","license":"ODbL","city_scope_status":"inside_official_city_boundary","transport_raw":1.023,"transport_count":2,"transport_activity":0.654,"representation":"official-boundary-scoped major-road transport-event activity","timing_note":"Road color is a three-year transport-event activity surface on current OSM major road geometry retained inside the official city boundary, not measured traffic volume or congestion."},"geometry":{"type":"LineString","coordinates":[[-0.051225,51.4914149],[-0.0511524,51.4914193]]}},{"type":"Feature","properties":{"id":"lens-traffic-road-london-way/1164590167","layer":"traffic_road","category":"transport","year":1994,"visible_year":2023,"rank":4,"name":"Hawkstone Road","source_id":"way/1164590167","source_url":"https://www.openstreetmap.org/way/1164590167","license":"ODbL","city_scope_status":"inside_official_city_boundary","transport_raw":1.014,"transport_count":2,"transport_activity":0.648,"representation":"official-boundary-scoped major-road transport-event activity","timing_note":"Road color is a three-year transport-event activity surface on current OSM major road geometry retained inside the official city boundary, not measured traffic volume or congestion."},"geometry":{"type":"LineString","coordinates":[[-0.0511524,51.4914193],[-0.0511015,51.4914563]]}},{"type":"Feature","properties":{"id":"lens-traffic-road-london-way/11674094","layer":"traffic_road","category":"transport","year":1994,"visible_year":2025,"rank":4,"name":"Hawkstone Road","source_id":"way/11674094","source_url":"https://www.openstreetmap.org/way/11674094","license":"ODbL","city_scope_status":"inside_official_city_boundary","transport_raw":0.926,"transport_count":2,"transport_activity":0.592,"representation":"official-boundary-scoped major-road transport-event activity","timing_note":"Road color is a three-year transport-event activity surface on current OSM major road geometry retained inside the official city boundary, not measured traffic volume or congestion."},"geometry":{"type":"LineString","coordinates":[[-0.0511015,51.4914563],[-0.0509802,51.491548],[-0.0508266,51.4916662],[-0.0507819,51.4917028],[-0.0506704,51.4917915],[-0.0506119,51.4918387],[-0.050461,51.4919542]]}},{"type":"Feature","properties":{"id":"lens-traffic-road-london-way/605345560","layer":"traffic_road","category":"transport","year":1994,"visible_year":2025,"rank":4,"name":"Rotherhithe New Road","source_id":"way/605345560","source_url":"https://www.openstreetmap.org/way/605345560","license":"ODbL","city_scope_status":"inside_official_city_boundary","transport_raw":0.892,"transport_count":2,"transport_activity":0.57,"representation":"official-boundary-scoped major-road transport-event activity","timing_note":"Road color is a three-year transport-event activity surface on current OSM major road geometry retained inside the official city boundary, not measured traffic volume or congestion."},"geometry":{"type":"LineString","coordinates":[[-0.0586082,51.4879999],[-0.0587072,51.487973],[-0.0587842,51.4879544],[-0.0588748,51.4879341],[-0.059289,51.4878476],[-0.0598761,51.4877141],[-0.0609106,51.4874732],[-0.0610353,51.4874422],[-0.0611536,51.4874119],[-0.0612439,51.4873881],[-0.0613269,51.4873627],[-0.0614023,51.4873361],[-0.0614864,51.4873019],[-0.0616067,51.4872486]]}},{"type":"Feature","properties":{"id":"lens-traffic-road-london-way/11674077","layer":"traffic_road","category":"transport","year":1994,"visible_year":2025,"rank":4,"name":"Rotherhithe New Road","source_id":"way/11674077","source_url":"https://www.openstreetmap.org/way/11674077","license":"ODbL","city_scope_status":"inside_official_city_boundary","transport_raw":0.876,"transport_count":2,"transport_activity":0.56,"representation":"official-boundary-scoped major-road transport-event activity","timing_note":"Road color is a three-year transport-event activity surface on current OSM major road geometry retained inside the official city boundary, not measured traffic volume or congestion."},"geometry":{"type":"LineString","coordinates":[[-0.0501109,51.4910463],[-0.0500479,51.4910467],[-0.049884,51.4910567],[-0.0497873,51.4910686],[-0.0493072,51.4911485],[-0.0491397,51.4911753],[-0.0484987,51.4912859],[-0.0482412,51.4913282],[-0.0476613,51.491427],[-0.0472487,51.4914965]]}},{"type":"Feature","properties":{"id":"lens-traffic-road-london-way/1442019217","layer":"traffic_road","category":"transport","year":1994,"visible_year":2025,"rank":2,"name":"Surrey Canal Road","source_id":"way/1442019217","source_url":"https://www.openstreetmap.org/way/1442019217","license":"ODbL","city_scope_status":"inside_official_city_boundary","transport_raw":0.865,"transport_count":2,"transport_activity":0.553,"representation":"official-boundary-scoped major-road transport-event activity","timing_note":"Road color is a three-year transport-event activity surface on current OSM major road geometry retained inside the official city boundary, not measured traffic volume or congestion."},"geometry":{"type":"LineString","coordinates":[[-0.0500715,51.4844185],[-0.0497268,51.4844059],[-0.0496049,51.4844031],[-0.0494555,51.4843967],[-0.0494151,51.484395],[-0.0493664,51.4843939],[-0.0492783,51.4843919],[-0.049271,51.4843917]]}},{"type":"Feature","properties":{"id":"lens-traffic-road-london-way/7997691","layer":"traffic_road","category":"transport","year":1994,"visible_year":2025,"rank":4,"name":"Raymouth Road","source_id":"way/7997691","source_url":"https://www.openstreetmap.org/way/7997691","license":"ODbL","city_scope_status":"inside_official_city_boundary","transport_raw":0.817,"transport_count":2,"transport_activity":0.523,"representation":"official-boundary-scoped major-road transport-event activity","timing_note":"Road color is a three-year transport-event activity surface on current OSM major road geometry retained inside the official city boundary, not measured traffic volume or congestion."},"geometry":{"type":"LineString","coordinates":[[-0.0551986,51.4905689],[-0.0557338,51.4907909],[-0.0560568,51.4909271],[-0.0562646,51.4910173],[-0.0567399,51.4912266],[-0.057615,51.4915996],[-0.057715,51.4916429],[-0.0580856,51.4918043],[-0.0582448,51.4918747],[-0.0589994,51.4922043],[-0.0593808,51.4923655],[-0.0594245,51.4923968],[-0.0594501,51.4924223],[-0.0594694,51.4924623]]}},{"type":"Feature","properties":{"id":"lens-traffic-road-london-way/621840529","layer":"traffic_road","category":"transport","year":1994,"visible_year":2025,"rank":2,"name":"Surrey Canal Road","source_id":"way/621840529","source_url":"https://www.openstreetmap.org/way/621840529","license":"ODbL","city_scope_status":"inside_official_city_boundary","transport_raw":0.762,"transport_count":2,"transport_activity":0.487,"representation":"official-boundary-scoped major-road transport-event activity","timing_note":"Road color is a three-year transport-event activity surface on current OSM major road geometry retained inside the official city boundary, not measured traffic volume or congestion."},"geometry":{"type":"LineString","coordinates":[[-0.049271,51.4843917],[-0.0491384,51.4843885],[-0.0489672,51.4843824],[-0.0486552,51.4843745],[-0.0484812,51.4843723],[-0.0479605,51.4843558],[-0.0473905,51.4843533]]}},{"type":"Feature","properties":{"id":"lens-traffic-road-london-way/521955905","layer":"traffic_road","category":"transport","year":1994,"visible_year":2026,"rank":2,"name":"Ilderton Road","source_id":"way/521955905","source_url":"https://www.openstreetmap.org/way/521955905","license":"ODbL","city_scope_status":"inside_official_city_boundary","transport_raw":0.696,"transport_count":2,"transport_activity":0.445,"representation":"official-boundary-scoped major-road transport-event activity","timing_note":"Road color is a three-year transport-event activity surface on current OSM major road geometry retained inside the official city boundary, not measured traffic volume or congestion."},"geometry":{"type":"LineString","coordinates":[[-0.0536608,51.4847517],[-0.0536529,51.4847112],[-0.053651,51.4846733],[-0.0536567,51.4846111],[-0.0536737,51.4844242],[-0.0536763,51.4843885],[-0.0536804,51.4843476],[-0.0537074,51.4837897],[-0.0537373,51.4834643],[-0.0537724,51.4827054],[-0.0537925,51.4822133],[-0.0537881,51.4817443],[-0.0537615,51.4816038],[-0.0537288,51.4814308],[-0.0536905,51.4812281],[-0.0536504,51.4810353],[-0.053647,51.481019],[-0.0536328,51.4809504]]}},{"type":"Feature","properties":{"id":"lens-traffic-road-london-way/940235768","layer":"traffic_road","category":"transport","year":1994,"visible_year":2026,"rank":4.5,"name":"Queen's Road","source_id":"way/940235768","source_url":"https://www.openstreetmap.org/way/940235768","license":"ODbL","city_scope_status":"inside_official_city_boundary","transport_raw":0.617,"transport_count":2,"transport_activity":0.394,"representation":"official-boundary-scoped major-road transport-event activity","timing_note":"Road color is a three-year transport-event activity surface on current OSM major road geometry retained inside the official city boundary, not measured traffic volume or congestion."},"geometry":{"type":"LineString","coordinates":[[-0.0576293,51.4734307],[-0.0578673,51.4734474]]}},{"type":"Feature","properties":{"id":"lens-traffic-road-london-way/940235767","layer":"traffic_road","category":"transport","year":1994,"visible_year":2025,"rank":4.5,"name":"Queen's Road","source_id":"way/940235767","source_url":"https://www.openstreetmap.org/way/940235767","license":"ODbL","city_scope_status":"inside_official_city_boundary","transport_raw":0.615,"transport_count":2,"transport_activity":0.393,"representation":"official-boundary-scoped major-road transport-event activity","timing_note":"Road color is a three-year transport-event activity surface on current OSM major road geometry retained inside the official city boundary, not measured traffic volume or congestion."},"geometry":{"type":"LineString","coordinates":[[-0.0573241,51.4733814],[-0.0575645,51.4733961],[-0.0576293,51.4734307]]}},{"type":"Feature","properties":{"id":"lens-traffic-road-london-way/370881801","layer":"traffic_road","category":"transport","year":1994,"visible_year":2025,"rank":4.5,"name":"Queen's Road","source_id":"way/370881801","source_url":"https://www.openstreetmap.org/way/370881801","license":"ODbL","city_scope_status":"inside_official_city_boundary","transport_raw":0.614,"transport_count":2,"transport_activity":0.392,"representation":"official-boundary-scoped major-road transport-event activity","timing_note":"Road color is a three-year transport-event activity surface on current OSM major road geometry retained inside the official city boundary, not measured traffic volume or congestion."},"geometry":{"type":"LineString","coordinates":[[-0.0576293,51.4734307],[-0.0575411,51.4734488]]}},{"type":"Feature","properties":{"id":"lens-traffic-road-london-way/940235766","layer":"traffic_road","category":"transport","year":1994,"visible_year":2025,"rank":4.5,"name":"Queen's Road","source_id":"way/940235766","source_url":"https://www.openstreetmap.org/way/940235766","license":"ODbL","city_scope_status":"inside_official_city_boundary","transport_raw":0.611,"transport_count":2,"transport_activity":0.391,"representation":"official-boundary-scoped major-road transport-event activity","timing_note":"Road color is a three-year transport-event activity surface on current OSM major road geometry retained inside the official city boundary, not measured traffic volume or congestion."},"geometry":{"type":"LineString","coordinates":[[-0.0575411,51.4734488],[-0.0574015,51.4734423]]}},{"type":"Feature","properties":{"id":"lens-traffic-road-london-way/940235765","layer":"traffic_road","category":"transport","year":1994,"visible_year":2025,"rank":4.5,"name":"Queen's Road","source_id":"way/940235765","source_url":"https://www.openstreetmap.org/way/940235765","license":"ODbL","city_scope_status":"inside_official_city_boundary","transport_raw":0.609,"transport_count":2,"transport_activity":0.389,"representation":"official-boundary-scoped major-road transport-event activity","timing_note":"Road color is a three-year transport-event activity surface on current OSM major road geometry retained inside the official city boundary, not measured traffic volume or congestion."},"geometry":{"type":"LineString","coordinates":[[-0.0571501,51.4734018],[-0.0572251,51.4733779],[-0.0573241,51.4733814]]}},{"type":"Feature","properties":{"id":"lens-traffic-road-london-way/713727041","layer":"traffic_road","category":"transport","year":1994,"visible_year":2025,"rank":4.5,"name":"Queen's Road","source_id":"way/713727041","source_url":"https://www.openstreetmap.org/way/713727041","license":"ODbL","city_scope_status":"inside_official_city_boundary","transport_raw":0.607,"transport_count":2,"transport_activity":0.388,"representation":"official-boundary-scoped major-road transport-event activity","timing_note":"Road color is a three-year transport-event activity surface on current OSM major road geometry retained inside the official city boundary, not measured traffic volume or congestion."},"geometry":{"type":"LineString","coordinates":[[-0.0574015,51.4734423],[-0.0572178,51.4734343],[-0.0571501,51.4734018]]}},{"type":"Feature","properties":{"id":"lens-traffic-road-london-way/1068255195","layer":"traffic_road","category":"transport","year":1994,"visible_year":2026,"rank":4.5,"name":"Queen's Road","source_id":"way/1068255195","source_url":"https://www.openstreetmap.org/way/1068255195","license":"ODbL","city_scope_status":"inside_official_city_boundary","transport_raw":0.603,"transport_count":2,"transport_activity":0.385,"representation":"official-boundary-scoped major-road transport-event activity","timing_note":"Road color is a three-year transport-event activity surface on current OSM major road geometry retained inside the official city boundary, not measured traffic volume or congestion."},"geometry":{"type":"LineString","coordinates":[[-0.0578673,51.4734474],[-0.058509,51.4735166],[-0.0588043,51.4735657],[-0.0590525,51.4736277]]}},{"type":"Feature","properties":{"id":"lens-traffic-road-london-way/52726161","layer":"traffic_road","category":"transport","year":1994,"visible_year":2025,"rank":4,"name":"Rotherhithe New Road","source_id":"way/52726161","source_url":"https://www.openstreetmap.org/way/52726161","license":"ODbL","city_scope_status":"inside_official_city_boundary","transport_raw":0.602,"transport_count":2,"transport_activity":0.385,"representation":"official-boundary-scoped major-road transport-event activity","timing_note":"Road color is a three-year transport-event activity surface on current OSM major road geometry retained inside the official city boundary, not measured traffic volume or congestion."},"geometry":{"type":"LineString","coordinates":[[-0.0616067,51.4872486],[-0.0617859,51.4871613],[-0.061928,51.4870887],[-0.0620081,51.4870443],[-0.0622639,51.486905],[-0.0623173,51.4868741]]}},{"type":"Feature","properties":{"id":"lens-traffic-road-london-way/992104952","layer":"traffic_road","category":"transport","year":1994,"visible_year":2025,"rank":2,"name":"Asylum Road","source_id":"way/992104952","source_url":"https://www.openstreetmap.org/way/992104952","license":"ODbL","city_scope_status":"inside_official_city_boundary","transport_raw":0.602,"transport_count":2,"transport_activity":0.385,"representation":"official-boundary-scoped major-road transport-event activity","timing_note":"Road color is a three-year transport-event activity surface on current OSM major road geometry retained inside the official city boundary, not measured traffic volume or congestion."},"geometry":{"type":"LineString","coordinates":[[-0.0578047,51.4738635],[-0.0578533,51.4735431],[-0.0578673,51.4734474]]}},{"type":"Feature","properties":{"id":"lens-traffic-road-london-way/940235764","layer":"traffic_road","category":"transport","year":1994,"visible_year":2025,"rank":4.5,"name":"Queen's Road","source_id":"way/940235764","source_url":"https://www.openstreetmap.org/way/940235764","license":"ODbL","city_scope_status":"inside_official_city_boundary","transport_raw":0.601,"transport_count":2,"transport_activity":0.384,"representation":"official-boundary-scoped major-road transport-event activity","timing_note":"Road color is a three-year transport-event activity surface on current OSM major road geometry retained inside the official city boundary, not measured traffic volume or congestion."},"geometry":{"type":"LineString","coordinates":[[-0.0568517,51.4733912],[-0.0570987,51.4734003],[-0.0571501,51.4734018]]}},{"type":"Feature","properties":{"id":"lens-traffic-road-london-way/101837491","layer":"traffic_road","category":"transport","year":1994,"visible_year":2025,"rank":4,"name":"Rotherhithe New Road","source_id":"way/101837491","source_url":"https://www.openstreetmap.org/way/101837491","license":"ODbL","city_scope_status":"inside_official_city_boundary","transport_raw":0.599,"transport_count":2,"transport_activity":0.383,"representation":"official-boundary-scoped major-road transport-event activity","timing_note":"Road color is a three-year transport-event activity surface on current OSM major road geometry retained inside the official city boundary, not measured traffic volume or congestion."},"geometry":{"type":"LineString","coordinates":[[-0.0472487,51.4914965],[-0.0471704,51.4915811],[-0.047113,51.4916615]]}},{"type":"Feature","properties":{"id":"lens-traffic-road-london-way/1225633186","layer":"traffic_road","category":"transport","year":1994,"visible_year":2025,"rank":4,"name":"Hawkstone Road","source_id":"way/1225633186","source_url":"https://www.openstreetmap.org/way/1225633186","license":"ODbL","city_scope_status":"inside_official_city_boundary","transport_raw":0.594,"transport_count":2,"transport_activity":0.38,"representation":"official-boundary-scoped major-road transport-event activity","timing_note":"Road color is a three-year transport-event activity surface on current OSM major road geometry retained inside the official city boundary, not measured traffic volume or congestion."},"geometry":{"type":"LineString","coordinates":[[-0.050461,51.4919542],[-0.0502051,51.4921509],[-0.0500616,51.4922636],[-0.0499399,51.4923617],[-0.0495912,51.4926384],[-0.0495129,51.4927007],[-0.0491455,51.4929894],[-0.0487022,51.493332],[-0.0486179,51.4933949],[-0.0485175,51.4934701]]}},{"type":"Feature","properties":{"id":"lens-traffic-road-london-way/101837476","layer":"traffic_road","category":"transport","year":1994,"visible_year":2025,"rank":4,"name":"Rotherhithe New Road","source_id":"way/101837476","source_url":"https://www.openstreetmap.org/way/101837476","license":"ODbL","city_scope_status":"inside_official_city_boundary","transport_raw":0.591,"transport_count":2,"transport_activity":0.378,"representation":"official-boundary-scoped major-road transport-event activity","timing_note":"Road color is a three-year transport-event activity surface on current OSM major road geometry retained inside the official city boundary, not measured traffic volume or congestion."},"geometry":{"type":"LineString","coordinates":[[-0.0467956,51.4915715],[-0.0468784,51.4915334],[-0.0470606,51.4915006],[-0.0471419,51.491488],[-0.0472487,51.4914965]]}},{"type":"Feature","properties":{"id":"lens-traffic-road-london-way/101837493","layer":"traffic_road","category":"transport","year":1994,"visible_year":2025,"rank":4,"name":"Rotherhithe New Road","source_id":"way/101837493","source_url":"https://www.openstreetmap.org/way/101837493","license":"ODbL","city_scope_status":"inside_official_city_boundary","transport_raw":0.57,"transport_count":2,"transport_activity":0.364,"representation":"official-boundary-scoped major-road transport-event activity","timing_note":"Road color is a three-year transport-event activity surface on current OSM major road geometry retained inside the official city boundary, not measured traffic volume or congestion."},"geometry":{"type":"LineString","coordinates":[[-0.0467956,51.4915715],[-0.0469184,51.4915808],[-0.0470052,51.4916008],[-0.0470488,51.491621],[-0.047113,51.4916615]]}},{"type":"Feature","properties":{"id":"lens-traffic-road-london-way/1069542836","layer":"traffic_road","category":"transport","year":1994,"visible_year":2025,"rank":4,"name":"Rotherhithe Old Road","source_id":"way/1069542836","source_url":"https://www.openstreetmap.org/way/1069542836","license":"ODbL","city_scope_status":"inside_official_city_boundary","transport_raw":0.557,"transport_count":2,"transport_activity":0.356,"representation":"official-boundary-scoped major-road transport-event activity","timing_note":"Road color is a three-year transport-event activity surface on current OSM major road geometry retained inside the official city boundary, not measured traffic volume or congestion."},"geometry":{"type":"LineString","coordinates":[[-0.047113,51.4916615],[-0.0472045,51.4919512]]}},{"type":"Feature","properties":{"id":"lens-traffic-road-london-way/52591841","layer":"traffic_road","category":"transport","year":1994,"visible_year":2025,"rank":4,"name":"Rotherhithe New Road","source_id":"way/52591841","source_url":"https://www.openstreetmap.org/way/52591841","license":"ODbL","city_scope_status":"inside_official_city_boundary","transport_raw":0.537,"transport_count":2,"transport_activity":0.343,"representation":"official-boundary-scoped major-road transport-event activity","timing_note":"Road color is a three-year transport-event activity surface on current OSM major road geometry retained inside the official city boundary, not measured traffic volume or congestion."},"geometry":{"type":"LineString","coordinates":[[-0.0465727,51.4916092],[-0.0467956,51.4915715]]}},{"type":"Feature","properties":{"id":"lens-traffic-road-london-way/38697231","layer":"traffic_road","category":"transport","year":1994,"visible_year":2026,"rank":4.5,"name":"Queen's Road","source_id":"way/38697231","source_url":"https://www.openstreetmap.org/way/38697231","license":"ODbL","city_scope_status":"inside_official_city_boundary","transport_raw":0.521,"transport_count":2,"transport_activity":0.333,"representation":"official-boundary-scoped major-road transport-event activity","timing_note":"Road color is a three-year transport-event activity surface on current OSM major road geometry retained inside the official city boundary, not measured traffic volume or congestion."},"geometry":{"type":"LineString","coordinates":[[-0.0590525,51.4736277],[-0.0592156,51.4736707],[-0.059554,51.4737671],[-0.0598779,51.4738548],[-0.0600539,51.4738873],[-0.0601288,51.4738949],[-0.0603605,51.4739149],[-0.0606499,51.473934],[-0.0610742,51.473955],[-0.0612506,51.4739746],[-0.0614573,51.4739981]]}},{"type":"Feature","properties":{"id":"lens-traffic-road-london-way/4357157","layer":"traffic_road","category":"transport","year":1994,"visible_year":2025,"rank":4.5,"name":"Queen's Road","source_id":"way/4357157","source_url":"https://www.openstreetmap.org/way/4357157","license":"ODbL","city_scope_status":"inside_official_city_boundary","transport_raw":0.519,"transport_count":2,"transport_activity":0.332,"representation":"official-boundary-scoped major-road transport-event activity","timing_note":"Road color is a three-year transport-event activity surface on current OSM major road geometry retained inside the official city boundary, not measured traffic volume or congestion."},"geometry":{"type":"LineString","coordinates":[[-0.0530107,51.4729546],[-0.0531446,51.4729486],[-0.0535631,51.4729413],[-0.0540659,51.4729728],[-0.0545789,51.473014],[-0.0550254,51.4730531],[-0.0551791,51.4730706],[-0.0553406,51.4730996],[-0.0554767,51.4731261],[-0.0555841,51.4731579],[-0.0561601,51.4733366],[-0.0563271,51.4733647],[-0.0564872,51.4733768],[-0.0568282,51.4733903],[-0.0568517,51.4733912]]}},{"type":"Feature","properties":{"id":"lens-traffic-road-london-way/238265114","layer":"traffic_road","category":"transport","year":1994,"visible_year":2025,"rank":4,"name":"Rotherhithe New Road","source_id":"way/238265114","source_url":"https://www.openstreetmap.org/way/238265114","license":"ODbL","city_scope_status":"inside_official_city_boundary","transport_raw":0.517,"transport_count":2,"transport_activity":0.331,"representation":"official-boundary-scoped major-road transport-event activity","timing_note":"Road color is a three-year transport-event activity surface on current OSM major road geometry retained inside the official city boundary, not measured traffic volume or congestion."},"geometry":{"type":"LineString","coordinates":[[-0.0623173,51.4868741],[-0.0623736,51.4868411],[-0.0626305,51.4866905]]}},{"type":"Feature","properties":{"id":"lens-traffic-road-london-way/52591845","layer":"traffic_road","category":"transport","year":1994,"visible_year":2026,"rank":4,"name":"Rotherhithe New Road","source_id":"way/52591845","source_url":"https://www.openstreetmap.org/way/52591845","license":"ODbL","city_scope_status":"inside_official_city_boundary","transport_raw":0.5,"transport_count":2,"transport_activity":0.32,"representation":"official-boundary-scoped major-road transport-event activity","timing_note":"Road color is a three-year transport-event activity surface on current OSM major road geometry retained inside the official city boundary, not measured traffic volume or congestion."},"geometry":{"type":"LineString","coordinates":[[-0.0463177,51.4916503],[-0.0465727,51.4916092]]}},{"type":"Feature","properties":{"id":"lens-traffic-road-london-way/1497948566","layer":"traffic_road","category":"transport","year":1994,"visible_year":2026,"rank":2,"name":"Southwark Park Road","source_id":"way/1497948566","source_url":"https://www.openstreetmap.org/way/1497948566","license":"ODbL","city_scope_status":"inside_official_city_boundary","transport_raw":0.49,"transport_count":2,"transport_activity":0.313,"representation":"official-boundary-scoped major-road transport-event activity","timing_note":"Road color is a three-year transport-event activity surface on current OSM major road geometry retained inside the official city boundary, not measured traffic volume or congestion."},"geometry":{"type":"LineString","coordinates":[[-0.0594694,51.4924623],[-0.0593309,51.4924851],[-0.0592116,51.4925049]]}},{"type":"Feature","properties":{"id":"lens-traffic-road-london-way/140083538","layer":"traffic_road","category":"transport","year":1994,"visible_year":2025,"rank":4,"name":"Southwark Park Road","source_id":"way/140083538","source_url":"https://www.openstreetmap.org/way/140083538","license":"ODbL","city_scope_status":"inside_official_city_boundary","transport_raw":0.465,"transport_count":2,"transport_activity":0.297,"representation":"official-boundary-scoped major-road transport-event activity","timing_note":"Road color is a three-year transport-event activity surface on current OSM major road geometry retained inside the official city boundary, not measured traffic volume or congestion."},"geometry":{"type":"LineString","coordinates":[[-0.0598993,51.4923749],[-0.0597669,51.4924096],[-0.0594694,51.4924623]]}},{"type":"Feature","properties":{"id":"lens-traffic-road-london-way/101837494","layer":"traffic_road","category":"transport","year":1994,"visible_year":2025,"rank":4,"name":"Rotherhithe Old Road","source_id":"way/101837494","source_url":"https://www.openstreetmap.org/way/101837494","license":"ODbL","city_scope_status":"inside_official_city_boundary","transport_raw":0.462,"transport_count":2,"transport_activity":0.295,"representation":"official-boundary-scoped major-road transport-event activity","timing_note":"Road color is a three-year transport-event activity surface on current OSM major road geometry retained inside the official city boundary, not measured traffic volume or congestion."},"geometry":{"type":"LineString","coordinates":[[-0.0472045,51.4919512],[-0.0472662,51.4921467],[-0.0473177,51.4923051],[-0.047353,51.4923915],[-0.0473951,51.4924626],[-0.0474489,51.4925306],[-0.0476926,51.4927719],[-0.0478486,51.4929282],[-0.0478996,51.4929852]]}},{"type":"Feature","properties":{"id":"lens-traffic-road-london-way/746823460","layer":"traffic_road","category":"transport","year":1994,"visible_year":2026,"rank":4.5,"name":"Queen's Road","source_id":"way/746823460","source_url":"https://www.openstreetmap.org/way/746823460","license":"ODbL","city_scope_status":"inside_official_city_boundary","transport_raw":0.447,"transport_count":2,"transport_activity":0.286,"representation":"official-boundary-scoped major-road transport-event activity","timing_note":"Road color is a three-year transport-event activity surface on current OSM major road geometry retained inside the official city boundary, not measured traffic volume or congestion."},"geometry":{"type":"LineString","coordinates":[[-0.0614573,51.4739981],[-0.0616731,51.474025],[-0.0619124,51.474046]]}},{"type":"Feature","properties":{"id":"lens-traffic-road-london-way/741162792","layer":"traffic_road","category":"transport","year":1994,"visible_year":2026,"rank":4,"name":"Southwark Park Road","source_id":"way/741162792","source_url":"https://www.openstreetmap.org/way/741162792","license":"ODbL","city_scope_status":"inside_official_city_boundary","transport_raw":0.445,"transport_count":2,"transport_activity":0.284,"representation":"official-boundary-scoped major-road transport-event activity","timing_note":"Road color is a three-year transport-event activity surface on current OSM major road geometry retained inside the official city boundary, not measured traffic volume or congestion."},"geometry":{"type":"LineString","coordinates":[[-0.060492,51.4921332],[-0.0600133,51.4923281],[-0.0598993,51.4923749]]}},{"type":"Feature","properties":{"id":"lens-traffic-road-london-way/40926807","layer":"traffic_road","category":"transport","year":1994,"visible_year":2025,"rank":4,"name":"Rotherhithe New Road","source_id":"way/40926807","source_url":"https://www.openstreetmap.org/way/40926807","license":"ODbL","city_scope_status":"inside_official_city_boundary","transport_raw":0.439,"transport_count":2,"transport_activity":0.281,"representation":"official-boundary-scoped major-road transport-event activity","timing_note":"Road color is a three-year transport-event activity surface on current OSM major road geometry retained inside the official city boundary, not measured traffic volume or congestion."},"geometry":{"type":"LineString","coordinates":[[-0.0457264,51.4917164],[-0.0458825,51.4917039],[-0.0460374,51.4916864],[-0.0462151,51.4916634],[-0.0463177,51.4916503]]}},{"type":"Feature","properties":{"id":"lens-traffic-road-london-way/7998621","layer":"traffic_road","category":"transport","year":1994,"visible_year":2026,"rank":3,"name":"Trundley's Road","source_id":"way/7998621","source_url":"https://www.openstreetmap.org/way/7998621","license":"ODbL","city_scope_status":"inside_official_city_boundary","transport_raw":0.434,"transport_count":2,"transport_activity":0.278,"representation":"official-boundary-scoped major-road transport-event activity","timing_note":"Road color is a three-year transport-event activity surface on current OSM major road geometry retained inside the official city boundary, not measured traffic volume or congestion."},"geometry":{"type":"LineString","coordinates":[[-0.0445163,51.4899166],[-0.0445214,51.4899667],[-0.0445274,51.4900143],[-0.044532,51.4900694],[-0.0445354,51.4901015],[-0.0445354,51.4901562]]}},{"type":"Feature","properties":{"id":"lens-traffic-road-london-way/609350824","layer":"traffic_road","category":"transport","year":1994,"visible_year":2026,"rank":4,"name":"Bush Road","source_id":"way/609350824","source_url":"https://www.openstreetmap.org/way/609350824","license":"ODbL","city_scope_status":"inside_official_city_boundary","transport_raw":0.429,"transport_count":2,"transport_activity":0.274,"representation":"official-boundary-scoped major-road transport-event activity","timing_note":"Road color is a three-year transport-event activity surface on current OSM major road geometry retained inside the official city boundary, not measured traffic volume or congestion."},"geometry":{"type":"LineString","coordinates":[[-0.0445354,51.4901562],[-0.0445942,51.4902161],[-0.0446434,51.4902752],[-0.0446789,51.4903149],[-0.0447151,51.4903587]]}},{"type":"Feature","properties":{"id":"lens-traffic-road-london-way/746823462","layer":"traffic_road","category":"transport","year":1994,"visible_year":2026,"rank":4.5,"name":"Queen's Road","source_id":"way/746823462","source_url":"https://www.openstreetmap.org/way/746823462","license":"ODbL","city_scope_status":"inside_official_city_boundary","transport_raw":0.42,"transport_count":2,"transport_activity":0.269,"representation":"official-boundary-scoped major-road transport-event activity","timing_note":"Road color is a three-year transport-event activity surface on current OSM major road geometry retained inside the official city boundary, not measured traffic volume or congestion."},"geometry":{"type":"LineString","coordinates":[[-0.0619124,51.474046],[-0.0620462,51.4740532],[-0.062304,51.4740592],[-0.0625213,51.4740575]]}},{"type":"Feature","properties":{"id":"lens-traffic-road-london-way/11525198","layer":"traffic_road","category":"transport","year":1994,"visible_year":2025,"rank":2,"name":"Asylum Road","source_id":"way/11525198","source_url":"https://www.openstreetmap.org/way/11525198","license":"ODbL","city_scope_status":"inside_official_city_boundary","transport_raw":0.42,"transport_count":2,"transport_activity":0.268,"representation":"official-boundary-scoped major-road transport-event activity","timing_note":"Road color is a three-year transport-event activity surface on current OSM major road geometry retained inside the official city boundary, not measured traffic volume or congestion."},"geometry":{"type":"LineString","coordinates":[[-0.0585153,51.4773618],[-0.0584994,51.4773451],[-0.0584226,51.4771658],[-0.0582599,51.4767908],[-0.0581939,51.4766526],[-0.0580013,51.4761001],[-0.05799,51.4760103],[-0.057943,51.4755799],[-0.0579155,51.4753016],[-0.057896,51.4750991],[-0.0578956,51.4750951],[-0.0578465,51.4745848],[-0.0578162,51.4742707],[-0.0577987,51.4740658],[-0.0578047,51.4738635]]}},{"type":"Feature","properties":{"id":"lens-traffic-road-london-way/43318126","layer":"traffic_road","category":"transport","year":1994,"visible_year":2025,"rank":4,"name":"Southwark Park Road","source_id":"way/43318126","source_url":"https://www.openstreetmap.org/way/43318126","license":"ODbL","city_scope_status":"inside_official_city_boundary","transport_raw":0.417,"transport_count":2,"transport_activity":0.266,"representation":"official-boundary-scoped major-road transport-event activity","timing_note":"Road color is a three-year transport-event activity surface on current OSM major road geometry retained inside the official city boundary, not measured traffic volume or congestion."},"geometry":{"type":"LineString","coordinates":[[-0.0608171,51.4920848],[-0.0607537,51.492091],[-0.0606216,51.4921087],[-0.0605293,51.492123],[-0.060492,51.4921332]]}},{"type":"Feature","properties":{"id":"lens-traffic-road-london-way/590195265","layer":"traffic_road","category":"transport","year":1994,"visible_year":2026,"rank":4,"name":"Bestwood Street","source_id":"way/590195265","source_url":"https://www.openstreetmap.org/way/590195265","license":"ODbL","city_scope_status":"inside_official_city_boundary","transport_raw":0.412,"transport_count":2,"transport_activity":0.263,"representation":"official-boundary-scoped major-road transport-event activity","timing_note":"Road color is a three-year transport-event activity surface on current OSM major road geometry retained inside the official city boundary, not measured traffic volume or congestion."},"geometry":{"type":"LineString","coordinates":[[-0.0443002,51.4900837],[-0.0443503,51.4900894],[-0.0444087,51.4901007],[-0.0444536,51.4901124],[-0.0444965,51.4901308],[-0.0445354,51.4901562]]}},{"type":"Feature","properties":{"id":"lens-traffic-road-london-way/8653432","layer":"traffic_road","category":"transport","year":1994,"visible_year":2024,"rank":3,"name":"Catlin Street","source_id":"way/8653432","source_url":"https://www.openstreetmap.org/way/8653432","license":"ODbL","city_scope_status":"inside_official_city_boundary","transport_raw":0.412,"transport_count":2,"transport_activity":0.263,"representation":"official-boundary-scoped major-road transport-event activity","timing_note":"Road color is a three-year transport-event activity surface on current OSM major road geometry retained inside the official city boundary, not measured traffic volume or congestion."},"geometry":{"type":"LineString","coordinates":[[-0.0657776,51.4871617],[-0.0655932,51.4871454],[-0.0655314,51.4871484],[-0.0654609,51.4871526],[-0.0645042,51.487223],[-0.0641087,51.4872472],[-0.063567,51.4872868],[-0.0629247,51.4873376],[-0.0626668,51.4873588],[-0.0620305,51.4874067],[-0.0619589,51.4874098],[-0.061894,51.4874077],[-0.0618373,51.4873982],[-0.061781,51.4873798],[-0.0617405,51.4873575],[-0.0616972,51.4873243],[-0.0616067,51.4872486]]}},{"type":"Feature","properties":{"id":"lens-traffic-road-london-way/11152969","layer":"traffic_road","category":"transport","year":1994,"visible_year":2025,"rank":3,"name":"Trundley's Road","source_id":"way/11152969","source_url":"https://www.openstreetmap.org/way/11152969","license":"ODbL","city_scope_status":"inside_official_city_boundary","transport_raw":0.407,"transport_count":2,"transport_activity":0.26,"representation":"official-boundary-scoped major-road transport-event activity","timing_note":"Road color is a three-year transport-event activity surface on current OSM major road geometry retained inside the official city boundary, not measured traffic volume or congestion."},"geometry":{"type":"LineString","coordinates":[[-0.0441585,51.4900736],[-0.0442243,51.4900569],[-0.0442947,51.4900297],[-0.0443611,51.4899993],[-0.0444359,51.4899629],[-0.0445163,51.4899166]]}},{"type":"Feature","properties":{"id":"lens-traffic-road-london-way/4488834","layer":"traffic_road","category":"transport","year":1994,"visible_year":2025,"rank":4,"name":"Bush Road","source_id":"way/4488834","source_url":"https://www.openstreetmap.org/way/4488834","license":"ODbL","city_scope_status":"inside_official_city_boundary","transport_raw":0.404,"transport_count":2,"transport_activity":0.259,"representation":"official-boundary-scoped major-road transport-event activity","timing_note":"Road color is a three-year transport-event activity surface on current OSM major road geometry retained inside the official city boundary, not measured traffic volume or congestion."},"geometry":{"type":"LineString","coordinates":[[-0.0447151,51.4903587],[-0.0447359,51.4903871],[-0.044777,51.4904505],[-0.0449144,51.4906996],[-0.0449621,51.4907977],[-0.0450287,51.4909517],[-0.0450894,51.4910921],[-0.045136,51.4912129],[-0.0452101,51.4913849],[-0.0452562,51.4914966],[-0.0452932,51.4915445],[-0.0453608,51.4916117]]}},{"type":"Feature","properties":{"id":"lens-traffic-road-london-way/7997693","layer":"traffic_road","category":"transport","year":1994,"visible_year":2026,"rank":2,"name":"Southwark Park Road","source_id":"way/7997693","source_url":"https://www.openstreetmap.org/way/7997693","license":"ODbL","city_scope_status":"inside_official_city_boundary","transport_raw":0.398,"transport_count":2,"transport_activity":0.254,"representation":"official-boundary-scoped major-road transport-event activity","timing_note":"Road color is a three-year transport-event activity surface on current OSM major road geometry retained inside the official city boundary, not measured traffic volume or congestion."},"geometry":{"type":"LineString","coordinates":[[-0.0592116,51.4925049],[-0.0589236,51.4925529],[-0.0585375,51.4926336],[-0.0583856,51.4926727],[-0.0582778,51.4927081],[-0.0581429,51.4927568],[-0.0580141,51.4928281],[-0.0579809,51.4928488],[-0.0579048,51.4929011],[-0.0578585,51.4929408],[-0.0578164,51.4929939],[-0.0577646,51.4931297],[-0.0576269,51.4935501],[-0.0575894,51.4936699],[-0.0575584,51.4937778],[-0.0575464,51.4938722],[-0.0575744,51.4939753],[-0.0575969,51.494032],[-0.0576271,51.4940895],[-0.0576767,51.494158],[-0.0577412,51.494219],[-0.0578347,51.494278],[-0.0579866,51.4943436],[-0.0580121,51.4943545],[-0.058384,51.4945135]]}},{"type":"Feature","properties":{"id":"lens-traffic-road-london-way/1069331419","layer":"traffic_road","category":"transport","year":1994,"visible_year":2025,"rank":4.5,"name":"Queen's Road","source_id":"way/1069331419","source_url":"https://www.openstreetmap.org/way/1069331419","license":"ODbL","city_scope_status":"inside_official_city_boundary","transport_raw":0.396,"transport_count":2,"transport_activity":0.253,"representation":"official-boundary-scoped major-road transport-event activity","timing_note":"Road color is a three-year transport-event activity surface on current OSM major road geometry retained inside the official city boundary, not measured traffic volume or congestion."},"geometry":{"type":"LineString","coordinates":[[-0.0527281,51.4729737],[-0.0528891,51.4729612],[-0.0529412,51.4729575],[-0.0530107,51.4729546]]}},{"type":"Feature","properties":{"id":"lens-traffic-road-london-way/746823464","layer":"traffic_road","category":"transport","year":1994,"visible_year":2024,"rank":4.5,"name":"Queen's Road","source_id":"way/746823464","source_url":"https://www.openstreetmap.org/way/746823464","license":"ODbL","city_scope_status":"inside_official_city_boundary","transport_raw":0.395,"transport_count":2,"transport_activity":0.253,"representation":"official-boundary-scoped major-road transport-event activity","timing_note":"Road color is a three-year transport-event activity surface on current OSM major road geometry retained inside the official city boundary, not measured traffic volume or congestion."},"geometry":{"type":"LineString","coordinates":[[-0.0625213,51.4740575],[-0.062632,51.4740002],[-0.0627061,51.473998],[-0.0630474,51.4739873]]}},{"type":"Feature","properties":{"id":"lens-traffic-road-london-way/1037431029","layer":"traffic_road","category":"transport","year":1994,"visible_year":2026,"rank":4,"name":"Bestwood Street","source_id":"way/1037431029","source_url":"https://www.openstreetmap.org/way/1037431029","license":"ODbL","city_scope_status":"inside_official_city_boundary","transport_raw":0.388,"transport_count":2,"transport_activity":0.248,"representation":"official-boundary-scoped major-road transport-event activity","timing_note":"Road color is a three-year transport-event activity surface on current OSM major road geometry retained inside the official city boundary, not measured traffic volume or congestion."},"geometry":{"type":"LineString","coordinates":[[-0.0441585,51.4900736],[-0.0442813,51.4900815],[-0.0443002,51.4900837]]}},{"type":"Feature","properties":{"id":"lens-traffic-road-london-way/1068255197","layer":"traffic_road","category":"transport","year":1994,"visible_year":2023,"rank":4,"name":"Lausanne Road","source_id":"way/1068255197","source_url":"https://www.openstreetmap.org/way/1068255197","license":"ODbL","city_scope_status":"inside_official_city_boundary","transport_raw":0.387,"transport_count":2,"transport_activity":0.247,"representation":"official-boundary-scoped major-road transport-event activity","timing_note":"Road color is a three-year transport-event activity surface on current OSM major road geometry retained inside the official city boundary, not measured traffic volume or congestion."},"geometry":{"type":"LineString","coordinates":[[-0.0527135,51.4728608],[-0.0527239,51.4729007],[-0.0527281,51.4729737]]}},{"type":"Feature","properties":{"id":"lens-traffic-road-london-way/51979127","layer":"traffic_road","category":"transport","year":1994,"visible_year":2025,"rank":4.5,"name":"Queen's Road","source_id":"way/51979127","source_url":"https://www.openstreetmap.org/way/51979127","license":"ODbL","city_scope_status":"inside_official_city_boundary","transport_raw":0.387,"transport_count":2,"transport_activity":0.247,"representation":"official-boundary-scoped major-road transport-event activity","timing_note":"Road color is a three-year transport-event activity surface on current OSM major road geometry retained inside the official city boundary, not measured traffic volume or congestion."},"geometry":{"type":"LineString","coordinates":[[-0.0630548,51.4740885],[-0.0629759,51.4740919],[-0.062953,51.4740927],[-0.0628525,51.4740961],[-0.0626474,51.4741018],[-0.0625213,51.4740575]]}},{"type":"Feature","properties":{"id":"lens-traffic-road-london-way/1068255196","layer":"traffic_road","category":"transport","year":1994,"visible_year":2023,"rank":4,"name":"Lausanne Road","source_id":"way/1068255196","source_url":"https://www.openstreetmap.org/way/1068255196","license":"ODbL","city_scope_status":"inside_official_city_boundary","transport_raw":0.385,"transport_count":2,"transport_activity":0.246,"representation":"official-boundary-scoped major-road transport-event activity","timing_note":"Road color is a three-year transport-event activity surface on current OSM major road geometry retained inside the official city boundary, not measured traffic volume or congestion."},"geometry":{"type":"LineString","coordinates":[[-0.0526326,51.4726259],[-0.0526995,51.4728202],[-0.0527135,51.4728608]]}},{"type":"Feature","properties":{"id":"lens-traffic-road-london-way/808980984","layer":"traffic_road","category":"transport","year":1994,"visible_year":2023,"rank":4,"name":"Bush Road","source_id":"way/808980984","source_url":"https://www.openstreetmap.org/way/808980984","license":"ODbL","city_scope_status":"inside_official_city_boundary","transport_raw":0.382,"transport_count":2,"transport_activity":0.245,"representation":"official-boundary-scoped major-road transport-event activity","timing_note":"Road color is a three-year transport-event activity surface on current OSM major road geometry retained inside the official city boundary, not measured traffic volume or congestion."},"geometry":{"type":"LineString","coordinates":[[-0.0455218,51.4916784],[-0.0455843,51.4916972],[-0.0457264,51.4917164]]}},{"type":"Feature","properties":{"id":"lens-traffic-road-london-way/1069331420","layer":"traffic_road","category":"transport","year":1994,"visible_year":2025,"rank":4.5,"name":"Queen's Road","source_id":"way/1069331420","source_url":"https://www.openstreetmap.org/way/1069331420","license":"ODbL","city_scope_status":"inside_official_city_boundary","transport_raw":0.381,"transport_count":2,"transport_activity":0.243,"representation":"official-boundary-scoped major-road transport-event activity","timing_note":"Road color is a three-year transport-event activity surface on current OSM major road geometry retained inside the official city boundary, not measured traffic volume or congestion."},"geometry":{"type":"LineString","coordinates":[[-0.0525245,51.4730023],[-0.0527281,51.4729737]]}},{"type":"Feature","properties":{"id":"lens-traffic-road-london-way/24942148","layer":"traffic_road","category":"transport","year":1994,"visible_year":2025,"rank":3,"name":"Trundley's Road","source_id":"way/24942148","source_url":"https://www.openstreetmap.org/way/24942148","license":"ODbL","city_scope_status":"inside_official_city_boundary","transport_raw":0.379,"transport_count":2,"transport_activity":0.242,"representation":"official-boundary-scoped major-road transport-event activity","timing_note":"Road color is a three-year transport-event activity surface on current OSM major road geometry retained inside the official city boundary, not measured traffic volume or congestion."},"geometry":{"type":"LineString","coordinates":[[-0.0445163,51.4899166],[-0.0446676,51.4897349],[-0.044761,51.4896125],[-0.0449219,51.4894016],[-0.0449139,51.4893287],[-0.0448397,51.4891956],[-0.0446453,51.4889211],[-0.0444889,51.4887003],[-0.0444147,51.4886123],[-0.0440469,51.4881766],[-0.0437485,51.487823],[-0.0437305,51.4878017],[-0.0435072,51.4875372],[-0.0433591,51.4873617],[-0.0432598,51.4872076],[-0.0430754,51.4869214],[-0.0428581,51.4865841],[-0.0428109,51.4865109],[-0.0427506,51.4864173],[-0.0427282,51.4863818],[-0.0427004,51.4863376],[-0.0425389,51.4860808],[-0.0424844,51.485905],[-0.0423716,51.4855412],[-0.0422142,51.485036]]}},{"type":"Feature","properties":{"id":"lens-traffic-road-london-way/1069542837","layer":"traffic_road","category":"transport","year":1994,"visible_year":2026,"rank":4,"name":"Rotherhithe Old Road","source_id":"way/1069542837","source_url":"https://www.openstreetmap.org/way/1069542837","license":"ODbL","city_scope_status":"inside_official_city_boundary","transport_raw":0.371,"transport_count":2,"transport_activity":0.237,"representation":"official-boundary-scoped major-road transport-event activity","timing_note":"Road color is a three-year transport-event activity surface on current OSM major road geometry retained inside the official city boundary, not measured traffic volume or congestion."},"geometry":{"type":"LineString","coordinates":[[-0.0478996,51.4929852],[-0.0479741,51.4930928],[-0.0480267,51.4932024],[-0.0481692,51.493427]]}},{"type":"Feature","properties":{"id":"lens-traffic-road-london-way/808980983","layer":"traffic_road","category":"transport","year":1994,"visible_year":2025,"rank":4,"name":"Bush Road","source_id":"way/808980983","source_url":"https://www.openstreetmap.org/way/808980983","license":"ODbL","city_scope_status":"inside_official_city_boundary","transport_raw":0.366,"transport_count":2,"transport_activity":0.234,"representation":"official-boundary-scoped major-road transport-event activity","timing_note":"Road color is a three-year transport-event activity surface on current OSM major road geometry retained inside the official city boundary, not measured traffic volume or congestion."},"geometry":{"type":"LineString","coordinates":[[-0.0453608,51.4916117],[-0.0453819,51.4916403],[-0.0454244,51.4916606],[-0.0454731,51.49168],[-0.0455218,51.4916784]]}},{"type":"Feature","properties":{"id":"lens-traffic-road-london-way/715900693","layer":"traffic_road","category":"transport","year":1994,"visible_year":2025,"rank":4.5,"name":"Queen's Road","source_id":"way/715900693","source_url":"https://www.openstreetmap.org/way/715900693","license":"ODbL","city_scope_status":"inside_official_city_boundary","transport_raw":0.359,"transport_count":2,"transport_activity":0.23,"representation":"official-boundary-scoped major-road transport-event activity","timing_note":"Road color is a three-year transport-event activity surface on current OSM major road geometry retained inside the official city boundary, not measured traffic volume or congestion."},"geometry":{"type":"LineString","coordinates":[[-0.0630474,51.4739873],[-0.0638444,51.4739581]]}},{"type":"Feature","properties":{"id":"lens-traffic-road-london-way/223576138","layer":"traffic_road","category":"transport","year":1994,"visible_year":2023,"rank":4,"name":"Lausanne Road","source_id":"way/223576138","source_url":"https://www.openstreetmap.org/way/223576138","license":"ODbL","city_scope_status":"inside_official_city_boundary","transport_raw":0.359,"transport_count":2,"transport_activity":0.229,"representation":"official-boundary-scoped major-road transport-event activity","timing_note":"Road color is a three-year transport-event activity surface on current OSM major road geometry retained inside the official city boundary, not measured traffic volume or congestion."},"geometry":{"type":"LineString","coordinates":[[-0.0521723,51.4712811],[-0.0522162,51.4714038],[-0.0522358,51.4714587],[-0.0523473,51.4717795],[-0.0525029,51.4722343],[-0.0525626,51.4724112],[-0.0526326,51.4726259]]}},{"type":"Feature","properties":{"id":"lens-traffic-road-london-way/715900692","layer":"traffic_road","category":"transport","year":1994,"visible_year":2025,"rank":4.5,"name":"Queen's Road","source_id":"way/715900692","source_url":"https://www.openstreetmap.org/way/715900692","license":"ODbL","city_scope_status":"inside_official_city_boundary","transport_raw":0.358,"transport_count":2,"transport_activity":0.229,"representation":"official-boundary-scoped major-road transport-event activity","timing_note":"Road color is a three-year transport-event activity surface on current OSM major road geometry retained inside the official city boundary, not measured traffic volume or congestion."},"geometry":{"type":"LineString","coordinates":[[-0.0637634,51.474062],[-0.0630548,51.4740885]]}},{"type":"Feature","properties":{"id":"lens-traffic-road-london-way/60769056","layer":"traffic_road","category":"transport","year":1994,"visible_year":2025,"rank":4,"name":"Rotherhithe New Road","source_id":"way/60769056","source_url":"https://www.openstreetmap.org/way/60769056","license":"ODbL","city_scope_status":"inside_official_city_boundary","transport_raw":0.348,"transport_count":2,"transport_activity":0.222,"representation":"official-boundary-scoped major-road transport-event activity","timing_note":"Road color is a three-year transport-event activity surface on current OSM major road geometry retained inside the official city boundary, not measured traffic volume or congestion."},"geometry":{"type":"LineString","coordinates":[[-0.0450959,51.4917866],[-0.045281,51.4917785],[-0.045433,51.4917699],[-0.0455639,51.4917511],[-0.0457264,51.4917164]]}},{"type":"Feature","properties":{"id":"lens-traffic-road-london-way/608424200","layer":"traffic_road","category":"transport","year":1994,"visible_year":2025,"rank":4.5,"name":"Queen's Road","source_id":"way/608424200","source_url":"https://www.openstreetmap.org/way/608424200","license":"ODbL","city_scope_status":"inside_official_city_boundary","transport_raw":0.339,"transport_count":2,"transport_activity":0.217,"representation":"official-boundary-scoped major-road transport-event activity","timing_note":"Road color is a three-year transport-event activity surface on current OSM major road geometry retained inside the official city boundary, not measured traffic volume or congestion."},"geometry":{"type":"LineString","coordinates":[[-0.0514136,51.4732572],[-0.0514804,51.4732362],[-0.0515695,51.4732125],[-0.0519177,51.4731242],[-0.0524549,51.4730142],[-0.0525245,51.4730023]]}},{"type":"Feature","properties":{"id":"lens-traffic-road-london-way/101837540","layer":"traffic_road","category":"transport","year":1994,"visible_year":2025,"rank":4,"name":"Hawkstone Road","source_id":"way/101837540","source_url":"https://www.openstreetmap.org/way/101837540","license":"ODbL","city_scope_status":"inside_official_city_boundary","transport_raw":0.338,"transport_count":2,"transport_activity":0.216,"representation":"official-boundary-scoped major-road transport-event activity","timing_note":"Road color is a three-year transport-event activity surface on current OSM major road geometry retained inside the official city boundary, not measured traffic volume or congestion."},"geometry":{"type":"LineString","coordinates":[[-0.0483314,51.4934923],[-0.0483948,51.4934984],[-0.0484538,51.4934918],[-0.0485175,51.4934701]]}},{"type":"Feature","properties":{"id":"lens-traffic-road-london-way/288244784","layer":"traffic_road","category":"transport","year":1994,"visible_year":2025,"rank":4.5,"name":"Peckham High Street","source_id":"way/288244784","source_url":"https://www.openstreetmap.org/way/288244784","license":"ODbL","city_scope_status":"inside_official_city_boundary","transport_raw":0.338,"transport_count":2,"transport_activity":0.216,"representation":"official-boundary-scoped major-road transport-event activity","timing_note":"Road color is a three-year transport-event activity surface on current OSM major road geometry retained inside the official city boundary, not measured traffic volume or congestion."},"geometry":{"type":"LineString","coordinates":[[-0.0638543,51.4740587],[-0.0637634,51.474062]]}},{"type":"Feature","properties":{"id":"lens-traffic-road-london-way/28884256","layer":"traffic_road","category":"transport","year":1994,"visible_year":2025,"rank":4.5,"name":"Peckham High Street","source_id":"way/28884256","source_url":"https://www.openstreetmap.org/way/28884256","license":"ODbL","city_scope_status":"inside_official_city_boundary","transport_raw":0.335,"transport_count":2,"transport_activity":0.214,"representation":"official-boundary-scoped major-road transport-event activity","timing_note":"Road color is a three-year transport-event activity surface on current OSM major road geometry retained inside the official city boundary, not measured traffic volume or congestion."},"geometry":{"type":"LineString","coordinates":[[-0.0638444,51.4739581],[-0.0639804,51.4739526]]}},{"type":"Feature","properties":{"id":"lens-traffic-road-london-way/1037431030","layer":"traffic_road","category":"transport","year":1994,"visible_year":2025,"rank":4,"name":"Bestwood Street","source_id":"way/1037431030","source_url":"https://www.openstreetmap.org/way/1037431030","license":"ODbL","city_scope_status":"inside_official_city_boundary","transport_raw":0.329,"transport_count":2,"transport_activity":0.211,"representation":"official-boundary-scoped major-road transport-event activity","timing_note":"Road color is a three-year transport-event activity surface on current OSM major road geometry retained inside the official city boundary, not measured traffic volume or congestion."},"geometry":{"type":"LineString","coordinates":[[-0.0436654,51.4900421],[-0.0437397,51.4900469],[-0.0441585,51.4900736]]}},{"type":"Feature","properties":{"id":"lens-traffic-road-london-way/1216143622","layer":"traffic_road","category":"transport","year":1994,"visible_year":2025,"rank":4,"name":"Rotherhithe Old Road","source_id":"way/1216143622","source_url":"https://www.openstreetmap.org/way/1216143622","license":"ODbL","city_scope_status":"inside_official_city_boundary","transport_raw":0.329,"transport_count":2,"transport_activity":0.21,"representation":"official-boundary-scoped major-road transport-event activity","timing_note":"Road color is a three-year transport-event activity surface on current OSM major road geometry retained inside the official city boundary, not measured traffic volume or congestion."},"geometry":{"type":"LineString","coordinates":[[-0.0481692,51.493427],[-0.0482727,51.4934754],[-0.0483314,51.4934923]]}},{"type":"Feature","properties":{"id":"lens-traffic-road-london-way/288244782","layer":"traffic_road","category":"transport","year":1994,"visible_year":2025,"rank":4.5,"name":"Peckham High Street","source_id":"way/288244782","source_url":"https://www.openstreetmap.org/way/288244782","license":"ODbL","city_scope_status":"inside_official_city_boundary","transport_raw":0.324,"transport_count":2,"transport_activity":0.207,"representation":"official-boundary-scoped major-road transport-event activity","timing_note":"Road color is a three-year transport-event activity surface on current OSM major road geometry retained inside the official city boundary, not measured traffic volume or congestion."},"geometry":{"type":"LineString","coordinates":[[-0.0642766,51.4740436],[-0.0638543,51.4740587]]}},{"type":"Feature","properties":{"id":"lens-traffic-road-london-way/1216143623","layer":"traffic_road","category":"transport","year":1994,"visible_year":2025,"rank":4,"name":"Rotherhithe Old Road","source_id":"way/1216143623","source_url":"https://www.openstreetmap.org/way/1216143623","license":"ODbL","city_scope_status":"inside_official_city_boundary","transport_raw":0.322,"transport_count":2,"transport_activity":0.206,"representation":"official-boundary-scoped major-road transport-event activity","timing_note":"Road color is a three-year transport-event activity surface on current OSM major road geometry retained inside the official city boundary, not measured traffic volume or congestion."},"geometry":{"type":"LineString","coordinates":[[-0.0481692,51.493427],[-0.0482004,51.4935112]]}},{"type":"Feature","properties":{"id":"lens-traffic-road-london-way/288244783","layer":"traffic_road","category":"transport","year":1994,"visible_year":2025,"rank":4.5,"name":"Peckham High Street","source_id":"way/288244783","source_url":"https://www.openstreetmap.org/way/288244783","license":"ODbL","city_scope_status":"inside_official_city_boundary","transport_raw":0.318,"transport_count":2,"transport_activity":0.203,"representation":"official-boundary-scoped major-road transport-event activity","timing_note":"Road color is a three-year transport-event activity surface on current OSM major road geometry retained inside the official city boundary, not measured traffic volume or congestion."},"geometry":{"type":"LineString","coordinates":[[-0.0639804,51.4739526],[-0.0645123,51.4739314]]}},{"type":"Feature","properties":{"id":"lens-traffic-road-london-way/556484039","layer":"traffic_road","category":"transport","year":1994,"visible_year":2026,"rank":4,"name":"Hawkstone Road","source_id":"way/556484039","source_url":"https://www.openstreetmap.org/way/556484039","license":"ODbL","city_scope_status":"inside_official_city_boundary","transport_raw":0.314,"transport_count":2,"transport_activity":0.2,"representation":"official-boundary-scoped major-road transport-event activity","timing_note":"Road color is a three-year transport-event activity surface on current OSM major road geometry retained inside the official city boundary, not measured traffic volume or congestion."},"geometry":{"type":"LineString","coordinates":[[-0.0485175,51.4934701],[-0.048489,51.493528],[-0.0484321,51.4935704],[-0.0484137,51.4935842],[-0.0483766,51.4936141],[-0.0483519,51.4936359],[-0.0483426,51.4936461],[-0.0483281,51.493662]]}},{"type":"Feature","properties":{"id":"lens-traffic-road-london-way/1216143621","layer":"traffic_road","category":"transport","year":1994,"visible_year":2023,"rank":4,"name":"Rotherhithe Old Road","source_id":"way/1216143621","source_url":"https://www.openstreetmap.org/way/1216143621","license":"ODbL","city_scope_status":"inside_official_city_boundary","transport_raw":0.311,"transport_count":2,"transport_activity":0.199,"representation":"official-boundary-scoped major-road transport-event activity","timing_note":"Road color is a three-year transport-event activity surface on current OSM major road geometry retained inside the official city boundary, not measured traffic volume or congestion."},"geometry":{"type":"LineString","coordinates":[[-0.0482004,51.4935112],[-0.0482444,51.4935382],[-0.0482725,51.4935723]]}},{"type":"Feature","properties":{"id":"lens-traffic-road-london-way/16637627","layer":"traffic_road","category":"transport","year":1994,"visible_year":2025,"rank":4.5,"name":"Queen's Road","source_id":"way/16637627","source_url":"https://www.openstreetmap.org/way/16637627","license":"ODbL","city_scope_status":"inside_official_city_boundary","transport_raw":0.307,"transport_count":2,"transport_activity":0.196,"representation":"official-boundary-scoped major-road transport-event activity","timing_note":"Road color is a three-year transport-event activity surface on current OSM major road geometry retained inside the official city boundary, not measured traffic volume or congestion."},"geometry":{"type":"LineString","coordinates":[[-0.0514136,51.4732572],[-0.0513719,51.4733015],[-0.0512259,51.4733503]]}},{"type":"Feature","properties":{"id":"lens-traffic-road-london-way/1257628106","layer":"traffic_road","category":"transport","year":1994,"visible_year":2024,"rank":4,"name":"Rotherhithe Old Road","source_id":"way/1257628106","source_url":"https://www.openstreetmap.org/way/1257628106","license":"ODbL","city_scope_status":"inside_official_city_boundary","transport_raw":0.303,"transport_count":2,"transport_activity":0.194,"representation":"official-boundary-scoped major-road transport-event activity","timing_note":"Road color is a three-year transport-event activity surface on current OSM major road geometry retained inside the official city boundary, not measured traffic volume or congestion."},"geometry":{"type":"LineString","coordinates":[[-0.0482725,51.4935723],[-0.0482794,51.493589],[-0.0482871,51.4936075]]}},{"type":"Feature","properties":{"id":"lens-traffic-road-london-way/288244785","layer":"traffic_road","category":"transport","year":1994,"visible_year":2025,"rank":4.5,"name":"Peckham High Street","source_id":"way/288244785","source_url":"https://www.openstreetmap.org/way/288244785","license":"ODbL","city_scope_status":"inside_official_city_boundary","transport_raw":0.303,"transport_count":2,"transport_activity":0.193,"representation":"official-boundary-scoped major-road transport-event activity","timing_note":"Road color is a three-year transport-event activity surface on current OSM major road geometry retained inside the official city boundary, not measured traffic volume or congestion."},"geometry":{"type":"LineString","coordinates":[[-0.0645123,51.4739314],[-0.0645647,51.4739288]]}},{"type":"Feature","properties":{"id":"lens-traffic-road-london-way/288244787","layer":"traffic_road","category":"transport","year":1994,"visible_year":2025,"rank":2,"name":"Meeting House Lane","source_id":"way/288244787","source_url":"https://www.openstreetmap.org/way/288244787","license":"ODbL","city_scope_status":"inside_official_city_boundary","transport_raw":0.302,"transport_count":2,"transport_activity":0.193,"representation":"official-boundary-scoped major-road transport-event activity","timing_note":"Road color is a three-year transport-event activity surface on current OSM major road geometry retained inside the official city boundary, not measured traffic volume or congestion."},"geometry":{"type":"LineString","coordinates":[[-0.0645123,51.4739314],[-0.0645222,51.4740363]]}},{"type":"Feature","properties":{"id":"lens-traffic-road-london-way/608424193","layer":"traffic_road","category":"transport","year":1994,"visible_year":2025,"rank":4.5,"name":"Queen's Road","source_id":"way/608424193","source_url":"https://www.openstreetmap.org/way/608424193","license":"ODbL","city_scope_status":"inside_official_city_boundary","transport_raw":0.301,"transport_count":2,"transport_activity":0.192,"representation":"official-boundary-scoped major-road transport-event activity","timing_note":"Road color is a three-year transport-event activity surface on current OSM major road geometry retained inside the official city boundary, not measured traffic volume or congestion."},"geometry":{"type":"LineString","coordinates":[[-0.0510474,51.4733802],[-0.0511149,51.4733295],[-0.0513315,51.473255],[-0.0514136,51.4732572]]}},{"type":"Feature","properties":{"id":"lens-traffic-road-london-way/7998457","layer":"traffic_road","category":"transport","year":1994,"visible_year":2026,"rank":3,"name":"Pomeroy Street","source_id":"way/7998457","source_url":"https://www.openstreetmap.org/way/7998457","license":"ODbL","city_scope_status":"inside_official_city_boundary","transport_raw":0.301,"transport_count":2,"transport_activity":0.192,"representation":"official-boundary-scoped major-road transport-event activity","timing_note":"Road color is a three-year transport-event activity surface on current OSM major road geometry retained inside the official city boundary, not measured traffic volume or congestion."},"geometry":{"type":"LineString","coordinates":[[-0.0526683,51.4780022],[-0.0526784,51.4778816],[-0.0526873,51.477769],[-0.0526991,51.4772615],[-0.0527015,51.4768818],[-0.0527028,51.4766344],[-0.0527067,51.4763498],[-0.0527077,51.4762356],[-0.0527108,51.4759146],[-0.0527111,51.4754597],[-0.0527122,51.4750279],[-0.0527192,51.4744905],[-0.052722,51.4743043],[-0.0527246,51.4736796],[-0.0527287,51.4731289],[-0.0527284,51.4730841],[-0.0527293,51.4730352],[-0.0527281,51.4729737]]}},{"type":"Feature","properties":{"id":"lens-traffic-road-london-way/111991340","layer":"traffic_road","category":"transport","year":1994,"visible_year":2026,"rank":4,"name":"Rotherhithe Old Road","source_id":"way/111991340","source_url":"https://www.openstreetmap.org/way/111991340","license":"ODbL","city_scope_status":"inside_official_city_boundary","transport_raw":0.299,"transport_count":2,"transport_activity":0.191,"representation":"official-boundary-scoped major-road transport-event activity","timing_note":"Road color is a three-year transport-event activity surface on current OSM major road geometry retained inside the official city boundary, not measured traffic volume or congestion."},"geometry":{"type":"LineString","coordinates":[[-0.0482004,51.4935112],[-0.0481862,51.4935671],[-0.0481775,51.4935869],[-0.0481564,51.4936148]]}},{"type":"Feature","properties":{"id":"lens-traffic-road-london-way/1159463064","layer":"traffic_road","category":"transport","year":1994,"visible_year":2025,"rank":4,"name":"Lower Road","source_id":"way/1159463064","source_url":"https://www.openstreetmap.org/way/1159463064","license":"ODbL","city_scope_status":"inside_official_city_boundary","transport_raw":0.299,"transport_count":2,"transport_activity":0.191,"representation":"official-boundary-scoped major-road transport-event activity","timing_note":"Road color is a three-year transport-event activity surface on current OSM major road geometry retained inside the official city boundary, not measured traffic volume or congestion."},"geometry":{"type":"LineString","coordinates":[[-0.0466994,51.4929036],[-0.0465837,51.4928314]]}},{"type":"Feature","properties":{"id":"lens-traffic-road-london-way/1240817689","layer":"traffic_road","category":"transport","year":1994,"visible_year":2025,"rank":4,"name":"Lower Road","source_id":"way/1240817689","source_url":"https://www.openstreetmap.org/way/1240817689","license":"ODbL","city_scope_status":"inside_official_city_boundary","transport_raw":0.298,"transport_count":2,"transport_activity":0.191,"representation":"official-boundary-scoped major-road transport-event activity","timing_note":"Road color is a three-year transport-event activity surface on current OSM major road geometry retained inside the official city boundary, not measured traffic volume or congestion."},"geometry":{"type":"LineString","coordinates":[[-0.0465837,51.4928314],[-0.0465139,51.4928064]]}},{"type":"Feature","properties":{"id":"lens-traffic-road-london-way/940210042","layer":"traffic_road","category":"transport","year":1994,"visible_year":2023,"rank":2,"name":"Meeting House Lane","source_id":"way/940210042","source_url":"https://www.openstreetmap.org/way/940210042","license":"ODbL","city_scope_status":"inside_official_city_boundary","transport_raw":0.299,"transport_count":2,"transport_activity":0.191,"representation":"official-boundary-scoped major-road transport-event activity","timing_note":"Road color is a three-year transport-event activity surface on current OSM major road geometry retained inside the official city boundary, not measured traffic volume or congestion."},"geometry":{"type":"LineString","coordinates":[[-0.0645222,51.4740363],[-0.0645271,51.4741068],[-0.0645246,51.4741449],[-0.0645162,51.4741684],[-0.0642243,51.4745278],[-0.0641189,51.4746575],[-0.0640637,51.4747245],[-0.0639684,51.4748401],[-0.0638367,51.4750216],[-0.0637583,51.475166],[-0.0637015,51.4753117],[-0.0636867,51.4753551],[-0.0636073,51.4756754]]}},{"type":"Feature","properties":{"id":"lens-traffic-road-london-way/10955239","layer":"traffic_road","category":"transport","year":1994,"visible_year":2024,"rank":4,"name":"Consort Road","source_id":"way/10955239","source_url":"https://www.openstreetmap.org/way/10955239","license":"ODbL","city_scope_status":"inside_official_city_boundary","transport_raw":0.297,"transport_count":2,"transport_activity":0.19,"representation":"official-boundary-scoped major-road transport-event activity","timing_note":"Road color is a three-year transport-event activity surface on current OSM major road geometry retained inside the official city boundary, not measured traffic volume or congestion."},"geometry":{"type":"LineString","coordinates":[[-0.0637938,51.4700444],[-0.0638275,51.4702164],[-0.0638404,51.4702958],[-0.0639258,51.4705831],[-0.0640624,51.470849],[-0.064264,51.4711957]]}},{"type":"Feature","properties":{"id":"lens-traffic-road-london-way/1216143620","layer":"traffic_road","category":"transport","year":1994,"visible_year":2024,"rank":4,"name":"Rotherhithe Old Road","source_id":"way/1216143620","source_url":"https://www.openstreetmap.org/way/1216143620","license":"ODbL","city_scope_status":"inside_official_city_boundary","transport_raw":0.295,"transport_count":2,"transport_activity":0.189,"representation":"official-boundary-scoped major-road transport-event activity","timing_note":"Road color is a three-year transport-event activity surface on current OSM major road geometry retained inside the official city boundary, not measured traffic volume or congestion."},"geometry":{"type":"LineString","coordinates":[[-0.0482871,51.4936075],[-0.0483281,51.493662]]}},{"type":"Feature","properties":{"id":"lens-traffic-road-london-way/1219328745","layer":"traffic_road","category":"transport","year":1994,"visible_year":2025,"rank":4,"name":"Lower Road","source_id":"way/1219328745","source_url":"https://www.openstreetmap.org/way/1219328745","license":"ODbL","city_scope_status":"inside_official_city_boundary","transport_raw":0.295,"transport_count":2,"transport_activity":0.189,"representation":"official-boundary-scoped major-road transport-event activity","timing_note":"Road color is a three-year transport-event activity surface on current OSM major road geometry retained inside the official city boundary, not measured traffic volume or congestion."},"geometry":{"type":"LineString","coordinates":[[-0.0467721,51.4929715],[-0.0466994,51.4929036]]}},{"type":"Feature","properties":{"id":"lens-traffic-road-london-way/1240817687","layer":"traffic_road","category":"transport","year":1994,"visible_year":2025,"rank":4,"name":"Lower Road","source_id":"way/1240817687","source_url":"https://www.openstreetmap.org/way/1240817687","license":"ODbL","city_scope_status":"inside_official_city_boundary","transport_raw":0.296,"transport_count":2,"transport_activity":0.189,"representation":"official-boundary-scoped major-road transport-event activity","timing_note":"Road color is a three-year transport-event activity surface on current OSM major road geometry retained inside the official city boundary, not measured traffic volume or congestion."},"geometry":{"type":"LineString","coordinates":[[-0.0465139,51.4928064],[-0.0463585,51.4927288]]}},{"type":"Feature","properties":{"id":"lens-traffic-road-london-way/687803197","layer":"traffic_road","category":"transport","year":1994,"visible_year":2025,"rank":4.5,"name":"Queen's Road","source_id":"way/687803197","source_url":"https://www.openstreetmap.org/way/687803197","license":"ODbL","city_scope_status":"inside_official_city_boundary","transport_raw":0.295,"transport_count":2,"transport_activity":0.189,"representation":"official-boundary-scoped major-road transport-event activity","timing_note":"Road color is a three-year transport-event activity surface on current OSM major road geometry retained inside the official city boundary, not measured traffic volume or congestion."},"geometry":{"type":"LineString","coordinates":[[-0.0512259,51.4733503],[-0.051153,51.4733763],[-0.0510474,51.4733802]]}},{"type":"Feature","properties":{"id":"lens-traffic-road-london-way/1218045038","layer":"traffic_road","category":"transport","year":1994,"visible_year":2025,"rank":4,"name":"Lower Road","source_id":"way/1218045038","source_url":"https://www.openstreetmap.org/way/1218045038","license":"ODbL","city_scope_status":"inside_official_city_boundary","transport_raw":0.293,"transport_count":2,"transport_activity":0.187,"representation":"official-boundary-scoped major-road transport-event activity","timing_note":"Road color is a three-year transport-event activity surface on current OSM major road geometry retained inside the official city boundary, not measured traffic volume or congestion."},"geometry":{"type":"LineString","coordinates":[[-0.0463585,51.4927288],[-0.0460316,51.4925496]]}},{"type":"Feature","properties":{"id":"lens-traffic-road-london-way/681920922","layer":"traffic_road","category":"transport","year":1994,"visible_year":2025,"rank":4.5,"name":"Peckham High Street","source_id":"way/681920922","source_url":"https://www.openstreetmap.org/way/681920922","license":"ODbL","city_scope_status":"inside_official_city_boundary","transport_raw":0.291,"transport_count":2,"transport_activity":0.186,"representation":"official-boundary-scoped major-road transport-event activity","timing_note":"Road color is a three-year transport-event activity surface on current OSM major road geometry retained inside the official city boundary, not measured traffic volume or congestion."},"geometry":{"type":"LineString","coordinates":[[-0.0653158,51.4740122],[-0.0645222,51.4740363],[-0.0642766,51.4740436]]}},{"type":"Feature","properties":{"id":"lens-traffic-road-london-way/298071600","layer":"traffic_road","category":"transport","year":1994,"visible_year":2025,"rank":4.5,"name":"Peckham High Street","source_id":"way/298071600","source_url":"https://www.openstreetmap.org/way/298071600","license":"ODbL","city_scope_status":"inside_official_city_boundary","transport_raw":0.289,"transport_count":2,"transport_activity":0.185,"representation":"official-boundary-scoped major-road transport-event activity","timing_note":"Road color is a three-year transport-event activity surface on current OSM major road geometry retained inside the official city boundary, not measured traffic volume or congestion."},"geometry":{"type":"LineString","coordinates":[[-0.0645647,51.4739288],[-0.0650266,51.4739135]]}},{"type":"Feature","properties":{"id":"lens-traffic-road-london-way/1069542835","layer":"traffic_road","category":"transport","year":1994,"visible_year":2026,"rank":4,"name":"Lower Road","source_id":"way/1069542835","source_url":"https://www.openstreetmap.org/way/1069542835","license":"ODbL","city_scope_status":"inside_official_city_boundary","transport_raw":0.288,"transport_count":2,"transport_activity":0.184,"representation":"official-boundary-scoped major-road transport-event activity","timing_note":"Road color is a three-year transport-event activity surface on current OSM major road geometry retained inside the official city boundary, not measured traffic volume or congestion."},"geometry":{"type":"LineString","coordinates":[[-0.0468791,51.4930568],[-0.0468349,51.4930302],[-0.0467721,51.4929715]]}},{"type":"Feature","properties":{"id":"lens-traffic-road-london-way/1159463067","layer":"traffic_road","category":"transport","year":1994,"visible_year":2025,"rank":4,"name":"Lower Road","source_id":"way/1159463067","source_url":"https://www.openstreetmap.org/way/1159463067","license":"ODbL","city_scope_status":"inside_official_city_boundary","transport_raw":0.286,"transport_count":2,"transport_activity":0.183,"representation":"official-boundary-scoped major-road transport-event activity","timing_note":"Road color is a three-year transport-event activity surface on current OSM major road geometry retained inside the official city boundary, not measured traffic volume or congestion."},"geometry":{"type":"LineString","coordinates":[[-0.0469061,51.4930731],[-0.0468791,51.4930568]]}},{"type":"Feature","properties":{"id":"lens-traffic-road-london-way/40927387","layer":"traffic_road","category":"transport","year":1994,"visible_year":2026,"rank":4,"name":"Lower Road","source_id":"way/40927387","source_url":"https://www.openstreetmap.org/way/40927387","license":"ODbL","city_scope_status":"inside_official_city_boundary","transport_raw":0.286,"transport_count":2,"transport_activity":0.183,"representation":"official-boundary-scoped major-road transport-event activity","timing_note":"Road color is a three-year transport-event activity surface on current OSM major road geometry retained inside the official city boundary, not measured traffic volume or congestion."},"geometry":{"type":"LineString","coordinates":[[-0.0460316,51.4925496],[-0.0459038,51.4924629],[-0.0457322,51.4923753],[-0.0454583,51.4922326]]}},{"type":"Feature","properties":{"id":"lens-traffic-road-london-way/40927388","layer":"traffic_road","category":"transport","year":1994,"visible_year":2025,"rank":4,"name":"Lower Road","source_id":"way/40927388","source_url":"https://www.openstreetmap.org/way/40927388","license":"ODbL","city_scope_status":"inside_official_city_boundary","transport_raw":0.286,"transport_count":2,"transport_activity":0.183,"representation":"official-boundary-scoped major-road transport-event activity","timing_note":"Road color is a three-year transport-event activity surface on current OSM major road geometry retained inside the official city boundary, not measured traffic volume or congestion."},"geometry":{"type":"LineString","coordinates":[[-0.0470907,51.4931629],[-0.0469745,51.4931114],[-0.0469061,51.4930731]]}},{"type":"Feature","properties":{"id":"lens-traffic-road-london-way/1457822284","layer":"traffic_road","category":"transport","year":1994,"visible_year":2025,"rank":2,"name":"Meeting House Lane","source_id":"way/1457822284","source_url":"https://www.openstreetmap.org/way/1457822284","license":"ODbL","city_scope_status":"inside_official_city_boundary","transport_raw":0.285,"transport_count":2,"transport_activity":0.182,"representation":"official-boundary-scoped major-road transport-event activity","timing_note":"Road color is a three-year transport-event activity surface on current OSM major road geometry retained inside the official city boundary, not measured traffic volume or congestion."},"geometry":{"type":"LineString","coordinates":[[-0.0609955,51.4766486],[-0.0607882,51.4767106],[-0.0604777,51.4768243],[-0.0598761,51.4770295],[-0.0589394,51.4772829],[-0.0589228,51.4772883],[-0.0588087,51.4773257],[-0.0587353,51.4773551],[-0.0586655,51.4773979]]}},{"type":"Feature","properties":{"id":"lens-traffic-road-london-way/704723683","layer":"traffic_road","category":"transport","year":1994,"visible_year":2025,"rank":3,"name":"Redriff Road","source_id":"way/704723683","source_url":"https://www.openstreetmap.org/way/704723683","license":"ODbL","city_scope_status":"inside_official_city_boundary","transport_raw":0.284,"transport_count":2,"transport_activity":0.181,"representation":"official-boundary-scoped major-road transport-event activity","timing_note":"Road color is a three-year transport-event activity surface on current OSM major road geometry retained inside the official city boundary, not measured traffic volume or congestion."},"geometry":{"type":"LineString","coordinates":[[-0.0467684,51.4930529],[-0.0467721,51.4929715]]}},{"type":"Feature","properties":{"id":"lens-traffic-road-london-way/863819886","layer":"traffic_road","category":"transport","year":1994,"visible_year":2026,"rank":4,"name":"Rotherhithe Old Road","source_id":"way/863819886","source_url":"https://www.openstreetmap.org/way/863819886","license":"ODbL","city_scope_status":"inside_official_city_boundary","transport_raw":0.283,"transport_count":2,"transport_activity":0.181,"representation":"official-boundary-scoped major-road transport-event activity","timing_note":"Road color is a three-year transport-event activity surface on current OSM major road geometry retained inside the official city boundary, not measured traffic volume or congestion."},"geometry":{"type":"LineString","coordinates":[[-0.0483281,51.493662],[-0.0483442,51.493688],[-0.0483676,51.4937216],[-0.0484093,51.4937625]]}},{"type":"Feature","properties":{"id":"lens-traffic-road-london-way/1257454432","layer":"traffic_road","category":"transport","year":1994,"visible_year":2025,"rank":4,"name":"Lower Road","source_id":"way/1257454432","source_url":"https://www.openstreetmap.org/way/1257454432","license":"ODbL","city_scope_status":"inside_official_city_boundary","transport_raw":0.282,"transport_count":2,"transport_activity":0.18,"representation":"official-boundary-scoped major-road transport-event activity","timing_note":"Road color is a three-year transport-event activity surface on current OSM major road geometry retained inside the official city boundary, not measured traffic volume or congestion."},"geometry":{"type":"LineString","coordinates":[[-0.0471517,51.4932338],[-0.0470907,51.4931629]]}},{"type":"Feature","properties":{"id":"lens-traffic-road-london-way/7998419","layer":"traffic_road","category":"transport","year":1994,"visible_year":2023,"rank":4,"name":"Lausanne Road","source_id":"way/7998419","source_url":"https://www.openstreetmap.org/way/7998419","license":"ODbL","city_scope_status":"inside_official_city_boundary","transport_raw":0.282,"transport_count":2,"transport_activity":0.18,"representation":"official-boundary-scoped major-road transport-event activity","timing_note":"Road color is a three-year transport-event activity surface on current OSM major road geometry retained inside the official city boundary, not measured traffic volume or congestion."},"geometry":{"type":"LineString","coordinates":[[-0.0516661,51.4696681],[-0.0516545,51.4697019],[-0.0516558,51.4697356],[-0.0518471,51.4702893],[-0.0520566,51.470949],[-0.0521126,51.4711127],[-0.0521723,51.4712811]]}},{"type":"Feature","properties":{"id":"lens-traffic-road-london-way/25803181","layer":"traffic_road","category":"transport","year":1994,"visible_year":2025,"rank":4,"name":"A2208","source_id":"way/25803181","source_url":"https://www.openstreetmap.org/way/25803181","license":"ODbL","city_scope_status":"inside_official_city_boundary","transport_raw":0.277,"transport_count":2,"transport_activity":0.177,"representation":"official-boundary-scoped major-road transport-event activity","timing_note":"Road color is a three-year transport-event activity surface on current OSM major road geometry retained inside the official city boundary, not measured traffic volume or congestion."},"geometry":{"type":"LineString","coordinates":[[-0.0450524,51.4920287],[-0.0450257,51.4919715],[-0.0450163,51.4919255],[-0.04502,51.4918935],[-0.0450341,51.4918622],[-0.045065,51.4918164],[-0.0450959,51.4917866]]}},{"type":"Feature","properties":{"id":"lens-traffic-road-london-way/312963557","layer":"traffic_road","category":"transport","year":1994,"visible_year":2023,"rank":4,"name":"Consort Road","source_id":"way/312963557","source_url":"https://www.openstreetmap.org/way/312963557","license":"ODbL","city_scope_status":"inside_official_city_boundary","transport_raw":0.276,"transport_count":2,"transport_activity":0.177,"representation":"official-boundary-scoped major-road transport-event activity","timing_note":"Road color is a three-year transport-event activity surface on current OSM major road geometry retained inside the official city boundary, not measured traffic volume or congestion."},"geometry":{"type":"LineString","coordinates":[[-0.0637938,51.4700444],[-0.0632473,51.4697641],[-0.0632033,51.4697233],[-0.063149,51.4696638],[-0.0630766,51.4695776],[-0.0629729,51.4694422],[-0.0629449,51.4694018],[-0.062864,51.4692856],[-0.0627249,51.4690889],[-0.0625924,51.4689006],[-0.0625337,51.4688074]]}},{"type":"Feature","properties":{"id":"lens-traffic-road-london-way/443866858","layer":"traffic_road","category":"transport","year":1994,"visible_year":2026,"rank":4,"name":"Lower Road","source_id":"way/443866858","source_url":"https://www.openstreetmap.org/way/443866858","license":"ODbL","city_scope_status":"inside_official_city_boundary","transport_raw":0.277,"transport_count":2,"transport_activity":0.177,"representation":"official-boundary-scoped major-road transport-event activity","timing_note":"Road color is a three-year transport-event activity surface on current OSM major road geometry retained inside the official city boundary, not measured traffic volume or congestion."},"geometry":{"type":"LineString","coordinates":[[-0.0475075,51.4934068],[-0.0471517,51.4932338]]}},{"type":"Feature","properties":{"id":"lens-traffic-road-london-way/7998391","layer":"traffic_road","category":"transport","year":1994,"visible_year":2025,"rank":2,"name":"Meeting House Lane","source_id":"way/7998391","source_url":"https://www.openstreetmap.org/way/7998391","license":"ODbL","city_scope_status":"inside_official_city_boundary","transport_raw":0.277,"transport_count":2,"transport_activity":0.177,"representation":"official-boundary-scoped major-road transport-event activity","timing_note":"Road color is a three-year transport-event activity surface on current OSM major road geometry retained inside the official city boundary, not measured traffic volume or congestion."},"geometry":{"type":"LineString","coordinates":[[-0.0636073,51.4756754],[-0.0635742,51.4758007],[-0.0635471,51.4758899],[-0.0635151,51.4759585],[-0.0634712,51.4760114],[-0.063389,51.4760825],[-0.0632998,51.476149],[-0.0631957,51.4762062],[-0.0631069,51.4762438],[-0.0630017,51.4762777],[-0.0628618,51.4763217],[-0.0626157,51.4763943],[-0.0624464,51.4764375],[-0.0623852,51.4764505],[-0.0621619,51.4764928],[-0.0618807,51.4765382],[-0.0617847,51.4765485],[-0.0615571,51.4765731],[-0.0614483,51.4765844],[-0.061172,51.4766136],[-0.0610965,51.4766205],[-0.0609955,51.4766486]]}},{"type":"Feature","properties":{"id":"lens-traffic-road-london-way/28884253","layer":"traffic_road","category":"transport","year":1994,"visible_year":2023,"rank":4,"name":"Clayton Road","source_id":"way/28884253","source_url":"https://www.openstreetmap.org/way/28884253","license":"ODbL","city_scope_status":"inside_official_city_boundary","transport_raw":0.275,"transport_count":2,"transport_activity":0.176,"representation":"official-boundary-scoped major-road transport-event activity","timing_note":"Road color is a three-year transport-event activity surface on current OSM major road geometry retained inside the official city boundary, not measured traffic volume or congestion."},"geometry":{"type":"LineString","coordinates":[[-0.0656578,51.4724126],[-0.0656229,51.4723281],[-0.0655734,51.4720649],[-0.065553,51.4719857],[-0.065538,51.4719344],[-0.0654849,51.4717715],[-0.0654421,51.4716609],[-0.0653891,51.4715742],[-0.0653202,51.4715057],[-0.0652509,51.4714609],[-0.0650874,51.4713936],[-0.0648166,51.4712998],[-0.0646436,51.4712398],[-0.0644913,51.4711932],[-0.0644366,51.4711818],[-0.0644083,51.4711802],[-0.0643803,51.4711811],[-0.064264,51.4711957]]}},{"type":"Feature","properties":{"id":"lens-traffic-road-london-way/1159463063","layer":"traffic_road","category":"transport","year":1994,"visible_year":2025,"rank":4,"name":"Lower Road","source_id":"way/1159463063","source_url":"https://www.openstreetmap.org/way/1159463063","license":"ODbL","city_scope_status":"inside_official_city_boundary","transport_raw":0.274,"transport_count":2,"transport_activity":0.175,"representation":"official-boundary-scoped major-road transport-event activity","timing_note":"Road color is a three-year transport-event activity surface on current OSM major road geometry retained inside the official city boundary, not measured traffic volume or congestion."},"geometry":{"type":"LineString","coordinates":[[-0.0454583,51.4922326],[-0.045382,51.4922067]]}},{"type":"Feature","properties":{"id":"lens-traffic-road-london-way/1218494820","layer":"traffic_road","category":"transport","year":1994,"visible_year":2025,"rank":4,"name":"Lower Road","source_id":"way/1218494820","source_url":"https://www.openstreetmap.org/way/1218494820","license":"ODbL","city_scope_status":"inside_official_city_boundary","transport_raw":0.274,"transport_count":2,"transport_activity":0.175,"representation":"official-boundary-scoped major-road transport-event activity","timing_note":"Road color is a three-year transport-event activity surface on current OSM major road geometry retained inside the official city boundary, not measured traffic volume or congestion."},"geometry":{"type":"LineString","coordinates":[[-0.0476716,51.4934874],[-0.0475075,51.4934068]]}},{"type":"Feature","properties":{"id":"lens-traffic-road-london-way/1257628107","layer":"traffic_road","category":"transport","year":1994,"visible_year":2024,"rank":4,"name":"Rotherhithe Old Road","source_id":"way/1257628107","source_url":"https://www.openstreetmap.org/way/1257628107","license":"ODbL","city_scope_status":"inside_official_city_boundary","transport_raw":0.274,"transport_count":2,"transport_activity":0.175,"representation":"official-boundary-scoped major-road transport-event activity","timing_note":"Road color is a three-year transport-event activity surface on current OSM major road geometry retained inside the official city boundary, not measured traffic volume or congestion."},"geometry":{"type":"LineString","coordinates":[[-0.0481564,51.4936148],[-0.048126,51.493651],[-0.0481018,51.4936713],[-0.0480536,51.4936929]]}},{"type":"Feature","properties":{"id":"lens-traffic-road-london-way/1257454431","layer":"traffic_road","category":"transport","year":1994,"visible_year":2025,"rank":4,"name":"Lower Road","source_id":"way/1257454431","source_url":"https://www.openstreetmap.org/way/1257454431","license":"ODbL","city_scope_status":"inside_official_city_boundary","transport_raw":0.272,"transport_count":2,"transport_activity":0.174,"representation":"official-boundary-scoped major-road transport-event activity","timing_note":"Road color is a three-year transport-event activity surface on current OSM major road geometry retained inside the official city boundary, not measured traffic volume or congestion."},"geometry":{"type":"LineString","coordinates":[[-0.0477517,51.4935268],[-0.0476716,51.4934874]]}},{"type":"Feature","properties":{"id":"lens-traffic-road-london-way/950238932","layer":"traffic_road","category":"transport","year":1994,"visible_year":2025,"rank":4.5,"name":"Peckham High Street","source_id":"way/950238932","source_url":"https://www.openstreetmap.org/way/950238932","license":"ODbL","city_scope_status":"inside_official_city_boundary","transport_raw":0.273,"transport_count":2,"transport_activity":0.174,"representation":"official-boundary-scoped major-road transport-event activity","timing_note":"Road color is a three-year transport-event activity surface on current OSM major road geometry retained inside the official city boundary, not measured traffic volume or congestion."},"geometry":{"type":"LineString","coordinates":[[-0.0650266,51.4739135],[-0.0651824,51.4739074]]}},{"type":"Feature","properties":{"id":"lens-traffic-road-london-way/1069542838","layer":"traffic_road","category":"transport","year":1994,"visible_year":2025,"rank":4,"name":"Lower Road","source_id":"way/1069542838","source_url":"https://www.openstreetmap.org/way/1069542838","license":"ODbL","city_scope_status":"inside_official_city_boundary","transport_raw":0.271,"transport_count":2,"transport_activity":0.173,"representation":"official-boundary-scoped major-road transport-event activity","timing_note":"Road color is a three-year transport-event activity surface on current OSM major road geometry retained inside the official city boundary, not measured traffic volume or congestion."},"geometry":{"type":"LineString","coordinates":[[-0.0478235,51.4935621],[-0.0477769,51.4935392],[-0.0477517,51.4935268]]}},{"type":"Feature","properties":{"id":"lens-traffic-road-london-way/1259261741","layer":"traffic_road","category":"transport","year":1994,"visible_year":2025,"rank":3,"name":"Redriff Road","source_id":"way/1259261741","source_url":"https://www.openstreetmap.org/way/1259261741","license":"ODbL","city_scope_status":"inside_official_city_boundary","transport_raw":0.271,"transport_count":2,"transport_activity":0.173,"representation":"official-boundary-scoped major-road transport-event activity","timing_note":"Road color is a three-year transport-event activity surface on current OSM major road geometry retained inside the official city boundary, not measured traffic volume or congestion."},"geometry":{"type":"LineString","coordinates":[[-0.0467582,51.4930966],[-0.0467684,51.4930529]]}},{"type":"Feature","properties":{"id":"lens-traffic-road-london-way/1108064518","layer":"traffic_road","category":"transport","year":1994,"visible_year":2025,"rank":4,"name":"Lower Road","source_id":"way/1108064518","source_url":"https://www.openstreetmap.org/way/1108064518","license":"ODbL","city_scope_status":"inside_official_city_boundary","transport_raw":0.269,"transport_count":2,"transport_activity":0.172,"representation":"official-boundary-scoped major-road transport-event activity","timing_note":"Road color is a three-year transport-event activity surface on current OSM major road geometry retained inside the official city boundary, not measured traffic volume or congestion."},"geometry":{"type":"LineString","coordinates":[[-0.0478759,51.4935919],[-0.0478235,51.4935621]]}},{"type":"Feature","properties":{"id":"lens-traffic-road-london-way/1253103981","layer":"traffic_road","category":"transport","year":1994,"visible_year":2025,"rank":4,"name":"Lower Road","source_id":"way/1253103981","source_url":"https://www.openstreetmap.org/way/1253103981","license":"ODbL","city_scope_status":"inside_official_city_boundary","transport_raw":0.269,"transport_count":2,"transport_activity":0.172,"representation":"official-boundary-scoped major-road transport-event activity","timing_note":"Road color is a three-year transport-event activity surface on current OSM major road geometry retained inside the official city boundary, not measured traffic volume or congestion."},"geometry":{"type":"LineString","coordinates":[[-0.045382,51.4922067],[-0.0452833,51.492154]]}},{"type":"Feature","properties":{"id":"lens-traffic-road-london-way/381610529","layer":"traffic_road","category":"transport","year":1994,"visible_year":2022,"rank":4,"name":"Copeland Road","source_id":"way/381610529","source_url":"https://www.openstreetmap.org/way/381610529","license":"ODbL","city_scope_status":"inside_official_city_boundary","transport_raw":0.268,"transport_count":2,"transport_activity":0.172,"representation":"official-boundary-scoped major-road transport-event activity","timing_note":"Road color is a three-year transport-event activity surface on current OSM major road geometry retained inside the official city boundary, not measured traffic volume or congestion."},"geometry":{"type":"LineString","coordinates":[[-0.0642985,51.4700301],[-0.0637938,51.4700444]]}},{"type":"Feature","properties":{"id":"lens-traffic-road-london-way/1164058076","layer":"traffic_road","category":"transport","year":1994,"visible_year":2025,"rank":2,"name":"Asylum Road","source_id":"way/1164058076","source_url":"https://www.openstreetmap.org/way/1164058076","license":"ODbL","city_scope_status":"inside_official_city_boundary","transport_raw":0.268,"transport_count":2,"transport_activity":0.171,"representation":"official-boundary-scoped major-road transport-event activity","timing_note":"Road color is a three-year transport-event activity surface on current OSM major road geometry retained inside the official city boundary, not measured traffic volume or congestion."},"geometry":{"type":"LineString","coordinates":[[-0.0585722,51.4774065],[-0.0585153,51.4773618]]}},{"type":"Feature","properties":{"id":"lens-traffic-road-london-way/863819871","layer":"traffic_road","category":"transport","year":1994,"visible_year":2026,"rank":4,"name":"Rotherhithe Old Road","source_id":"way/863819871","source_url":"https://www.openstreetmap.org/way/863819871","license":"ODbL","city_scope_status":"inside_official_city_boundary","transport_raw":0.267,"transport_count":2,"transport_activity":0.17,"representation":"official-boundary-scoped major-road transport-event activity","timing_note":"Road color is a three-year transport-event activity surface on current OSM major road geometry retained inside the official city boundary, not measured traffic volume or congestion."},"geometry":{"type":"LineString","coordinates":[[-0.0484093,51.4937625],[-0.0484159,51.4938322]]}},{"type":"Feature","properties":{"id":"lens-traffic-road-london-way/950238933","layer":"traffic_road","category":"transport","year":1994,"visible_year":2025,"rank":4.5,"name":"Peckham High Street","source_id":"way/950238933","source_url":"https://www.openstreetmap.org/way/950238933","license":"ODbL","city_scope_status":"inside_official_city_boundary","transport_raw":0.266,"transport_count":2,"transport_activity":0.17,"representation":"official-boundary-scoped major-road transport-event activity","timing_note":"Road color is a three-year transport-event activity surface on current OSM major road geometry retained inside the official city boundary, not measured traffic volume or congestion."},"geometry":{"type":"LineString","coordinates":[[-0.0651824,51.4739074],[-0.0652814,51.473904]]}},{"type":"Feature","properties":{"id":"lens-traffic-road-london-way/219987148","layer":"traffic_road","category":"transport","year":1994,"visible_year":2024,"rank":4,"name":"Lower Road","source_id":"way/219987148","source_url":"https://www.openstreetmap.org/way/219987148","license":"ODbL","city_scope_status":"inside_official_city_boundary","transport_raw":0.265,"transport_count":2,"transport_activity":0.169,"representation":"official-boundary-scoped major-road transport-event activity","timing_note":"Road color is a three-year transport-event activity surface on current OSM major road geometry retained inside the official city boundary, not measured traffic volume or congestion."},"geometry":{"type":"LineString","coordinates":[[-0.0480536,51.4936929],[-0.0478759,51.4935919]]}},{"type":"Feature","properties":{"id":"lens-traffic-road-london-way/1159463060","layer":"traffic_road","category":"transport","year":1994,"visible_year":2025,"rank":4,"name":"Lower Road","source_id":"way/1159463060","source_url":"https://www.openstreetmap.org/way/1159463060","license":"ODbL","city_scope_status":"inside_official_city_boundary","transport_raw":0.263,"transport_count":2,"transport_activity":0.168,"representation":"official-boundary-scoped major-road transport-event activity","timing_note":"Road color is a three-year transport-event activity surface on current OSM major road geometry retained inside the official city boundary, not measured traffic volume or congestion."},"geometry":{"type":"LineString","coordinates":[[-0.0452833,51.492154],[-0.0450524,51.4920287]]}},{"type":"Feature","properties":{"id":"lens-traffic-road-london-way/1412634278","layer":"traffic_road","category":"transport","year":1994,"visible_year":2025,"rank":2,"name":"Asylum Road","source_id":"way/1412634278","source_url":"https://www.openstreetmap.org/way/1412634278","license":"ODbL","city_scope_status":"inside_official_city_boundary","transport_raw":0.263,"transport_count":2,"transport_activity":0.168,"representation":"official-boundary-scoped major-road transport-event activity","timing_note":"Road color is a three-year transport-event activity surface on current OSM major road geometry retained inside the official city boundary, not measured traffic volume or congestion."},"geometry":{"type":"LineString","coordinates":[[-0.0586416,51.4774834],[-0.0586176,51.4774838],[-0.0585946,51.4774795],[-0.058575,51.4774709],[-0.0585608,51.4774588],[-0.0585536,51.4774446],[-0.0585539,51.4774296],[-0.0585604,51.4774173],[-0.0585722,51.4774065],[-0.0585923,51.4773968],[-0.0586164,51.4773919],[-0.0586418,51.4773922],[-0.0586655,51.4773979],[-0.0586849,51.4774083],[-0.0586975,51.4774221],[-0.0587019,51.4774378],[-0.0586975,51.4774535],[-0.0586849,51.4774673],[-0.0586655,51.4774777],[-0.0586416,51.4774834]]}},{"type":"Feature","properties":{"id":"lens-traffic-road-london-way/1068255193","layer":"traffic_road","category":"transport","year":1994,"visible_year":2025,"rank":4.5,"name":"Peckham High Street","source_id":"way/1068255193","source_url":"https://www.openstreetmap.org/way/1068255193","license":"ODbL","city_scope_status":"inside_official_city_boundary","transport_raw":0.261,"transport_count":2,"transport_activity":0.167,"representation":"official-boundary-scoped major-road transport-event activity","timing_note":"Road color is a three-year transport-event activity surface on current OSM major road geometry retained inside the official city boundary, not measured traffic volume or congestion."},"geometry":{"type":"LineString","coordinates":[[-0.0652814,51.473904],[-0.06536,51.4739008]]}},{"type":"Feature","properties":{"id":"lens-traffic-road-london-way/1069542840","layer":"traffic_road","category":"transport","year":1994,"visible_year":2023,"rank":4,"name":"Lower Road","source_id":"way/1069542840","source_url":"https://www.openstreetmap.org/way/1069542840","license":"ODbL","city_scope_status":"inside_official_city_boundary","transport_raw":0.259,"transport_count":2,"transport_activity":0.166,"representation":"official-boundary-scoped major-road transport-event activity","timing_note":"Road color is a three-year transport-event activity surface on current OSM major road geometry retained inside the official city boundary, not measured traffic volume or congestion."},"geometry":{"type":"LineString","coordinates":[[-0.0481744,51.4937533],[-0.0480536,51.4936929]]}},{"type":"Feature","properties":{"id":"lens-traffic-road-london-way/1159463068","layer":"traffic_road","category":"transport","year":1994,"visible_year":2025,"rank":3,"name":"Redriff Road","source_id":"way/1159463068","source_url":"https://www.openstreetmap.org/way/1159463068","license":"ODbL","city_scope_status":"inside_official_city_boundary","transport_raw":0.26,"transport_count":2,"transport_activity":0.166,"representation":"official-boundary-scoped major-road transport-event activity","timing_note":"Road color is a three-year transport-event activity surface on current OSM major road geometry retained inside the official city boundary, not measured traffic volume or congestion."},"geometry":{"type":"LineString","coordinates":[[-0.0467304,51.4931456],[-0.0467488,51.4931175],[-0.0467582,51.4930966]]}},{"type":"Feature","properties":{"id":"lens-traffic-road-london-way/1188941949","layer":"traffic_road","category":"transport","year":1994,"visible_year":2026,"rank":4,"name":"Lower Road","source_id":"way/1188941949","source_url":"https://www.openstreetmap.org/way/1188941949","license":"ODbL","city_scope_status":"inside_official_city_boundary","transport_raw":0.257,"transport_count":2,"transport_activity":0.164,"representation":"official-boundary-scoped major-road transport-event activity","timing_note":"Road color is a three-year transport-event activity surface on current OSM major road geometry retained inside the official city boundary, not measured traffic volume or congestion."},"geometry":{"type":"LineString","coordinates":[[-0.044974,51.4919812],[-0.0449323,51.4919272],[-0.0449147,51.49192]]}},{"type":"Feature","properties":{"id":"lens-traffic-road-london-way/1253012669","layer":"traffic_road","category":"transport","year":1994,"visible_year":2025,"rank":4,"name":"Lower Road","source_id":"way/1253012669","source_url":"https://www.openstreetmap.org/way/1253012669","license":"ODbL","city_scope_status":"inside_official_city_boundary","transport_raw":0.257,"transport_count":2,"transport_activity":0.164,"representation":"official-boundary-scoped major-road transport-event activity","timing_note":"Road color is a three-year transport-event activity surface on current OSM major road geometry retained inside the official city boundary, not measured traffic volume or congestion."},"geometry":{"type":"LineString","coordinates":[[-0.0485304,51.4938879],[-0.0484159,51.4938322]]}},{"type":"Feature","properties":{"id":"lens-traffic-road-london-way/4277728","layer":"traffic_road","category":"transport","year":1994,"visible_year":2025,"rank":4,"name":"Clayton Road","source_id":"way/4277728","source_url":"https://www.openstreetmap.org/way/4277728","license":"ODbL","city_scope_status":"inside_official_city_boundary","transport_raw":0.256,"transport_count":2,"transport_activity":0.164,"representation":"official-boundary-scoped major-road transport-event activity","timing_note":"Road color is a three-year transport-event activity surface on current OSM major road geometry retained inside the official city boundary, not measured traffic volume or congestion."},"geometry":{"type":"LineString","coordinates":[[-0.0655706,51.4738974],[-0.0655639,51.4738312],[-0.0655662,51.4737689],[-0.0655708,51.4737345],[-0.0655772,51.4736978],[-0.0656028,51.4735037],[-0.065623,51.4731454],[-0.0656272,51.4730804],[-0.0656287,51.4727592],[-0.0656377,51.4725832],[-0.0656454,51.4724807],[-0.0656578,51.4724126]]}},{"type":"Feature","properties":{"id":"lens-traffic-road-london-way/443866857","layer":"traffic_road","category":"transport","year":1994,"visible_year":2025,"rank":3,"name":"Redriff Road","source_id":"way/443866857","source_url":"https://www.openstreetmap.org/way/443866857","license":"ODbL","city_scope_status":"inside_official_city_boundary","transport_raw":0.256,"transport_count":2,"transport_activity":0.164,"representation":"official-boundary-scoped major-road transport-event activity","timing_note":"Road color is a three-year transport-event activity surface on current OSM major road geometry retained inside the official city boundary, not measured traffic volume or congestion."},"geometry":{"type":"LineString","coordinates":[[-0.0471517,51.4932338],[-0.0470606,51.4932278],[-0.0470029,51.493225],[-0.0469767,51.4932249],[-0.0469134,51.493229],[-0.0468141,51.4932483],[-0.0467112,51.4932774]]}},{"type":"Feature","properties":{"id":"lens-traffic-road-london-way/60769063","layer":"traffic_road","category":"transport","year":1994,"visible_year":2025,"rank":4,"name":"Lower Road","source_id":"way/60769063","source_url":"https://www.openstreetmap.org/way/60769063","license":"ODbL","city_scope_status":"inside_official_city_boundary","transport_raw":0.256,"transport_count":2,"transport_activity":0.164,"representation":"official-boundary-scoped major-road transport-event activity","timing_note":"Road color is a three-year transport-event activity surface on current OSM major road geometry retained inside the official city boundary, not measured traffic volume or congestion."},"geometry":{"type":"LineString","coordinates":[[-0.0450524,51.4920287],[-0.044974,51.4919812]]}},{"type":"Feature","properties":{"id":"lens-traffic-road-london-way/1068255194","layer":"traffic_road","category":"transport","year":1994,"visible_year":2025,"rank":4.5,"name":"Peckham High Street","source_id":"way/1068255194","source_url":"https://www.openstreetmap.org/way/1068255194","license":"ODbL","city_scope_status":"inside_official_city_boundary","transport_raw":0.256,"transport_count":2,"transport_activity":0.163,"representation":"official-boundary-scoped major-road transport-event activity","timing_note":"Road color is a three-year transport-event activity surface on current OSM major road geometry retained inside the official city boundary, not measured traffic volume or congestion."},"geometry":{"type":"LineString","coordinates":[[-0.0654511,51.474011],[-0.0653158,51.4740122]]}},{"type":"Feature","properties":{"id":"lens-traffic-road-london-way/1069542839","layer":"traffic_road","category":"transport","year":1994,"visible_year":2023,"rank":4,"name":"Lower Road","source_id":"way/1069542839","source_url":"https://www.openstreetmap.org/way/1069542839","license":"ODbL","city_scope_status":"inside_official_city_boundary","transport_raw":0.256,"transport_count":2,"transport_activity":0.163,"representation":"official-boundary-scoped major-road transport-event activity","timing_note":"Road color is a three-year transport-event activity surface on current OSM major road geometry retained inside the official city boundary, not measured traffic volume or congestion."},"geometry":{"type":"LineString","coordinates":[[-0.0484159,51.4938322],[-0.0483056,51.4938173],[-0.0482907,51.4938105]]}},{"type":"Feature","properties":{"id":"lens-traffic-road-london-way/1108064517","layer":"traffic_road","category":"transport","year":1994,"visible_year":2023,"rank":4,"name":"Lower Road","source_id":"way/1108064517","source_url":"https://www.openstreetmap.org/way/1108064517","license":"ODbL","city_scope_status":"inside_official_city_boundary","transport_raw":0.256,"transport_count":2,"transport_activity":0.163,"representation":"official-boundary-scoped major-road transport-event activity","timing_note":"Road color is a three-year transport-event activity surface on current OSM major road geometry retained inside the official city boundary, not measured traffic volume or congestion."},"geometry":{"type":"LineString","coordinates":[[-0.0482907,51.4938105],[-0.0482561,51.4937937],[-0.0481744,51.4937533]]}},{"type":"Feature","properties":{"id":"lens-traffic-road-london-way/1159463061","layer":"traffic_road","category":"transport","year":1994,"visible_year":2025,"rank":4,"name":"Lower Road","source_id":"way/1159463061","source_url":"https://www.openstreetmap.org/way/1159463061","license":"ODbL","city_scope_status":"inside_official_city_boundary","transport_raw":0.255,"transport_count":2,"transport_activity":0.163,"representation":"official-boundary-scoped major-road transport-event activity","timing_note":"Road color is a three-year transport-event activity surface on current OSM major road geometry retained inside the official city boundary, not measured traffic volume or congestion."},"geometry":{"type":"LineString","coordinates":[[-0.0449147,51.49192],[-0.0448605,51.491892]]}},{"type":"Feature","properties":{"id":"lens-traffic-road-london-way/298071605","layer":"traffic_road","category":"transport","year":1994,"visible_year":2025,"rank":4.5,"name":"Peckham High Street","source_id":"way/298071605","source_url":"https://www.openstreetmap.org/way/298071605","license":"ODbL","city_scope_status":"inside_official_city_boundary","transport_raw":0.254,"transport_count":2,"transport_activity":0.163,"representation":"official-boundary-scoped major-road transport-event activity","timing_note":"Road color is a three-year transport-event activity surface on current OSM major road geometry retained inside the official city boundary, not measured traffic volume or congestion."},"geometry":{"type":"LineString","coordinates":[[-0.06536,51.4739008],[-0.0654253,51.473899],[-0.0655706,51.4738974]]}},{"type":"Feature","properties":{"id":"lens-traffic-road-london-way/863819878","layer":"traffic_road","category":"transport","year":1994,"visible_year":2025,"rank":4,"name":"Lower Road","source_id":"way/863819878","source_url":"https://www.openstreetmap.org/way/863819878","license":"ODbL","city_scope_status":"inside_official_city_boundary","transport_raw":0.253,"transport_count":2,"transport_activity":0.162,"representation":"official-boundary-scoped major-road transport-event activity","timing_note":"Road color is a three-year transport-event activity surface on current OSM major road geometry retained inside the official city boundary, not measured traffic volume or congestion."},"geometry":{"type":"LineString","coordinates":[[-0.0448605,51.491892],[-0.044825,51.4918737]]}},{"type":"Feature","properties":{"id":"lens-traffic-road-london-way/1216142195","layer":"traffic_road","category":"transport","year":1994,"visible_year":2025,"rank":4,"name":"Lower Road","source_id":"way/1216142195","source_url":"https://www.openstreetmap.org/way/1216142195","license":"ODbL","city_scope_status":"inside_official_city_boundary","transport_raw":0.253,"transport_count":2,"transport_activity":0.161,"representation":"official-boundary-scoped major-road transport-event activity","timing_note":"Road color is a three-year transport-event activity surface on current OSM major road geometry retained inside the official city boundary, not measured traffic volume or congestion."},"geometry":{"type":"LineString","coordinates":[[-0.0486735,51.4939546],[-0.0486105,51.4939268],[-0.0485304,51.4938879]]}},{"type":"Feature","properties":{"id":"lens-traffic-road-london-way/1259261740","layer":"traffic_road","category":"transport","year":1994,"visible_year":2025,"rank":3,"name":"Redriff Road","source_id":"way/1259261740","source_url":"https://www.openstreetmap.org/way/1259261740","license":"ODbL","city_scope_status":"inside_official_city_boundary","transport_raw":0.251,"transport_count":2,"transport_activity":0.161,"representation":"official-boundary-scoped major-road transport-event activity","timing_note":"Road color is a three-year transport-event activity surface on current OSM major road geometry retained inside the official city boundary, not measured traffic volume or congestion."},"geometry":{"type":"LineString","coordinates":[[-0.0467214,51.4931593],[-0.0467304,51.4931456]]}},{"type":"Feature","properties":{"id":"lens-traffic-road-london-way/315680269","layer":"traffic_road","category":"transport","year":1994,"visible_year":2026,"rank":4,"name":"Lower Road","source_id":"way/315680269","source_url":"https://www.openstreetmap.org/way/315680269","license":"ODbL","city_scope_status":"inside_official_city_boundary","transport_raw":0.25,"transport_count":2,"transport_activity":0.16,"representation":"official-boundary-scoped major-road transport-event activity","timing_note":"Road color is a three-year transport-event activity surface on current OSM major road geometry retained inside the official city boundary, not measured traffic volume or congestion."},"geometry":{"type":"LineString","coordinates":[[-0.044825,51.4918737],[-0.0447667,51.4918351],[-0.0447078,51.4917923]]}},{"type":"Feature","properties":{"id":"lens-traffic-road-london-way/1253091489","layer":"traffic_road","category":"transport","year":1994,"visible_year":2025,"rank":3,"name":"Redriff Road","source_id":"way/1253091489","source_url":"https://www.openstreetmap.org/way/1253091489","license":"ODbL","city_scope_status":"inside_official_city_boundary","transport_raw":0.248,"transport_count":2,"transport_activity":0.159,"representation":"official-boundary-scoped major-road transport-event activity","timing_note":"Road color is a three-year transport-event activity surface on current OSM major road geometry retained inside the official city boundary, not measured traffic volume or congestion."},"geometry":{"type":"LineString","coordinates":[[-0.0467122,51.4931661],[-0.0467214,51.4931593]]}},{"type":"Feature","properties":{"id":"lens-traffic-road-london-way/1068255192","layer":"traffic_road","category":"transport","year":1994,"visible_year":2025,"rank":4.5,"name":"Peckham High Street","source_id":"way/1068255192","source_url":"https://www.openstreetmap.org/way/1068255192","license":"ODbL","city_scope_status":"inside_official_city_boundary","transport_raw":0.248,"transport_count":2,"transport_activity":0.158,"representation":"official-boundary-scoped major-road transport-event activity","timing_note":"Road color is a three-year transport-event activity surface on current OSM major road geometry retained inside the official city boundary, not measured traffic volume or congestion."},"geometry":{"type":"LineString","coordinates":[[-0.0656133,51.4740105],[-0.0654511,51.474011]]}},{"type":"Feature","properties":{"id":"lens-traffic-road-london-way/315680270","layer":"traffic_road","category":"transport","year":1994,"visible_year":2025,"rank":4,"name":"Lower Road","source_id":"way/315680270","source_url":"https://www.openstreetmap.org/way/315680270","license":"ODbL","city_scope_status":"inside_official_city_boundary","transport_raw":0.248,"transport_count":2,"transport_activity":0.158,"representation":"official-boundary-scoped major-road transport-event activity","timing_note":"Road color is a three-year transport-event activity surface on current OSM major road geometry retained inside the official city boundary, not measured traffic volume or congestion."},"geometry":{"type":"LineString","coordinates":[[-0.0447078,51.4917923],[-0.044566,51.4916756]]}},{"type":"Feature","properties":{"id":"lens-traffic-road-london-way/681918895","layer":"traffic_road","category":"transport","year":1994,"visible_year":2025,"rank":2,"name":"Goldsmith Road","source_id":"way/681918895","source_url":"https://www.openstreetmap.org/way/681918895","license":"ODbL","city_scope_status":"inside_official_city_boundary","transport_raw":0.246,"transport_count":2,"transport_activity":0.158,"representation":"official-boundary-scoped major-road transport-event activity","timing_note":"Road color is a three-year transport-event activity surface on current OSM major road geometry retained inside the official city boundary, not measured traffic volume or congestion."},"geometry":{"type":"LineString","coordinates":[[-0.0647086,51.4756735],[-0.0644364,51.4756798],[-0.0641728,51.4756828],[-0.0640762,51.4756823],[-0.0639092,51.4756816]]}},{"type":"Feature","properties":{"id":"lens-traffic-road-london-way/24817674","layer":"traffic_road","category":"transport","year":1994,"visible_year":2016,"rank":2,"name":"Surrey Canal Road","source_id":"way/24817674","source_url":"https://www.openstreetmap.org/way/24817674","license":"ODbL","city_scope_status":"inside_official_city_boundary","transport_raw":0.245,"transport_count":2,"transport_activity":0.157,"representation":"official-boundary-scoped major-road transport-event activity","timing_note":"Road color is a three-year transport-event activity surface on current OSM major road geometry retained inside the official city boundary, not measured traffic volume or congestion."},"geometry":{"type":"LineString","coordinates":[[-0.0473905,51.4843533],[-0.0467535,51.4843412],[-0.0463929,51.4843299],[-0.0462077,51.4843267],[-0.0460278,51.4843227],[-0.044107,51.4842882],[-0.0436389,51.4842853],[-0.0429874,51.4842755],[-0.0427598,51.4842721],[-0.0426557,51.4842813],[-0.0425513,51.484306],[-0.0424031,51.4843387]]}},{"type":"Feature","properties":{"id":"lens-traffic-road-london-way/1216142196","layer":"traffic_road","category":"transport","year":1994,"visible_year":2025,"rank":4,"name":"Lower Road","source_id":"way/1216142196","source_url":"https://www.openstreetmap.org/way/1216142196","license":"ODbL","city_scope_status":"inside_official_city_boundary","transport_raw":0.244,"transport_count":2,"transport_activity":0.156,"representation":"official-boundary-scoped major-road transport-event activity","timing_note":"Road color is a three-year transport-event activity surface on current OSM major road geometry retained inside the official city boundary, not measured traffic volume or congestion."},"geometry":{"type":"LineString","coordinates":[[-0.0489791,51.4940947],[-0.0489182,51.4940654],[-0.0486735,51.4939546]]}},{"type":"Feature","properties":{"id":"lens-traffic-road-london-way/1258238440","layer":"traffic_road","category":"transport","year":1994,"visible_year":2025,"rank":3,"name":"Plough Way","source_id":"way/1258238440","source_url":"https://www.openstreetmap.org/way/1258238440","license":"ODbL","city_scope_status":"inside_official_city_boundary","transport_raw":0.244,"transport_count":2,"transport_activity":0.156,"representation":"official-boundary-scoped major-road transport-event activity","timing_note":"Road color is a three-year transport-event activity surface on current OSM major road geometry retained inside the official city boundary, not measured traffic volume or congestion."},"geometry":{"type":"LineString","coordinates":[[-0.0446566,51.4918013],[-0.0447078,51.4917923]]}},{"type":"Feature","properties":{"id":"lens-traffic-road-london-way/940210041","layer":"traffic_road","category":"transport","year":1994,"visible_year":2025,"rank":2,"name":"Asylum Road","source_id":"way/940210041","source_url":"https://www.openstreetmap.org/way/940210041","license":"ODbL","city_scope_status":"inside_official_city_boundary","transport_raw":0.243,"transport_count":2,"transport_activity":0.156,"representation":"official-boundary-scoped major-road transport-event activity","timing_note":"Road color is a three-year transport-event activity surface on current OSM major road geometry retained inside the official city boundary, not measured traffic volume or congestion."},"geometry":{"type":"LineString","coordinates":[[-0.0588151,51.477866],[-0.0587459,51.4777473],[-0.0586891,51.4776389],[-0.0586636,51.4775569],[-0.0586416,51.4774834]]}},{"type":"Feature","properties":{"id":"lens-traffic-road-london-way/1235962917","layer":"traffic_road","category":"transport","year":1994,"visible_year":2026,"rank":4,"name":"Lower Road","source_id":"way/1235962917","source_url":"https://www.openstreetmap.org/way/1235962917","license":"ODbL","city_scope_status":"inside_official_city_boundary","transport_raw":0.243,"transport_count":2,"transport_activity":0.155,"representation":"official-boundary-scoped major-road transport-event activity","timing_note":"Road color is a three-year transport-event activity surface on current OSM major road geometry retained inside the official city boundary, not measured traffic volume or congestion."},"geometry":{"type":"LineString","coordinates":[[-0.044566,51.4916756],[-0.0445057,51.4916357],[-0.0444344,51.4916022]]}},{"type":"Feature","properties":{"id":"lens-traffic-road-london-way/1069542822","layer":"traffic_road","category":"transport","year":1994,"visible_year":2025,"rank":4.5,"name":"Queen's Road","source_id":"way/1069542822","source_url":"https://www.openstreetmap.org/way/1069542822","license":"ODbL","city_scope_status":"inside_official_city_boundary","transport_raw":0.239,"transport_count":2,"transport_activity":0.153,"representation":"official-boundary-scoped major-road transport-event activity","timing_note":"Road color is a three-year transport-event activity surface on current OSM major road geometry retained inside the official city boundary, not measured traffic volume or congestion."},"geometry":{"type":"LineString","coordinates":[[-0.0493375,51.4738592],[-0.0496352,51.4737958],[-0.0502487,51.4736327],[-0.0506282,51.4735186],[-0.0510474,51.4733802]]}},{"type":"Feature","properties":{"id":"lens-traffic-road-london-way/51979128","layer":"traffic_road","category":"transport","year":1994,"visible_year":2023,"rank":4,"name":"Clayton Road","source_id":"way/51979128","source_url":"https://www.openstreetmap.org/way/51979128","license":"ODbL","city_scope_status":"inside_official_city_boundary","transport_raw":0.24,"transport_count":2,"transport_activity":0.153,"representation":"official-boundary-scoped major-road transport-event activity","timing_note":"Road color is a three-year transport-event activity surface on current OSM major road geometry retained inside the official city boundary, not measured traffic volume or congestion."},"geometry":{"type":"LineString","coordinates":[[-0.0658948,51.4740068],[-0.0657419,51.4739714],[-0.0656932,51.4739597],[-0.0656337,51.473935],[-0.0655706,51.4738974]]}},{"type":"Feature","properties":{"id":"lens-traffic-road-london-way/8147385","layer":"traffic_road","category":"transport","year":1994,"visible_year":2025,"rank":3,"name":"Plough Way","source_id":"way/8147385","source_url":"https://www.openstreetmap.org/way/8147385","license":"ODbL","city_scope_status":"inside_official_city_boundary","transport_raw":0.239,"transport_count":2,"transport_activity":0.153,"representation":"official-boundary-scoped major-road transport-event activity","timing_note":"Road color is a three-year transport-event activity surface on current OSM major road geometry retained inside the official city boundary, not measured traffic volume or congestion."},"geometry":{"type":"LineString","coordinates":[[-0.044825,51.4918737],[-0.0447572,51.4918756],[-0.0446207,51.4918837]]}},{"type":"Feature","properties":{"id":"lens-traffic-road-london-way/1253012670","layer":"traffic_road","category":"transport","year":1994,"visible_year":2026,"rank":4,"name":"Lower Road","source_id":"way/1253012670","source_url":"https://www.openstreetmap.org/way/1253012670","license":"ODbL","city_scope_status":"inside_official_city_boundary","transport_raw":0.237,"transport_count":2,"transport_activity":0.152,"representation":"official-boundary-scoped major-road transport-event activity","timing_note":"Road color is a three-year transport-event activity surface on current OSM major road geometry retained inside the official city boundary, not measured traffic volume or congestion."},"geometry":{"type":"LineString","coordinates":[[-0.0490849,51.4941461],[-0.0489791,51.4940947]]}},{"type":"Feature","properties":{"id":"lens-traffic-road-london-way/298071606","layer":"traffic_road","category":"transport","year":1994,"visible_year":2025,"rank":4.5,"name":"Peckham High Street","source_id":"way/298071606","source_url":"https://www.openstreetmap.org/way/298071606","license":"ODbL","city_scope_status":"inside_official_city_boundary","transport_raw":0.237,"transport_count":2,"transport_activity":0.152,"representation":"official-boundary-scoped major-road transport-event activity","timing_note":"Road color is a three-year transport-event activity surface on current OSM major road geometry retained inside the official city boundary, not measured traffic volume or congestion."},"geometry":{"type":"LineString","coordinates":[[-0.0658948,51.4740068],[-0.065732,51.4740108],[-0.0656725,51.4740106],[-0.0656133,51.4740105]]}},{"type":"Feature","properties":{"id":"lens-traffic-road-london-way/123359311","layer":"traffic_road","category":"transport","year":1994,"visible_year":2025,"rank":4,"name":"Rotherhithe New Road","source_id":"way/123359311","source_url":"https://www.openstreetmap.org/way/123359311","license":"ODbL","city_scope_status":"inside_official_city_boundary","transport_raw":0.235,"transport_count":2,"transport_activity":0.15,"representation":"official-boundary-scoped major-road transport-event activity","timing_note":"Road color is a three-year transport-event activity surface on current OSM major road geometry retained inside the official city boundary, not measured traffic volume or congestion."},"geometry":{"type":"LineString","coordinates":[[-0.0626305,51.4866905],[-0.0630328,51.4864472],[-0.0633636,51.4862431],[-0.0638252,51.4859733],[-0.0650153,51.4853406],[-0.0654305,51.4851206]]}},{"type":"Feature","properties":{"id":"lens-traffic-road-london-way/1216142197","layer":"traffic_road","category":"transport","year":1994,"visible_year":2026,"rank":4,"name":"Lower Road","source_id":"way/1216142197","source_url":"https://www.openstreetmap.org/way/1216142197","license":"ODbL","city_scope_status":"inside_official_city_boundary","transport_raw":0.231,"transport_count":2,"transport_activity":0.148,"representation":"official-boundary-scoped major-road transport-event activity","timing_note":"Road color is a three-year transport-event activity surface on current OSM major road geometry retained inside the official city boundary, not measured traffic volume or congestion."},"geometry":{"type":"LineString","coordinates":[[-0.0493377,51.4942503],[-0.0492093,51.4941989],[-0.0491517,51.4941751],[-0.0490849,51.4941461]]}},{"type":"Feature","properties":{"id":"lens-traffic-road-london-way/148592738","layer":"traffic_road","category":"transport","year":1994,"visible_year":2022,"rank":4,"name":"Evelina Road","source_id":"way/148592738","source_url":"https://www.openstreetmap.org/way/148592738","license":"ODbL","city_scope_status":"inside_official_city_boundary","transport_raw":0.232,"transport_count":2,"transport_activity":0.148,"representation":"official-boundary-scoped major-road transport-event activity","timing_note":"Road color is a three-year transport-event activity surface on current OSM major road geometry retained inside the official city boundary, not measured traffic volume or congestion."},"geometry":{"type":"LineString","coordinates":[[-0.0528666,51.4686471],[-0.0527392,51.4687608],[-0.0525177,51.4689611],[-0.0522573,51.4691986],[-0.0521409,51.4693146],[-0.0518324,51.4695298],[-0.0517256,51.4696104],[-0.0516661,51.4696681]]}},{"type":"Feature","properties":{"id":"lens-traffic-road-london-way/312963558","layer":"traffic_road","category":"transport","year":1994,"visible_year":2022,"rank":4,"name":"Consort Road","source_id":"way/312963558","source_url":"https://www.openstreetmap.org/way/312963558","license":"ODbL","city_scope_status":"inside_official_city_boundary","transport_raw":0.227,"transport_count":2,"transport_activity":0.145,"representation":"official-boundary-scoped major-road transport-event activity","timing_note":"Road color is a three-year transport-event activity surface on current OSM major road geometry retained inside the official city boundary, not measured traffic volume or congestion."},"geometry":{"type":"LineString","coordinates":[[-0.0625337,51.4688074],[-0.0624787,51.4687176],[-0.0622043,51.4681081],[-0.0621571,51.4680019]]}},{"type":"Feature","properties":{"id":"lens-traffic-road-london-way/443866856","layer":"traffic_road","category":"transport","year":1994,"visible_year":2025,"rank":3,"name":"Redriff Road","source_id":"way/443866856","source_url":"https://www.openstreetmap.org/way/443866856","license":"ODbL","city_scope_status":"inside_official_city_boundary","transport_raw":0.226,"transport_count":2,"transport_activity":0.144,"representation":"official-boundary-scoped major-road transport-event activity","timing_note":"Road color is a three-year transport-event activity surface on current OSM major road geometry retained inside the official city boundary, not measured traffic volume or congestion."},"geometry":{"type":"LineString","coordinates":[[-0.0465507,51.4932946],[-0.0467122,51.4931661]]}},{"type":"Feature","properties":{"id":"lens-traffic-road-london-way/1068255191","layer":"traffic_road","category":"transport","year":1994,"visible_year":2025,"rank":4.5,"name":"Peckham High Street","source_id":"way/1068255191","source_url":"https://www.openstreetmap.org/way/1068255191","license":"ODbL","city_scope_status":"inside_official_city_boundary","transport_raw":0.222,"transport_count":2,"transport_activity":0.142,"representation":"official-boundary-scoped major-road transport-event activity","timing_note":"Road color is a three-year transport-event activity surface on current OSM major road geometry retained inside the official city boundary, not measured traffic volume or congestion."},"geometry":{"type":"LineString","coordinates":[[-0.066138,51.4740089],[-0.0658948,51.4740068]]}},{"type":"Feature","properties":{"id":"lens-traffic-road-london-way/152188688","layer":"traffic_road","category":"transport","year":1994,"visible_year":2022,"rank":4,"name":"Copeland Road","source_id":"way/152188688","source_url":"https://www.openstreetmap.org/way/152188688","license":"ODbL","city_scope_status":"inside_official_city_boundary","transport_raw":0.222,"transport_count":2,"transport_activity":0.142,"representation":"official-boundary-scoped major-road transport-event activity","timing_note":"Road color is a three-year transport-event activity surface on current OSM major road geometry retained inside the official city boundary, not measured traffic volume or congestion."},"geometry":{"type":"LineString","coordinates":[[-0.0651214,51.4695017],[-0.0651279,51.4696084],[-0.0650995,51.4697032],[-0.0650731,51.4697601],[-0.0649801,51.4698479],[-0.0648744,51.4699198],[-0.0647666,51.4699685],[-0.0646028,51.470001],[-0.0644234,51.4700208],[-0.0642985,51.4700301]]}},{"type":"Feature","properties":{"id":"lens-traffic-road-london-way/681918897","layer":"traffic_road","category":"transport","year":1994,"visible_year":2019,"rank":2,"name":"Goldsmith Road","source_id":"way/681918897","source_url":"https://www.openstreetmap.org/way/681918897","license":"ODbL","city_scope_status":"inside_official_city_boundary","transport_raw":0.222,"transport_count":2,"transport_activity":0.142,"representation":"official-boundary-scoped major-road transport-event activity","timing_note":"Road color is a three-year transport-event activity surface on current OSM major road geometry retained inside the official city boundary, not measured traffic volume or congestion."},"geometry":{"type":"LineString","coordinates":[[-0.0649072,51.475658],[-0.0647086,51.4756735]]}},{"type":"Feature","properties":{"id":"lens-traffic-road-london-way/315680275","layer":"traffic_road","category":"transport","year":1994,"visible_year":2025,"rank":3,"name":"Plough Way","source_id":"way/315680275","source_url":"https://www.openstreetmap.org/way/315680275","license":"ODbL","city_scope_status":"inside_official_city_boundary","transport_raw":0.22,"transport_count":2,"transport_activity":0.141,"representation":"official-boundary-scoped major-road transport-event activity","timing_note":"Road color is a three-year transport-event activity surface on current OSM major road geometry retained inside the official city boundary, not measured traffic volume or congestion."},"geometry":{"type":"LineString","coordinates":[[-0.0444955,51.4918778],[-0.0445131,51.4918597],[-0.0445299,51.4918507],[-0.0445661,51.4918337],[-0.0446566,51.4918013]]}},{"type":"Feature","properties":{"id":"lens-traffic-road-london-way/28884258","layer":"traffic_road","category":"transport","year":1994,"visible_year":2025,"rank":4.5,"name":"Peckham High Street","source_id":"way/28884258","source_url":"https://www.openstreetmap.org/way/28884258","license":"ODbL","city_scope_status":"inside_official_city_boundary","transport_raw":0.219,"transport_count":2,"transport_activity":0.14,"representation":"official-boundary-scoped major-road transport-event activity","timing_note":"Road color is a three-year transport-event activity surface on current OSM major road geometry retained inside the official city boundary, not measured traffic volume or congestion."},"geometry":{"type":"LineString","coordinates":[[-0.0655706,51.4738974],[-0.0666527,51.473897]]}},{"type":"Feature","properties":{"id":"lens-traffic-road-london-way/7997713","layer":"traffic_road","category":"transport","year":1994,"visible_year":2025,"rank":4,"name":"Southwark Park Road","source_id":"way/7997713","source_url":"https://www.openstreetmap.org/way/7997713","license":"ODbL","city_scope_status":"inside_official_city_boundary","transport_raw":0.217,"transport_count":2,"transport_activity":0.139,"representation":"official-boundary-scoped major-road transport-event activity","timing_note":"Road color is a three-year transport-event activity surface on current OSM major road geometry retained inside the official city boundary, not measured traffic volume or congestion."},"geometry":{"type":"LineString","coordinates":[[-0.0632485,51.4922395],[-0.0630723,51.4922573],[-0.0628737,51.4922773],[-0.0627967,51.4922838],[-0.0627194,51.4922858],[-0.062632,51.4922837],[-0.0624733,51.4922773],[-0.0623869,51.4922729],[-0.0622959,51.492266],[-0.0621747,51.4922562],[-0.061871,51.4922275],[-0.0616607,51.4922053],[-0.0616354,51.4922022],[-0.0615207,51.492188],[-0.0614085,51.4921741],[-0.0611293,51.4921376],[-0.0610491,51.4921259],[-0.0608171,51.4920848]]}},{"type":"Feature","properties":{"id":"lens-traffic-road-london-way/863819885","layer":"traffic_road","category":"transport","year":1994,"visible_year":2025,"rank":4,"name":"Lower Road","source_id":"way/863819885","source_url":"https://www.openstreetmap.org/way/863819885","license":"ODbL","city_scope_status":"inside_official_city_boundary","transport_raw":0.218,"transport_count":2,"transport_activity":0.139,"representation":"official-boundary-scoped major-road transport-event activity","timing_note":"Road color is a three-year transport-event activity surface on current OSM major road geometry retained inside the official city boundary, not measured traffic volume or congestion."},"geometry":{"type":"LineString","coordinates":[[-0.0444344,51.4916022],[-0.0439124,51.4912387],[-0.0436137,51.4910267]]}},{"type":"Feature","properties":{"id":"lens-traffic-road-london-way/109277057","layer":"traffic_road","category":"transport","year":1994,"visible_year":2022,"rank":4,"name":"Evelina Road","source_id":"way/109277057","source_url":"https://www.openstreetmap.org/way/109277057","license":"ODbL","city_scope_status":"inside_official_city_boundary","transport_raw":0.216,"transport_count":2,"transport_activity":0.138,"representation":"official-boundary-scoped major-road transport-event activity","timing_note":"Road color is a three-year transport-event activity surface on current OSM major road geometry retained inside the official city boundary, not measured traffic volume or congestion."},"geometry":{"type":"LineString","coordinates":[[-0.0528666,51.4686471],[-0.0530756,51.4684652]]}},{"type":"Feature","properties":{"id":"lens-traffic-road-london-way/1357114022","layer":"traffic_road","category":"transport","year":1994,"visible_year":2025,"rank":3,"name":"Plough Way","source_id":"way/1357114022","source_url":"https://www.openstreetmap.org/way/1357114022","license":"ODbL","city_scope_status":"inside_official_city_boundary","transport_raw":0.216,"transport_count":2,"transport_activity":0.138,"representation":"official-boundary-scoped major-road transport-event activity","timing_note":"Road color is a three-year transport-event activity surface on current OSM major road geometry retained inside the official city boundary, not measured traffic volume or congestion."},"geometry":{"type":"LineString","coordinates":[[-0.0446207,51.4918837],[-0.044577,51.4918848],[-0.0444955,51.4918778]]}},{"type":"Feature","properties":{"id":"lens-traffic-road-london-way/1254233317","layer":"traffic_road","category":"transport","year":1994,"visible_year":2025,"rank":3,"name":"Redriff Road","source_id":"way/1254233317","source_url":"https://www.openstreetmap.org/way/1254233317","license":"ODbL","city_scope_status":"inside_official_city_boundary","transport_raw":0.214,"transport_count":2,"transport_activity":0.137,"representation":"official-boundary-scoped major-road transport-event activity","timing_note":"Road color is a three-year transport-event activity surface on current OSM major road geometry retained inside the official city boundary, not measured traffic volume or congestion."},"geometry":{"type":"LineString","coordinates":[[-0.0467112,51.4932774],[-0.0465507,51.4932946]]}},{"type":"Feature","properties":{"id":"lens-traffic-road-london-way/1068255190","layer":"traffic_road","category":"transport","year":1994,"visible_year":2025,"rank":4.5,"name":"Peckham High Street","source_id":"way/1068255190","source_url":"https://www.openstreetmap.org/way/1068255190","license":"ODbL","city_scope_status":"inside_official_city_boundary","transport_raw":0.208,"transport_count":2,"transport_activity":0.133,"representation":"official-boundary-scoped major-road transport-event activity","timing_note":"Road color is a three-year transport-event activity surface on current OSM major road geometry retained inside the official city boundary, not measured traffic volume or congestion."},"geometry":{"type":"LineString","coordinates":[[-0.0664368,51.4740118],[-0.0662521,51.47401],[-0.066138,51.4740089]]}},{"type":"Feature","properties":{"id":"lens-traffic-road-london-way/219987151","layer":"traffic_road","category":"transport","year":1994,"visible_year":2025,"rank":4,"name":"Bestwood Street","source_id":"way/219987151","source_url":"https://www.openstreetmap.org/way/219987151","license":"ODbL","city_scope_status":"inside_official_city_boundary","transport_raw":0.208,"transport_count":2,"transport_activity":0.133,"representation":"official-boundary-scoped major-road transport-event activity","timing_note":"Road color is a three-year transport-event activity surface on current OSM major road geometry retained inside the official city boundary, not measured traffic volume or congestion."},"geometry":{"type":"LineString","coordinates":[[-0.0425452,51.4900004],[-0.0426237,51.489993],[-0.0427873,51.4899988],[-0.042975,51.4900063],[-0.043256,51.4900205],[-0.0435141,51.4900322],[-0.0436654,51.4900421]]}},{"type":"Feature","properties":{"id":"lens-traffic-road-london-way/27921955","layer":"traffic_road","category":"transport","year":1994,"visible_year":2021,"rank":3,"name":"Gellatly Road","source_id":"way/27921955","source_url":"https://www.openstreetmap.org/way/27921955","license":"ODbL","city_scope_status":"inside_official_city_boundary","transport_raw":0.205,"transport_count":2,"transport_activity":0.131,"representation":"official-boundary-scoped major-road transport-event activity","timing_note":"Road color is a three-year transport-event activity surface on current OSM major road geometry retained inside the official city boundary, not measured traffic volume or congestion."},"geometry":{"type":"LineString","coordinates":[[-0.0507593,51.4693596],[-0.0508252,51.469382],[-0.0509532,51.4694256],[-0.0512282,51.4695242],[-0.0515839,51.4696422],[-0.0516661,51.4696681]]}},{"type":"Feature","properties":{"id":"lens-traffic-road-london-way/1108063667","layer":"traffic_road","category":"transport","year":1994,"visible_year":2025,"rank":4,"name":"Lower Road","source_id":"way/1108063667","source_url":"https://www.openstreetmap.org/way/1108063667","license":"ODbL","city_scope_status":"inside_official_city_boundary","transport_raw":0.195,"transport_count":2,"transport_activity":0.125,"representation":"official-boundary-scoped major-road transport-event activity","timing_note":"Road color is a three-year transport-event activity surface on current OSM major road geometry retained inside the official city boundary, not measured traffic volume or congestion."},"geometry":{"type":"LineString","coordinates":[[-0.0502255,51.4946739],[-0.0501415,51.4946217],[-0.0500486,51.4945713],[-0.0499085,51.4945021],[-0.0498582,51.4944779],[-0.0493377,51.4942503]]}},{"type":"Feature","properties":{"id":"lens-traffic-road-london-way/1266813105","layer":"traffic_road","category":"transport","year":1994,"visible_year":2025,"rank":3,"name":"Redriff Road","source_id":"way/1266813105","source_url":"https://www.openstreetmap.org/way/1266813105","license":"ODbL","city_scope_status":"inside_official_city_boundary","transport_raw":0.189,"transport_count":2,"transport_activity":0.121,"representation":"official-boundary-scoped major-road transport-event activity","timing_note":"Road color is a three-year transport-event activity surface on current OSM major road geometry retained inside the official city boundary, not measured traffic volume or congestion."},"geometry":{"type":"LineString","coordinates":[[-0.0465507,51.4932946],[-0.0463682,51.4933588]]}},{"type":"Feature","properties":{"id":"lens-traffic-road-london-way/51979130","layer":"traffic_road","category":"transport","year":1994,"visible_year":2025,"rank":4.5,"name":"Peckham High Street","source_id":"way/51979130","source_url":"https://www.openstreetmap.org/way/51979130","license":"ODbL","city_scope_status":"inside_official_city_boundary","transport_raw":0.189,"transport_count":2,"transport_activity":0.121,"representation":"official-boundary-scoped major-road transport-event activity","timing_note":"Road color is a three-year transport-event activity surface on current OSM major road geometry retained inside the official city boundary, not measured traffic volume or congestion."},"geometry":{"type":"LineString","coordinates":[[-0.0667963,51.4740237],[-0.0664368,51.4740118]]}},{"type":"Feature","properties":{"id":"lens-traffic-road-london-way/1235962916","layer":"traffic_road","category":"transport","year":1994,"visible_year":2025,"rank":4,"name":"Lower Road","source_id":"way/1235962916","source_url":"https://www.openstreetmap.org/way/1235962916","license":"ODbL","city_scope_status":"inside_official_city_boundary","transport_raw":0.188,"transport_count":2,"transport_activity":0.12,"representation":"official-boundary-scoped major-road transport-event activity","timing_note":"Road color is a three-year transport-event activity surface on current OSM major road geometry retained inside the official city boundary, not measured traffic volume or congestion."},"geometry":{"type":"LineString","coordinates":[[-0.0436137,51.4910267],[-0.0435372,51.490975],[-0.0433541,51.4908508]]}},{"type":"Feature","properties":{"id":"lens-traffic-road-london-way/1243927523","layer":"traffic_road","category":"transport","year":1994,"visible_year":2025,"rank":4.5,"name":"Queen's Road","source_id":"way/1243927523","source_url":"https://www.openstreetmap.org/way/1243927523","license":"ODbL","city_scope_status":"inside_official_city_boundary","transport_raw":0.185,"transport_count":2,"transport_activity":0.118,"representation":"official-boundary-scoped major-road transport-event activity","timing_note":"Road color is a three-year transport-event activity surface on current OSM major road geometry retained inside the official city boundary, not measured traffic volume or congestion."},"geometry":{"type":"LineString","coordinates":[[-0.0492013,51.4738877],[-0.04926,51.4738757],[-0.0493375,51.4738592]]}},{"type":"Feature","properties":{"id":"lens-traffic-road-london-way/1152266274","layer":"traffic_road","category":"transport","year":1994,"visible_year":2025,"rank":4.5,"name":"Peckham High Street","source_id":"way/1152266274","source_url":"https://www.openstreetmap.org/way/1152266274","license":"ODbL","city_scope_status":"inside_official_city_boundary","transport_raw":0.182,"transport_count":2,"transport_activity":0.116,"representation":"official-boundary-scoped major-road transport-event activity","timing_note":"Road color is a three-year transport-event activity surface on current OSM major road geometry retained inside the official city boundary, not measured traffic volume or congestion."},"geometry":{"type":"LineString","coordinates":[[-0.0666527,51.473897],[-0.0667231,51.4738976],[-0.0667652,51.4738988],[-0.0668636,51.473903],[-0.0669638,51.4739078]]}},{"type":"Feature","properties":{"id":"lens-traffic-road-london-way/647079762","layer":"traffic_road","category":"transport","year":1994,"visible_year":2018,"rank":4,"name":"Consort Road","source_id":"way/647079762","source_url":"https://www.openstreetmap.org/way/647079762","license":"ODbL","city_scope_status":"inside_official_city_boundary","transport_raw":0.181,"transport_count":2,"transport_activity":0.116,"representation":"official-boundary-scoped major-road transport-event activity","timing_note":"Road color is a three-year transport-event activity surface on current OSM major road geometry retained inside the official city boundary, not measured traffic volume or congestion."},"geometry":{"type":"LineString","coordinates":[[-0.0621571,51.4680019],[-0.0620697,51.4677905],[-0.0620195,51.467678],[-0.0618404,51.4673103]]}},{"type":"Feature","properties":{"id":"lens-traffic-road-london-way/25886265","layer":"traffic_road","category":"transport","year":1994,"visible_year":2023,"rank":4,"name":"Evelina Road","source_id":"way/25886265","source_url":"https://www.openstreetmap.org/way/25886265","license":"ODbL","city_scope_status":"inside_official_city_boundary","transport_raw":0.179,"transport_count":2,"transport_activity":0.114,"representation":"official-boundary-scoped major-road transport-event activity","timing_note":"Road color is a three-year transport-event activity surface on current OSM major road geometry retained inside the official city boundary, not measured traffic volume or congestion."},"geometry":{"type":"LineString","coordinates":[[-0.0530756,51.4684652],[-0.0533453,51.4682307],[-0.0539038,51.4678093],[-0.0539861,51.4677506],[-0.0544368,51.4674359],[-0.0546079,51.4673174],[-0.0546778,51.4672763],[-0.0549795,51.467099],[-0.05567,51.4667513]]}},{"type":"Feature","properties":{"id":"lens-traffic-road-london-way/312963559","layer":"traffic_road","category":"transport","year":1994,"visible_year":2022,"rank":4,"name":"Copeland Road","source_id":"way/312963559","source_url":"https://www.openstreetmap.org/way/312963559","license":"ODbL","city_scope_status":"inside_official_city_boundary","transport_raw":0.179,"transport_count":2,"transport_activity":0.114,"representation":"official-boundary-scoped major-road transport-event activity","timing_note":"Road color is a three-year transport-event activity surface on current OSM major road geometry retained inside the official city boundary, not measured traffic volume or congestion."},"geometry":{"type":"LineString","coordinates":[[-0.0649982,51.4690032],[-0.0650184,51.4690782],[-0.0651214,51.4695017]]}},{"type":"Feature","properties":{"id":"lens-traffic-road-london-way/1065388506","layer":"traffic_road","category":"transport","year":1994,"visible_year":2025,"rank":4.5,"name":"Queen's Road","source_id":"way/1065388506","source_url":"https://www.openstreetmap.org/way/1065388506","license":"ODbL","city_scope_status":"inside_official_city_boundary","transport_raw":0.173,"transport_count":2,"transport_activity":0.111,"representation":"official-boundary-scoped major-road transport-event activity","timing_note":"Road color is a three-year transport-event activity surface on current OSM major road geometry retained inside the official city boundary, not measured traffic volume or congestion."},"geometry":{"type":"LineString","coordinates":[[-0.0489616,51.4739268],[-0.0490357,51.473916],[-0.0492013,51.4738877]]}},{"type":"Feature","properties":{"id":"lens-traffic-road-london-way/1108063666","layer":"traffic_road","category":"transport","year":1994,"visible_year":2025,"rank":4,"name":"Lower Road","source_id":"way/1108063666","source_url":"https://www.openstreetmap.org/way/1108063666","license":"ODbL","city_scope_status":"inside_official_city_boundary","transport_raw":0.169,"transport_count":2,"transport_activity":0.108,"representation":"official-boundary-scoped major-road transport-event activity","timing_note":"Road color is a three-year transport-event activity surface on current OSM major road geometry retained inside the official city boundary, not measured traffic volume or congestion."},"geometry":{"type":"LineString","coordinates":[[-0.0502709,51.4947062],[-0.0502416,51.4946839],[-0.0502255,51.4946739]]}},{"type":"Feature","properties":{"id":"lens-traffic-road-london-way/1152266273","layer":"traffic_road","category":"transport","year":1994,"visible_year":2025,"rank":4.5,"name":"Peckham High Street","source_id":"way/1152266273","source_url":"https://www.openstreetmap.org/way/1152266273","license":"ODbL","city_scope_status":"inside_official_city_boundary","transport_raw":0.169,"transport_count":2,"transport_activity":0.108,"representation":"official-boundary-scoped major-road transport-event activity","timing_note":"Road color is a three-year transport-event activity surface on current OSM major road geometry retained inside the official city boundary, not measured traffic volume or congestion."},"geometry":{"type":"LineString","coordinates":[[-0.0669638,51.4739078],[-0.0670841,51.4739164]]}},{"type":"Feature","properties":{"id":"lens-traffic-road-london-way/52726153","layer":"traffic_road","category":"transport","year":1994,"visible_year":2025,"rank":4.5,"name":"Peckham High Street","source_id":"way/52726153","source_url":"https://www.openstreetmap.org/way/52726153","license":"ODbL","city_scope_status":"inside_official_city_boundary","transport_raw":0.169,"transport_count":2,"transport_activity":0.108,"representation":"official-boundary-scoped major-road transport-event activity","timing_note":"Road color is a three-year transport-event activity surface on current OSM major road geometry retained inside the official city boundary, not measured traffic volume or congestion."},"geometry":{"type":"LineString","coordinates":[[-0.0672642,51.4740217],[-0.0671168,51.4740254],[-0.0669168,51.4740253],[-0.066842,51.4740245],[-0.0667963,51.4740237]]}},{"type":"Feature","properties":{"id":"lens-traffic-road-london-way/27921830","layer":"traffic_road","category":"transport","year":1994,"visible_year":2021,"rank":2,"name":"Gibbon Road","source_id":"way/27921830","source_url":"https://www.openstreetmap.org/way/27921830","license":"ODbL","city_scope_status":"inside_official_city_boundary","transport_raw":0.164,"transport_count":2,"transport_activity":0.105,"representation":"official-boundary-scoped major-road transport-event activity","timing_note":"Road color is a three-year transport-event activity surface on current OSM major road geometry retained inside the official city boundary, not measured traffic volume or congestion."},"geometry":{"type":"LineString","coordinates":[[-0.0528666,51.4686471],[-0.0527748,51.4686051],[-0.0526847,51.4685353],[-0.0515364,51.4675777],[-0.0513887,51.4674592]]}},{"type":"Feature","properties":{"id":"lens-traffic-road-london-way/1430629578","layer":"traffic_road","category":"transport","year":1994,"visible_year":2025,"rank":2,"name":"Asylum Road","source_id":"way/1430629578","source_url":"https://www.openstreetmap.org/way/1430629578","license":"ODbL","city_scope_status":"inside_official_city_boundary","transport_raw":0.162,"transport_count":2,"transport_activity":0.104,"representation":"official-boundary-scoped major-road transport-event activity","timing_note":"Road color is a three-year transport-event activity surface on current OSM major road geometry retained inside the official city boundary, not measured traffic volume or congestion."},"geometry":{"type":"LineString","coordinates":[[-0.0594659,51.4790119],[-0.0594077,51.4788989],[-0.0593659,51.4788241],[-0.0589748,51.4781447],[-0.0588151,51.477866]]}},{"type":"Feature","properties":{"id":"lens-traffic-road-london-way/78686301","layer":"traffic_road","category":"transport","year":1994,"visible_year":2025,"rank":4.5,"name":"Peckham High Street","source_id":"way/78686301","source_url":"https://www.openstreetmap.org/way/78686301","license":"ODbL","city_scope_status":"inside_official_city_boundary","transport_raw":0.16,"transport_count":2,"transport_activity":0.102,"representation":"official-boundary-scoped major-road transport-event activity","timing_note":"Road color is a three-year transport-event activity surface on current OSM major road geometry retained inside the official city boundary, not measured traffic volume or congestion."},"geometry":{"type":"LineString","coordinates":[[-0.0670841,51.4739164],[-0.0672795,51.4739302]]}},{"type":"Feature","properties":{"id":"lens-traffic-road-london-way/169428087","layer":"traffic_road","category":"transport","year":1994,"visible_year":2022,"rank":4,"name":"Copeland Road","source_id":"way/169428087","source_url":"https://www.openstreetmap.org/way/169428087","license":"ODbL","city_scope_status":"inside_official_city_boundary","transport_raw":0.159,"transport_count":2,"transport_activity":0.101,"representation":"official-boundary-scoped major-road transport-event activity","timing_note":"Road color is a three-year transport-event activity surface on current OSM major road geometry retained inside the official city boundary, not measured traffic volume or congestion."},"geometry":{"type":"LineString","coordinates":[[-0.0648994,51.4685198],[-0.0649308,51.4686544],[-0.0649516,51.4687806],[-0.0649697,51.4688904],[-0.0649982,51.4690032]]}},{"type":"Feature","properties":{"id":"lens-traffic-road-london-way/617250283","layer":"traffic_road","category":"transport","year":1994,"visible_year":2025,"rank":4,"name":"Lower Road","source_id":"way/617250283","source_url":"https://www.openstreetmap.org/way/617250283","license":"ODbL","city_scope_status":"inside_official_city_boundary","transport_raw":0.157,"transport_count":2,"transport_activity":0.1,"representation":"official-boundary-scoped major-road transport-event activity","timing_note":"Road color is a three-year transport-event activity surface on current OSM major road geometry retained inside the official city boundary, not measured traffic volume or congestion."},"geometry":{"type":"LineString","coordinates":[[-0.0504086,51.4948147],[-0.0503226,51.4947456],[-0.0502709,51.4947062]]}},{"type":"Feature","properties":{"id":"lens-traffic-road-london-way/51979119","layer":"traffic_road","category":"transport","year":1994,"visible_year":2025,"rank":4.5,"name":"Peckham High Street","source_id":"way/51979119","source_url":"https://www.openstreetmap.org/way/51979119","license":"ODbL","city_scope_status":"inside_official_city_boundary","transport_raw":0.15,"transport_count":2,"transport_activity":0.096,"representation":"official-boundary-scoped major-road transport-event activity","timing_note":"Road color is a three-year transport-event activity surface on current OSM major road geometry retained inside the official city boundary, not measured traffic volume or congestion."},"geometry":{"type":"LineString","coordinates":[[-0.0674252,51.4740156],[-0.0672642,51.4740217]]}},{"type":"Feature","properties":{"id":"lens-traffic-road-london-way/1152266272","layer":"traffic_road","category":"transport","year":1994,"visible_year":2025,"rank":4.5,"name":"Peckham High Street","source_id":"way/1152266272","source_url":"https://www.openstreetmap.org/way/1152266272","license":"ODbL","city_scope_status":"inside_official_city_boundary","transport_raw":0.149,"transport_count":2,"transport_activity":0.095,"representation":"official-boundary-scoped major-road transport-event activity","timing_note":"Road color is a three-year transport-event activity surface on current OSM major road geometry retained inside the official city boundary, not measured traffic volume or congestion."},"geometry":{"type":"LineString","coordinates":[[-0.0672795,51.4739302],[-0.0674928,51.4739493]]}},{"type":"Feature","properties":{"id":"lens-traffic-road-london-way/1207313916","layer":"traffic_road","category":"transport","year":1994,"visible_year":2025,"rank":4,"name":"Lower Road","source_id":"way/1207313916","source_url":"https://www.openstreetmap.org/way/1207313916","license":"ODbL","city_scope_status":"inside_official_city_boundary","transport_raw":0.146,"transport_count":2,"transport_activity":0.093,"representation":"official-boundary-scoped major-road transport-event activity","timing_note":"Road color is a three-year transport-event activity surface on current OSM major road geometry retained inside the official city boundary, not measured traffic volume or congestion."},"geometry":{"type":"LineString","coordinates":[[-0.0433541,51.4908508],[-0.042573,51.490304]]}},{"type":"Feature","properties":{"id":"lens-traffic-road-london-way/1152266271","layer":"traffic_road","category":"transport","year":1994,"visible_year":2025,"rank":4.5,"name":"Peckham High Street","source_id":"way/1152266271","source_url":"https://www.openstreetmap.org/way/1152266271","license":"ODbL","city_scope_status":"inside_official_city_boundary","transport_raw":0.138,"transport_count":2,"transport_activity":0.088,"representation":"official-boundary-scoped major-road transport-event activity","timing_note":"Road color is a three-year transport-event activity surface on current OSM major road geometry retained inside the official city boundary, not measured traffic volume or congestion."},"geometry":{"type":"LineString","coordinates":[[-0.0674928,51.4739493],[-0.0675961,51.4739549],[-0.0676664,51.4739566]]}},{"type":"Feature","properties":{"id":"lens-traffic-road-london-way/1263611954","layer":"traffic_road","category":"transport","year":1994,"visible_year":2025,"rank":4,"name":"Lower Road","source_id":"way/1263611954","source_url":"https://www.openstreetmap.org/way/1263611954","license":"ODbL","city_scope_status":"inside_official_city_boundary","transport_raw":0.138,"transport_count":2,"transport_activity":0.088,"representation":"official-boundary-scoped major-road transport-event activity","timing_note":"Road color is a three-year transport-event activity surface on current OSM major road geometry retained inside the official city boundary, not measured traffic volume or congestion."},"geometry":{"type":"LineString","coordinates":[[-0.050495,51.4948831],[-0.0504615,51.4948566],[-0.0504086,51.4948147]]}},{"type":"Feature","properties":{"id":"lens-traffic-road-london-way/910040548","layer":"traffic_road","category":"transport","year":1994,"visible_year":2021,"rank":4,"name":"Evelina Road","source_id":"way/910040548","source_url":"https://www.openstreetmap.org/way/910040548","license":"ODbL","city_scope_status":"inside_official_city_boundary","transport_raw":0.134,"transport_count":2,"transport_activity":0.086,"representation":"official-boundary-scoped major-road transport-event activity","timing_note":"Road color is a three-year transport-event activity surface on current OSM major road geometry retained inside the official city boundary, not measured traffic volume or congestion."},"geometry":{"type":"LineString","coordinates":[[-0.05567,51.4667513],[-0.0557209,51.4667275]]}},{"type":"Feature","properties":{"id":"lens-traffic-road-london-way/1395103023","layer":"traffic_road","category":"transport","year":1994,"visible_year":2026,"rank":2,"name":"Ilderton Road","source_id":"way/1395103023","source_url":"https://www.openstreetmap.org/way/1395103023","license":"ODbL","city_scope_status":"inside_official_city_boundary","transport_raw":0.128,"transport_count":2,"transport_activity":0.082,"representation":"official-boundary-scoped major-road transport-event activity","timing_note":"Road color is a three-year transport-event activity surface on current OSM major road geometry retained inside the official city boundary, not measured traffic volume or congestion."},"geometry":{"type":"LineString","coordinates":[[-0.0536328,51.4809504],[-0.0536249,51.4808879],[-0.0536222,51.480867],[-0.0536084,51.4807602],[-0.0536031,51.480719],[-0.0535903,51.4806183],[-0.0535887,51.4805681]]}},{"type":"Feature","properties":{"id":"lens-traffic-road-london-way/183292124","layer":"traffic_road","category":"transport","year":1994,"visible_year":2025,"rank":4.5,"name":"Peckham High Street","source_id":"way/183292124","source_url":"https://www.openstreetmap.org/way/183292124","license":"ODbL","city_scope_status":"inside_official_city_boundary","transport_raw":0.129,"transport_count":2,"transport_activity":0.082,"representation":"official-boundary-scoped major-road transport-event activity","timing_note":"Road color is a three-year transport-event activity surface on current OSM major road geometry retained inside the official city boundary, not measured traffic volume or congestion."},"geometry":{"type":"LineString","coordinates":[[-0.0681012,51.4739755],[-0.0680841,51.4739766],[-0.0678011,51.4739992],[-0.0675537,51.4740115],[-0.0674502,51.474015],[-0.0674252,51.4740156]]}},{"type":"Feature","properties":{"id":"lens-traffic-road-london-way/2954579","layer":"traffic_road","category":"transport","year":1994,"visible_year":2026,"rank":4.5,"name":"New Cross Road","source_id":"way/2954579","source_url":"https://www.openstreetmap.org/way/2954579","license":"ODbL","city_scope_status":"inside_official_city_boundary","transport_raw":0.128,"transport_count":2,"transport_activity":0.082,"representation":"official-boundary-scoped major-road transport-event activity","timing_note":"Road color is a three-year transport-event activity surface on current OSM major road geometry retained inside the official city boundary, not measured traffic volume or congestion."},"geometry":{"type":"LineString","coordinates":[[-0.0526683,51.4780022],[-0.0530844,51.4781642],[-0.0534921,51.4783208],[-0.0535732,51.478351]]}},{"type":"Feature","properties":{"id":"lens-traffic-road-london-way/1443205332","layer":"traffic_road","category":"transport","year":1994,"visible_year":2026,"rank":4.5,"name":"Old Kent Road","source_id":"way/1443205332","source_url":"https://www.openstreetmap.org/way/1443205332","license":"ODbL","city_scope_status":"inside_official_city_boundary","transport_raw":0.126,"transport_count":2,"transport_activity":0.08,"representation":"official-boundary-scoped major-road transport-event activity","timing_note":"Road color is a three-year transport-event activity surface on current OSM major road geometry retained inside the official city boundary, not measured traffic volume or congestion."},"geometry":{"type":"LineString","coordinates":[[-0.0539111,51.4784822],[-0.0540733,51.4784855],[-0.0541881,51.4785277]]}},{"type":"Feature","properties":{"id":"lens-traffic-road-london-way/1443205335","layer":"traffic_road","category":"transport","year":1994,"visible_year":2026,"rank":4.5,"name":"Old Kent Road","source_id":"way/1443205335","source_url":"https://www.openstreetmap.org/way/1443205335","license":"ODbL","city_scope_status":"inside_official_city_boundary","transport_raw":0.125,"transport_count":2,"transport_activity":0.08,"representation":"official-boundary-scoped major-road transport-event activity","timing_note":"Road color is a three-year transport-event activity surface on current OSM major road geometry retained inside the official city boundary, not measured traffic volume or congestion."},"geometry":{"type":"LineString","coordinates":[[-0.0535732,51.478351],[-0.0539111,51.4784822]]}},{"type":"Feature","properties":{"id":"lens-traffic-road-london-way/370724114","layer":"traffic_road","category":"transport","year":1994,"visible_year":2026,"rank":4.5,"name":"Old Kent Road","source_id":"way/370724114","source_url":"https://www.openstreetmap.org/way/370724114","license":"ODbL","city_scope_status":"inside_official_city_boundary","transport_raw":0.125,"transport_count":2,"transport_activity":0.08,"representation":"official-boundary-scoped major-road transport-event activity","timing_note":"Road color is a three-year transport-event activity surface on current OSM major road geometry retained inside the official city boundary, not measured traffic volume or congestion."},"geometry":{"type":"LineString","coordinates":[[-0.0541881,51.4785277],[-0.0543404,51.4785835]]}},{"type":"Feature","properties":{"id":"lens-traffic-road-london-way/863839575","layer":"traffic_road","category":"transport","year":1994,"visible_year":2025,"rank":3,"name":"Redriff Road","source_id":"way/863839575","source_url":"https://www.openstreetmap.org/way/863839575","license":"ODbL","city_scope_status":"inside_official_city_boundary","transport_raw":0.125,"transport_count":2,"transport_activity":0.08,"representation":"official-boundary-scoped major-road transport-event activity","timing_note":"Road color is a three-year transport-event activity surface on current OSM major road geometry retained inside the official city boundary, not measured traffic volume or congestion."},"geometry":{"type":"LineString","coordinates":[[-0.0463682,51.4933588],[-0.0460543,51.4934677],[-0.0458803,51.4935453]]}},{"type":"Feature","properties":{"id":"lens-traffic-road-london-way/370724113","layer":"traffic_road","category":"transport","year":1994,"visible_year":2026,"rank":4.5,"name":"Old Kent Road","source_id":"way/370724113","source_url":"https://www.openstreetmap.org/way/370724113","license":"ODbL","city_scope_status":"inside_official_city_boundary","transport_raw":0.123,"transport_count":2,"transport_activity":0.079,"representation":"official-boundary-scoped major-road transport-event activity","timing_note":"Road color is a three-year transport-event activity surface on current OSM major road geometry retained inside the official city boundary, not measured traffic volume or congestion."},"geometry":{"type":"LineString","coordinates":[[-0.0543404,51.4785835],[-0.054637,51.4786921]]}},{"type":"Feature","properties":{"id":"lens-traffic-road-london-way/51979124","layer":"traffic_road","category":"transport","year":1994,"visible_year":2025,"rank":4.5,"name":"Peckham High Street","source_id":"way/51979124","source_url":"https://www.openstreetmap.org/way/51979124","license":"ODbL","city_scope_status":"inside_official_city_boundary","transport_raw":0.123,"transport_count":2,"transport_activity":0.079,"representation":"official-boundary-scoped major-road transport-event activity","timing_note":"Road color is a three-year transport-event activity surface on current OSM major road geometry retained inside the official city boundary, not measured traffic volume or congestion."},"geometry":{"type":"LineString","coordinates":[[-0.0676664,51.4739566],[-0.0677446,51.473956],[-0.0679265,51.4739462],[-0.0681085,51.4739264]]}},{"type":"Feature","properties":{"id":"lens-traffic-road-london-way/7997381","layer":"traffic_road","category":"transport","year":1994,"visible_year":2026,"rank":4.5,"name":"New Cross Road","source_id":"way/7997381","source_url":"https://www.openstreetmap.org/way/7997381","license":"ODbL","city_scope_status":"inside_official_city_boundary","transport_raw":0.124,"transport_count":2,"transport_activity":0.079,"representation":"official-boundary-scoped major-road transport-event activity","timing_note":"Road color is a three-year transport-event activity surface on current OSM major road geometry retained inside the official city boundary, not measured traffic volume or congestion."},"geometry":{"type":"LineString","coordinates":[[-0.0526683,51.4780022],[-0.0524587,51.4779231],[-0.052314,51.477869],[-0.0520309,51.4777632],[-0.051525,51.4775756],[-0.0514617,51.4775522],[-0.0514248,51.4775384],[-0.0512792,51.4774819],[-0.0511555,51.4774339]]}},{"type":"Feature","properties":{"id":"lens-traffic-road-london-way/1443218574","layer":"traffic_road","category":"transport","year":1994,"visible_year":2026,"rank":4.5,"name":"Old Kent Road","source_id":"way/1443218574","source_url":"https://www.openstreetmap.org/way/1443218574","license":"ODbL","city_scope_status":"inside_official_city_boundary","transport_raw":0.121,"transport_count":2,"transport_activity":0.077,"representation":"official-boundary-scoped major-road transport-event activity","timing_note":"Road color is a three-year transport-event activity surface on current OSM major road geometry retained inside the official city boundary, not measured traffic volume or congestion."},"geometry":{"type":"LineString","coordinates":[[-0.0539929,51.4785674],[-0.0539111,51.4784822]]}},{"type":"Feature","properties":{"id":"lens-traffic-road-london-way/1443205330","layer":"traffic_road","category":"transport","year":1994,"visible_year":2026,"rank":4.5,"name":"Old Kent Road","source_id":"way/1443205330","source_url":"https://www.openstreetmap.org/way/1443205330","license":"ODbL","city_scope_status":"inside_official_city_boundary","transport_raw":0.119,"transport_count":2,"transport_activity":0.076,"representation":"official-boundary-scoped major-road transport-event activity","timing_note":"Road color is a three-year transport-event activity surface on current OSM major road geometry retained inside the official city boundary, not measured traffic volume or congestion."},"geometry":{"type":"LineString","coordinates":[[-0.054637,51.4786921],[-0.0548271,51.4787575],[-0.0548706,51.4787724],[-0.0549514,51.4788001]]}},{"type":"Feature","properties":{"id":"lens-traffic-road-london-way/1037431032","layer":"traffic_road","category":"transport","year":1994,"visible_year":2025,"rank":4,"name":"Bestwood Street","source_id":"way/1037431032","source_url":"https://www.openstreetmap.org/way/1037431032","license":"ODbL","city_scope_status":"inside_official_city_boundary","transport_raw":0.118,"transport_count":2,"transport_activity":0.075,"representation":"official-boundary-scoped major-road transport-event activity","timing_note":"Road color is a three-year transport-event activity surface on current OSM major road geometry retained inside the official city boundary, not measured traffic volume or congestion."},"geometry":{"type":"LineString","coordinates":[[-0.0423856,51.490028],[-0.0424855,51.4900117],[-0.0425452,51.4900004]]}},{"type":"Feature","properties":{"id":"lens-traffic-road-london-way/1443205331","layer":"traffic_road","category":"transport","year":1994,"visible_year":2025,"rank":2,"name":"Old Kent Road","source_id":"way/1443205331","source_url":"https://www.openstreetmap.org/way/1443205331","license":"ODbL","city_scope_status":"inside_official_city_boundary","transport_raw":0.117,"transport_count":2,"transport_activity":0.075,"representation":"official-boundary-scoped major-road transport-event activity","timing_note":"Road color is a three-year transport-event activity surface on current OSM major road geometry retained inside the official city boundary, not measured traffic volume or congestion."},"geometry":{"type":"LineString","coordinates":[[-0.054637,51.4786921],[-0.0546902,51.4787561],[-0.0547285,51.4787758],[-0.054766,51.4787936]]}},{"type":"Feature","properties":{"id":"lens-traffic-road-london-way/1443205333","layer":"traffic_road","category":"transport","year":1994,"visible_year":2026,"rank":4.5,"name":"Old Kent Road","source_id":"way/1443205333","source_url":"https://www.openstreetmap.org/way/1443205333","license":"ODbL","city_scope_status":"inside_official_city_boundary","transport_raw":0.117,"transport_count":2,"transport_activity":0.075,"representation":"official-boundary-scoped major-road transport-event activity","timing_note":"Road color is a three-year transport-event activity surface on current OSM major road geometry retained inside the official city boundary, not measured traffic volume or congestion."},"geometry":{"type":"LineString","coordinates":[[-0.0549514,51.4788001],[-0.0550559,51.4788368]]}},{"type":"Feature","properties":{"id":"lens-traffic-road-london-way/1443218577","layer":"traffic_road","category":"transport","year":1994,"visible_year":2026,"rank":4.5,"name":"Old Kent Road","source_id":"way/1443218577","source_url":"https://www.openstreetmap.org/way/1443218577","license":"ODbL","city_scope_status":"inside_official_city_boundary","transport_raw":0.118,"transport_count":2,"transport_activity":0.075,"representation":"official-boundary-scoped major-road transport-event activity","timing_note":"Road color is a three-year transport-event activity surface on current OSM major road geometry retained inside the official city boundary, not measured traffic volume or congestion."},"geometry":{"type":"LineString","coordinates":[[-0.0541267,51.4786205],[-0.0539929,51.4785674]]}},{"type":"Feature","properties":{"id":"lens-traffic-road-london-way/7998381","layer":"traffic_road","category":"transport","year":1994,"visible_year":2025,"rank":2,"name":"Goldsmith Road","source_id":"way/7998381","source_url":"https://www.openstreetmap.org/way/7998381","license":"ODbL","city_scope_status":"inside_official_city_boundary","transport_raw":0.117,"transport_count":2,"transport_activity":0.075,"representation":"official-boundary-scoped major-road transport-event activity","timing_note":"Road color is a three-year transport-event activity surface on current OSM major road geometry retained inside the official city boundary, not measured traffic volume or congestion."},"geometry":{"type":"LineString","coordinates":[[-0.0690052,51.4750382],[-0.0688766,51.4750544],[-0.0685569,51.4750947],[-0.0684181,51.4751205],[-0.0682532,51.4751619],[-0.0680463,51.4752392],[-0.0677378,51.4753707],[-0.0676119,51.4754066],[-0.0672856,51.4754562],[-0.0667546,51.4755092],[-0.0665953,51.4755158],[-0.0664009,51.4755215],[-0.0662064,51.4755271],[-0.0660611,51.4755362],[-0.0653057,51.4756159],[-0.0649072,51.475658]]}},{"type":"Feature","properties":{"id":"lens-traffic-road-london-way/1069542823","layer":"traffic_road","category":"transport","year":1994,"visible_year":2026,"rank":4.5,"name":"New Cross Road","source_id":"way/1069542823","source_url":"https://www.openstreetmap.org/way/1069542823","license":"ODbL","city_scope_status":"inside_official_city_boundary","transport_raw":0.116,"transport_count":2,"transport_activity":0.074,"representation":"official-boundary-scoped major-road transport-event activity","timing_note":"Road color is a three-year transport-event activity surface on current OSM major road geometry retained inside the official city boundary, not measured traffic volume or congestion."},"geometry":{"type":"LineString","coordinates":[[-0.0511555,51.4774339],[-0.0509741,51.477365]]}},{"type":"Feature","properties":{"id":"lens-traffic-road-london-way/1443218575","layer":"traffic_road","category":"transport","year":1994,"visible_year":2026,"rank":4.5,"name":"Old Kent Road","source_id":"way/1443218575","source_url":"https://www.openstreetmap.org/way/1443218575","license":"ODbL","city_scope_status":"inside_official_city_boundary","transport_raw":0.116,"transport_count":2,"transport_activity":0.074,"representation":"official-boundary-scoped major-road transport-event activity","timing_note":"Road color is a three-year transport-event activity surface on current OSM major road geometry retained inside the official city boundary, not measured traffic volume or congestion."},"geometry":{"type":"LineString","coordinates":[[-0.0542743,51.4786791],[-0.0541267,51.4786205]]}},{"type":"Feature","properties":{"id":"lens-traffic-road-london-way/1263611953","layer":"traffic_road","category":"transport","year":1994,"visible_year":2025,"rank":4,"name":"Lower Road","source_id":"way/1263611953","source_url":"https://www.openstreetmap.org/way/1263611953","license":"ODbL","city_scope_status":"inside_official_city_boundary","transport_raw":0.115,"transport_count":2,"transport_activity":0.073,"representation":"official-boundary-scoped major-road transport-event activity","timing_note":"Road color is a three-year transport-event activity surface on current OSM major road geometry retained inside the official city boundary, not measured traffic volume or congestion."},"geometry":{"type":"LineString","coordinates":[[-0.050717,51.4950594],[-0.0506071,51.49497],[-0.050495,51.4948831]]}},{"type":"Feature","properties":{"id":"lens-traffic-road-london-way/1443365700","layer":"traffic_road","category":"transport","year":1994,"visible_year":2026,"rank":4.5,"name":"Old Kent Road","source_id":"way/1443365700","source_url":"https://www.openstreetmap.org/way/1443365700","license":"ODbL","city_scope_status":"inside_official_city_boundary","transport_raw":0.114,"transport_count":2,"transport_activity":0.073,"representation":"official-boundary-scoped major-road transport-event activity","timing_note":"Road color is a three-year transport-event activity surface on current OSM major road geometry retained inside the official city boundary, not measured traffic volume or congestion."},"geometry":{"type":"LineString","coordinates":[[-0.0550559,51.4788368],[-0.0553424,51.4789389]]}},{"type":"Feature","properties":{"id":"lens-traffic-road-london-way/972350564","layer":"traffic_road","category":"transport","year":1994,"visible_year":2026,"rank":4.5,"name":"Old Kent Road","source_id":"way/972350564","source_url":"https://www.openstreetmap.org/way/972350564","license":"ODbL","city_scope_status":"inside_official_city_boundary","transport_raw":0.114,"transport_count":2,"transport_activity":0.073,"representation":"official-boundary-scoped major-road transport-event activity","timing_note":"Road color is a three-year transport-event activity surface on current OSM major road geometry retained inside the official city boundary, not measured traffic volume or congestion."},"geometry":{"type":"LineString","coordinates":[[-0.0545486,51.478788],[-0.0542743,51.4786791]]}},{"type":"Feature","properties":{"id":"lens-traffic-road-london-way/1443117801","layer":"traffic_road","category":"transport","year":1994,"visible_year":2025,"rank":2,"name":"Old Kent Road","source_id":"way/1443117801","source_url":"https://www.openstreetmap.org/way/1443117801","license":"ODbL","city_scope_status":"inside_official_city_boundary","transport_raw":0.113,"transport_count":2,"transport_activity":0.072,"representation":"official-boundary-scoped major-road transport-event activity","timing_note":"Road color is a three-year transport-event activity surface on current OSM major road geometry retained inside the official city boundary, not measured traffic volume or congestion."},"geometry":{"type":"LineString","coordinates":[[-0.054766,51.4787936],[-0.0548036,51.4788138],[-0.0548109,51.4788229],[-0.0548345,51.4788574],[-0.0548507,51.4788942]]}},{"type":"Feature","properties":{"id":"lens-traffic-road-london-way/1443218571","layer":"traffic_road","category":"transport","year":1994,"visible_year":2026,"rank":4.5,"name":"Old Kent Road","source_id":"way/1443218571","source_url":"https://www.openstreetmap.org/way/1443218571","license":"ODbL","city_scope_status":"inside_official_city_boundary","transport_raw":0.111,"transport_count":2,"transport_activity":0.071,"representation":"official-boundary-scoped major-road transport-event activity","timing_note":"Road color is a three-year transport-event activity surface on current OSM major road geometry retained inside the official city boundary, not measured traffic volume or congestion."},"geometry":{"type":"LineString","coordinates":[[-0.0554089,51.4789607],[-0.0554667,51.4789829]]}},{"type":"Feature","properties":{"id":"lens-traffic-road-london-way/1443218573","layer":"traffic_road","category":"transport","year":1994,"visible_year":2026,"rank":4.5,"name":"Old Kent Road","source_id":"way/1443218573","source_url":"https://www.openstreetmap.org/way/1443218573","license":"ODbL","city_scope_status":"inside_official_city_boundary","transport_raw":0.112,"transport_count":2,"transport_activity":0.071,"representation":"official-boundary-scoped major-road transport-event activity","timing_note":"Road color is a three-year transport-event activity surface on current OSM major road geometry retained inside the official city boundary, not measured traffic volume or congestion."},"geometry":{"type":"LineString","coordinates":[[-0.0553424,51.4789389],[-0.0554089,51.4789607]]}},{"type":"Feature","properties":{"id":"lens-traffic-road-london-way/1443218576","layer":"traffic_road","category":"transport","year":1994,"visible_year":2026,"rank":4.5,"name":"Old Kent Road","source_id":"way/1443218576","source_url":"https://www.openstreetmap.org/way/1443218576","license":"ODbL","city_scope_status":"inside_official_city_boundary","transport_raw":0.111,"transport_count":2,"transport_activity":0.071,"representation":"official-boundary-scoped major-road transport-event activity","timing_note":"Road color is a three-year transport-event activity surface on current OSM major road geometry retained inside the official city boundary, not measured traffic volume or congestion."},"geometry":{"type":"LineString","coordinates":[[-0.0547237,51.4788489],[-0.0545486,51.478788]]}},{"type":"Feature","properties":{"id":"lens-traffic-road-london-way/1443205328","layer":"traffic_road","category":"transport","year":1994,"visible_year":2026,"rank":4.5,"name":"Old Kent Road","source_id":"way/1443205328","source_url":"https://www.openstreetmap.org/way/1443205328","license":"ODbL","city_scope_status":"inside_official_city_boundary","transport_raw":0.109,"transport_count":2,"transport_activity":0.07,"representation":"official-boundary-scoped major-road transport-event activity","timing_note":"Road color is a three-year transport-event activity surface on current OSM major road geometry retained inside the official city boundary, not measured traffic volume or congestion."},"geometry":{"type":"LineString","coordinates":[[-0.0548507,51.4788942],[-0.0547237,51.4788489]]}},{"type":"Feature","properties":{"id":"lens-traffic-road-london-way/1217395755","layer":"traffic_road","category":"transport","year":1994,"visible_year":2025,"rank":4.5,"name":"Peckham High Street","source_id":"way/1217395755","source_url":"https://www.openstreetmap.org/way/1217395755","license":"ODbL","city_scope_status":"inside_official_city_boundary","transport_raw":0.106,"transport_count":2,"transport_activity":0.068,"representation":"official-boundary-scoped major-road transport-event activity","timing_note":"Road color is a three-year transport-event activity surface on current OSM major road geometry retained inside the official city boundary, not measured traffic volume or congestion."},"geometry":{"type":"LineString","coordinates":[[-0.0681085,51.4739264],[-0.068269,51.4739032]]}},{"type":"Feature","properties":{"id":"lens-traffic-road-london-way/1443205334","layer":"traffic_road","category":"transport","year":1994,"visible_year":2026,"rank":4.5,"name":"Old Kent Road","source_id":"way/1443205334","source_url":"https://www.openstreetmap.org/way/1443205334","license":"ODbL","city_scope_status":"inside_official_city_boundary","transport_raw":0.106,"transport_count":2,"transport_activity":0.068,"representation":"official-boundary-scoped major-road transport-event activity","timing_note":"Road color is a three-year transport-event activity surface on current OSM major road geometry retained inside the official city boundary, not measured traffic volume or congestion."},"geometry":{"type":"LineString","coordinates":[[-0.0554667,51.4789829],[-0.0555157,51.4790781]]}},{"type":"Feature","properties":{"id":"lens-traffic-road-london-way/97452807","layer":"traffic_road","category":"transport","year":1994,"visible_year":2025,"rank":4,"name":"Lower Road","source_id":"way/97452807","source_url":"https://www.openstreetmap.org/way/97452807","license":"ODbL","city_scope_status":"inside_official_city_boundary","transport_raw":0.106,"transport_count":2,"transport_activity":0.068,"representation":"official-boundary-scoped major-road transport-event activity","timing_note":"Road color is a three-year transport-event activity surface on current OSM major road geometry retained inside the official city boundary, not measured traffic volume or congestion."},"geometry":{"type":"LineString","coordinates":[[-0.042573,51.490304],[-0.042475,51.4902402]]}},{"type":"Feature","properties":{"id":"lens-traffic-road-london-way/1068281433","layer":"traffic_road","category":"transport","year":1994,"visible_year":2026,"rank":4.5,"name":"Old Kent Road","source_id":"way/1068281433","source_url":"https://www.openstreetmap.org/way/1068281433","license":"ODbL","city_scope_status":"inside_official_city_boundary","transport_raw":0.105,"transport_count":2,"transport_activity":0.067,"representation":"official-boundary-scoped major-road transport-event activity","timing_note":"Road color is a three-year transport-event activity surface on current OSM major road geometry retained inside the official city boundary, not measured traffic volume or congestion."},"geometry":{"type":"LineString","coordinates":[[-0.0555157,51.4790781],[-0.0553514,51.4790723],[-0.0551538,51.4790013],[-0.0551033,51.4789842],[-0.0550492,51.4789638],[-0.0548507,51.4788942]]}},{"type":"Feature","properties":{"id":"lens-traffic-road-london-way/1443117802","layer":"traffic_road","category":"transport","year":1994,"visible_year":2026,"rank":2,"name":"Ilderton Road","source_id":"way/1443117802","source_url":"https://www.openstreetmap.org/way/1443117802","license":"ODbL","city_scope_status":"inside_official_city_boundary","transport_raw":0.104,"transport_count":2,"transport_activity":0.066,"representation":"official-boundary-scoped major-road transport-event activity","timing_note":"Road color is a three-year transport-event activity surface on current OSM major road geometry retained inside the official city boundary, not measured traffic volume or congestion."},"geometry":{"type":"LineString","coordinates":[[-0.0548507,51.4788942],[-0.0547687,51.4789875]]}},{"type":"Feature","properties":{"id":"lens-traffic-road-london-way/1443218572","layer":"traffic_road","category":"transport","year":1994,"visible_year":2026,"rank":4.5,"name":"Old Kent Road","source_id":"way/1443218572","source_url":"https://www.openstreetmap.org/way/1443218572","license":"ODbL","city_scope_status":"inside_official_city_boundary","transport_raw":0.102,"transport_count":2,"transport_activity":0.065,"representation":"official-boundary-scoped major-road transport-event activity","timing_note":"Road color is a three-year transport-event activity surface on current OSM major road geometry retained inside the official city boundary, not measured traffic volume or congestion."},"geometry":{"type":"LineString","coordinates":[[-0.0555157,51.4790781],[-0.0556107,51.4791144]]}},{"type":"Feature","properties":{"id":"lens-traffic-road-london-way/56082050","layer":"traffic_road","category":"transport","year":1994,"visible_year":2021,"rank":3,"name":"Gellatly Road","source_id":"way/56082050","source_url":"https://www.openstreetmap.org/way/56082050","license":"ODbL","city_scope_status":"inside_official_city_boundary","transport_raw":0.102,"transport_count":2,"transport_activity":0.065,"representation":"official-boundary-scoped major-road transport-event activity","timing_note":"Road color is a three-year transport-event activity surface on current OSM major road geometry retained inside the official city boundary, not measured traffic volume or congestion."},"geometry":{"type":"LineString","coordinates":[[-0.0494892,51.4673683],[-0.0495589,51.4674438],[-0.0496075,51.4675139],[-0.0499407,51.4680608],[-0.0501116,51.4683412],[-0.0503036,51.4686462],[-0.0505783,51.469094],[-0.0506217,51.4691661],[-0.0507138,51.4693227],[-0.0507593,51.4693596]]}},{"type":"Feature","properties":{"id":"lens-traffic-road-london-way/260621252","layer":"traffic_road","category":"transport","year":1994,"visible_year":2025,"rank":4.5,"name":"Peckham High Street","source_id":"way/260621252","source_url":"https://www.openstreetmap.org/way/260621252","license":"ODbL","city_scope_status":"inside_official_city_boundary","transport_raw":0.1,"transport_count":2,"transport_activity":0.064,"representation":"official-boundary-scoped major-road transport-event activity","timing_note":"Road color is a three-year transport-event activity surface on current OSM major road geometry retained inside the official city boundary, not measured traffic volume or congestion."},"geometry":{"type":"LineString","coordinates":[[-0.0684783,51.4739227],[-0.0682759,51.4739588],[-0.0681012,51.4739755]]}},{"type":"Feature","properties":{"id":"lens-traffic-road-london-way/315680273","layer":"traffic_road","category":"transport","year":1994,"visible_year":2025,"rank":3,"name":"Plough Way","source_id":"way/315680273","source_url":"https://www.openstreetmap.org/way/315680273","license":"ODbL","city_scope_status":"inside_official_city_boundary","transport_raw":0.1,"transport_count":2,"transport_activity":0.064,"representation":"official-boundary-scoped major-road transport-event activity","timing_note":"Road color is a three-year transport-event activity surface on current OSM major road geometry retained inside the official city boundary, not measured traffic volume or congestion."},"geometry":{"type":"LineString","coordinates":[[-0.0444955,51.4918778],[-0.0440552,51.4919527],[-0.0434592,51.4920587],[-0.0432943,51.492088]]}},{"type":"Feature","properties":{"id":"lens-traffic-road-london-way/1152266270","layer":"traffic_road","category":"transport","year":1994,"visible_year":2025,"rank":4.5,"name":"Peckham High Street","source_id":"way/1152266270","source_url":"https://www.openstreetmap.org/way/1152266270","license":"ODbL","city_scope_status":"inside_official_city_boundary","transport_raw":0.098,"transport_count":2,"transport_activity":0.063,"representation":"official-boundary-scoped major-road transport-event activity","timing_note":"Road color is a three-year transport-event activity surface on current OSM major road geometry retained inside the official city boundary, not measured traffic volume or congestion."},"geometry":{"type":"LineString","coordinates":[[-0.068269,51.4739032],[-0.068401,51.4738535]]}},{"type":"Feature","properties":{"id":"lens-traffic-road-london-way/1356967476","layer":"traffic_road","category":"transport","year":1994,"visible_year":2026,"rank":2,"name":"Ilderton Road","source_id":"way/1356967476","source_url":"https://www.openstreetmap.org/way/1356967476","license":"ODbL","city_scope_status":"inside_official_city_boundary","transport_raw":0.098,"transport_count":2,"transport_activity":0.063,"representation":"official-boundary-scoped major-road transport-event activity","timing_note":"Road color is a three-year transport-event activity surface on current OSM major road geometry retained inside the official city boundary, not measured traffic volume or congestion."},"geometry":{"type":"LineString","coordinates":[[-0.0547687,51.4789875],[-0.0547509,51.4790056]]}},{"type":"Feature","properties":{"id":"lens-traffic-road-london-way/148592742","layer":"traffic_road","category":"transport","year":1994,"visible_year":2023,"rank":4,"name":"Evelina Road","source_id":"way/148592742","source_url":"https://www.openstreetmap.org/way/148592742","license":"ODbL","city_scope_status":"inside_official_city_boundary","transport_raw":0.099,"transport_count":2,"transport_activity":0.063,"representation":"official-boundary-scoped major-road transport-event activity","timing_note":"Road color is a three-year transport-event activity surface on current OSM major road geometry retained inside the official city boundary, not measured traffic volume or congestion."},"geometry":{"type":"LineString","coordinates":[[-0.0557209,51.4667275],[-0.0563199,51.4664286],[-0.0567014,51.4662325],[-0.0570167,51.466069],[-0.0571083,51.466027],[-0.0576138,51.4658411]]}},{"type":"Feature","properties":{"id":"lens-traffic-road-london-way/480644125","layer":"traffic_road","category":"transport","year":1994,"visible_year":2025,"rank":2,"name":"Ilderton Road","source_id":"way/480644125","source_url":"https://www.openstreetmap.org/way/480644125","license":"ODbL","city_scope_status":"inside_official_city_boundary","transport_raw":0.099,"transport_count":2,"transport_activity":0.063,"representation":"official-boundary-scoped major-road transport-event activity","timing_note":"Road color is a three-year transport-event activity surface on current OSM major road geometry retained inside the official city boundary, not measured traffic volume or congestion."},"geometry":{"type":"LineString","coordinates":[[-0.0545603,51.4790318],[-0.0545922,51.478992],[-0.0546229,51.4789582],[-0.0547237,51.4788489]]}},{"type":"Feature","properties":{"id":"lens-traffic-road-london-way/1210826874","layer":"traffic_road","category":"transport","year":1994,"visible_year":2025,"rank":4,"name":"Bestwood Street","source_id":"way/1210826874","source_url":"https://www.openstreetmap.org/way/1210826874","license":"ODbL","city_scope_status":"inside_official_city_boundary","transport_raw":0.096,"transport_count":2,"transport_activity":0.061,"representation":"official-boundary-scoped major-road transport-event activity","timing_note":"Road color is a three-year transport-event activity surface on current OSM major road geometry retained inside the official city boundary, not measured traffic volume or congestion."},"geometry":{"type":"LineString","coordinates":[[-0.0422958,51.4900261],[-0.0423322,51.4900273],[-0.0423856,51.490028]]}},{"type":"Feature","properties":{"id":"lens-traffic-road-london-way/609350825","layer":"traffic_road","category":"transport","year":1994,"visible_year":2025,"rank":4,"name":"Lower Road","source_id":"way/609350825","source_url":"https://www.openstreetmap.org/way/609350825","license":"ODbL","city_scope_status":"inside_official_city_boundary","transport_raw":0.095,"transport_count":2,"transport_activity":0.061,"representation":"official-boundary-scoped major-road transport-event activity","timing_note":"Road color is a three-year transport-event activity surface on current OSM major road geometry retained inside the official city boundary, not measured traffic volume or congestion."},"geometry":{"type":"LineString","coordinates":[[-0.042475,51.4902402],[-0.0423613,51.4901633]]}},{"type":"Feature","properties":{"id":"lens-traffic-road-london-way/298071604","layer":"traffic_road","category":"transport","year":1994,"visible_year":2025,"rank":3,"name":"Peckham High Street","source_id":"way/298071604","source_url":"https://www.openstreetmap.org/way/298071604","license":"ODbL","city_scope_status":"inside_official_city_boundary","transport_raw":0.094,"transport_count":2,"transport_activity":0.06,"representation":"official-boundary-scoped major-road transport-event activity","timing_note":"Road color is a three-year transport-event activity surface on current OSM major road geometry retained inside the official city boundary, not measured traffic volume or congestion."},"geometry":{"type":"LineString","coordinates":[[-0.0685444,51.4740393],[-0.0684944,51.47403],[-0.0684287,51.4740177],[-0.0682876,51.4739913],[-0.0681012,51.4739755]]}},{"type":"Feature","properties":{"id":"lens-traffic-road-london-way/343391000","layer":"traffic_road","category":"transport","year":1994,"visible_year":2025,"rank":4.5,"name":"Queen's Road","source_id":"way/343391000","source_url":"https://www.openstreetmap.org/way/343391000","license":"ODbL","city_scope_status":"inside_official_city_boundary","transport_raw":0.093,"transport_count":2,"transport_activity":0.06,"representation":"official-boundary-scoped major-road transport-event activity","timing_note":"Road color is a three-year transport-event activity surface on current OSM major road geometry retained inside the official city boundary, not measured traffic volume or congestion."},"geometry":{"type":"LineString","coordinates":[[-0.04655,51.474254],[-0.0468477,51.4741722],[-0.0471279,51.4741023],[-0.04726,51.4740726],[-0.0474257,51.4740446],[-0.0476113,51.4740209],[-0.048286,51.4739877],[-0.0486527,51.4739606],[-0.0489616,51.4739268]]}},{"type":"Feature","properties":{"id":"lens-traffic-road-london-way/109277060","layer":"traffic_road","category":"transport","year":1994,"visible_year":2025,"rank":4.5,"name":"Peckham High Street","source_id":"way/109277060","source_url":"https://www.openstreetmap.org/way/109277060","license":"ODbL","city_scope_status":"inside_official_city_boundary","transport_raw":0.092,"transport_count":2,"transport_activity":0.059,"representation":"official-boundary-scoped major-road transport-event activity","timing_note":"Road color is a three-year transport-event activity surface on current OSM major road geometry retained inside the official city boundary, not measured traffic volume or congestion."},"geometry":{"type":"LineString","coordinates":[[-0.068401,51.4738535],[-0.0684711,51.4738402],[-0.0685115,51.4738328]]}},{"type":"Feature","properties":{"id":"lens-traffic-road-london-way/1263611952","layer":"traffic_road","category":"transport","year":1994,"visible_year":2025,"rank":4,"name":"Lower Road","source_id":"way/1263611952","source_url":"https://www.openstreetmap.org/way/1263611952","license":"ODbL","city_scope_status":"inside_official_city_boundary","transport_raw":0.092,"transport_count":2,"transport_activity":0.059,"representation":"official-boundary-scoped major-road transport-event activity","timing_note":"Road color is a three-year transport-event activity surface on current OSM major road geometry retained inside the official city boundary, not measured traffic volume or congestion."},"geometry":{"type":"LineString","coordinates":[[-0.0507695,51.4951062],[-0.0507447,51.4950841],[-0.050717,51.4950594]]}},{"type":"Feature","properties":{"id":"lens-traffic-road-london-way/1152266269","layer":"traffic_road","category":"transport","year":1994,"visible_year":2025,"rank":4.5,"name":"Peckham High Street","source_id":"way/1152266269","source_url":"https://www.openstreetmap.org/way/1152266269","license":"ODbL","city_scope_status":"inside_official_city_boundary","transport_raw":0.088,"transport_count":2,"transport_activity":0.056,"representation":"official-boundary-scoped major-road transport-event activity","timing_note":"Road color is a three-year transport-event activity surface on current OSM major road geometry retained inside the official city boundary, not measured traffic volume or congestion."},"geometry":{"type":"LineString","coordinates":[[-0.0685115,51.4738328],[-0.0685471,51.4738266]]}},{"type":"Feature","properties":{"id":"lens-traffic-road-london-way/1356967469","layer":"traffic_road","category":"transport","year":1994,"visible_year":2026,"rank":2,"name":"Ilderton Road","source_id":"way/1356967469","source_url":"https://www.openstreetmap.org/way/1356967469","license":"ODbL","city_scope_status":"inside_official_city_boundary","transport_raw":0.088,"transport_count":2,"transport_activity":0.056,"representation":"official-boundary-scoped major-road transport-event activity","timing_note":"Road color is a three-year transport-event activity surface on current OSM major road geometry retained inside the official city boundary, not measured traffic volume or congestion."},"geometry":{"type":"LineString","coordinates":[[-0.0547509,51.4790056],[-0.0547037,51.4790315],[-0.0546283,51.4791214],[-0.0545988,51.4791538],[-0.0545279,51.4791713]]}},{"type":"Feature","properties":{"id":"lens-traffic-road-london-way/1152266268","layer":"traffic_road","category":"transport","year":1994,"visible_year":2025,"rank":4.5,"name":"Peckham High Street","source_id":"way/1152266268","source_url":"https://www.openstreetmap.org/way/1152266268","license":"ODbL","city_scope_status":"inside_official_city_boundary","transport_raw":0.086,"transport_count":2,"transport_activity":0.055,"representation":"official-boundary-scoped major-road transport-event activity","timing_note":"Road color is a three-year transport-event activity surface on current OSM major road geometry retained inside the official city boundary, not measured traffic volume or congestion."},"geometry":{"type":"LineString","coordinates":[[-0.0685471,51.4738266],[-0.0686158,51.473815]]}},{"type":"Feature","properties":{"id":"lens-traffic-road-london-way/1356967468","layer":"traffic_road","category":"transport","year":1994,"visible_year":2025,"rank":2,"name":"Ilderton Road","source_id":"way/1356967468","source_url":"https://www.openstreetmap.org/way/1356967468","license":"ODbL","city_scope_status":"inside_official_city_boundary","transport_raw":0.085,"transport_count":2,"transport_activity":0.054,"representation":"official-boundary-scoped major-road transport-event activity","timing_note":"Road color is a three-year transport-event activity surface on current OSM major road geometry retained inside the official city boundary, not measured traffic volume or congestion."},"geometry":{"type":"LineString","coordinates":[[-0.0545279,51.4791713],[-0.0544904,51.4791239],[-0.0545603,51.4790318]]}},{"type":"Feature","properties":{"id":"lens-traffic-road-london-way/681525530","layer":"traffic_road","category":"transport","year":1994,"visible_year":2025,"rank":4,"name":"Copeland Road","source_id":"way/681525530","source_url":"https://www.openstreetmap.org/way/681525530","license":"ODbL","city_scope_status":"inside_official_city_boundary","transport_raw":0.085,"transport_count":2,"transport_activity":0.054,"representation":"official-boundary-scoped major-road transport-event activity","timing_note":"Road color is a three-year transport-event activity surface on current OSM major road geometry retained inside the official city boundary, not measured traffic volume or congestion."},"geometry":{"type":"LineString","coordinates":[[-0.0654008,51.4669959],[-0.0653195,51.4670399],[-0.065301,51.4670639],[-0.065258,51.4671198],[-0.0652038,51.4672166],[-0.0651479,51.4673426],[-0.0650845,51.4674689],[-0.0650109,51.4675914],[-0.0649277,51.4677235],[-0.0649033,51.4677615],[-0.0648639,51.4678294],[-0.064834,51.467899],[-0.0648264,51.4679552],[-0.0648271,51.468037],[-0.0648371,51.4681074],[-0.0648878,51.4684544],[-0.0648994,51.4685198]]}},{"type":"Feature","properties":{"id":"lens-traffic-road-london-way/1210804092","layer":"traffic_road","category":"transport","year":1994,"visible_year":2025,"rank":4,"name":"Lower Road","source_id":"way/1210804092","source_url":"https://www.openstreetmap.org/way/1210804092","license":"ODbL","city_scope_status":"inside_official_city_boundary","transport_raw":0.082,"transport_count":2,"transport_activity":0.053,"representation":"official-boundary-scoped major-road transport-event activity","timing_note":"Road color is a three-year transport-event activity surface on current OSM major road geometry retained inside the official city boundary, not measured traffic volume or congestion."},"geometry":{"type":"LineString","coordinates":[[-0.0423613,51.4901633],[-0.0422837,51.4901067],[-0.0422367,51.4900742]]}},{"type":"Feature","properties":{"id":"lens-traffic-road-london-way/241822649","layer":"traffic_road","category":"transport","year":1994,"visible_year":2025,"rank":4.5,"name":"Peckham High Street","source_id":"way/241822649","source_url":"https://www.openstreetmap.org/way/241822649","license":"ODbL","city_scope_status":"inside_official_city_boundary","transport_raw":0.082,"transport_count":2,"transport_activity":0.053,"representation":"official-boundary-scoped major-road transport-event activity","timing_note":"Road color is a three-year transport-event activity surface on current OSM major road geometry retained inside the official city boundary, not measured traffic volume or congestion."},"geometry":{"type":"LineString","coordinates":[[-0.0687604,51.4738501],[-0.0686562,51.4738894],[-0.0686073,51.4738973],[-0.0684783,51.4739227]]}},{"type":"Feature","properties":{"id":"lens-traffic-road-london-way/100791667","layer":"traffic_road","category":"transport","year":1994,"visible_year":2025,"rank":4,"name":"Evelyn Street","source_id":"way/100791667","source_url":"https://www.openstreetmap.org/way/100791667","license":"ODbL","city_scope_status":"inside_official_city_boundary","transport_raw":0.079,"transport_count":2,"transport_activity":0.051,"representation":"official-boundary-scoped major-road transport-event activity","timing_note":"Road color is a three-year transport-event activity surface on current OSM major road geometry retained inside the official city boundary, not measured traffic volume or congestion."},"geometry":{"type":"LineString","coordinates":[[-0.042145,51.4900047],[-0.0422442,51.4900198],[-0.0422958,51.4900261]]}},{"type":"Feature","properties":{"id":"lens-traffic-road-london-way/11548706","layer":"traffic_road","category":"transport","year":1994,"visible_year":2025,"rank":3,"name":"Peckham High Street","source_id":"way/11548706","source_url":"https://www.openstreetmap.org/way/11548706","license":"ODbL","city_scope_status":"inside_official_city_boundary","transport_raw":0.078,"transport_count":2,"transport_activity":0.05,"representation":"official-boundary-scoped major-road transport-event activity","timing_note":"Road color is a three-year transport-event activity surface on current OSM major road geometry retained inside the official city boundary, not measured traffic volume or congestion."},"geometry":{"type":"LineString","coordinates":[[-0.0687035,51.4741101],[-0.068691,51.4740977],[-0.0686525,51.4740773],[-0.0685969,51.4740547],[-0.0685444,51.4740393]]}},{"type":"Feature","properties":{"id":"lens-traffic-road-london-way/1263611951","layer":"traffic_road","category":"transport","year":1994,"visible_year":2025,"rank":4,"name":"Lower Road","source_id":"way/1263611951","source_url":"https://www.openstreetmap.org/way/1263611951","license":"ODbL","city_scope_status":"inside_official_city_boundary","transport_raw":0.079,"transport_count":2,"transport_activity":0.05,"representation":"official-boundary-scoped major-road transport-event activity","timing_note":"Road color is a three-year transport-event activity surface on current OSM major road geometry retained inside the official city boundary, not measured traffic volume or congestion."},"geometry":{"type":"LineString","coordinates":[[-0.0508701,51.4951869],[-0.0507695,51.4951062]]}},{"type":"Feature","properties":{"id":"lens-traffic-road-london-way/19797870","layer":"traffic_road","category":"transport","year":1994,"visible_year":2025,"rank":3,"name":"Peckham High Street","source_id":"way/19797870","source_url":"https://www.openstreetmap.org/way/19797870","license":"ODbL","city_scope_status":"inside_official_city_boundary","transport_raw":0.076,"transport_count":2,"transport_activity":0.049,"representation":"official-boundary-scoped major-road transport-event activity","timing_note":"Road color is a three-year transport-event activity surface on current OSM major road geometry retained inside the official city boundary, not measured traffic volume or congestion."},"geometry":{"type":"LineString","coordinates":[[-0.0687604,51.4738501],[-0.0687382,51.4738793],[-0.0687145,51.4739205]]}},{"type":"Feature","properties":{"id":"lens-traffic-road-london-way/298071602","layer":"traffic_road","category":"transport","year":1994,"visible_year":2025,"rank":3,"name":"Peckham High Street","source_id":"way/298071602","source_url":"https://www.openstreetmap.org/way/298071602","license":"ODbL","city_scope_status":"inside_official_city_boundary","transport_raw":0.077,"transport_count":2,"transport_activity":0.049,"representation":"official-boundary-scoped major-road transport-event activity","timing_note":"Road color is a three-year transport-event activity surface on current OSM major road geometry retained inside the official city boundary, not measured traffic volume or congestion."},"geometry":{"type":"LineString","coordinates":[[-0.0687145,51.4739205],[-0.0687017,51.4739575],[-0.0686914,51.4739983],[-0.0686889,51.4740444]]}},{"type":"Feature","properties":{"id":"lens-traffic-road-london-way/298071603","layer":"traffic_road","category":"transport","year":1994,"visible_year":2025,"rank":4.5,"name":"Peckham High Street","source_id":"way/298071603","source_url":"https://www.openstreetmap.org/way/298071603","license":"ODbL","city_scope_status":"inside_official_city_boundary","transport_raw":0.077,"transport_count":2,"transport_activity":0.049,"representation":"official-boundary-scoped major-road transport-event activity","timing_note":"Road color is a three-year transport-event activity surface on current OSM major road geometry retained inside the official city boundary, not measured traffic volume or congestion."},"geometry":{"type":"LineString","coordinates":[[-0.0686158,51.473815],[-0.0687209,51.4737958],[-0.068907,51.4737748]]}},{"type":"Feature","properties":{"id":"lens-traffic-road-london-way/749686068","layer":"traffic_road","category":"transport","year":1994,"visible_year":2025,"rank":2,"name":"Ilderton Road","source_id":"way/749686068","source_url":"https://www.openstreetmap.org/way/749686068","license":"ODbL","city_scope_status":"inside_official_city_boundary","transport_raw":0.076,"transport_count":2,"transport_activity":0.049,"representation":"official-boundary-scoped major-road transport-event activity","timing_note":"Road color is a three-year transport-event activity surface on current OSM major road geometry retained inside the official city boundary, not measured traffic volume or congestion."},"geometry":{"type":"LineString","coordinates":[[-0.0544629,51.4792407],[-0.0545279,51.4791713]]}},{"type":"Feature","properties":{"id":"lens-traffic-road-london-way/1068281432","layer":"traffic_road","category":"transport","year":1994,"visible_year":2026,"rank":4.5,"name":"Old Kent Road","source_id":"way/1068281432","source_url":"https://www.openstreetmap.org/way/1068281432","license":"ODbL","city_scope_status":"inside_official_city_boundary","transport_raw":0.074,"transport_count":2,"transport_activity":0.048,"representation":"official-boundary-scoped major-road transport-event activity","timing_note":"Road color is a three-year transport-event activity surface on current OSM major road geometry retained inside the official city boundary, not measured traffic volume or congestion."},"geometry":{"type":"LineString","coordinates":[[-0.0556107,51.4791144],[-0.0556867,51.4791434],[-0.0557211,51.4791565],[-0.0559407,51.4792434],[-0.0563864,51.4794284],[-0.0573706,51.4797995],[-0.0574451,51.4798276],[-0.0580629,51.480057],[-0.0581182,51.4800778]]}},{"type":"Feature","properties":{"id":"lens-traffic-road-london-way/10955230","layer":"traffic_road","category":"transport","year":1994,"visible_year":2025,"rank":4,"name":"Heaton Road","source_id":"way/10955230","source_url":"https://www.openstreetmap.org/way/10955230","license":"ODbL","city_scope_status":"inside_official_city_boundary","transport_raw":0.075,"transport_count":2,"transport_activity":0.048,"representation":"official-boundary-scoped major-road transport-event activity","timing_note":"Road color is a three-year transport-event activity surface on current OSM major road geometry retained inside the official city boundary, not measured traffic volume or congestion."},"geometry":{"type":"LineString","coordinates":[[-0.0618404,51.4673103],[-0.0625907,51.4672337],[-0.0631448,51.4671711],[-0.0636291,51.4671185],[-0.0640295,51.467076],[-0.0640786,51.4670703],[-0.0647661,51.4669922],[-0.0651664,51.4669477],[-0.0652719,51.466956],[-0.0653239,51.4669721],[-0.0654008,51.4669959]]}},{"type":"Feature","properties":{"id":"lens-traffic-road-london-way/183292125","layer":"traffic_road","category":"transport","year":1994,"visible_year":2025,"rank":3,"name":"Peckham High Street","source_id":"way/183292125","source_url":"https://www.openstreetmap.org/way/183292125","license":"ODbL","city_scope_status":"inside_official_city_boundary","transport_raw":0.075,"transport_count":2,"transport_activity":0.048,"representation":"official-boundary-scoped major-road transport-event activity","timing_note":"Road color is a three-year transport-event activity surface on current OSM major road geometry retained inside the official city boundary, not measured traffic volume or congestion."},"geometry":{"type":"LineString","coordinates":[[-0.0686889,51.4740444],[-0.0687035,51.4741101]]}},{"type":"Feature","properties":{"id":"lens-traffic-road-london-way/910040545","layer":"traffic_road","category":"transport","year":1994,"visible_year":2022,"rank":2,"name":"Gibbon Road","source_id":"way/910040545","source_url":"https://www.openstreetmap.org/way/910040545","license":"ODbL","city_scope_status":"inside_official_city_boundary","transport_raw":0.076,"transport_count":2,"transport_activity":0.048,"representation":"official-boundary-scoped major-road transport-event activity","timing_note":"Road color is a three-year transport-event activity surface on current OSM major road geometry retained inside the official city boundary, not measured traffic volume or congestion."},"geometry":{"type":"LineString","coordinates":[[-0.0513887,51.4674592],[-0.0512877,51.4673795],[-0.0512588,51.4673509],[-0.0512515,51.4673242],[-0.0512598,51.467287]]}},{"type":"Feature","properties":{"id":"lens-traffic-road-london-way/4652232","layer":"traffic_road","category":"transport","year":1994,"visible_year":2026,"rank":4.5,"name":"New Cross Road","source_id":"way/4652232","source_url":"https://www.openstreetmap.org/way/4652232","license":"ODbL","city_scope_status":"inside_official_city_boundary","transport_raw":0.074,"transport_count":2,"transport_activity":0.047,"representation":"official-boundary-scoped major-road transport-event activity","timing_note":"Road color is a three-year transport-event activity surface on current OSM major road geometry retained inside the official city boundary, not measured traffic volume or congestion."},"geometry":{"type":"LineString","coordinates":[[-0.0509741,51.477365],[-0.0509081,51.4773382],[-0.0502411,51.4770676],[-0.049825,51.4768926],[-0.0495456,51.4767753],[-0.0492727,51.4766642],[-0.0492171,51.4766412],[-0.049167,51.47662],[-0.049107,51.4765946],[-0.0490491,51.4765691],[-0.0488797,51.4764944],[-0.0480335,51.4761132],[-0.0476143,51.4759226],[-0.047362,51.4757807],[-0.0472607,51.4757112],[-0.0472397,51.4756963],[-0.0471803,51.4756466],[-0.0471036,51.4755854]]}},{"type":"Feature","properties":{"id":"lens-traffic-road-london-way/148592741","layer":"traffic_road","category":"transport","year":1994,"visible_year":2024,"rank":2,"name":"Kimberley Avenue","source_id":"way/148592741","source_url":"https://www.openstreetmap.org/way/148592741","license":"ODbL","city_scope_status":"inside_official_city_boundary","transport_raw":0.072,"transport_count":2,"transport_activity":0.046,"representation":"official-boundary-scoped major-road transport-event activity","timing_note":"Road color is a three-year transport-event activity surface on current OSM major road geometry retained inside the official city boundary, not measured traffic volume or congestion."},"geometry":{"type":"LineString","coordinates":[[-0.05567,51.4667513],[-0.0556378,51.4667237],[-0.0555739,51.4666958],[-0.0543922,51.4665407],[-0.053841,51.4664683],[-0.0531252,51.4663751],[-0.0524307,51.4662823],[-0.0520657,51.4662259],[-0.051807,51.4661861],[-0.0517351,51.4661885]]}},{"type":"Feature","properties":{"id":"lens-traffic-road-london-way/4485958","layer":"traffic_road","category":"transport","year":1994,"visible_year":2025,"rank":4,"name":"Evelyn Street","source_id":"way/4485958","source_url":"https://www.openstreetmap.org/way/4485958","license":"ODbL","city_scope_status":"inside_official_city_boundary","transport_raw":0.072,"transport_count":2,"transport_activity":0.046,"representation":"official-boundary-scoped major-road transport-event activity","timing_note":"Road color is a three-year transport-event activity surface on current OSM major road geometry retained inside the official city boundary, not measured traffic volume or congestion."},"geometry":{"type":"LineString","coordinates":[[-0.0422367,51.4900742],[-0.0421968,51.4900495],[-0.042145,51.4900047]]}},{"type":"Feature","properties":{"id":"lens-traffic-road-london-way/51979126","layer":"traffic_road","category":"transport","year":1994,"visible_year":2025,"rank":4.5,"name":"Peckham High Street","source_id":"way/51979126","source_url":"https://www.openstreetmap.org/way/51979126","license":"ODbL","city_scope_status":"inside_official_city_boundary","transport_raw":0.072,"transport_count":2,"transport_activity":0.046,"representation":"official-boundary-scoped major-road transport-event activity","timing_note":"Road color is a three-year transport-event activity surface on current OSM major road geometry retained inside the official city boundary, not measured traffic volume or congestion."},"geometry":{"type":"LineString","coordinates":[[-0.068907,51.4737748],[-0.0687604,51.4738501]]}},{"type":"Feature","properties":{"id":"lens-traffic-road-london-way/1004188182","layer":"traffic_road","category":"transport","year":1994,"visible_year":2022,"rank":2,"name":"Gibbon Road","source_id":"way/1004188182","source_url":"https://www.openstreetmap.org/way/1004188182","license":"ODbL","city_scope_status":"inside_official_city_boundary","transport_raw":0.069,"transport_count":2,"transport_activity":0.044,"representation":"official-boundary-scoped major-road transport-event activity","timing_note":"Road color is a three-year transport-event activity surface on current OSM major road geometry retained inside the official city boundary, not measured traffic volume or congestion."},"geometry":{"type":"LineString","coordinates":[[-0.0512598,51.467287],[-0.051266,51.4672597]]}},{"type":"Feature","properties":{"id":"lens-traffic-road-london-way/681922397","layer":"traffic_road","category":"transport","year":1994,"visible_year":2025,"rank":3,"name":"Peckham Hill Street","source_id":"way/681922397","source_url":"https://www.openstreetmap.org/way/681922397","license":"ODbL","city_scope_status":"inside_official_city_boundary","transport_raw":0.069,"transport_count":2,"transport_activity":0.044,"representation":"official-boundary-scoped major-road transport-event activity","timing_note":"Road color is a three-year transport-event activity surface on current OSM major road geometry retained inside the official city boundary, not measured traffic volume or congestion."},"geometry":{"type":"LineString","coordinates":[[-0.0687872,51.4743708],[-0.0687537,51.4742647],[-0.0687035,51.4741101]]}},{"type":"Feature","properties":{"id":"lens-traffic-road-london-way/910040544","layer":"traffic_road","category":"transport","year":1994,"visible_year":2022,"rank":2,"name":"Gibbon Road","source_id":"way/910040544","source_url":"https://www.openstreetmap.org/way/910040544","license":"ODbL","city_scope_status":"inside_official_city_boundary","transport_raw":0.065,"transport_count":2,"transport_activity":0.041,"representation":"official-boundary-scoped major-road transport-event activity","timing_note":"Road color is a three-year transport-event activity surface on current OSM major road geometry retained inside the official city boundary, not measured traffic volume or congestion."},"geometry":{"type":"LineString","coordinates":[[-0.051266,51.4672597],[-0.051308,51.4671506]]}},{"type":"Feature","properties":{"id":"lens-traffic-road-london-way/1218491565","layer":"traffic_road","category":"transport","year":1994,"visible_year":2025,"rank":4,"name":"Lower Road","source_id":"way/1218491565","source_url":"https://www.openstreetmap.org/way/1218491565","license":"ODbL","city_scope_status":"inside_official_city_boundary","transport_raw":0.062,"transport_count":2,"transport_activity":0.04,"representation":"official-boundary-scoped major-road transport-event activity","timing_note":"Road color is a three-year transport-event activity surface on current OSM major road geometry retained inside the official city boundary, not measured traffic volume or congestion."},"geometry":{"type":"LineString","coordinates":[[-0.0509615,51.4952584],[-0.0509441,51.4952466],[-0.0509047,51.495216],[-0.0508701,51.4951869]]}},{"type":"Feature","properties":{"id":"lens-traffic-road-london-way/940210044","layer":"traffic_road","category":"transport","year":1994,"visible_year":2025,"rank":3,"name":"Peckham Hill Street","source_id":"way/940210044","source_url":"https://www.openstreetmap.org/way/940210044","license":"ODbL","city_scope_status":"inside_official_city_boundary","transport_raw":0.062,"transport_count":2,"transport_activity":0.039,"representation":"official-boundary-scoped major-road transport-event activity","timing_note":"Road color is a three-year transport-event activity surface on current OSM major road geometry retained inside the official city boundary, not measured traffic volume or congestion."},"geometry":{"type":"LineString","coordinates":[[-0.0688321,51.4745185],[-0.0688149,51.4744698],[-0.0687872,51.4743708]]}},{"type":"Feature","properties":{"id":"lens-traffic-road-london-way/1442017233","layer":"traffic_road","category":"transport","year":1994,"visible_year":2025,"rank":2,"name":"Ilderton Road","source_id":"way/1442017233","source_url":"https://www.openstreetmap.org/way/1442017233","license":"ODbL","city_scope_status":"inside_official_city_boundary","transport_raw":0.059,"transport_count":2,"transport_activity":0.038,"representation":"official-boundary-scoped major-road transport-event activity","timing_note":"Road color is a three-year transport-event activity surface on current OSM major road geometry retained inside the official city boundary, not measured traffic volume or congestion."},"geometry":{"type":"LineString","coordinates":[[-0.0541859,51.4795916],[-0.0543387,51.4793964],[-0.0544376,51.4792724],[-0.0544629,51.4792407]]}},{"type":"Feature","properties":{"id":"lens-traffic-road-london-way/1152266267","layer":"traffic_road","category":"transport","year":1994,"visible_year":2025,"rank":4.5,"name":"Peckham High Street","source_id":"way/1152266267","source_url":"https://www.openstreetmap.org/way/1152266267","license":"ODbL","city_scope_status":"inside_official_city_boundary","transport_raw":0.058,"transport_count":2,"transport_activity":0.037,"representation":"official-boundary-scoped major-road transport-event activity","timing_note":"Road color is a three-year transport-event activity surface on current OSM major road geometry retained inside the official city boundary, not measured traffic volume or congestion."},"geometry":{"type":"LineString","coordinates":[[-0.0693004,51.4736859],[-0.068907,51.4737748]]}},{"type":"Feature","properties":{"id":"lens-traffic-road-london-way/1091975311","layer":"traffic_road","category":"transport","year":1994,"visible_year":2025,"rank":4,"name":"Evelyn Street","source_id":"way/1091975311","source_url":"https://www.openstreetmap.org/way/1091975311","license":"ODbL","city_scope_status":"inside_official_city_boundary","transport_raw":0.055,"transport_count":2,"transport_activity":0.035,"representation":"official-boundary-scoped major-road transport-event activity","timing_note":"Road color is a three-year transport-event activity surface on current OSM major road geometry retained inside the official city boundary, not measured traffic volume or congestion."},"geometry":{"type":"LineString","coordinates":[[-0.042145,51.4900047],[-0.0419922,51.489907],[-0.0419779,51.4898978]]}},{"type":"Feature","properties":{"id":"lens-traffic-road-london-way/148592737","layer":"traffic_road","category":"transport","year":1994,"visible_year":2021,"rank":2,"name":"Gibbon Road","source_id":"way/148592737","source_url":"https://www.openstreetmap.org/way/148592737","license":"ODbL","city_scope_status":"inside_official_city_boundary","transport_raw":0.051,"transport_count":2,"transport_activity":0.033,"representation":"official-boundary-scoped major-road transport-event activity","timing_note":"Road color is a three-year transport-event activity surface on current OSM major road geometry retained inside the official city boundary, not measured traffic volume or congestion."},"geometry":{"type":"LineString","coordinates":[[-0.051308,51.4671506],[-0.0514486,51.466798]]}},{"type":"Feature","properties":{"id":"lens-traffic-road-london-way/681919423","layer":"traffic_road","category":"transport","year":1994,"visible_year":2025,"rank":3,"name":"Peckham Hill Street","source_id":"way/681919423","source_url":"https://www.openstreetmap.org/way/681919423","license":"ODbL","city_scope_status":"inside_official_city_boundary","transport_raw":0.046,"transport_count":2,"transport_activity":0.029,"representation":"official-boundary-scoped major-road transport-event activity","timing_note":"Road color is a three-year transport-event activity surface on current OSM major road geometry retained inside the official city boundary, not measured traffic volume or congestion."},"geometry":{"type":"LineString","coordinates":[[-0.0690052,51.4750382],[-0.0689724,51.4749415],[-0.0689406,51.4748534],[-0.0688321,51.4745185]]}},{"type":"Feature","properties":{"id":"lens-traffic-road-london-way/1210804095","layer":"traffic_road","category":"transport","year":1994,"visible_year":2025,"rank":4,"name":"Evelyn Street","source_id":"way/1210804095","source_url":"https://www.openstreetmap.org/way/1210804095","license":"ODbL","city_scope_status":"inside_official_city_boundary","transport_raw":0.042,"transport_count":2,"transport_activity":0.027,"representation":"official-boundary-scoped major-road transport-event activity","timing_note":"Road color is a three-year transport-event activity surface on current OSM major road geometry retained inside the official city boundary, not measured traffic volume or congestion."},"geometry":{"type":"LineString","coordinates":[[-0.0419779,51.4898978],[-0.0418697,51.489824]]}},{"type":"Feature","properties":{"id":"lens-traffic-road-london-way/10955232","layer":"traffic_road","category":"transport","year":1994,"visible_year":2020,"rank":2,"name":"Consort Road","source_id":"way/10955232","source_url":"https://www.openstreetmap.org/way/10955232","license":"ODbL","city_scope_status":"inside_official_city_boundary","transport_raw":0.038,"transport_count":2,"transport_activity":0.024,"representation":"official-boundary-scoped major-road transport-event activity","timing_note":"Road color is a three-year transport-event activity surface on current OSM major road geometry retained inside the official city boundary, not measured traffic volume or congestion."},"geometry":{"type":"LineString","coordinates":[[-0.0618404,51.4673103],[-0.0617962,51.4672081],[-0.0617456,51.4671029],[-0.0613913,51.4663066],[-0.0612107,51.4659129],[-0.0611172,51.4657173],[-0.0610718,51.4656228],[-0.061035,51.4655441],[-0.0609182,51.4653165],[-0.0608285,51.4651151],[-0.0607132,51.464867],[-0.0605272,51.4644474],[-0.0604776,51.4643399]]}},{"type":"Feature","properties":{"id":"lens-traffic-road-london-way/1333735954","layer":"traffic_road","category":"transport","year":1994,"visible_year":2024,"rank":2,"name":"Commercial Way","source_id":"way/1333735954","source_url":"https://www.openstreetmap.org/way/1333735954","license":"ODbL","city_scope_status":"inside_official_city_boundary","transport_raw":0.038,"transport_count":2,"transport_activity":0.024,"representation":"official-boundary-scoped major-road transport-event activity","timing_note":"Road color is a three-year transport-event activity surface on current OSM major road geometry retained inside the official city boundary, not measured traffic volume or congestion."},"geometry":{"type":"LineString","coordinates":[[-0.0653477,51.4787053],[-0.0649659,51.4787592],[-0.0648945,51.4787701],[-0.064795,51.4787867],[-0.0644961,51.4788403],[-0.0643538,51.478868],[-0.0641584,51.4789062],[-0.0639837,51.4789442],[-0.0638746,51.4789694],[-0.0637926,51.4789896],[-0.0636862,51.4790163],[-0.063528,51.4790597],[-0.0633667,51.4791062],[-0.0632989,51.4791292],[-0.0632317,51.4791529],[-0.0631626,51.479179],[-0.0631177,51.4791984],[-0.0630783,51.4792185],[-0.0630428,51.4792417]]}},{"type":"Feature","properties":{"id":"lens-traffic-road-london-way/304228799","layer":"traffic_road","category":"transport","year":1994,"visible_year":2025,"rank":4.5,"name":"Peckham High Street","source_id":"way/304228799","source_url":"https://www.openstreetmap.org/way/304228799","license":"ODbL","city_scope_status":"inside_official_city_boundary","transport_raw":0.037,"transport_count":2,"transport_activity":0.024,"representation":"official-boundary-scoped major-road transport-event activity","timing_note":"Road color is a three-year transport-event activity surface on current OSM major road geometry retained inside the official city boundary, not measured traffic volume or congestion."},"geometry":{"type":"LineString","coordinates":[[-0.0697068,51.4735389],[-0.0695937,51.4735954],[-0.0695156,51.4736274],[-0.069412,51.4736583],[-0.0693004,51.4736859]]}},{"type":"Feature","properties":{"id":"lens-traffic-road-london-way/7998394","layer":"traffic_road","category":"transport","year":1994,"visible_year":2025,"rank":2,"name":"Asylum Road","source_id":"way/7998394","source_url":"https://www.openstreetmap.org/way/7998394","license":"ODbL","city_scope_status":"inside_official_city_boundary","transport_raw":0.036,"transport_count":2,"transport_activity":0.023,"representation":"official-boundary-scoped major-road transport-event activity","timing_note":"Road color is a three-year transport-event activity surface on current OSM major road geometry retained inside the official city boundary, not measured traffic volume or congestion."},"geometry":{"type":"LineString","coordinates":[[-0.0600985,51.4804895],[-0.0600872,51.4804156],[-0.0600717,51.4803242],[-0.0600441,51.4802028],[-0.0599672,51.4800068],[-0.059894,51.4798518],[-0.0595068,51.4790952],[-0.0594659,51.4790119]]}},{"type":"Feature","properties":{"id":"lens-traffic-road-london-way/1027668100","layer":"traffic_road","category":"transport","year":1994,"visible_year":2025,"rank":3,"name":"Redriff Road","source_id":"way/1027668100","source_url":"https://www.openstreetmap.org/way/1027668100","license":"ODbL","city_scope_status":"inside_official_city_boundary","transport_raw":0.035,"transport_count":2,"transport_activity":0.022,"representation":"official-boundary-scoped major-road transport-event activity","timing_note":"Road color is a three-year transport-event activity surface on current OSM major road geometry retained inside the official city boundary, not measured traffic volume or congestion."},"geometry":{"type":"LineString","coordinates":[[-0.0458803,51.4935453],[-0.0456891,51.493632],[-0.0456485,51.4936501],[-0.0455874,51.4936782],[-0.0453797,51.4938158]]}},{"type":"Feature","properties":{"id":"lens-traffic-road-london-way/691309726","layer":"traffic_road","category":"transport","year":1994,"visible_year":2024,"rank":2,"name":"Gibbon Road","source_id":"way/691309726","source_url":"https://www.openstreetmap.org/way/691309726","license":"ODbL","city_scope_status":"inside_official_city_boundary","transport_raw":0.033,"transport_count":2,"transport_activity":0.021,"representation":"official-boundary-scoped major-road transport-event activity","timing_note":"Road color is a three-year transport-event activity surface on current OSM major road geometry retained inside the official city boundary, not measured traffic volume or congestion."},"geometry":{"type":"LineString","coordinates":[[-0.0514486,51.466798],[-0.051561,51.4665255]]}},{"type":"Feature","properties":{"id":"lens-traffic-road-london-way/1218491564","layer":"traffic_road","category":"transport","year":1994,"visible_year":2026,"rank":4,"name":"Lower Road","source_id":"way/1218491564","source_url":"https://www.openstreetmap.org/way/1218491564","license":"ODbL","city_scope_status":"inside_official_city_boundary","transport_raw":0.031,"transport_count":2,"transport_activity":0.02,"representation":"official-boundary-scoped major-road transport-event activity","timing_note":"Road color is a three-year transport-event activity surface on current OSM major road geometry retained inside the official city boundary, not measured traffic volume or congestion."},"geometry":{"type":"LineString","coordinates":[[-0.0512277,51.495477],[-0.0511947,51.4954542],[-0.051001,51.4953012],[-0.0509615,51.4952584]]}},{"type":"Feature","properties":{"id":"lens-traffic-road-london-way/24831933","layer":"traffic_road","category":"transport","year":1994,"visible_year":2025,"rank":2,"name":"St James's Road","source_id":"way/24831933","source_url":"https://www.openstreetmap.org/way/24831933","license":"ODbL","city_scope_status":"inside_official_city_boundary","transport_raw":0.029,"transport_count":2,"transport_activity":0.019,"representation":"official-boundary-scoped major-road transport-event activity","timing_note":"Road color is a three-year transport-event activity surface on current OSM major road geometry retained inside the official city boundary, not measured traffic volume or congestion."},"geometry":{"type":"LineString","coordinates":[[-0.0655849,51.4884859],[-0.0656088,51.4883022],[-0.0656386,51.4880973]]}},{"type":"Feature","properties":{"id":"lens-traffic-road-london-way/39094033","layer":"traffic_road","category":"transport","year":1994,"visible_year":2025,"rank":4.5,"name":"Queen's Road","source_id":"way/39094033","source_url":"https://www.openstreetmap.org/way/39094033","license":"ODbL","city_scope_status":"inside_official_city_boundary","transport_raw":0.029,"transport_count":2,"transport_activity":0.019,"representation":"official-boundary-scoped major-road transport-event activity","timing_note":"Road color is a three-year transport-event activity surface on current OSM major road geometry retained inside the official city boundary, not measured traffic volume or congestion."},"geometry":{"type":"LineString","coordinates":[[-0.046495,51.4742697],[-0.04655,51.474254]]}},{"type":"Feature","properties":{"id":"lens-traffic-road-london-way/1068281431","layer":"traffic_road","category":"transport","year":1994,"visible_year":2026,"rank":4.5,"name":"Old Kent Road","source_id":"way/1068281431","source_url":"https://www.openstreetmap.org/way/1068281431","license":"ODbL","city_scope_status":"inside_official_city_boundary","transport_raw":0.027,"transport_count":2,"transport_activity":0.018,"representation":"official-boundary-scoped major-road transport-event activity","timing_note":"Road color is a three-year transport-event activity surface on current OSM major road geometry retained inside the official city boundary, not measured traffic volume or congestion."},"geometry":{"type":"LineString","coordinates":[[-0.0581182,51.4800778],[-0.0581678,51.4800971],[-0.0583698,51.480176]]}},{"type":"Feature","properties":{"id":"lens-traffic-road-london-way/1091975312","layer":"traffic_road","category":"transport","year":1994,"visible_year":2025,"rank":4,"name":"Evelyn Street","source_id":"way/1091975312","source_url":"https://www.openstreetmap.org/way/1091975312","license":"ODbL","city_scope_status":"inside_official_city_boundary","transport_raw":0.029,"transport_count":2,"transport_activity":0.018,"representation":"official-boundary-scoped major-road transport-event activity","timing_note":"Road color is a three-year transport-event activity surface on current OSM major road geometry retained inside the official city boundary, not measured traffic volume or congestion."},"geometry":{"type":"LineString","coordinates":[[-0.0418697,51.489824],[-0.0418018,51.4897764],[-0.0417376,51.4897308]]}},{"type":"Feature","properties":{"id":"lens-traffic-road-london-way/26092762","layer":"traffic_road","category":"transport","year":1994,"visible_year":2022,"rank":4,"name":"Nunhead Green","source_id":"way/26092762","source_url":"https://www.openstreetmap.org/way/26092762","license":"ODbL","city_scope_status":"inside_official_city_boundary","transport_raw":0.028,"transport_count":2,"transport_activity":0.018,"representation":"official-boundary-scoped major-road transport-event activity","timing_note":"Road color is a three-year transport-event activity surface on current OSM major road geometry retained inside the official city boundary, not measured traffic volume or congestion."},"geometry":{"type":"LineString","coordinates":[[-0.0589408,51.4648589],[-0.0588619,51.4649282],[-0.058777,51.4650015],[-0.0586657,51.4651029],[-0.0584029,51.4653104],[-0.0581881,51.4654844],[-0.0579512,51.4656716],[-0.0578743,51.4657235],[-0.0577819,51.4657726],[-0.0576138,51.4658411]]}},{"type":"Feature","properties":{"id":"lens-traffic-road-london-way/1485410194","layer":"traffic_road","category":"transport","year":1994,"visible_year":2026,"rank":4.5,"name":"New Cross Road","source_id":"way/1485410194","source_url":"https://www.openstreetmap.org/way/1485410194","license":"ODbL","city_scope_status":"inside_official_city_boundary","transport_raw":0.027,"transport_count":2,"transport_activity":0.017,"representation":"official-boundary-scoped major-road transport-event activity","timing_note":"Road color is a three-year transport-event activity surface on current OSM major road geometry retained inside the official city boundary, not measured traffic volume or congestion."},"geometry":{"type":"LineString","coordinates":[[-0.0468722,51.4752757],[-0.0469507,51.4753114],[-0.047076,51.4754576],[-0.047105,51.4754914],[-0.047133,51.475524],[-0.0471036,51.4755854]]}},{"type":"Feature","properties":{"id":"lens-traffic-road-london-way/1096816548","layer":"traffic_road","category":"transport","year":1994,"visible_year":2025,"rank":4,"name":"Southwark Park Road","source_id":"way/1096816548","source_url":"https://www.openstreetmap.org/way/1096816548","license":"ODbL","city_scope_status":"inside_official_city_boundary","transport_raw":0.025,"transport_count":2,"transport_activity":0.016,"representation":"official-boundary-scoped major-road transport-event activity","timing_note":"Road color is a three-year transport-event activity surface on current OSM major road geometry retained inside the official city boundary, not measured traffic volume or congestion."},"geometry":{"type":"LineString","coordinates":[[-0.0637963,51.4921868],[-0.0636872,51.4921951],[-0.063574,51.4922066],[-0.0632485,51.4922395]]}},{"type":"Feature","properties":{"id":"lens-traffic-road-london-way/909833966","layer":"traffic_road","category":"transport","year":1994,"visible_year":2025,"rank":4.5,"name":"Peckham High Street","source_id":"way/909833966","source_url":"https://www.openstreetmap.org/way/909833966","license":"ODbL","city_scope_status":"inside_official_city_boundary","transport_raw":0.024,"transport_count":2,"transport_activity":0.016,"representation":"official-boundary-scoped major-road transport-event activity","timing_note":"Road color is a three-year transport-event activity surface on current OSM major road geometry retained inside the official city boundary, not measured traffic volume or congestion."},"geometry":{"type":"LineString","coordinates":[[-0.0698099,51.473489],[-0.0697068,51.4735389]]}},{"type":"Feature","properties":{"id":"lens-traffic-road-london-way/1065388507","layer":"traffic_road","category":"transport","year":1994,"visible_year":2026,"rank":4.5,"name":"Queen's Road","source_id":"way/1065388507","source_url":"https://www.openstreetmap.org/way/1065388507","license":"ODbL","city_scope_status":"inside_official_city_boundary","transport_raw":0.024,"transport_count":2,"transport_activity":0.015,"representation":"official-boundary-scoped major-road transport-event activity","timing_note":"Road color is a three-year transport-event activity surface on current OSM major road geometry retained inside the official city boundary, not measured traffic volume or congestion."},"geometry":{"type":"LineString","coordinates":[[-0.046495,51.4742697],[-0.0463899,51.4743429]]}},{"type":"Feature","properties":{"id":"lens-traffic-road-london-way/1069331423","layer":"traffic_road","category":"transport","year":1994,"visible_year":2026,"rank":4.5,"name":"New Cross Road","source_id":"way/1069331423","source_url":"https://www.openstreetmap.org/way/1069331423","license":"ODbL","city_scope_status":"inside_official_city_boundary","transport_raw":0.021,"transport_count":2,"transport_activity":0.014,"representation":"official-boundary-scoped major-road transport-event activity","timing_note":"Road color is a three-year transport-event activity surface on current OSM major road geometry retained inside the official city boundary, not measured traffic volume or congestion."},"geometry":{"type":"LineString","coordinates":[[-0.0471036,51.4755854],[-0.0469983,51.475567],[-0.0469457,51.4754975],[-0.0469137,51.4754502],[-0.0468919,51.4754145],[-0.0468427,51.4753339],[-0.0468722,51.4752757]]}},{"type":"Feature","properties":{"id":"lens-traffic-road-london-way/1269103673","layer":"traffic_road","category":"transport","year":1994,"visible_year":2026,"rank":2,"name":"St James's Road","source_id":"way/1269103673","source_url":"https://www.openstreetmap.org/way/1269103673","license":"ODbL","city_scope_status":"inside_official_city_boundary","transport_raw":0.021,"transport_count":2,"transport_activity":0.013,"representation":"official-boundary-scoped major-road transport-event activity","timing_note":"Road color is a three-year transport-event activity surface on current OSM major road geometry retained inside the official city boundary, not measured traffic volume or congestion."},"geometry":{"type":"LineString","coordinates":[[-0.0654069,51.489892],[-0.0654132,51.4898051],[-0.0654245,51.489526],[-0.0654342,51.4894272],[-0.0654559,51.4892888],[-0.0655849,51.4884859]]}},{"type":"Feature","properties":{"id":"lens-traffic-road-london-way/1079897400","layer":"traffic_road","category":"transport","year":1994,"visible_year":2026,"rank":4.5,"name":"New Cross Road","source_id":"way/1079897400","source_url":"https://www.openstreetmap.org/way/1079897400","license":"ODbL","city_scope_status":"inside_official_city_boundary","transport_raw":0.018,"transport_count":2,"transport_activity":0.012,"representation":"official-boundary-scoped major-road transport-event activity","timing_note":"Road color is a three-year transport-event activity surface on current OSM major road geometry retained inside the official city boundary, not measured traffic volume or congestion."},"geometry":{"type":"LineString","coordinates":[[-0.0468722,51.4752757],[-0.0468305,51.4751879],[-0.0465448,51.4747953],[-0.0464969,51.4747346],[-0.0464366,51.4746706],[-0.0463677,51.474612],[-0.0462836,51.4745498]]}},{"type":"Feature","properties":{"id":"lens-traffic-road-london-way/149118491","layer":"traffic_road","category":"transport","year":1994,"visible_year":2026,"rank":4.5,"name":"Queen's Road","source_id":"way/149118491","source_url":"https://www.openstreetmap.org/way/149118491","license":"ODbL","city_scope_status":"inside_official_city_boundary","transport_raw":0.018,"transport_count":2,"transport_activity":0.012,"representation":"official-boundary-scoped major-road transport-event activity","timing_note":"Road color is a three-year transport-event activity surface on current OSM major road geometry retained inside the official city boundary, not measured traffic volume or congestion."},"geometry":{"type":"LineString","coordinates":[[-0.0463899,51.4743429],[-0.046328,51.4743665]]}},{"type":"Feature","properties":{"id":"lens-traffic-road-london-way/909833965","layer":"traffic_road","category":"transport","year":1994,"visible_year":2025,"rank":4.5,"name":"Peckham High Street","source_id":"way/909833965","source_url":"https://www.openstreetmap.org/way/909833965","license":"ODbL","city_scope_status":"inside_official_city_boundary","transport_raw":0.017,"transport_count":2,"transport_activity":0.011,"representation":"official-boundary-scoped major-road transport-event activity","timing_note":"Road color is a three-year transport-event activity surface on current OSM major road geometry retained inside the official city boundary, not measured traffic volume or congestion."},"geometry":{"type":"LineString","coordinates":[[-0.0700041,51.4734284],[-0.0698099,51.473489]]}},{"type":"Feature","properties":{"id":"lens-traffic-road-london-way/1037431033","layer":"traffic_road","category":"transport","year":1994,"visible_year":2025,"rank":4,"name":"Evelyn Street","source_id":"way/1037431033","source_url":"https://www.openstreetmap.org/way/1037431033","license":"ODbL","city_scope_status":"inside_official_city_boundary","transport_raw":0.013,"transport_count":2,"transport_activity":0.009,"representation":"official-boundary-scoped major-road transport-event activity","timing_note":"Road color is a three-year transport-event activity surface on current OSM major road geometry retained inside the official city boundary, not measured traffic volume or congestion."},"geometry":{"type":"LineString","coordinates":[[-0.0417376,51.4897308],[-0.0416712,51.4896807],[-0.0416046,51.4896375]]}},{"type":"Feature","properties":{"id":"lens-traffic-road-london-way/11545701","layer":"traffic_road","category":"transport","year":1994,"visible_year":2024,"rank":2,"name":"Gibbon Road","source_id":"way/11545701","source_url":"https://www.openstreetmap.org/way/11545701","license":"ODbL","city_scope_status":"inside_official_city_boundary","transport_raw":0.014,"transport_count":2,"transport_activity":0.009,"representation":"official-boundary-scoped major-road transport-event activity","timing_note":"Road color is a three-year transport-event activity surface on current OSM major road geometry retained inside the official city boundary, not measured traffic volume or congestion."},"geometry":{"type":"LineString","coordinates":[[-0.0517351,51.4661885],[-0.051685,51.4662167],[-0.0515806,51.4664796],[-0.051561,51.4665255]]}},{"type":"Feature","properties":{"id":"lens-traffic-road-london-way/238979558","layer":"traffic_road","category":"transport","year":1994,"visible_year":2026,"rank":4.5,"name":"Queen's Road","source_id":"way/238979558","source_url":"https://www.openstreetmap.org/way/238979558","license":"ODbL","city_scope_status":"inside_official_city_boundary","transport_raw":0.011,"transport_count":2,"transport_activity":0.007,"representation":"official-boundary-scoped major-road transport-event activity","timing_note":"Road color is a three-year transport-event activity surface on current OSM major road geometry retained inside the official city boundary, not measured traffic volume or congestion."},"geometry":{"type":"LineString","coordinates":[[-0.046328,51.4743665],[-0.0462716,51.4743899],[-0.0461241,51.4744626]]}},{"type":"Feature","properties":{"id":"lens-traffic-road-london-way/217183036","layer":"traffic_road","category":"transport","year":1994,"visible_year":2026,"rank":4.5,"name":"Queen's Road","source_id":"way/217183036","source_url":"https://www.openstreetmap.org/way/217183036","license":"ODbL","city_scope_status":"inside_official_city_boundary","transport_raw":0.01,"transport_count":2,"transport_activity":0.006,"representation":"official-boundary-scoped major-road transport-event activity","timing_note":"Road color is a three-year transport-event activity surface on current OSM major road geometry retained inside the official city boundary, not measured traffic volume or congestion."},"geometry":{"type":"LineString","coordinates":[[-0.0458124,51.4742958],[-0.0460608,51.4743177],[-0.046152,51.4743205],[-0.0462411,51.4743127],[-0.0463495,51.4742848],[-0.046495,51.4742697]]}},{"type":"Feature","properties":{"id":"lens-traffic-road-london-way/5035000","layer":"traffic_road","category":"transport","year":1994,"visible_year":2025,"rank":4,"name":"Copeland Road","source_id":"way/5035000","source_url":"https://www.openstreetmap.org/way/5035000","license":"ODbL","city_scope_status":"inside_official_city_boundary","transport_raw":0.01,"transport_count":2,"transport_activity":0.006,"representation":"official-boundary-scoped major-road transport-event activity","timing_note":"Road color is a three-year transport-event activity surface on current OSM major road geometry retained inside the official city boundary, not measured traffic volume or congestion."},"geometry":{"type":"LineString","coordinates":[[-0.0658937,51.4668168],[-0.0658646,51.4668525],[-0.0658403,51.4668767],[-0.0657841,51.4669002],[-0.0657154,51.4669203],[-0.0654801,51.4669708],[-0.0654008,51.4669959]]}},{"type":"Feature","properties":{"id":"lens-traffic-road-london-way/1069331425","layer":"traffic_road","category":"transport","year":1994,"visible_year":2026,"rank":4.5,"name":"New Cross Road","source_id":"way/1069331425","source_url":"https://www.openstreetmap.org/way/1069331425","license":"ODbL","city_scope_status":"inside_official_city_boundary","transport_raw":0.007,"transport_count":2,"transport_activity":0.005,"representation":"official-boundary-scoped major-road transport-event activity","timing_note":"Road color is a three-year transport-event activity surface on current OSM major road geometry retained inside the official city boundary, not measured traffic volume or congestion."},"geometry":{"type":"LineString","coordinates":[[-0.0462836,51.4745498],[-0.0462344,51.4745192],[-0.0461241,51.4744626]]}},{"type":"Feature","properties":{"id":"lens-traffic-road-london-way/39258883","layer":"traffic_road","category":"transport","year":1994,"visible_year":2025,"rank":4.5,"name":"Peckham High Street","source_id":"way/39258883","source_url":"https://www.openstreetmap.org/way/39258883","license":"ODbL","city_scope_status":"inside_official_city_boundary","transport_raw":0.007,"transport_count":2,"transport_activity":0.005,"representation":"official-boundary-scoped major-road transport-event activity","timing_note":"Road color is a three-year transport-event activity surface on current OSM major road geometry retained inside the official city boundary, not measured traffic volume or congestion."},"geometry":{"type":"LineString","coordinates":[[-0.0701746,51.4733844],[-0.0700806,51.4734071],[-0.0700041,51.4734284]]}},{"type":"Feature","properties":{"id":"lens-traffic-road-london-way/334848128","layer":"traffic_road","category":"transport","year":1994,"visible_year":2026,"rank":2,"name":"St James's Road","source_id":"way/334848128","source_url":"https://www.openstreetmap.org/way/334848128","license":"ODbL","city_scope_status":"inside_official_city_boundary","transport_raw":0.005,"transport_count":2,"transport_activity":0.003,"representation":"official-boundary-scoped major-road transport-event activity","timing_note":"Road color is a three-year transport-event activity surface on current OSM major road geometry retained inside the official city boundary, not measured traffic volume or congestion."},"geometry":{"type":"LineString","coordinates":[[-0.0656386,51.4880973],[-0.0657451,51.4873934],[-0.0657519,51.4873462],[-0.0657572,51.4873103],[-0.0657709,51.4872171],[-0.0657776,51.4871617]]}},{"type":"Feature","properties":{"id":"lens-traffic-road-london-way/1211150271","layer":"traffic_road","category":"transport","year":1994,"visible_year":2025,"rank":4,"name":"Evelyn Street","source_id":"way/1211150271","source_url":"https://www.openstreetmap.org/way/1211150271","license":"ODbL","city_scope_status":"inside_official_city_boundary","transport_raw":0.001,"transport_count":2,"transport_activity":0.001,"representation":"official-boundary-scoped major-road transport-event activity","timing_note":"Road color is a three-year transport-event activity surface on current OSM major road geometry retained inside the official city boundary, not measured traffic volume or congestion."},"geometry":{"type":"LineString","coordinates":[[-0.0416046,51.4896375],[-0.0415313,51.4895937]]}}]}
