{"type":"FeatureCollection","name":"london_transport_roads_1989","metadata":{"schema_version":"1.0.0","city_id":"london","year":1989,"road_source":"data/raw/overpass/london_major_roads_osm_2026.geojson","method":"Road features are colored from nearby source-backed transport records in a rolling three-year window.","caveat":"Transport road colors are activity hotspots, not measured traffic counts or live congestion.","suppressed":false,"suppression_reason":null},"features":[{"type":"Feature","properties":{"id":"lens-traffic-road-london-way/374537142","layer":"traffic_road","category":"transport","year":1989,"visible_year":2023,"rank":2,"name":"Burbage Road","source_id":"way/374537142","source_url":"https://www.openstreetmap.org/way/374537142","license":"ODbL","transport_raw":0.912,"transport_count":1,"transport_activity":1,"representation":"major-road transport-event activity","timing_note":"Road color is a three-year transport-event activity surface on current OSM major road geometry, not measured traffic volume or congestion."},"geometry":{"type":"LineString","coordinates":[[-0.0948498,51.4506915],[-0.0949083,51.4507297],[-0.0951007,51.4508667],[-0.0953113,51.4510166],[-0.0954612,51.4511357]]}},{"type":"Feature","properties":{"id":"lens-traffic-road-london-way/371202326","layer":"traffic_road","category":"transport","year":1989,"visible_year":2024,"rank":2,"name":"Burbage Road","source_id":"way/371202326","source_url":"https://www.openstreetmap.org/way/371202326","license":"ODbL","transport_raw":0.895,"transport_count":1,"transport_activity":0.981,"representation":"major-road transport-event activity","timing_note":"Road color is a three-year transport-event activity surface on current OSM major road geometry, not measured traffic volume or congestion."},"geometry":{"type":"LineString","coordinates":[[-0.0954612,51.4511357],[-0.0955904,51.4512431],[-0.0956766,51.4513183],[-0.0958202,51.4514509],[-0.0959482,51.4515721],[-0.0960883,51.4517189],[-0.0961434,51.4517849],[-0.0961875,51.4518419],[-0.0962155,51.4518899],[-0.0962646,51.4519731],[-0.09635,51.452148],[-0.0964353,51.4523307],[-0.0964873,51.4524631],[-0.0965119,51.4525342],[-0.0966153,51.4528442],[-0.0966477,51.4529381]]}},{"type":"Feature","properties":{"id":"lens-traffic-road-london-way/371202325","layer":"traffic_road","category":"transport","year":1989,"visible_year":2025,"rank":2,"name":"Burbage Road","source_id":"way/371202325","source_url":"https://www.openstreetmap.org/way/371202325","license":"ODbL","transport_raw":0.88,"transport_count":1,"transport_activity":0.964,"representation":"major-road transport-event activity","timing_note":"Road color is a three-year transport-event activity surface on current OSM major road geometry, not measured traffic volume or congestion."},"geometry":{"type":"LineString","coordinates":[[-0.094715,51.4506019],[-0.0948498,51.4506915]]}},{"type":"Feature","properties":{"id":"lens-traffic-road-london-way/4629392","layer":"traffic_road","category":"transport","year":1989,"visible_year":2025,"rank":4,"name":"Half Moon Lane","source_id":"way/4629392","source_url":"https://www.openstreetmap.org/way/4629392","license":"ODbL","transport_raw":0.786,"transport_count":1,"transport_activity":0.861,"representation":"major-road transport-event activity","timing_note":"Road color is a three-year transport-event activity surface on current OSM major road geometry, not measured traffic volume or congestion."},"geometry":{"type":"LineString","coordinates":[[-0.0921528,51.453363],[-0.0924005,51.4533463],[-0.0925457,51.4533325],[-0.0927433,51.453306],[-0.0929777,51.4532714],[-0.0933477,51.4532346],[-0.0934067,51.4532291],[-0.0936443,51.4532075],[-0.0940094,51.4531748],[-0.0941811,51.4531591],[-0.094636,51.4531172],[-0.0954279,51.4530472],[-0.0956271,51.4530295],[-0.0961044,51.4529865],[-0.0964274,51.4529573],[-0.0966477,51.4529381],[-0.0975088,51.4528517]]}},{"type":"Feature","properties":{"id":"lens-traffic-road-london-way/634085152","layer":"traffic_road","category":"transport","year":1989,"visible_year":2025,"rank":2,"name":"Burbage Road","source_id":"way/634085152","source_url":"https://www.openstreetmap.org/way/634085152","license":"ODbL","transport_raw":0.681,"transport_count":1,"transport_activity":0.746,"representation":"major-road transport-event activity","timing_note":"Road color is a three-year transport-event activity surface on current OSM major road geometry, not measured traffic volume or congestion."},"geometry":{"type":"LineString","coordinates":[[-0.0904271,51.449021],[-0.0911025,51.4491956],[-0.0914591,51.449293],[-0.0917509,51.4493734],[-0.0921951,51.4494977],[-0.0926958,51.4496457],[-0.0930735,51.4497832],[-0.0934694,51.4499542],[-0.0943099,51.4503604],[-0.094715,51.4506019]]}},{"type":"Feature","properties":{"id":"lens-traffic-road-london-way/293403381","layer":"traffic_road","category":"transport","year":1989,"visible_year":2024,"rank":4,"name":"Village Way","source_id":"way/293403381","source_url":"https://www.openstreetmap.org/way/293403381","license":"ODbL","transport_raw":0.657,"transport_count":1,"transport_activity":0.72,"representation":"major-road transport-event activity","timing_note":"Road color is a three-year transport-event activity surface on current OSM major road geometry, not measured traffic volume or congestion."},"geometry":{"type":"LineString","coordinates":[[-0.0908472,51.4527535],[-0.0909242,51.452777],[-0.0910812,51.4528286],[-0.0912251,51.4528829],[-0.0913695,51.4529489],[-0.0915239,51.4530211],[-0.0916425,51.4530845],[-0.0917798,51.4531505],[-0.0919148,51.4532077],[-0.0920256,51.45327],[-0.0921139,51.4533186],[-0.0921528,51.453363]]}},{"type":"Feature","properties":{"id":"lens-traffic-road-london-way/1458736428","layer":"traffic_road","category":"transport","year":1989,"visible_year":2025,"rank":4,"name":"Half Moon Lane","source_id":"way/1458736428","source_url":"https://www.openstreetmap.org/way/1458736428","license":"ODbL","transport_raw":0.631,"transport_count":1,"transport_activity":0.691,"representation":"major-road transport-event activity","timing_note":"Road color is a three-year transport-event activity surface on current OSM major road geometry, not measured traffic volume or congestion."},"geometry":{"type":"LineString","coordinates":[[-0.0975088,51.4528517],[-0.0977707,51.4528306],[-0.0980218,51.4528229],[-0.0985209,51.4528248],[-0.099798,51.4529343],[-0.1000846,51.4529496],[-0.1002261,51.4529478],[-0.1002481,51.4529474]]}},{"type":"Feature","properties":{"id":"lens-traffic-road-london-way/293403380","layer":"traffic_road","category":"transport","year":1989,"visible_year":2023,"rank":4,"name":"Village Way","source_id":"way/293403380","source_url":"https://www.openstreetmap.org/way/293403380","license":"ODbL","transport_raw":0.62,"transport_count":1,"transport_activity":0.68,"representation":"major-road transport-event activity","timing_note":"Road color is a three-year transport-event activity surface on current OSM major road geometry, not measured traffic volume or congestion."},"geometry":{"type":"LineString","coordinates":[[-0.0906621,51.4527069],[-0.0908472,51.4527535]]}},{"type":"Feature","properties":{"id":"lens-traffic-road-london-way/370869780","layer":"traffic_road","category":"transport","year":1989,"visible_year":2024,"rank":4,"name":"Croxted Road","source_id":"way/370869780","source_url":"https://www.openstreetmap.org/way/370869780","license":"ODbL","transport_raw":0.556,"transport_count":1,"transport_activity":0.61,"representation":"major-road transport-event activity","timing_note":"Road color is a three-year transport-event activity surface on current OSM major road geometry, not measured traffic volume or congestion."},"geometry":{"type":"LineString","coordinates":[[-0.100034,51.4503083],[-0.0999005,51.4502663],[-0.099826,51.450222],[-0.0997566,51.4501757],[-0.0996583,51.4500797],[-0.0996222,51.4500297],[-0.0995489,51.4499419],[-0.0995106,51.4498781],[-0.0994331,51.4497595],[-0.0993744,51.4496394],[-0.0993697,51.4496201],[-0.0992436,51.4492335],[-0.0992141,51.4491671],[-0.0991823,51.4491108],[-0.0991367,51.4490476],[-0.0990941,51.4489976],[-0.0990429,51.4489482],[-0.0989147,51.448834],[-0.0987642,51.4487125],[-0.0986562,51.4486318],[-0.0984707,51.4485099],[-0.0982405,51.4483769]]}},{"type":"Feature","properties":{"id":"lens-traffic-road-london-way/370869776","layer":"traffic_road","category":"transport","year":1989,"visible_year":2022,"rank":4,"name":"Croxted Road","source_id":"way/370869776","source_url":"https://www.openstreetmap.org/way/370869776","license":"ODbL","transport_raw":0.548,"transport_count":1,"transport_activity":0.601,"representation":"major-road transport-event activity","timing_note":"Road color is a three-year transport-event activity surface on current OSM major road geometry, not measured traffic volume or congestion."},"geometry":{"type":"LineString","coordinates":[[-0.1003536,51.4503251],[-0.100034,51.4503083]]}},{"type":"Feature","properties":{"id":"lens-traffic-road-london-way/192545026","layer":"traffic_road","category":"transport","year":1989,"visible_year":2025,"rank":4,"name":"Norwood Road","source_id":"way/192545026","source_url":"https://www.openstreetmap.org/way/192545026","license":"ODbL","transport_raw":0.524,"transport_count":1,"transport_activity":0.575,"representation":"major-road transport-event activity","timing_note":"Road color is a three-year transport-event activity surface on current OSM major road geometry, not measured traffic volume or congestion."},"geometry":{"type":"LineString","coordinates":[[-0.1009463,51.4514176],[-0.1009016,51.451367],[-0.1008705,51.4513284],[-0.1008478,51.4512957],[-0.1008304,51.4512645],[-0.1008151,51.4512328],[-0.1007952,51.451181],[-0.100779,51.4511376],[-0.1007638,51.4510835],[-0.1007352,51.4509274],[-0.1007262,51.4507894]]}},{"type":"Feature","properties":{"id":"lens-traffic-road-london-way/276512026","layer":"traffic_road","category":"transport","year":1989,"visible_year":2024,"rank":4,"name":"Village Way","source_id":"way/276512026","source_url":"https://www.openstreetmap.org/way/276512026","license":"ODbL","transport_raw":0.525,"transport_count":1,"transport_activity":0.575,"representation":"major-road transport-event activity","timing_note":"Road color is a three-year transport-event activity surface on current OSM major road geometry, not measured traffic volume or congestion."},"geometry":{"type":"LineString","coordinates":[[-0.0882595,51.4529107],[-0.088455,51.4528369],[-0.0886069,51.4527831],[-0.0887622,51.4527366],[-0.0888792,51.4527091],[-0.0890521,51.4526764],[-0.0892196,51.4526517],[-0.0893501,51.4526363],[-0.0894719,51.4526246],[-0.0896053,51.452616],[-0.0897968,51.4526109],[-0.0899642,51.4526091],[-0.0900903,51.4526163],[-0.0902147,51.4526266],[-0.0903559,51.4526452],[-0.0905062,51.452673],[-0.0906621,51.4527069]]}},{"type":"Feature","properties":{"id":"lens-traffic-road-london-way/8118033","layer":"traffic_road","category":"transport","year":1989,"visible_year":2022,"rank":4,"name":"Croxted Road","source_id":"way/8118033","source_url":"https://www.openstreetmap.org/way/8118033","license":"ODbL","transport_raw":0.524,"transport_count":1,"transport_activity":0.575,"representation":"major-road transport-event activity","timing_note":"Road color is a three-year transport-event activity surface on current OSM major road geometry, not measured traffic volume or congestion."},"geometry":{"type":"LineString","coordinates":[[-0.1007395,51.4503538],[-0.1005511,51.4503417],[-0.1004978,51.4503365],[-0.1004326,51.4503316],[-0.1003536,51.4503251]]}},{"type":"Feature","properties":{"id":"lens-traffic-road-london-way/995118112","layer":"traffic_road","category":"transport","year":1989,"visible_year":2025,"rank":4,"name":"Norwood Road","source_id":"way/995118112","source_url":"https://www.openstreetmap.org/way/995118112","license":"ODbL","transport_raw":0.521,"transport_count":1,"transport_activity":0.572,"representation":"major-road transport-event activity","timing_note":"Road color is a three-year transport-event activity surface on current OSM major road geometry, not measured traffic volume or congestion."},"geometry":{"type":"LineString","coordinates":[[-0.1007262,51.4507894],[-0.1007295,51.450623]]}},{"type":"Feature","properties":{"id":"lens-traffic-road-london-way/995118111","layer":"traffic_road","category":"transport","year":1989,"visible_year":2025,"rank":4,"name":"Norwood Road","source_id":"way/995118111","source_url":"https://www.openstreetmap.org/way/995118111","license":"ODbL","transport_raw":0.517,"transport_count":1,"transport_activity":0.567,"representation":"major-road transport-event activity","timing_note":"Road color is a three-year transport-event activity surface on current OSM major road geometry, not measured traffic volume or congestion."},"geometry":{"type":"LineString","coordinates":[[-0.1007295,51.450623],[-0.1007309,51.4505596]]}},{"type":"Feature","properties":{"id":"lens-traffic-road-london-way/4647188","layer":"traffic_road","category":"transport","year":1989,"visible_year":2024,"rank":2,"name":"Half Moon Lane","source_id":"way/4647188","source_url":"https://www.openstreetmap.org/way/4647188","license":"ODbL","transport_raw":0.516,"transport_count":1,"transport_activity":0.566,"representation":"major-road transport-event activity","timing_note":"Road color is a three-year transport-event activity surface on current OSM major road geometry, not measured traffic volume or congestion."},"geometry":{"type":"LineString","coordinates":[[-0.0887734,51.4542662],[-0.0888783,51.4541956],[-0.089197,51.4539909],[-0.0892371,51.4539666],[-0.0892579,51.453954],[-0.0894101,51.4538573],[-0.0895199,51.4537969],[-0.0896275,51.4537463],[-0.0900859,51.4535632],[-0.0905594,51.453453],[-0.0909081,51.4533994],[-0.0914576,51.453374],[-0.0917993,51.4533778],[-0.0919945,51.4533732],[-0.0921528,51.453363]]}},{"type":"Feature","properties":{"id":"lens-traffic-road-london-way/1068160898","layer":"traffic_road","category":"transport","year":1989,"visible_year":2026,"rank":4,"name":"Norwood Road","source_id":"way/1068160898","source_url":"https://www.openstreetmap.org/way/1068160898","license":"ODbL","transport_raw":0.515,"transport_count":1,"transport_activity":0.564,"representation":"major-road transport-event activity","timing_note":"Road color is a three-year transport-event activity surface on current OSM major road geometry, not measured traffic volume or congestion."},"geometry":{"type":"LineString","coordinates":[[-0.1007309,51.4505596],[-0.1007317,51.4505168],[-0.1007343,51.4504826]]}},{"type":"Feature","properties":{"id":"lens-traffic-road-london-way/1189759406","layer":"traffic_road","category":"transport","year":1989,"visible_year":2025,"rank":4,"name":"Half Moon Lane","source_id":"way/1189759406","source_url":"https://www.openstreetmap.org/way/1189759406","license":"ODbL","transport_raw":0.513,"transport_count":1,"transport_activity":0.563,"representation":"major-road transport-event activity","timing_note":"Road color is a three-year transport-event activity surface on current OSM major road geometry, not measured traffic volume or congestion."},"geometry":{"type":"LineString","coordinates":[[-0.1008595,51.4529792],[-0.1007939,51.4529727],[-0.1006172,51.4529706],[-0.1004344,51.4529693],[-0.1003303,51.452961],[-0.1002481,51.4529474]]}},{"type":"Feature","properties":{"id":"lens-traffic-road-london-way/994125722","layer":"traffic_road","category":"transport","year":1989,"visible_year":2025,"rank":4,"name":"Norwood Road","source_id":"way/994125722","source_url":"https://www.openstreetmap.org/way/994125722","license":"ODbL","transport_raw":0.511,"transport_count":1,"transport_activity":0.561,"representation":"major-road transport-event activity","timing_note":"Road color is a three-year transport-event activity surface on current OSM major road geometry, not measured traffic volume or congestion."},"geometry":{"type":"LineString","coordinates":[[-0.1007343,51.4504826],[-0.1007347,51.4504769],[-0.1007363,51.4504359],[-0.1007395,51.4503538]]}},{"type":"Feature","properties":{"id":"lens-traffic-road-london-way/1023342243","layer":"traffic_road","category":"transport","year":1989,"visible_year":2025,"rank":4,"name":"Norwood Road","source_id":"way/1023342243","source_url":"https://www.openstreetmap.org/way/1023342243","license":"ODbL","transport_raw":0.507,"transport_count":1,"transport_activity":0.556,"representation":"major-road transport-event activity","timing_note":"Road color is a three-year transport-event activity surface on current OSM major road geometry, not measured traffic volume or congestion."},"geometry":{"type":"LineString","coordinates":[[-0.1007395,51.4503538],[-0.100742,51.4503317]]}},{"type":"Feature","properties":{"id":"lens-traffic-road-london-way/1189759379","layer":"traffic_road","category":"transport","year":1989,"visible_year":2025,"rank":4,"name":"Half Moon Lane","source_id":"way/1189759379","source_url":"https://www.openstreetmap.org/way/1189759379","license":"ODbL","transport_raw":0.504,"transport_count":1,"transport_activity":0.552,"representation":"major-road transport-event activity","timing_note":"Road color is a three-year transport-event activity surface on current OSM major road geometry, not measured traffic volume or congestion."},"geometry":{"type":"LineString","coordinates":[[-0.1002481,51.4529474],[-0.1003289,51.4529291],[-0.1004102,51.4529194],[-0.1004952,51.4529121],[-0.1005967,51.4529019],[-0.1007333,51.4528864],[-0.1008018,51.452878],[-0.1008638,51.4528693],[-0.1008979,51.4528645],[-0.1009524,51.4528549],[-0.1009997,51.4528426],[-0.101062,51.4528177],[-0.1011004,51.4527915]]}},{"type":"Feature","properties":{"id":"lens-traffic-road-london-way/994125721","layer":"traffic_road","category":"transport","year":1989,"visible_year":2025,"rank":4,"name":"Norwood Road","source_id":"way/994125721","source_url":"https://www.openstreetmap.org/way/994125721","license":"ODbL","transport_raw":0.504,"transport_count":1,"transport_activity":0.552,"representation":"major-road transport-event activity","timing_note":"Road color is a three-year transport-event activity surface on current OSM major road geometry, not measured traffic volume or congestion."},"geometry":{"type":"LineString","coordinates":[[-0.1012219,51.4517174],[-0.1011564,51.4516508],[-0.1011252,51.4516191],[-0.1010784,51.4515702],[-0.1009463,51.4514176]]}},{"type":"Feature","properties":{"id":"lens-traffic-road-london-way/370869460","layer":"traffic_road","category":"transport","year":1989,"visible_year":2022,"rank":4,"name":"Croxted Road","source_id":"way/370869460","source_url":"https://www.openstreetmap.org/way/370869460","license":"ODbL","transport_raw":0.502,"transport_count":1,"transport_activity":0.55,"representation":"major-road transport-event activity","timing_note":"Road color is a three-year transport-event activity surface on current OSM major road geometry, not measured traffic volume or congestion."},"geometry":{"type":"LineString","coordinates":[[-0.0982405,51.4483769],[-0.0980833,51.4482883],[-0.0979472,51.4481828],[-0.0977273,51.4480191]]}},{"type":"Feature","properties":{"id":"lens-traffic-road-london-way/4629390","layer":"traffic_road","category":"transport","year":1989,"visible_year":2025,"rank":4,"name":"Norwood Road","source_id":"way/4629390","source_url":"https://www.openstreetmap.org/way/4629390","license":"ODbL","transport_raw":0.501,"transport_count":1,"transport_activity":0.55,"representation":"major-road transport-event activity","timing_note":"Road color is a three-year transport-event activity surface on current OSM major road geometry, not measured traffic volume or congestion."},"geometry":{"type":"LineString","coordinates":[[-0.100742,51.4503317],[-0.1007532,51.4502646],[-0.1007583,51.4502385],[-0.1007693,51.4502114],[-0.1007856,51.4501691]]}},{"type":"Feature","properties":{"id":"lens-traffic-road-london-way/1354329754","layer":"traffic_road","category":"transport","year":1989,"visible_year":2025,"rank":2,"name":"Burbage Road","source_id":"way/1354329754","source_url":"https://www.openstreetmap.org/way/1354329754","license":"ODbL","transport_raw":0.491,"transport_count":1,"transport_activity":0.538,"representation":"major-road transport-event activity","timing_note":"Road color is a three-year transport-event activity surface on current OSM major road geometry, not measured traffic volume or congestion."},"geometry":{"type":"LineString","coordinates":[[-0.0904271,51.449021],[-0.0903499,51.449027],[-0.0903114,51.4490182],[-0.0902232,51.4489947],[-0.0901941,51.4489604]]}},{"type":"Feature","properties":{"id":"lens-traffic-road-london-way/1354329755","layer":"traffic_road","category":"transport","year":1989,"visible_year":2025,"rank":2,"name":"Burbage Road","source_id":"way/1354329755","source_url":"https://www.openstreetmap.org/way/1354329755","license":"ODbL","transport_raw":0.49,"transport_count":1,"transport_activity":0.538,"representation":"major-road transport-event activity","timing_note":"Road color is a three-year transport-event activity surface on current OSM major road geometry, not measured traffic volume or congestion."},"geometry":{"type":"LineString","coordinates":[[-0.0901941,51.4489604],[-0.0902517,51.4489552],[-0.0903388,51.4489763],[-0.0904037,51.4489935],[-0.0904271,51.449021]]}},{"type":"Feature","properties":{"id":"lens-traffic-road-london-way/995118113","layer":"traffic_road","category":"transport","year":1989,"visible_year":2025,"rank":4,"name":"Norwood Road","source_id":"way/995118113","source_url":"https://www.openstreetmap.org/way/995118113","license":"ODbL","transport_raw":0.491,"transport_count":1,"transport_activity":0.538,"representation":"major-road transport-event activity","timing_note":"Road color is a three-year transport-event activity surface on current OSM major road geometry, not measured traffic volume or congestion."},"geometry":{"type":"LineString","coordinates":[[-0.1007856,51.4501691],[-0.1008202,51.4500887],[-0.1008338,51.4500624]]}},{"type":"Feature","properties":{"id":"lens-traffic-road-london-way/1189759405","layer":"traffic_road","category":"transport","year":1989,"visible_year":2025,"rank":4,"name":"Half Moon Lane","source_id":"way/1189759405","source_url":"https://www.openstreetmap.org/way/1189759405","license":"ODbL","transport_raw":0.485,"transport_count":1,"transport_activity":0.532,"representation":"major-road transport-event activity","timing_note":"Road color is a three-year transport-event activity surface on current OSM major road geometry, not measured traffic volume or congestion."},"geometry":{"type":"LineString","coordinates":[[-0.1009542,51.4529876],[-0.1008595,51.4529792]]}},{"type":"Feature","properties":{"id":"lens-traffic-road-london-way/1234268053","layer":"traffic_road","category":"transport","year":1989,"visible_year":2025,"rank":4,"name":"Norwood Road","source_id":"way/1234268053","source_url":"https://www.openstreetmap.org/way/1234268053","license":"ODbL","transport_raw":0.484,"transport_count":1,"transport_activity":0.531,"representation":"major-road transport-event activity","timing_note":"Road color is a three-year transport-event activity surface on current OSM major road geometry, not measured traffic volume or congestion."},"geometry":{"type":"LineString","coordinates":[[-0.1014237,51.4520568],[-0.1013929,51.451981],[-0.1013614,51.4519141],[-0.1013312,51.4518541],[-0.1013131,51.451827],[-0.1012923,51.4517975],[-0.1012583,51.4517571],[-0.1012219,51.4517174]]}},{"type":"Feature","properties":{"id":"lens-traffic-road-london-way/1189759404","layer":"traffic_road","category":"transport","year":1989,"visible_year":2023,"rank":4,"name":"Half Moon Lane","source_id":"way/1189759404","source_url":"https://www.openstreetmap.org/way/1189759404","license":"ODbL","transport_raw":0.481,"transport_count":1,"transport_activity":0.527,"representation":"major-road transport-event activity","timing_note":"Road color is a three-year transport-event activity surface on current OSM major road geometry, not measured traffic volume or congestion."},"geometry":{"type":"LineString","coordinates":[[-0.1009542,51.4529876],[-0.1009784,51.4529406],[-0.1010201,51.4528867],[-0.1011004,51.4527915]]}},{"type":"Feature","properties":{"id":"lens-traffic-road-london-way/1189759407","layer":"traffic_road","category":"transport","year":1989,"visible_year":2025,"rank":4,"name":"Half Moon Lane","source_id":"way/1189759407","source_url":"https://www.openstreetmap.org/way/1189759407","license":"ODbL","transport_raw":0.48,"transport_count":1,"transport_activity":0.526,"representation":"major-road transport-event activity","timing_note":"Road color is a three-year transport-event activity surface on current OSM major road geometry, not measured traffic volume or congestion."},"geometry":{"type":"LineString","coordinates":[[-0.1009532,51.4530858],[-0.100948,51.453046],[-0.1009453,51.4530253],[-0.1009542,51.4529876]]}},{"type":"Feature","properties":{"id":"lens-traffic-road-london-way/1189759401","layer":"traffic_road","category":"transport","year":1989,"visible_year":2025,"rank":4,"name":"Half Moon Lane","source_id":"way/1189759401","source_url":"https://www.openstreetmap.org/way/1189759401","license":"ODbL","transport_raw":0.478,"transport_count":1,"transport_activity":0.524,"representation":"major-road transport-event activity","timing_note":"Road color is a three-year transport-event activity surface on current OSM major road geometry, not measured traffic volume or congestion."},"geometry":{"type":"LineString","coordinates":[[-0.1011004,51.4527915],[-0.1011197,51.4527728]]}},{"type":"Feature","properties":{"id":"lens-traffic-road-london-way/1189759399","layer":"traffic_road","category":"transport","year":1989,"visible_year":2025,"rank":4,"name":"Half Moon Lane","source_id":"way/1189759399","source_url":"https://www.openstreetmap.org/way/1189759399","license":"ODbL","transport_raw":0.476,"transport_count":1,"transport_activity":0.522,"representation":"major-road transport-event activity","timing_note":"Road color is a three-year transport-event activity surface on current OSM major road geometry, not measured traffic volume or congestion."},"geometry":{"type":"LineString","coordinates":[[-0.1011726,51.4527968],[-0.1011598,51.4528131],[-0.1011128,51.4528742],[-0.1010356,51.4529878],[-0.1010082,51.4529924],[-0.1009542,51.4529876]]}},{"type":"Feature","properties":{"id":"lens-traffic-road-london-way/1189759487","layer":"traffic_road","category":"transport","year":1989,"visible_year":2025,"rank":4,"name":"Half Moon Lane","source_id":"way/1189759487","source_url":"https://www.openstreetmap.org/way/1189759487","license":"ODbL","transport_raw":0.476,"transport_count":1,"transport_activity":0.522,"representation":"major-road transport-event activity","timing_note":"Road color is a three-year transport-event activity surface on current OSM major road geometry, not measured traffic volume or congestion."},"geometry":{"type":"LineString","coordinates":[[-0.1011197,51.4527728],[-0.1012198,51.4526562]]}},{"type":"Feature","properties":{"id":"lens-traffic-road-london-way/1354329753","layer":"traffic_road","category":"transport","year":1989,"visible_year":2025,"rank":2,"name":"Burbage Road","source_id":"way/1354329753","source_url":"https://www.openstreetmap.org/way/1354329753","license":"ODbL","transport_raw":0.476,"transport_count":1,"transport_activity":0.522,"representation":"major-road transport-event activity","timing_note":"Road color is a three-year transport-event activity surface on current OSM major road geometry, not measured traffic volume or congestion."},"geometry":{"type":"LineString","coordinates":[[-0.0900771,51.4489287],[-0.0901368,51.4489455],[-0.0901568,51.4489507],[-0.0901941,51.4489604]]}},{"type":"Feature","properties":{"id":"lens-traffic-road-london-way/370869338","layer":"traffic_road","category":"transport","year":1989,"visible_year":2025,"rank":2,"name":"Turney Road","source_id":"way/370869338","source_url":"https://www.openstreetmap.org/way/370869338","license":"ODbL","transport_raw":0.476,"transport_count":1,"transport_activity":0.522,"representation":"major-road transport-event activity","timing_note":"Road color is a three-year transport-event activity surface on current OSM major road geometry, not measured traffic volume or congestion."},"geometry":{"type":"LineString","coordinates":[[-0.0941854,51.447148],[-0.0939871,51.4472124],[-0.0929858,51.4475376],[-0.0925556,51.4476773],[-0.0923262,51.4477702],[-0.0921649,51.4478355],[-0.0916799,51.4480643],[-0.0911646,51.4483074],[-0.0902487,51.448824],[-0.0900771,51.4489287],[-0.0899719,51.4489897]]}},{"type":"Feature","properties":{"id":"lens-traffic-road-london-way/1189759400","layer":"traffic_road","category":"transport","year":1989,"visible_year":2023,"rank":3,"name":"Milkwood Road","source_id":"way/1189759400","source_url":"https://www.openstreetmap.org/way/1189759400","license":"ODbL","transport_raw":0.475,"transport_count":1,"transport_activity":0.521,"representation":"major-road transport-event activity","timing_note":"Road color is a three-year transport-event activity surface on current OSM major road geometry, not measured traffic volume or congestion."},"geometry":{"type":"LineString","coordinates":[[-0.1011726,51.4527968],[-0.1011197,51.4527728]]}},{"type":"Feature","properties":{"id":"lens-traffic-road-london-way/1189759366","layer":"traffic_road","category":"transport","year":1989,"visible_year":2025,"rank":4,"name":"Norwood Road","source_id":"way/1189759366","source_url":"https://www.openstreetmap.org/way/1189759366","license":"ODbL","transport_raw":0.475,"transport_count":1,"transport_activity":0.52,"representation":"major-road transport-event activity","timing_note":"Road color is a three-year transport-event activity surface on current OSM major road geometry, not measured traffic volume or congestion."},"geometry":{"type":"LineString","coordinates":[[-0.1013893,51.4521957],[-0.1013787,51.4521096],[-0.1014237,51.4520568]]}},{"type":"Feature","properties":{"id":"lens-traffic-road-london-way/1189759369","layer":"traffic_road","category":"transport","year":1989,"visible_year":2025,"rank":4,"name":"Half Moon Lane","source_id":"way/1189759369","source_url":"https://www.openstreetmap.org/way/1189759369","license":"ODbL","transport_raw":0.472,"transport_count":1,"transport_activity":0.517,"representation":"major-road transport-event activity","timing_note":"Road color is a three-year transport-event activity surface on current OSM major road geometry, not measured traffic volume or congestion."},"geometry":{"type":"LineString","coordinates":[[-0.1012198,51.4526562],[-0.101256,51.4526143],[-0.1013644,51.452451],[-0.1013829,51.4524232]]}},{"type":"Feature","properties":{"id":"lens-traffic-road-london-way/1189759378","layer":"traffic_road","category":"transport","year":1989,"visible_year":2023,"rank":4,"name":"Half Moon Lane","source_id":"way/1189759378","source_url":"https://www.openstreetmap.org/way/1189759378","license":"ODbL","transport_raw":0.472,"transport_count":1,"transport_activity":0.517,"representation":"major-road transport-event activity","timing_note":"Road color is a three-year transport-event activity surface on current OSM major road geometry, not measured traffic volume or congestion."},"geometry":{"type":"LineString","coordinates":[[-0.1012349,51.4527298],[-0.1011726,51.4527968]]}},{"type":"Feature","properties":{"id":"lens-traffic-road-london-way/1306149248","layer":"traffic_road","category":"transport","year":1989,"visible_year":2024,"rank":3,"name":"Milkwood Road","source_id":"way/1306149248","source_url":"https://www.openstreetmap.org/way/1306149248","license":"ODbL","transport_raw":0.472,"transport_count":1,"transport_activity":0.517,"representation":"major-road transport-event activity","timing_note":"Road color is a three-year transport-event activity surface on current OSM major road geometry, not measured traffic volume or congestion."},"geometry":{"type":"LineString","coordinates":[[-0.1011971,51.452809],[-0.1011726,51.4527968]]}},{"type":"Feature","properties":{"id":"lens-traffic-road-london-way/1189759402","layer":"traffic_road","category":"transport","year":1989,"visible_year":2025,"rank":4,"name":"Half Moon Lane","source_id":"way/1189759402","source_url":"https://www.openstreetmap.org/way/1189759402","license":"ODbL","transport_raw":0.471,"transport_count":1,"transport_activity":0.516,"representation":"major-road transport-event activity","timing_note":"Road color is a three-year transport-event activity surface on current OSM major road geometry, not measured traffic volume or congestion."},"geometry":{"type":"LineString","coordinates":[[-0.1012248,51.452751],[-0.1011971,51.452809]]}},{"type":"Feature","properties":{"id":"lens-traffic-road-london-way/1189759403","layer":"traffic_road","category":"transport","year":1989,"visible_year":2023,"rank":4,"name":"Half Moon Lane","source_id":"way/1189759403","source_url":"https://www.openstreetmap.org/way/1189759403","license":"ODbL","transport_raw":0.471,"transport_count":1,"transport_activity":0.516,"representation":"major-road transport-event activity","timing_note":"Road color is a three-year transport-event activity surface on current OSM major road geometry, not measured traffic volume or congestion."},"geometry":{"type":"LineString","coordinates":[[-0.1012349,51.4527298],[-0.1012248,51.452751]]}},{"type":"Feature","properties":{"id":"lens-traffic-road-london-way/1189759486","layer":"traffic_road","category":"transport","year":1989,"visible_year":2023,"rank":4,"name":"Half Moon Lane","source_id":"way/1189759486","source_url":"https://www.openstreetmap.org/way/1189759486","license":"ODbL","transport_raw":0.47,"transport_count":1,"transport_activity":0.516,"representation":"major-road transport-event activity","timing_note":"Road color is a three-year transport-event activity surface on current OSM major road geometry, not measured traffic volume or congestion."},"geometry":{"type":"LineString","coordinates":[[-0.101262,51.4526956],[-0.1012349,51.4527298]]}},{"type":"Feature","properties":{"id":"lens-traffic-road-london-way/1234268055","layer":"traffic_road","category":"transport","year":1989,"visible_year":2025,"rank":4,"name":"Norwood Road","source_id":"way/1234268055","source_url":"https://www.openstreetmap.org/way/1234268055","license":"ODbL","transport_raw":0.471,"transport_count":1,"transport_activity":0.516,"representation":"major-road transport-event activity","timing_note":"Road color is a three-year transport-event activity surface on current OSM major road geometry, not measured traffic volume or congestion."},"geometry":{"type":"LineString","coordinates":[[-0.1014213,51.4523635],[-0.1014117,51.4523092],[-0.1014027,51.4522424],[-0.1014011,51.4522369],[-0.1013893,51.4521957]]}},{"type":"Feature","properties":{"id":"lens-traffic-road-london-way/1354329752","layer":"traffic_road","category":"transport","year":1989,"visible_year":2025,"rank":2,"name":"Turney Road","source_id":"way/1354329752","source_url":"https://www.openstreetmap.org/way/1354329752","license":"ODbL","transport_raw":0.469,"transport_count":1,"transport_activity":0.514,"representation":"major-road transport-event activity","timing_note":"Road color is a three-year transport-event activity surface on current OSM major road geometry, not measured traffic volume or congestion."},"geometry":{"type":"LineString","coordinates":[[-0.0899719,51.4489897],[-0.0899291,51.449036],[-0.0899,51.4490517],[-0.0898677,51.4490688],[-0.0898212,51.449077]]}},{"type":"Feature","properties":{"id":"lens-traffic-road-london-way/1246743967","layer":"traffic_road","category":"transport","year":1989,"visible_year":2026,"rank":4,"name":"Half Moon Lane","source_id":"way/1246743967","source_url":"https://www.openstreetmap.org/way/1246743967","license":"ODbL","transport_raw":0.468,"transport_count":1,"transport_activity":0.513,"representation":"major-road transport-event activity","timing_note":"Road color is a three-year transport-event activity surface on current OSM major road geometry, not measured traffic volume or congestion."},"geometry":{"type":"LineString","coordinates":[[-0.1013829,51.4524232],[-0.1014002,51.4523962],[-0.1014213,51.4523635]]}},{"type":"Feature","properties":{"id":"lens-traffic-road-london-way/1189759376","layer":"traffic_road","category":"transport","year":1989,"visible_year":2025,"rank":4,"name":"Half Moon Lane","source_id":"way/1189759376","source_url":"https://www.openstreetmap.org/way/1189759376","license":"ODbL","transport_raw":0.466,"transport_count":1,"transport_activity":0.511,"representation":"major-road transport-event activity","timing_note":"Road color is a three-year transport-event activity surface on current OSM major road geometry, not measured traffic volume or congestion."},"geometry":{"type":"LineString","coordinates":[[-0.1010509,51.4534016],[-0.1010025,51.4533234],[-0.100963,51.4531277],[-0.1009532,51.4530858]]}},{"type":"Feature","properties":{"id":"lens-traffic-road-london-way/1189759397","layer":"traffic_road","category":"transport","year":1989,"visible_year":2025,"rank":4,"name":"Half Moon Lane","source_id":"way/1189759397","source_url":"https://www.openstreetmap.org/way/1189759397","license":"ODbL","transport_raw":0.466,"transport_count":1,"transport_activity":0.511,"representation":"major-road transport-event activity","timing_note":"Road color is a three-year transport-event activity surface on current OSM major road geometry, not measured traffic volume or congestion."},"geometry":{"type":"LineString","coordinates":[[-0.1011971,51.452809],[-0.1011748,51.4528554],[-0.1010933,51.4529867],[-0.1010646,51.4530458],[-0.1010565,51.4531072],[-0.1010503,51.4531722],[-0.101051,51.4532185],[-0.1010634,51.4532917],[-0.1010509,51.4534016]]}},{"type":"Feature","properties":{"id":"lens-traffic-road-london-way/1189759365","layer":"traffic_road","category":"transport","year":1989,"visible_year":2023,"rank":4,"name":"Half Moon Lane","source_id":"way/1189759365","source_url":"https://www.openstreetmap.org/way/1189759365","license":"ODbL","transport_raw":0.466,"transport_count":1,"transport_activity":0.51,"representation":"major-road transport-event activity","timing_note":"Road color is a three-year transport-event activity surface on current OSM major road geometry, not measured traffic volume or congestion."},"geometry":{"type":"LineString","coordinates":[[-0.1014618,51.4525003],[-0.1014353,51.4525194],[-0.1013496,51.452592],[-0.101289,51.4526613],[-0.101262,51.4526956]]}},{"type":"Feature","properties":{"id":"lens-traffic-road-london-way/1189759371","layer":"traffic_road","category":"transport","year":1989,"visible_year":2025,"rank":4,"name":"Dulwich Road","source_id":"way/1189759371","source_url":"https://www.openstreetmap.org/way/1189759371","license":"ODbL","transport_raw":0.465,"transport_count":1,"transport_activity":0.51,"representation":"major-road transport-event activity","timing_note":"Road color is a three-year transport-event activity surface on current OSM major road geometry, not measured traffic volume or congestion."},"geometry":{"type":"LineString","coordinates":[[-0.1014213,51.4523635],[-0.1014774,51.4523439]]}},{"type":"Feature","properties":{"id":"lens-traffic-road-london-way/1354329747","layer":"traffic_road","category":"transport","year":1989,"visible_year":2025,"rank":2,"name":"Turney Road","source_id":"way/1354329747","source_url":"https://www.openstreetmap.org/way/1354329747","license":"ODbL","transport_raw":0.466,"transport_count":1,"transport_activity":0.51,"representation":"major-road transport-event activity","timing_note":"Road color is a three-year transport-event activity surface on current OSM major road geometry, not measured traffic volume or congestion."},"geometry":{"type":"LineString","coordinates":[[-0.0898212,51.449077],[-0.0898115,51.449048],[-0.0898541,51.4490185],[-0.0898738,51.4490056],[-0.0899719,51.4489897]]}},{"type":"Feature","properties":{"id":"lens-traffic-road-london-way/1234268054","layer":"traffic_road","category":"transport","year":1989,"visible_year":2025,"rank":4,"name":"Norwood Road","source_id":"way/1234268054","source_url":"https://www.openstreetmap.org/way/1234268054","license":"ODbL","transport_raw":0.463,"transport_count":1,"transport_activity":0.508,"representation":"major-road transport-event activity","timing_note":"Road color is a three-year transport-event activity surface on current OSM major road geometry, not measured traffic volume or congestion."},"geometry":{"type":"LineString","coordinates":[[-0.1014237,51.4520568],[-0.101513,51.4521052],[-0.1015275,51.4521471],[-0.10154,51.4521895],[-0.1015502,51.4522292],[-0.101561,51.4522714],[-0.1015614,51.4523231]]}},{"type":"Feature","properties":{"id":"lens-traffic-road-london-way/1189759372","layer":"traffic_road","category":"transport","year":1989,"visible_year":2025,"rank":4,"name":"Norwood Road","source_id":"way/1189759372","source_url":"https://www.openstreetmap.org/way/1189759372","license":"ODbL","transport_raw":0.462,"transport_count":1,"transport_activity":0.506,"representation":"major-road transport-event activity","timing_note":"Road color is a three-year transport-event activity surface on current OSM major road geometry, not measured traffic volume or congestion."},"geometry":{"type":"LineString","coordinates":[[-0.1015413,51.4524144],[-0.1014856,51.4523949],[-0.1014213,51.4523635]]}},{"type":"Feature","properties":{"id":"lens-traffic-road-london-way/1189759361","layer":"traffic_road","category":"transport","year":1989,"visible_year":2025,"rank":4,"name":"Dulwich Road","source_id":"way/1189759361","source_url":"https://www.openstreetmap.org/way/1189759361","license":"ODbL","transport_raw":0.461,"transport_count":1,"transport_activity":0.505,"representation":"major-road transport-event activity","timing_note":"Road color is a three-year transport-event activity surface on current OSM major road geometry, not measured traffic volume or congestion."},"geometry":{"type":"LineString","coordinates":[[-0.1014774,51.4523439],[-0.1015015,51.4523328],[-0.1015614,51.4523231]]}},{"type":"Feature","properties":{"id":"lens-traffic-road-london-way/1189759488","layer":"traffic_road","category":"transport","year":1989,"visible_year":2023,"rank":4,"name":"Half Moon Lane","source_id":"way/1189759488","source_url":"https://www.openstreetmap.org/way/1189759488","license":"ODbL","transport_raw":0.459,"transport_count":1,"transport_activity":0.503,"representation":"major-road transport-event activity","timing_note":"Road color is a three-year transport-event activity surface on current OSM major road geometry, not measured traffic volume or congestion."},"geometry":{"type":"LineString","coordinates":[[-0.1015413,51.4524144],[-0.101479,51.4524878],[-0.1014618,51.4525003]]}},{"type":"Feature","properties":{"id":"lens-traffic-road-london-way/1189759374","layer":"traffic_road","category":"transport","year":1989,"visible_year":2025,"rank":4,"name":"Norwood Road","source_id":"way/1189759374","source_url":"https://www.openstreetmap.org/way/1189759374","license":"ODbL","transport_raw":0.457,"transport_count":1,"transport_activity":0.501,"representation":"major-road transport-event activity","timing_note":"Road color is a three-year transport-event activity surface on current OSM major road geometry, not measured traffic volume or congestion."},"geometry":{"type":"LineString","coordinates":[[-0.1015614,51.4523231],[-0.1015413,51.4524144]]}},{"type":"Feature","properties":{"id":"lens-traffic-road-london-way/1189759382","layer":"traffic_road","category":"transport","year":1989,"visible_year":2026,"rank":4,"name":"Herne Hill","source_id":"way/1189759382","source_url":"https://www.openstreetmap.org/way/1189759382","license":"ODbL","transport_raw":0.451,"transport_count":1,"transport_activity":0.494,"representation":"major-road transport-event activity","timing_note":"Road color is a three-year transport-event activity surface on current OSM major road geometry, not measured traffic volume or congestion."},"geometry":{"type":"LineString","coordinates":[[-0.1010624,51.4534569],[-0.1010509,51.4534016]]}},{"type":"Feature","properties":{"id":"lens-traffic-road-london-way/995118114","layer":"traffic_road","category":"transport","year":1989,"visible_year":2025,"rank":4,"name":"Norwood Road","source_id":"way/995118114","source_url":"https://www.openstreetmap.org/way/995118114","license":"ODbL","transport_raw":0.446,"transport_count":1,"transport_activity":0.489,"representation":"major-road transport-event activity","timing_note":"Road color is a three-year transport-event activity surface on current OSM major road geometry, not measured traffic volume or congestion."},"geometry":{"type":"LineString","coordinates":[[-0.1008338,51.4500624],[-0.1008651,51.4499957],[-0.1009105,51.4499115],[-0.1009334,51.4498752],[-0.10101,51.4497773],[-0.1010468,51.449738],[-0.1010521,51.4497325],[-0.1011042,51.449679],[-0.1011677,51.4496137],[-0.1014123,51.4493675],[-0.1014651,51.4493124],[-0.1016097,51.4491583]]}},{"type":"Feature","properties":{"id":"lens-traffic-road-london-way/51816705","layer":"traffic_road","category":"transport","year":1989,"visible_year":2024,"rank":3,"name":"Milkwood Road","source_id":"way/51816705","source_url":"https://www.openstreetmap.org/way/51816705","license":"ODbL","transport_raw":0.437,"transport_count":1,"transport_activity":0.479,"representation":"major-road transport-event activity","timing_note":"Road color is a three-year transport-event activity surface on current OSM major road geometry, not measured traffic volume or congestion."},"geometry":{"type":"LineString","coordinates":[[-0.1017557,51.4535149],[-0.1017187,51.4534603],[-0.1016769,51.4533935],[-0.1016224,51.4532972],[-0.1015267,51.4531306],[-0.1014889,51.4530771],[-0.1014591,51.4530358],[-0.1014304,51.453001],[-0.10139,51.4529579],[-0.1013529,51.4529231],[-0.1013141,51.4528863],[-0.1012451,51.452837],[-0.1011971,51.452809]]}},{"type":"Feature","properties":{"id":"lens-traffic-road-london-way/1189759375","layer":"traffic_road","category":"transport","year":1989,"visible_year":2024,"rank":4,"name":"Dulwich Road","source_id":"way/1189759375","source_url":"https://www.openstreetmap.org/way/1189759375","license":"ODbL","transport_raw":0.434,"transport_count":1,"transport_activity":0.475,"representation":"major-road transport-event activity","timing_note":"Road color is a three-year transport-event activity surface on current OSM major road geometry, not measured traffic volume or congestion."},"geometry":{"type":"LineString","coordinates":[[-0.1015614,51.4523231],[-0.1016824,51.4523235],[-0.1017315,51.4523247],[-0.1017969,51.4523268],[-0.1018335,51.4523279],[-0.1020859,51.452355],[-0.1022572,51.452403]]}},{"type":"Feature","properties":{"id":"lens-traffic-road-london-way/1246743965","layer":"traffic_road","category":"transport","year":1989,"visible_year":2024,"rank":4,"name":"Dulwich Road","source_id":"way/1246743965","source_url":"https://www.openstreetmap.org/way/1246743965","license":"ODbL","transport_raw":0.43,"transport_count":1,"transport_activity":0.471,"representation":"major-road transport-event activity","timing_note":"Road color is a three-year transport-event activity surface on current OSM major road geometry, not measured traffic volume or congestion."},"geometry":{"type":"LineString","coordinates":[[-0.1022572,51.452403],[-0.1021009,51.4524252],[-0.101853,51.452417],[-0.1017795,51.4524164],[-0.1017149,51.4524167],[-0.1015413,51.4524144]]}},{"type":"Feature","properties":{"id":"lens-traffic-road-london-way/1018487066","layer":"traffic_road","category":"transport","year":1989,"visible_year":2026,"rank":4,"name":"Herne Hill","source_id":"way/1018487066","source_url":"https://www.openstreetmap.org/way/1018487066","license":"ODbL","transport_raw":0.427,"transport_count":1,"transport_activity":0.468,"representation":"major-road transport-event activity","timing_note":"Road color is a three-year transport-event activity surface on current OSM major road geometry, not measured traffic volume or congestion."},"geometry":{"type":"LineString","coordinates":[[-0.0988989,51.4555163],[-0.0990071,51.4554553],[-0.0991216,51.4553861],[-0.0994662,51.4551594],[-0.0995894,51.4550792],[-0.099709,51.4550019],[-0.0998967,51.4548756],[-0.100009,51.4548],[-0.1002698,51.4546146],[-0.1003337,51.454568],[-0.1007275,51.4542542],[-0.100847,51.4541512],[-0.1009407,51.4540684],[-0.1010091,51.454006],[-0.101057,51.4539489],[-0.1010945,51.4538831],[-0.1011198,51.4538208],[-0.1011174,51.4537474],[-0.1010918,51.4536024],[-0.10107,51.4534965],[-0.1010624,51.4534569]]}},{"type":"Feature","properties":{"id":"lens-traffic-road-london-way/2138659","layer":"traffic_road","category":"transport","year":1989,"visible_year":2024,"rank":4,"name":"Sudbury Court Drive","source_id":"way/2138659","source_url":"https://www.openstreetmap.org/way/2138659","license":"ODbL","transport_raw":0.404,"transport_count":1,"transport_activity":0.443,"representation":"major-road transport-event activity","timing_note":"Road color is a three-year transport-event activity surface on current OSM major road geometry, not measured traffic volume or congestion."},"geometry":{"type":"LineString","coordinates":[[-0.3280987,51.563273],[-0.3279651,51.5634051],[-0.3267888,51.5640482],[-0.3256061,51.5646997],[-0.3245495,51.5652888],[-0.3225681,51.566408],[-0.3220577,51.5666815],[-0.3219307,51.5667526],[-0.3217661,51.5668526],[-0.3216214,51.5669683]]}},{"type":"Feature","properties":{"id":"lens-traffic-road-london-way/5006041","layer":"traffic_road","category":"transport","year":1989,"visible_year":2025,"rank":2,"name":"Turney Road","source_id":"way/5006041","source_url":"https://www.openstreetmap.org/way/5006041","license":"ODbL","transport_raw":0.403,"transport_count":1,"transport_activity":0.442,"representation":"major-road transport-event activity","timing_note":"Road color is a three-year transport-event activity surface on current OSM major road geometry, not measured traffic volume or congestion."},"geometry":{"type":"LineString","coordinates":[[-0.0951423,51.4468739],[-0.0950573,51.4468993],[-0.0948075,51.446974],[-0.0941854,51.447148]]}},{"type":"Feature","properties":{"id":"lens-traffic-road-london-way/370869459","layer":"traffic_road","category":"transport","year":1989,"visible_year":2021,"rank":4,"name":"Croxted Road","source_id":"way/370869459","source_url":"https://www.openstreetmap.org/way/370869459","license":"ODbL","transport_raw":0.402,"transport_count":1,"transport_activity":0.44,"representation":"major-road transport-event activity","timing_note":"Road color is a three-year transport-event activity surface on current OSM major road geometry, not measured traffic volume or congestion."},"geometry":{"type":"LineString","coordinates":[[-0.0977273,51.4480191],[-0.0975287,51.4478748],[-0.0964044,51.4470192],[-0.0961922,51.4468645],[-0.0961205,51.4468072],[-0.0960841,51.4467725],[-0.0960477,51.4467378],[-0.0960178,51.446706],[-0.0959486,51.446632]]}},{"type":"Feature","properties":{"id":"lens-traffic-road-london-way/2273158","layer":"traffic_road","category":"transport","year":1989,"visible_year":2024,"rank":4,"name":"Sudbury Court Drive","source_id":"way/2273158","source_url":"https://www.openstreetmap.org/way/2273158","license":"ODbL","transport_raw":0.393,"transport_count":1,"transport_activity":0.431,"representation":"major-road transport-event activity","timing_note":"Road color is a three-year transport-event activity surface on current OSM major road geometry, not measured traffic volume or congestion."},"geometry":{"type":"LineString","coordinates":[[-0.3214925,51.5668039],[-0.3215792,51.5668072],[-0.3216689,51.5667911],[-0.321779,51.566731],[-0.3220557,51.566558],[-0.3221723,51.5664949],[-0.3224627,51.5663416],[-0.3235607,51.565735],[-0.3244631,51.5652371],[-0.324624,51.5651416],[-0.3253111,51.5647649],[-0.3265521,51.5640663],[-0.3266957,51.5639877],[-0.3278573,51.5633522],[-0.3280987,51.563273]]}},{"type":"Feature","properties":{"id":"lens-traffic-road-london-way/1246747942","layer":"traffic_road","category":"transport","year":1989,"visible_year":2024,"rank":4,"name":"Dulwich Road","source_id":"way/1246747942","source_url":"https://www.openstreetmap.org/way/1246747942","license":"ODbL","transport_raw":0.393,"transport_count":1,"transport_activity":0.43,"representation":"major-road transport-event activity","timing_note":"Road color is a three-year transport-event activity surface on current OSM major road geometry, not measured traffic volume or congestion."},"geometry":{"type":"LineString","coordinates":[[-0.1024192,51.4524326],[-0.1022572,51.452403]]}},{"type":"Feature","properties":{"id":"lens-traffic-road-london-way/1354329746","layer":"traffic_road","category":"transport","year":1989,"visible_year":2025,"rank":2,"name":"Turney Road","source_id":"way/1354329746","source_url":"https://www.openstreetmap.org/way/1354329746","license":"ODbL","transport_raw":0.382,"transport_count":1,"transport_activity":0.418,"representation":"major-road transport-event activity","timing_note":"Road color is a three-year transport-event activity surface on current OSM major road geometry, not measured traffic volume or congestion."},"geometry":{"type":"LineString","coordinates":[[-0.0898212,51.449077],[-0.0896241,51.4491911],[-0.0895394,51.4492302],[-0.0894557,51.4492677],[-0.089364,51.4493039],[-0.0893302,51.4493152],[-0.0892366,51.4493418],[-0.0889874,51.4494109],[-0.0889337,51.4494277],[-0.0888799,51.4494459],[-0.0887992,51.4494765],[-0.0885685,51.4495669],[-0.0884718,51.449601],[-0.0883598,51.4496356],[-0.0882726,51.4496604],[-0.0881846,51.4496812],[-0.0880782,51.4497036],[-0.087952,51.4497268],[-0.0878456,51.4497423],[-0.0876012,51.4497733],[-0.0873792,51.4498068],[-0.0873245,51.4498164],[-0.0871901,51.4498485],[-0.0871091,51.4498704],[-0.0870309,51.4498931],[-0.0868214,51.4499624],[-0.0866584,51.450014],[-0.0860854,51.450176],[-0.085891,51.4502452],[-0.0857701,51.450291]]}},{"type":"Feature","properties":{"id":"lens-traffic-road-london-way/986803530","layer":"traffic_road","category":"transport","year":1989,"visible_year":2021,"rank":2,"name":"Turney Road","source_id":"way/986803530","source_url":"https://www.openstreetmap.org/way/986803530","license":"ODbL","transport_raw":0.382,"transport_count":1,"transport_activity":0.418,"representation":"major-road transport-event activity","timing_note":"Road color is a three-year transport-event activity surface on current OSM major road geometry, not measured traffic volume or congestion."},"geometry":{"type":"LineString","coordinates":[[-0.0955648,51.4467476],[-0.0951423,51.4468739]]}},{"type":"Feature","properties":{"id":"lens-traffic-road-london-way/36920808","layer":"traffic_road","category":"transport","year":1989,"visible_year":2025,"rank":2,"name":"Red Post Hill","source_id":"way/36920808","source_url":"https://www.openstreetmap.org/way/36920808","license":"ODbL","transport_raw":0.377,"transport_count":1,"transport_activity":0.414,"representation":"major-road transport-event activity","timing_note":"Road color is a three-year transport-event activity surface on current OSM major road geometry, not measured traffic volume or congestion."},"geometry":{"type":"LineString","coordinates":[[-0.0905221,51.4558964],[-0.0903634,51.4556824],[-0.0901807,51.4554495],[-0.0899963,51.4552371],[-0.089824,51.4550612],[-0.089726,51.4549718],[-0.0895246,51.4547744],[-0.0894221,51.4546801],[-0.0893445,51.454614],[-0.089262,51.4545546],[-0.0890198,51.4544085],[-0.0887734,51.4542662]]}},{"type":"Feature","properties":{"id":"lens-traffic-road-london-way/4629391","layer":"traffic_road","category":"transport","year":1989,"visible_year":2025,"rank":4,"name":"Village Way","source_id":"way/4629391","source_url":"https://www.openstreetmap.org/way/4629391","license":"ODbL","transport_raw":0.375,"transport_count":1,"transport_activity":0.412,"representation":"major-road transport-event activity","timing_note":"Road color is a three-year transport-event activity surface on current OSM major road geometry, not measured traffic volume or congestion."},"geometry":{"type":"LineString","coordinates":[[-0.0875011,51.4531283],[-0.0876253,51.453111],[-0.0876761,51.4531026],[-0.087707,51.4530975],[-0.0877288,51.4530922],[-0.0877652,51.4530833],[-0.087817,51.4530678],[-0.0882595,51.4529107]]}},{"type":"Feature","properties":{"id":"lens-traffic-road-london-way/32385876","layer":"traffic_road","category":"transport","year":1989,"visible_year":2025,"rank":2,"name":"Red Post Hill","source_id":"way/32385876","source_url":"https://www.openstreetmap.org/way/32385876","license":"ODbL","transport_raw":0.365,"transport_count":1,"transport_activity":0.4,"representation":"major-road transport-event activity","timing_note":"Road color is a three-year transport-event activity surface on current OSM major road geometry, not measured traffic volume or congestion."},"geometry":{"type":"LineString","coordinates":[[-0.0887734,51.4542662],[-0.0886309,51.4541844],[-0.0883395,51.4540176],[-0.0882535,51.4539706],[-0.0881525,51.4539116],[-0.088067,51.4538568],[-0.0879989,51.453803],[-0.0879263,51.4537361],[-0.087769,51.4535526]]}},{"type":"Feature","properties":{"id":"lens-traffic-road-london-way/986803531","layer":"traffic_road","category":"transport","year":1989,"visible_year":2021,"rank":2,"name":"Turney Road","source_id":"way/986803531","source_url":"https://www.openstreetmap.org/way/986803531","license":"ODbL","transport_raw":0.363,"transport_count":1,"transport_activity":0.398,"representation":"major-road transport-event activity","timing_note":"Road color is a three-year transport-event activity surface on current OSM major road geometry, not measured traffic volume or congestion."},"geometry":{"type":"LineString","coordinates":[[-0.0959486,51.446632],[-0.0958229,51.4466706],[-0.0957863,51.4466803],[-0.0957406,51.446695],[-0.0955648,51.4467476]]}},{"type":"Feature","properties":{"id":"lens-traffic-road-london-way/1065921761","layer":"traffic_road","category":"transport","year":1989,"visible_year":2025,"rank":2,"name":"Dulwich Village","source_id":"way/1065921761","source_url":"https://www.openstreetmap.org/way/1065921761","license":"ODbL","transport_raw":0.356,"transport_count":1,"transport_activity":0.391,"representation":"major-road transport-event activity","timing_note":"Road color is a three-year transport-event activity surface on current OSM major road geometry, not measured traffic volume or congestion."},"geometry":{"type":"LineString","coordinates":[[-0.0873297,51.4526429],[-0.0873793,51.4527745],[-0.0874412,51.4529426]]}},{"type":"Feature","properties":{"id":"lens-traffic-road-london-way/312981771","layer":"traffic_road","category":"transport","year":1989,"visible_year":2014,"rank":4,"name":"Sudbury Court Drive","source_id":"way/312981771","source_url":"https://www.openstreetmap.org/way/312981771","license":"ODbL","transport_raw":0.357,"transport_count":1,"transport_activity":0.391,"representation":"major-road transport-event activity","timing_note":"Road color is a three-year transport-event activity surface on current OSM major road geometry, not measured traffic volume or congestion."},"geometry":{"type":"LineString","coordinates":[[-0.3281448,51.5632483],[-0.3280987,51.563273]]}},{"type":"Feature","properties":{"id":"lens-traffic-road-london-way/1065921762","layer":"traffic_road","category":"transport","year":1989,"visible_year":2025,"rank":2,"name":"Dulwich Village","source_id":"way/1065921762","source_url":"https://www.openstreetmap.org/way/1065921762","license":"ODbL","transport_raw":0.355,"transport_count":1,"transport_activity":0.389,"representation":"major-road transport-event activity","timing_note":"Road color is a three-year transport-event activity surface on current OSM major road geometry, not measured traffic volume or congestion."},"geometry":{"type":"LineString","coordinates":[[-0.0874412,51.4529426],[-0.0874562,51.4529834],[-0.0874693,51.4530269],[-0.0875011,51.4531283]]}},{"type":"Feature","properties":{"id":"lens-traffic-road-london-way/995118115","layer":"traffic_road","category":"transport","year":1989,"visible_year":2025,"rank":4,"name":"Norwood Road","source_id":"way/995118115","source_url":"https://www.openstreetmap.org/way/995118115","license":"ODbL","transport_raw":0.355,"transport_count":1,"transport_activity":0.389,"representation":"major-road transport-event activity","timing_note":"Road color is a three-year transport-event activity surface on current OSM major road geometry, not measured traffic volume or congestion."},"geometry":{"type":"LineString","coordinates":[[-0.1016097,51.4491583],[-0.1016913,51.4490633],[-0.1017515,51.4489932],[-0.1018736,51.4488431],[-0.1018927,51.4488214]]}},{"type":"Feature","properties":{"id":"lens-traffic-road-london-way/1065921759","layer":"traffic_road","category":"transport","year":1989,"visible_year":2025,"rank":2,"name":"Red Post Hill","source_id":"way/1065921759","source_url":"https://www.openstreetmap.org/way/1065921759","license":"ODbL","transport_raw":0.352,"transport_count":1,"transport_activity":0.386,"representation":"major-road transport-event activity","timing_note":"Road color is a three-year transport-event activity surface on current OSM major road geometry, not measured traffic volume or congestion."},"geometry":{"type":"LineString","coordinates":[[-0.087769,51.4535526],[-0.0876774,51.4534479],[-0.0876409,51.4534025],[-0.087584,51.4533168]]}},{"type":"Feature","properties":{"id":"lens-traffic-road-london-way/1065921760","layer":"traffic_road","category":"transport","year":1989,"visible_year":2025,"rank":2,"name":"Red Post Hill","source_id":"way/1065921760","source_url":"https://www.openstreetmap.org/way/1065921760","license":"ODbL","transport_raw":0.352,"transport_count":1,"transport_activity":0.386,"representation":"major-road transport-event activity","timing_note":"Road color is a three-year transport-event activity surface on current OSM major road geometry, not measured traffic volume or congestion."},"geometry":{"type":"LineString","coordinates":[[-0.087584,51.4533168],[-0.0875599,51.4532712],[-0.0875442,51.4532353],[-0.0875331,51.4532097],[-0.0875011,51.4531283]]}},{"type":"Feature","properties":{"id":"lens-traffic-road-london-way/312981772","layer":"traffic_road","category":"transport","year":1989,"visible_year":2014,"rank":4,"name":"Sudbury Court Drive","source_id":"way/312981772","source_url":"https://www.openstreetmap.org/way/312981772","license":"ODbL","transport_raw":0.348,"transport_count":1,"transport_activity":0.381,"representation":"major-road transport-event activity","timing_note":"Road color is a three-year transport-event activity surface on current OSM major road geometry, not measured traffic volume or congestion."},"geometry":{"type":"LineString","coordinates":[[-0.3285567,51.5630353],[-0.3283099,51.5631617],[-0.3281448,51.5632483]]}},{"type":"Feature","properties":{"id":"lens-traffic-road-london-way/871906175","layer":"traffic_road","category":"transport","year":1989,"visible_year":2025,"rank":4,"name":"Norwood Road","source_id":"way/871906175","source_url":"https://www.openstreetmap.org/way/871906175","license":"ODbL","transport_raw":0.331,"transport_count":1,"transport_activity":0.363,"representation":"major-road transport-event activity","timing_note":"Road color is a three-year transport-event activity surface on current OSM major road geometry, not measured traffic volume or congestion."},"geometry":{"type":"LineString","coordinates":[[-0.1018927,51.4488214],[-0.1019492,51.4487542]]}},{"type":"Feature","properties":{"id":"lens-traffic-road-london-way/28850257","layer":"traffic_road","category":"transport","year":1989,"visible_year":2024,"rank":4,"name":"Dulwich Road","source_id":"way/28850257","source_url":"https://www.openstreetmap.org/way/28850257","license":"ODbL","transport_raw":0.331,"transport_count":1,"transport_activity":0.362,"representation":"major-road transport-event activity","timing_note":"Road color is a three-year transport-event activity surface on current OSM major road geometry, not measured traffic volume or congestion."},"geometry":{"type":"LineString","coordinates":[[-0.1037916,51.4527841],[-0.1033452,51.4526372],[-0.102958,51.4525415],[-0.1027992,51.4525025],[-0.1024192,51.4524326]]}},{"type":"Feature","properties":{"id":"lens-traffic-road-london-way/140777994","layer":"traffic_road","category":"transport","year":1989,"visible_year":2025,"rank":2,"name":"Burbage Road","source_id":"way/140777994","source_url":"https://www.openstreetmap.org/way/140777994","license":"ODbL","transport_raw":0.322,"transport_count":1,"transport_activity":0.353,"representation":"major-road transport-event activity","timing_note":"Road color is a three-year transport-event activity surface on current OSM major road geometry, not measured traffic volume or congestion."},"geometry":{"type":"LineString","coordinates":[[-0.0860186,51.4474991],[-0.0861301,51.4475099],[-0.0865025,51.4475555],[-0.0870204,51.4476917],[-0.0875266,51.4478611],[-0.0883621,51.4482012],[-0.0885073,51.4482603],[-0.0888711,51.4484312],[-0.0890308,51.4485063],[-0.0891825,51.4485824],[-0.0894043,51.4486823],[-0.0897284,51.4488177],[-0.0898301,51.4488546],[-0.0899219,51.4488837],[-0.0900007,51.4489062],[-0.0900771,51.4489287]]}},{"type":"Feature","properties":{"id":"lens-traffic-road-london-way/24546644","layer":"traffic_road","category":"transport","year":1989,"visible_year":2025,"rank":2,"name":"Dulwich Village","source_id":"way/24546644","source_url":"https://www.openstreetmap.org/way/24546644","license":"ODbL","transport_raw":0.322,"transport_count":1,"transport_activity":0.353,"representation":"major-road transport-event activity","timing_note":"Road color is a three-year transport-event activity surface on current OSM major road geometry, not measured traffic volume or congestion."},"geometry":{"type":"LineString","coordinates":[[-0.0857338,51.4508321],[-0.0860179,51.4511097],[-0.0863212,51.4513824],[-0.0864588,51.4515312],[-0.0870626,51.4521663],[-0.0872066,51.4523554],[-0.087234,51.452403],[-0.0872563,51.4524485],[-0.0873297,51.4526429]]}},{"type":"Feature","properties":{"id":"lens-traffic-road-london-way/846699013","layer":"traffic_road","category":"transport","year":1989,"visible_year":2025,"rank":4,"name":"Norwood Road","source_id":"way/846699013","source_url":"https://www.openstreetmap.org/way/846699013","license":"ODbL","transport_raw":0.321,"transport_count":1,"transport_activity":0.352,"representation":"major-road transport-event activity","timing_note":"Road color is a three-year transport-event activity surface on current OSM major road geometry, not measured traffic volume or congestion."},"geometry":{"type":"LineString","coordinates":[[-0.1019492,51.4487542],[-0.1020287,51.4486609]]}},{"type":"Feature","properties":{"id":"lens-traffic-road-london-way/871906174","layer":"traffic_road","category":"transport","year":1989,"visible_year":2025,"rank":4,"name":"Norwood Road","source_id":"way/871906174","source_url":"https://www.openstreetmap.org/way/871906174","license":"ODbL","transport_raw":0.313,"transport_count":1,"transport_activity":0.343,"representation":"major-road transport-event activity","timing_note":"Road color is a three-year transport-event activity surface on current OSM major road geometry, not measured traffic volume or congestion."},"geometry":{"type":"LineString","coordinates":[[-0.1020287,51.4486609],[-0.1020613,51.448629]]}},{"type":"Feature","properties":{"id":"lens-traffic-road-london-way/650380232","layer":"traffic_road","category":"transport","year":1989,"visible_year":2025,"rank":4,"name":"East Dulwich Grove","source_id":"way/650380232","source_url":"https://www.openstreetmap.org/way/650380232","license":"ODbL","transport_raw":0.312,"transport_count":1,"transport_activity":0.342,"representation":"major-road transport-event activity","timing_note":"Road color is a three-year transport-event activity surface on current OSM major road geometry, not measured traffic volume or congestion."},"geometry":{"type":"LineString","coordinates":[[-0.0861472,51.453982],[-0.0866753,51.4535291],[-0.0868745,51.4533725],[-0.0869997,51.4532953],[-0.0871769,51.4532087],[-0.0872442,51.4531815],[-0.087293,51.4531674],[-0.0873538,51.4531537],[-0.0873944,51.4531458],[-0.0875011,51.4531283]]}},{"type":"Feature","properties":{"id":"lens-traffic-road-london-way/846699014","layer":"traffic_road","category":"transport","year":1989,"visible_year":2025,"rank":4,"name":"Norwood Road","source_id":"way/846699014","source_url":"https://www.openstreetmap.org/way/846699014","license":"ODbL","transport_raw":0.302,"transport_count":1,"transport_activity":0.331,"representation":"major-road transport-event activity","timing_note":"Road color is a three-year transport-event activity surface on current OSM major road geometry, not measured traffic volume or congestion."},"geometry":{"type":"LineString","coordinates":[[-0.1020613,51.448629],[-0.1021253,51.4485698],[-0.1021965,51.4485056]]}},{"type":"Feature","properties":{"id":"lens-traffic-road-london-way/12344735","layer":"traffic_road","category":"transport","year":1989,"visible_year":2024,"rank":2,"name":"Red Post Hill","source_id":"way/12344735","source_url":"https://www.openstreetmap.org/way/12344735","license":"ODbL","transport_raw":0.296,"transport_count":1,"transport_activity":0.324,"representation":"major-road transport-event activity","timing_note":"Road color is a three-year transport-event activity surface on current OSM major road geometry, not measured traffic volume or congestion."},"geometry":{"type":"LineString","coordinates":[[-0.0905221,51.4558964],[-0.0906096,51.4559597],[-0.0906531,51.4560049],[-0.0906939,51.4560576],[-0.0907143,51.4561084],[-0.0907349,51.4561647],[-0.090755,51.4562338],[-0.0907617,51.4563079],[-0.0907395,51.4564174],[-0.0907019,51.4564993],[-0.0906677,51.4565488],[-0.0905579,51.4566456]]}},{"type":"Feature","properties":{"id":"lens-traffic-road-london-way/866498934","layer":"traffic_road","category":"transport","year":1989,"visible_year":2021,"rank":2,"name":"Rosendale Road","source_id":"way/866498934","source_url":"https://www.openstreetmap.org/way/866498934","license":"ODbL","transport_raw":0.295,"transport_count":1,"transport_activity":0.323,"representation":"major-road transport-event activity","timing_note":"Road color is a three-year transport-event activity surface on current OSM major road geometry, not measured traffic volume or congestion."},"geometry":{"type":"LineString","coordinates":[[-0.1005567,51.4473879],[-0.1010018,51.4476495]]}},{"type":"Feature","properties":{"id":"lens-traffic-road-london-way/866498943","layer":"traffic_road","category":"transport","year":1989,"visible_year":2021,"rank":2,"name":"Rosendale Road","source_id":"way/866498943","source_url":"https://www.openstreetmap.org/way/866498943","license":"ODbL","transport_raw":0.295,"transport_count":1,"transport_activity":0.323,"representation":"major-road transport-event activity","timing_note":"Road color is a three-year transport-event activity surface on current OSM major road geometry, not measured traffic volume or congestion."},"geometry":{"type":"LineString","coordinates":[[-0.1010018,51.4476495],[-0.1010505,51.4476786],[-0.1010867,51.4477],[-0.1011144,51.4477172],[-0.1011493,51.4477413]]}},{"type":"Feature","properties":{"id":"lens-traffic-road-london-way/371199524","layer":"traffic_road","category":"transport","year":1989,"visible_year":2024,"rank":2,"name":"Rosendale Road","source_id":"way/371199524","source_url":"https://www.openstreetmap.org/way/371199524","license":"ODbL","transport_raw":0.294,"transport_count":1,"transport_activity":0.322,"representation":"major-road transport-event activity","timing_note":"Road color is a three-year transport-event activity surface on current OSM major road geometry, not measured traffic volume or congestion."},"geometry":{"type":"LineString","coordinates":[[-0.1005119,51.4473607],[-0.1005567,51.4473879]]}},{"type":"Feature","properties":{"id":"lens-traffic-road-london-way/866498937","layer":"traffic_road","category":"transport","year":1989,"visible_year":2024,"rank":2,"name":"Rosendale Road","source_id":"way/866498937","source_url":"https://www.openstreetmap.org/way/866498937","license":"ODbL","transport_raw":0.294,"transport_count":1,"transport_activity":0.322,"representation":"major-road transport-event activity","timing_note":"Road color is a three-year transport-event activity surface on current OSM major road geometry, not measured traffic volume or congestion."},"geometry":{"type":"LineString","coordinates":[[-0.1011493,51.4477413],[-0.1012011,51.4477721],[-0.1013207,51.4478495],[-0.1013308,51.447856],[-0.101396,51.4478982],[-0.1015446,51.4479882],[-0.1016715,51.4480639],[-0.1016879,51.448075],[-0.102007,51.448259]]}},{"type":"Feature","properties":{"id":"lens-traffic-road-london-way/1320893250","layer":"traffic_road","category":"transport","year":1989,"visible_year":2024,"rank":2,"name":"Rosendale Road","source_id":"way/1320893250","source_url":"https://www.openstreetmap.org/way/1320893250","license":"ODbL","transport_raw":0.293,"transport_count":1,"transport_activity":0.321,"representation":"major-road transport-event activity","timing_note":"Road color is a three-year transport-event activity surface on current OSM major road geometry, not measured traffic volume or congestion."},"geometry":{"type":"LineString","coordinates":[[-0.1004388,51.4473147],[-0.1005119,51.4473607]]}},{"type":"Feature","properties":{"id":"lens-traffic-road-london-way/866498932","layer":"traffic_road","category":"transport","year":1989,"visible_year":2024,"rank":2,"name":"Rosendale Road","source_id":"way/866498932","source_url":"https://www.openstreetmap.org/way/866498932","license":"ODbL","transport_raw":0.292,"transport_count":1,"transport_activity":0.32,"representation":"major-road transport-event activity","timing_note":"Road color is a three-year transport-event activity surface on current OSM major road geometry, not measured traffic volume or congestion."},"geometry":{"type":"LineString","coordinates":[[-0.100298,51.4472255],[-0.1003466,51.447256],[-0.100383,51.4472798],[-0.1004388,51.4473147]]}},{"type":"Feature","properties":{"id":"lens-traffic-road-london-way/36920807","layer":"traffic_road","category":"transport","year":1989,"visible_year":2024,"rank":2,"name":"Red Post Hill","source_id":"way/36920807","source_url":"https://www.openstreetmap.org/way/36920807","license":"ODbL","transport_raw":0.289,"transport_count":1,"transport_activity":0.317,"representation":"major-road transport-event activity","timing_note":"Road color is a three-year transport-event activity surface on current OSM major road geometry, not measured traffic volume or congestion."},"geometry":{"type":"LineString","coordinates":[[-0.0905579,51.4566456],[-0.0905775,51.4565448],[-0.0906155,51.456439],[-0.0906309,51.4563732],[-0.0906369,51.4563054],[-0.0906261,51.4562251],[-0.0906132,51.4561658],[-0.0905774,51.4560677],[-0.0905333,51.4559692],[-0.0905221,51.4558964]]}},{"type":"Feature","properties":{"id":"lens-traffic-road-london-way/995118110","layer":"traffic_road","category":"transport","year":1989,"visible_year":2025,"rank":4,"name":"Norwood Road","source_id":"way/995118110","source_url":"https://www.openstreetmap.org/way/995118110","license":"ODbL","transport_raw":0.289,"transport_count":1,"transport_activity":0.317,"representation":"major-road transport-event activity","timing_note":"Road color is a three-year transport-event activity surface on current OSM major road geometry, not measured traffic volume or congestion."},"geometry":{"type":"LineString","coordinates":[[-0.1021965,51.4485056],[-0.1022196,51.4484852],[-0.1022534,51.448458]]}},{"type":"Feature","properties":{"id":"lens-traffic-road-london-way/866498933","layer":"traffic_road","category":"transport","year":1989,"visible_year":2024,"rank":2,"name":"Rosendale Road","source_id":"way/866498933","source_url":"https://www.openstreetmap.org/way/866498933","license":"ODbL","transport_raw":0.287,"transport_count":1,"transport_activity":0.315,"representation":"major-road transport-event activity","timing_note":"Road color is a three-year transport-event activity surface on current OSM major road geometry, not measured traffic volume or congestion."},"geometry":{"type":"LineString","coordinates":[[-0.0998394,51.4469459],[-0.1001468,51.4471333],[-0.100298,51.4472255]]}},{"type":"Feature","properties":{"id":"lens-traffic-road-london-way/1068160899","layer":"traffic_road","category":"transport","year":1989,"visible_year":2024,"rank":2,"name":"Rosendale Road","source_id":"way/1068160899","source_url":"https://www.openstreetmap.org/way/1068160899","license":"ODbL","transport_raw":0.285,"transport_count":1,"transport_activity":0.313,"representation":"major-road transport-event activity","timing_note":"Road color is a three-year transport-event activity surface on current OSM major road geometry, not measured traffic volume or congestion."},"geometry":{"type":"LineString","coordinates":[[-0.102007,51.448259],[-0.1020646,51.4482922],[-0.1021307,51.4483307]]}},{"type":"Feature","properties":{"id":"lens-traffic-road-london-way/745900020","layer":"traffic_road","category":"transport","year":1989,"visible_year":2019,"rank":4,"name":"Sudbury Court Drive","source_id":"way/745900020","source_url":"https://www.openstreetmap.org/way/745900020","license":"ODbL","transport_raw":0.283,"transport_count":1,"transport_activity":0.311,"representation":"major-road transport-event activity","timing_note":"Road color is a three-year transport-event activity surface on current OSM major road geometry, not measured traffic volume or congestion."},"geometry":{"type":"LineString","coordinates":[[-0.3305373,51.5619683],[-0.3304662,51.562005],[-0.3296727,51.5624442],[-0.3290235,51.5628],[-0.3285567,51.5630353]]}},{"type":"Feature","properties":{"id":"lens-traffic-road-london-way/903357368","layer":"traffic_road","category":"transport","year":1989,"visible_year":2025,"rank":4,"name":"Norwood Road","source_id":"way/903357368","source_url":"https://www.openstreetmap.org/way/903357368","license":"ODbL","transport_raw":0.284,"transport_count":1,"transport_activity":0.311,"representation":"major-road transport-event activity","timing_note":"Road color is a three-year transport-event activity surface on current OSM major road geometry, not measured traffic volume or congestion."},"geometry":{"type":"LineString","coordinates":[[-0.1022534,51.448458],[-0.1022759,51.4484409]]}},{"type":"Feature","properties":{"id":"lens-traffic-road-london-way/192545021","layer":"traffic_road","category":"transport","year":1989,"visible_year":2021,"rank":2,"name":"Rosendale Road","source_id":"way/192545021","source_url":"https://www.openstreetmap.org/way/192545021","license":"ODbL","transport_raw":0.282,"transport_count":1,"transport_activity":0.309,"representation":"major-road transport-event activity","timing_note":"Road color is a three-year transport-event activity surface on current OSM major road geometry, not measured traffic volume or congestion."},"geometry":{"type":"LineString","coordinates":[[-0.1021307,51.4483307],[-0.1021957,51.4483664],[-0.1022358,51.4483879],[-0.1023003,51.448421]]}},{"type":"Feature","properties":{"id":"lens-traffic-road-london-way/230125385","layer":"traffic_road","category":"transport","year":1989,"visible_year":2025,"rank":4,"name":"John Lyon Roundabout","source_id":"way/230125385","source_url":"https://www.openstreetmap.org/way/230125385","license":"ODbL","transport_raw":0.281,"transport_count":1,"transport_activity":0.308,"representation":"major-road transport-event activity","timing_note":"Road color is a three-year transport-event activity surface on current OSM major road geometry, not measured traffic volume or congestion."},"geometry":{"type":"LineString","coordinates":[[-0.3214925,51.5668039],[-0.3215781,51.5668646],[-0.3216082,51.5669084],[-0.3216214,51.5669683]]}},{"type":"Feature","properties":{"id":"lens-traffic-road-london-way/866501507","layer":"traffic_road","category":"transport","year":1989,"visible_year":2024,"rank":2,"name":"Rosendale Road","source_id":"way/866501507","source_url":"https://www.openstreetmap.org/way/866501507","license":"ODbL","transport_raw":0.28,"transport_count":1,"transport_activity":0.307,"representation":"major-road transport-event activity","timing_note":"Road color is a three-year transport-event activity surface on current OSM major road geometry, not measured traffic volume or congestion."},"geometry":{"type":"LineString","coordinates":[[-0.0996863,51.446835],[-0.0997277,51.4468641],[-0.0997425,51.4468745],[-0.0998046,51.44692],[-0.0998394,51.4469459]]}},{"type":"Feature","properties":{"id":"lens-traffic-road-london-way/230125386","layer":"traffic_road","category":"transport","year":1989,"visible_year":2025,"rank":4,"name":"John Lyon Roundabout","source_id":"way/230125386","source_url":"https://www.openstreetmap.org/way/230125386","license":"ODbL","transport_raw":0.279,"transport_count":1,"transport_activity":0.306,"representation":"major-road transport-event activity","timing_note":"Road color is a three-year transport-event activity surface on current OSM major road geometry, not measured traffic volume or congestion."},"geometry":{"type":"LineString","coordinates":[[-0.3216214,51.5669683],[-0.3216088,51.5670216],[-0.3215637,51.5670811],[-0.3214994,51.5671243]]}},{"type":"Feature","properties":{"id":"lens-traffic-road-london-way/334346609","layer":"traffic_road","category":"transport","year":1989,"visible_year":2025,"rank":4,"name":"Norwood Road","source_id":"way/334346609","source_url":"https://www.openstreetmap.org/way/334346609","license":"ODbL","transport_raw":0.279,"transport_count":1,"transport_activity":0.306,"representation":"major-road transport-event activity","timing_note":"Road color is a three-year transport-event activity surface on current OSM major road geometry, not measured traffic volume or congestion."},"geometry":{"type":"LineString","coordinates":[[-0.1022759,51.4484409],[-0.1023003,51.448421],[-0.1023283,51.4483987]]}},{"type":"Feature","properties":{"id":"lens-traffic-road-london-way/229721424","layer":"traffic_road","category":"transport","year":1989,"visible_year":2023,"rank":4,"name":"John Lyon Roundabout","source_id":"way/229721424","source_url":"https://www.openstreetmap.org/way/229721424","license":"ODbL","transport_raw":0.276,"transport_count":1,"transport_activity":0.303,"representation":"major-road transport-event activity","timing_note":"Road color is a three-year transport-event activity surface on current OSM major road geometry, not measured traffic volume or congestion."},"geometry":{"type":"LineString","coordinates":[[-0.32139,51.5667711],[-0.3214386,51.5667831],[-0.3214925,51.5668039]]}},{"type":"Feature","properties":{"id":"lens-traffic-road-london-way/4572266","layer":"traffic_road","category":"transport","year":1989,"visible_year":2017,"rank":4,"name":"Watford Road","source_id":"way/4572266","source_url":"https://www.openstreetmap.org/way/4572266","license":"ODbL","transport_raw":0.272,"transport_count":1,"transport_activity":0.298,"representation":"major-road transport-event activity","timing_note":"Road color is a three-year transport-event activity surface on current OSM major road geometry, not measured traffic volume or congestion."},"geometry":{"type":"LineString","coordinates":[[-0.3212318,51.5664113],[-0.32139,51.5667711]]}},{"type":"Feature","properties":{"id":"lens-traffic-road-london-way/854588324","layer":"traffic_road","category":"transport","year":1989,"visible_year":2025,"rank":4,"name":"Norwood Road","source_id":"way/854588324","source_url":"https://www.openstreetmap.org/way/854588324","license":"ODbL","transport_raw":0.272,"transport_count":1,"transport_activity":0.298,"representation":"major-road transport-event activity","timing_note":"Road color is a three-year transport-event activity surface on current OSM major road geometry, not measured traffic volume or congestion."},"geometry":{"type":"LineString","coordinates":[[-0.1023283,51.4483987],[-0.1023866,51.4483503]]}},{"type":"Feature","properties":{"id":"lens-traffic-road-london-way/4572262","layer":"traffic_road","category":"transport","year":1989,"visible_year":2013,"rank":4,"name":"Watford Road","source_id":"way/4572262","source_url":"https://www.openstreetmap.org/way/4572262","license":"ODbL","transport_raw":0.269,"transport_count":1,"transport_activity":0.295,"representation":"major-road transport-event activity","timing_note":"Road color is a three-year transport-event activity surface on current OSM major road geometry, not measured traffic volume or congestion."},"geometry":{"type":"LineString","coordinates":[[-0.3214994,51.5671243],[-0.3213714,51.5673552]]}},{"type":"Feature","properties":{"id":"lens-traffic-road-london-way/229721422","layer":"traffic_road","category":"transport","year":1989,"visible_year":2025,"rank":4,"name":"John Lyon Roundabout","source_id":"way/229721422","source_url":"https://www.openstreetmap.org/way/229721422","license":"ODbL","transport_raw":0.268,"transport_count":1,"transport_activity":0.294,"representation":"major-road transport-event activity","timing_note":"Road color is a three-year transport-event activity surface on current OSM major road geometry, not measured traffic volume or congestion."},"geometry":{"type":"LineString","coordinates":[[-0.3214994,51.5671243],[-0.3213841,51.5671615],[-0.3212271,51.5671651]]}},{"type":"Feature","properties":{"id":"lens-traffic-road-london-way/229721423","layer":"traffic_road","category":"transport","year":1989,"visible_year":2021,"rank":4,"name":"John Lyon Roundabout","source_id":"way/229721423","source_url":"https://www.openstreetmap.org/way/229721423","license":"ODbL","transport_raw":0.266,"transport_count":1,"transport_activity":0.291,"representation":"major-road transport-event activity","timing_note":"Road color is a three-year transport-event activity surface on current OSM major road geometry, not measured traffic volume or congestion."},"geometry":{"type":"LineString","coordinates":[[-0.321059,51.5668237],[-0.3211522,51.5667821],[-0.3212499,51.5667639],[-0.32139,51.5667711]]}},{"type":"Feature","properties":{"id":"lens-traffic-road-london-way/4572265","layer":"traffic_road","category":"transport","year":1989,"visible_year":2017,"rank":4,"name":"Watford Road","source_id":"way/4572265","source_url":"https://www.openstreetmap.org/way/4572265","license":"ODbL","transport_raw":0.264,"transport_count":1,"transport_activity":0.289,"representation":"major-road transport-event activity","timing_note":"Road color is a three-year transport-event activity surface on current OSM major road geometry, not measured traffic volume or congestion."},"geometry":{"type":"LineString","coordinates":[[-0.321059,51.5668237],[-0.3212318,51.5664113]]}},{"type":"Feature","properties":{"id":"lens-traffic-road-london-way/4572263","layer":"traffic_road","category":"transport","year":1989,"visible_year":2013,"rank":4,"name":"Watford Road","source_id":"way/4572263","source_url":"https://www.openstreetmap.org/way/4572263","license":"ODbL","transport_raw":0.263,"transport_count":1,"transport_activity":0.288,"representation":"major-road transport-event activity","timing_note":"Road color is a three-year transport-event activity surface on current OSM major road geometry, not measured traffic volume or congestion."},"geometry":{"type":"LineString","coordinates":[[-0.3213714,51.5673552],[-0.3213185,51.5672495],[-0.3212271,51.5671651]]}},{"type":"Feature","properties":{"id":"lens-traffic-road-london-way/866501503","layer":"traffic_road","category":"transport","year":1989,"visible_year":2024,"rank":2,"name":"Rosendale Road","source_id":"way/866501503","source_url":"https://www.openstreetmap.org/way/866501503","license":"ODbL","transport_raw":0.262,"transport_count":1,"transport_activity":0.287,"representation":"major-road transport-event activity","timing_note":"Road color is a three-year transport-event activity surface on current OSM major road geometry, not measured traffic volume or congestion."},"geometry":{"type":"LineString","coordinates":[[-0.0990308,51.4463253],[-0.0990381,51.4463323],[-0.0991096,51.4464002],[-0.0993446,51.4465827],[-0.0994433,51.4466553],[-0.0995113,51.4467006],[-0.0996375,51.446793],[-0.0996863,51.446835]]}},{"type":"Feature","properties":{"id":"lens-traffic-road-london-way/28278812","layer":"traffic_road","category":"transport","year":1989,"visible_year":2024,"rank":4,"name":"Herne Hill","source_id":"way/28278812","source_url":"https://www.openstreetmap.org/way/28278812","license":"ODbL","transport_raw":0.26,"transport_count":1,"transport_activity":0.286,"representation":"major-road transport-event activity","timing_note":"Road color is a three-year transport-event activity surface on current OSM major road geometry, not measured traffic volume or congestion."},"geometry":{"type":"LineString","coordinates":[[-0.0943121,51.4593662],[-0.0944766,51.4592005],[-0.0945405,51.4591357],[-0.094762,51.4589203],[-0.0948468,51.4588301],[-0.0949237,51.4587504],[-0.0950341,51.4585905],[-0.0952085,51.4583126],[-0.0953457,51.4580713],[-0.0954062,51.4579623],[-0.0955348,51.45773],[-0.0956022,51.4576218],[-0.0956431,51.4575651],[-0.0956873,51.4575023],[-0.0957575,51.4574357],[-0.0958185,51.4573871],[-0.0958769,51.4573426],[-0.0959438,51.457293],[-0.0960715,51.4572063],[-0.0961846,51.45713],[-0.0962483,51.4570848],[-0.0962917,51.4570531],[-0.0963667,51.4569963],[-0.0964137,51.4569576],[-0.0964579,51.4569195],[-0.0966287,51.4567775],[-0.0967069,51.4567201],[-0.0968767,51.456586],[-0.0970663,51.4564482],[-0.0972778,51.4563125],[-0.0974004,51.4562361],[-0.0975035,51.4561768],[-0.0975697,51.4561423],[-0.0976477,51.456103],[-0.0977926,51.4560374],[-0.0978375,51.456017],[-0.0981261,51.4558958],[-0.0984052,51.4557651],[-0.0985869,51.4556758],[-0.0986875,51.4556264],[-0.0988989,51.4555163]]}},{"type":"Feature","properties":{"id":"lens-traffic-road-london-way/312981773","layer":"traffic_road","category":"transport","year":1989,"visible_year":2021,"rank":4,"name":"Watford Road","source_id":"way/312981773","source_url":"https://www.openstreetmap.org/way/312981773","license":"ODbL","transport_raw":0.256,"transport_count":1,"transport_activity":0.281,"representation":"major-road transport-event activity","timing_note":"Road color is a three-year transport-event activity surface on current OSM major road geometry, not measured traffic volume or congestion."},"geometry":{"type":"LineString","coordinates":[[-0.3213794,51.5680969],[-0.3213478,51.5679203],[-0.3213384,51.5677276],[-0.3213563,51.5675008],[-0.3213576,51.5674353],[-0.3213714,51.5673552]]}},{"type":"Feature","properties":{"id":"lens-traffic-road-london-way/229721421","layer":"traffic_road","category":"transport","year":1989,"visible_year":2025,"rank":4,"name":"John Lyon Roundabout","source_id":"way/229721421","source_url":"https://www.openstreetmap.org/way/229721421","license":"ODbL","transport_raw":0.255,"transport_count":1,"transport_activity":0.28,"representation":"major-road transport-event activity","timing_note":"Road color is a three-year transport-event activity surface on current OSM major road geometry, not measured traffic volume or congestion."},"geometry":{"type":"LineString","coordinates":[[-0.3212271,51.5671651],[-0.3210965,51.5671283],[-0.3210119,51.5670695],[-0.3209735,51.5670085],[-0.3209692,51.5669385],[-0.3209979,51.5668783],[-0.321059,51.5668237]]}},{"type":"Feature","properties":{"id":"lens-traffic-road-london-way/542618217","layer":"traffic_road","category":"transport","year":1989,"visible_year":2024,"rank":2,"name":"Turney Road","source_id":"way/542618217","source_url":"https://www.openstreetmap.org/way/542618217","license":"ODbL","transport_raw":0.252,"transport_count":1,"transport_activity":0.277,"representation":"major-road transport-event activity","timing_note":"Road color is a three-year transport-event activity surface on current OSM major road geometry, not measured traffic volume or congestion."},"geometry":{"type":"LineString","coordinates":[[-0.0979763,51.4450995],[-0.097964,51.445155],[-0.09795,51.4452104],[-0.0979014,51.4453355],[-0.0978472,51.445434],[-0.0977222,51.4456176],[-0.0976146,51.445757],[-0.0974987,51.4458844],[-0.0973278,51.4460222],[-0.0971375,51.4461427],[-0.0969696,51.4462367],[-0.096853,51.446302],[-0.0966627,51.4463919],[-0.0964554,51.4464712],[-0.0962007,51.4465526],[-0.0961335,51.4465738],[-0.0961025,51.4465823],[-0.0959486,51.446632]]}},{"type":"Feature","properties":{"id":"lens-traffic-road-london-way/602122195","layer":"traffic_road","category":"transport","year":1989,"visible_year":2018,"rank":4,"name":"Watford Road","source_id":"way/602122195","source_url":"https://www.openstreetmap.org/way/602122195","license":"ODbL","transport_raw":0.243,"transport_count":1,"transport_activity":0.266,"representation":"major-road transport-event activity","timing_note":"Road color is a three-year transport-event activity surface on current OSM major road geometry, not measured traffic volume or congestion."},"geometry":{"type":"LineString","coordinates":[[-0.3214288,51.5682906],[-0.3213794,51.5680969]]}},{"type":"Feature","properties":{"id":"lens-traffic-road-london-way/504762717","layer":"traffic_road","category":"transport","year":1989,"visible_year":2023,"rank":4,"name":"Dulwich Road","source_id":"way/504762717","source_url":"https://www.openstreetmap.org/way/504762717","license":"ODbL","transport_raw":0.242,"transport_count":1,"transport_activity":0.265,"representation":"major-road transport-event activity","timing_note":"Road color is a three-year transport-event activity surface on current OSM major road geometry, not measured traffic volume or congestion."},"geometry":{"type":"LineString","coordinates":[[-0.1043587,51.4529676],[-0.1037916,51.4527841]]}},{"type":"Feature","properties":{"id":"lens-traffic-road-london-way/843838419","layer":"traffic_road","category":"transport","year":1989,"visible_year":2025,"rank":4,"name":"Norwood Road","source_id":"way/843838419","source_url":"https://www.openstreetmap.org/way/843838419","license":"ODbL","transport_raw":0.242,"transport_count":1,"transport_activity":0.265,"representation":"major-road transport-event activity","timing_note":"Road color is a three-year transport-event activity surface on current OSM major road geometry, not measured traffic volume or congestion."},"geometry":{"type":"LineString","coordinates":[[-0.1023866,51.4483503],[-0.1026305,51.4481652],[-0.1026453,51.448154],[-0.1027331,51.4480874]]}},{"type":"Feature","properties":{"id":"lens-traffic-road-london-way/866501501","layer":"traffic_road","category":"transport","year":1989,"visible_year":2024,"rank":2,"name":"Rosendale Road","source_id":"way/866501501","source_url":"https://www.openstreetmap.org/way/866501501","license":"ODbL","transport_raw":0.242,"transport_count":1,"transport_activity":0.265,"representation":"major-road transport-event activity","timing_note":"Road color is a three-year transport-event activity surface on current OSM major road geometry, not measured traffic volume or congestion."},"geometry":{"type":"LineString","coordinates":[[-0.0989589,51.4462549],[-0.0989756,51.4462729],[-0.0989846,51.4462836],[-0.0990094,51.446306],[-0.0990308,51.4463253]]}},{"type":"Feature","properties":{"id":"lens-traffic-road-london-way/514356952","layer":"traffic_road","category":"transport","year":1989,"visible_year":2021,"rank":4,"name":"Watford Road","source_id":"way/514356952","source_url":"https://www.openstreetmap.org/way/514356952","license":"ODbL","transport_raw":0.236,"transport_count":1,"transport_activity":0.259,"representation":"major-road transport-event activity","timing_note":"Road color is a three-year transport-event activity surface on current OSM major road geometry, not measured traffic volume or congestion."},"geometry":{"type":"LineString","coordinates":[[-0.3215059,51.568568],[-0.3214953,51.5685304],[-0.3214288,51.5682906]]}},{"type":"Feature","properties":{"id":"lens-traffic-road-london-way/1065921764","layer":"traffic_road","category":"transport","year":1989,"visible_year":2025,"rank":2,"name":"Dulwich Village","source_id":"way/1065921764","source_url":"https://www.openstreetmap.org/way/1065921764","license":"ODbL","transport_raw":0.232,"transport_count":1,"transport_activity":0.254,"representation":"major-road transport-event activity","timing_note":"Road color is a three-year transport-event activity surface on current OSM major road geometry, not measured traffic volume or congestion."},"geometry":{"type":"LineString","coordinates":[[-0.0856331,51.4507423],[-0.0857001,51.4508021],[-0.0857338,51.4508321]]}},{"type":"Feature","properties":{"id":"lens-traffic-road-london-way/866501502","layer":"traffic_road","category":"transport","year":1989,"visible_year":2024,"rank":2,"name":"Rosendale Road","source_id":"way/866501502","source_url":"https://www.openstreetmap.org/way/866501502","license":"ODbL","transport_raw":0.232,"transport_count":1,"transport_activity":0.254,"representation":"major-road transport-event activity","timing_note":"Road color is a three-year transport-event activity surface on current OSM major road geometry, not measured traffic volume or congestion."},"geometry":{"type":"LineString","coordinates":[[-0.0988106,51.4460697],[-0.0989214,51.4462126],[-0.0989589,51.4462549]]}},{"type":"Feature","properties":{"id":"lens-traffic-road-london-way/745900021","layer":"traffic_road","category":"transport","year":1989,"visible_year":2022,"rank":4,"name":"Sudbury Court Drive","source_id":"way/745900021","source_url":"https://www.openstreetmap.org/way/745900021","license":"ODbL","transport_raw":0.228,"transport_count":1,"transport_activity":0.25,"representation":"major-road transport-event activity","timing_note":"Road color is a three-year transport-event activity surface on current OSM major road geometry, not measured traffic volume or congestion."},"geometry":{"type":"LineString","coordinates":[[-0.3307844,51.5618405],[-0.3305373,51.5619683]]}},{"type":"Feature","properties":{"id":"lens-traffic-road-london-way/576505334","layer":"traffic_road","category":"transport","year":1989,"visible_year":2023,"rank":4,"name":"Watford Road","source_id":"way/576505334","source_url":"https://www.openstreetmap.org/way/576505334","license":"ODbL","transport_raw":0.226,"transport_count":1,"transport_activity":0.248,"representation":"major-road transport-event activity","timing_note":"Road color is a three-year transport-event activity surface on current OSM major road geometry, not measured traffic volume or congestion."},"geometry":{"type":"LineString","coordinates":[[-0.3217255,51.5690738],[-0.3217005,51.5690244],[-0.3216924,51.5690084],[-0.3216641,51.5689524],[-0.3216559,51.5689361],[-0.3215662,51.5687374],[-0.3215244,51.5686201],[-0.3215059,51.568568]]}},{"type":"Feature","properties":{"id":"lens-traffic-road-london-way/1354311079","layer":"traffic_road","category":"transport","year":1989,"visible_year":2025,"rank":2,"name":"Dulwich Village","source_id":"way/1354311079","source_url":"https://www.openstreetmap.org/way/1354311079","license":"ODbL","transport_raw":0.223,"transport_count":1,"transport_activity":0.244,"representation":"major-road transport-event activity","timing_note":"Road color is a three-year transport-event activity surface on current OSM major road geometry, not measured traffic volume or congestion."},"geometry":{"type":"LineString","coordinates":[[-0.0855546,51.4506744],[-0.0856065,51.4507193],[-0.0856331,51.4507423]]}},{"type":"Feature","properties":{"id":"lens-traffic-road-london-way/514356950","layer":"traffic_road","category":"transport","year":1989,"visible_year":2021,"rank":4,"name":"Watford Road","source_id":"way/514356950","source_url":"https://www.openstreetmap.org/way/514356950","license":"ODbL","transport_raw":0.219,"transport_count":1,"transport_activity":0.24,"representation":"major-road transport-event activity","timing_note":"Road color is a three-year transport-event activity surface on current OSM major road geometry, not measured traffic volume or congestion."},"geometry":{"type":"LineString","coordinates":[[-0.3217872,51.5691782],[-0.3217255,51.5690738]]}},{"type":"Feature","properties":{"id":"lens-traffic-road-london-way/610008565","layer":"traffic_road","category":"transport","year":1989,"visible_year":2022,"rank":4,"name":"Sudbury Hill","source_id":"way/610008565","source_url":"https://www.openstreetmap.org/way/610008565","license":"ODbL","transport_raw":0.218,"transport_count":1,"transport_activity":0.239,"representation":"major-road transport-event activity","timing_note":"Road color is a three-year transport-event activity surface on current OSM major road geometry, not measured traffic volume or congestion."},"geometry":{"type":"LineString","coordinates":[[-0.3329583,51.5626587],[-0.3331969,51.5628077],[-0.3335587,51.5630228]]}},{"type":"Feature","properties":{"id":"lens-traffic-road-london-way/525927251","layer":"traffic_road","category":"transport","year":1989,"visible_year":2025,"rank":2,"name":"Turney Road","source_id":"way/525927251","source_url":"https://www.openstreetmap.org/way/525927251","license":"ODbL","transport_raw":0.217,"transport_count":1,"transport_activity":0.238,"representation":"major-road transport-event activity","timing_note":"Road color is a three-year transport-event activity surface on current OSM major road geometry, not measured traffic volume or congestion."},"geometry":{"type":"LineString","coordinates":[[-0.0857701,51.450291],[-0.0856905,51.4503233],[-0.0856225,51.4503556],[-0.0855826,51.4503787],[-0.0855478,51.4504136],[-0.0855312,51.4504423]]}},{"type":"Feature","properties":{"id":"lens-traffic-road-london-way/525927256","layer":"traffic_road","category":"transport","year":1989,"visible_year":2025,"rank":2,"name":"Dulwich Village","source_id":"way/525927256","source_url":"https://www.openstreetmap.org/way/525927256","license":"ODbL","transport_raw":0.216,"transport_count":1,"transport_activity":0.237,"representation":"major-road transport-event activity","timing_note":"Road color is a three-year transport-event activity surface on current OSM major road geometry, not measured traffic volume or congestion."},"geometry":{"type":"LineString","coordinates":[[-0.0854959,51.4506205],[-0.0855546,51.4506744]]}},{"type":"Feature","properties":{"id":"lens-traffic-road-london-way/12345116","layer":"traffic_road","category":"transport","year":1989,"visible_year":2025,"rank":2,"name":"Red Post Hill","source_id":"way/12345116","source_url":"https://www.openstreetmap.org/way/12345116","license":"ODbL","transport_raw":0.215,"transport_count":1,"transport_activity":0.236,"representation":"major-road transport-event activity","timing_note":"Road color is a three-year transport-event activity surface on current OSM major road geometry, not measured traffic volume or congestion."},"geometry":{"type":"LineString","coordinates":[[-0.0904109,51.4570095],[-0.090405,51.456962],[-0.0904065,51.4569173],[-0.0904181,51.4568813],[-0.0904643,51.4567948],[-0.0905579,51.4566456]]}},{"type":"Feature","properties":{"id":"lens-traffic-road-london-way/27826397","layer":"traffic_road","category":"transport","year":1989,"visible_year":2019,"rank":4,"name":"Sudbury Court Drive","source_id":"way/27826397","source_url":"https://www.openstreetmap.org/way/27826397","license":"ODbL","transport_raw":0.215,"transport_count":1,"transport_activity":0.236,"representation":"major-road transport-event activity","timing_note":"Road color is a three-year transport-event activity surface on current OSM major road geometry, not measured traffic volume or congestion."},"geometry":{"type":"LineString","coordinates":[[-0.3310059,51.5617176],[-0.3307844,51.5618405]]}},{"type":"Feature","properties":{"id":"lens-traffic-road-london-way/2138658","layer":"traffic_road","category":"transport","year":1989,"visible_year":2023,"rank":4,"name":"Sudbury Hill","source_id":"way/2138658","source_url":"https://www.openstreetmap.org/way/2138658","license":"ODbL","transport_raw":0.214,"transport_count":1,"transport_activity":0.234,"representation":"major-road transport-event activity","timing_note":"Road color is a three-year transport-event activity surface on current OSM major road geometry, not measured traffic volume or congestion."},"geometry":{"type":"LineString","coordinates":[[-0.3321328,51.562091],[-0.3321488,51.5621038],[-0.3324241,51.5623242],[-0.3325329,51.5623965],[-0.3329583,51.5626587]]}},{"type":"Feature","properties":{"id":"lens-traffic-road-london-way/311169663","layer":"traffic_road","category":"transport","year":1989,"visible_year":2025,"rank":4,"name":"Dulwich Road","source_id":"way/311169663","source_url":"https://www.openstreetmap.org/way/311169663","license":"ODbL","transport_raw":0.212,"transport_count":1,"transport_activity":0.233,"representation":"major-road transport-event activity","timing_note":"Road color is a three-year transport-event activity surface on current OSM major road geometry, not measured traffic volume or congestion."},"geometry":{"type":"LineString","coordinates":[[-0.1044525,51.4530008],[-0.1043587,51.4529676]]}},{"type":"Feature","properties":{"id":"lens-traffic-road-london-way/4572264","layer":"traffic_road","category":"transport","year":1989,"visible_year":2023,"rank":4,"name":"Watford Road","source_id":"way/4572264","source_url":"https://www.openstreetmap.org/way/4572264","license":"ODbL","transport_raw":0.211,"transport_count":1,"transport_activity":0.232,"representation":"major-road transport-event activity","timing_note":"Road color is a three-year transport-event activity surface on current OSM major road geometry, not measured traffic volume or congestion."},"geometry":{"type":"LineString","coordinates":[[-0.3212318,51.5664113],[-0.321221,51.5663371],[-0.3211864,51.5660153],[-0.3210943,51.5647289],[-0.3210058,51.5640611],[-0.3209898,51.5639399],[-0.3209405,51.5637155],[-0.3209154,51.5636598],[-0.3208166,51.5634407],[-0.3206744,51.5631819],[-0.3203702,51.5628411],[-0.3199774,51.5624479],[-0.3198061,51.5622013]]}},{"type":"Feature","properties":{"id":"lens-traffic-road-london-way/233496334","layer":"traffic_road","category":"transport","year":1989,"visible_year":2023,"rank":4,"name":"Watford Road","source_id":"way/233496334","source_url":"https://www.openstreetmap.org/way/233496334","license":"ODbL","transport_raw":0.21,"transport_count":1,"transport_activity":0.231,"representation":"major-road transport-event activity","timing_note":"Road color is a three-year transport-event activity surface on current OSM major road geometry, not measured traffic volume or congestion."},"geometry":{"type":"LineString","coordinates":[[-0.3222147,51.5697739],[-0.3220984,51.5696168],[-0.3219984,51.5694759],[-0.3217872,51.5691782]]}},{"type":"Feature","properties":{"id":"lens-traffic-road-london-way/525927255","layer":"traffic_road","category":"transport","year":1989,"visible_year":2023,"rank":2,"name":"Dulwich Village","source_id":"way/525927255","source_url":"https://www.openstreetmap.org/way/525927255","license":"ODbL","transport_raw":0.208,"transport_count":1,"transport_activity":0.228,"representation":"major-road transport-event activity","timing_note":"Road color is a three-year transport-event activity surface on current OSM major road geometry, not measured traffic volume or congestion."},"geometry":{"type":"LineString","coordinates":[[-0.085395,51.4505039],[-0.0854959,51.4506205]]}},{"type":"Feature","properties":{"id":"lens-traffic-road-london-way/1314521456","layer":"traffic_road","category":"transport","year":1989,"visible_year":2025,"rank":2,"name":"Turney Road","source_id":"way/1314521456","source_url":"https://www.openstreetmap.org/way/1314521456","license":"ODbL","transport_raw":0.207,"transport_count":1,"transport_activity":0.227,"representation":"major-road transport-event activity","timing_note":"Road color is a three-year transport-event activity surface on current OSM major road geometry, not measured traffic volume or congestion."},"geometry":{"type":"LineString","coordinates":[[-0.0855312,51.4504423],[-0.085395,51.4505039]]}},{"type":"Feature","properties":{"id":"lens-traffic-road-london-way/197824808","layer":"traffic_road","category":"transport","year":1989,"visible_year":2023,"rank":4,"name":"Sudbury Hill","source_id":"way/197824808","source_url":"https://www.openstreetmap.org/way/197824808","license":"ODbL","transport_raw":0.207,"transport_count":1,"transport_activity":0.227,"representation":"major-road transport-event activity","timing_note":"Road color is a three-year transport-event activity surface on current OSM major road geometry, not measured traffic volume or congestion."},"geometry":{"type":"LineString","coordinates":[[-0.3321328,51.562091],[-0.3319557,51.5619933],[-0.3319152,51.561968]]}},{"type":"Feature","properties":{"id":"lens-traffic-road-london-way/197824794","layer":"traffic_road","category":"transport","year":1989,"visible_year":2019,"rank":4,"name":"Sudbury Court Drive","source_id":"way/197824794","source_url":"https://www.openstreetmap.org/way/197824794","license":"ODbL","transport_raw":0.206,"transport_count":1,"transport_activity":0.226,"representation":"major-road transport-event activity","timing_note":"Road color is a three-year transport-event activity surface on current OSM major road geometry, not measured traffic volume or congestion."},"geometry":{"type":"LineString","coordinates":[[-0.3310059,51.5617176],[-0.3310766,51.561655]]}},{"type":"Feature","properties":{"id":"lens-traffic-road-london-way/2273159","layer":"traffic_road","category":"transport","year":1989,"visible_year":2024,"rank":4,"name":"Sudbury Court Drive","source_id":"way/2273159","source_url":"https://www.openstreetmap.org/way/2273159","license":"ODbL","transport_raw":0.206,"transport_count":1,"transport_activity":0.226,"representation":"major-road transport-event activity","timing_note":"Road color is a three-year transport-event activity surface on current OSM major road geometry, not measured traffic volume or congestion."},"geometry":{"type":"LineString","coordinates":[[-0.3312663,51.5616994],[-0.3312133,51.5616986],[-0.3310728,51.5617171],[-0.3310059,51.5617176]]}},{"type":"Feature","properties":{"id":"lens-traffic-road-london-way/1136743878","layer":"traffic_road","category":"transport","year":1989,"visible_year":2023,"rank":4,"name":"Sudbury Hill","source_id":"way/1136743878","source_url":"https://www.openstreetmap.org/way/1136743878","license":"ODbL","transport_raw":0.205,"transport_count":1,"transport_activity":0.225,"representation":"major-road transport-event activity","timing_note":"Road color is a three-year transport-event activity surface on current OSM major road geometry, not measured traffic volume or congestion."},"geometry":{"type":"LineString","coordinates":[[-0.3319152,51.561968],[-0.3319049,51.5619625],[-0.3318688,51.5619388],[-0.3318537,51.5619289]]}},{"type":"Feature","properties":{"id":"lens-traffic-road-london-way/610008571","layer":"traffic_road","category":"transport","year":1989,"visible_year":2023,"rank":4,"name":"Sudbury Hill","source_id":"way/610008571","source_url":"https://www.openstreetmap.org/way/610008571","license":"ODbL","transport_raw":0.204,"transport_count":1,"transport_activity":0.223,"representation":"major-road transport-event activity","timing_note":"Road color is a three-year transport-event activity surface on current OSM major road geometry, not measured traffic volume or congestion."},"geometry":{"type":"LineString","coordinates":[[-0.3318537,51.5619289],[-0.3317408,51.5618548]]}},{"type":"Feature","properties":{"id":"lens-traffic-road-london-way/197824822","layer":"traffic_road","category":"transport","year":1989,"visible_year":2023,"rank":4,"name":"Sudbury Hill","source_id":"way/197824822","source_url":"https://www.openstreetmap.org/way/197824822","license":"ODbL","transport_raw":0.202,"transport_count":1,"transport_activity":0.222,"representation":"major-road transport-event activity","timing_note":"Road color is a three-year transport-event activity surface on current OSM major road geometry, not measured traffic volume or congestion."},"geometry":{"type":"LineString","coordinates":[[-0.3317408,51.5618548],[-0.3316817,51.5618174]]}},{"type":"Feature","properties":{"id":"lens-traffic-road-london-way/1273567796","layer":"traffic_road","category":"transport","year":1989,"visible_year":2024,"rank":4,"name":"Sudbury Court Drive","source_id":"way/1273567796","source_url":"https://www.openstreetmap.org/way/1273567796","license":"ODbL","transport_raw":0.201,"transport_count":1,"transport_activity":0.22,"representation":"major-road transport-event activity","timing_note":"Road color is a three-year transport-event activity surface on current OSM major road geometry, not measured traffic volume or congestion."},"geometry":{"type":"LineString","coordinates":[[-0.3314928,51.5617215],[-0.3313804,51.5617087],[-0.3313219,51.5617006],[-0.3312663,51.5616994]]}},{"type":"Feature","properties":{"id":"lens-traffic-road-london-way/745900024","layer":"traffic_road","category":"transport","year":1989,"visible_year":2023,"rank":4,"name":"Sudbury Hill","source_id":"way/745900024","source_url":"https://www.openstreetmap.org/way/745900024","license":"ODbL","transport_raw":0.2,"transport_count":1,"transport_activity":0.22,"representation":"major-road transport-event activity","timing_note":"Road color is a three-year transport-event activity surface on current OSM major road geometry, not measured traffic volume or congestion."},"geometry":{"type":"LineString","coordinates":[[-0.3316817,51.5618174],[-0.3314928,51.5617215]]}},{"type":"Feature","properties":{"id":"lens-traffic-road-london-way/745900026","layer":"traffic_road","category":"transport","year":1989,"visible_year":2024,"rank":4,"name":"Greenford Road","source_id":"way/745900026","source_url":"https://www.openstreetmap.org/way/745900026","license":"ODbL","transport_raw":0.201,"transport_count":1,"transport_activity":0.22,"representation":"major-road transport-event activity","timing_note":"Road color is a three-year transport-event activity surface on current OSM major road geometry, not measured traffic volume or congestion."},"geometry":{"type":"LineString","coordinates":[[-0.3318394,51.5618399],[-0.3317408,51.5618548]]}},{"type":"Feature","properties":{"id":"lens-traffic-road-london-way/956114119","layer":"traffic_road","category":"transport","year":1989,"visible_year":2025,"rank":4,"name":"Watford Road","source_id":"way/956114119","source_url":"https://www.openstreetmap.org/way/956114119","license":"ODbL","transport_raw":0.2,"transport_count":1,"transport_activity":0.219,"representation":"major-road transport-event activity","timing_note":"Road color is a three-year transport-event activity surface on current OSM major road geometry, not measured traffic volume or congestion."},"geometry":{"type":"LineString","coordinates":[[-0.3223703,51.569984],[-0.3223034,51.5698937],[-0.3222147,51.5697739]]}},{"type":"Feature","properties":{"id":"lens-traffic-road-london-way/197824797","layer":"traffic_road","category":"transport","year":1989,"visible_year":2023,"rank":4,"name":"Sudbury Hill","source_id":"way/197824797","source_url":"https://www.openstreetmap.org/way/197824797","license":"ODbL","transport_raw":0.199,"transport_count":1,"transport_activity":0.218,"representation":"major-road transport-event activity","timing_note":"Road color is a three-year transport-event activity surface on current OSM major road geometry, not measured traffic volume or congestion."},"geometry":{"type":"LineString","coordinates":[[-0.3320076,51.5617941],[-0.3320431,51.5618262],[-0.3320944,51.5619155],[-0.3321272,51.5619888],[-0.3321328,51.562091]]}},{"type":"Feature","properties":{"id":"lens-traffic-road-london-way/745900017","layer":"traffic_road","category":"transport","year":1989,"visible_year":2019,"rank":4,"name":"Sudbury Court Drive","source_id":"way/745900017","source_url":"https://www.openstreetmap.org/way/745900017","license":"ODbL","transport_raw":0.198,"transport_count":1,"transport_activity":0.217,"representation":"major-road transport-event activity","timing_note":"Road color is a three-year transport-event activity surface on current OSM major road geometry, not measured traffic volume or congestion."},"geometry":{"type":"LineString","coordinates":[[-0.3310766,51.561655],[-0.3311192,51.5616329],[-0.3311584,51.5616126],[-0.3313148,51.5615272]]}},{"type":"Feature","properties":{"id":"lens-traffic-road-london-way/1065921766","layer":"traffic_road","category":"transport","year":1989,"visible_year":2025,"rank":2,"name":"Dulwich Village","source_id":"way/1065921766","source_url":"https://www.openstreetmap.org/way/1065921766","license":"ODbL","transport_raw":0.197,"transport_count":1,"transport_activity":0.216,"representation":"major-road transport-event activity","timing_note":"Road color is a three-year transport-event activity surface on current OSM major road geometry, not measured traffic volume or congestion."},"geometry":{"type":"LineString","coordinates":[[-0.0853203,51.4503967],[-0.0853423,51.4504283],[-0.085395,51.4505039]]}},{"type":"Feature","properties":{"id":"lens-traffic-road-london-way/197824815","layer":"traffic_road","category":"transport","year":1989,"visible_year":2024,"rank":4,"name":"Harrow Road","source_id":"way/197824815","source_url":"https://www.openstreetmap.org/way/197824815","license":"ODbL","transport_raw":0.197,"transport_count":1,"transport_activity":0.216,"representation":"major-road transport-event activity","timing_note":"Road color is a three-year transport-event activity surface on current OSM major road geometry, not measured traffic volume or congestion."},"geometry":{"type":"LineString","coordinates":[[-0.3314928,51.5617215],[-0.3314461,51.5616696],[-0.3313844,51.5616298]]}},{"type":"Feature","properties":{"id":"lens-traffic-road-london-way/4794316","layer":"traffic_road","category":"transport","year":1989,"visible_year":2024,"rank":4,"name":"Greenford Road","source_id":"way/4794316","source_url":"https://www.openstreetmap.org/way/4794316","license":"ODbL","transport_raw":0.197,"transport_count":1,"transport_activity":0.216,"representation":"major-road transport-event activity","timing_note":"Road color is a three-year transport-event activity surface on current OSM major road geometry, not measured traffic volume or congestion."},"geometry":{"type":"LineString","coordinates":[[-0.3319588,51.5618126],[-0.3318394,51.5618399]]}},{"type":"Feature","properties":{"id":"lens-traffic-road-london-way/1136743874","layer":"traffic_road","category":"transport","year":1989,"visible_year":2024,"rank":4,"name":"Greenford Road","source_id":"way/1136743874","source_url":"https://www.openstreetmap.org/way/1136743874","license":"ODbL","transport_raw":0.194,"transport_count":1,"transport_activity":0.212,"representation":"major-road transport-event activity","timing_note":"Road color is a three-year transport-event activity surface on current OSM major road geometry, not measured traffic volume or congestion."},"geometry":{"type":"LineString","coordinates":[[-0.3320076,51.5617941],[-0.3319588,51.5618126]]}},{"type":"Feature","properties":{"id":"lens-traffic-road-london-way/745900027","layer":"traffic_road","category":"transport","year":1989,"visible_year":2023,"rank":4,"name":"Harrow Road","source_id":"way/745900027","source_url":"https://www.openstreetmap.org/way/745900027","license":"ODbL","transport_raw":0.193,"transport_count":1,"transport_activity":0.212,"representation":"major-road transport-event activity","timing_note":"Road color is a three-year transport-event activity surface on current OSM major road geometry, not measured traffic volume or congestion."},"geometry":{"type":"LineString","coordinates":[[-0.3313844,51.5616298],[-0.3313564,51.561609],[-0.3313148,51.5615272]]}},{"type":"Feature","properties":{"id":"lens-traffic-road-london-way/694506253","layer":"traffic_road","category":"transport","year":1989,"visible_year":2025,"rank":4,"name":"Dulwich Road","source_id":"way/694506253","source_url":"https://www.openstreetmap.org/way/694506253","license":"ODbL","transport_raw":0.193,"transport_count":1,"transport_activity":0.211,"representation":"major-road transport-event activity","timing_note":"Road color is a three-year transport-event activity surface on current OSM major road geometry, not measured traffic volume or congestion."},"geometry":{"type":"LineString","coordinates":[[-0.104806,51.4531182],[-0.1046355,51.4530656],[-0.1045992,51.4530504],[-0.1044525,51.4530008]]}},{"type":"Feature","properties":{"id":"lens-traffic-road-london-way/1136743871","layer":"traffic_road","category":"transport","year":1989,"visible_year":2024,"rank":4,"name":"Harrow Road","source_id":"way/1136743871","source_url":"https://www.openstreetmap.org/way/1136743871","license":"ODbL","transport_raw":0.191,"transport_count":1,"transport_activity":0.21,"representation":"major-road transport-event activity","timing_note":"Road color is a three-year transport-event activity surface on current OSM major road geometry, not measured traffic volume or congestion."},"geometry":{"type":"LineString","coordinates":[[-0.3319273,51.5617347],[-0.3320076,51.5617941]]}},{"type":"Feature","properties":{"id":"lens-traffic-road-london-way/1314497387","layer":"traffic_road","category":"transport","year":1989,"visible_year":2025,"rank":2,"name":"Dulwich Village","source_id":"way/1314497387","source_url":"https://www.openstreetmap.org/way/1314497387","license":"ODbL","transport_raw":0.191,"transport_count":1,"transport_activity":0.209,"representation":"major-road transport-event activity","timing_note":"Road color is a three-year transport-event activity surface on current OSM major road geometry, not measured traffic volume or congestion."},"geometry":{"type":"LineString","coordinates":[[-0.0852725,51.4503057],[-0.0852962,51.4503556],[-0.0853203,51.4503967]]}},{"type":"Feature","properties":{"id":"lens-traffic-road-london-way/197824817","layer":"traffic_road","category":"transport","year":1989,"visible_year":2023,"rank":4,"name":"Harrow Road","source_id":"way/197824817","source_url":"https://www.openstreetmap.org/way/197824817","license":"ODbL","transport_raw":0.19,"transport_count":1,"transport_activity":0.209,"representation":"major-road transport-event activity","timing_note":"Road color is a three-year transport-event activity surface on current OSM major road geometry, not measured traffic volume or congestion."},"geometry":{"type":"LineString","coordinates":[[-0.3313148,51.5615272],[-0.3314324,51.5615546],[-0.3315199,51.5615949],[-0.3316081,51.5616363],[-0.3316905,51.5616607]]}},{"type":"Feature","properties":{"id":"lens-traffic-road-london-way/1136743872","layer":"traffic_road","category":"transport","year":1989,"visible_year":2024,"rank":4,"name":"Harrow Road","source_id":"way/1136743872","source_url":"https://www.openstreetmap.org/way/1136743872","license":"ODbL","transport_raw":0.19,"transport_count":1,"transport_activity":0.208,"representation":"major-road transport-event activity","timing_note":"Road color is a three-year transport-event activity surface on current OSM major road geometry, not measured traffic volume or congestion."},"geometry":{"type":"LineString","coordinates":[[-0.3318923,51.5617111],[-0.3319273,51.5617347]]}},{"type":"Feature","properties":{"id":"lens-traffic-road-london-way/197824806","layer":"traffic_road","category":"transport","year":1989,"visible_year":2024,"rank":4,"name":"Harrow Road","source_id":"way/197824806","source_url":"https://www.openstreetmap.org/way/197824806","license":"ODbL","transport_raw":0.19,"transport_count":1,"transport_activity":0.208,"representation":"major-road transport-event activity","timing_note":"Road color is a three-year transport-event activity surface on current OSM major road geometry, not measured traffic volume or congestion."},"geometry":{"type":"LineString","coordinates":[[-0.3316905,51.5616607],[-0.3318161,51.5616749]]}},{"type":"Feature","properties":{"id":"lens-traffic-road-london-way/745900025","layer":"traffic_road","category":"transport","year":1989,"visible_year":2024,"rank":4,"name":"Harrow Road","source_id":"way/745900025","source_url":"https://www.openstreetmap.org/way/745900025","license":"ODbL","transport_raw":0.189,"transport_count":1,"transport_activity":0.208,"representation":"major-road transport-event activity","timing_note":"Road color is a three-year transport-event activity surface on current OSM major road geometry, not measured traffic volume or congestion."},"geometry":{"type":"LineString","coordinates":[[-0.3318161,51.5616749],[-0.3318923,51.5617111]]}},{"type":"Feature","properties":{"id":"lens-traffic-road-london-way/1273567798","layer":"traffic_road","category":"transport","year":1989,"visible_year":2024,"rank":4,"name":"Harrow Road","source_id":"way/1273567798","source_url":"https://www.openstreetmap.org/way/1273567798","license":"ODbL","transport_raw":0.188,"transport_count":1,"transport_activity":0.206,"representation":"major-road transport-event activity","timing_note":"Road color is a three-year transport-event activity surface on current OSM major road geometry, not measured traffic volume or congestion."},"geometry":{"type":"LineString","coordinates":[[-0.3311828,51.561437],[-0.3312017,51.5614501],[-0.3312321,51.5614671],[-0.3313148,51.5615272]]}},{"type":"Feature","properties":{"id":"lens-traffic-road-london-way/197824798","layer":"traffic_road","category":"transport","year":1989,"visible_year":2023,"rank":4,"name":"Greenford Road","source_id":"way/197824798","source_url":"https://www.openstreetmap.org/way/197824798","license":"ODbL","transport_raw":0.188,"transport_count":1,"transport_activity":0.206,"representation":"major-road transport-event activity","timing_note":"Road color is a three-year transport-event activity surface on current OSM major road geometry, not measured traffic volume or congestion."},"geometry":{"type":"LineString","coordinates":[[-0.332155,51.5617061],[-0.3321029,51.5617482],[-0.3320076,51.5617941]]}},{"type":"Feature","properties":{"id":"lens-traffic-road-london-way/610008563","layer":"traffic_road","category":"transport","year":1989,"visible_year":2024,"rank":4,"name":"Sudbury Hill","source_id":"way/610008563","source_url":"https://www.openstreetmap.org/way/610008563","license":"ODbL","transport_raw":0.186,"transport_count":1,"transport_activity":0.204,"representation":"major-road transport-event activity","timing_note":"Road color is a three-year transport-event activity surface on current OSM major road geometry, not measured traffic volume or congestion."},"geometry":{"type":"LineString","coordinates":[[-0.3335587,51.5630228],[-0.3340714,51.5632968],[-0.334355,51.5634484],[-0.334851,51.5636361],[-0.3351183,51.5637273],[-0.3353437,51.5637949],[-0.3361242,51.563999],[-0.3375699,51.5646215]]}},{"type":"Feature","properties":{"id":"lens-traffic-road-london-way/745900023","layer":"traffic_road","category":"transport","year":1989,"visible_year":2024,"rank":4,"name":"Harrow Road","source_id":"way/745900023","source_url":"https://www.openstreetmap.org/way/745900023","license":"ODbL","transport_raw":0.186,"transport_count":1,"transport_activity":0.204,"representation":"major-road transport-event activity","timing_note":"Road color is a three-year transport-event activity surface on current OSM major road geometry, not measured traffic volume or congestion."},"geometry":{"type":"LineString","coordinates":[[-0.3318161,51.5616749],[-0.3319208,51.5616651],[-0.332026,51.5616472]]}},{"type":"Feature","properties":{"id":"lens-traffic-road-london-way/1273567797","layer":"traffic_road","category":"transport","year":1989,"visible_year":2024,"rank":4,"name":"Harrow Road","source_id":"way/1273567797","source_url":"https://www.openstreetmap.org/way/1273567797","license":"ODbL","transport_raw":0.184,"transport_count":1,"transport_activity":0.202,"representation":"major-road transport-event activity","timing_note":"Road color is a three-year transport-event activity surface on current OSM major road geometry, not measured traffic volume or congestion."},"geometry":{"type":"LineString","coordinates":[[-0.330998,51.5613157],[-0.3311483,51.5614132],[-0.3311828,51.561437]]}},{"type":"Feature","properties":{"id":"lens-traffic-road-london-way/1314497386","layer":"traffic_road","category":"transport","year":1989,"visible_year":2024,"rank":2,"name":"Dulwich Village","source_id":"way/1314497386","source_url":"https://www.openstreetmap.org/way/1314497386","license":"ODbL","transport_raw":0.18,"transport_count":1,"transport_activity":0.198,"representation":"major-road transport-event activity","timing_note":"Road color is a three-year transport-event activity surface on current OSM major road geometry, not measured traffic volume or congestion."},"geometry":{"type":"LineString","coordinates":[[-0.0851803,51.4500368],[-0.0851888,51.4500788],[-0.085224,51.4501839],[-0.0852549,51.4502641],[-0.0852725,51.4503057]]}},{"type":"Feature","properties":{"id":"lens-traffic-road-london-way/245543936","layer":"traffic_road","category":"transport","year":1989,"visible_year":2023,"rank":4,"name":"Watford Road","source_id":"way/245543936","source_url":"https://www.openstreetmap.org/way/245543936","license":"ODbL","transport_raw":0.181,"transport_count":1,"transport_activity":0.198,"representation":"major-road transport-event activity","timing_note":"Road color is a three-year transport-event activity surface on current OSM major road geometry, not measured traffic volume or congestion."},"geometry":{"type":"LineString","coordinates":[[-0.3230701,51.5709161],[-0.3226714,51.5703907],[-0.3223703,51.569984]]}},{"type":"Feature","properties":{"id":"lens-traffic-road-london-way/1136743873","layer":"traffic_road","category":"transport","year":1989,"visible_year":2023,"rank":4,"name":"Greenford Road","source_id":"way/1136743873","source_url":"https://www.openstreetmap.org/way/1136743873","license":"ODbL","transport_raw":0.18,"transport_count":1,"transport_activity":0.197,"representation":"major-road transport-event activity","timing_note":"Road color is a three-year transport-event activity surface on current OSM major road geometry, not measured traffic volume or congestion."},"geometry":{"type":"LineString","coordinates":[[-0.3321954,51.5616224],[-0.3321804,51.5616747],[-0.332155,51.5617061]]}},{"type":"Feature","properties":{"id":"lens-traffic-road-london-way/745900019","layer":"traffic_road","category":"transport","year":1989,"visible_year":2024,"rank":4,"name":"Harrow Road","source_id":"way/745900019","source_url":"https://www.openstreetmap.org/way/745900019","license":"ODbL","transport_raw":0.179,"transport_count":1,"transport_activity":0.196,"representation":"major-road transport-event activity","timing_note":"Road color is a three-year transport-event activity surface on current OSM major road geometry, not measured traffic volume or congestion."},"geometry":{"type":"LineString","coordinates":[[-0.332026,51.5616472],[-0.332122,51.5616207],[-0.3321954,51.5616224]]}},{"type":"Feature","properties":{"id":"lens-traffic-road-london-way/197824807","layer":"traffic_road","category":"transport","year":1989,"visible_year":2024,"rank":4,"name":"Greenford Road","source_id":"way/197824807","source_url":"https://www.openstreetmap.org/way/197824807","license":"ODbL","transport_raw":0.169,"transport_count":1,"transport_activity":0.186,"representation":"major-road transport-event activity","timing_note":"Road color is a three-year transport-event activity surface on current OSM major road geometry, not measured traffic volume or congestion."},"geometry":{"type":"LineString","coordinates":[[-0.3321954,51.5616224],[-0.3322695,51.5615723],[-0.3323274,51.5615233],[-0.3323856,51.561474]]}},{"type":"Feature","properties":{"id":"lens-traffic-road-london-way/371199525","layer":"traffic_road","category":"transport","year":1989,"visible_year":2024,"rank":2,"name":"Rosendale Road","source_id":"way/371199525","source_url":"https://www.openstreetmap.org/way/371199525","license":"ODbL","transport_raw":0.167,"transport_count":1,"transport_activity":0.183,"representation":"major-road transport-event activity","timing_note":"Road color is a three-year transport-event activity surface on current OSM major road geometry, not measured traffic volume or congestion."},"geometry":{"type":"LineString","coordinates":[[-0.0982366,51.445015],[-0.0982454,51.4450414],[-0.0983529,51.4452757],[-0.0985435,51.4456903],[-0.0985642,51.4457259],[-0.0986901,51.4459175],[-0.0988106,51.4460697]]}},{"type":"Feature","properties":{"id":"lens-traffic-road-london-way/1354330122","layer":"traffic_road","category":"transport","year":1989,"visible_year":2025,"rank":2,"name":"Dulwich Village","source_id":"way/1354330122","source_url":"https://www.openstreetmap.org/way/1354330122","license":"ODbL","transport_raw":0.166,"transport_count":1,"transport_activity":0.182,"representation":"major-road transport-event activity","timing_note":"Road color is a three-year transport-event activity surface on current OSM major road geometry, not measured traffic volume or congestion."},"geometry":{"type":"LineString","coordinates":[[-0.0851549,51.4497127],[-0.0851526,51.4498123],[-0.0851577,51.4498681],[-0.0851605,51.4498979],[-0.0851687,51.4499799],[-0.0851803,51.4500368]]}},{"type":"Feature","properties":{"id":"lens-traffic-road-london-way/1354330123","layer":"traffic_road","category":"transport","year":1989,"visible_year":2025,"rank":2,"name":"Dulwich Village","source_id":"way/1354330123","source_url":"https://www.openstreetmap.org/way/1354330123","license":"ODbL","transport_raw":0.159,"transport_count":1,"transport_activity":0.175,"representation":"major-road transport-event activity","timing_note":"Road color is a three-year transport-event activity surface on current OSM major road geometry, not measured traffic volume or congestion."},"geometry":{"type":"LineString","coordinates":[[-0.0851554,51.4496938],[-0.0851549,51.4497127]]}},{"type":"Feature","properties":{"id":"lens-traffic-road-london-way/953202816","layer":"traffic_road","category":"transport","year":1989,"visible_year":2023,"rank":4,"name":"Watford Road","source_id":"way/953202816","source_url":"https://www.openstreetmap.org/way/953202816","license":"ODbL","transport_raw":0.157,"transport_count":1,"transport_activity":0.173,"representation":"major-road transport-event activity","timing_note":"Road color is a three-year transport-event activity surface on current OSM major road geometry, not measured traffic volume or congestion."},"geometry":{"type":"LineString","coordinates":[[-0.323104,51.5710246],[-0.3230514,51.5709489],[-0.3230701,51.5709161]]}},{"type":"Feature","properties":{"id":"lens-traffic-road-london-way/1022828240","layer":"traffic_road","category":"transport","year":1989,"visible_year":2025,"rank":3,"name":"Milkwood Road","source_id":"way/1022828240","source_url":"https://www.openstreetmap.org/way/1022828240","license":"ODbL","transport_raw":0.154,"transport_count":1,"transport_activity":0.169,"representation":"major-road transport-event activity","timing_note":"Road color is a three-year transport-event activity surface on current OSM major road geometry, not measured traffic volume or congestion."},"geometry":{"type":"LineString","coordinates":[[-0.1027439,51.4580864],[-0.102867,51.4579045],[-0.1029506,51.4577802],[-0.103074,51.4575852],[-0.1031762,51.4574017],[-0.1032597,51.4572244],[-0.1032836,51.4571688],[-0.1033308,51.4570588],[-0.1033407,51.4570358],[-0.1033542,51.456998],[-0.1033679,51.4569597],[-0.1033734,51.4569439],[-0.1033987,51.4568704],[-0.1034356,51.4567523],[-0.1034552,51.4566911],[-0.103475,51.4566211],[-0.1034856,51.4565668],[-0.1034918,51.4565189],[-0.1034884,51.4564783],[-0.1034813,51.4564428],[-0.1034572,51.4563489],[-0.1033434,51.4559666],[-0.1032783,51.4557587],[-0.1032391,51.4556472],[-0.1032086,51.455559],[-0.1031498,51.4554217],[-0.1030925,51.4553008],[-0.1028699,51.4548585],[-0.1028119,51.4547529],[-0.1027683,51.4546785],[-0.102718,51.4545966],[-0.1026708,51.454524],[-0.1026687,51.4545209],[-0.1025868,51.454409],[-0.1024468,51.4542325],[-0.1023814,51.454155],[-0.1023083,51.4540758],[-0.1019885,51.453757],[-0.1019216,51.4536921],[-0.101862,51.4536341],[-0.1018428,51.453614],[-0.1018253,51.4535951],[-0.1017557,51.4535149]]}},{"type":"Feature","properties":{"id":"lens-traffic-road-london-way/952334903","layer":"traffic_road","category":"transport","year":1989,"visible_year":2023,"rank":4,"name":"Watford Road","source_id":"way/952334903","source_url":"https://www.openstreetmap.org/way/952334903","license":"ODbL","transport_raw":0.151,"transport_count":1,"transport_activity":0.165,"representation":"major-road transport-event activity","timing_note":"Road color is a three-year transport-event activity surface on current OSM major road geometry, not measured traffic volume or congestion."},"geometry":{"type":"LineString","coordinates":[[-0.3230701,51.5709161],[-0.3231259,51.5709318],[-0.3232749,51.57114],[-0.323395,51.5713086],[-0.3233909,51.5713604]]}},{"type":"Feature","properties":{"id":"lens-traffic-road-london-way/197826210","layer":"traffic_road","category":"transport","year":1989,"visible_year":2024,"rank":4,"name":"Greenford Road","source_id":"way/197826210","source_url":"https://www.openstreetmap.org/way/197826210","license":"ODbL","transport_raw":0.145,"transport_count":1,"transport_activity":0.159,"representation":"major-road transport-event activity","timing_note":"Road color is a three-year transport-event activity surface on current OSM major road geometry, not measured traffic volume or congestion."},"geometry":{"type":"LineString","coordinates":[[-0.3323856,51.561474],[-0.3326004,51.5612743],[-0.3326267,51.5612499],[-0.3326384,51.56124],[-0.3326994,51.5611882]]}},{"type":"Feature","properties":{"id":"lens-traffic-road-london-way/952334902","layer":"traffic_road","category":"transport","year":1989,"visible_year":2023,"rank":4,"name":"Watford Road","source_id":"way/952334902","source_url":"https://www.openstreetmap.org/way/952334902","license":"ODbL","transport_raw":0.145,"transport_count":1,"transport_activity":0.159,"representation":"major-road transport-event activity","timing_note":"Road color is a three-year transport-event activity surface on current OSM major road geometry, not measured traffic volume or congestion."},"geometry":{"type":"LineString","coordinates":[[-0.3233909,51.5713604],[-0.3233218,51.5713207],[-0.3232932,51.5712776],[-0.3232051,51.5711606],[-0.323104,51.5710246]]}},{"type":"Feature","properties":{"id":"lens-traffic-road-london-way/140777991","layer":"traffic_road","category":"transport","year":1989,"visible_year":2025,"rank":2,"name":"Dulwich Village","source_id":"way/140777991","source_url":"https://www.openstreetmap.org/way/140777991","license":"ODbL","transport_raw":0.139,"transport_count":1,"transport_activity":0.152,"representation":"major-road transport-event activity","timing_note":"Road color is a three-year transport-event activity surface on current OSM major road geometry, not measured traffic volume or congestion."},"geometry":{"type":"LineString","coordinates":[[-0.0855317,51.4479959],[-0.0854772,51.4482955],[-0.0853898,51.4486773],[-0.0852933,51.449076],[-0.085273,51.4491603],[-0.0852699,51.4491696],[-0.0851564,51.4496502],[-0.0851554,51.4496938]]}},{"type":"Feature","properties":{"id":"lens-traffic-road-london-way/843838418","layer":"traffic_road","category":"transport","year":1989,"visible_year":2025,"rank":4,"name":"Norwood Road","source_id":"way/843838418","source_url":"https://www.openstreetmap.org/way/843838418","license":"ODbL","transport_raw":0.137,"transport_count":1,"transport_activity":0.15,"representation":"major-road transport-event activity","timing_note":"Road color is a three-year transport-event activity surface on current OSM major road geometry, not measured traffic volume or congestion."},"geometry":{"type":"LineString","coordinates":[[-0.1027331,51.4480874],[-0.1028075,51.448032],[-0.1036054,51.4474006],[-0.1037734,51.4472811],[-0.1042986,51.4469532]]}},{"type":"Feature","properties":{"id":"lens-traffic-road-london-way/1273567445","layer":"traffic_road","category":"transport","year":1989,"visible_year":2024,"rank":4,"name":"Greenford Road","source_id":"way/1273567445","source_url":"https://www.openstreetmap.org/way/1273567445","license":"ODbL","transport_raw":0.133,"transport_count":1,"transport_activity":0.146,"representation":"major-road transport-event activity","timing_note":"Road color is a three-year transport-event activity surface on current OSM major road geometry, not measured traffic volume or congestion."},"geometry":{"type":"LineString","coordinates":[[-0.3326994,51.5611882],[-0.3327396,51.5611541],[-0.3327717,51.5611251]]}},{"type":"Feature","properties":{"id":"lens-traffic-road-london-way/12344750","layer":"traffic_road","category":"transport","year":1989,"visible_year":2024,"rank":2,"name":"Red Post Hill","source_id":"way/12344750","source_url":"https://www.openstreetmap.org/way/12344750","license":"ODbL","transport_raw":0.127,"transport_count":1,"transport_activity":0.14,"representation":"major-road transport-event activity","timing_note":"Road color is a three-year transport-event activity surface on current OSM major road geometry, not measured traffic volume or congestion."},"geometry":{"type":"LineString","coordinates":[[-0.0904109,51.4570095],[-0.0904726,51.4570294],[-0.0905237,51.4570605],[-0.0905794,51.4571124],[-0.0906396,51.4571802],[-0.0907618,51.4573044],[-0.0908791,51.4574128],[-0.090974,51.4574972],[-0.0910947,51.4575958],[-0.0914094,51.4578465],[-0.0915101,51.4579229],[-0.0921615,51.4583977],[-0.0926983,51.4587655],[-0.092793,51.4588293],[-0.0929264,51.4589173],[-0.0934316,51.4592363],[-0.0937075,51.4594071]]}},{"type":"Feature","properties":{"id":"lens-traffic-road-london-way/1273567444","layer":"traffic_road","category":"transport","year":1989,"visible_year":2024,"rank":4,"name":"Greenford Road","source_id":"way/1273567444","source_url":"https://www.openstreetmap.org/way/1273567444","license":"ODbL","transport_raw":0.126,"transport_count":1,"transport_activity":0.138,"representation":"major-road transport-event activity","timing_note":"Road color is a three-year transport-event activity surface on current OSM major road geometry, not measured traffic volume or congestion."},"geometry":{"type":"LineString","coordinates":[[-0.3327717,51.5611251],[-0.3328914,51.5610184]]}},{"type":"Feature","properties":{"id":"lens-traffic-road-london-way/1204927911","layer":"traffic_road","category":"transport","year":1989,"visible_year":2024,"rank":2,"name":"Turney Road","source_id":"way/1204927911","source_url":"https://www.openstreetmap.org/way/1204927911","license":"ODbL","transport_raw":0.119,"transport_count":1,"transport_activity":0.13,"representation":"major-road transport-event activity","timing_note":"Road color is a three-year transport-event activity surface on current OSM major road geometry, not measured traffic volume or congestion."},"geometry":{"type":"LineString","coordinates":[[-0.0979905,51.4450004],[-0.0979839,51.4450353],[-0.0979763,51.4450995]]}},{"type":"Feature","properties":{"id":"lens-traffic-road-london-way/1273567443","layer":"traffic_road","category":"transport","year":1989,"visible_year":2024,"rank":4,"name":"Greenford Road","source_id":"way/1273567443","source_url":"https://www.openstreetmap.org/way/1273567443","license":"ODbL","transport_raw":0.119,"transport_count":1,"transport_activity":0.13,"representation":"major-road transport-event activity","timing_note":"Road color is a three-year transport-event activity surface on current OSM major road geometry, not measured traffic volume or congestion."},"geometry":{"type":"LineString","coordinates":[[-0.3328914,51.5610184],[-0.3329417,51.5609717]]}},{"type":"Feature","properties":{"id":"lens-traffic-road-london-way/1273567442","layer":"traffic_road","category":"transport","year":1989,"visible_year":2024,"rank":4,"name":"Greenford Road","source_id":"way/1273567442","source_url":"https://www.openstreetmap.org/way/1273567442","license":"ODbL","transport_raw":0.112,"transport_count":1,"transport_activity":0.123,"representation":"major-road transport-event activity","timing_note":"Road color is a three-year transport-event activity surface on current OSM major road geometry, not measured traffic volume or congestion."},"geometry":{"type":"LineString","coordinates":[[-0.3329417,51.5609717],[-0.3329856,51.5609321],[-0.3330527,51.5608702]]}},{"type":"Feature","properties":{"id":"lens-traffic-road-london-way/4948091","layer":"traffic_road","category":"transport","year":1989,"visible_year":2024,"rank":2,"name":"Turney Road","source_id":"way/4948091","source_url":"https://www.openstreetmap.org/way/4948091","license":"ODbL","transport_raw":0.107,"transport_count":1,"transport_activity":0.118,"representation":"major-road transport-event activity","timing_note":"Road color is a three-year transport-event activity surface on current OSM major road geometry, not measured traffic volume or congestion."},"geometry":{"type":"LineString","coordinates":[[-0.0979999,51.4449134],[-0.0979905,51.4450004]]}},{"type":"Feature","properties":{"id":"lens-traffic-road-london-way/511371807","layer":"traffic_road","category":"transport","year":1989,"visible_year":2024,"rank":2,"name":"Rosendale Road","source_id":"way/511371807","source_url":"https://www.openstreetmap.org/way/511371807","license":"ODbL","transport_raw":0.107,"transport_count":1,"transport_activity":0.117,"representation":"major-road transport-event activity","timing_note":"Road color is a three-year transport-event activity surface on current OSM major road geometry, not measured traffic volume or congestion."},"geometry":{"type":"LineString","coordinates":[[-0.0982366,51.445015],[-0.0982237,51.4449787]]}},{"type":"Feature","properties":{"id":"lens-traffic-road-london-way/1204927908","layer":"traffic_road","category":"transport","year":1989,"visible_year":2024,"rank":2,"name":"Rosendale Road","source_id":"way/1204927908","source_url":"https://www.openstreetmap.org/way/1204927908","license":"ODbL","transport_raw":0.101,"transport_count":1,"transport_activity":0.111,"representation":"major-road transport-event activity","timing_note":"Road color is a three-year transport-event activity surface on current OSM major road geometry, not measured traffic volume or congestion."},"geometry":{"type":"LineString","coordinates":[[-0.0982237,51.4449787],[-0.0981434,51.444928],[-0.09811,51.4449155],[-0.0980841,51.4449126],[-0.0979999,51.4449134]]}},{"type":"Feature","properties":{"id":"lens-traffic-road-london-way/1152680789","layer":"traffic_road","category":"transport","year":1989,"visible_year":2023,"rank":4,"name":"Sudbury Hill","source_id":"way/1152680789","source_url":"https://www.openstreetmap.org/way/1152680789","license":"ODbL","transport_raw":0.1,"transport_count":1,"transport_activity":0.11,"representation":"major-road transport-event activity","timing_note":"Road color is a three-year transport-event activity surface on current OSM major road geometry, not measured traffic volume or congestion."},"geometry":{"type":"LineString","coordinates":[[-0.3375699,51.5646215],[-0.3376987,51.5646951],[-0.3377744,51.564758]]}},{"type":"Feature","properties":{"id":"lens-traffic-road-london-way/1320893251","layer":"traffic_road","category":"transport","year":1989,"visible_year":2024,"rank":2,"name":"mapped road segment","source_id":"way/1320893251","source_url":"https://www.openstreetmap.org/way/1320893251","license":"ODbL","transport_raw":0.1,"transport_count":1,"transport_activity":0.109,"representation":"major-road transport-event activity","timing_note":"Road color is a three-year transport-event activity surface on current OSM major road geometry, not measured traffic volume or congestion."},"geometry":{"type":"LineString","coordinates":[[-0.098199,51.4448875],[-0.0982263,51.4449356],[-0.0982237,51.4449787]]}},{"type":"Feature","properties":{"id":"lens-traffic-road-london-way/1320893252","layer":"traffic_road","category":"transport","year":1989,"visible_year":2024,"rank":2,"name":"Rosendale Road","source_id":"way/1320893252","source_url":"https://www.openstreetmap.org/way/1320893252","license":"ODbL","transport_raw":0.097,"transport_count":1,"transport_activity":0.106,"representation":"major-road transport-event activity","timing_note":"Road color is a three-year transport-event activity surface on current OSM major road geometry, not measured traffic volume or congestion."},"geometry":{"type":"LineString","coordinates":[[-0.098007,51.4448336],[-0.0979999,51.4449134]]}},{"type":"Feature","properties":{"id":"lens-traffic-road-london-way/1066940286","layer":"traffic_road","category":"transport","year":1989,"visible_year":2024,"rank":2,"name":"mapped road segment","source_id":"way/1066940286","source_url":"https://www.openstreetmap.org/way/1066940286","license":"ODbL","transport_raw":0.092,"transport_count":1,"transport_activity":0.101,"representation":"major-road transport-event activity","timing_note":"Road color is a three-year transport-event activity surface on current OSM major road geometry, not measured traffic volume or congestion."},"geometry":{"type":"LineString","coordinates":[[-0.098007,51.4448336],[-0.0980775,51.4448358],[-0.0981126,51.4448425],[-0.0981572,51.4448587],[-0.098199,51.4448875]]}},{"type":"Feature","properties":{"id":"lens-traffic-road-london-way/140778002","layer":"traffic_road","category":"transport","year":1989,"visible_year":2025,"rank":2,"name":"Burbage Road","source_id":"way/140778002","source_url":"https://www.openstreetmap.org/way/140778002","license":"ODbL","transport_raw":0.088,"transport_count":1,"transport_activity":0.097,"representation":"major-road transport-event activity","timing_note":"Road color is a three-year transport-event activity surface on current OSM major road geometry, not measured traffic volume or congestion."},"geometry":{"type":"LineString","coordinates":[[-0.0860186,51.4474991],[-0.0859749,51.4475107],[-0.085919,51.4475138],[-0.0858903,51.447519],[-0.0858218,51.4475308],[-0.0857451,51.4475445]]}},{"type":"Feature","properties":{"id":"lens-traffic-road-london-way/140777990","layer":"traffic_road","category":"transport","year":1989,"visible_year":2025,"rank":2,"name":"Dulwich Village","source_id":"way/140777990","source_url":"https://www.openstreetmap.org/way/140777990","license":"ODbL","transport_raw":0.088,"transport_count":1,"transport_activity":0.096,"representation":"major-road transport-event activity","timing_note":"Road color is a three-year transport-event activity surface on current OSM major road geometry, not measured traffic volume or congestion."},"geometry":{"type":"LineString","coordinates":[[-0.0856606,51.447631],[-0.0856564,51.4476582],[-0.0856288,51.4477495],[-0.0856098,51.4478049],[-0.0855317,51.4479959]]}},{"type":"Feature","properties":{"id":"lens-traffic-road-london-way/5006031","layer":"traffic_road","category":"transport","year":1989,"visible_year":2025,"rank":2,"name":"Burbage Road","source_id":"way/5006031","source_url":"https://www.openstreetmap.org/way/5006031","license":"ODbL","transport_raw":0.087,"transport_count":1,"transport_activity":0.096,"representation":"major-road transport-event activity","timing_note":"Road color is a three-year transport-event activity surface on current OSM major road geometry, not measured traffic volume or congestion."},"geometry":{"type":"LineString","coordinates":[[-0.0857767,51.4474726],[-0.0859244,51.4474739],[-0.0859785,51.4474755],[-0.0860186,51.4474991]]}},{"type":"Feature","properties":{"id":"lens-traffic-road-london-way/28515378","layer":"traffic_road","category":"transport","year":1989,"visible_year":2023,"rank":4,"name":"Watford Road","source_id":"way/28515378","source_url":"https://www.openstreetmap.org/way/28515378","license":"ODbL","transport_raw":0.083,"transport_count":1,"transport_activity":0.091,"representation":"major-road transport-event activity","timing_note":"Road color is a three-year transport-event activity surface on current OSM major road geometry, not measured traffic volume or congestion."},"geometry":{"type":"LineString","coordinates":[[-0.3198061,51.5622013],[-0.3196943,51.5619454],[-0.3196593,51.5618457]]}},{"type":"Feature","properties":{"id":"lens-traffic-road-london-way/4946699","layer":"traffic_road","category":"transport","year":1989,"visible_year":2025,"rank":2,"name":"Dulwich Village","source_id":"way/4946699","source_url":"https://www.openstreetmap.org/way/4946699","license":"ODbL","transport_raw":0.082,"transport_count":1,"transport_activity":0.09,"representation":"major-road transport-event activity","timing_note":"Road color is a three-year transport-event activity surface on current OSM major road geometry, not measured traffic volume or congestion."},"geometry":{"type":"LineString","coordinates":[[-0.0855317,51.4479959],[-0.0855164,51.4477567],[-0.0855115,51.4476129]]}},{"type":"Feature","properties":{"id":"lens-traffic-road-london-way/650380233","layer":"traffic_road","category":"transport","year":1989,"visible_year":2023,"rank":4,"name":"East Dulwich Grove","source_id":"way/650380233","source_url":"https://www.openstreetmap.org/way/650380233","license":"ODbL","transport_raw":0.082,"transport_count":1,"transport_activity":0.09,"representation":"major-road transport-event activity","timing_note":"Road color is a three-year transport-event activity surface on current OSM major road geometry, not measured traffic volume or congestion."},"geometry":{"type":"LineString","coordinates":[[-0.0839619,51.4555395],[-0.0841048,51.4554491],[-0.0841463,51.455424],[-0.084202,51.4553903],[-0.0851438,51.4548256],[-0.085466,51.4545792],[-0.0855197,51.4545361],[-0.0856876,51.4544055],[-0.0860693,51.4540531],[-0.0861472,51.453982]]}},{"type":"Feature","properties":{"id":"lens-traffic-road-london-way/921314085","layer":"traffic_road","category":"transport","year":1989,"visible_year":2024,"rank":2,"name":"mapped road segment","source_id":"way/921314085","source_url":"https://www.openstreetmap.org/way/921314085","license":"ODbL","transport_raw":0.081,"transport_count":1,"transport_activity":0.088,"representation":"major-road transport-event activity","timing_note":"Road color is a three-year transport-event activity surface on current OSM major road geometry, not measured traffic volume or congestion."},"geometry":{"type":"LineString","coordinates":[[-0.0857451,51.4475445],[-0.0856893,51.4476101],[-0.0856719,51.4476221],[-0.0856606,51.447631]]}},{"type":"Feature","properties":{"id":"lens-traffic-road-london-way/921314086","layer":"traffic_road","category":"transport","year":1989,"visible_year":2024,"rank":2,"name":"mapped road segment","source_id":"way/921314086","source_url":"https://www.openstreetmap.org/way/921314086","license":"ODbL","transport_raw":0.079,"transport_count":1,"transport_activity":0.086,"representation":"major-road transport-event activity","timing_note":"Road color is a three-year transport-event activity surface on current OSM major road geometry, not measured traffic volume or congestion."},"geometry":{"type":"LineString","coordinates":[[-0.0857767,51.4474726],[-0.0857769,51.4474826],[-0.0857757,51.4474937],[-0.0857703,51.4475072],[-0.0857641,51.4475197],[-0.0857451,51.4475445]]}},{"type":"Feature","properties":{"id":"lens-traffic-road-london-way/921314084","layer":"traffic_road","category":"transport","year":1989,"visible_year":2021,"rank":2,"name":"mapped road segment","source_id":"way/921314084","source_url":"https://www.openstreetmap.org/way/921314084","license":"ODbL","transport_raw":0.076,"transport_count":1,"transport_activity":0.084,"representation":"major-road transport-event activity","timing_note":"Road color is a three-year transport-event activity surface on current OSM major road geometry, not measured traffic volume or congestion."},"geometry":{"type":"LineString","coordinates":[[-0.0857724,51.4474659],[-0.0857767,51.4474726]]}},{"type":"Feature","properties":{"id":"lens-traffic-road-london-way/307918858","layer":"traffic_road","category":"transport","year":1989,"visible_year":2024,"rank":2,"name":"mapped road segment","source_id":"way/307918858","source_url":"https://www.openstreetmap.org/way/307918858","license":"ODbL","transport_raw":0.075,"transport_count":1,"transport_activity":0.083,"representation":"major-road transport-event activity","timing_note":"Road color is a three-year transport-event activity surface on current OSM major road geometry, not measured traffic volume or congestion."},"geometry":{"type":"LineString","coordinates":[[-0.0856606,51.447631],[-0.0856295,51.4476377],[-0.085593,51.4476376],[-0.0855637,51.447633],[-0.0855391,51.4476255],[-0.0855115,51.4476129]]}},{"type":"Feature","properties":{"id":"lens-traffic-road-london-way/4874259","layer":"traffic_road","category":"transport","year":1989,"visible_year":2024,"rank":4,"name":"Harrow Road","source_id":"way/4874259","source_url":"https://www.openstreetmap.org/way/4874259","license":"ODbL","transport_raw":0.074,"transport_count":1,"transport_activity":0.081,"representation":"major-road transport-event activity","timing_note":"Road color is a three-year transport-event activity surface on current OSM major road geometry, not measured traffic volume or congestion."},"geometry":{"type":"LineString","coordinates":[[-0.3226846,51.5576149],[-0.3240342,51.5580502],[-0.3244923,51.5582028],[-0.3253234,51.5584735],[-0.325464,51.5585193],[-0.3255914,51.5585629],[-0.3258562,51.5586582],[-0.3259939,51.5587077],[-0.3265115,51.5589059],[-0.3265379,51.558916],[-0.3270439,51.5591111],[-0.3277343,51.5593988],[-0.3285309,51.5597898],[-0.3288166,51.55993],[-0.3291909,51.5601547],[-0.3295065,51.5603475],[-0.3297293,51.5604928],[-0.3298445,51.5605621],[-0.3303136,51.5608706],[-0.3307439,51.5611536],[-0.3309157,51.5612623],[-0.330998,51.5613157]]}},{"type":"Feature","properties":{"id":"lens-traffic-road-london-way/4977209","layer":"traffic_road","category":"transport","year":1989,"visible_year":2025,"rank":2,"name":"mapped road segment","source_id":"way/4977209","source_url":"https://www.openstreetmap.org/way/4977209","license":"ODbL","transport_raw":0.069,"transport_count":1,"transport_activity":0.076,"representation":"major-road transport-event activity","timing_note":"Road color is a three-year transport-event activity surface on current OSM major road geometry, not measured traffic volume or congestion."},"geometry":{"type":"LineString","coordinates":[[-0.0856223,51.447426],[-0.0856475,51.4474266],[-0.08567,51.4474285],[-0.0856903,51.4474322],[-0.0857076,51.4474378],[-0.0857382,51.4474478],[-0.0857592,51.447457],[-0.0857724,51.4474659]]}},{"type":"Feature","properties":{"id":"lens-traffic-road-london-way/506083739","layer":"traffic_road","category":"transport","year":1989,"visible_year":2023,"rank":4,"name":"East Lane","source_id":"way/506083739","source_url":"https://www.openstreetmap.org/way/506083739","license":"ODbL","transport_raw":0.068,"transport_count":1,"transport_activity":0.074,"representation":"major-road transport-event activity","timing_note":"Road color is a three-year transport-event activity surface on current OSM major road geometry, not measured traffic volume or congestion."},"geometry":{"type":"LineString","coordinates":[[-0.3191708,51.5619213],[-0.3195594,51.5618599],[-0.3196593,51.5618457]]}},{"type":"Feature","properties":{"id":"lens-traffic-road-london-way/506083740","layer":"traffic_road","category":"transport","year":1989,"visible_year":2023,"rank":4,"name":"Watford Road","source_id":"way/506083740","source_url":"https://www.openstreetmap.org/way/506083740","license":"ODbL","transport_raw":0.068,"transport_count":1,"transport_activity":0.074,"representation":"major-road transport-event activity","timing_note":"Road color is a three-year transport-event activity surface on current OSM major road geometry, not measured traffic volume or congestion."},"geometry":{"type":"LineString","coordinates":[[-0.3196593,51.5618457],[-0.3196541,51.5617505],[-0.3196576,51.5615836]]}},{"type":"Feature","properties":{"id":"lens-traffic-road-london-way/307918862","layer":"traffic_road","category":"transport","year":1989,"visible_year":2024,"rank":2,"name":"mapped road segment","source_id":"way/307918862","source_url":"https://www.openstreetmap.org/way/307918862","license":"ODbL","transport_raw":0.065,"transport_count":1,"transport_activity":0.071,"representation":"major-road transport-event activity","timing_note":"Road color is a three-year transport-event activity surface on current OSM major road geometry, not measured traffic volume or congestion."},"geometry":{"type":"LineString","coordinates":[[-0.0855115,51.4476129],[-0.0855026,51.4476011],[-0.0854958,51.4475887],[-0.08549,51.4475639],[-0.0854917,51.4475333],[-0.0854992,51.4474996]]}},{"type":"Feature","properties":{"id":"lens-traffic-road-london-way/26556122","layer":"traffic_road","category":"transport","year":1989,"visible_year":2023,"rank":4,"name":"Sudbury Hill","source_id":"way/26556122","source_url":"https://www.openstreetmap.org/way/26556122","license":"ODbL","transport_raw":0.062,"transport_count":1,"transport_activity":0.068,"representation":"major-road transport-event activity","timing_note":"Road color is a three-year transport-event activity surface on current OSM major road geometry, not measured traffic volume or congestion."},"geometry":{"type":"LineString","coordinates":[[-0.3377744,51.564758],[-0.3378408,51.5649442],[-0.3379089,51.5651315],[-0.3380726,51.5657156],[-0.3381044,51.5657931],[-0.3381551,51.5658593],[-0.3382631,51.5659129],[-0.3384399,51.5659535],[-0.3389406,51.5660268],[-0.3392231,51.5661063],[-0.3393948,51.566185],[-0.3395389,51.5662869],[-0.3396022,51.5663699],[-0.3396289,51.5664049],[-0.3396853,51.5665147],[-0.3397268,51.5666895]]}},{"type":"Feature","properties":{"id":"lens-traffic-road-london-way/307918859","layer":"traffic_road","category":"transport","year":1989,"visible_year":2024,"rank":2,"name":"mapped road segment","source_id":"way/307918859","source_url":"https://www.openstreetmap.org/way/307918859","license":"ODbL","transport_raw":0.06,"transport_count":1,"transport_activity":0.066,"representation":"major-road transport-event activity","timing_note":"Road color is a three-year transport-event activity surface on current OSM major road geometry, not measured traffic volume or congestion."},"geometry":{"type":"LineString","coordinates":[[-0.0855094,51.4474805],[-0.0855253,51.4474597],[-0.0855362,51.4474495],[-0.0855517,51.4474406],[-0.0855705,51.4474339],[-0.0855874,51.4474297],[-0.0856038,51.4474272],[-0.0856223,51.447426]]}},{"type":"Feature","properties":{"id":"lens-traffic-road-london-way/650353270","layer":"traffic_road","category":"transport","year":1989,"visible_year":2025,"rank":2,"name":"mapped road segment","source_id":"way/650353270","source_url":"https://www.openstreetmap.org/way/650353270","license":"ODbL","transport_raw":0.06,"transport_count":1,"transport_activity":0.066,"representation":"major-road transport-event activity","timing_note":"Road color is a three-year transport-event activity surface on current OSM major road geometry, not measured traffic volume or congestion."},"geometry":{"type":"LineString","coordinates":[[-0.0854992,51.4474996],[-0.0855094,51.4474805]]}},{"type":"Feature","properties":{"id":"lens-traffic-road-london-way/140777997","layer":"traffic_road","category":"transport","year":1989,"visible_year":2025,"rank":2,"name":"College Road","source_id":"way/140777997","source_url":"https://www.openstreetmap.org/way/140777997","license":"ODbL","transport_raw":0.053,"transport_count":1,"transport_activity":0.058,"representation":"major-road transport-event activity","timing_note":"Road color is a three-year transport-event activity surface on current OSM major road geometry, not measured traffic volume or congestion."},"geometry":{"type":"LineString","coordinates":[[-0.0855094,51.4474805],[-0.0854827,51.447445],[-0.0854557,51.4473889],[-0.0854545,51.4473677]]}},{"type":"Feature","properties":{"id":"lens-traffic-road-london-way/4954844","layer":"traffic_road","category":"transport","year":1989,"visible_year":2025,"rank":2,"name":"College Road","source_id":"way/4954844","source_url":"https://www.openstreetmap.org/way/4954844","license":"ODbL","transport_raw":0.052,"transport_count":1,"transport_activity":0.057,"representation":"major-road transport-event activity","timing_note":"Road color is a three-year transport-event activity surface on current OSM major road geometry, not measured traffic volume or congestion."},"geometry":{"type":"LineString","coordinates":[[-0.085475,51.4471982],[-0.0855135,51.4473103],[-0.0855257,51.4473329],[-0.0855501,51.4473602],[-0.0855572,51.4473691],[-0.0855788,51.4473869],[-0.0856223,51.447426]]}},{"type":"Feature","properties":{"id":"lens-traffic-road-london-way/1070695512","layer":"traffic_road","category":"transport","year":1989,"visible_year":2025,"rank":2,"name":"College Road","source_id":"way/1070695512","source_url":"https://www.openstreetmap.org/way/1070695512","license":"ODbL","transport_raw":0.041,"transport_count":1,"transport_activity":0.045,"representation":"major-road transport-event activity","timing_note":"Road color is a three-year transport-event activity surface on current OSM major road geometry, not measured traffic volume or congestion."},"geometry":{"type":"LineString","coordinates":[[-0.0854545,51.4473677],[-0.0854486,51.447271],[-0.085475,51.4471982]]}},{"type":"Feature","properties":{"id":"lens-traffic-road-london-way/236006797","layer":"traffic_road","category":"transport","year":1989,"visible_year":2023,"rank":4,"name":"Watford Road","source_id":"way/236006797","source_url":"https://www.openstreetmap.org/way/236006797","license":"ODbL","transport_raw":0.04,"transport_count":1,"transport_activity":0.043,"representation":"major-road transport-event activity","timing_note":"Road color is a three-year transport-event activity surface on current OSM major road geometry, not measured traffic volume or congestion."},"geometry":{"type":"LineString","coordinates":[[-0.3250115,51.5742411],[-0.3249318,51.5737959],[-0.3248963,51.5735868],[-0.3248754,51.5735282],[-0.3248111,51.5733223],[-0.324677,51.5731025],[-0.3245445,51.5729043],[-0.3237346,51.5718209],[-0.3233909,51.5713604]]}},{"type":"Feature","properties":{"id":"lens-traffic-road-london-way/1457654434","layer":"traffic_road","category":"transport","year":1989,"visible_year":2026,"rank":4,"name":"Norwood Road","source_id":"way/1457654434","source_url":"https://www.openstreetmap.org/way/1457654434","license":"ODbL","transport_raw":0.032,"transport_count":1,"transport_activity":0.035,"representation":"major-road transport-event activity","timing_note":"Road color is a three-year transport-event activity surface on current OSM major road geometry, not measured traffic volume or congestion."},"geometry":{"type":"LineString","coordinates":[[-0.1042986,51.4469532],[-0.1043397,51.4469245]]}},{"type":"Feature","properties":{"id":"lens-traffic-road-london-way/843838420","layer":"traffic_road","category":"transport","year":1989,"visible_year":2025,"rank":4,"name":"Norwood Road","source_id":"way/843838420","source_url":"https://www.openstreetmap.org/way/843838420","license":"ODbL","transport_raw":0.027,"transport_count":1,"transport_activity":0.029,"representation":"major-road transport-event activity","timing_note":"Road color is a three-year transport-event activity surface on current OSM major road geometry, not measured traffic volume or congestion."},"geometry":{"type":"LineString","coordinates":[[-0.1043397,51.4469245],[-0.1043828,51.4468932]]}},{"type":"Feature","properties":{"id":"lens-traffic-road-london-way/1457654430","layer":"traffic_road","category":"transport","year":1989,"visible_year":2025,"rank":4,"name":"Norwood Road","source_id":"way/1457654430","source_url":"https://www.openstreetmap.org/way/1457654430","license":"ODbL","transport_raw":0.021,"transport_count":1,"transport_activity":0.023,"representation":"major-road transport-event activity","timing_note":"Road color is a three-year transport-event activity surface on current OSM major road geometry, not measured traffic volume or congestion."},"geometry":{"type":"LineString","coordinates":[[-0.1043828,51.4468932],[-0.1044379,51.4468533]]}},{"type":"Feature","properties":{"id":"lens-traffic-road-london-way/4848195","layer":"traffic_road","category":"transport","year":1989,"visible_year":2023,"rank":4,"name":"London Road","source_id":"way/4848195","source_url":"https://www.openstreetmap.org/way/4848195","license":"ODbL","transport_raw":0.017,"transport_count":1,"transport_activity":0.018,"representation":"major-road transport-event activity","timing_note":"Road color is a three-year transport-event activity surface on current OSM major road geometry, not measured traffic volume or congestion."},"geometry":{"type":"LineString","coordinates":[[-0.3397268,51.5666895],[-0.3397366,51.5667763],[-0.3397337,51.5668515],[-0.339727,51.5669469],[-0.3396695,51.5671416],[-0.3395742,51.567412],[-0.3395442,51.5675341],[-0.3395209,51.5676287],[-0.3395107,51.567712],[-0.3395111,51.5677395]]}},{"type":"Feature","properties":{"id":"lens-traffic-road-london-way/1457654431","layer":"traffic_road","category":"transport","year":1989,"visible_year":2025,"rank":4,"name":"Norwood Road","source_id":"way/1457654431","source_url":"https://www.openstreetmap.org/way/1457654431","license":"ODbL","transport_raw":0.013,"transport_count":1,"transport_activity":0.014,"representation":"major-road transport-event activity","timing_note":"Road color is a three-year transport-event activity surface on current OSM major road geometry, not measured traffic volume or congestion."},"geometry":{"type":"LineString","coordinates":[[-0.1044379,51.4468533],[-0.1044552,51.4468407],[-0.1044994,51.4468106],[-0.1045146,51.4468003]]}},{"type":"Feature","properties":{"id":"lens-traffic-road-london-way/140778001","layer":"traffic_road","category":"transport","year":1989,"visible_year":2025,"rank":2,"name":"College Road","source_id":"way/140778001","source_url":"https://www.openstreetmap.org/way/140778001","license":"ODbL","transport_raw":0.012,"transport_count":1,"transport_activity":0.013,"representation":"major-road transport-event activity","timing_note":"Road color is a three-year transport-event activity surface on current OSM major road geometry, not measured traffic volume or congestion."},"geometry":{"type":"LineString","coordinates":[[-0.085475,51.4471982],[-0.0854726,51.4471252],[-0.0854722,51.4467582],[-0.0854651,51.4464769]]}},{"type":"Feature","properties":{"id":"lens-traffic-road-london-way/745900016","layer":"traffic_road","category":"transport","year":1989,"visible_year":2024,"rank":4,"name":"Greenford Road","source_id":"way/745900016","source_url":"https://www.openstreetmap.org/way/745900016","license":"ODbL","transport_raw":0.012,"transport_count":1,"transport_activity":0.013,"representation":"major-road transport-event activity","timing_note":"Road color is a three-year transport-event activity surface on current OSM major road geometry, not measured traffic volume or congestion."},"geometry":{"type":"LineString","coordinates":[[-0.3330527,51.5608702],[-0.333643,51.5603257],[-0.3340126,51.5599896],[-0.3340896,51.5599223],[-0.3342053,51.5598204],[-0.3343565,51.5596872],[-0.3345866,51.5594845],[-0.334907,51.5592024],[-0.3349486,51.5591588]]}},{"type":"Feature","properties":{"id":"lens-traffic-road-london-way/413980742","layer":"traffic_road","category":"transport","year":1989,"visible_year":2023,"rank":4,"name":"London Road","source_id":"way/413980742","source_url":"https://www.openstreetmap.org/way/413980742","license":"ODbL","transport_raw":0.009,"transport_count":1,"transport_activity":0.01,"representation":"major-road transport-event activity","timing_note":"Road color is a three-year transport-event activity surface on current OSM major road geometry, not measured traffic volume or congestion."},"geometry":{"type":"LineString","coordinates":[[-0.3395111,51.5677395],[-0.3395116,51.56778],[-0.3395341,51.5679039],[-0.3395759,51.5679858],[-0.339651,51.5680673],[-0.3397381,51.5681232]]}},{"type":"Feature","properties":{"id":"lens-traffic-road-london-way/5045525","layer":"traffic_road","category":"transport","year":1989,"visible_year":2025,"rank":4,"name":"Dulwich Road","source_id":"way/5045525","source_url":"https://www.openstreetmap.org/way/5045525","license":"ODbL","transport_raw":0.008,"transport_count":1,"transport_activity":0.009,"representation":"major-road transport-event activity","timing_note":"Road color is a three-year transport-event activity surface on current OSM major road geometry, not measured traffic volume or congestion."},"geometry":{"type":"LineString","coordinates":[[-0.1082473,51.4543024],[-0.1080523,51.4542273],[-0.10773,51.4540923],[-0.1073577,51.4539455],[-0.1073337,51.4539375],[-0.1067781,51.453751],[-0.10644,51.4536414],[-0.106322,51.4536029],[-0.1060488,51.4535165],[-0.1055103,51.4533517],[-0.1054096,51.4533198],[-0.104806,51.4531182]]}},{"type":"Feature","properties":{"id":"lens-traffic-road-london-way/850069076","layer":"traffic_road","category":"transport","year":1989,"visible_year":2025,"rank":4,"name":"Norwood Road","source_id":"way/850069076","source_url":"https://www.openstreetmap.org/way/850069076","license":"ODbL","transport_raw":0.001,"transport_count":1,"transport_activity":0.001,"representation":"major-road transport-event activity","timing_note":"Road color is a three-year transport-event activity surface on current OSM major road geometry, not measured traffic volume or congestion."},"geometry":{"type":"LineString","coordinates":[[-0.1045146,51.4468003],[-0.1045359,51.4467857],[-0.1045894,51.446747],[-0.1046404,51.4466973]]}}]}
