{"type":"FeatureCollection","name":"london_transport_roads_1974","metadata":{"schema_version":"1.0.0","city_id":"london","year":1974,"road_source":"data/raw/overpass/london_major_roads_osm_2026.geojson","method":"Road features are colored from nearby source-backed transport records in a rolling three-year window.","caveat":"Transport road colors are activity hotspots, not measured traffic counts or live congestion.","suppressed":false,"suppression_reason":null},"features":[{"type":"Feature","properties":{"id":"lens-traffic-road-london-way/1074151198","layer":"traffic_road","category":"transport","year":1974,"visible_year":2025,"rank":4,"name":"Harrow Road","source_id":"way/1074151198","source_url":"https://www.openstreetmap.org/way/1074151198","license":"ODbL","transport_raw":1.783,"transport_count":2,"transport_activity":1,"representation":"major-road transport-event activity","timing_note":"Road color is a three-year transport-event activity surface on current OSM major road geometry, not measured traffic volume or congestion."},"geometry":{"type":"LineString","coordinates":[[-0.3056164,51.5519462],[-0.3057886,51.5519395],[-0.3059851,51.5519074]]}},{"type":"Feature","properties":{"id":"lens-traffic-road-london-way/680899551","layer":"traffic_road","category":"transport","year":1974,"visible_year":2022,"rank":4,"name":"Harrow Road","source_id":"way/680899551","source_url":"https://www.openstreetmap.org/way/680899551","license":"ODbL","transport_raw":1.739,"transport_count":2,"transport_activity":0.975,"representation":"major-road transport-event activity","timing_note":"Road color is a three-year transport-event activity surface on current OSM major road geometry, not measured traffic volume or congestion."},"geometry":{"type":"LineString","coordinates":[[-0.3059851,51.5519074],[-0.3061061,51.5518839],[-0.3062071,51.5518582],[-0.3064404,51.5517968]]}},{"type":"Feature","properties":{"id":"lens-traffic-road-london-way/27813250","layer":"traffic_road","category":"transport","year":1974,"visible_year":2024,"rank":4,"name":"Harrow Road","source_id":"way/27813250","source_url":"https://www.openstreetmap.org/way/27813250","license":"ODbL","transport_raw":1.736,"transport_count":2,"transport_activity":0.974,"representation":"major-road transport-event activity","timing_note":"Road color is a three-year transport-event activity surface on current OSM major road geometry, not measured traffic volume or congestion."},"geometry":{"type":"LineString","coordinates":[[-0.3016589,51.5522907],[-0.3019801,51.5523084],[-0.3025551,51.5522396],[-0.3027806,51.5522069],[-0.3029421,51.5521835],[-0.3035758,51.5520818],[-0.3038353,51.5520402],[-0.3039958,51.5520145],[-0.3041439,51.5519907],[-0.3042914,51.551967],[-0.3044039,51.551949],[-0.3044401,51.5519432],[-0.3045216,51.5519356],[-0.3046806,51.5519284],[-0.304938,51.5519243],[-0.3050596,51.5519243],[-0.3054339,51.5519392],[-0.3056164,51.5519462]]}},{"type":"Feature","properties":{"id":"lens-traffic-road-london-way/1074151199","layer":"traffic_road","category":"transport","year":1974,"visible_year":2022,"rank":4,"name":"Harrow Road","source_id":"way/1074151199","source_url":"https://www.openstreetmap.org/way/1074151199","license":"ODbL","transport_raw":1.679,"transport_count":2,"transport_activity":0.941,"representation":"major-road transport-event activity","timing_note":"Road color is a three-year transport-event activity surface on current OSM major road geometry, not measured traffic volume or congestion."},"geometry":{"type":"LineString","coordinates":[[-0.3064404,51.5517968],[-0.3067194,51.5517234],[-0.3067986,51.5517081]]}},{"type":"Feature","properties":{"id":"lens-traffic-road-london-way/1074151200","layer":"traffic_road","category":"transport","year":1974,"visible_year":2022,"rank":4,"name":"Harrow Road","source_id":"way/1074151200","source_url":"https://www.openstreetmap.org/way/1074151200","license":"ODbL","transport_raw":1.629,"transport_count":2,"transport_activity":0.913,"representation":"major-road transport-event activity","timing_note":"Road color is a three-year transport-event activity surface on current OSM major road geometry, not measured traffic volume or congestion."},"geometry":{"type":"LineString","coordinates":[[-0.3067986,51.5517081],[-0.3070145,51.5516664],[-0.3071888,51.5516447]]}},{"type":"Feature","properties":{"id":"lens-traffic-road-london-way/680901916","layer":"traffic_road","category":"transport","year":1974,"visible_year":2023,"rank":4,"name":"Harrow Road","source_id":"way/680901916","source_url":"https://www.openstreetmap.org/way/680901916","license":"ODbL","transport_raw":1.311,"transport_count":2,"transport_activity":0.736,"representation":"major-road transport-event activity","timing_note":"Road color is a three-year transport-event activity surface on current OSM major road geometry, not measured traffic volume or congestion."},"geometry":{"type":"LineString","coordinates":[[-0.3071888,51.5516447],[-0.3073347,51.5516254],[-0.3073949,51.5516196],[-0.3077209,51.551588],[-0.3080417,51.551569],[-0.3085487,51.5515476],[-0.3088224,51.5515761],[-0.3090344,51.5516202],[-0.3097868,51.5517798],[-0.3099229,51.5517996],[-0.3107787,51.5519241],[-0.311102,51.5519813],[-0.3112697,51.5520176]]}},{"type":"Feature","properties":{"id":"lens-traffic-road-london-way/50219061","layer":"traffic_road","category":"transport","year":1974,"visible_year":2023,"rank":4,"name":"High Road","source_id":"way/50219061","source_url":"https://www.openstreetmap.org/way/50219061","license":"ODbL","transport_raw":1.277,"transport_count":2,"transport_activity":0.716,"representation":"major-road transport-event activity","timing_note":"Road color is a three-year transport-event activity surface on current OSM major road geometry, not measured traffic volume or congestion."},"geometry":{"type":"LineString","coordinates":[[-0.2994938,51.5520404],[-0.3002285,51.5521179],[-0.3002807,51.5521244],[-0.3007602,51.5521905],[-0.3009902,51.5522236],[-0.3013341,51.5522581],[-0.3016589,51.5522907]]}},{"type":"Feature","properties":{"id":"lens-traffic-road-london-way/1159663399","layer":"traffic_road","category":"transport","year":1974,"visible_year":2023,"rank":4,"name":"High Road","source_id":"way/1159663399","source_url":"https://www.openstreetmap.org/way/1159663399","license":"ODbL","transport_raw":1.067,"transport_count":2,"transport_activity":0.598,"representation":"major-road transport-event activity","timing_note":"Road color is a three-year transport-event activity surface on current OSM major road geometry, not measured traffic volume or congestion."},"geometry":{"type":"LineString","coordinates":[[-0.2990463,51.5520199],[-0.2991912,51.5520243],[-0.2992159,51.5520251],[-0.2992797,51.5520273],[-0.2994091,51.5520318],[-0.2994938,51.5520404]]}},{"type":"Feature","properties":{"id":"lens-traffic-road-london-way/1159553496","layer":"traffic_road","category":"transport","year":1974,"visible_year":2023,"rank":4,"name":"Ealing Road","source_id":"way/1159553496","source_url":"https://www.openstreetmap.org/way/1159553496","license":"ODbL","transport_raw":1.031,"transport_count":2,"transport_activity":0.578,"representation":"major-road transport-event activity","timing_note":"Road color is a three-year transport-event activity surface on current OSM major road geometry, not measured traffic volume or congestion."},"geometry":{"type":"LineString","coordinates":[[-0.2990047,51.5518688],[-0.2990099,51.5518896],[-0.2990179,51.5519219],[-0.2990463,51.5520199]]}},{"type":"Feature","properties":{"id":"lens-traffic-road-london-way/52624642","layer":"traffic_road","category":"transport","year":1974,"visible_year":2023,"rank":4,"name":"Ealing Road","source_id":"way/52624642","source_url":"https://www.openstreetmap.org/way/52624642","license":"ODbL","transport_raw":1.025,"transport_count":2,"transport_activity":0.575,"representation":"major-road transport-event activity","timing_note":"Road color is a three-year transport-event activity surface on current OSM major road geometry, not measured traffic volume or congestion."},"geometry":{"type":"LineString","coordinates":[[-0.2987591,51.5512583],[-0.2988666,51.5515067],[-0.2989791,51.551793],[-0.2989871,51.5518133],[-0.2990012,51.5518545],[-0.2990047,51.5518688]]}},{"type":"Feature","properties":{"id":"lens-traffic-road-london-way/1425184608","layer":"traffic_road","category":"transport","year":1974,"visible_year":2026,"rank":3,"name":"Carlton Vale","source_id":"way/1425184608","source_url":"https://www.openstreetmap.org/way/1425184608","license":"ODbL","transport_raw":1,"transport_count":4,"transport_activity":0.561,"representation":"major-road transport-event activity","timing_note":"Road color is a three-year transport-event activity surface on current OSM major road geometry, not measured traffic volume or congestion."},"geometry":{"type":"LineString","coordinates":[[-0.1975167,51.532364],[-0.1964577,51.5323003]]}},{"type":"Feature","properties":{"id":"lens-traffic-road-london-way/1357837321","layer":"traffic_road","category":"transport","year":1974,"visible_year":2025,"rank":3,"name":"Kilburn Park Road","source_id":"way/1357837321","source_url":"https://www.openstreetmap.org/way/1357837321","license":"ODbL","transport_raw":0.998,"transport_count":4,"transport_activity":0.56,"representation":"major-road transport-event activity","timing_note":"Road color is a three-year transport-event activity surface on current OSM major road geometry, not measured traffic volume or congestion."},"geometry":{"type":"LineString","coordinates":[[-0.1937838,51.5310296],[-0.1939351,51.5308553],[-0.1943873,51.5302983],[-0.194446,51.5302328],[-0.1946241,51.5300339],[-0.1947982,51.5298428]]}},{"type":"Feature","properties":{"id":"lens-traffic-road-london-way/837802284","layer":"traffic_road","category":"transport","year":1974,"visible_year":2026,"rank":3,"name":"Carlton Vale","source_id":"way/837802284","source_url":"https://www.openstreetmap.org/way/837802284","license":"ODbL","transport_raw":0.991,"transport_count":4,"transport_activity":0.556,"representation":"major-road transport-event activity","timing_note":"Road color is a three-year transport-event activity surface on current OSM major road geometry, not measured traffic volume or congestion."},"geometry":{"type":"LineString","coordinates":[[-0.1989843,51.5324575],[-0.1982853,51.532412],[-0.1975822,51.5323674],[-0.1975167,51.532364]]}},{"type":"Feature","properties":{"id":"lens-traffic-road-london-way/1425184609","layer":"traffic_road","category":"transport","year":1974,"visible_year":2025,"rank":3,"name":"Carlton Vale","source_id":"way/1425184609","source_url":"https://www.openstreetmap.org/way/1425184609","license":"ODbL","transport_raw":0.981,"transport_count":4,"transport_activity":0.55,"representation":"major-road transport-event activity","timing_note":"Road color is a three-year transport-event activity surface on current OSM major road geometry, not measured traffic volume or congestion."},"geometry":{"type":"LineString","coordinates":[[-0.1964577,51.5323003],[-0.1959223,51.5322747]]}},{"type":"Feature","properties":{"id":"lens-traffic-road-london-way/52624643","layer":"traffic_road","category":"transport","year":1974,"visible_year":2021,"rank":4,"name":"Ealing Road","source_id":"way/52624643","source_url":"https://www.openstreetmap.org/way/52624643","license":"ODbL","transport_raw":0.974,"transport_count":2,"transport_activity":0.546,"representation":"major-road transport-event activity","timing_note":"Road color is a three-year transport-event activity surface on current OSM major road geometry, not measured traffic volume or congestion."},"geometry":{"type":"LineString","coordinates":[[-0.2984655,51.550613],[-0.2986338,51.5509907],[-0.2987591,51.5512583]]}},{"type":"Feature","properties":{"id":"lens-traffic-road-london-way/837802282","layer":"traffic_road","category":"transport","year":1974,"visible_year":2025,"rank":3,"name":"Carlton Vale","source_id":"way/837802282","source_url":"https://www.openstreetmap.org/way/837802282","license":"ODbL","transport_raw":0.968,"transport_count":4,"transport_activity":0.543,"representation":"major-road transport-event activity","timing_note":"Road color is a three-year transport-event activity surface on current OSM major road geometry, not measured traffic volume or congestion."},"geometry":{"type":"LineString","coordinates":[[-0.1959223,51.5322747],[-0.1958322,51.5322687]]}},{"type":"Feature","properties":{"id":"lens-traffic-road-london-way/1425184611","layer":"traffic_road","category":"transport","year":1974,"visible_year":2025,"rank":3,"name":"Carlton Vale","source_id":"way/1425184611","source_url":"https://www.openstreetmap.org/way/1425184611","license":"ODbL","transport_raw":0.964,"transport_count":4,"transport_activity":0.541,"representation":"major-road transport-event activity","timing_note":"Road color is a three-year transport-event activity surface on current OSM major road geometry, not measured traffic volume or congestion."},"geometry":{"type":"LineString","coordinates":[[-0.1958322,51.5322687],[-0.1957916,51.5322667],[-0.1957392,51.5322641]]}},{"type":"Feature","properties":{"id":"lens-traffic-road-london-way/4276507","layer":"traffic_road","category":"transport","year":1974,"visible_year":2025,"rank":3,"name":"Kilburn Park Road","source_id":"way/4276507","source_url":"https://www.openstreetmap.org/way/4276507","license":"ODbL","transport_raw":0.961,"transport_count":4,"transport_activity":0.539,"representation":"major-road transport-event activity","timing_note":"Road color is a three-year transport-event activity surface on current OSM major road geometry, not measured traffic volume or congestion."},"geometry":{"type":"LineString","coordinates":[[-0.1947982,51.5298428],[-0.1950787,51.5295037],[-0.1958387,51.5285655],[-0.1960994,51.5282155],[-0.1962366,51.528061],[-0.1962915,51.5279766],[-0.1963756,51.5278472],[-0.1964112,51.5278006],[-0.1965033,51.5276586],[-0.1965443,51.5275879]]}},{"type":"Feature","properties":{"id":"lens-traffic-road-london-way/1425184610","layer":"traffic_road","category":"transport","year":1974,"visible_year":2025,"rank":3,"name":"Carlton Vale","source_id":"way/1425184610","source_url":"https://www.openstreetmap.org/way/1425184610","license":"ODbL","transport_raw":0.956,"transport_count":4,"transport_activity":0.536,"representation":"major-road transport-event activity","timing_note":"Road color is a three-year transport-event activity surface on current OSM major road geometry, not measured traffic volume or congestion."},"geometry":{"type":"LineString","coordinates":[[-0.1957392,51.5322641],[-0.1955346,51.5322549]]}},{"type":"Feature","properties":{"id":"lens-traffic-road-london-way/1425184601","layer":"traffic_road","category":"transport","year":1974,"visible_year":2025,"rank":3,"name":"Carlton Vale","source_id":"way/1425184601","source_url":"https://www.openstreetmap.org/way/1425184601","license":"ODbL","transport_raw":0.949,"transport_count":4,"transport_activity":0.533,"representation":"major-road transport-event activity","timing_note":"Road color is a three-year transport-event activity surface on current OSM major road geometry, not measured traffic volume or congestion."},"geometry":{"type":"LineString","coordinates":[[-0.1955346,51.5322549],[-0.1954839,51.5322514]]}},{"type":"Feature","properties":{"id":"lens-traffic-road-london-way/1425184621","layer":"traffic_road","category":"transport","year":1974,"visible_year":2025,"rank":3,"name":"Carlton Vale","source_id":"way/1425184621","source_url":"https://www.openstreetmap.org/way/1425184621","license":"ODbL","transport_raw":0.949,"transport_count":4,"transport_activity":0.533,"representation":"major-road transport-event activity","timing_note":"Road color is a three-year transport-event activity surface on current OSM major road geometry, not measured traffic volume or congestion."},"geometry":{"type":"LineString","coordinates":[[-0.1991808,51.5324688],[-0.1991055,51.5324644],[-0.199022,51.5324595],[-0.1989843,51.5324575]]}},{"type":"Feature","properties":{"id":"lens-traffic-road-london-way/837802283","layer":"traffic_road","category":"transport","year":1974,"visible_year":2025,"rank":3,"name":"Carlton Vale","source_id":"way/837802283","source_url":"https://www.openstreetmap.org/way/837802283","license":"ODbL","transport_raw":0.933,"transport_count":4,"transport_activity":0.524,"representation":"major-road transport-event activity","timing_note":"Road color is a three-year transport-event activity surface on current OSM major road geometry, not measured traffic volume or congestion."},"geometry":{"type":"LineString","coordinates":[[-0.1995147,51.5324937],[-0.1991808,51.5324688]]}},{"type":"Feature","properties":{"id":"lens-traffic-road-london-way/837802281","layer":"traffic_road","category":"transport","year":1974,"visible_year":2025,"rank":3,"name":"Carlton Vale","source_id":"way/837802281","source_url":"https://www.openstreetmap.org/way/837802281","license":"ODbL","transport_raw":0.931,"transport_count":4,"transport_activity":0.522,"representation":"major-road transport-event activity","timing_note":"Road color is a three-year transport-event activity surface on current OSM major road geometry, not measured traffic volume or congestion."},"geometry":{"type":"LineString","coordinates":[[-0.1954839,51.5322514],[-0.1948974,51.5322153]]}},{"type":"Feature","properties":{"id":"lens-traffic-road-london-way/1150578751","layer":"traffic_road","category":"transport","year":1974,"visible_year":2023,"rank":2,"name":"Shirland Road","source_id":"way/1150578751","source_url":"https://www.openstreetmap.org/way/1150578751","license":"ODbL","transport_raw":0.923,"transport_count":4,"transport_activity":0.517,"representation":"major-road transport-event activity","timing_note":"Road color is a three-year transport-event activity surface on current OSM major road geometry, not measured traffic volume or congestion."},"geometry":{"type":"LineString","coordinates":[[-0.1981161,51.527905],[-0.1978499,51.5278546]]}},{"type":"Feature","properties":{"id":"lens-traffic-road-london-way/1425184619","layer":"traffic_road","category":"transport","year":1974,"visible_year":2025,"rank":3,"name":"Carlton Vale","source_id":"way/1425184619","source_url":"https://www.openstreetmap.org/way/1425184619","license":"ODbL","transport_raw":0.92,"transport_count":4,"transport_activity":0.516,"representation":"major-road transport-event activity","timing_note":"Road color is a three-year transport-event activity surface on current OSM major road geometry, not measured traffic volume or congestion."},"geometry":{"type":"LineString","coordinates":[[-0.1995945,51.5324979],[-0.1995645,51.5324963],[-0.1995147,51.5324937]]}},{"type":"Feature","properties":{"id":"lens-traffic-road-london-way/1150578752","layer":"traffic_road","category":"transport","year":1974,"visible_year":2023,"rank":2,"name":"Shirland Road","source_id":"way/1150578752","source_url":"https://www.openstreetmap.org/way/1150578752","license":"ODbL","transport_raw":0.918,"transport_count":4,"transport_activity":0.515,"representation":"major-road transport-event activity","timing_note":"Road color is a three-year transport-event activity surface on current OSM major road geometry, not measured traffic volume or congestion."},"geometry":{"type":"LineString","coordinates":[[-0.1978499,51.5278546],[-0.197727,51.5278301]]}},{"type":"Feature","properties":{"id":"lens-traffic-road-london-way/1425184620","layer":"traffic_road","category":"transport","year":1974,"visible_year":2025,"rank":3,"name":"Carlton Vale","source_id":"way/1425184620","source_url":"https://www.openstreetmap.org/way/1425184620","license":"ODbL","transport_raw":0.915,"transport_count":4,"transport_activity":0.513,"representation":"major-road transport-event activity","timing_note":"Road color is a three-year transport-event activity surface on current OSM major road geometry, not measured traffic volume or congestion."},"geometry":{"type":"LineString","coordinates":[[-0.1996838,51.5325026],[-0.1995945,51.5324979]]}},{"type":"Feature","properties":{"id":"lens-traffic-road-london-way/4044976","layer":"traffic_road","category":"transport","year":1974,"visible_year":2025,"rank":2,"name":"Shirland Road","source_id":"way/4044976","source_url":"https://www.openstreetmap.org/way/4044976","license":"ODbL","transport_raw":0.915,"transport_count":4,"transport_activity":0.513,"representation":"major-road transport-event activity","timing_note":"Road color is a three-year transport-event activity surface on current OSM major road geometry, not measured traffic volume or congestion."},"geometry":{"type":"LineString","coordinates":[[-0.201376,51.5285435],[-0.2012006,51.5285089],[-0.1983078,51.5279386],[-0.1981161,51.527905]]}},{"type":"Feature","properties":{"id":"lens-traffic-road-london-way/10581725","layer":"traffic_road","category":"transport","year":1974,"visible_year":2025,"rank":2,"name":"Shirland Road","source_id":"way/10581725","source_url":"https://www.openstreetmap.org/way/10581725","license":"ODbL","transport_raw":0.909,"transport_count":4,"transport_activity":0.51,"representation":"major-road transport-event activity","timing_note":"Road color is a three-year transport-event activity surface on current OSM major road geometry, not measured traffic volume or congestion."},"geometry":{"type":"LineString","coordinates":[[-0.197727,51.5278301],[-0.1976851,51.5278217],[-0.1976172,51.5278096],[-0.1974767,51.5277833],[-0.1974024,51.5277696],[-0.1971951,51.5277257]]}},{"type":"Feature","properties":{"id":"lens-traffic-road-london-way/1357837320","layer":"traffic_road","category":"transport","year":1974,"visible_year":2025,"rank":3,"name":"Kilburn Park Road","source_id":"way/1357837320","source_url":"https://www.openstreetmap.org/way/1357837320","license":"ODbL","transport_raw":0.901,"transport_count":4,"transport_activity":0.505,"representation":"major-road transport-event activity","timing_note":"Road color is a three-year transport-event activity surface on current OSM major road geometry, not measured traffic volume or congestion."},"geometry":{"type":"LineString","coordinates":[[-0.1935589,51.5313112],[-0.1937838,51.5310296]]}},{"type":"Feature","properties":{"id":"lens-traffic-road-london-way/1425184602","layer":"traffic_road","category":"transport","year":1974,"visible_year":2025,"rank":3,"name":"Carlton Vale","source_id":"way/1425184602","source_url":"https://www.openstreetmap.org/way/1425184602","license":"ODbL","transport_raw":0.893,"transport_count":4,"transport_activity":0.501,"representation":"major-road transport-event activity","timing_note":"Road color is a three-year transport-event activity surface on current OSM major road geometry, not measured traffic volume or congestion."},"geometry":{"type":"LineString","coordinates":[[-0.1948974,51.5322153],[-0.194315,51.5321859]]}},{"type":"Feature","properties":{"id":"lens-traffic-road-london-way/232890699","layer":"traffic_road","category":"transport","year":1974,"visible_year":2021,"rank":4,"name":"Ealing Road","source_id":"way/232890699","source_url":"https://www.openstreetmap.org/way/232890699","license":"ODbL","transport_raw":0.89,"transport_count":2,"transport_activity":0.499,"representation":"major-road transport-event activity","timing_note":"Road color is a three-year transport-event activity surface on current OSM major road geometry, not measured traffic volume or congestion."},"geometry":{"type":"LineString","coordinates":[[-0.2981337,51.5499997],[-0.298251,51.5502064],[-0.2984655,51.550613]]}},{"type":"Feature","properties":{"id":"lens-traffic-road-london-way/42225428","layer":"traffic_road","category":"transport","year":1974,"visible_year":2023,"rank":3,"name":"Shirland Road","source_id":"way/42225428","source_url":"https://www.openstreetmap.org/way/42225428","license":"ODbL","transport_raw":0.882,"transport_count":4,"transport_activity":0.495,"representation":"major-road transport-event activity","timing_note":"Road color is a three-year transport-event activity surface on current OSM major road geometry, not measured traffic volume or congestion."},"geometry":{"type":"LineString","coordinates":[[-0.1971951,51.5277257],[-0.1970271,51.5276934],[-0.1969803,51.527684],[-0.1969039,51.5276688],[-0.1968231,51.5276495],[-0.1965443,51.5275879]]}},{"type":"Feature","properties":{"id":"lens-traffic-road-london-way/35543800","layer":"traffic_road","category":"transport","year":1974,"visible_year":2024,"rank":3,"name":"Chippenham Road","source_id":"way/35543800","source_url":"https://www.openstreetmap.org/way/35543800","license":"ODbL","transport_raw":0.874,"transport_count":4,"transport_activity":0.49,"representation":"major-road transport-event activity","timing_note":"Road color is a three-year transport-event activity surface on current OSM major road geometry, not measured traffic volume or congestion."},"geometry":{"type":"LineString","coordinates":[[-0.1971951,51.5277257],[-0.1972113,51.5276561],[-0.1972172,51.5276122],[-0.1972351,51.5274157]]}},{"type":"Feature","properties":{"id":"lens-traffic-road-london-way/837802285","layer":"traffic_road","category":"transport","year":1974,"visible_year":2026,"rank":3,"name":"Carlton Vale","source_id":"way/837802285","source_url":"https://www.openstreetmap.org/way/837802285","license":"ODbL","transport_raw":0.871,"transport_count":4,"transport_activity":0.488,"representation":"major-road transport-event activity","timing_note":"Road color is a three-year transport-event activity surface on current OSM major road geometry, not measured traffic volume or congestion."},"geometry":{"type":"LineString","coordinates":[[-0.2008506,51.5325652],[-0.1996838,51.5325026]]}},{"type":"Feature","properties":{"id":"lens-traffic-road-london-way/1425184604","layer":"traffic_road","category":"transport","year":1974,"visible_year":2026,"rank":3,"name":"Carlton Vale","source_id":"way/1425184604","source_url":"https://www.openstreetmap.org/way/1425184604","license":"ODbL","transport_raw":0.863,"transport_count":4,"transport_activity":0.484,"representation":"major-road transport-event activity","timing_note":"Road color is a three-year transport-event activity surface on current OSM major road geometry, not measured traffic volume or congestion."},"geometry":{"type":"LineString","coordinates":[[-0.194315,51.5321859],[-0.1942124,51.5321808],[-0.1941187,51.5321761]]}},{"type":"Feature","properties":{"id":"lens-traffic-road-london-way/52624641","layer":"traffic_road","category":"transport","year":1974,"visible_year":2026,"rank":4,"name":"Harrow Road","source_id":"way/52624641","source_url":"https://www.openstreetmap.org/way/52624641","license":"ODbL","transport_raw":0.861,"transport_count":2,"transport_activity":0.483,"representation":"major-road transport-event activity","timing_note":"Road color is a three-year transport-event activity surface on current OSM major road geometry, not measured traffic volume or congestion."},"geometry":{"type":"LineString","coordinates":[[-0.3112697,51.5520176],[-0.3115803,51.5520936],[-0.3119337,51.5522014],[-0.3120566,51.5522418]]}},{"type":"Feature","properties":{"id":"lens-traffic-road-london-way/57150291","layer":"traffic_road","category":"transport","year":1974,"visible_year":2025,"rank":3,"name":"Carlton Vale","source_id":"way/57150291","source_url":"https://www.openstreetmap.org/way/57150291","license":"ODbL","transport_raw":0.841,"transport_count":4,"transport_activity":0.472,"representation":"major-road transport-event activity","timing_note":"Road color is a three-year transport-event activity surface on current OSM major road geometry, not measured traffic volume or congestion."},"geometry":{"type":"LineString","coordinates":[[-0.1941187,51.5321761],[-0.1939259,51.5321664],[-0.1937473,51.5321548]]}},{"type":"Feature","properties":{"id":"lens-traffic-road-london-way/517728224","layer":"traffic_road","category":"transport","year":1974,"visible_year":2020,"rank":3,"name":"Chippenham Road","source_id":"way/517728224","source_url":"https://www.openstreetmap.org/way/517728224","license":"ODbL","transport_raw":0.832,"transport_count":4,"transport_activity":0.467,"representation":"major-road transport-event activity","timing_note":"Road color is a three-year transport-event activity surface on current OSM major road geometry, not measured traffic volume or congestion."},"geometry":{"type":"LineString","coordinates":[[-0.1972351,51.5274157],[-0.1972433,51.5273125]]}},{"type":"Feature","properties":{"id":"lens-traffic-road-london-way/52186840","layer":"traffic_road","category":"transport","year":1974,"visible_year":2025,"rank":2,"name":"Fernhead Road","source_id":"way/52186840","source_url":"https://www.openstreetmap.org/way/52186840","license":"ODbL","transport_raw":0.833,"transport_count":4,"transport_activity":0.467,"representation":"major-road transport-event activity","timing_note":"Road color is a three-year transport-event activity surface on current OSM major road geometry, not measured traffic volume or congestion."},"geometry":{"type":"LineString","coordinates":[[-0.201376,51.5285435],[-0.2014257,51.5286863],[-0.2015327,51.5291461],[-0.2016987,51.5297343],[-0.2018185,51.5300923],[-0.2020094,51.5306348],[-0.2020751,51.5307952],[-0.2022933,51.5312303],[-0.2025558,51.5316942],[-0.2027205,51.5320645],[-0.2027401,51.5321085],[-0.2027459,51.532123],[-0.2027736,51.5321916],[-0.2028569,51.5323978],[-0.2029786,51.5326775]]}},{"type":"Feature","properties":{"id":"lens-traffic-road-london-way/1425184615","layer":"traffic_road","category":"transport","year":1974,"visible_year":2025,"rank":3,"name":"Carlton Vale","source_id":"way/1425184615","source_url":"https://www.openstreetmap.org/way/1425184615","license":"ODbL","transport_raw":0.822,"transport_count":4,"transport_activity":0.461,"representation":"major-road transport-event activity","timing_note":"Road color is a three-year transport-event activity surface on current OSM major road geometry, not measured traffic volume or congestion."},"geometry":{"type":"LineString","coordinates":[[-0.2009252,51.5325682],[-0.2008506,51.5325652]]}},{"type":"Feature","properties":{"id":"lens-traffic-road-london-way/1425184612","layer":"traffic_road","category":"transport","year":1974,"visible_year":2025,"rank":3,"name":"Carlton Vale","source_id":"way/1425184612","source_url":"https://www.openstreetmap.org/way/1425184612","license":"ODbL","transport_raw":0.814,"transport_count":4,"transport_activity":0.456,"representation":"major-road transport-event activity","timing_note":"Road color is a three-year transport-event activity surface on current OSM major road geometry, not measured traffic volume or congestion."},"geometry":{"type":"LineString","coordinates":[[-0.2010559,51.5325741],[-0.2009252,51.5325682]]}},{"type":"Feature","properties":{"id":"lens-traffic-road-london-way/1117343315","layer":"traffic_road","category":"transport","year":1974,"visible_year":2022,"rank":3,"name":"Kilburn Park Road","source_id":"way/1117343315","source_url":"https://www.openstreetmap.org/way/1117343315","license":"ODbL","transport_raw":0.809,"transport_count":4,"transport_activity":0.454,"representation":"major-road transport-event activity","timing_note":"Road color is a three-year transport-event activity surface on current OSM major road geometry, not measured traffic volume or congestion."},"geometry":{"type":"LineString","coordinates":[[-0.1929088,51.5321222],[-0.193024,51.531968],[-0.1930616,51.5319243],[-0.1930891,51.5318891],[-0.1934422,51.5314573],[-0.1935589,51.5313112]]}},{"type":"Feature","properties":{"id":"lens-traffic-road-london-way/4276506","layer":"traffic_road","category":"transport","year":1974,"visible_year":2025,"rank":3,"name":"Carlton Vale","source_id":"way/4276506","source_url":"https://www.openstreetmap.org/way/4276506","license":"ODbL","transport_raw":0.804,"transport_count":4,"transport_activity":0.451,"representation":"major-road transport-event activity","timing_note":"Road color is a three-year transport-event activity surface on current OSM major road geometry, not measured traffic volume or congestion."},"geometry":{"type":"LineString","coordinates":[[-0.1937473,51.5321548],[-0.1932277,51.5321345]]}},{"type":"Feature","properties":{"id":"lens-traffic-road-london-way/4276508","layer":"traffic_road","category":"transport","year":1974,"visible_year":2025,"rank":3,"name":"Carlton Vale","source_id":"way/4276508","source_url":"https://www.openstreetmap.org/way/4276508","license":"ODbL","transport_raw":0.804,"transport_count":4,"transport_activity":0.451,"representation":"major-road transport-event activity","timing_note":"Road color is a three-year transport-event activity surface on current OSM major road geometry, not measured traffic volume or congestion."},"geometry":{"type":"LineString","coordinates":[[-0.2011445,51.5325776],[-0.2011087,51.5325764],[-0.2010559,51.5325741]]}},{"type":"Feature","properties":{"id":"lens-traffic-road-london-way/1425184613","layer":"traffic_road","category":"transport","year":1974,"visible_year":2025,"rank":3,"name":"Carlton Vale","source_id":"way/1425184613","source_url":"https://www.openstreetmap.org/way/1425184613","license":"ODbL","transport_raw":0.797,"transport_count":4,"transport_activity":0.447,"representation":"major-road transport-event activity","timing_note":"Road color is a three-year transport-event activity surface on current OSM major road geometry, not measured traffic volume or congestion."},"geometry":{"type":"LineString","coordinates":[[-0.2012258,51.5325802],[-0.2011445,51.5325776]]}},{"type":"Feature","properties":{"id":"lens-traffic-road-london-way/1067139352","layer":"traffic_road","category":"transport","year":1974,"visible_year":2024,"rank":3,"name":"Carlton Vale","source_id":"way/1067139352","source_url":"https://www.openstreetmap.org/way/1067139352","license":"ODbL","transport_raw":0.788,"transport_count":4,"transport_activity":0.442,"representation":"major-road transport-event activity","timing_note":"Road color is a three-year transport-event activity surface on current OSM major road geometry, not measured traffic volume or congestion."},"geometry":{"type":"LineString","coordinates":[[-0.2013834,51.5325852],[-0.2012258,51.5325802]]}},{"type":"Feature","properties":{"id":"lens-traffic-road-london-way/1425184606","layer":"traffic_road","category":"transport","year":1974,"visible_year":2025,"rank":3,"name":"Carlton Vale","source_id":"way/1425184606","source_url":"https://www.openstreetmap.org/way/1425184606","license":"ODbL","transport_raw":0.779,"transport_count":4,"transport_activity":0.437,"representation":"major-road transport-event activity","timing_note":"Road color is a three-year transport-event activity surface on current OSM major road geometry, not measured traffic volume or congestion."},"geometry":{"type":"LineString","coordinates":[[-0.1932277,51.5321345],[-0.1931885,51.532133]]}},{"type":"Feature","properties":{"id":"lens-traffic-road-london-way/1074151201","layer":"traffic_road","category":"transport","year":1974,"visible_year":2022,"rank":4,"name":"Harrow Road","source_id":"way/1074151201","source_url":"https://www.openstreetmap.org/way/1074151201","license":"ODbL","transport_raw":0.777,"transport_count":2,"transport_activity":0.436,"representation":"major-road transport-event activity","timing_note":"Road color is a three-year transport-event activity surface on current OSM major road geometry, not measured traffic volume or congestion."},"geometry":{"type":"LineString","coordinates":[[-0.3120566,51.5522418],[-0.3123274,51.5523342]]}},{"type":"Feature","properties":{"id":"lens-traffic-road-london-way/1425184605","layer":"traffic_road","category":"transport","year":1974,"visible_year":2025,"rank":3,"name":"Carlton Vale","source_id":"way/1425184605","source_url":"https://www.openstreetmap.org/way/1425184605","license":"ODbL","transport_raw":0.769,"transport_count":4,"transport_activity":0.431,"representation":"major-road transport-event activity","timing_note":"Road color is a three-year transport-event activity surface on current OSM major road geometry, not measured traffic volume or congestion."},"geometry":{"type":"LineString","coordinates":[[-0.1931885,51.532133],[-0.1931639,51.532132],[-0.1931002,51.5321295],[-0.1929088,51.5321222]]}},{"type":"Feature","properties":{"id":"lens-traffic-road-london-way/157920742","layer":"traffic_road","category":"transport","year":1974,"visible_year":2023,"rank":4,"name":"High Road","source_id":"way/157920742","source_url":"https://www.openstreetmap.org/way/157920742","license":"ODbL","transport_raw":0.763,"transport_count":2,"transport_activity":0.428,"representation":"major-road transport-event activity","timing_note":"Road color is a three-year transport-event activity surface on current OSM major road geometry, not measured traffic volume or congestion."},"geometry":{"type":"LineString","coordinates":[[-0.2957865,51.5528698],[-0.2962602,51.5527113],[-0.296287,51.5527015],[-0.296552,51.5526049],[-0.2966321,51.5525757],[-0.2967037,51.5525473],[-0.2971315,51.5523774],[-0.297399,51.5522704],[-0.2975274,51.5522096],[-0.2976473,51.5521738],[-0.2976791,51.5521643],[-0.297803,51.5521403],[-0.2980714,51.5520964],[-0.2984171,51.55206],[-0.2988476,51.5520292],[-0.2988861,51.5520265],[-0.2990463,51.5520199]]}},{"type":"Feature","properties":{"id":"lens-traffic-road-london-way/643167499","layer":"traffic_road","category":"transport","year":1974,"visible_year":2025,"rank":3,"name":"Shirland Road","source_id":"way/643167499","source_url":"https://www.openstreetmap.org/way/643167499","license":"ODbL","transport_raw":0.752,"transport_count":4,"transport_activity":0.422,"representation":"major-road transport-event activity","timing_note":"Road color is a three-year transport-event activity surface on current OSM major road geometry, not measured traffic volume or congestion."},"geometry":{"type":"LineString","coordinates":[[-0.1965443,51.5275879],[-0.1963773,51.5275346],[-0.1961564,51.5274562],[-0.1953525,51.5271565],[-0.1949691,51.5270184],[-0.1946035,51.5268867],[-0.1938772,51.5266345]]}},{"type":"Feature","properties":{"id":"lens-traffic-road-london-way/536184791","layer":"traffic_road","category":"transport","year":1974,"visible_year":2024,"rank":3,"name":"Carlton Vale","source_id":"way/536184791","source_url":"https://www.openstreetmap.org/way/536184791","license":"ODbL","transport_raw":0.747,"transport_count":4,"transport_activity":0.419,"representation":"major-road transport-event activity","timing_note":"Road color is a three-year transport-event activity surface on current OSM major road geometry, not measured traffic volume or congestion."},"geometry":{"type":"LineString","coordinates":[[-0.2020976,51.5326261],[-0.2019402,51.5325953],[-0.2018078,51.5325845],[-0.2016764,51.5325827],[-0.2013834,51.5325852]]}},{"type":"Feature","properties":{"id":"lens-traffic-road-london-way/509175894","layer":"traffic_road","category":"transport","year":1974,"visible_year":2024,"rank":3,"name":"Carlton Vale","source_id":"way/509175894","source_url":"https://www.openstreetmap.org/way/509175894","license":"ODbL","transport_raw":0.684,"transport_count":4,"transport_activity":0.384,"representation":"major-road transport-event activity","timing_note":"Road color is a three-year transport-event activity surface on current OSM major road geometry, not measured traffic volume or congestion."},"geometry":{"type":"LineString","coordinates":[[-0.2026243,51.5328005],[-0.2020976,51.5326261]]}},{"type":"Feature","properties":{"id":"lens-traffic-road-london-way/680901917","layer":"traffic_road","category":"transport","year":1974,"visible_year":2023,"rank":4,"name":"Harrow Road","source_id":"way/680901917","source_url":"https://www.openstreetmap.org/way/680901917","license":"ODbL","transport_raw":0.682,"transport_count":2,"transport_activity":0.383,"representation":"major-road transport-event activity","timing_note":"Road color is a three-year transport-event activity surface on current OSM major road geometry, not measured traffic volume or congestion."},"geometry":{"type":"LineString","coordinates":[[-0.3123274,51.5523342],[-0.312635,51.5524391],[-0.3126643,51.5524484],[-0.3132777,51.5526433]]}},{"type":"Feature","properties":{"id":"lens-traffic-road-london-way/4450056","layer":"traffic_road","category":"transport","year":1974,"visible_year":2024,"rank":3,"name":"Kilburn Park Road","source_id":"way/4450056","source_url":"https://www.openstreetmap.org/way/4450056","license":"ODbL","transport_raw":0.678,"transport_count":4,"transport_activity":0.38,"representation":"major-road transport-event activity","timing_note":"Road color is a three-year transport-event activity surface on current OSM major road geometry, not measured traffic volume or congestion."},"geometry":{"type":"LineString","coordinates":[[-0.1929088,51.5321222],[-0.1928655,51.5321816],[-0.1928344,51.5322248],[-0.1928043,51.5322666],[-0.1927776,51.5323056],[-0.1925145,51.5326761],[-0.1924317,51.5327927],[-0.1923929,51.5328473],[-0.1923527,51.5329087],[-0.1923208,51.5329574],[-0.1922735,51.5331159]]}},{"type":"Feature","properties":{"id":"lens-traffic-road-london-way/158003506","layer":"traffic_road","category":"transport","year":1974,"visible_year":2012,"rank":4,"name":"Bridgewater Road","source_id":"way/158003506","source_url":"https://www.openstreetmap.org/way/158003506","license":"ODbL","transport_raw":0.648,"transport_count":2,"transport_activity":0.363,"representation":"major-road transport-event activity","timing_note":"Road color is a three-year transport-event activity surface on current OSM major road geometry, not measured traffic volume or congestion."},"geometry":{"type":"LineString","coordinates":[[-0.3123191,51.5489852],[-0.3125362,51.5495989]]}},{"type":"Feature","properties":{"id":"lens-traffic-road-london-way/4217250","layer":"traffic_road","category":"transport","year":1974,"visible_year":2024,"rank":3,"name":"Kilburn Lane","source_id":"way/4217250","source_url":"https://www.openstreetmap.org/way/4217250","license":"ODbL","transport_raw":0.647,"transport_count":4,"transport_activity":0.363,"representation":"major-road transport-event activity","timing_note":"Road color is a three-year transport-event activity surface on current OSM major road geometry, not measured traffic volume or congestion."},"geometry":{"type":"LineString","coordinates":[[-0.2026243,51.5328005],[-0.2027167,51.5328039]]}},{"type":"Feature","properties":{"id":"lens-traffic-road-london-way/1425196023","layer":"traffic_road","category":"transport","year":1974,"visible_year":2025,"rank":3,"name":"Salusbury Road","source_id":"way/1425196023","source_url":"https://www.openstreetmap.org/way/1425196023","license":"ODbL","transport_raw":0.642,"transport_count":4,"transport_activity":0.36,"representation":"major-road transport-event activity","timing_note":"Road color is a three-year transport-event activity surface on current OSM major road geometry, not measured traffic volume or congestion."},"geometry":{"type":"LineString","coordinates":[[-0.2027264,51.5328697],[-0.2026832,51.532856],[-0.2026243,51.5328005]]}},{"type":"Feature","properties":{"id":"lens-traffic-road-london-way/1425196021","layer":"traffic_road","category":"transport","year":1974,"visible_year":2025,"rank":3,"name":"Kilburn Lane","source_id":"way/1425196021","source_url":"https://www.openstreetmap.org/way/1425196021","license":"ODbL","transport_raw":0.641,"transport_count":4,"transport_activity":0.359,"representation":"major-road transport-event activity","timing_note":"Road color is a three-year transport-event activity surface on current OSM major road geometry, not measured traffic volume or congestion."},"geometry":{"type":"LineString","coordinates":[[-0.2027167,51.5328039],[-0.202763,51.5328121]]}},{"type":"Feature","properties":{"id":"lens-traffic-road-london-way/517728225","layer":"traffic_road","category":"transport","year":1974,"visible_year":2024,"rank":3,"name":"Chippenham Road","source_id":"way/517728225","source_url":"https://www.openstreetmap.org/way/517728225","license":"ODbL","transport_raw":0.636,"transport_count":4,"transport_activity":0.357,"representation":"major-road transport-event activity","timing_note":"Road color is a three-year transport-event activity surface on current OSM major road geometry, not measured traffic volume or congestion."},"geometry":{"type":"LineString","coordinates":[[-0.1972433,51.5273125],[-0.1972544,51.527134],[-0.1972667,51.5270197],[-0.1973033,51.5266521],[-0.1973423,51.5262926],[-0.1973488,51.5262186],[-0.1973837,51.5258789],[-0.197435,51.5254058],[-0.1974414,51.5253548],[-0.1974585,51.5252375]]}},{"type":"Feature","properties":{"id":"lens-traffic-road-london-way/1425196022","layer":"traffic_road","category":"transport","year":1974,"visible_year":2025,"rank":3,"name":"Kilburn Lane","source_id":"way/1425196022","source_url":"https://www.openstreetmap.org/way/1425196022","license":"ODbL","transport_raw":0.632,"transport_count":4,"transport_activity":0.355,"representation":"major-road transport-event activity","timing_note":"Road color is a three-year transport-event activity surface on current OSM major road geometry, not measured traffic volume or congestion."},"geometry":{"type":"LineString","coordinates":[[-0.202763,51.5328121],[-0.2027986,51.5328184],[-0.2028381,51.5328259],[-0.2028764,51.5328306]]}},{"type":"Feature","properties":{"id":"lens-traffic-road-london-way/1425196024","layer":"traffic_road","category":"transport","year":1974,"visible_year":2025,"rank":3,"name":"Salusbury Road","source_id":"way/1425196024","source_url":"https://www.openstreetmap.org/way/1425196024","license":"ODbL","transport_raw":0.629,"transport_count":4,"transport_activity":0.353,"representation":"major-road transport-event activity","timing_note":"Road color is a three-year transport-event activity surface on current OSM major road geometry, not measured traffic volume or congestion."},"geometry":{"type":"LineString","coordinates":[[-0.2028343,51.5329017],[-0.2028013,51.5328915],[-0.2027613,51.5328807],[-0.2027264,51.5328697]]}},{"type":"Feature","properties":{"id":"lens-traffic-road-london-way/131326532","layer":"traffic_road","category":"transport","year":1974,"visible_year":2025,"rank":2,"name":"Fernhead Road","source_id":"way/131326532","source_url":"https://www.openstreetmap.org/way/131326532","license":"ODbL","transport_raw":0.622,"transport_count":4,"transport_activity":0.349,"representation":"major-road transport-event activity","timing_note":"Road color is a three-year transport-event activity surface on current OSM major road geometry, not measured traffic volume or congestion."},"geometry":{"type":"LineString","coordinates":[[-0.2029786,51.5326775],[-0.2029944,51.5327325],[-0.2030154,51.5328058],[-0.2030281,51.5328494]]}},{"type":"Feature","properties":{"id":"lens-traffic-road-london-way/269735770","layer":"traffic_road","category":"transport","year":1974,"visible_year":2025,"rank":3,"name":"Kilburn Lane","source_id":"way/269735770","source_url":"https://www.openstreetmap.org/way/269735770","license":"ODbL","transport_raw":0.619,"transport_count":4,"transport_activity":0.347,"representation":"major-road transport-event activity","timing_note":"Road color is a three-year transport-event activity surface on current OSM major road geometry, not measured traffic volume or congestion."},"geometry":{"type":"LineString","coordinates":[[-0.2028764,51.5328306],[-0.2030281,51.5328494]]}},{"type":"Feature","properties":{"id":"lens-traffic-road-london-way/158003505","layer":"traffic_road","category":"transport","year":1974,"visible_year":2015,"rank":4,"name":"Bridgewater Road","source_id":"way/158003505","source_url":"https://www.openstreetmap.org/way/158003505","license":"ODbL","transport_raw":0.606,"transport_count":2,"transport_activity":0.34,"representation":"major-road transport-event activity","timing_note":"Road color is a three-year transport-event activity surface on current OSM major road geometry, not measured traffic volume or congestion."},"geometry":{"type":"LineString","coordinates":[[-0.3125362,51.5495989],[-0.3126296,51.54982],[-0.3127261,51.5500025],[-0.31338,51.5508755],[-0.3138072,51.5515025],[-0.3138929,51.551672],[-0.3139572,51.5519821],[-0.3139397,51.5521051]]}},{"type":"Feature","properties":{"id":"lens-traffic-road-london-way/217789813","layer":"traffic_road","category":"transport","year":1974,"visible_year":2025,"rank":3,"name":"Salusbury Road","source_id":"way/217789813","source_url":"https://www.openstreetmap.org/way/217789813","license":"ODbL","transport_raw":0.602,"transport_count":4,"transport_activity":0.338,"representation":"major-road transport-event activity","timing_note":"Road color is a three-year transport-event activity surface on current OSM major road geometry, not measured traffic volume or congestion."},"geometry":{"type":"LineString","coordinates":[[-0.2031589,51.532992],[-0.2030741,51.532976],[-0.2029493,51.5329373],[-0.2028343,51.5329017]]}},{"type":"Feature","properties":{"id":"lens-traffic-road-london-way/50286366","layer":"traffic_road","category":"transport","year":1974,"visible_year":2013,"rank":4,"name":"Bridgewater Road","source_id":"way/50286366","source_url":"https://www.openstreetmap.org/way/50286366","license":"ODbL","transport_raw":0.603,"transport_count":2,"transport_activity":0.338,"representation":"major-road transport-event activity","timing_note":"Road color is a three-year transport-event activity surface on current OSM major road geometry, not measured traffic volume or congestion."},"geometry":{"type":"LineString","coordinates":[[-0.3118561,51.548037],[-0.3119738,51.5482375],[-0.312036,51.5483435],[-0.3122399,51.5487771],[-0.3123024,51.5489447],[-0.3123191,51.5489852]]}},{"type":"Feature","properties":{"id":"lens-traffic-road-london-way/217789816","layer":"traffic_road","category":"transport","year":1974,"visible_year":2024,"rank":3,"name":"Kilburn Lane","source_id":"way/217789816","source_url":"https://www.openstreetmap.org/way/217789816","license":"ODbL","transport_raw":0.583,"transport_count":4,"transport_activity":0.327,"representation":"major-road transport-event activity","timing_note":"Road color is a three-year transport-event activity surface on current OSM major road geometry, not measured traffic volume or congestion."},"geometry":{"type":"LineString","coordinates":[[-0.2030281,51.5328494],[-0.2032384,51.5328621],[-0.2032934,51.5328656],[-0.2034773,51.5328772],[-0.2035515,51.5328886]]}},{"type":"Feature","properties":{"id":"lens-traffic-road-london-way/1425196830","layer":"traffic_road","category":"transport","year":1974,"visible_year":2025,"rank":3,"name":"Shirland Road","source_id":"way/1425196830","source_url":"https://www.openstreetmap.org/way/1425196830","license":"ODbL","transport_raw":0.577,"transport_count":4,"transport_activity":0.323,"representation":"major-road transport-event activity","timing_note":"Road color is a three-year transport-event activity surface on current OSM major road geometry, not measured traffic volume or congestion."},"geometry":{"type":"LineString","coordinates":[[-0.1938772,51.5266345],[-0.1936937,51.5265708]]}},{"type":"Feature","properties":{"id":"lens-traffic-road-london-way/521241238","layer":"traffic_road","category":"transport","year":1974,"visible_year":2022,"rank":3,"name":"Salusbury Road","source_id":"way/521241238","source_url":"https://www.openstreetmap.org/way/521241238","license":"ODbL","transport_raw":0.567,"transport_count":4,"transport_activity":0.318,"representation":"major-road transport-event activity","timing_note":"Road color is a three-year transport-event activity surface on current OSM major road geometry, not measured traffic volume or congestion."},"geometry":{"type":"LineString","coordinates":[[-0.2033996,51.5331088],[-0.2031589,51.532992]]}},{"type":"Feature","properties":{"id":"lens-traffic-road-london-way/224761471","layer":"traffic_road","category":"transport","year":1974,"visible_year":2013,"rank":4,"name":"Bridgewater Road","source_id":"way/224761471","source_url":"https://www.openstreetmap.org/way/224761471","license":"ODbL","transport_raw":0.562,"transport_count":2,"transport_activity":0.315,"representation":"major-road transport-event activity","timing_note":"Road color is a three-year transport-event activity surface on current OSM major road geometry, not measured traffic volume or congestion."},"geometry":{"type":"LineString","coordinates":[[-0.3114931,51.5477363],[-0.3118561,51.548037]]}},{"type":"Feature","properties":{"id":"lens-traffic-road-london-way/97943758","layer":"traffic_road","category":"transport","year":1974,"visible_year":2024,"rank":3,"name":"Kilburn Lane","source_id":"way/97943758","source_url":"https://www.openstreetmap.org/way/97943758","license":"ODbL","transport_raw":0.561,"transport_count":4,"transport_activity":0.315,"representation":"major-road transport-event activity","timing_note":"Road color is a three-year transport-event activity surface on current OSM major road geometry, not measured traffic volume or congestion."},"geometry":{"type":"LineString","coordinates":[[-0.2033996,51.5331088],[-0.2033877,51.5330592],[-0.2033879,51.5329996],[-0.2033958,51.5329769],[-0.2034127,51.532955],[-0.2034465,51.5329306],[-0.2034844,51.5329172],[-0.2035515,51.5328886]]}},{"type":"Feature","properties":{"id":"lens-traffic-road-london-way/1425196829","layer":"traffic_road","category":"transport","year":1974,"visible_year":2025,"rank":3,"name":"Shirland Road","source_id":"way/1425196829","source_url":"https://www.openstreetmap.org/way/1425196829","license":"ODbL","transport_raw":0.555,"transport_count":4,"transport_activity":0.311,"representation":"major-road transport-event activity","timing_note":"Road color is a three-year transport-event activity surface on current OSM major road geometry, not measured traffic volume or congestion."},"geometry":{"type":"LineString","coordinates":[[-0.1936937,51.5265708],[-0.1936425,51.5265522],[-0.1935992,51.5265364],[-0.1934643,51.5264816]]}},{"type":"Feature","properties":{"id":"lens-traffic-road-london-way/226281428","layer":"traffic_road","category":"transport","year":1974,"visible_year":2021,"rank":4,"name":"mapped road segment","source_id":"way/226281428","source_url":"https://www.openstreetmap.org/way/226281428","license":"ODbL","transport_raw":0.55,"transport_count":2,"transport_activity":0.309,"representation":"major-road transport-event activity","timing_note":"Road color is a three-year transport-event activity surface on current OSM major road geometry, not measured traffic volume or congestion."},"geometry":{"type":"LineString","coordinates":[[-0.3137266,51.5530436],[-0.3136044,51.5530419],[-0.3135116,51.5530261],[-0.3134234,51.5529969],[-0.3133606,51.5529645],[-0.3132854,51.5529025],[-0.3132473,51.5528454],[-0.3132312,51.5527909],[-0.3132336,51.5527321],[-0.3132777,51.5526433]]}},{"type":"Feature","properties":{"id":"lens-traffic-road-london-way/226281438","layer":"traffic_road","category":"transport","year":1974,"visible_year":2025,"rank":4,"name":"mapped road segment","source_id":"way/226281438","source_url":"https://www.openstreetmap.org/way/226281438","license":"ODbL","transport_raw":0.551,"transport_count":2,"transport_activity":0.309,"representation":"major-road transport-event activity","timing_note":"Road color is a three-year transport-event activity surface on current OSM major road geometry, not measured traffic volume or congestion."},"geometry":{"type":"LineString","coordinates":[[-0.3132777,51.5526433],[-0.3133595,51.5525729],[-0.3134239,51.5525396],[-0.3135377,51.5525048],[-0.3136248,51.5524931],[-0.3137066,51.552492],[-0.3137956,51.5524975]]}},{"type":"Feature","properties":{"id":"lens-traffic-road-london-way/1425196831","layer":"traffic_road","category":"transport","year":1974,"visible_year":2025,"rank":2,"name":"Elgin Avenue","source_id":"way/1425196831","source_url":"https://www.openstreetmap.org/way/1425196831","license":"ODbL","transport_raw":0.54,"transport_count":4,"transport_activity":0.303,"representation":"major-road transport-event activity","timing_note":"Road color is a three-year transport-event activity surface on current OSM major road geometry, not measured traffic volume or congestion."},"geometry":{"type":"LineString","coordinates":[[-0.1937523,51.5263739],[-0.1936992,51.5263915],[-0.1936045,51.5264229],[-0.1934643,51.5264816]]}},{"type":"Feature","properties":{"id":"lens-traffic-road-london-way/1425196832","layer":"traffic_road","category":"transport","year":1974,"visible_year":2025,"rank":2,"name":"Elgin Avenue","source_id":"way/1425196832","source_url":"https://www.openstreetmap.org/way/1425196832","license":"ODbL","transport_raw":0.541,"transport_count":4,"transport_activity":0.303,"representation":"major-road transport-event activity","timing_note":"Road color is a three-year transport-event activity surface on current OSM major road geometry, not measured traffic volume or congestion."},"geometry":{"type":"LineString","coordinates":[[-0.1938633,51.5263371],[-0.1937523,51.5263739]]}},{"type":"Feature","properties":{"id":"lens-traffic-road-london-way/1499161432","layer":"traffic_road","category":"transport","year":1974,"visible_year":2026,"rank":2,"name":"Elgin Avenue","source_id":"way/1499161432","source_url":"https://www.openstreetmap.org/way/1499161432","license":"ODbL","transport_raw":0.539,"transport_count":4,"transport_activity":0.302,"representation":"major-road transport-event activity","timing_note":"Road color is a three-year transport-event activity surface on current OSM major road geometry, not measured traffic volume or congestion."},"geometry":{"type":"LineString","coordinates":[[-0.1934643,51.5264816],[-0.1933318,51.5265371],[-0.193251,51.5265743],[-0.1932005,51.5265975],[-0.1924757,51.5269334]]}},{"type":"Feature","properties":{"id":"lens-traffic-road-london-way/224761472","layer":"traffic_road","category":"transport","year":1974,"visible_year":2013,"rank":4,"name":"Whitton Avenue East","source_id":"way/224761472","source_url":"https://www.openstreetmap.org/way/224761472","license":"ODbL","transport_raw":0.537,"transport_count":2,"transport_activity":0.301,"representation":"major-road transport-event activity","timing_note":"Road color is a three-year transport-event activity surface on current OSM major road geometry, not measured traffic volume or congestion."},"geometry":{"type":"LineString","coordinates":[[-0.312156,51.5479839],[-0.3120278,51.5479856],[-0.3118561,51.548037]]}},{"type":"Feature","properties":{"id":"lens-traffic-road-london-way/1499161433","layer":"traffic_road","category":"transport","year":1974,"visible_year":2026,"rank":2,"name":"Elgin Avenue","source_id":"way/1499161433","source_url":"https://www.openstreetmap.org/way/1499161433","license":"ODbL","transport_raw":0.533,"transport_count":4,"transport_activity":0.299,"representation":"major-road transport-event activity","timing_note":"Road color is a three-year transport-event activity surface on current OSM major road geometry, not measured traffic volume or congestion."},"geometry":{"type":"LineString","coordinates":[[-0.1924757,51.5269334],[-0.1923887,51.5269722]]}},{"type":"Feature","properties":{"id":"lens-traffic-road-london-way/269735768","layer":"traffic_road","category":"transport","year":1974,"visible_year":2022,"rank":3,"name":"Salusbury Road","source_id":"way/269735768","source_url":"https://www.openstreetmap.org/way/269735768","license":"ODbL","transport_raw":0.532,"transport_count":4,"transport_activity":0.298,"representation":"major-road transport-event activity","timing_note":"Road color is a three-year transport-event activity surface on current OSM major road geometry, not measured traffic volume or congestion."},"geometry":{"type":"LineString","coordinates":[[-0.2036371,51.533261],[-0.2033996,51.5331088]]}},{"type":"Feature","properties":{"id":"lens-traffic-road-london-way/4636454","layer":"traffic_road","category":"transport","year":1974,"visible_year":2013,"rank":2,"name":"St John's Road","source_id":"way/4636454","source_url":"https://www.openstreetmap.org/way/4636454","license":"ODbL","transport_raw":0.531,"transport_count":2,"transport_activity":0.298,"representation":"major-road transport-event activity","timing_note":"Road color is a three-year transport-event activity surface on current OSM major road geometry, not measured traffic volume or congestion."},"geometry":{"type":"LineString","coordinates":[[-0.2974908,51.5545404],[-0.2973448,51.554423],[-0.2972475,51.5543221],[-0.2965901,51.5537276],[-0.2965505,51.5537003]]}},{"type":"Feature","properties":{"id":"lens-traffic-road-london-way/224761473","layer":"traffic_road","category":"transport","year":1974,"visible_year":2013,"rank":4,"name":"Bridgewater Road","source_id":"way/224761473","source_url":"https://www.openstreetmap.org/way/224761473","license":"ODbL","transport_raw":0.53,"transport_count":2,"transport_activity":0.297,"representation":"major-road transport-event activity","timing_note":"Road color is a three-year transport-event activity surface on current OSM major road geometry, not measured traffic volume or congestion."},"geometry":{"type":"LineString","coordinates":[[-0.3114931,51.5477363],[-0.311941,51.5478613],[-0.3120483,51.5479063],[-0.312156,51.5479839]]}},{"type":"Feature","properties":{"id":"lens-traffic-road-london-way/97944534","layer":"traffic_road","category":"transport","year":1974,"visible_year":2025,"rank":3,"name":"Kilburn Lane","source_id":"way/97944534","source_url":"https://www.openstreetmap.org/way/97944534","license":"ODbL","transport_raw":0.527,"transport_count":4,"transport_activity":0.296,"representation":"major-road transport-event activity","timing_note":"Road color is a three-year transport-event activity surface on current OSM major road geometry, not measured traffic volume or congestion."},"geometry":{"type":"LineString","coordinates":[[-0.2035515,51.5328886],[-0.2038191,51.5328982],[-0.2042921,51.5329202]]}},{"type":"Feature","properties":{"id":"lens-traffic-road-london-way/1425196833","layer":"traffic_road","category":"transport","year":1974,"visible_year":2025,"rank":3,"name":"Shirland Road","source_id":"way/1425196833","source_url":"https://www.openstreetmap.org/way/1425196833","license":"ODbL","transport_raw":0.522,"transport_count":4,"transport_activity":0.293,"representation":"major-road transport-event activity","timing_note":"Road color is a three-year transport-event activity surface on current OSM major road geometry, not measured traffic volume or congestion."},"geometry":{"type":"LineString","coordinates":[[-0.1934643,51.5264816],[-0.1933128,51.52642],[-0.193284,51.526406],[-0.1932282,51.5263789]]}},{"type":"Feature","properties":{"id":"lens-traffic-road-london-way/156733989","layer":"traffic_road","category":"transport","year":1974,"visible_year":2025,"rank":2,"name":"Elgin Avenue","source_id":"way/156733989","source_url":"https://www.openstreetmap.org/way/156733989","license":"ODbL","transport_raw":0.511,"transport_count":4,"transport_activity":0.287,"representation":"major-road transport-event activity","timing_note":"Road color is a three-year transport-event activity surface on current OSM major road geometry, not measured traffic volume or congestion."},"geometry":{"type":"LineString","coordinates":[[-0.1974585,51.5252375],[-0.1973281,51.5252725],[-0.1972784,51.5252859],[-0.1964999,51.5255112],[-0.1960892,51.5256288],[-0.1956137,51.5257711],[-0.1949587,51.5259734],[-0.1938633,51.5263371]]}},{"type":"Feature","properties":{"id":"lens-traffic-road-london-way/230853517","layer":"traffic_road","category":"transport","year":1974,"visible_year":2013,"rank":4,"name":"Bridgewater Road","source_id":"way/230853517","source_url":"https://www.openstreetmap.org/way/230853517","license":"ODbL","transport_raw":0.508,"transport_count":2,"transport_activity":0.285,"representation":"major-road transport-event activity","timing_note":"Road color is a three-year transport-event activity surface on current OSM major road geometry, not measured traffic volume or congestion."},"geometry":{"type":"LineString","coordinates":[[-0.3139397,51.5521051],[-0.3138775,51.552276],[-0.3137956,51.5524975]]}},{"type":"Feature","properties":{"id":"lens-traffic-road-london-way/1425196834","layer":"traffic_road","category":"transport","year":1974,"visible_year":2025,"rank":3,"name":"Shirland Road","source_id":"way/1425196834","source_url":"https://www.openstreetmap.org/way/1425196834","license":"ODbL","transport_raw":0.502,"transport_count":4,"transport_activity":0.282,"representation":"major-road transport-event activity","timing_note":"Road color is a three-year transport-event activity surface on current OSM major road geometry, not measured traffic volume or congestion."},"geometry":{"type":"LineString","coordinates":[[-0.1932282,51.5263789],[-0.1931681,51.5263497],[-0.1931222,51.5263274]]}},{"type":"Feature","properties":{"id":"lens-traffic-road-london-way/4217249","layer":"traffic_road","category":"transport","year":1974,"visible_year":2022,"rank":3,"name":"Salusbury Road","source_id":"way/4217249","source_url":"https://www.openstreetmap.org/way/4217249","license":"ODbL","transport_raw":0.495,"transport_count":4,"transport_activity":0.278,"representation":"major-road transport-event activity","timing_note":"Road color is a three-year transport-event activity surface on current OSM major road geometry, not measured traffic volume or congestion."},"geometry":{"type":"LineString","coordinates":[[-0.2038686,51.5334063],[-0.2037961,51.5333514],[-0.203715,51.5333038],[-0.2036371,51.533261]]}},{"type":"Feature","properties":{"id":"lens-traffic-road-london-way/312263562","layer":"traffic_road","category":"transport","year":1974,"visible_year":2026,"rank":2,"name":"Elgin Avenue","source_id":"way/312263562","source_url":"https://www.openstreetmap.org/way/312263562","license":"ODbL","transport_raw":0.493,"transport_count":4,"transport_activity":0.277,"representation":"major-road transport-event activity","timing_note":"Road color is a three-year transport-event activity surface on current OSM major road geometry, not measured traffic volume or congestion."},"geometry":{"type":"LineString","coordinates":[[-0.1923887,51.5269722],[-0.192253,51.527034],[-0.1917609,51.5272606],[-0.1912231,51.5275015],[-0.1910371,51.5275902],[-0.1908858,51.5276648],[-0.1907228,51.527739],[-0.1905726,51.5278065],[-0.1905056,51.5278379],[-0.1904761,51.5278518]]}},{"type":"Feature","properties":{"id":"lens-traffic-road-london-way/149713828","layer":"traffic_road","category":"transport","year":1974,"visible_year":2020,"rank":3,"name":"Premier Corner","source_id":"way/149713828","source_url":"https://www.openstreetmap.org/way/149713828","license":"ODbL","transport_raw":0.474,"transport_count":4,"transport_activity":0.266,"representation":"major-road transport-event activity","timing_note":"Road color is a three-year transport-event activity surface on current OSM major road geometry, not measured traffic volume or congestion."},"geometry":{"type":"LineString","coordinates":[[-0.2042921,51.5329202],[-0.2044163,51.5329712],[-0.2044572,51.5330241]]}},{"type":"Feature","properties":{"id":"lens-traffic-road-london-way/149713821","layer":"traffic_road","category":"transport","year":1974,"visible_year":2020,"rank":3,"name":"Kilburn Lane","source_id":"way/149713821","source_url":"https://www.openstreetmap.org/way/149713821","license":"ODbL","transport_raw":0.47,"transport_count":4,"transport_activity":0.264,"representation":"major-road transport-event activity","timing_note":"Road color is a three-year transport-event activity surface on current OSM major road geometry, not measured traffic volume or congestion."},"geometry":{"type":"LineString","coordinates":[[-0.2042921,51.5329202],[-0.2044842,51.532917],[-0.2046431,51.5329418]]}},{"type":"Feature","properties":{"id":"lens-traffic-road-london-way/226281434","layer":"traffic_road","category":"transport","year":1974,"visible_year":2025,"rank":4,"name":"mapped road segment","source_id":"way/226281434","source_url":"https://www.openstreetmap.org/way/226281434","license":"ODbL","transport_raw":0.469,"transport_count":2,"transport_activity":0.263,"representation":"major-road transport-event activity","timing_note":"Road color is a three-year transport-event activity surface on current OSM major road geometry, not measured traffic volume or congestion."},"geometry":{"type":"LineString","coordinates":[[-0.3137956,51.5524975],[-0.313882,51.5525216],[-0.3139533,51.5525518],[-0.3140607,51.5526293],[-0.314119,51.5527134],[-0.3141209,51.5527716],[-0.3141056,51.5528404]]}},{"type":"Feature","properties":{"id":"lens-traffic-road-london-way/536155011","layer":"traffic_road","category":"transport","year":1974,"visible_year":2022,"rank":3,"name":"Premier Corner","source_id":"way/536155011","source_url":"https://www.openstreetmap.org/way/536155011","license":"ODbL","transport_raw":0.468,"transport_count":4,"transport_activity":0.262,"representation":"major-road transport-event activity","timing_note":"Road color is a three-year transport-event activity surface on current OSM major road geometry, not measured traffic volume or congestion."},"geometry":{"type":"LineString","coordinates":[[-0.2040333,51.5334313],[-0.2039741,51.5334261],[-0.2038686,51.5334063]]}},{"type":"Feature","properties":{"id":"lens-traffic-road-london-way/153366456","layer":"traffic_road","category":"transport","year":1974,"visible_year":2025,"rank":2,"name":"Carlton Vale","source_id":"way/153366456","source_url":"https://www.openstreetmap.org/way/153366456","license":"ODbL","transport_raw":0.462,"transport_count":4,"transport_activity":0.259,"representation":"major-road transport-event activity","timing_note":"Road color is a three-year transport-event activity surface on current OSM major road geometry, not measured traffic volume or congestion."},"geometry":{"type":"LineString","coordinates":[[-0.1875317,51.5335177],[-0.1876587,51.5334576],[-0.1877069,51.5334348],[-0.1877586,51.5334103],[-0.1883947,51.5331093],[-0.1889099,51.5328823],[-0.1892201,51.532759],[-0.1893106,51.532723],[-0.1895743,51.5326404],[-0.1897234,51.5325937],[-0.1903151,51.5324159],[-0.1905535,51.5323574],[-0.1908536,51.5322869],[-0.1910359,51.5322521],[-0.1911614,51.5322354],[-0.191303,51.5322134],[-0.1913995,51.5322019],[-0.1916265,51.5321749],[-0.1924311,51.5321329],[-0.1925725,51.5321287],[-0.192644,51.5321247],[-0.1926995,51.5321237],[-0.1929088,51.5321222]]}},{"type":"Feature","properties":{"id":"lens-traffic-road-london-way/226281424","layer":"traffic_road","category":"transport","year":1974,"visible_year":2021,"rank":4,"name":"mapped road segment","source_id":"way/226281424","source_url":"https://www.openstreetmap.org/way/226281424","license":"ODbL","transport_raw":0.46,"transport_count":2,"transport_activity":0.258,"representation":"major-road transport-event activity","timing_note":"Road color is a three-year transport-event activity surface on current OSM major road geometry, not measured traffic volume or congestion."},"geometry":{"type":"LineString","coordinates":[[-0.3141056,51.5528404],[-0.3140595,51.5528968],[-0.3140202,51.5529365],[-0.3139132,51.5530027],[-0.3138163,51.5530312],[-0.3137266,51.5530436]]}},{"type":"Feature","properties":{"id":"lens-traffic-road-london-way/131326539","layer":"traffic_road","category":"transport","year":1974,"visible_year":2025,"rank":3,"name":"Premier Corner","source_id":"way/131326539","source_url":"https://www.openstreetmap.org/way/131326539","license":"ODbL","transport_raw":0.458,"transport_count":4,"transport_activity":0.257,"representation":"major-road transport-event activity","timing_note":"Road color is a three-year transport-event activity surface on current OSM major road geometry, not measured traffic volume or congestion."},"geometry":{"type":"LineString","coordinates":[[-0.2046431,51.5329418],[-0.204529,51.5329771],[-0.2044572,51.5330241]]}},{"type":"Feature","properties":{"id":"lens-traffic-road-london-way/4080510","layer":"traffic_road","category":"transport","year":1974,"visible_year":2022,"rank":2,"name":"Salusbury Road","source_id":"way/4080510","source_url":"https://www.openstreetmap.org/way/4080510","license":"ODbL","transport_raw":0.457,"transport_count":4,"transport_activity":0.256,"representation":"major-road transport-event activity","timing_note":"Road color is a three-year transport-event activity surface on current OSM major road geometry, not measured traffic volume or congestion."},"geometry":{"type":"LineString","coordinates":[[-0.2041281,51.5336461],[-0.203971,51.5335039],[-0.2039333,51.5334665],[-0.2038686,51.5334063]]}},{"type":"Feature","properties":{"id":"lens-traffic-road-london-way/269735769","layer":"traffic_road","category":"transport","year":1974,"visible_year":2025,"rank":3,"name":"Premier Corner","source_id":"way/269735769","source_url":"https://www.openstreetmap.org/way/269735769","license":"ODbL","transport_raw":0.453,"transport_count":4,"transport_activity":0.254,"representation":"major-road transport-event activity","timing_note":"Road color is a three-year transport-event activity surface on current OSM major road geometry, not measured traffic volume or congestion."},"geometry":{"type":"LineString","coordinates":[[-0.2042383,51.5334093],[-0.2041234,51.5334284],[-0.2040715,51.5334301],[-0.2040333,51.5334313]]}},{"type":"Feature","properties":{"id":"lens-traffic-road-london-way/149713829","layer":"traffic_road","category":"transport","year":1974,"visible_year":2025,"rank":3,"name":"Premier Corner","source_id":"way/149713829","source_url":"https://www.openstreetmap.org/way/149713829","license":"ODbL","transport_raw":0.446,"transport_count":4,"transport_activity":0.25,"representation":"major-road transport-event activity","timing_note":"Road color is a three-year transport-event activity surface on current OSM major road geometry, not measured traffic volume or congestion."},"geometry":{"type":"LineString","coordinates":[[-0.2044572,51.5330241],[-0.2044367,51.5332395],[-0.2044101,51.5333131],[-0.2043296,51.5333667],[-0.2042383,51.5334093]]}},{"type":"Feature","properties":{"id":"lens-traffic-road-london-way/97943760","layer":"traffic_road","category":"transport","year":1974,"visible_year":2025,"rank":2,"name":"Premier Corner","source_id":"way/97943760","source_url":"https://www.openstreetmap.org/way/97943760","license":"ODbL","transport_raw":0.443,"transport_count":4,"transport_activity":0.248,"representation":"major-road transport-event activity","timing_note":"Road color is a three-year transport-event activity surface on current OSM major road geometry, not measured traffic volume or congestion."},"geometry":{"type":"LineString","coordinates":[[-0.2042383,51.5334093],[-0.2041622,51.5334704],[-0.2041317,51.5335153],[-0.2041285,51.5335412]]}},{"type":"Feature","properties":{"id":"lens-traffic-road-london-way/217787394","layer":"traffic_road","category":"transport","year":1974,"visible_year":2024,"rank":3,"name":"Kilburn Lane","source_id":"way/217787394","source_url":"https://www.openstreetmap.org/way/217787394","license":"ODbL","transport_raw":0.441,"transport_count":4,"transport_activity":0.247,"representation":"major-road transport-event activity","timing_note":"Road color is a three-year transport-event activity surface on current OSM major road geometry, not measured traffic volume or congestion."},"geometry":{"type":"LineString","coordinates":[[-0.2048716,51.5329496],[-0.2046431,51.5329418]]}},{"type":"Feature","properties":{"id":"lens-traffic-road-london-way/154951488","layer":"traffic_road","category":"transport","year":1974,"visible_year":2020,"rank":2,"name":"Lauderdale Road","source_id":"way/154951488","source_url":"https://www.openstreetmap.org/way/154951488","license":"ODbL","transport_raw":0.438,"transport_count":4,"transport_activity":0.246,"representation":"major-road transport-event activity","timing_note":"Road color is a three-year transport-event activity surface on current OSM major road geometry, not measured traffic volume or congestion."},"geometry":{"type":"LineString","coordinates":[[-0.1905726,51.5278065],[-0.1904961,51.5277435],[-0.1903841,51.527668],[-0.1903275,51.5276499],[-0.190269,51.5276429]]}},{"type":"Feature","properties":{"id":"lens-traffic-road-london-way/1095466630","layer":"traffic_road","category":"transport","year":1974,"visible_year":2025,"rank":4,"name":"Harrow Road","source_id":"way/1095466630","source_url":"https://www.openstreetmap.org/way/1095466630","license":"ODbL","transport_raw":0.435,"transport_count":2,"transport_activity":0.244,"representation":"major-road transport-event activity","timing_note":"Road color is a three-year transport-event activity surface on current OSM major road geometry, not measured traffic volume or congestion."},"geometry":{"type":"LineString","coordinates":[[-0.3141056,51.5528404],[-0.3141214,51.552931],[-0.3141297,51.5529956]]}},{"type":"Feature","properties":{"id":"lens-traffic-road-london-way/536184790","layer":"traffic_road","category":"transport","year":1974,"visible_year":2025,"rank":2,"name":"Premier Corner","source_id":"way/536184790","source_url":"https://www.openstreetmap.org/way/536184790","license":"ODbL","transport_raw":0.434,"transport_count":4,"transport_activity":0.243,"representation":"major-road transport-event activity","timing_note":"Road color is a three-year transport-event activity surface on current OSM major road geometry, not measured traffic volume or congestion."},"geometry":{"type":"LineString","coordinates":[[-0.2041285,51.5335412],[-0.2041216,51.5335979],[-0.2041281,51.5336461]]}},{"type":"Feature","properties":{"id":"lens-traffic-road-london-way/157920740","layer":"traffic_road","category":"transport","year":1974,"visible_year":2022,"rank":4,"name":"High Road","source_id":"way/157920740","source_url":"https://www.openstreetmap.org/way/157920740","license":"ODbL","transport_raw":0.422,"transport_count":2,"transport_activity":0.237,"representation":"major-road transport-event activity","timing_note":"Road color is a three-year transport-event activity surface on current OSM major road geometry, not measured traffic volume or congestion."},"geometry":{"type":"LineString","coordinates":[[-0.2952905,51.5530579],[-0.2957865,51.5528698]]}},{"type":"Feature","properties":{"id":"lens-traffic-road-london-way/1095466631","layer":"traffic_road","category":"transport","year":1974,"visible_year":2025,"rank":4,"name":"Harrow Road","source_id":"way/1095466631","source_url":"https://www.openstreetmap.org/way/1095466631","license":"ODbL","transport_raw":0.416,"transport_count":2,"transport_activity":0.234,"representation":"major-road transport-event activity","timing_note":"Road color is a three-year transport-event activity surface on current OSM major road geometry, not measured traffic volume or congestion."},"geometry":{"type":"LineString","coordinates":[[-0.3141297,51.5529956],[-0.3142021,51.5531603]]}},{"type":"Feature","properties":{"id":"lens-traffic-road-london-way/501242779","layer":"traffic_road","category":"transport","year":1974,"visible_year":2023,"rank":4,"name":"Harrow Road","source_id":"way/501242779","source_url":"https://www.openstreetmap.org/way/501242779","license":"ODbL","transport_raw":0.416,"transport_count":2,"transport_activity":0.233,"representation":"major-road transport-event activity","timing_note":"Road color is a three-year transport-event activity surface on current OSM major road geometry, not measured traffic volume or congestion."},"geometry":{"type":"LineString","coordinates":[[-0.3143569,51.5534508],[-0.3142084,51.5533474],[-0.3141675,51.5533032],[-0.3140742,51.5532124],[-0.3139732,51.5531453],[-0.3137266,51.5530436]]}},{"type":"Feature","properties":{"id":"lens-traffic-road-london-way/10438983","layer":"traffic_road","category":"transport","year":1974,"visible_year":2022,"rank":2,"name":"St John's Road","source_id":"way/10438983","source_url":"https://www.openstreetmap.org/way/10438983","license":"ODbL","transport_raw":0.412,"transport_count":2,"transport_activity":0.231,"representation":"major-road transport-event activity","timing_note":"Road color is a three-year transport-event activity surface on current OSM major road geometry, not measured traffic volume or congestion."},"geometry":{"type":"LineString","coordinates":[[-0.2974908,51.5545404],[-0.2987565,51.5557643],[-0.2989803,51.5560994],[-0.2993997,51.5567411],[-0.2995342,51.5569428],[-0.2996735,51.5571518]]}},{"type":"Feature","properties":{"id":"lens-traffic-road-london-way/97943761","layer":"traffic_road","category":"transport","year":1974,"visible_year":2025,"rank":2,"name":"Salusbury Road","source_id":"way/97943761","source_url":"https://www.openstreetmap.org/way/97943761","license":"ODbL","transport_raw":0.412,"transport_count":4,"transport_activity":0.231,"representation":"major-road transport-event activity","timing_note":"Road color is a three-year transport-event activity surface on current OSM major road geometry, not measured traffic volume or congestion."},"geometry":{"type":"LineString","coordinates":[[-0.2041281,51.5336461],[-0.2042658,51.5338228]]}},{"type":"Feature","properties":{"id":"lens-traffic-road-london-way/1095466632","layer":"traffic_road","category":"transport","year":1974,"visible_year":2022,"rank":4,"name":"Harrow Road","source_id":"way/1095466632","source_url":"https://www.openstreetmap.org/way/1095466632","license":"ODbL","transport_raw":0.398,"transport_count":2,"transport_activity":0.223,"representation":"major-road transport-event activity","timing_note":"Road color is a three-year transport-event activity surface on current OSM major road geometry, not measured traffic volume or congestion."},"geometry":{"type":"LineString","coordinates":[[-0.3142021,51.5531603],[-0.3142364,51.5531968],[-0.3142575,51.5532176]]}},{"type":"Feature","properties":{"id":"lens-traffic-road-london-way/35543802","layer":"traffic_road","category":"transport","year":1974,"visible_year":2025,"rank":3,"name":"Kilburn Park Road","source_id":"way/35543802","source_url":"https://www.openstreetmap.org/way/35543802","license":"ODbL","transport_raw":0.398,"transport_count":4,"transport_activity":0.223,"representation":"major-road transport-event activity","timing_note":"Road color is a three-year transport-event activity surface on current OSM major road geometry, not measured traffic volume or congestion."},"geometry":{"type":"LineString","coordinates":[[-0.1922735,51.5331159],[-0.1921848,51.5333134],[-0.1918826,51.533745],[-0.1913182,51.5341755],[-0.1912161,51.5342534],[-0.191087,51.5343138],[-0.1907929,51.5344514],[-0.1904106,51.5346326],[-0.1903433,51.534665]]}},{"type":"Feature","properties":{"id":"lens-traffic-road-london-way/589509621","layer":"traffic_road","category":"transport","year":1974,"visible_year":2025,"rank":3,"name":"Kilburn Lane","source_id":"way/589509621","source_url":"https://www.openstreetmap.org/way/589509621","license":"ODbL","transport_raw":0.391,"transport_count":4,"transport_activity":0.219,"representation":"major-road transport-event activity","timing_note":"Road color is a three-year transport-event activity surface on current OSM major road geometry, not measured traffic volume or congestion."},"geometry":{"type":"LineString","coordinates":[[-0.2055395,51.532948],[-0.2054146,51.532952],[-0.2048716,51.5329496]]}},{"type":"Feature","properties":{"id":"lens-traffic-road-london-way/719102758","layer":"traffic_road","category":"transport","year":1974,"visible_year":2024,"rank":3,"name":"Elgin Avenue","source_id":"way/719102758","source_url":"https://www.openstreetmap.org/way/719102758","license":"ODbL","transport_raw":0.382,"transport_count":4,"transport_activity":0.214,"representation":"major-road transport-event activity","timing_note":"Road color is a three-year transport-event activity surface on current OSM major road geometry, not measured traffic volume or congestion."},"geometry":{"type":"LineString","coordinates":[[-0.2010901,51.5244419],[-0.2006021,51.5245429],[-0.2000902,51.5246488],[-0.1996192,51.5247462],[-0.1989773,51.524879],[-0.1980674,51.5250882],[-0.1976458,51.5251851],[-0.1976056,51.5251944],[-0.1974585,51.5252375]]}},{"type":"Feature","properties":{"id":"lens-traffic-road-london-way/2138657","layer":"traffic_road","category":"transport","year":1974,"visible_year":2022,"rank":4,"name":"Harrow Road","source_id":"way/2138657","source_url":"https://www.openstreetmap.org/way/2138657","license":"ODbL","transport_raw":0.346,"transport_count":2,"transport_activity":0.194,"representation":"major-road transport-event activity","timing_note":"Road color is a three-year transport-event activity surface on current OSM major road geometry, not measured traffic volume or congestion."},"geometry":{"type":"LineString","coordinates":[[-0.3142575,51.5532176],[-0.3143414,51.5533133],[-0.3144379,51.5534215],[-0.3145202,51.5535604],[-0.314596,51.5537244]]}},{"type":"Feature","properties":{"id":"lens-traffic-road-london-way/72570829","layer":"traffic_road","category":"transport","year":1974,"visible_year":2024,"rank":2,"name":"Salusbury Road","source_id":"way/72570829","source_url":"https://www.openstreetmap.org/way/72570829","license":"ODbL","transport_raw":0.346,"transport_count":4,"transport_activity":0.194,"representation":"major-road transport-event activity","timing_note":"Road color is a three-year transport-event activity surface on current OSM major road geometry, not measured traffic volume or congestion."},"geometry":{"type":"LineString","coordinates":[[-0.2042658,51.5338228],[-0.204486,51.5342252],[-0.2045557,51.5343526]]}},{"type":"Feature","properties":{"id":"lens-traffic-road-london-way/279258591","layer":"traffic_road","category":"transport","year":1974,"visible_year":2023,"rank":4,"name":"Harrow Road","source_id":"way/279258591","source_url":"https://www.openstreetmap.org/way/279258591","license":"ODbL","transport_raw":0.328,"transport_count":2,"transport_activity":0.184,"representation":"major-road transport-event activity","timing_note":"Road color is a three-year transport-event activity surface on current OSM major road geometry, not measured traffic volume or congestion."},"geometry":{"type":"LineString","coordinates":[[-0.314596,51.5537244],[-0.3144638,51.5535765],[-0.3143569,51.5534508]]}},{"type":"Feature","properties":{"id":"lens-traffic-road-london-way/1178740631","layer":"traffic_road","category":"transport","year":1974,"visible_year":2023,"rank":4,"name":"High Road","source_id":"way/1178740631","source_url":"https://www.openstreetmap.org/way/1178740631","license":"ODbL","transport_raw":0.322,"transport_count":2,"transport_activity":0.181,"representation":"major-road transport-event activity","timing_note":"Road color is a three-year transport-event activity surface on current OSM major road geometry, not measured traffic volume or congestion."},"geometry":{"type":"LineString","coordinates":[[-0.2942971,51.5534286],[-0.2950546,51.553151],[-0.2951229,51.5531273],[-0.2952,51.5530953],[-0.2952905,51.5530579]]}},{"type":"Feature","properties":{"id":"lens-traffic-road-london-way/149713822","layer":"traffic_road","category":"transport","year":1974,"visible_year":2024,"rank":3,"name":"Kilburn Lane","source_id":"way/149713822","source_url":"https://www.openstreetmap.org/way/149713822","license":"ODbL","transport_raw":0.323,"transport_count":4,"transport_activity":0.181,"representation":"major-road transport-event activity","timing_note":"Road color is a three-year transport-event activity surface on current OSM major road geometry, not measured traffic volume or congestion."},"geometry":{"type":"LineString","coordinates":[[-0.2066321,51.532868],[-0.2060391,51.5329121],[-0.2057351,51.5329377],[-0.2055395,51.532948]]}},{"type":"Feature","properties":{"id":"lens-traffic-road-london-way/819075275","layer":"traffic_road","category":"transport","year":1974,"visible_year":2025,"rank":2,"name":"Elgin Avenue","source_id":"way/819075275","source_url":"https://www.openstreetmap.org/way/819075275","license":"ODbL","transport_raw":0.313,"transport_count":4,"transport_activity":0.176,"representation":"major-road transport-event activity","timing_note":"Road color is a three-year transport-event activity surface on current OSM major road geometry, not measured traffic volume or congestion."},"geometry":{"type":"LineString","coordinates":[[-0.1904761,51.5278518],[-0.1904706,51.5278946],[-0.1904319,51.5279119],[-0.188425,51.5288107],[-0.1883114,51.5288616],[-0.1882172,51.5289047],[-0.1871798,51.5293788],[-0.1863469,51.5297992],[-0.186298,51.529824]]}},{"type":"Feature","properties":{"id":"lens-traffic-road-london-way/4006007","layer":"traffic_road","category":"transport","year":1974,"visible_year":2024,"rank":2,"name":"Chippenham Road","source_id":"way/4006007","source_url":"https://www.openstreetmap.org/way/4006007","license":"ODbL","transport_raw":0.31,"transport_count":4,"transport_activity":0.174,"representation":"major-road transport-event activity","timing_note":"Road color is a three-year transport-event activity surface on current OSM major road geometry, not measured traffic volume or congestion."},"geometry":{"type":"LineString","coordinates":[[-0.1976447,51.5235471],[-0.1976429,51.5235843],[-0.1976191,51.5238284],[-0.1975988,51.5239852],[-0.1975362,51.5243506],[-0.1975315,51.5244165],[-0.1974822,51.5249367],[-0.1974753,51.5250628],[-0.1974708,51.5251081],[-0.1974585,51.5252375]]}},{"type":"Feature","properties":{"id":"lens-traffic-road-london-way/156510012","layer":"traffic_road","category":"transport","year":1974,"visible_year":2025,"rank":2,"name":"Elgin Avenue","source_id":"way/156510012","source_url":"https://www.openstreetmap.org/way/156510012","license":"ODbL","transport_raw":0.306,"transport_count":4,"transport_activity":0.172,"representation":"major-road transport-event activity","timing_note":"Road color is a three-year transport-event activity surface on current OSM major road geometry, not measured traffic volume or congestion."},"geometry":{"type":"LineString","coordinates":[[-0.186236,51.5297731],[-0.1862768,51.5297511],[-0.187125,51.5293309],[-0.1881644,51.5288619],[-0.1882749,51.5288183],[-0.1883839,51.5287689],[-0.1903788,51.5278659],[-0.1904201,51.5278471],[-0.1904761,51.5278518]]}},{"type":"Feature","properties":{"id":"lens-traffic-road-london-way/4636453","layer":"traffic_road","category":"transport","year":1974,"visible_year":2026,"rank":2,"name":"Elm Road","source_id":"way/4636453","source_url":"https://www.openstreetmap.org/way/4636453","license":"ODbL","transport_raw":0.307,"transport_count":2,"transport_activity":0.172,"representation":"major-road transport-event activity","timing_note":"Road color is a three-year transport-event activity surface on current OSM major road geometry, not measured traffic volume or congestion."},"geometry":{"type":"LineString","coordinates":[[-0.2936248,51.5544145],[-0.2936826,51.5543996],[-0.295498,51.5539298],[-0.2963732,51.5537102],[-0.2964761,51.5536925],[-0.2965505,51.5537003]]}},{"type":"Feature","properties":{"id":"lens-traffic-road-london-way/312263592","layer":"traffic_road","category":"transport","year":1974,"visible_year":2025,"rank":3,"name":"Shirland Road","source_id":"way/312263592","source_url":"https://www.openstreetmap.org/way/312263592","license":"ODbL","transport_raw":0.304,"transport_count":4,"transport_activity":0.17,"representation":"major-road transport-event activity","timing_note":"Road color is a three-year transport-event activity surface on current OSM major road geometry, not measured traffic volume or congestion."},"geometry":{"type":"LineString","coordinates":[[-0.1931222,51.5263274],[-0.1930018,51.5262689],[-0.1923268,51.525941],[-0.1913805,51.5254814],[-0.1903143,51.5249556],[-0.190099,51.5248495]]}},{"type":"Feature","properties":{"id":"lens-traffic-road-london-way/72570828","layer":"traffic_road","category":"transport","year":1974,"visible_year":2025,"rank":2,"name":"Salusbury Road","source_id":"way/72570828","source_url":"https://www.openstreetmap.org/way/72570828","license":"ODbL","transport_raw":0.285,"transport_count":4,"transport_activity":0.16,"representation":"major-road transport-event activity","timing_note":"Road color is a three-year transport-event activity surface on current OSM major road geometry, not measured traffic volume or congestion."},"geometry":{"type":"LineString","coordinates":[[-0.2045557,51.5343526],[-0.204624,51.5344883],[-0.2046384,51.5345171],[-0.2046657,51.5345711],[-0.2046959,51.5346313]]}},{"type":"Feature","properties":{"id":"lens-traffic-road-london-way/279258590","layer":"traffic_road","category":"transport","year":1974,"visible_year":2022,"rank":4,"name":"Harrow Road","source_id":"way/279258590","source_url":"https://www.openstreetmap.org/way/279258590","license":"ODbL","transport_raw":0.281,"transport_count":2,"transport_activity":0.158,"representation":"major-road transport-event activity","timing_note":"Road color is a three-year transport-event activity surface on current OSM major road geometry, not measured traffic volume or congestion."},"geometry":{"type":"LineString","coordinates":[[-0.314596,51.5537244],[-0.3146175,51.5537718],[-0.3146587,51.5538495],[-0.3146899,51.5539084]]}},{"type":"Feature","properties":{"id":"lens-traffic-road-london-way/1073925654","layer":"traffic_road","category":"transport","year":1974,"visible_year":2022,"rank":2,"name":"Salusbury Road","source_id":"way/1073925654","source_url":"https://www.openstreetmap.org/way/1073925654","license":"ODbL","transport_raw":0.258,"transport_count":4,"transport_activity":0.145,"representation":"major-road transport-event activity","timing_note":"Road color is a three-year transport-event activity surface on current OSM major road geometry, not measured traffic volume or congestion."},"geometry":{"type":"LineString","coordinates":[[-0.2046959,51.5346313],[-0.2047433,51.5347157]]}},{"type":"Feature","properties":{"id":"lens-traffic-road-london-way/1074151202","layer":"traffic_road","category":"transport","year":1974,"visible_year":2023,"rank":4,"name":"Harrow Road","source_id":"way/1074151202","source_url":"https://www.openstreetmap.org/way/1074151202","license":"ODbL","transport_raw":0.253,"transport_count":2,"transport_activity":0.142,"representation":"major-road transport-event activity","timing_note":"Road color is a three-year transport-event activity surface on current OSM major road geometry, not measured traffic volume or congestion."},"geometry":{"type":"LineString","coordinates":[[-0.3146899,51.5539084],[-0.3147555,51.5540321]]}},{"type":"Feature","properties":{"id":"lens-traffic-road-london-way/1317822915","layer":"traffic_road","category":"transport","year":1974,"visible_year":2026,"rank":4,"name":"Harrow Road","source_id":"way/1317822915","source_url":"https://www.openstreetmap.org/way/1317822915","license":"ODbL","transport_raw":0.239,"transport_count":4,"transport_activity":0.134,"representation":"major-road transport-event activity","timing_note":"Road color is a three-year transport-event activity surface on current OSM major road geometry, not measured traffic volume or congestion."},"geometry":{"type":"LineString","coordinates":[[-0.2051784,51.526101],[-0.2051279,51.5260762],[-0.2049052,51.5259585],[-0.2043906,51.5256583],[-0.2042519,51.5255762],[-0.2041223,51.5254994],[-0.204058,51.525462]]}},{"type":"Feature","properties":{"id":"lens-traffic-road-london-way/1073925653","layer":"traffic_road","category":"transport","year":1974,"visible_year":2024,"rank":2,"name":"Salusbury Road","source_id":"way/1073925653","source_url":"https://www.openstreetmap.org/way/1073925653","license":"ODbL","transport_raw":0.238,"transport_count":4,"transport_activity":0.133,"representation":"major-road transport-event activity","timing_note":"Road color is a three-year transport-event activity surface on current OSM major road geometry, not measured traffic volume or congestion."},"geometry":{"type":"LineString","coordinates":[[-0.2047433,51.5347157],[-0.2047669,51.5347573],[-0.2048547,51.5349131]]}},{"type":"Feature","properties":{"id":"lens-traffic-road-london-way/1317822910","layer":"traffic_road","category":"transport","year":1974,"visible_year":2026,"rank":4,"name":"Harrow Road","source_id":"way/1317822910","source_url":"https://www.openstreetmap.org/way/1317822910","license":"ODbL","transport_raw":0.237,"transport_count":4,"transport_activity":0.133,"representation":"major-road transport-event activity","timing_note":"Road color is a three-year transport-event activity surface on current OSM major road geometry, not measured traffic volume or congestion."},"geometry":{"type":"LineString","coordinates":[[-0.204058,51.525462],[-0.2038465,51.5253454]]}},{"type":"Feature","properties":{"id":"lens-traffic-road-london-way/1317822914","layer":"traffic_road","category":"transport","year":1974,"visible_year":2026,"rank":4,"name":"Harrow Road","source_id":"way/1317822914","source_url":"https://www.openstreetmap.org/way/1317822914","license":"ODbL","transport_raw":0.235,"transport_count":4,"transport_activity":0.132,"representation":"major-road transport-event activity","timing_note":"Road color is a three-year transport-event activity surface on current OSM major road geometry, not measured traffic volume or congestion."},"geometry":{"type":"LineString","coordinates":[[-0.2038465,51.5253454],[-0.2037487,51.5252888],[-0.2037024,51.5252621],[-0.2036513,51.5252363],[-0.2034298,51.5251245]]}},{"type":"Feature","properties":{"id":"lens-traffic-road-london-way/1233161149","layer":"traffic_road","category":"transport","year":1974,"visible_year":2024,"rank":4,"name":"Harrow Road","source_id":"way/1233161149","source_url":"https://www.openstreetmap.org/way/1233161149","license":"ODbL","transport_raw":0.231,"transport_count":2,"transport_activity":0.13,"representation":"major-road transport-event activity","timing_note":"Road color is a three-year transport-event activity surface on current OSM major road geometry, not measured traffic volume or congestion."},"geometry":{"type":"LineString","coordinates":[[-0.3147555,51.5540321],[-0.3148196,51.5541532]]}},{"type":"Feature","properties":{"id":"lens-traffic-road-london-way/71387747","layer":"traffic_road","category":"transport","year":1974,"visible_year":2026,"rank":4,"name":"Harrow Road","source_id":"way/71387747","source_url":"https://www.openstreetmap.org/way/71387747","license":"ODbL","transport_raw":0.23,"transport_count":4,"transport_activity":0.129,"representation":"major-road transport-event activity","timing_note":"Road color is a three-year transport-event activity surface on current OSM major road geometry, not measured traffic volume or congestion."},"geometry":{"type":"LineString","coordinates":[[-0.2034298,51.5251245],[-0.2032417,51.5250233],[-0.2031879,51.5249954],[-0.2030868,51.5249428]]}},{"type":"Feature","properties":{"id":"lens-traffic-road-london-way/1317822916","layer":"traffic_road","category":"transport","year":1974,"visible_year":2026,"rank":4,"name":"Harrow Road","source_id":"way/1317822916","source_url":"https://www.openstreetmap.org/way/1317822916","license":"ODbL","transport_raw":0.224,"transport_count":4,"transport_activity":0.125,"representation":"major-road transport-event activity","timing_note":"Road color is a three-year transport-event activity surface on current OSM major road geometry, not measured traffic volume or congestion."},"geometry":{"type":"LineString","coordinates":[[-0.2056125,51.5262356],[-0.20544,51.5261946],[-0.2053923,51.5261812],[-0.2053279,51.5261603],[-0.2051784,51.526101]]}},{"type":"Feature","properties":{"id":"lens-traffic-road-london-way/1317822912","layer":"traffic_road","category":"transport","year":1974,"visible_year":2026,"rank":4,"name":"Harrow Road","source_id":"way/1317822912","source_url":"https://www.openstreetmap.org/way/1317822912","license":"ODbL","transport_raw":0.222,"transport_count":4,"transport_activity":0.124,"representation":"major-road transport-event activity","timing_note":"Road color is a three-year transport-event activity surface on current OSM major road geometry, not measured traffic volume or congestion."},"geometry":{"type":"LineString","coordinates":[[-0.2030868,51.5249428],[-0.2028667,51.5248266],[-0.202819,51.5248014],[-0.2027646,51.5247745],[-0.2025564,51.5246713]]}},{"type":"Feature","properties":{"id":"lens-traffic-road-london-way/156733982","layer":"traffic_road","category":"transport","year":1974,"visible_year":2024,"rank":3,"name":"Elgin Avenue","source_id":"way/156733982","source_url":"https://www.openstreetmap.org/way/156733982","license":"ODbL","transport_raw":0.222,"transport_count":4,"transport_activity":0.124,"representation":"major-road transport-event activity","timing_note":"Road color is a three-year transport-event activity surface on current OSM major road geometry, not measured traffic volume or congestion."},"geometry":{"type":"LineString","coordinates":[[-0.2013826,51.5242566],[-0.2013223,51.5243094],[-0.2013056,51.524324],[-0.2012748,51.5243466],[-0.2010901,51.5244419]]}},{"type":"Feature","properties":{"id":"lens-traffic-road-london-way/4442243","layer":"traffic_road","category":"transport","year":1974,"visible_year":2025,"rank":3,"name":"Brondesbury Road","source_id":"way/4442243","source_url":"https://www.openstreetmap.org/way/4442243","license":"ODbL","transport_raw":0.221,"transport_count":4,"transport_activity":0.124,"representation":"major-road transport-event activity","timing_note":"Road color is a three-year transport-event activity surface on current OSM major road geometry, not measured traffic volume or congestion."},"geometry":{"type":"LineString","coordinates":[[-0.2046959,51.5346313],[-0.2046012,51.5346497],[-0.2044872,51.5346768],[-0.2044384,51.5346915],[-0.2042575,51.5347416],[-0.2034441,51.5350132],[-0.2031723,51.535104],[-0.2027435,51.5352561],[-0.2023863,51.5353807],[-0.2018663,51.5355657],[-0.201375,51.535743],[-0.2007018,51.5359893],[-0.2003273,51.5361277],[-0.1999988,51.5362518],[-0.1984065,51.536833],[-0.1979666,51.536993],[-0.1975808,51.5371321],[-0.1969268,51.5373804],[-0.1965409,51.5375225],[-0.1963227,51.5375958],[-0.1962214,51.5376354],[-0.1962015,51.5376431],[-0.1960875,51.5376877],[-0.1955979,51.5378727],[-0.195307,51.5379834],[-0.1952448,51.538007],[-0.1950226,51.5380916],[-0.1948565,51.5381547],[-0.1944811,51.5382886],[-0.1942113,51.5383933],[-0.1941629,51.538412],[-0.1941161,51.5384302],[-0.193998,51.538476]]}},{"type":"Feature","properties":{"id":"lens-traffic-road-london-way/1317822913","layer":"traffic_road","category":"transport","year":1974,"visible_year":2026,"rank":4,"name":"Harrow Road","source_id":"way/1317822913","source_url":"https://www.openstreetmap.org/way/1317822913","license":"ODbL","transport_raw":0.206,"transport_count":4,"transport_activity":0.115,"representation":"major-road transport-event activity","timing_note":"Road color is a three-year transport-event activity surface on current OSM major road geometry, not measured traffic volume or congestion."},"geometry":{"type":"LineString","coordinates":[[-0.2025564,51.5246713],[-0.2023885,51.5245941],[-0.2018994,51.5243667],[-0.2018541,51.5243458],[-0.2018041,51.5243195]]}},{"type":"Feature","properties":{"id":"lens-traffic-road-london-way/1317837416","layer":"traffic_road","category":"transport","year":1974,"visible_year":2026,"rank":4,"name":"Harrow Road","source_id":"way/1317837416","source_url":"https://www.openstreetmap.org/way/1317837416","license":"ODbL","transport_raw":0.202,"transport_count":4,"transport_activity":0.113,"representation":"major-road transport-event activity","timing_note":"Road color is a three-year transport-event activity surface on current OSM major road geometry, not measured traffic volume or congestion."},"geometry":{"type":"LineString","coordinates":[[-0.2058893,51.526283],[-0.2056125,51.5262356]]}},{"type":"Feature","properties":{"id":"lens-traffic-road-london-way/1317612575","layer":"traffic_road","category":"transport","year":1974,"visible_year":2024,"rank":3,"name":"Elgin Avenue","source_id":"way/1317612575","source_url":"https://www.openstreetmap.org/way/1317612575","license":"ODbL","transport_raw":0.198,"transport_count":4,"transport_activity":0.111,"representation":"major-road transport-event activity","timing_note":"Road color is a three-year transport-event activity surface on current OSM major road geometry, not measured traffic volume or congestion."},"geometry":{"type":"LineString","coordinates":[[-0.2015028,51.5241951],[-0.2014238,51.5242277],[-0.2014009,51.5242423],[-0.2013826,51.5242566]]}},{"type":"Feature","properties":{"id":"lens-traffic-road-london-way/501242778","layer":"traffic_road","category":"transport","year":1974,"visible_year":2017,"rank":4,"name":"Harrow Road","source_id":"way/501242778","source_url":"https://www.openstreetmap.org/way/501242778","license":"ODbL","transport_raw":0.195,"transport_count":2,"transport_activity":0.109,"representation":"major-road transport-event activity","timing_note":"Road color is a three-year transport-event activity surface on current OSM major road geometry, not measured traffic volume or congestion."},"geometry":{"type":"LineString","coordinates":[[-0.3148196,51.5541532],[-0.3149845,51.5543938]]}},{"type":"Feature","properties":{"id":"lens-traffic-road-london-way/1317612174","layer":"traffic_road","category":"transport","year":1974,"visible_year":2026,"rank":4,"name":"Harrow Road","source_id":"way/1317612174","source_url":"https://www.openstreetmap.org/way/1317612174","license":"ODbL","transport_raw":0.193,"transport_count":4,"transport_activity":0.108,"representation":"major-road transport-event activity","timing_note":"Road color is a three-year transport-event activity surface on current OSM major road geometry, not measured traffic volume or congestion."},"geometry":{"type":"LineString","coordinates":[[-0.2018041,51.5243195],[-0.2015028,51.5241951]]}},{"type":"Feature","properties":{"id":"lens-traffic-road-london-way/158003502","layer":"traffic_road","category":"transport","year":1974,"visible_year":2024,"rank":2,"name":"Allendale Road","source_id":"way/158003502","source_url":"https://www.openstreetmap.org/way/158003502","license":"ODbL","transport_raw":0.192,"transport_count":2,"transport_activity":0.108,"representation":"major-road transport-event activity","timing_note":"Road color is a three-year transport-event activity surface on current OSM major road geometry, not measured traffic volume or congestion."},"geometry":{"type":"LineString","coordinates":[[-0.3176036,51.5516528],[-0.3175433,51.5517051],[-0.3174508,51.5517449],[-0.3168741,51.5518919],[-0.3166717,51.5519416],[-0.3162159,51.5520747],[-0.3147376,51.5525314],[-0.3145604,51.5525861],[-0.3144193,51.5526407],[-0.3142194,51.5526901],[-0.314119,51.5527134]]}},{"type":"Feature","properties":{"id":"lens-traffic-road-london-way/1317612308","layer":"traffic_road","category":"transport","year":1974,"visible_year":2026,"rank":4,"name":"Harrow Road","source_id":"way/1317612308","source_url":"https://www.openstreetmap.org/way/1317612308","license":"ODbL","transport_raw":0.187,"transport_count":4,"transport_activity":0.105,"representation":"major-road transport-event activity","timing_note":"Road color is a three-year transport-event activity surface on current OSM major road geometry, not measured traffic volume or congestion."},"geometry":{"type":"LineString","coordinates":[[-0.2015028,51.5241951],[-0.2013326,51.5241175]]}},{"type":"Feature","properties":{"id":"lens-traffic-road-london-way/509175882","layer":"traffic_road","category":"transport","year":1974,"visible_year":2026,"rank":3,"name":"Kilburn Park Road","source_id":"way/509175882","source_url":"https://www.openstreetmap.org/way/509175882","license":"ODbL","transport_raw":0.188,"transport_count":4,"transport_activity":0.105,"representation":"major-road transport-event activity","timing_note":"Road color is a three-year transport-event activity surface on current OSM major road geometry, not measured traffic volume or congestion."},"geometry":{"type":"LineString","coordinates":[[-0.1903433,51.534665],[-0.1901975,51.5347348],[-0.1900157,51.5348213],[-0.1897111,51.5349693],[-0.1896128,51.5350171],[-0.1894561,51.5350932]]}},{"type":"Feature","properties":{"id":"lens-traffic-road-london-way/1317612436","layer":"traffic_road","category":"transport","year":1974,"visible_year":2024,"rank":4,"name":"Great Western Road","source_id":"way/1317612436","source_url":"https://www.openstreetmap.org/way/1317612436","license":"ODbL","transport_raw":0.182,"transport_count":4,"transport_activity":0.102,"representation":"major-road transport-event activity","timing_note":"Road color is a three-year transport-event activity surface on current OSM major road geometry, not measured traffic volume or congestion."},"geometry":{"type":"LineString","coordinates":[[-0.2016289,51.5241492],[-0.2016085,51.5241605],[-0.2015757,51.5241752],[-0.2015028,51.5241951]]}},{"type":"Feature","properties":{"id":"lens-traffic-road-london-way/23972477","layer":"traffic_road","category":"transport","year":1974,"visible_year":2025,"rank":2,"name":"St John's Road","source_id":"way/23972477","source_url":"https://www.openstreetmap.org/way/23972477","license":"ODbL","transport_raw":0.179,"transport_count":2,"transport_activity":0.1,"representation":"major-road transport-event activity","timing_note":"Road color is a three-year transport-event activity surface on current OSM major road geometry, not measured traffic volume or congestion."},"geometry":{"type":"LineString","coordinates":[[-0.2996735,51.5571518],[-0.2998913,51.5574764],[-0.3004731,51.5583433]]}},{"type":"Feature","properties":{"id":"lens-traffic-road-london-way/4734118","layer":"traffic_road","category":"transport","year":1974,"visible_year":2024,"rank":4,"name":"Bridgewater Road","source_id":"way/4734118","source_url":"https://www.openstreetmap.org/way/4734118","license":"ODbL","transport_raw":0.179,"transport_count":2,"transport_activity":0.1,"representation":"major-road transport-event activity","timing_note":"Road color is a three-year transport-event activity surface on current OSM major road geometry, not measured traffic volume or congestion."},"geometry":{"type":"LineString","coordinates":[[-0.3018951,51.5407235],[-0.3026886,51.5411009],[-0.3031733,51.5413478],[-0.3036583,51.5416375],[-0.304171,51.5419975],[-0.304481,51.5422553],[-0.3047745,51.542546],[-0.3050398,51.5428571],[-0.3052054,51.5431024],[-0.3054769,51.5435451],[-0.3056733,51.5438886],[-0.3058406,51.5441343],[-0.3063324,51.5447325],[-0.3066796,51.5451054],[-0.3070307,51.5454574],[-0.3078234,51.5461212],[-0.3082137,51.5463703],[-0.3086111,51.5465781],[-0.3089209,51.5467402],[-0.3092733,51.5469009],[-0.30969,51.5470566],[-0.3109345,51.547442],[-0.3110996,51.5475038],[-0.3114931,51.5477363]]}},{"type":"Feature","properties":{"id":"lens-traffic-road-london-way/61507666","layer":"traffic_road","category":"transport","year":1974,"visible_year":2026,"rank":4,"name":"Harrow Road","source_id":"way/61507666","source_url":"https://www.openstreetmap.org/way/61507666","license":"ODbL","transport_raw":0.178,"transport_count":4,"transport_activity":0.1,"representation":"major-road transport-event activity","timing_note":"Road color is a three-year transport-event activity surface on current OSM major road geometry, not measured traffic volume or congestion."},"geometry":{"type":"LineString","coordinates":[[-0.2013326,51.5241175],[-0.2012968,51.5241057],[-0.2012332,51.5240828],[-0.2008364,51.5239485],[-0.2003947,51.5238529],[-0.2003095,51.5238407],[-0.1999089,51.5237717],[-0.199251,51.523686],[-0.1991956,51.523679]]}},{"type":"Feature","properties":{"id":"lens-traffic-road-london-way/1317809838","layer":"traffic_road","category":"transport","year":1974,"visible_year":2026,"rank":4,"name":"Harrow Road","source_id":"way/1317809838","source_url":"https://www.openstreetmap.org/way/1317809838","license":"ODbL","transport_raw":0.164,"transport_count":4,"transport_activity":0.092,"representation":"major-road transport-event activity","timing_note":"Road color is a three-year transport-event activity surface on current OSM major road geometry, not measured traffic volume or congestion."},"geometry":{"type":"LineString","coordinates":[[-0.1991956,51.523679],[-0.1991272,51.5236698],[-0.1987349,51.5236189],[-0.1985916,51.5235973],[-0.1983275,51.5235518]]}},{"type":"Feature","properties":{"id":"lens-traffic-road-london-way/1317709832","layer":"traffic_road","category":"transport","year":1974,"visible_year":2026,"rank":4,"name":"Harrow Road","source_id":"way/1317709832","source_url":"https://www.openstreetmap.org/way/1317709832","license":"ODbL","transport_raw":0.147,"transport_count":4,"transport_activity":0.083,"representation":"major-road transport-event activity","timing_note":"Road color is a three-year transport-event activity surface on current OSM major road geometry, not measured traffic volume or congestion."},"geometry":{"type":"LineString","coordinates":[[-0.1983275,51.5235518],[-0.1979945,51.5234944],[-0.1979229,51.523482],[-0.197865,51.5234721],[-0.1976517,51.5234353]]}},{"type":"Feature","properties":{"id":"lens-traffic-road-london-way/1317809832","layer":"traffic_road","category":"transport","year":1974,"visible_year":2024,"rank":2,"name":"Chippenham Road","source_id":"way/1317809832","source_url":"https://www.openstreetmap.org/way/1317809832","license":"ODbL","transport_raw":0.149,"transport_count":4,"transport_activity":0.083,"representation":"major-road transport-event activity","timing_note":"Road color is a three-year transport-event activity surface on current OSM major road geometry, not measured traffic volume or congestion."},"geometry":{"type":"LineString","coordinates":[[-0.1976517,51.5234353],[-0.1976447,51.5235471]]}},{"type":"Feature","properties":{"id":"lens-traffic-road-london-way/1067139357","layer":"traffic_road","category":"transport","year":1974,"visible_year":2026,"rank":4,"name":"Kilburn High Road","source_id":"way/1067139357","source_url":"https://www.openstreetmap.org/way/1067139357","license":"ODbL","transport_raw":0.14,"transport_count":4,"transport_activity":0.078,"representation":"major-road transport-event activity","timing_note":"Road color is a three-year transport-event activity surface on current OSM major road geometry, not measured traffic volume or congestion."},"geometry":{"type":"LineString","coordinates":[[-0.1901433,51.5354333],[-0.1906644,51.5357006],[-0.1907645,51.5357547]]}},{"type":"Feature","properties":{"id":"lens-traffic-road-london-way/1067139358","layer":"traffic_road","category":"transport","year":1974,"visible_year":2025,"rank":4,"name":"Kilburn High Road","source_id":"way/1067139358","source_url":"https://www.openstreetmap.org/way/1067139358","license":"ODbL","transport_raw":0.133,"transport_count":4,"transport_activity":0.075,"representation":"major-road transport-event activity","timing_note":"Road color is a three-year transport-event activity surface on current OSM major road geometry, not measured traffic volume or congestion."},"geometry":{"type":"LineString","coordinates":[[-0.1907645,51.5357547],[-0.1909576,51.5358617],[-0.1912586,51.5361023]]}},{"type":"Feature","properties":{"id":"lens-traffic-road-london-way/149031880","layer":"traffic_road","category":"transport","year":1974,"visible_year":2026,"rank":4,"name":"Kilburn High Road","source_id":"way/149031880","source_url":"https://www.openstreetmap.org/way/149031880","license":"ODbL","transport_raw":0.132,"transport_count":4,"transport_activity":0.074,"representation":"major-road transport-event activity","timing_note":"Road color is a three-year transport-event activity surface on current OSM major road geometry, not measured traffic volume or congestion."},"geometry":{"type":"LineString","coordinates":[[-0.1894561,51.5350932],[-0.1895697,51.5351618],[-0.1896971,51.5352254],[-0.189792,51.5352778],[-0.1899127,51.535337],[-0.1901433,51.5354333]]}},{"type":"Feature","properties":{"id":"lens-traffic-road-london-way/1317822917","layer":"traffic_road","category":"transport","year":1974,"visible_year":2026,"rank":4,"name":"Harrow Road","source_id":"way/1317822917","source_url":"https://www.openstreetmap.org/way/1317822917","license":"ODbL","transport_raw":0.13,"transport_count":4,"transport_activity":0.073,"representation":"major-road transport-event activity","timing_note":"Road color is a three-year transport-event activity surface on current OSM major road geometry, not measured traffic volume or congestion."},"geometry":{"type":"LineString","coordinates":[[-0.2072646,51.5264299],[-0.2069171,51.5263922],[-0.2058893,51.526283]]}},{"type":"Feature","properties":{"id":"lens-traffic-road-london-way/563890941","layer":"traffic_road","category":"transport","year":1974,"visible_year":2024,"rank":4,"name":"Maida Vale","source_id":"way/563890941","source_url":"https://www.openstreetmap.org/way/563890941","license":"ODbL","transport_raw":0.13,"transport_count":4,"transport_activity":0.073,"representation":"major-road transport-event activity","timing_note":"Road color is a three-year transport-event activity surface on current OSM major road geometry, not measured traffic volume or congestion."},"geometry":{"type":"LineString","coordinates":[[-0.1887193,51.534518],[-0.1891003,51.5348173],[-0.1893367,51.5350125],[-0.1894561,51.5350932]]}},{"type":"Feature","properties":{"id":"lens-traffic-road-london-way/695940538","layer":"traffic_road","category":"transport","year":1974,"visible_year":2025,"rank":4,"name":"Maida Vale","source_id":"way/695940538","source_url":"https://www.openstreetmap.org/way/695940538","license":"ODbL","transport_raw":0.123,"transport_count":4,"transport_activity":0.069,"representation":"major-road transport-event activity","timing_note":"Road color is a three-year transport-event activity surface on current OSM major road geometry, not measured traffic volume or congestion."},"geometry":{"type":"LineString","coordinates":[[-0.1875317,51.5335177],[-0.1876014,51.5335773],[-0.1876315,51.533603],[-0.1876691,51.533631],[-0.1883315,51.5342017],[-0.1884626,51.5343093],[-0.1887193,51.534518]]}},{"type":"Feature","properties":{"id":"lens-traffic-road-london-way/105467196","layer":"traffic_road","category":"transport","year":1974,"visible_year":2026,"rank":2,"name":"Kilburn Priory","source_id":"way/105467196","source_url":"https://www.openstreetmap.org/way/105467196","license":"ODbL","transport_raw":0.119,"transport_count":4,"transport_activity":0.067,"representation":"major-road transport-event activity","timing_note":"Road color is a three-year transport-event activity surface on current OSM major road geometry, not measured traffic volume or congestion."},"geometry":{"type":"LineString","coordinates":[[-0.1899127,51.535337],[-0.1898221,51.5353881],[-0.1897999,51.5353964],[-0.1897325,51.5354213]]}},{"type":"Feature","properties":{"id":"lens-traffic-road-london-way/8145564","layer":"traffic_road","category":"transport","year":1974,"visible_year":2026,"rank":2,"name":"Kilburn Priory","source_id":"way/8145564","source_url":"https://www.openstreetmap.org/way/8145564","license":"ODbL","transport_raw":0.117,"transport_count":4,"transport_activity":0.066,"representation":"major-road transport-event activity","timing_note":"Road color is a three-year transport-event activity surface on current OSM major road geometry, not measured traffic volume or congestion."},"geometry":{"type":"LineString","coordinates":[[-0.1897325,51.5354213],[-0.1897261,51.5353863],[-0.1897369,51.5353674],[-0.1897454,51.5353527],[-0.1897481,51.5353406],[-0.189792,51.5352778]]}},{"type":"Feature","properties":{"id":"lens-traffic-road-london-way/239260642","layer":"traffic_road","category":"transport","year":1974,"visible_year":2026,"rank":4,"name":"Harrow Road","source_id":"way/239260642","source_url":"https://www.openstreetmap.org/way/239260642","license":"ODbL","transport_raw":0.113,"transport_count":4,"transport_activity":0.064,"representation":"major-road transport-event activity","timing_note":"Road color is a three-year transport-event activity surface on current OSM major road geometry, not measured traffic volume or congestion."},"geometry":{"type":"LineString","coordinates":[[-0.1976517,51.5234353],[-0.1975104,51.5234098],[-0.1974483,51.5233986],[-0.197422,51.5233939],[-0.1973894,51.5233894],[-0.1965658,51.5232694],[-0.1959699,51.523188],[-0.1956713,51.5231495],[-0.1956086,51.5231403]]}},{"type":"Feature","properties":{"id":"lens-traffic-road-london-way/232728113","layer":"traffic_road","category":"transport","year":1974,"visible_year":2025,"rank":4,"name":"Kilburn High Road","source_id":"way/232728113","source_url":"https://www.openstreetmap.org/way/232728113","license":"ODbL","transport_raw":0.113,"transport_count":4,"transport_activity":0.063,"representation":"major-road transport-event activity","timing_note":"Road color is a three-year transport-event activity surface on current OSM major road geometry, not measured traffic volume or congestion."},"geometry":{"type":"LineString","coordinates":[[-0.1912586,51.5361023],[-0.1913361,51.5361715],[-0.1914533,51.5362718],[-0.19152,51.5363357]]}},{"type":"Feature","properties":{"id":"lens-traffic-road-london-way/27747863","layer":"traffic_road","category":"transport","year":1974,"visible_year":2025,"rank":4,"name":"Ealing Road","source_id":"way/27747863","source_url":"https://www.openstreetmap.org/way/27747863","license":"ODbL","transport_raw":0.099,"transport_count":1,"transport_activity":0.055,"representation":"major-road transport-event activity","timing_note":"Road color is a three-year transport-event activity surface on current OSM major road geometry, not measured traffic volume or congestion."},"geometry":{"type":"LineString","coordinates":[[-0.2977399,51.5421718],[-0.2977037,51.5424413],[-0.2976714,51.5425725],[-0.2975963,51.5427826],[-0.2975259,51.5429267],[-0.2974719,51.5430337],[-0.2974499,51.5430773],[-0.297438,51.5430986],[-0.2973335,51.5432869],[-0.2969969,51.5438397],[-0.2968508,51.5440686],[-0.296828,51.5441379],[-0.2968222,51.544177],[-0.2968174,51.5442089],[-0.2968188,51.5443206],[-0.296843,51.5444343],[-0.2968491,51.5444601],[-0.2968552,51.5444859],[-0.2969577,51.5448118],[-0.2970071,51.5449597],[-0.2970371,51.5450497],[-0.2970653,51.5451291],[-0.2971533,51.5453907],[-0.2971912,51.5455033],[-0.2972337,51.5456359],[-0.2972898,51.5459142],[-0.2973221,51.5460743],[-0.2973568,51.5462143],[-0.2973894,51.5463471],[-0.297501,51.5467053],[-0.2976426,51.5471595],[-0.2976736,51.5473893],[-0.2976759,51.5474061],[-0.2976776,51.5475694],[-0.2976849,51.5482443],[-0.2976891,51.5486645],[-0.2977284,51.5488862],[-0.2978725,51.549362],[-0.2979472,51.5495906],[-0.2979689,51.5496568],[-0.2980901,51.549909],[-0.2981337,51.5499997]]}},{"type":"Feature","properties":{"id":"lens-traffic-road-london-way/1264089507","layer":"traffic_road","category":"transport","year":1974,"visible_year":2024,"rank":2,"name":"Elgin Avenue","source_id":"way/1264089507","source_url":"https://www.openstreetmap.org/way/1264089507","license":"ODbL","transport_raw":0.093,"transport_count":4,"transport_activity":0.052,"representation":"major-road transport-event activity","timing_note":"Road color is a three-year transport-event activity surface on current OSM major road geometry, not measured traffic volume or congestion."},"geometry":{"type":"LineString","coordinates":[[-0.186298,51.529824],[-0.1862112,51.5298621],[-0.1860335,51.5299075]]}},{"type":"Feature","properties":{"id":"lens-traffic-road-london-way/710114386","layer":"traffic_road","category":"transport","year":1974,"visible_year":2025,"rank":2,"name":"Lauderdale Road","source_id":"way/710114386","source_url":"https://www.openstreetmap.org/way/710114386","license":"ODbL","transport_raw":0.09,"transport_count":4,"transport_activity":0.05,"representation":"major-road transport-event activity","timing_note":"Road color is a three-year transport-event activity surface on current OSM major road geometry, not measured traffic volume or congestion."},"geometry":{"type":"LineString","coordinates":[[-0.190269,51.5276429],[-0.1895757,51.5276294],[-0.18914,51.527621],[-0.1890599,51.5276188],[-0.1889921,51.5276181],[-0.1888823,51.527616],[-0.1878273,51.5275955],[-0.1868237,51.527576],[-0.186732,51.5275742],[-0.1856668,51.5275536],[-0.1849639,51.5275399],[-0.1847377,51.5275355],[-0.1843792,51.5275286],[-0.1840419,51.527522],[-0.1839317,51.5275199]]}},{"type":"Feature","properties":{"id":"lens-traffic-road-london-way/819077213","layer":"traffic_road","category":"transport","year":1974,"visible_year":2024,"rank":2,"name":"Elgin Avenue","source_id":"way/819077213","source_url":"https://www.openstreetmap.org/way/819077213","license":"ODbL","transport_raw":0.089,"transport_count":4,"transport_activity":0.05,"representation":"major-road transport-event activity","timing_note":"Road color is a three-year transport-event activity surface on current OSM major road geometry, not measured traffic volume or congestion."},"geometry":{"type":"LineString","coordinates":[[-0.1860335,51.5299075],[-0.1861578,51.5298207],[-0.186236,51.5297731]]}},{"type":"Feature","properties":{"id":"lens-traffic-road-london-way/907188568","layer":"traffic_road","category":"transport","year":1974,"visible_year":2026,"rank":4,"name":"Kilburn High Road","source_id":"way/907188568","source_url":"https://www.openstreetmap.org/way/907188568","license":"ODbL","transport_raw":0.084,"transport_count":4,"transport_activity":0.047,"representation":"major-road transport-event activity","timing_note":"Road color is a three-year transport-event activity surface on current OSM major road geometry, not measured traffic volume or congestion."},"geometry":{"type":"LineString","coordinates":[[-0.19152,51.5363357],[-0.1916012,51.5364181],[-0.1917189,51.536526],[-0.1919855,51.5367572],[-0.1919941,51.5367646]]}},{"type":"Feature","properties":{"id":"lens-traffic-road-london-way/907319776","layer":"traffic_road","category":"transport","year":1974,"visible_year":2021,"rank":3,"name":"Shirland Road","source_id":"way/907319776","source_url":"https://www.openstreetmap.org/way/907319776","license":"ODbL","transport_raw":0.078,"transport_count":4,"transport_activity":0.044,"representation":"major-road transport-event activity","timing_note":"Road color is a three-year transport-event activity surface on current OSM major road geometry, not measured traffic volume or congestion."},"geometry":{"type":"LineString","coordinates":[[-0.190099,51.5248495],[-0.1900274,51.5248141]]}},{"type":"Feature","properties":{"id":"lens-traffic-road-london-way/1073925652","layer":"traffic_road","category":"transport","year":1974,"visible_year":2025,"rank":4,"name":"Maida Vale","source_id":"way/1073925652","source_url":"https://www.openstreetmap.org/way/1073925652","license":"ODbL","transport_raw":0.076,"transport_count":4,"transport_activity":0.042,"representation":"major-road transport-event activity","timing_note":"Road color is a three-year transport-event activity surface on current OSM major road geometry, not measured traffic volume or congestion."},"geometry":{"type":"LineString","coordinates":[[-0.1849491,51.5312915],[-0.1854401,51.531706],[-0.1861324,51.5323056],[-0.18679,51.5328752],[-0.1869401,51.5330052],[-0.1873723,51.5333796],[-0.1874046,51.5334109],[-0.1874404,51.533441],[-0.1875317,51.5335177]]}},{"type":"Feature","properties":{"id":"lens-traffic-road-london-way/23972474","layer":"traffic_road","category":"transport","year":1974,"visible_year":2026,"rank":4,"name":"High Road","source_id":"way/23972474","source_url":"https://www.openstreetmap.org/way/23972474","license":"ODbL","transport_raw":0.076,"transport_count":2,"transport_activity":0.042,"representation":"major-road transport-event activity","timing_note":"Road color is a three-year transport-event activity surface on current OSM major road geometry, not measured traffic volume or congestion."},"geometry":{"type":"LineString","coordinates":[[-0.2933145,51.5537047],[-0.2934167,51.5536933],[-0.2935326,51.553667],[-0.2935991,51.553653],[-0.2942971,51.5534286]]}},{"type":"Feature","properties":{"id":"lens-traffic-road-london-way/772164096","layer":"traffic_road","category":"transport","year":1974,"visible_year":2025,"rank":2,"name":"Sutherland Avenue","source_id":"way/772164096","source_url":"https://www.openstreetmap.org/way/772164096","license":"ODbL","transport_raw":0.07,"transport_count":4,"transport_activity":0.039,"representation":"major-road transport-event activity","timing_note":"Road color is a three-year transport-event activity surface on current OSM major road geometry, not measured traffic volume or congestion."},"geometry":{"type":"LineString","coordinates":[[-0.1922973,51.523829],[-0.1913925,51.524155]]}},{"type":"Feature","properties":{"id":"lens-traffic-road-london-way/232728091","layer":"traffic_road","category":"transport","year":1974,"visible_year":2026,"rank":4,"name":"Kilburn High Road","source_id":"way/232728091","source_url":"https://www.openstreetmap.org/way/232728091","license":"ODbL","transport_raw":0.065,"transport_count":4,"transport_activity":0.037,"representation":"major-road transport-event activity","timing_note":"Road color is a three-year transport-event activity surface on current OSM major road geometry, not measured traffic volume or congestion."},"geometry":{"type":"LineString","coordinates":[[-0.1919941,51.5367646],[-0.192076,51.5367726],[-0.1920965,51.5367877],[-0.19211,51.536798],[-0.1921799,51.5368526]]}},{"type":"Feature","properties":{"id":"lens-traffic-road-london-way/24653341","layer":"traffic_road","category":"transport","year":1974,"visible_year":2024,"rank":4,"name":"Great Western Road","source_id":"way/24653341","source_url":"https://www.openstreetmap.org/way/24653341","license":"ODbL","transport_raw":0.067,"transport_count":4,"transport_activity":0.037,"representation":"major-road transport-event activity","timing_note":"Road color is a three-year transport-event activity surface on current OSM major road geometry, not measured traffic volume or congestion."},"geometry":{"type":"LineString","coordinates":[[-0.2015426,51.5228192],[-0.2015663,51.5229089],[-0.2015825,51.5229632],[-0.2016487,51.5231151],[-0.2017412,51.5233275],[-0.2017697,51.5234072],[-0.2017754,51.5234868],[-0.2017731,51.5236209],[-0.2017068,51.5238833],[-0.2016583,51.5240836],[-0.201649,51.5241196],[-0.2016289,51.5241492]]}},{"type":"Feature","properties":{"id":"lens-traffic-road-london-way/105467174","layer":"traffic_road","category":"transport","year":1974,"visible_year":2026,"rank":2,"name":"Kilburn Priory","source_id":"way/105467174","source_url":"https://www.openstreetmap.org/way/105467174","license":"ODbL","transport_raw":0.064,"transport_count":4,"transport_activity":0.036,"representation":"major-road transport-event activity","timing_note":"Road color is a three-year transport-event activity surface on current OSM major road geometry, not measured traffic volume or congestion."},"geometry":{"type":"LineString","coordinates":[[-0.1901115,51.5364952],[-0.1899931,51.5361845],[-0.1899559,51.5360813],[-0.1898526,51.5357778],[-0.1897321,51.5354987],[-0.1897299,51.5354343],[-0.1897325,51.5354213]]}},{"type":"Feature","properties":{"id":"lens-traffic-road-london-way/1317809839","layer":"traffic_road","category":"transport","year":1974,"visible_year":2026,"rank":4,"name":"Harrow Road","source_id":"way/1317809839","source_url":"https://www.openstreetmap.org/way/1317809839","license":"ODbL","transport_raw":0.061,"transport_count":4,"transport_activity":0.034,"representation":"major-road transport-event activity","timing_note":"Road color is a three-year transport-event activity surface on current OSM major road geometry, not measured traffic volume or congestion."},"geometry":{"type":"LineString","coordinates":[[-0.1956086,51.5231403],[-0.1955357,51.5231303],[-0.1952039,51.5230825]]}},{"type":"Feature","properties":{"id":"lens-traffic-road-london-way/312263599","layer":"traffic_road","category":"transport","year":1974,"visible_year":2025,"rank":2,"name":"Sutherland Avenue","source_id":"way/312263599","source_url":"https://www.openstreetmap.org/way/312263599","license":"ODbL","transport_raw":0.06,"transport_count":4,"transport_activity":0.034,"representation":"major-road transport-event activity","timing_note":"Road color is a three-year transport-event activity surface on current OSM major road geometry, not measured traffic volume or congestion."},"geometry":{"type":"LineString","coordinates":[[-0.189741,51.5246759],[-0.1899112,51.5246244],[-0.1900994,51.524558],[-0.1906416,51.5243612],[-0.1913469,51.5241078],[-0.1916662,51.5239907],[-0.1921141,51.5238313],[-0.1922519,51.5237819],[-0.1927454,51.5236042],[-0.1935729,51.5233061],[-0.1939299,51.5232105]]}},{"type":"Feature","properties":{"id":"lens-traffic-road-london-way/907319777","layer":"traffic_road","category":"transport","year":1974,"visible_year":2021,"rank":3,"name":"Shirland Road","source_id":"way/907319777","source_url":"https://www.openstreetmap.org/way/907319777","license":"ODbL","transport_raw":0.061,"transport_count":4,"transport_activity":0.034,"representation":"major-road transport-event activity","timing_note":"Road color is a three-year transport-event activity surface on current OSM major road geometry, not measured traffic volume or congestion."},"geometry":{"type":"LineString","coordinates":[[-0.1900274,51.5248141],[-0.189976,51.5247888],[-0.1899338,51.524768],[-0.1898348,51.5247208]]}},{"type":"Feature","properties":{"id":"lens-traffic-road-london-way/5082632","layer":"traffic_road","category":"transport","year":1974,"visible_year":2022,"rank":2,"name":"Greville Place","source_id":"way/5082632","source_url":"https://www.openstreetmap.org/way/5082632","license":"ODbL","transport_raw":0.058,"transport_count":4,"transport_activity":0.033,"representation":"major-road transport-event activity","timing_note":"Road color is a three-year transport-event activity surface on current OSM major road geometry, not measured traffic volume or congestion."},"geometry":{"type":"LineString","coordinates":[[-0.1887193,51.534518],[-0.1883348,51.5347073],[-0.1881937,51.5347749],[-0.1880794,51.5348297],[-0.1880125,51.5348618],[-0.1879008,51.5349154]]}},{"type":"Feature","properties":{"id":"lens-traffic-road-london-way/1317837414","layer":"traffic_road","category":"transport","year":1974,"visible_year":2026,"rank":4,"name":"Harrow Road","source_id":"way/1317837414","source_url":"https://www.openstreetmap.org/way/1317837414","license":"ODbL","transport_raw":0.056,"transport_count":4,"transport_activity":0.032,"representation":"major-road transport-event activity","timing_note":"Road color is a three-year transport-event activity surface on current OSM major road geometry, not measured traffic volume or congestion."},"geometry":{"type":"LineString","coordinates":[[-0.2079085,51.5265187],[-0.2076815,51.5264836],[-0.2076091,51.5264724],[-0.2075377,51.5264641],[-0.2072646,51.5264299]]}},{"type":"Feature","properties":{"id":"lens-traffic-road-london-way/245650574","layer":"traffic_road","category":"transport","year":1974,"visible_year":2026,"rank":4,"name":"Kilburn High Road","source_id":"way/245650574","source_url":"https://www.openstreetmap.org/way/245650574","license":"ODbL","transport_raw":0.057,"transport_count":4,"transport_activity":0.032,"representation":"major-road transport-event activity","timing_note":"Road color is a three-year transport-event activity surface on current OSM major road geometry, not measured traffic volume or congestion."},"geometry":{"type":"LineString","coordinates":[[-0.1920489,51.5368584],[-0.1920338,51.536846],[-0.1920093,51.5368254],[-0.1919936,51.5368096],[-0.1919941,51.5367646]]}},{"type":"Feature","properties":{"id":"lens-traffic-road-london-way/1280827792","layer":"traffic_road","category":"transport","year":1974,"visible_year":2026,"rank":4,"name":"Kilburn High Road","source_id":"way/1280827792","source_url":"https://www.openstreetmap.org/way/1280827792","license":"ODbL","transport_raw":0.055,"transport_count":4,"transport_activity":0.031,"representation":"major-road transport-event activity","timing_note":"Road color is a three-year transport-event activity surface on current OSM major road geometry, not measured traffic volume or congestion."},"geometry":{"type":"LineString","coordinates":[[-0.1921799,51.5368526],[-0.1923225,51.5369707]]}},{"type":"Feature","properties":{"id":"lens-traffic-road-london-way/751829376","layer":"traffic_road","category":"transport","year":1974,"visible_year":2025,"rank":2,"name":"Sutherland Avenue","source_id":"way/751829376","source_url":"https://www.openstreetmap.org/way/751829376","license":"ODbL","transport_raw":0.056,"transport_count":4,"transport_activity":0.031,"representation":"major-road transport-event activity","timing_note":"Road color is a three-year transport-event activity surface on current OSM major road geometry, not measured traffic volume or congestion."},"geometry":{"type":"LineString","coordinates":[[-0.1913925,51.524155],[-0.1901395,51.5246111],[-0.190096,51.5246281],[-0.1900368,51.5246513],[-0.1899955,51.5246675],[-0.1898348,51.5247208]]}},{"type":"Feature","properties":{"id":"lens-traffic-road-london-way/58716247","layer":"traffic_road","category":"transport","year":1974,"visible_year":2025,"rank":2,"name":"Sutherland Avenue","source_id":"way/58716247","source_url":"https://www.openstreetmap.org/way/58716247","license":"ODbL","transport_raw":0.054,"transport_count":4,"transport_activity":0.03,"representation":"major-road transport-event activity","timing_note":"Road color is a three-year transport-event activity surface on current OSM major road geometry, not measured traffic volume or congestion."},"geometry":{"type":"LineString","coordinates":[[-0.1939299,51.5232105],[-0.1936224,51.5233536],[-0.1922973,51.523829]]}},{"type":"Feature","properties":{"id":"lens-traffic-road-london-way/245650575","layer":"traffic_road","category":"transport","year":1974,"visible_year":2026,"rank":4,"name":"Kilburn High Road","source_id":"way/245650575","source_url":"https://www.openstreetmap.org/way/245650575","license":"ODbL","transport_raw":0.052,"transport_count":4,"transport_activity":0.029,"representation":"major-road transport-event activity","timing_note":"Road color is a three-year transport-event activity surface on current OSM major road geometry, not measured traffic volume or congestion."},"geometry":{"type":"LineString","coordinates":[[-0.1921796,51.5369544],[-0.1921727,51.5369387],[-0.1921658,51.5368932],[-0.1921799,51.5368526]]}},{"type":"Feature","properties":{"id":"lens-traffic-road-london-way/245650571","layer":"traffic_road","category":"transport","year":1974,"visible_year":2026,"rank":4,"name":"Kilburn High Road","source_id":"way/245650571","source_url":"https://www.openstreetmap.org/way/245650571","license":"ODbL","transport_raw":0.05,"transport_count":4,"transport_activity":0.028,"representation":"major-road transport-event activity","timing_note":"Road color is a three-year transport-event activity surface on current OSM major road geometry, not measured traffic volume or congestion."},"geometry":{"type":"LineString","coordinates":[[-0.1921796,51.5369544],[-0.1920754,51.5368795],[-0.1920489,51.5368584]]}},{"type":"Feature","properties":{"id":"lens-traffic-road-london-way/1280827780","layer":"traffic_road","category":"transport","year":1974,"visible_year":2026,"rank":4,"name":"Kilburn High Road","source_id":"way/1280827780","source_url":"https://www.openstreetmap.org/way/1280827780","license":"ODbL","transport_raw":0.048,"transport_count":4,"transport_activity":0.027,"representation":"major-road transport-event activity","timing_note":"Road color is a three-year transport-event activity surface on current OSM major road geometry, not measured traffic volume or congestion."},"geometry":{"type":"LineString","coordinates":[[-0.1923225,51.5369707],[-0.1923534,51.536997]]}},{"type":"Feature","properties":{"id":"lens-traffic-road-london-way/907319775","layer":"traffic_road","category":"transport","year":1974,"visible_year":2025,"rank":2,"name":"Sutherland Avenue","source_id":"way/907319775","source_url":"https://www.openstreetmap.org/way/907319775","license":"ODbL","transport_raw":0.045,"transport_count":3,"transport_activity":0.025,"representation":"major-road transport-event activity","timing_note":"Road color is a three-year transport-event activity surface on current OSM major road geometry, not measured traffic volume or congestion."},"geometry":{"type":"LineString","coordinates":[[-0.1898348,51.5247208],[-0.189685,51.5247705],[-0.1896271,51.5247978]]}},{"type":"Feature","properties":{"id":"lens-traffic-road-london-way/58714567","layer":"traffic_road","category":"transport","year":1974,"visible_year":2025,"rank":3,"name":"Shirland Road","source_id":"way/58714567","source_url":"https://www.openstreetmap.org/way/58714567","license":"ODbL","transport_raw":0.043,"transport_count":3,"transport_activity":0.024,"representation":"major-road transport-event activity","timing_note":"Road color is a three-year transport-event activity surface on current OSM major road geometry, not measured traffic volume or congestion."},"geometry":{"type":"LineString","coordinates":[[-0.1898348,51.5247208],[-0.189741,51.5246759]]}},{"type":"Feature","properties":{"id":"lens-traffic-road-london-way/1280827790","layer":"traffic_road","category":"transport","year":1974,"visible_year":2026,"rank":4,"name":"Kilburn High Road","source_id":"way/1280827790","source_url":"https://www.openstreetmap.org/way/1280827790","license":"ODbL","transport_raw":0.04,"transport_count":4,"transport_activity":0.023,"representation":"major-road transport-event activity","timing_note":"Road color is a three-year transport-event activity surface on current OSM major road geometry, not measured traffic volume or congestion."},"geometry":{"type":"LineString","coordinates":[[-0.1922659,51.5370335],[-0.1922328,51.5370056],[-0.1921796,51.5369544]]}},{"type":"Feature","properties":{"id":"lens-traffic-road-london-way/229721420","layer":"traffic_road","category":"transport","year":1974,"visible_year":2025,"rank":4,"name":"Harrow Road","source_id":"way/229721420","source_url":"https://www.openstreetmap.org/way/229721420","license":"ODbL","transport_raw":0.038,"transport_count":1,"transport_activity":0.021,"representation":"major-road transport-event activity","timing_note":"Road color is a three-year transport-event activity surface on current OSM major road geometry, not measured traffic volume or congestion."},"geometry":{"type":"LineString","coordinates":[[-0.3149845,51.5543938],[-0.3150498,51.5544821],[-0.3151513,51.554596],[-0.3152023,51.554642],[-0.3152322,51.554671],[-0.3153914,51.5548259],[-0.3155833,51.5550298],[-0.3156238,51.5550729],[-0.3156611,51.5551042],[-0.3160794,51.5554563],[-0.3163047,51.5556201],[-0.3164659,51.5557081],[-0.3166051,51.5557731],[-0.3167604,51.5558702],[-0.3168496,51.5559596]]}},{"type":"Feature","properties":{"id":"lens-traffic-road-london-way/1317809843","layer":"traffic_road","category":"transport","year":1974,"visible_year":2026,"rank":4,"name":"Harrow Road","source_id":"way/1317809843","source_url":"https://www.openstreetmap.org/way/1317809843","license":"ODbL","transport_raw":0.035,"transport_count":3,"transport_activity":0.02,"representation":"major-road transport-event activity","timing_note":"Road color is a three-year transport-event activity surface on current OSM major road geometry, not measured traffic volume or congestion."},"geometry":{"type":"LineString","coordinates":[[-0.1952039,51.5230825],[-0.194917,51.5230338],[-0.1948385,51.5230113],[-0.194614,51.5229307]]}},{"type":"Feature","properties":{"id":"lens-traffic-road-london-way/245650576","layer":"traffic_road","category":"transport","year":1974,"visible_year":2026,"rank":4,"name":"Kilburn High Road","source_id":"way/245650576","source_url":"https://www.openstreetmap.org/way/245650576","license":"ODbL","transport_raw":0.035,"transport_count":4,"transport_activity":0.02,"representation":"major-road transport-event activity","timing_note":"Road color is a three-year transport-event activity surface on current OSM major road geometry, not measured traffic volume or congestion."},"geometry":{"type":"LineString","coordinates":[[-0.1923534,51.536997],[-0.1924424,51.5370726],[-0.1924858,51.5371078],[-0.1926648,51.5372654]]}},{"type":"Feature","properties":{"id":"lens-traffic-road-london-way/463707296","layer":"traffic_road","category":"transport","year":1974,"visible_year":2025,"rank":2,"name":"Sutherland Avenue","source_id":"way/463707296","source_url":"https://www.openstreetmap.org/way/463707296","license":"ODbL","transport_raw":0.034,"transport_count":3,"transport_activity":0.019,"representation":"major-road transport-event activity","timing_note":"Road color is a three-year transport-event activity surface on current OSM major road geometry, not measured traffic volume or congestion."},"geometry":{"type":"LineString","coordinates":[[-0.1939299,51.5232105],[-0.1944413,51.5230396]]}},{"type":"Feature","properties":{"id":"lens-traffic-road-london-way/907319778","layer":"traffic_road","category":"transport","year":1974,"visible_year":2025,"rank":2,"name":"Sutherland Avenue","source_id":"way/907319778","source_url":"https://www.openstreetmap.org/way/907319778","license":"ODbL","transport_raw":0.034,"transport_count":3,"transport_activity":0.019,"representation":"major-road transport-event activity","timing_note":"Road color is a three-year transport-event activity surface on current OSM major road geometry, not measured traffic volume or congestion."},"geometry":{"type":"LineString","coordinates":[[-0.1894615,51.5247624],[-0.1895205,51.5247437],[-0.1895901,51.5247216],[-0.189741,51.5246759]]}},{"type":"Feature","properties":{"id":"lens-traffic-road-london-way/1317809834","layer":"traffic_road","category":"transport","year":1974,"visible_year":2025,"rank":2,"name":"Sutherland Avenue","source_id":"way/1317809834","source_url":"https://www.openstreetmap.org/way/1317809834","license":"ODbL","transport_raw":0.024,"transport_count":3,"transport_activity":0.013,"representation":"major-road transport-event activity","timing_note":"Road color is a three-year transport-event activity surface on current OSM major road geometry, not measured traffic volume or congestion."},"geometry":{"type":"LineString","coordinates":[[-0.1944413,51.5230396],[-0.19456,51.5229814],[-0.194614,51.5229307]]}},{"type":"Feature","properties":{"id":"lens-traffic-road-london-way/23972475","layer":"traffic_road","category":"transport","year":1974,"visible_year":2026,"rank":4,"name":"Park Lane","source_id":"way/23972475","source_url":"https://www.openstreetmap.org/way/23972475","license":"ODbL","transport_raw":0.021,"transport_count":1,"transport_activity":0.012,"representation":"major-road transport-event activity","timing_note":"Road color is a three-year transport-event activity surface on current OSM major road geometry, not measured traffic volume or congestion."},"geometry":{"type":"LineString","coordinates":[[-0.2935006,51.5541997],[-0.293453,51.5541169],[-0.2933654,51.553867],[-0.2933445,51.5538216],[-0.2933292,51.5537896],[-0.2933145,51.5537047]]}},{"type":"Feature","properties":{"id":"lens-traffic-road-london-way/245650578","layer":"traffic_road","category":"transport","year":1974,"visible_year":2026,"rank":4,"name":"Kilburn High Road","source_id":"way/245650578","source_url":"https://www.openstreetmap.org/way/245650578","license":"ODbL","transport_raw":0.022,"transport_count":4,"transport_activity":0.012,"representation":"major-road transport-event activity","timing_note":"Road color is a three-year transport-event activity surface on current OSM major road geometry, not measured traffic volume or congestion."},"geometry":{"type":"LineString","coordinates":[[-0.192572,51.5372972],[-0.1924752,51.5372136],[-0.1924381,51.5371815],[-0.1923994,51.537146],[-0.1922659,51.5370335]]}},{"type":"Feature","properties":{"id":"lens-traffic-road-london-way/1420931177","layer":"traffic_road","category":"transport","year":1974,"visible_year":2025,"rank":2,"name":"Sutherland Avenue","source_id":"way/1420931177","source_url":"https://www.openstreetmap.org/way/1420931177","license":"ODbL","transport_raw":0.02,"transport_count":3,"transport_activity":0.011,"representation":"major-road transport-event activity","timing_note":"Road color is a three-year transport-event activity surface on current OSM major road geometry, not measured traffic volume or congestion."},"geometry":{"type":"LineString","coordinates":[[-0.1884362,51.5251202],[-0.1888199,51.5249785],[-0.1893853,51.5247865],[-0.1894615,51.5247624]]}},{"type":"Feature","properties":{"id":"lens-traffic-road-london-way/4216649","layer":"traffic_road","category":"transport","year":1974,"visible_year":2026,"rank":2,"name":"Sutherland Avenue","source_id":"way/4216649","source_url":"https://www.openstreetmap.org/way/4216649","license":"ODbL","transport_raw":0.019,"transport_count":3,"transport_activity":0.011,"representation":"major-road transport-event activity","timing_note":"Road color is a three-year transport-event activity surface on current OSM major road geometry, not measured traffic volume or congestion."},"geometry":{"type":"LineString","coordinates":[[-0.1896271,51.5247978],[-0.1894671,51.5248734],[-0.1886718,51.5251489],[-0.1885693,51.525184],[-0.1882628,51.5252933],[-0.1871658,51.5256806]]}},{"type":"Feature","properties":{"id":"lens-traffic-road-london-way/1178740632","layer":"traffic_road","category":"transport","year":1974,"visible_year":2026,"rank":4,"name":"Park Lane","source_id":"way/1178740632","source_url":"https://www.openstreetmap.org/way/1178740632","license":"ODbL","transport_raw":0.013,"transport_count":1,"transport_activity":0.007,"representation":"major-road transport-event activity","timing_note":"Road color is a three-year transport-event activity surface on current OSM major road geometry, not measured traffic volume or congestion."},"geometry":{"type":"LineString","coordinates":[[-0.2936248,51.5544145],[-0.2935006,51.5541997]]}},{"type":"Feature","properties":{"id":"lens-traffic-road-london-way/1317710655","layer":"traffic_road","category":"transport","year":1974,"visible_year":2026,"rank":4,"name":"Harrow Road","source_id":"way/1317710655","source_url":"https://www.openstreetmap.org/way/1317710655","license":"ODbL","transport_raw":0.011,"transport_count":3,"transport_activity":0.006,"representation":"major-road transport-event activity","timing_note":"Road color is a three-year transport-event activity surface on current OSM major road geometry, not measured traffic volume or congestion."},"geometry":{"type":"LineString","coordinates":[[-0.194614,51.5229307],[-0.1943927,51.5228439]]}},{"type":"Feature","properties":{"id":"lens-traffic-road-london-way/156510017","layer":"traffic_road","category":"transport","year":1974,"visible_year":2020,"rank":2,"name":"Elgin Avenue","source_id":"way/156510017","source_url":"https://www.openstreetmap.org/way/156510017","license":"ODbL","transport_raw":0.011,"transport_count":3,"transport_activity":0.006,"representation":"major-road transport-event activity","timing_note":"Road color is a three-year transport-event activity surface on current OSM major road geometry, not measured traffic volume or congestion."},"geometry":{"type":"LineString","coordinates":[[-0.1860335,51.5299075],[-0.1859494,51.5299872],[-0.1859198,51.5300009],[-0.1851957,51.5303376],[-0.1846004,51.5306],[-0.1845094,51.5305998]]}},{"type":"Feature","properties":{"id":"lens-traffic-road-london-way/157610937","layer":"traffic_road","category":"transport","year":1974,"visible_year":2012,"rank":4,"name":"Park Lane","source_id":"way/157610937","source_url":"https://www.openstreetmap.org/way/157610937","license":"ODbL","transport_raw":0.01,"transport_count":1,"transport_activity":0.006,"representation":"major-road transport-event activity","timing_note":"Road color is a three-year transport-event activity surface on current OSM major road geometry, not measured traffic volume or congestion."},"geometry":{"type":"LineString","coordinates":[[-0.293661,51.5544906],[-0.2936248,51.5544145]]}},{"type":"Feature","properties":{"id":"lens-traffic-road-london-way/217659933","layer":"traffic_road","category":"transport","year":1974,"visible_year":2026,"rank":4,"name":"Kilburn High Road","source_id":"way/217659933","source_url":"https://www.openstreetmap.org/way/217659933","license":"ODbL","transport_raw":0.01,"transport_count":2,"transport_activity":0.006,"representation":"major-road transport-event activity","timing_note":"Road color is a three-year transport-event activity surface on current OSM major road geometry, not measured traffic volume or congestion."},"geometry":{"type":"LineString","coordinates":[[-0.1926648,51.5372654],[-0.1927288,51.5373107],[-0.1927628,51.5373383],[-0.1927989,51.5373734],[-0.1928692,51.5374334],[-0.1928983,51.5375231]]}},{"type":"Feature","properties":{"id":"lens-traffic-road-london-way/245650573","layer":"traffic_road","category":"transport","year":1974,"visible_year":2026,"rank":4,"name":"Kilburn High Road","source_id":"way/245650573","source_url":"https://www.openstreetmap.org/way/245650573","license":"ODbL","transport_raw":0.011,"transport_count":3,"transport_activity":0.006,"representation":"major-road transport-event activity","timing_note":"Road color is a three-year transport-event activity surface on current OSM major road geometry, not measured traffic volume or congestion."},"geometry":{"type":"LineString","coordinates":[[-0.1926648,51.5372654],[-0.1926669,51.5373314],[-0.1926433,51.5373578]]}},{"type":"Feature","properties":{"id":"lens-traffic-road-london-way/1280827791","layer":"traffic_road","category":"transport","year":1974,"visible_year":2026,"rank":4,"name":"Kilburn High Road","source_id":"way/1280827791","source_url":"https://www.openstreetmap.org/way/1280827791","license":"ODbL","transport_raw":0.009,"transport_count":2,"transport_activity":0.005,"representation":"major-road transport-event activity","timing_note":"Road color is a three-year transport-event activity surface on current OSM major road geometry, not measured traffic volume or congestion."},"geometry":{"type":"LineString","coordinates":[[-0.1926433,51.5373578],[-0.192572,51.5372972]]}},{"type":"Feature","properties":{"id":"lens-traffic-road-london-way/157610938","layer":"traffic_road","category":"transport","year":1974,"visible_year":2012,"rank":4,"name":"Park Lane","source_id":"way/157610938","source_url":"https://www.openstreetmap.org/way/157610938","license":"ODbL","transport_raw":0.007,"transport_count":1,"transport_activity":0.004,"representation":"major-road transport-event activity","timing_note":"Road color is a three-year transport-event activity surface on current OSM major road geometry, not measured traffic volume or congestion."},"geometry":{"type":"LineString","coordinates":[[-0.2938056,51.5547381],[-0.293661,51.5544906]]}},{"type":"Feature","properties":{"id":"lens-traffic-road-london-way/819079476","layer":"traffic_road","category":"transport","year":1974,"visible_year":2020,"rank":2,"name":"Elgin Avenue","source_id":"way/819079476","source_url":"https://www.openstreetmap.org/way/819079476","license":"ODbL","transport_raw":0.008,"transport_count":3,"transport_activity":0.004,"representation":"major-road transport-event activity","timing_note":"Road color is a three-year transport-event activity surface on current OSM major road geometry, not measured traffic volume or congestion."},"geometry":{"type":"LineString","coordinates":[[-0.1845094,51.5305998],[-0.1845419,51.5305481],[-0.1851227,51.5302806],[-0.1858583,51.529945],[-0.1859001,51.5299302],[-0.1860335,51.5299075]]}},{"type":"Feature","properties":{"id":"lens-traffic-road-london-way/245650572","layer":"traffic_road","category":"transport","year":1974,"visible_year":2026,"rank":4,"name":"Kilburn High Road","source_id":"way/245650572","source_url":"https://www.openstreetmap.org/way/245650572","license":"ODbL","transport_raw":0.005,"transport_count":1,"transport_activity":0.003,"representation":"major-road transport-event activity","timing_note":"Road color is a three-year transport-event activity surface on current OSM major road geometry, not measured traffic volume or congestion."},"geometry":{"type":"LineString","coordinates":[[-0.1928983,51.5375231],[-0.1928306,51.5374931],[-0.1927863,51.5374622],[-0.192713,51.537411],[-0.1926433,51.5373578]]}},{"type":"Feature","properties":{"id":"lens-traffic-road-london-way/312263593","layer":"traffic_road","category":"transport","year":1974,"visible_year":2025,"rank":3,"name":"Shirland Road","source_id":"way/312263593","source_url":"https://www.openstreetmap.org/way/312263593","license":"ODbL","transport_raw":0.004,"transport_count":2,"transport_activity":0.002,"representation":"major-road transport-event activity","timing_note":"Road color is a three-year transport-event activity surface on current OSM major road geometry, not measured traffic volume or congestion."},"geometry":{"type":"LineString","coordinates":[[-0.189741,51.5246759],[-0.1896445,51.5246299],[-0.1895514,51.5245837],[-0.1890232,51.5243221],[-0.1889729,51.5242979]]}},{"type":"Feature","properties":{"id":"lens-traffic-road-london-way/1072710826","layer":"traffic_road","category":"transport","year":1974,"visible_year":2026,"rank":4,"name":"High Road Wembley","source_id":"way/1072710826","source_url":"https://www.openstreetmap.org/way/1072710826","license":"ODbL","transport_raw":0,"transport_count":1,"transport_activity":0,"representation":"major-road transport-event activity","timing_note":"Road color is a three-year transport-event activity surface on current OSM major road geometry, not measured traffic volume or congestion."},"geometry":{"type":"LineString","coordinates":[[-0.2924198,51.5536438],[-0.2926688,51.5536683],[-0.2929294,51.5536937],[-0.2930841,51.5537031],[-0.2931239,51.553703],[-0.2932042,51.5537064],[-0.2933145,51.5537047]]}},{"type":"Feature","properties":{"id":"lens-traffic-road-london-way/907188569","layer":"traffic_road","category":"transport","year":1974,"visible_year":2026,"rank":2,"name":"Kilburn Priory","source_id":"way/907188569","source_url":"https://www.openstreetmap.org/way/907188569","license":"ODbL","transport_raw":0.001,"transport_count":1,"transport_activity":0,"representation":"major-road transport-event activity","timing_note":"Road color is a three-year transport-event activity surface on current OSM major road geometry, not measured traffic volume or congestion."},"geometry":{"type":"LineString","coordinates":[[-0.1901557,51.5366015],[-0.1901115,51.5364952]]}}]}
