{"type":"FeatureCollection","name":"london_transport_roads_1863","metadata":{"schema_version":"1.0.0","city_id":"london","year":1863,"road_source":"data/raw/overpass/london_major_roads_osm_2026.geojson","method":"Road features are colored from nearby source-backed transport records in a rolling three-year window.","caveat":"Transport road colors are activity hotspots, not measured traffic counts or live congestion."},"features":[{"type":"Feature","properties":{"id":"lens-traffic-road-london-way/1043813575","layer":"traffic_road","category":"transport","year":1863,"visible_year":2024,"rank":4.5,"name":"Stockwell Road","source_id":"way/1043813575","source_url":"https://www.openstreetmap.org/way/1043813575","license":"ODbL","transport_raw":0.602,"transport_count":1,"transport_activity":1,"representation":"major-road transport-event activity","timing_note":"Road color is a three-year transport-event activity surface on current OSM major road geometry, not measured traffic volume or congestion."},"geometry":{"type":"LineString","coordinates":[[-0.118383,51.4677764],[-0.1182971,51.4676919]]}},{"type":"Feature","properties":{"id":"lens-traffic-road-london-way/380889494","layer":"traffic_road","category":"transport","year":1863,"visible_year":2024,"rank":4.5,"name":"Stockwell Road","source_id":"way/380889494","source_url":"https://www.openstreetmap.org/way/380889494","license":"ODbL","transport_raw":0.599,"transport_count":1,"transport_activity":0.994,"representation":"major-road transport-event activity","timing_note":"Road color is a three-year transport-event activity surface on current OSM major road geometry, not measured traffic volume or congestion."},"geometry":{"type":"LineString","coordinates":[[-0.1193872,51.468964],[-0.1192786,51.4688012],[-0.1192489,51.4687654],[-0.1192184,51.4687255],[-0.1190873,51.4685648],[-0.1189102,51.4683662],[-0.1187144,51.4681351],[-0.1187015,51.4681196],[-0.118586,51.4679822],[-0.1185499,51.467943],[-0.1185141,51.4679054],[-0.118383,51.4677764]]}},{"type":"Feature","properties":{"id":"lens-traffic-road-london-way/832177852","layer":"traffic_road","category":"transport","year":1863,"visible_year":2024,"rank":4.5,"name":"Stockwell Road","source_id":"way/832177852","source_url":"https://www.openstreetmap.org/way/832177852","license":"ODbL","transport_raw":0.595,"transport_count":1,"transport_activity":0.987,"representation":"major-road transport-event activity","timing_note":"Road color is a three-year transport-event activity surface on current OSM major road geometry, not measured traffic volume or congestion."},"geometry":{"type":"LineString","coordinates":[[-0.1182971,51.4676919],[-0.1181241,51.4675306],[-0.1179529,51.4673838],[-0.117939,51.4673716]]}},{"type":"Feature","properties":{"id":"lens-traffic-road-london-way/1043813573","layer":"traffic_road","category":"transport","year":1863,"visible_year":2024,"rank":4.5,"name":"Stockwell Road","source_id":"way/1043813573","source_url":"https://www.openstreetmap.org/way/1043813573","license":"ODbL","transport_raw":0.565,"transport_count":1,"transport_activity":0.939,"representation":"major-road transport-event activity","timing_note":"Road color is a three-year transport-event activity surface on current OSM major road geometry, not measured traffic volume or congestion."},"geometry":{"type":"LineString","coordinates":[[-0.1195291,51.4691351],[-0.1195099,51.4691099],[-0.1193872,51.468964]]}},{"type":"Feature","properties":{"id":"lens-traffic-road-london-way/266584262","layer":"traffic_road","category":"transport","year":1863,"visible_year":2024,"rank":4.5,"name":"Stockwell Road","source_id":"way/266584262","source_url":"https://www.openstreetmap.org/way/266584262","license":"ODbL","transport_raw":0.555,"transport_count":1,"transport_activity":0.921,"representation":"major-road transport-event activity","timing_note":"Road color is a three-year transport-event activity surface on current OSM major road geometry, not measured traffic volume or congestion."},"geometry":{"type":"LineString","coordinates":[[-0.1197061,51.4693662],[-0.1196789,51.4693343],[-0.119557,51.4691757],[-0.1195449,51.469157],[-0.1195291,51.4691351]]}},{"type":"Feature","properties":{"id":"lens-traffic-road-london-way/266550338","layer":"traffic_road","category":"transport","year":1863,"visible_year":2024,"rank":4.5,"name":"Stockwell Road","source_id":"way/266550338","source_url":"https://www.openstreetmap.org/way/266550338","license":"ODbL","transport_raw":0.553,"transport_count":1,"transport_activity":0.918,"representation":"major-road transport-event activity","timing_note":"Road color is a three-year transport-event activity surface on current OSM major road geometry, not measured traffic volume or congestion."},"geometry":{"type":"LineString","coordinates":[[-0.117939,51.4673716],[-0.1177739,51.4672335],[-0.1175714,51.4670514],[-0.1175262,51.4670137],[-0.1174876,51.4669771],[-0.1174249,51.4669165],[-0.1173985,51.4668883],[-0.1172488,51.4667297],[-0.11709,51.4665577],[-0.1169148,51.4663351],[-0.1168841,51.4663058],[-0.1168709,51.4662905],[-0.1167675,51.4661597]]}},{"type":"Feature","properties":{"id":"lens-traffic-road-london-way/1088830782","layer":"traffic_road","category":"transport","year":1863,"visible_year":2025,"rank":4.5,"name":"Clapham Road","source_id":"way/1088830782","source_url":"https://www.openstreetmap.org/way/1088830782","license":"ODbL","transport_raw":0.549,"transport_count":1,"transport_activity":0.912,"representation":"major-road transport-event activity","timing_note":"Road color is a three-year transport-event activity surface on current OSM major road geometry, not measured traffic volume or congestion."},"geometry":{"type":"LineString","coordinates":[[-0.1270422,51.4686172],[-0.1270116,51.4686404],[-0.1269481,51.4686849],[-0.1269137,51.4687137],[-0.1268401,51.468772]]}},{"type":"Feature","properties":{"id":"lens-traffic-road-london-way/832177856","layer":"traffic_road","category":"transport","year":1863,"visible_year":2025,"rank":4.5,"name":"Clapham Road","source_id":"way/832177856","source_url":"https://www.openstreetmap.org/way/832177856","license":"ODbL","transport_raw":0.549,"transport_count":1,"transport_activity":0.912,"representation":"major-road transport-event activity","timing_note":"Road color is a three-year transport-event activity surface on current OSM major road geometry, not measured traffic volume or congestion."},"geometry":{"type":"LineString","coordinates":[[-0.1272651,51.4684418],[-0.1271725,51.4685186],[-0.1270422,51.4686172]]}},{"type":"Feature","properties":{"id":"lens-traffic-road-london-way/1068160888","layer":"traffic_road","category":"transport","year":1863,"visible_year":2025,"rank":4.5,"name":"Clapham Road","source_id":"way/1068160888","source_url":"https://www.openstreetmap.org/way/1068160888","license":"ODbL","transport_raw":0.549,"transport_count":1,"transport_activity":0.911,"representation":"major-road transport-event activity","timing_note":"Road color is a three-year transport-event activity surface on current OSM major road geometry, not measured traffic volume or congestion."},"geometry":{"type":"LineString","coordinates":[[-0.1273063,51.468406],[-0.1272651,51.4684418]]}},{"type":"Feature","properties":{"id":"lens-traffic-road-london-way/1089098835","layer":"traffic_road","category":"transport","year":1863,"visible_year":2025,"rank":4.5,"name":"Clapham Road","source_id":"way/1089098835","source_url":"https://www.openstreetmap.org/way/1089098835","license":"ODbL","transport_raw":0.549,"transport_count":1,"transport_activity":0.911,"representation":"major-road transport-event activity","timing_note":"Road color is a three-year transport-event activity surface on current OSM major road geometry, not measured traffic volume or congestion."},"geometry":{"type":"LineString","coordinates":[[-0.1268401,51.468772],[-0.1268037,51.4688009]]}},{"type":"Feature","properties":{"id":"lens-traffic-road-london-way/1068160887","layer":"traffic_road","category":"transport","year":1863,"visible_year":2025,"rank":4.5,"name":"Clapham Road","source_id":"way/1068160887","source_url":"https://www.openstreetmap.org/way/1068160887","license":"ODbL","transport_raw":0.548,"transport_count":1,"transport_activity":0.91,"representation":"major-road transport-event activity","timing_note":"Road color is a three-year transport-event activity surface on current OSM major road geometry, not measured traffic volume or congestion."},"geometry":{"type":"LineString","coordinates":[[-0.1275806,51.4681699],[-0.1274439,51.4682899],[-0.1273281,51.4683876],[-0.1273063,51.468406]]}},{"type":"Feature","properties":{"id":"lens-traffic-road-london-way/1089127396","layer":"traffic_road","category":"transport","year":1863,"visible_year":2025,"rank":4.5,"name":"Clapham Road","source_id":"way/1089127396","source_url":"https://www.openstreetmap.org/way/1089127396","license":"ODbL","transport_raw":0.547,"transport_count":1,"transport_activity":0.908,"representation":"major-road transport-event activity","timing_note":"Road color is a three-year transport-event activity surface on current OSM major road geometry, not measured traffic volume or congestion."},"geometry":{"type":"LineString","coordinates":[[-0.1268037,51.4688009],[-0.1267919,51.4688103],[-0.1267048,51.4688769],[-0.1266695,51.4689022],[-0.1266027,51.4689523],[-0.1262954,51.469167]]}},{"type":"Feature","properties":{"id":"lens-traffic-road-london-way/923983070","layer":"traffic_road","category":"transport","year":1863,"visible_year":2025,"rank":4.5,"name":"Clapham Road","source_id":"way/923983070","source_url":"https://www.openstreetmap.org/way/923983070","license":"ODbL","transport_raw":0.546,"transport_count":1,"transport_activity":0.906,"representation":"major-road transport-event activity","timing_note":"Road color is a three-year transport-event activity surface on current OSM major road geometry, not measured traffic volume or congestion."},"geometry":{"type":"LineString","coordinates":[[-0.1276517,51.4681063],[-0.1275897,51.4681614],[-0.1275806,51.4681699]]}},{"type":"Feature","properties":{"id":"lens-traffic-road-london-way/1043813574","layer":"traffic_road","category":"transport","year":1863,"visible_year":2024,"rank":4.5,"name":"Stockwell Road","source_id":"way/1043813574","source_url":"https://www.openstreetmap.org/way/1043813574","license":"ODbL","transport_raw":0.54,"transport_count":1,"transport_activity":0.896,"representation":"major-road transport-event activity","timing_note":"Road color is a three-year transport-event activity surface on current OSM major road geometry, not measured traffic volume or congestion."},"geometry":{"type":"LineString","coordinates":[[-0.1198579,51.4695422],[-0.1197332,51.469398],[-0.1197061,51.4693662]]}},{"type":"Feature","properties":{"id":"lens-traffic-road-london-way/378457933","layer":"traffic_road","category":"transport","year":1863,"visible_year":2025,"rank":4.5,"name":"Clapham Road","source_id":"way/378457933","source_url":"https://www.openstreetmap.org/way/378457933","license":"ODbL","transport_raw":0.53,"transport_count":1,"transport_activity":0.88,"representation":"major-road transport-event activity","timing_note":"Road color is a three-year transport-event activity surface on current OSM major road geometry, not measured traffic volume or congestion."},"geometry":{"type":"LineString","coordinates":[[-0.1292295,51.4659427],[-0.1290983,51.4661545],[-0.1287176,51.4667431],[-0.1286548,51.4668398],[-0.1285135,51.4670561],[-0.1284741,51.467116],[-0.1284366,51.4671768],[-0.1283446,51.4673005],[-0.1282927,51.4673711],[-0.1281656,51.467534],[-0.1280377,51.4676959],[-0.1278658,51.4678841],[-0.1278229,51.4679313],[-0.1276517,51.4681063]]}},{"type":"Feature","properties":{"id":"lens-traffic-road-london-way/378457935","layer":"traffic_road","category":"transport","year":1863,"visible_year":2025,"rank":4.5,"name":"Clapham Road","source_id":"way/378457935","source_url":"https://www.openstreetmap.org/way/378457935","license":"ODbL","transport_raw":0.53,"transport_count":1,"transport_activity":0.879,"representation":"major-road transport-event activity","timing_note":"Road color is a three-year transport-event activity surface on current OSM major road geometry, not measured traffic volume or congestion."},"geometry":{"type":"LineString","coordinates":[[-0.1262954,51.469167],[-0.1261472,51.4692606],[-0.1260182,51.469359],[-0.1258224,51.4695017],[-0.1257848,51.4695296],[-0.1254486,51.469779],[-0.1253758,51.4698328]]}},{"type":"Feature","properties":{"id":"lens-traffic-road-london-way/1043813572","layer":"traffic_road","category":"transport","year":1863,"visible_year":2024,"rank":4.5,"name":"Stockwell Road","source_id":"way/1043813572","source_url":"https://www.openstreetmap.org/way/1043813572","license":"ODbL","transport_raw":0.524,"transport_count":1,"transport_activity":0.87,"representation":"major-road transport-event activity","timing_note":"Road color is a three-year transport-event activity surface on current OSM major road geometry, not measured traffic volume or congestion."},"geometry":{"type":"LineString","coordinates":[[-0.1200802,51.469795],[-0.1199371,51.4696344],[-0.1199016,51.4695932],[-0.1198579,51.4695422]]}},{"type":"Feature","properties":{"id":"lens-traffic-road-london-way/1056198798","layer":"traffic_road","category":"transport","year":1863,"visible_year":2024,"rank":4.5,"name":"Stockwell Road","source_id":"way/1056198798","source_url":"https://www.openstreetmap.org/way/1056198798","license":"ODbL","transport_raw":0.502,"transport_count":1,"transport_activity":0.833,"representation":"major-road transport-event activity","timing_note":"Road color is a three-year transport-event activity surface on current OSM major road geometry, not measured traffic volume or congestion."},"geometry":{"type":"LineString","coordinates":[[-0.1167675,51.4661597],[-0.1165883,51.4659332]]}},{"type":"Feature","properties":{"id":"lens-traffic-road-london-way/1042672641","layer":"traffic_road","category":"transport","year":1863,"visible_year":2024,"rank":4.5,"name":"Stockwell Road","source_id":"way/1042672641","source_url":"https://www.openstreetmap.org/way/1042672641","license":"ODbL","transport_raw":0.493,"transport_count":1,"transport_activity":0.818,"representation":"major-road transport-event activity","timing_note":"Road color is a three-year transport-event activity surface on current OSM major road geometry, not measured traffic volume or congestion."},"geometry":{"type":"LineString","coordinates":[[-0.120449,51.4702204],[-0.1200802,51.469795]]}},{"type":"Feature","properties":{"id":"lens-traffic-road-london-way/743117131","layer":"traffic_road","category":"transport","year":1863,"visible_year":2024,"rank":4.5,"name":"Stockwell Road","source_id":"way/743117131","source_url":"https://www.openstreetmap.org/way/743117131","license":"ODbL","transport_raw":0.488,"transport_count":1,"transport_activity":0.81,"representation":"major-road transport-event activity","timing_note":"Road color is a three-year transport-event activity surface on current OSM major road geometry, not measured traffic volume or congestion."},"geometry":{"type":"LineString","coordinates":[[-0.1165143,51.4658376],[-0.1165131,51.4658421],[-0.1165585,51.4658761],[-0.1165883,51.4659332]]}},{"type":"Feature","properties":{"id":"lens-traffic-road-london-way/743117132","layer":"traffic_road","category":"transport","year":1863,"visible_year":2024,"rank":4.5,"name":"Stockwell Road","source_id":"way/743117132","source_url":"https://www.openstreetmap.org/way/743117132","license":"ODbL","transport_raw":0.482,"transport_count":1,"transport_activity":0.799,"representation":"major-road transport-event activity","timing_note":"Road color is a three-year transport-event activity surface on current OSM major road geometry, not measured traffic volume or congestion."},"geometry":{"type":"LineString","coordinates":[[-0.1164421,51.4657805],[-0.1164743,51.4657987],[-0.1165143,51.4658376]]}},{"type":"Feature","properties":{"id":"lens-traffic-road-london-way/572772264","layer":"traffic_road","category":"transport","year":1863,"visible_year":2024,"rank":4.5,"name":"Stockwell Park Walk","source_id":"way/572772264","source_url":"https://www.openstreetmap.org/way/572772264","license":"ODbL","transport_raw":0.478,"transport_count":1,"transport_activity":0.793,"representation":"major-road transport-event activity","timing_note":"Road color is a three-year transport-event activity surface on current OSM major road geometry, not measured traffic volume or congestion."},"geometry":{"type":"LineString","coordinates":[[-0.1165883,51.4659332],[-0.1165137,51.4658959],[-0.1164711,51.4658873],[-0.1164191,51.4658833],[-0.116356,51.4658876],[-0.116105,51.4659049]]}},{"type":"Feature","properties":{"id":"lens-traffic-road-london-way/1310428038","layer":"traffic_road","category":"transport","year":1863,"visible_year":2024,"rank":4.5,"name":"Stockwell Road","source_id":"way/1310428038","source_url":"https://www.openstreetmap.org/way/1310428038","license":"ODbL","transport_raw":0.471,"transport_count":1,"transport_activity":0.783,"representation":"major-road transport-event activity","timing_note":"Road color is a three-year transport-event activity surface on current OSM major road geometry, not measured traffic volume or congestion."},"geometry":{"type":"LineString","coordinates":[[-0.116221,51.4656602],[-0.1163853,51.4657514],[-0.1164272,51.4657712],[-0.1164421,51.4657805]]}},{"type":"Feature","properties":{"id":"lens-traffic-road-london-way/1310428049","layer":"traffic_road","category":"transport","year":1863,"visible_year":2024,"rank":4.5,"name":"Stockwell Road","source_id":"way/1310428049","source_url":"https://www.openstreetmap.org/way/1310428049","license":"ODbL","transport_raw":0.467,"transport_count":1,"transport_activity":0.775,"representation":"major-road transport-event activity","timing_note":"Road color is a three-year transport-event activity surface on current OSM major road geometry, not measured traffic volume or congestion."},"geometry":{"type":"LineString","coordinates":[[-0.1205573,51.4703447],[-0.120449,51.4702204]]}},{"type":"Feature","properties":{"id":"lens-traffic-road-london-way/1068160885","layer":"traffic_road","category":"transport","year":1863,"visible_year":2025,"rank":4.5,"name":"Clapham Road","source_id":"way/1068160885","source_url":"https://www.openstreetmap.org/way/1068160885","license":"ODbL","transport_raw":0.462,"transport_count":1,"transport_activity":0.767,"representation":"major-road transport-event activity","timing_note":"Road color is a three-year transport-event activity surface on current OSM major road geometry, not measured traffic volume or congestion."},"geometry":{"type":"LineString","coordinates":[[-0.1293542,51.4657521],[-0.1292652,51.4658881],[-0.1292295,51.4659427]]}},{"type":"Feature","properties":{"id":"lens-traffic-road-london-way/378457937","layer":"traffic_road","category":"transport","year":1863,"visible_year":2025,"rank":4.5,"name":"Clapham Road","source_id":"way/378457937","source_url":"https://www.openstreetmap.org/way/378457937","license":"ODbL","transport_raw":0.459,"transport_count":1,"transport_activity":0.762,"representation":"major-road transport-event activity","timing_note":"Road color is a three-year transport-event activity surface on current OSM major road geometry, not measured traffic volume or congestion."},"geometry":{"type":"LineString","coordinates":[[-0.1253758,51.4698328],[-0.1250276,51.4701061],[-0.124775,51.4703041],[-0.1244684,51.4705408],[-0.1244326,51.4705691],[-0.1243999,51.4705964],[-0.1242734,51.4707009],[-0.1242185,51.4707489]]}},{"type":"Feature","properties":{"id":"lens-traffic-road-london-way/1043813571","layer":"traffic_road","category":"transport","year":1863,"visible_year":2025,"rank":4.5,"name":"Stockwell Road","source_id":"way/1043813571","source_url":"https://www.openstreetmap.org/way/1043813571","license":"ODbL","transport_raw":0.456,"transport_count":1,"transport_activity":0.757,"representation":"major-road transport-event activity","timing_note":"Road color is a three-year transport-event activity surface on current OSM major road geometry, not measured traffic volume or congestion."},"geometry":{"type":"LineString","coordinates":[[-0.1206548,51.4704543],[-0.1205923,51.4703841],[-0.1205573,51.4703447]]}},{"type":"Feature","properties":{"id":"lens-traffic-road-london-way/1068160886","layer":"traffic_road","category":"transport","year":1863,"visible_year":2025,"rank":4.5,"name":"Clapham Road","source_id":"way/1068160886","source_url":"https://www.openstreetmap.org/way/1068160886","license":"ODbL","transport_raw":0.447,"transport_count":1,"transport_activity":0.741,"representation":"major-road transport-event activity","timing_note":"Road color is a three-year transport-event activity surface on current OSM major road geometry, not measured traffic volume or congestion."},"geometry":{"type":"LineString","coordinates":[[-0.1294856,51.46556],[-0.1294195,51.4656604],[-0.1293542,51.4657521]]}},{"type":"Feature","properties":{"id":"lens-traffic-road-london-way/636998131","layer":"traffic_road","category":"transport","year":1863,"visible_year":2025,"rank":3,"name":"Bedford Road","source_id":"way/636998131","source_url":"https://www.openstreetmap.org/way/636998131","license":"ODbL","transport_raw":0.438,"transport_count":1,"transport_activity":0.726,"representation":"major-road transport-event activity","timing_note":"Road color is a three-year transport-event activity surface on current OSM major road geometry, not measured traffic volume or congestion."},"geometry":{"type":"LineString","coordinates":[[-0.1293664,51.4652799],[-0.1293489,51.4652607],[-0.1293422,51.4652476],[-0.1293403,51.4652392],[-0.1293396,51.4651841],[-0.1293441,51.4651672],[-0.1293549,51.4651485],[-0.1293681,51.4651393],[-0.1293713,51.4651346],[-0.1293754,51.4651245]]}},{"type":"Feature","properties":{"id":"lens-traffic-road-london-way/636998127","layer":"traffic_road","category":"transport","year":1863,"visible_year":2025,"rank":3,"name":"Bedford Road","source_id":"way/636998127","source_url":"https://www.openstreetmap.org/way/636998127","license":"ODbL","transport_raw":0.434,"transport_count":1,"transport_activity":0.72,"representation":"major-road transport-event activity","timing_note":"Road color is a three-year transport-event activity surface on current OSM major road geometry, not measured traffic volume or congestion."},"geometry":{"type":"LineString","coordinates":[[-0.1296199,51.4653986],[-0.1294579,51.4653356],[-0.1294105,51.465311],[-0.1293664,51.4652799]]}},{"type":"Feature","properties":{"id":"lens-traffic-road-london-way/832177853","layer":"traffic_road","category":"transport","year":1863,"visible_year":2025,"rank":4.5,"name":"Stockwell Road","source_id":"way/832177853","source_url":"https://www.openstreetmap.org/way/832177853","license":"ODbL","transport_raw":0.434,"transport_count":1,"transport_activity":0.72,"representation":"major-road transport-event activity","timing_note":"Road color is a three-year transport-event activity surface on current OSM major road geometry, not measured traffic volume or congestion."},"geometry":{"type":"LineString","coordinates":[[-0.1209338,51.4707675],[-0.1206548,51.4704543]]}},{"type":"Feature","properties":{"id":"lens-traffic-road-london-way/636998134","layer":"traffic_road","category":"transport","year":1863,"visible_year":2025,"rank":4.5,"name":"Clapham Road","source_id":"way/636998134","source_url":"https://www.openstreetmap.org/way/636998134","license":"ODbL","transport_raw":0.432,"transport_count":1,"transport_activity":0.718,"representation":"major-road transport-event activity","timing_note":"Road color is a three-year transport-event activity surface on current OSM major road geometry, not measured traffic volume or congestion."},"geometry":{"type":"LineString","coordinates":[[-0.1296199,51.4653986],[-0.1295466,51.4654848],[-0.1295194,51.4655215],[-0.1294856,51.46556]]}},{"type":"Feature","properties":{"id":"lens-traffic-road-london-way/636998133","layer":"traffic_road","category":"transport","year":1863,"visible_year":2025,"rank":3,"name":"Bedford Road","source_id":"way/636998133","source_url":"https://www.openstreetmap.org/way/636998133","license":"ODbL","transport_raw":0.43,"transport_count":1,"transport_activity":0.714,"representation":"major-road transport-event activity","timing_note":"Road color is a three-year transport-event activity surface on current OSM major road geometry, not measured traffic volume or congestion."},"geometry":{"type":"LineString","coordinates":[[-0.1293754,51.4651245],[-0.1293864,51.4651501],[-0.1294101,51.4651812],[-0.1294275,51.4652189],[-0.1294417,51.4652397],[-0.1295092,51.4652703],[-0.1296768,51.4653296]]}},{"type":"Feature","properties":{"id":"lens-traffic-road-london-way/4062269","layer":"traffic_road","category":"transport","year":1863,"visible_year":2025,"rank":4.5,"name":"Clapham Road","source_id":"way/4062269","source_url":"https://www.openstreetmap.org/way/4062269","license":"ODbL","transport_raw":0.42,"transport_count":1,"transport_activity":0.698,"representation":"major-road transport-event activity","timing_note":"Road color is a three-year transport-event activity surface on current OSM major road geometry, not measured traffic volume or congestion."},"geometry":{"type":"LineString","coordinates":[[-0.1296768,51.4653296],[-0.1296199,51.4653986]]}},{"type":"Feature","properties":{"id":"lens-traffic-road-london-way/1310428035","layer":"traffic_road","category":"transport","year":1863,"visible_year":2024,"rank":4.5,"name":"Stockwell Road","source_id":"way/1310428035","source_url":"https://www.openstreetmap.org/way/1310428035","license":"ODbL","transport_raw":0.416,"transport_count":1,"transport_activity":0.69,"representation":"major-road transport-event activity","timing_note":"Road color is a three-year transport-event activity surface on current OSM major road geometry, not measured traffic volume or congestion."},"geometry":{"type":"LineString","coordinates":[[-0.1154745,51.4652782],[-0.1156254,51.4653649],[-0.116221,51.4656602]]}},{"type":"Feature","properties":{"id":"lens-traffic-road-london-way/373881471","layer":"traffic_road","category":"transport","year":1863,"visible_year":2025,"rank":3,"name":"Bedford Road","source_id":"way/373881471","source_url":"https://www.openstreetmap.org/way/373881471","license":"ODbL","transport_raw":0.415,"transport_count":1,"transport_activity":0.689,"representation":"major-road transport-event activity","timing_note":"Road color is a three-year transport-event activity surface on current OSM major road geometry, not measured traffic volume or congestion."},"geometry":{"type":"LineString","coordinates":[[-0.1293562,51.4643095],[-0.1293569,51.4643818],[-0.129356,51.4644623],[-0.1293604,51.4646845],[-0.1293611,51.4647696],[-0.129376,51.4651122],[-0.1293754,51.4651245]]}},{"type":"Feature","properties":{"id":"lens-traffic-road-london-way/378457934","layer":"traffic_road","category":"transport","year":1863,"visible_year":2025,"rank":4.5,"name":"Clapham High Street","source_id":"way/378457934","source_url":"https://www.openstreetmap.org/way/378457934","license":"ODbL","transport_raw":0.408,"transport_count":1,"transport_activity":0.677,"representation":"major-road transport-event activity","timing_note":"Road color is a three-year transport-event activity surface on current OSM major road geometry, not measured traffic volume or congestion."},"geometry":{"type":"LineString","coordinates":[[-0.1298246,51.4651835],[-0.1297808,51.4652201],[-0.1297454,51.4652521],[-0.1296768,51.4653296]]}},{"type":"Feature","properties":{"id":"lens-traffic-road-london-way/1043813570","layer":"traffic_road","category":"transport","year":1863,"visible_year":2025,"rank":4.5,"name":"Stockwell Road","source_id":"way/1043813570","source_url":"https://www.openstreetmap.org/way/1043813570","license":"ODbL","transport_raw":0.405,"transport_count":1,"transport_activity":0.672,"representation":"major-road transport-event activity","timing_note":"Road color is a three-year transport-event activity surface on current OSM major road geometry, not measured traffic volume or congestion."},"geometry":{"type":"LineString","coordinates":[[-0.121223,51.4710936],[-0.1210416,51.4708882],[-0.1209542,51.4707903],[-0.1209338,51.4707675]]}},{"type":"Feature","properties":{"id":"lens-traffic-road-london-way/373881472","layer":"traffic_road","category":"transport","year":1863,"visible_year":2025,"rank":3,"name":"Bedford Road","source_id":"way/373881472","source_url":"https://www.openstreetmap.org/way/373881472","license":"ODbL","transport_raw":0.387,"transport_count":1,"transport_activity":0.643,"representation":"major-road transport-event activity","timing_note":"Road color is a three-year transport-event activity surface on current OSM major road geometry, not measured traffic volume or congestion."},"geometry":{"type":"LineString","coordinates":[[-0.1293527,51.4640896],[-0.1293522,51.46418],[-0.1293562,51.4643095]]}},{"type":"Feature","properties":{"id":"lens-traffic-road-london-way/852777116","layer":"traffic_road","category":"transport","year":1863,"visible_year":2025,"rank":4.5,"name":"Clapham Road","source_id":"way/852777116","source_url":"https://www.openstreetmap.org/way/852777116","license":"ODbL","transport_raw":0.38,"transport_count":1,"transport_activity":0.63,"representation":"major-road transport-event activity","timing_note":"Road color is a three-year transport-event activity surface on current OSM major road geometry, not measured traffic volume or congestion."},"geometry":{"type":"LineString","coordinates":[[-0.1242185,51.4707489],[-0.1239152,51.4710132],[-0.1238011,51.4711127],[-0.1234459,51.4714382],[-0.123374,51.4714999]]}},{"type":"Feature","properties":{"id":"lens-traffic-road-london-way/1032901280","layer":"traffic_road","category":"transport","year":1863,"visible_year":2025,"rank":3,"name":"Bedford Road","source_id":"way/1032901280","source_url":"https://www.openstreetmap.org/way/1032901280","license":"ODbL","transport_raw":0.374,"transport_count":1,"transport_activity":0.621,"representation":"major-road transport-event activity","timing_note":"Road color is a three-year transport-event activity surface on current OSM major road geometry, not measured traffic volume or congestion."},"geometry":{"type":"LineString","coordinates":[[-0.129365,51.4638997],[-0.1293527,51.4640896]]}},{"type":"Feature","properties":{"id":"lens-traffic-road-london-way/373881424","layer":"traffic_road","category":"transport","year":1863,"visible_year":2025,"rank":4.5,"name":"Clapham High Street","source_id":"way/373881424","source_url":"https://www.openstreetmap.org/way/373881424","license":"ODbL","transport_raw":0.373,"transport_count":1,"transport_activity":0.619,"representation":"major-road transport-event activity","timing_note":"Road color is a three-year transport-event activity surface on current OSM major road geometry, not measured traffic volume or congestion."},"geometry":{"type":"LineString","coordinates":[[-0.1303745,51.464812],[-0.1302048,51.4649235],[-0.1301938,51.4649307],[-0.1300429,51.4650279],[-0.1298997,51.4651295],[-0.1298246,51.4651835]]}},{"type":"Feature","properties":{"id":"lens-traffic-road-london-way/253362220","layer":"traffic_road","category":"transport","year":1863,"visible_year":2024,"rank":4.5,"name":"Stockwell Park Walk","source_id":"way/253362220","source_url":"https://www.openstreetmap.org/way/253362220","license":"ODbL","transport_raw":0.371,"transport_count":1,"transport_activity":0.616,"representation":"major-road transport-event activity","timing_note":"Road color is a three-year transport-event activity surface on current OSM major road geometry, not measured traffic volume or congestion."},"geometry":{"type":"LineString","coordinates":[[-0.116105,51.4659049],[-0.1160196,51.4659119],[-0.115435,51.4659601],[-0.1152072,51.4659756],[-0.1151209,51.4659814],[-0.1148167,51.4660022],[-0.1146149,51.4660159],[-0.1143012,51.4660277],[-0.1140918,51.4660359]]}},{"type":"Feature","properties":{"id":"lens-traffic-road-london-way/572772256","layer":"traffic_road","category":"transport","year":1863,"visible_year":2025,"rank":4.5,"name":"Stockwell Road","source_id":"way/572772256","source_url":"https://www.openstreetmap.org/way/572772256","license":"ODbL","transport_raw":0.341,"transport_count":1,"transport_activity":0.567,"representation":"major-road transport-event activity","timing_note":"Road color is a three-year transport-event activity surface on current OSM major road geometry, not measured traffic volume or congestion."},"geometry":{"type":"LineString","coordinates":[[-0.1145866,51.464811],[-0.1146726,51.4648515],[-0.1148732,51.4649524],[-0.1149747,51.4650058],[-0.1151356,51.4650904],[-0.1152818,51.4651658],[-0.1154745,51.4652782]]}},{"type":"Feature","properties":{"id":"lens-traffic-road-london-way/832177854","layer":"traffic_road","category":"transport","year":1863,"visible_year":2025,"rank":4.5,"name":"Stockwell Road","source_id":"way/832177854","source_url":"https://www.openstreetmap.org/way/832177854","license":"ODbL","transport_raw":0.341,"transport_count":1,"transport_activity":0.565,"representation":"major-road transport-event activity","timing_note":"Road color is a three-year transport-event activity surface on current OSM major road geometry, not measured traffic volume or congestion."},"geometry":{"type":"LineString","coordinates":[[-0.121808,51.4717602],[-0.1217538,51.4716973],[-0.1217211,51.4716535],[-0.1216288,51.4715526],[-0.1214952,51.4714065],[-0.1213362,51.4712233],[-0.12131,51.471193],[-0.121223,51.4710936]]}},{"type":"Feature","properties":{"id":"lens-traffic-road-london-way/1209552636","layer":"traffic_road","category":"transport","year":1863,"visible_year":2025,"rank":4.5,"name":"Clapham High Street","source_id":"way/1209552636","source_url":"https://www.openstreetmap.org/way/1209552636","license":"ODbL","transport_raw":0.34,"transport_count":1,"transport_activity":0.564,"representation":"major-road transport-event activity","timing_note":"Road color is a three-year transport-event activity surface on current OSM major road geometry, not measured traffic volume or congestion."},"geometry":{"type":"LineString","coordinates":[[-0.1304411,51.4647682],[-0.1303745,51.464812]]}},{"type":"Feature","properties":{"id":"lens-traffic-road-london-way/1209552638","layer":"traffic_road","category":"transport","year":1863,"visible_year":2025,"rank":4.5,"name":"Clapham High Street","source_id":"way/1209552638","source_url":"https://www.openstreetmap.org/way/1209552638","license":"ODbL","transport_raw":0.333,"transport_count":1,"transport_activity":0.552,"representation":"major-road transport-event activity","timing_note":"Road color is a three-year transport-event activity surface on current OSM major road geometry, not measured traffic volume or congestion."},"geometry":{"type":"LineString","coordinates":[[-0.1305232,51.4647456],[-0.1304411,51.4647682]]}},{"type":"Feature","properties":{"id":"lens-traffic-road-london-way/534119433","layer":"traffic_road","category":"transport","year":1863,"visible_year":2025,"rank":4.5,"name":"Clapham Road","source_id":"way/534119433","source_url":"https://www.openstreetmap.org/way/534119433","license":"ODbL","transport_raw":0.332,"transport_count":1,"transport_activity":0.55,"representation":"major-road transport-event activity","timing_note":"Road color is a three-year transport-event activity surface on current OSM major road geometry, not measured traffic volume or congestion."},"geometry":{"type":"LineString","coordinates":[[-0.123374,51.4714999],[-0.123233,51.4716258]]}},{"type":"Feature","properties":{"id":"lens-traffic-road-london-way/852777114","layer":"traffic_road","category":"transport","year":1863,"visible_year":2025,"rank":4.5,"name":"Clapham High Street","source_id":"way/852777114","source_url":"https://www.openstreetmap.org/way/852777114","license":"ODbL","transport_raw":0.317,"transport_count":1,"transport_activity":0.526,"representation":"major-road transport-event activity","timing_note":"Road color is a three-year transport-event activity surface on current OSM major road geometry, not measured traffic volume or congestion."},"geometry":{"type":"LineString","coordinates":[[-0.1307761,51.464631],[-0.1305232,51.4647456]]}},{"type":"Feature","properties":{"id":"lens-traffic-road-london-way/837965622","layer":"traffic_road","category":"transport","year":1863,"visible_year":2026,"rank":3,"name":"Bedford Road","source_id":"way/837965622","source_url":"https://www.openstreetmap.org/way/837965622","license":"ODbL","transport_raw":0.312,"transport_count":1,"transport_activity":0.517,"representation":"major-road transport-event activity","timing_note":"Road color is a three-year transport-event activity surface on current OSM major road geometry, not measured traffic volume or congestion."},"geometry":{"type":"LineString","coordinates":[[-0.1293419,51.4625319],[-0.1293445,51.4626317],[-0.1293458,51.4628359],[-0.1293531,51.4631425],[-0.1293592,51.4632782],[-0.1293629,51.4636601],[-0.129365,51.4638997]]}},{"type":"Feature","properties":{"id":"lens-traffic-road-london-way/534165973","layer":"traffic_road","category":"transport","year":1863,"visible_year":2025,"rank":4.5,"name":"Clapham Road","source_id":"way/534165973","source_url":"https://www.openstreetmap.org/way/534165973","license":"ODbL","transport_raw":0.303,"transport_count":1,"transport_activity":0.503,"representation":"major-road transport-event activity","timing_note":"Road color is a three-year transport-event activity surface on current OSM major road geometry, not measured traffic volume or congestion."},"geometry":{"type":"LineString","coordinates":[[-0.1228751,51.4719625],[-0.1229708,51.4718727],[-0.1230239,51.471819],[-0.1231889,51.4716658],[-0.123233,51.4716258]]}},{"type":"Feature","properties":{"id":"lens-traffic-road-london-way/1209552637","layer":"traffic_road","category":"transport","year":1863,"visible_year":2025,"rank":4.5,"name":"Clapham High Street","source_id":"way/1209552637","source_url":"https://www.openstreetmap.org/way/1209552637","license":"ODbL","transport_raw":0.296,"transport_count":1,"transport_activity":0.491,"representation":"major-road transport-event activity","timing_note":"Road color is a three-year transport-event activity surface on current OSM major road geometry, not measured traffic volume or congestion."},"geometry":{"type":"LineString","coordinates":[[-0.13097,51.4645347],[-0.1308456,51.4645969],[-0.1307761,51.464631]]}},{"type":"Feature","properties":{"id":"lens-traffic-road-london-way/1306653776","layer":"traffic_road","category":"transport","year":1863,"visible_year":2025,"rank":4.5,"name":"Stockwell Road","source_id":"way/1306653776","source_url":"https://www.openstreetmap.org/way/1306653776","license":"ODbL","transport_raw":0.294,"transport_count":1,"transport_activity":0.488,"representation":"major-road transport-event activity","timing_note":"Road color is a three-year transport-event activity surface on current OSM major road geometry, not measured traffic volume or congestion."},"geometry":{"type":"LineString","coordinates":[[-0.1219621,51.4719336],[-0.1218776,51.4718668],[-0.1218438,51.4718292],[-0.1218377,51.4718224],[-0.1218238,51.4717933],[-0.121808,51.4717602]]}},{"type":"Feature","properties":{"id":"lens-traffic-road-london-way/739683716","layer":"traffic_road","category":"transport","year":1863,"visible_year":2025,"rank":4.5,"name":"Clapham High Street","source_id":"way/739683716","source_url":"https://www.openstreetmap.org/way/739683716","license":"ODbL","transport_raw":0.293,"transport_count":1,"transport_activity":0.486,"representation":"major-road transport-event activity","timing_note":"Road color is a three-year transport-event activity surface on current OSM major road geometry, not measured traffic volume or congestion."},"geometry":{"type":"LineString","coordinates":[[-0.1304411,51.4647682],[-0.1304612,51.4647392],[-0.1305989,51.4646302],[-0.1308281,51.4645233],[-0.1309899,51.4644386],[-0.1310115,51.4644273],[-0.1310695,51.4644011],[-0.1311206,51.464378],[-0.1312266,51.4643776]]}},{"type":"Feature","properties":{"id":"lens-traffic-road-london-way/24546642","layer":"traffic_road","category":"transport","year":1863,"visible_year":2025,"rank":4.5,"name":"Stockwell Road","source_id":"way/24546642","source_url":"https://www.openstreetmap.org/way/24546642","license":"ODbL","transport_raw":0.283,"transport_count":1,"transport_activity":0.469,"representation":"major-road transport-event activity","timing_note":"Road color is a three-year transport-event activity surface on current OSM major road geometry, not measured traffic volume or congestion."},"geometry":{"type":"LineString","coordinates":[[-0.1142522,51.4647156],[-0.1143158,51.4647104],[-0.1143894,51.4647211],[-0.1145866,51.464811]]}},{"type":"Feature","properties":{"id":"lens-traffic-road-london-way/1209552635","layer":"traffic_road","category":"transport","year":1863,"visible_year":2025,"rank":4.5,"name":"Clapham High Street","source_id":"way/1209552635","source_url":"https://www.openstreetmap.org/way/1209552635","license":"ODbL","transport_raw":0.28,"transport_count":1,"transport_activity":0.465,"representation":"major-road transport-event activity","timing_note":"Road color is a three-year transport-event activity surface on current OSM major road geometry, not measured traffic volume or congestion."},"geometry":{"type":"LineString","coordinates":[[-0.1310783,51.4644806],[-0.13097,51.4645347]]}},{"type":"Feature","properties":{"id":"lens-traffic-road-london-way/743127585","layer":"traffic_road","category":"transport","year":1863,"visible_year":2025,"rank":4.5,"name":"Stockwell Park Walk","source_id":"way/743127585","source_url":"https://www.openstreetmap.org/way/743127585","license":"ODbL","transport_raw":0.28,"transport_count":1,"transport_activity":0.465,"representation":"major-road transport-event activity","timing_note":"Road color is a three-year transport-event activity surface on current OSM major road geometry, not measured traffic volume or congestion."},"geometry":{"type":"LineString","coordinates":[[-0.1140918,51.4660359],[-0.1140106,51.4660142],[-0.113912,51.4660114],[-0.1138077,51.4660253]]}},{"type":"Feature","properties":{"id":"lens-traffic-road-london-way/832177855","layer":"traffic_road","category":"transport","year":1863,"visible_year":2025,"rank":4.5,"name":"Stockwell Road","source_id":"way/832177855","source_url":"https://www.openstreetmap.org/way/832177855","license":"ODbL","transport_raw":0.273,"transport_count":1,"transport_activity":0.453,"representation":"major-road transport-event activity","timing_note":"Road color is a three-year transport-event activity surface on current OSM major road geometry, not measured traffic volume or congestion."},"geometry":{"type":"LineString","coordinates":[[-0.1221001,51.4720846],[-0.1219621,51.4719336]]}},{"type":"Feature","properties":{"id":"lens-traffic-road-london-way/1042667876","layer":"traffic_road","category":"transport","year":1863,"visible_year":2025,"rank":4.5,"name":"Stockwell Road","source_id":"way/1042667876","source_url":"https://www.openstreetmap.org/way/1042667876","license":"ODbL","transport_raw":0.269,"transport_count":1,"transport_activity":0.447,"representation":"major-road transport-event activity","timing_note":"Road color is a three-year transport-event activity surface on current OSM major road geometry, not measured traffic volume or congestion."},"geometry":{"type":"LineString","coordinates":[[-0.1141957,51.4647216],[-0.1142522,51.4647156]]}},{"type":"Feature","properties":{"id":"lens-traffic-road-london-way/1055838049","layer":"traffic_road","category":"transport","year":1863,"visible_year":2025,"rank":4.5,"name":"Stockwell Road","source_id":"way/1055838049","source_url":"https://www.openstreetmap.org/way/1055838049","license":"ODbL","transport_raw":0.266,"transport_count":1,"transport_activity":0.442,"representation":"major-road transport-event activity","timing_note":"Road color is a three-year transport-event activity surface on current OSM major road geometry, not measured traffic volume or congestion."},"geometry":{"type":"LineString","coordinates":[[-0.1141738,51.464724],[-0.1141957,51.4647216]]}},{"type":"Feature","properties":{"id":"lens-traffic-road-london-way/373881423","layer":"traffic_road","category":"transport","year":1863,"visible_year":2025,"rank":4.5,"name":"Clapham High Street","source_id":"way/373881423","source_url":"https://www.openstreetmap.org/way/373881423","license":"ODbL","transport_raw":0.266,"transport_count":1,"transport_activity":0.442,"representation":"major-road transport-event activity","timing_note":"Road color is a three-year transport-event activity surface on current OSM major road geometry, not measured traffic volume or congestion."},"geometry":{"type":"LineString","coordinates":[[-0.1312266,51.4643776],[-0.1311938,51.4644188],[-0.1311367,51.4644514],[-0.1310783,51.4644806]]}},{"type":"Feature","properties":{"id":"lens-traffic-road-london-way/24687193","layer":"traffic_road","category":"transport","year":1863,"visible_year":2025,"rank":4.5,"name":"Brixton Road","source_id":"way/24687193","source_url":"https://www.openstreetmap.org/way/24687193","license":"ODbL","transport_raw":0.266,"transport_count":1,"transport_activity":0.441,"representation":"major-road transport-event activity","timing_note":"Road color is a three-year transport-event activity surface on current OSM major road geometry, not measured traffic volume or congestion."},"geometry":{"type":"LineString","coordinates":[[-0.1141402,51.4647997],[-0.1141738,51.464724]]}},{"type":"Feature","properties":{"id":"lens-traffic-road-london-way/253362217","layer":"traffic_road","category":"transport","year":1863,"visible_year":2023,"rank":4.5,"name":"Brixton Road","source_id":"way/253362217","source_url":"https://www.openstreetmap.org/way/253362217","license":"ODbL","transport_raw":0.265,"transport_count":1,"transport_activity":0.441,"representation":"major-road transport-event activity","timing_note":"Road color is a three-year transport-event activity surface on current OSM major road geometry, not measured traffic volume or congestion."},"geometry":{"type":"LineString","coordinates":[[-0.1139761,51.4651294],[-0.1140217,51.4650419],[-0.1140392,51.4650053],[-0.1140612,51.464963],[-0.1140793,51.4649302],[-0.1141269,51.4648279],[-0.1141402,51.4647997]]}},{"type":"Feature","properties":{"id":"lens-traffic-road-london-way/572772255","layer":"traffic_road","category":"transport","year":1863,"visible_year":2023,"rank":4.5,"name":"Brixton Road","source_id":"way/572772255","source_url":"https://www.openstreetmap.org/way/572772255","license":"ODbL","transport_raw":0.264,"transport_count":1,"transport_activity":0.438,"representation":"major-road transport-event activity","timing_note":"Road color is a three-year transport-event activity surface on current OSM major road geometry, not measured traffic volume or congestion."},"geometry":{"type":"LineString","coordinates":[[-0.1141738,51.464724],[-0.1142184,51.4646265],[-0.1142375,51.4645814],[-0.1142537,51.4645432],[-0.1142693,51.4645041],[-0.114349,51.4643136],[-0.1144611,51.464081]]}},{"type":"Feature","properties":{"id":"lens-traffic-road-london-way/504900413","layer":"traffic_road","category":"transport","year":1863,"visible_year":2023,"rank":4.5,"name":"Brixton Road","source_id":"way/504900413","source_url":"https://www.openstreetmap.org/way/504900413","license":"ODbL","transport_raw":0.263,"transport_count":1,"transport_activity":0.437,"representation":"major-road transport-event activity","timing_note":"Road color is a three-year transport-event activity surface on current OSM major road geometry, not measured traffic volume or congestion."},"geometry":{"type":"LineString","coordinates":[[-0.1138906,51.4653084],[-0.1139023,51.4652862],[-0.1139761,51.4651294]]}},{"type":"Feature","properties":{"id":"lens-traffic-road-london-way/1055838991","layer":"traffic_road","category":"transport","year":1863,"visible_year":2023,"rank":4.5,"name":"Brixton Road","source_id":"way/1055838991","source_url":"https://www.openstreetmap.org/way/1055838991","license":"ODbL","transport_raw":0.262,"transport_count":1,"transport_activity":0.435,"representation":"major-road transport-event activity","timing_note":"Road color is a three-year transport-event activity surface on current OSM major road geometry, not measured traffic volume or congestion."},"geometry":{"type":"LineString","coordinates":[[-0.1138527,51.4653852],[-0.1138789,51.4653306],[-0.1138906,51.4653084]]}},{"type":"Feature","properties":{"id":"lens-traffic-road-london-way/504900412","layer":"traffic_road","category":"transport","year":1863,"visible_year":2023,"rank":4.5,"name":"Brixton Road","source_id":"way/504900412","source_url":"https://www.openstreetmap.org/way/504900412","license":"ODbL","transport_raw":0.26,"transport_count":1,"transport_activity":0.432,"representation":"major-road transport-event activity","timing_note":"Road color is a three-year transport-event activity surface on current OSM major road geometry, not measured traffic volume or congestion."},"geometry":{"type":"LineString","coordinates":[[-0.1137842,51.4655221],[-0.1138527,51.4653852]]}},{"type":"Feature","properties":{"id":"lens-traffic-road-london-way/743127576","layer":"traffic_road","category":"transport","year":1863,"visible_year":2023,"rank":4.5,"name":"Stockwell Park Walk","source_id":"way/743127576","source_url":"https://www.openstreetmap.org/way/743127576","license":"ODbL","transport_raw":0.258,"transport_count":1,"transport_activity":0.429,"representation":"major-road transport-event activity","timing_note":"Road color is a three-year transport-event activity surface on current OSM major road geometry, not measured traffic volume or congestion."},"geometry":{"type":"LineString","coordinates":[[-0.1138077,51.4660253],[-0.1135696,51.4659892]]}},{"type":"Feature","properties":{"id":"lens-traffic-road-london-way/4062268","layer":"traffic_road","category":"transport","year":1863,"visible_year":2025,"rank":4.5,"name":"Stockwell Road","source_id":"way/4062268","source_url":"https://www.openstreetmap.org/way/4062268","license":"ODbL","transport_raw":0.258,"transport_count":1,"transport_activity":0.428,"representation":"major-road transport-event activity","timing_note":"Road color is a three-year transport-event activity surface on current OSM major road geometry, not measured traffic volume or congestion."},"geometry":{"type":"LineString","coordinates":[[-0.1221001,51.4720846],[-0.1221729,51.4721217],[-0.1222254,51.4721801]]}},{"type":"Feature","properties":{"id":"lens-traffic-road-london-way/1181096398","layer":"traffic_road","category":"transport","year":1863,"visible_year":2023,"rank":4.5,"name":"Brixton Road","source_id":"way/1181096398","source_url":"https://www.openstreetmap.org/way/1181096398","license":"ODbL","transport_raw":0.257,"transport_count":1,"transport_activity":0.427,"representation":"major-road transport-event activity","timing_note":"Road color is a three-year transport-event activity surface on current OSM major road geometry, not measured traffic volume or congestion."},"geometry":{"type":"LineString","coordinates":[[-0.1137164,51.4656643],[-0.1137304,51.4656353],[-0.1137842,51.4655221]]}},{"type":"Feature","properties":{"id":"lens-traffic-road-london-way/1043813568","layer":"traffic_road","category":"transport","year":1863,"visible_year":2025,"rank":4.5,"name":"Stockwell Road","source_id":"way/1043813568","source_url":"https://www.openstreetmap.org/way/1043813568","license":"ODbL","transport_raw":0.255,"transport_count":1,"transport_activity":0.423,"representation":"major-road transport-event activity","timing_note":"Road color is a three-year transport-event activity surface on current OSM major road geometry, not measured traffic volume or congestion."},"geometry":{"type":"LineString","coordinates":[[-0.1221273,51.4722247],[-0.1220895,51.4721448],[-0.1221001,51.4720846]]}},{"type":"Feature","properties":{"id":"lens-traffic-road-london-way/613141473","layer":"traffic_road","category":"transport","year":1863,"visible_year":2023,"rank":4.5,"name":"Brixton Road","source_id":"way/613141473","source_url":"https://www.openstreetmap.org/way/613141473","license":"ODbL","transport_raw":0.255,"transport_count":1,"transport_activity":0.423,"representation":"major-road transport-event activity","timing_note":"Road color is a three-year transport-event activity surface on current OSM major road geometry, not measured traffic volume or congestion."},"geometry":{"type":"LineString","coordinates":[[-0.1144611,51.464081],[-0.1145188,51.4639589],[-0.1145339,51.4639205],[-0.1145738,51.4638313]]}},{"type":"Feature","properties":{"id":"lens-traffic-road-london-way/253362216","layer":"traffic_road","category":"transport","year":1863,"visible_year":2023,"rank":4.5,"name":"Brixton Road","source_id":"way/253362216","source_url":"https://www.openstreetmap.org/way/253362216","license":"ODbL","transport_raw":0.253,"transport_count":1,"transport_activity":0.42,"representation":"major-road transport-event activity","timing_note":"Road color is a three-year transport-event activity surface on current OSM major road geometry, not measured traffic volume or congestion."},"geometry":{"type":"LineString","coordinates":[[-0.113604,51.4659084],[-0.1136292,51.4658476],[-0.1136458,51.46581],[-0.1137164,51.4656643]]}},{"type":"Feature","properties":{"id":"lens-traffic-road-london-way/743155269","layer":"traffic_road","category":"transport","year":1863,"visible_year":2025,"rank":4.5,"name":"Clapham Road","source_id":"way/743155269","source_url":"https://www.openstreetmap.org/way/743155269","license":"ODbL","transport_raw":0.252,"transport_count":1,"transport_activity":0.418,"representation":"major-road transport-event activity","timing_note":"Road color is a three-year transport-event activity surface on current OSM major road geometry, not measured traffic volume or congestion."},"geometry":{"type":"LineString","coordinates":[[-0.1224725,51.4723309],[-0.1225475,51.4722618],[-0.1225892,51.4722228],[-0.1226178,51.4721965],[-0.1226812,51.4721395],[-0.1228751,51.4719625]]}},{"type":"Feature","properties":{"id":"lens-traffic-road-london-way/1068160894","layer":"traffic_road","category":"transport","year":1863,"visible_year":2023,"rank":4.5,"name":"Brixton Road","source_id":"way/1068160894","source_url":"https://www.openstreetmap.org/way/1068160894","license":"ODbL","transport_raw":0.25,"transport_count":1,"transport_activity":0.414,"representation":"major-road transport-event activity","timing_note":"Road color is a three-year transport-event activity surface on current OSM major road geometry, not measured traffic volume or congestion."},"geometry":{"type":"LineString","coordinates":[[-0.1135696,51.4659892],[-0.113604,51.4659084]]}},{"type":"Feature","properties":{"id":"lens-traffic-road-london-way/613141472","layer":"traffic_road","category":"transport","year":1863,"visible_year":2023,"rank":4.5,"name":"Brixton Road","source_id":"way/613141472","source_url":"https://www.openstreetmap.org/way/613141472","license":"ODbL","transport_raw":0.249,"transport_count":1,"transport_activity":0.413,"representation":"major-road transport-event activity","timing_note":"Road color is a three-year transport-event activity surface on current OSM major road geometry, not measured traffic volume or congestion."},"geometry":{"type":"LineString","coordinates":[[-0.1145738,51.4638313],[-0.1146061,51.4637627],[-0.1146218,51.4637278],[-0.1147009,51.463553]]}},{"type":"Feature","properties":{"id":"lens-traffic-road-london-way/4060821","layer":"traffic_road","category":"transport","year":1863,"visible_year":2023,"rank":4.5,"name":"Brixton Road","source_id":"way/4060821","source_url":"https://www.openstreetmap.org/way/4060821","license":"ODbL","transport_raw":0.245,"transport_count":1,"transport_activity":0.407,"representation":"major-road transport-event activity","timing_note":"Road color is a three-year transport-event activity surface on current OSM major road geometry, not measured traffic volume or congestion."},"geometry":{"type":"LineString","coordinates":[[-0.1135696,51.4659892],[-0.113571,51.4660094],[-0.1135765,51.4660377],[-0.113563,51.4661128],[-0.1135334,51.4661625],[-0.1134239,51.4662707],[-0.1133707,51.4663086]]}},{"type":"Feature","properties":{"id":"lens-traffic-road-london-way/743155272","layer":"traffic_road","category":"transport","year":1863,"visible_year":2025,"rank":4.5,"name":"Stockwell Road","source_id":"way/743155272","source_url":"https://www.openstreetmap.org/way/743155272","license":"ODbL","transport_raw":0.244,"transport_count":1,"transport_activity":0.404,"representation":"major-road transport-event activity","timing_note":"Road color is a three-year transport-event activity surface on current OSM major road geometry, not measured traffic volume or congestion."},"geometry":{"type":"LineString","coordinates":[[-0.1222254,51.4721801],[-0.1222422,51.472199],[-0.1223095,51.4722678],[-0.1224725,51.4723309]]}},{"type":"Feature","properties":{"id":"lens-traffic-road-london-way/1123344466","layer":"traffic_road","category":"transport","year":1863,"visible_year":2023,"rank":4.5,"name":"Brixton Road","source_id":"way/1123344466","source_url":"https://www.openstreetmap.org/way/1123344466","license":"ODbL","transport_raw":0.243,"transport_count":1,"transport_activity":0.403,"representation":"major-road transport-event activity","timing_note":"Road color is a three-year transport-event activity surface on current OSM major road geometry, not measured traffic volume or congestion."},"geometry":{"type":"LineString","coordinates":[[-0.1147009,51.463553],[-0.1147192,51.4635028]]}},{"type":"Feature","properties":{"id":"lens-traffic-road-london-way/1310428047","layer":"traffic_road","category":"transport","year":1863,"visible_year":2025,"rank":4.5,"name":"Stockwell Road","source_id":"way/1310428047","source_url":"https://www.openstreetmap.org/way/1310428047","license":"ODbL","transport_raw":0.241,"transport_count":1,"transport_activity":0.4,"representation":"major-road transport-event activity","timing_note":"Road color is a three-year transport-event activity surface on current OSM major road geometry, not measured traffic volume or congestion."},"geometry":{"type":"LineString","coordinates":[[-0.1221609,51.472291],[-0.1221273,51.4722247]]}},{"type":"Feature","properties":{"id":"lens-traffic-road-london-way/300873532","layer":"traffic_road","category":"transport","year":1863,"visible_year":2023,"rank":4.5,"name":"Brixton Road","source_id":"way/300873532","source_url":"https://www.openstreetmap.org/way/300873532","license":"ODbL","transport_raw":0.241,"transport_count":1,"transport_activity":0.399,"representation":"major-road transport-event activity","timing_note":"Road color is a three-year transport-event activity surface on current OSM major road geometry, not measured traffic volume or congestion."},"geometry":{"type":"LineString","coordinates":[[-0.1133707,51.4663086],[-0.1133693,51.4662926],[-0.1133621,51.4662652],[-0.1133723,51.4662159],[-0.1134413,51.4660924],[-0.1134655,51.4660525],[-0.1134855,51.4660291],[-0.1135062,51.4660152],[-0.1135292,51.4660104],[-0.1135572,51.4659983],[-0.1135696,51.4659892]]}},{"type":"Feature","properties":{"id":"lens-traffic-road-london-way/321450388","layer":"traffic_road","category":"transport","year":1863,"visible_year":2023,"rank":4.5,"name":"Brixton Road","source_id":"way/321450388","source_url":"https://www.openstreetmap.org/way/321450388","license":"ODbL","transport_raw":0.24,"transport_count":1,"transport_activity":0.399,"representation":"major-road transport-event activity","timing_note":"Road color is a three-year transport-event activity surface on current OSM major road geometry, not measured traffic volume or congestion."},"geometry":{"type":"LineString","coordinates":[[-0.1147192,51.4635028],[-0.1147496,51.4634308]]}},{"type":"Feature","properties":{"id":"lens-traffic-road-london-way/1123344467","layer":"traffic_road","category":"transport","year":1863,"visible_year":2023,"rank":4.5,"name":"Brixton Road","source_id":"way/1123344467","source_url":"https://www.openstreetmap.org/way/1123344467","license":"ODbL","transport_raw":0.238,"transport_count":1,"transport_activity":0.395,"representation":"major-road transport-event activity","timing_note":"Road color is a three-year transport-event activity surface on current OSM major road geometry, not measured traffic volume or congestion."},"geometry":{"type":"LineString","coordinates":[[-0.1147496,51.4634308],[-0.1147736,51.4633812]]}},{"type":"Feature","properties":{"id":"lens-traffic-road-london-way/1123344465","layer":"traffic_road","category":"transport","year":1863,"visible_year":2023,"rank":4.5,"name":"Brixton Road","source_id":"way/1123344465","source_url":"https://www.openstreetmap.org/way/1123344465","license":"ODbL","transport_raw":0.236,"transport_count":1,"transport_activity":0.391,"representation":"major-road transport-event activity","timing_note":"Road color is a three-year transport-event activity surface on current OSM major road geometry, not measured traffic volume or congestion."},"geometry":{"type":"LineString","coordinates":[[-0.1147736,51.4633812],[-0.1148158,51.4632881]]}},{"type":"Feature","properties":{"id":"lens-traffic-road-london-way/266584264","layer":"traffic_road","category":"transport","year":1863,"visible_year":2024,"rank":4.5,"name":"Stockwell Road","source_id":"way/266584264","source_url":"https://www.openstreetmap.org/way/266584264","license":"ODbL","transport_raw":0.233,"transport_count":1,"transport_activity":0.387,"representation":"major-road transport-event activity","timing_note":"Road color is a three-year transport-event activity surface on current OSM major road geometry, not measured traffic volume or congestion."},"geometry":{"type":"LineString","coordinates":[[-0.1221856,51.4723416],[-0.1221803,51.4723257],[-0.1221609,51.472291]]}},{"type":"Feature","properties":{"id":"lens-traffic-road-london-way/1055837575","layer":"traffic_road","category":"transport","year":1863,"visible_year":2023,"rank":4.5,"name":"Brixton Road","source_id":"way/1055837575","source_url":"https://www.openstreetmap.org/way/1055837575","license":"ODbL","transport_raw":0.232,"transport_count":1,"transport_activity":0.386,"representation":"major-road transport-event activity","timing_note":"Road color is a three-year transport-event activity surface on current OSM major road geometry, not measured traffic volume or congestion."},"geometry":{"type":"LineString","coordinates":[[-0.1133161,51.4663927],[-0.1133707,51.4663086]]}},{"type":"Feature","properties":{"id":"lens-traffic-road-london-way/85644410","layer":"traffic_road","category":"transport","year":1863,"visible_year":2025,"rank":4.5,"name":"Brixton Road","source_id":"way/85644410","source_url":"https://www.openstreetmap.org/way/85644410","license":"ODbL","transport_raw":0.231,"transport_count":1,"transport_activity":0.383,"representation":"major-road transport-event activity","timing_note":"Road color is a three-year transport-event activity surface on current OSM major road geometry, not measured traffic volume or congestion."},"geometry":{"type":"LineString","coordinates":[[-0.1148158,51.4632881],[-0.1148544,51.4632012],[-0.1148879,51.4631288]]}},{"type":"Feature","properties":{"id":"lens-traffic-road-london-way/59337887","layer":"traffic_road","category":"transport","year":1863,"visible_year":2025,"rank":4.5,"name":"Clapham Road","source_id":"way/59337887","source_url":"https://www.openstreetmap.org/way/59337887","license":"ODbL","transport_raw":0.227,"transport_count":1,"transport_activity":0.377,"representation":"major-road transport-event activity","timing_note":"Road color is a three-year transport-event activity surface on current OSM major road geometry, not measured traffic volume or congestion."},"geometry":{"type":"LineString","coordinates":[[-0.1223848,51.4724166],[-0.1224725,51.4723309]]}},{"type":"Feature","properties":{"id":"lens-traffic-road-london-way/1123344471","layer":"traffic_road","category":"transport","year":1863,"visible_year":2023,"rank":4.5,"name":"Brixton Road","source_id":"way/1123344471","source_url":"https://www.openstreetmap.org/way/1123344471","license":"ODbL","transport_raw":0.227,"transport_count":1,"transport_activity":0.376,"representation":"major-road transport-event activity","timing_note":"Road color is a three-year transport-event activity surface on current OSM major road geometry, not measured traffic volume or congestion."},"geometry":{"type":"LineString","coordinates":[[-0.1148879,51.4631288],[-0.1149062,51.4630929]]}},{"type":"Feature","properties":{"id":"lens-traffic-road-london-way/1123344470","layer":"traffic_road","category":"transport","year":1863,"visible_year":2024,"rank":4.5,"name":"Brixton Road","source_id":"way/1123344470","source_url":"https://www.openstreetmap.org/way/1123344470","license":"ODbL","transport_raw":0.224,"transport_count":1,"transport_activity":0.372,"representation":"major-road transport-event activity","timing_note":"Road color is a three-year transport-event activity surface on current OSM major road geometry, not measured traffic volume or congestion."},"geometry":{"type":"LineString","coordinates":[[-0.1149062,51.4630929],[-0.1149622,51.46298]]}},{"type":"Feature","properties":{"id":"lens-traffic-road-london-way/743155268","layer":"traffic_road","category":"transport","year":1863,"visible_year":2024,"rank":4.5,"name":"Stockwell Road","source_id":"way/743155268","source_url":"https://www.openstreetmap.org/way/743155268","license":"ODbL","transport_raw":0.224,"transport_count":1,"transport_activity":0.372,"representation":"major-road transport-event activity","timing_note":"Road color is a three-year transport-event activity surface on current OSM major road geometry, not measured traffic volume or congestion."},"geometry":{"type":"LineString","coordinates":[[-0.1221729,51.4724375],[-0.1221856,51.4723943],[-0.1221856,51.4723416]]}},{"type":"Feature","properties":{"id":"lens-traffic-road-london-way/743155267","layer":"traffic_road","category":"transport","year":1863,"visible_year":2025,"rank":4.5,"name":"Clapham Road","source_id":"way/743155267","source_url":"https://www.openstreetmap.org/way/743155267","license":"ODbL","transport_raw":0.221,"transport_count":1,"transport_activity":0.366,"representation":"major-road transport-event activity","timing_note":"Road color is a three-year transport-event activity surface on current OSM major road geometry, not measured traffic volume or congestion."},"geometry":{"type":"LineString","coordinates":[[-0.1222898,51.4724284],[-0.1223848,51.4724166]]}},{"type":"Feature","properties":{"id":"lens-traffic-road-london-way/1032901277","layer":"traffic_road","category":"transport","year":1863,"visible_year":2024,"rank":4.5,"name":"Brixton Road","source_id":"way/1032901277","source_url":"https://www.openstreetmap.org/way/1032901277","license":"ODbL","transport_raw":0.22,"transport_count":1,"transport_activity":0.365,"representation":"major-road transport-event activity","timing_note":"Road color is a three-year transport-event activity surface on current OSM major road geometry, not measured traffic volume or congestion."},"geometry":{"type":"LineString","coordinates":[[-0.1149622,51.46298],[-0.1149932,51.4629126]]}},{"type":"Feature","properties":{"id":"lens-traffic-road-london-way/743155265","layer":"traffic_road","category":"transport","year":1863,"visible_year":2024,"rank":4.5,"name":"Stockwell Road","source_id":"way/743155265","source_url":"https://www.openstreetmap.org/way/743155265","license":"ODbL","transport_raw":0.216,"transport_count":1,"transport_activity":0.359,"representation":"major-road transport-event activity","timing_note":"Road color is a three-year transport-event activity surface on current OSM major road geometry, not measured traffic volume or congestion."},"geometry":{"type":"LineString","coordinates":[[-0.122153,51.4724627],[-0.1221729,51.4724375]]}},{"type":"Feature","properties":{"id":"lens-traffic-road-london-way/634042794","layer":"traffic_road","category":"transport","year":1863,"visible_year":2025,"rank":3,"name":"Atlantic Road","source_id":"way/634042794","source_url":"https://www.openstreetmap.org/way/634042794","license":"ODbL","transport_raw":0.211,"transport_count":1,"transport_activity":0.35,"representation":"major-road transport-event activity","timing_note":"Road color is a three-year transport-event activity surface on current OSM major road geometry, not measured traffic volume or congestion."},"geometry":{"type":"LineString","coordinates":[[-0.1142646,51.4631134],[-0.1143603,51.4631449],[-0.1146488,51.4632404],[-0.114706,51.4632574],[-0.1148158,51.4632881]]}},{"type":"Feature","properties":{"id":"lens-traffic-road-london-way/1055837573","layer":"traffic_road","category":"transport","year":1863,"visible_year":2024,"rank":4.5,"name":"Brixton Road","source_id":"way/1055837573","source_url":"https://www.openstreetmap.org/way/1055837573","license":"ODbL","transport_raw":0.21,"transport_count":1,"transport_activity":0.349,"representation":"major-road transport-event activity","timing_note":"Road color is a three-year transport-event activity surface on current OSM major road geometry, not measured traffic volume or congestion."},"geometry":{"type":"LineString","coordinates":[[-0.1128787,51.4672274],[-0.1129491,51.4670594],[-0.1130394,51.4668716],[-0.1132764,51.466451],[-0.1133161,51.4663927]]}},{"type":"Feature","properties":{"id":"lens-traffic-road-london-way/499733226","layer":"traffic_road","category":"transport","year":1863,"visible_year":2025,"rank":4.5,"name":"Brixton Road","source_id":"way/499733226","source_url":"https://www.openstreetmap.org/way/499733226","license":"ODbL","transport_raw":0.209,"transport_count":1,"transport_activity":0.348,"representation":"major-road transport-event activity","timing_note":"Road color is a three-year transport-event activity surface on current OSM major road geometry, not measured traffic volume or congestion."},"geometry":{"type":"LineString","coordinates":[[-0.1152286,51.4624395],[-0.1151614,51.4625952],[-0.1151378,51.4626503],[-0.1151162,51.4627025],[-0.1150476,51.4628723],[-0.1149932,51.4629126]]}},{"type":"Feature","properties":{"id":"lens-traffic-road-london-way/448426610","layer":"traffic_road","category":"transport","year":1863,"visible_year":2025,"rank":4.5,"name":"Clapham Road","source_id":"way/448426610","source_url":"https://www.openstreetmap.org/way/448426610","license":"ODbL","transport_raw":0.209,"transport_count":1,"transport_activity":0.347,"representation":"major-road transport-event activity","timing_note":"Road color is a three-year transport-event activity surface on current OSM major road geometry, not measured traffic volume or congestion."},"geometry":{"type":"LineString","coordinates":[[-0.1223848,51.4724166],[-0.1224178,51.4724726],[-0.1223316,51.4725587],[-0.1222975,51.4725907]]}},{"type":"Feature","properties":{"id":"lens-traffic-road-london-way/448426605","layer":"traffic_road","category":"transport","year":1863,"visible_year":2025,"rank":4.5,"name":"Clapham Road","source_id":"way/448426605","source_url":"https://www.openstreetmap.org/way/448426605","license":"ODbL","transport_raw":0.206,"transport_count":1,"transport_activity":0.342,"representation":"major-road transport-event activity","timing_note":"Road color is a three-year transport-event activity surface on current OSM major road geometry, not measured traffic volume or congestion."},"geometry":{"type":"LineString","coordinates":[[-0.1220585,51.4726154],[-0.1221321,51.4725852],[-0.1221949,51.4725245],[-0.1222281,51.4724911],[-0.1222898,51.4724284]]}},{"type":"Feature","properties":{"id":"lens-traffic-road-london-way/448426609","layer":"traffic_road","category":"transport","year":1863,"visible_year":2024,"rank":4.5,"name":"Stockwell Road","source_id":"way/448426609","source_url":"https://www.openstreetmap.org/way/448426609","license":"ODbL","transport_raw":0.205,"transport_count":1,"transport_activity":0.341,"representation":"major-road transport-event activity","timing_note":"Road color is a three-year transport-event activity surface on current OSM major road geometry, not measured traffic volume or congestion."},"geometry":{"type":"LineString","coordinates":[[-0.1220585,51.4726154],[-0.1220623,51.4725558],[-0.1221307,51.4724865],[-0.122153,51.4724627]]}},{"type":"Feature","properties":{"id":"lens-traffic-road-london-way/205285352","layer":"traffic_road","category":"transport","year":1863,"visible_year":2025,"rank":4.5,"name":"Brixton Road","source_id":"way/205285352","source_url":"https://www.openstreetmap.org/way/205285352","license":"ODbL","transport_raw":0.203,"transport_count":1,"transport_activity":0.336,"representation":"major-road transport-event activity","timing_note":"Road color is a three-year transport-event activity surface on current OSM major road geometry, not measured traffic volume or congestion."},"geometry":{"type":"LineString","coordinates":[[-0.1149932,51.4629126],[-0.1149569,51.4628626],[-0.1149864,51.4627067],[-0.1150165,51.4626331],[-0.1151679,51.4622969]]}},{"type":"Feature","properties":{"id":"lens-traffic-road-london-way/1032913476","layer":"traffic_road","category":"transport","year":1863,"visible_year":2025,"rank":4.5,"name":"Brixton Road","source_id":"way/1032913476","source_url":"https://www.openstreetmap.org/way/1032913476","license":"ODbL","transport_raw":0.191,"transport_count":1,"transport_activity":0.317,"representation":"major-road transport-event activity","timing_note":"Road color is a three-year transport-event activity surface on current OSM major road geometry, not measured traffic volume or congestion."},"geometry":{"type":"LineString","coordinates":[[-0.1152958,51.4622838],[-0.1152286,51.4624395]]}},{"type":"Feature","properties":{"id":"lens-traffic-road-london-way/522866096","layer":"traffic_road","category":"transport","year":1863,"visible_year":2025,"rank":4.5,"name":"Brixton Road","source_id":"way/522866096","source_url":"https://www.openstreetmap.org/way/522866096","license":"ODbL","transport_raw":0.183,"transport_count":1,"transport_activity":0.304,"representation":"major-road transport-event activity","timing_note":"Road color is a three-year transport-event activity surface on current OSM major road geometry, not measured traffic volume or congestion."},"geometry":{"type":"LineString","coordinates":[[-0.115347,51.4621651],[-0.1152958,51.4622838]]}},{"type":"Feature","properties":{"id":"lens-traffic-road-london-way/1068160893","layer":"traffic_road","category":"transport","year":1863,"visible_year":2024,"rank":4.5,"name":"Brixton Road","source_id":"way/1068160893","source_url":"https://www.openstreetmap.org/way/1068160893","license":"ODbL","transport_raw":0.176,"transport_count":1,"transport_activity":0.292,"representation":"major-road transport-event activity","timing_note":"Road color is a three-year transport-event activity surface on current OSM major road geometry, not measured traffic volume or congestion."},"geometry":{"type":"LineString","coordinates":[[-0.1126665,51.4678068],[-0.1127298,51.4676152],[-0.1127857,51.4674498],[-0.1128081,51.467399],[-0.1128423,51.4673143],[-0.1128787,51.4672274]]}},{"type":"Feature","properties":{"id":"lens-traffic-road-london-way/499714663","layer":"traffic_road","category":"transport","year":1863,"visible_year":2025,"rank":4.5,"name":"Brixton Road","source_id":"way/499714663","source_url":"https://www.openstreetmap.org/way/499714663","license":"ODbL","transport_raw":0.175,"transport_count":1,"transport_activity":0.291,"representation":"major-road transport-event activity","timing_note":"Road color is a three-year transport-event activity surface on current OSM major road geometry, not measured traffic volume or congestion."},"geometry":{"type":"LineString","coordinates":[[-0.1154034,51.4620337],[-0.115347,51.4621651]]}},{"type":"Feature","properties":{"id":"lens-traffic-road-london-way/448426600","layer":"traffic_road","category":"transport","year":1863,"visible_year":2024,"rank":4.5,"name":"Clapham Road","source_id":"way/448426600","source_url":"https://www.openstreetmap.org/way/448426600","license":"ODbL","transport_raw":0.174,"transport_count":1,"transport_activity":0.289,"representation":"major-road transport-event activity","timing_note":"Road color is a three-year transport-event activity surface on current OSM major road geometry, not measured traffic volume or congestion."},"geometry":{"type":"LineString","coordinates":[[-0.1222975,51.4725907],[-0.1218846,51.4729489]]}},{"type":"Feature","properties":{"id":"lens-traffic-road-london-way/643144915","layer":"traffic_road","category":"transport","year":1863,"visible_year":2025,"rank":4.5,"name":"Brixton Road","source_id":"way/643144915","source_url":"https://www.openstreetmap.org/way/643144915","license":"ODbL","transport_raw":0.174,"transport_count":1,"transport_activity":0.289,"representation":"major-road transport-event activity","timing_note":"Road color is a three-year transport-event activity surface on current OSM major road geometry, not measured traffic volume or congestion."},"geometry":{"type":"LineString","coordinates":[[-0.1151679,51.4622969],[-0.115182,51.4622713],[-0.1153076,51.4620076]]}},{"type":"Feature","properties":{"id":"lens-traffic-road-london-way/448426606","layer":"traffic_road","category":"transport","year":1863,"visible_year":2025,"rank":4.5,"name":"Clapham Road","source_id":"way/448426606","source_url":"https://www.openstreetmap.org/way/448426606","license":"ODbL","transport_raw":0.169,"transport_count":1,"transport_activity":0.28,"representation":"major-road transport-event activity","timing_note":"Road color is a three-year transport-event activity surface on current OSM major road geometry, not measured traffic volume or congestion."},"geometry":{"type":"LineString","coordinates":[[-0.1216706,51.4729915],[-0.1218375,51.4728347],[-0.1219011,51.4727727],[-0.1220585,51.4726154]]}},{"type":"Feature","properties":{"id":"lens-traffic-road-london-way/205285350","layer":"traffic_road","category":"transport","year":1863,"visible_year":2025,"rank":4.5,"name":"Brixton Road","source_id":"way/205285350","source_url":"https://www.openstreetmap.org/way/205285350","license":"ODbL","transport_raw":0.165,"transport_count":1,"transport_activity":0.274,"representation":"major-road transport-event activity","timing_note":"Road color is a three-year transport-event activity surface on current OSM major road geometry, not measured traffic volume or congestion."},"geometry":{"type":"LineString","coordinates":[[-0.1154922,51.4618472],[-0.1154034,51.4620337]]}},{"type":"Feature","properties":{"id":"lens-traffic-road-london-way/1070252742","layer":"traffic_road","category":"transport","year":1863,"visible_year":2025,"rank":4.5,"name":"Brixton Road","source_id":"way/1070252742","source_url":"https://www.openstreetmap.org/way/1070252742","license":"ODbL","transport_raw":0.152,"transport_count":1,"transport_activity":0.253,"representation":"major-road transport-event activity","timing_note":"Road color is a three-year transport-event activity surface on current OSM major road geometry, not measured traffic volume or congestion."},"geometry":{"type":"LineString","coordinates":[[-0.1126069,51.4679823],[-0.1126214,51.4679431],[-0.1126665,51.4678068]]}},{"type":"Feature","properties":{"id":"lens-traffic-road-london-way/722409769","layer":"traffic_road","category":"transport","year":1863,"visible_year":2025,"rank":4,"name":"Acre Lane","source_id":"way/722409769","source_url":"https://www.openstreetmap.org/way/722409769","license":"ODbL","transport_raw":0.152,"transport_count":1,"transport_activity":0.252,"representation":"major-road transport-event activity","timing_note":"Road color is a three-year transport-event activity surface on current OSM major road geometry, not measured traffic volume or congestion."},"geometry":{"type":"LineString","coordinates":[[-0.1201115,51.4600811],[-0.1192754,51.4602808],[-0.1192497,51.4602869],[-0.1188281,51.4603935],[-0.11869,51.4604278],[-0.1186221,51.4604445],[-0.1181764,51.4605614],[-0.118099,51.4605811]]}},{"type":"Feature","properties":{"id":"lens-traffic-road-london-way/1032913473","layer":"traffic_road","category":"transport","year":1863,"visible_year":2025,"rank":4.5,"name":"Brixton Road","source_id":"way/1032913473","source_url":"https://www.openstreetmap.org/way/1032913473","license":"ODbL","transport_raw":0.149,"transport_count":1,"transport_activity":0.247,"representation":"major-road transport-event activity","timing_note":"Road color is a three-year transport-event activity surface on current OSM major road geometry, not measured traffic volume or congestion."},"geometry":{"type":"LineString","coordinates":[[-0.1153076,51.4620076],[-0.1153836,51.4618204],[-0.1154454,51.4616924],[-0.1154558,51.4616658]]}},{"type":"Feature","properties":{"id":"lens-traffic-road-london-way/205285349","layer":"traffic_road","category":"transport","year":1863,"visible_year":2025,"rank":4.5,"name":"Brixton Road","source_id":"way/205285349","source_url":"https://www.openstreetmap.org/way/205285349","license":"ODbL","transport_raw":0.149,"transport_count":1,"transport_activity":0.247,"representation":"major-road transport-event activity","timing_note":"Road color is a three-year transport-event activity surface on current OSM major road geometry, not measured traffic volume or congestion."},"geometry":{"type":"LineString","coordinates":[[-0.1156454,51.4615368],[-0.1154922,51.4618472]]}},{"type":"Feature","properties":{"id":"lens-traffic-road-london-way/1032961197","layer":"traffic_road","category":"transport","year":1863,"visible_year":2025,"rank":4,"name":"Acre Lane","source_id":"way/1032961197","source_url":"https://www.openstreetmap.org/way/1032961197","license":"ODbL","transport_raw":0.148,"transport_count":1,"transport_activity":0.245,"representation":"major-road transport-event activity","timing_note":"Road color is a three-year transport-event activity surface on current OSM major road geometry, not measured traffic volume or congestion."},"geometry":{"type":"LineString","coordinates":[[-0.118099,51.4605811],[-0.1178701,51.4606472],[-0.1178063,51.4606632],[-0.117742,51.4606794],[-0.1175165,51.4607455]]}},{"type":"Feature","properties":{"id":"lens-traffic-road-london-way/1068160892","layer":"traffic_road","category":"transport","year":1863,"visible_year":2025,"rank":4.5,"name":"Brixton Road","source_id":"way/1068160892","source_url":"https://www.openstreetmap.org/way/1068160892","license":"ODbL","transport_raw":0.144,"transport_count":1,"transport_activity":0.24,"representation":"major-road transport-event activity","timing_note":"Road color is a three-year transport-event activity surface on current OSM major road geometry, not measured traffic volume or congestion."},"geometry":{"type":"LineString","coordinates":[[-0.1125474,51.4681824],[-0.1125779,51.4680747],[-0.1125918,51.4680259],[-0.1126046,51.4679886],[-0.1126069,51.4679823]]}},{"type":"Feature","properties":{"id":"lens-traffic-road-london-way/1032961190","layer":"traffic_road","category":"transport","year":1863,"visible_year":2025,"rank":4,"name":"Acre Lane","source_id":"way/1032961190","source_url":"https://www.openstreetmap.org/way/1032961190","license":"ODbL","transport_raw":0.143,"transport_count":1,"transport_activity":0.238,"representation":"major-road transport-event activity","timing_note":"Road color is a three-year transport-event activity surface on current OSM major road geometry, not measured traffic volume or congestion."},"geometry":{"type":"LineString","coordinates":[[-0.1208325,51.4599286],[-0.1206648,51.4599615],[-0.1205266,51.4599951],[-0.1201485,51.4600729],[-0.1201115,51.4600811]]}},{"type":"Feature","properties":{"id":"lens-traffic-road-london-way/373884751","layer":"traffic_road","category":"transport","year":1863,"visible_year":2025,"rank":3,"name":"Atlantic Road","source_id":"way/373884751","source_url":"https://www.openstreetmap.org/way/373884751","license":"ODbL","transport_raw":0.142,"transport_count":1,"transport_activity":0.235,"representation":"major-road transport-event activity","timing_note":"Road color is a three-year transport-event activity surface on current OSM major road geometry, not measured traffic volume or congestion."},"geometry":{"type":"LineString","coordinates":[[-0.1133944,51.462773],[-0.1136721,51.4628904],[-0.1138125,51.4629498],[-0.1139627,51.4630087],[-0.1142646,51.4631134]]}},{"type":"Feature","properties":{"id":"lens-traffic-road-london-way/1032961196","layer":"traffic_road","category":"transport","year":1863,"visible_year":2025,"rank":4,"name":"Acre Lane","source_id":"way/1032961196","source_url":"https://www.openstreetmap.org/way/1032961196","license":"ODbL","transport_raw":0.139,"transport_count":1,"transport_activity":0.231,"representation":"major-road transport-event activity","timing_note":"Road color is a three-year transport-event activity surface on current OSM major road geometry, not measured traffic volume or congestion."},"geometry":{"type":"LineString","coordinates":[[-0.1175165,51.4607455],[-0.1174564,51.4607612],[-0.117039,51.4608747],[-0.1167784,51.4609515],[-0.1166805,51.4609789],[-0.116525,51.4610225]]}},{"type":"Feature","properties":{"id":"lens-traffic-road-london-way/448426602","layer":"traffic_road","category":"transport","year":1863,"visible_year":2024,"rank":4.5,"name":"South Lambeth Road","source_id":"way/448426602","source_url":"https://www.openstreetmap.org/way/448426602","license":"ODbL","transport_raw":0.139,"transport_count":1,"transport_activity":0.231,"representation":"major-road transport-event activity","timing_note":"Road color is a three-year transport-event activity surface on current OSM major road geometry, not measured traffic volume or congestion."},"geometry":{"type":"LineString","coordinates":[[-0.1218846,51.4729489],[-0.1218801,51.472993],[-0.1218208,51.4730457],[-0.1218026,51.4730695],[-0.1217987,51.4730934]]}},{"type":"Feature","properties":{"id":"lens-traffic-road-london-way/831784110","layer":"traffic_road","category":"transport","year":1863,"visible_year":2025,"rank":4.5,"name":"Clapham High Street","source_id":"way/831784110","source_url":"https://www.openstreetmap.org/way/831784110","license":"ODbL","transport_raw":0.139,"transport_count":1,"transport_activity":0.231,"representation":"major-road transport-event activity","timing_note":"Road color is a three-year transport-event activity surface on current OSM major road geometry, not measured traffic volume or congestion."},"geometry":{"type":"LineString","coordinates":[[-0.1340327,51.4632001],[-0.1338918,51.4632559],[-0.1331383,51.4635545],[-0.1330241,51.4636031],[-0.1329689,51.4636252],[-0.132913,51.4636459],[-0.1327217,51.4637249],[-0.1324091,51.4638573],[-0.1319883,51.4640294],[-0.1318418,51.464094],[-0.1316369,51.4641843],[-0.1313351,51.4643265],[-0.1312876,51.4643489],[-0.1312266,51.4643776]]}},{"type":"Feature","properties":{"id":"lens-traffic-road-london-way/1032967630","layer":"traffic_road","category":"transport","year":1863,"visible_year":2025,"rank":4,"name":"Acre Lane","source_id":"way/1032967630","source_url":"https://www.openstreetmap.org/way/1032967630","license":"ODbL","transport_raw":0.138,"transport_count":1,"transport_activity":0.23,"representation":"major-road transport-event activity","timing_note":"Road color is a three-year transport-event activity surface on current OSM major road geometry, not measured traffic volume or congestion."},"geometry":{"type":"LineString","coordinates":[[-0.1209603,51.4599038],[-0.1208325,51.4599286]]}},{"type":"Feature","properties":{"id":"lens-traffic-road-london-way/448426597","layer":"traffic_road","category":"transport","year":1863,"visible_year":2024,"rank":4.5,"name":"Clapham Road","source_id":"way/448426597","source_url":"https://www.openstreetmap.org/way/448426597","license":"ODbL","transport_raw":0.137,"transport_count":1,"transport_activity":0.227,"representation":"major-road transport-event activity","timing_note":"Road color is a three-year transport-event activity surface on current OSM major road geometry, not measured traffic volume or congestion."},"geometry":{"type":"LineString","coordinates":[[-0.1218846,51.4729489],[-0.121822,51.4729698],[-0.1217196,51.4730606],[-0.1215873,51.4731842]]}},{"type":"Feature","properties":{"id":"lens-traffic-road-london-way/722409768","layer":"traffic_road","category":"transport","year":1863,"visible_year":2025,"rank":4,"name":"Acre Lane","source_id":"way/722409768","source_url":"https://www.openstreetmap.org/way/722409768","license":"ODbL","transport_raw":0.136,"transport_count":1,"transport_activity":0.226,"representation":"major-road transport-event activity","timing_note":"Road color is a three-year transport-event activity surface on current OSM major road geometry, not measured traffic volume or congestion."},"geometry":{"type":"LineString","coordinates":[[-0.1212061,51.459852],[-0.1209603,51.4599038]]}},{"type":"Feature","properties":{"id":"lens-traffic-road-london-way/1306653777","layer":"traffic_road","category":"transport","year":1863,"visible_year":2025,"rank":4.5,"name":"Clapham Road","source_id":"way/1306653777","source_url":"https://www.openstreetmap.org/way/1306653777","license":"ODbL","transport_raw":0.133,"transport_count":1,"transport_activity":0.221,"representation":"major-road transport-event activity","timing_note":"Road color is a three-year transport-event activity surface on current OSM major road geometry, not measured traffic volume or congestion."},"geometry":{"type":"LineString","coordinates":[[-0.1215186,51.4731278],[-0.1216706,51.4729915]]}},{"type":"Feature","properties":{"id":"lens-traffic-road-london-way/1068160895","layer":"traffic_road","category":"transport","year":1863,"visible_year":2025,"rank":4.5,"name":"Brixton Road","source_id":"way/1068160895","source_url":"https://www.openstreetmap.org/way/1068160895","license":"ODbL","transport_raw":0.132,"transport_count":1,"transport_activity":0.219,"representation":"major-road transport-event activity","timing_note":"Road color is a three-year transport-event activity surface on current OSM major road geometry, not measured traffic volume or congestion."},"geometry":{"type":"LineString","coordinates":[[-0.1154558,51.4616658],[-0.1155138,51.461518],[-0.1155294,51.4614701]]}},{"type":"Feature","properties":{"id":"lens-traffic-road-london-way/1032961198","layer":"traffic_road","category":"transport","year":1863,"visible_year":2025,"rank":4,"name":"Acre Lane","source_id":"way/1032961198","source_url":"https://www.openstreetmap.org/way/1032961198","license":"ODbL","transport_raw":0.129,"transport_count":1,"transport_activity":0.215,"representation":"major-road transport-event activity","timing_note":"Road color is a three-year transport-event activity surface on current OSM major road geometry, not measured traffic volume or congestion."},"geometry":{"type":"LineString","coordinates":[[-0.116525,51.4610225],[-0.1162666,51.4610949]]}},{"type":"Feature","properties":{"id":"lens-traffic-road-london-way/1032913475","layer":"traffic_road","category":"transport","year":1863,"visible_year":2025,"rank":4.5,"name":"Brixton Road","source_id":"way/1032913475","source_url":"https://www.openstreetmap.org/way/1032913475","license":"ODbL","transport_raw":0.128,"transport_count":1,"transport_activity":0.213,"representation":"major-road transport-event activity","timing_note":"Road color is a three-year transport-event activity surface on current OSM major road geometry, not measured traffic volume or congestion."},"geometry":{"type":"LineString","coordinates":[[-0.1157933,51.4612365],[-0.1157402,51.461334],[-0.1157122,51.4614059],[-0.1156868,51.461453],[-0.1156454,51.4615368]]}},{"type":"Feature","properties":{"id":"lens-traffic-road-london-way/4060819","layer":"traffic_road","category":"transport","year":1863,"visible_year":2025,"rank":4,"name":"Acre Lane","source_id":"way/4060819","source_url":"https://www.openstreetmap.org/way/4060819","license":"ODbL","transport_raw":0.124,"transport_count":1,"transport_activity":0.205,"representation":"major-road transport-event activity","timing_note":"Road color is a three-year transport-event activity surface on current OSM major road geometry, not measured traffic volume or congestion."},"geometry":{"type":"LineString","coordinates":[[-0.1247121,51.459605],[-0.1241664,51.4595707],[-0.123961,51.4595641],[-0.1236998,51.4595801],[-0.123153,51.4596356],[-0.1229503,51.4596544],[-0.1228396,51.4596647],[-0.1227116,51.4596768],[-0.1224506,51.4597014],[-0.122323,51.4597135],[-0.1222167,51.4597235],[-0.1221807,51.4597269],[-0.1221273,51.4597329],[-0.1219322,51.4597548],[-0.1215123,51.4598018],[-0.1214743,51.4598063],[-0.1213434,51.4598268],[-0.1212061,51.459852]]}},{"type":"Feature","properties":{"id":"lens-traffic-road-london-way/205285345","layer":"traffic_road","category":"transport","year":1863,"visible_year":2025,"rank":4,"name":"Acre Lane","source_id":"way/205285345","source_url":"https://www.openstreetmap.org/way/205285345","license":"ODbL","transport_raw":0.123,"transport_count":1,"transport_activity":0.204,"representation":"major-road transport-event activity","timing_note":"Road color is a three-year transport-event activity surface on current OSM major road geometry, not measured traffic volume or congestion."},"geometry":{"type":"LineString","coordinates":[[-0.1162666,51.4610949],[-0.1161995,51.4611199],[-0.1161172,51.4611431],[-0.1160706,51.4611557],[-0.1159682,51.4611849],[-0.1157933,51.4612365]]}},{"type":"Feature","properties":{"id":"lens-traffic-road-london-way/448426607","layer":"traffic_road","category":"transport","year":1863,"visible_year":2025,"rank":4.5,"name":"Clapham Road","source_id":"way/448426607","source_url":"https://www.openstreetmap.org/way/448426607","license":"ODbL","transport_raw":0.122,"transport_count":1,"transport_activity":0.203,"representation":"major-road transport-event activity","timing_note":"Road color is a three-year transport-event activity surface on current OSM major road geometry, not measured traffic volume or congestion."},"geometry":{"type":"LineString","coordinates":[[-0.1214974,51.4731487],[-0.1215186,51.4731278]]}},{"type":"Feature","properties":{"id":"lens-traffic-road-london-way/1042672642","layer":"traffic_road","category":"transport","year":1863,"visible_year":2025,"rank":4.5,"name":"Brixton Road","source_id":"way/1042672642","source_url":"https://www.openstreetmap.org/way/1042672642","license":"ODbL","transport_raw":0.12,"transport_count":1,"transport_activity":0.199,"representation":"major-road transport-event activity","timing_note":"Road color is a three-year transport-event activity surface on current OSM major road geometry, not measured traffic volume or congestion."},"geometry":{"type":"LineString","coordinates":[[-0.1124716,51.4689714],[-0.1124694,51.4688316],[-0.1124682,51.468716],[-0.1124675,51.4686424],[-0.1124758,51.4685119],[-0.1124761,51.4685026],[-0.1124882,51.4684278],[-0.1125275,51.4682535],[-0.1125284,51.4682494],[-0.1125474,51.4681824]]}},{"type":"Feature","properties":{"id":"lens-traffic-road-london-way/844889888","layer":"traffic_road","category":"transport","year":1863,"visible_year":2024,"rank":4.5,"name":"South Lambeth Road","source_id":"way/844889888","source_url":"https://www.openstreetmap.org/way/844889888","license":"ODbL","transport_raw":0.12,"transport_count":1,"transport_activity":0.199,"representation":"major-road transport-event activity","timing_note":"Road color is a three-year transport-event activity surface on current OSM major road geometry, not measured traffic volume or congestion."},"geometry":{"type":"LineString","coordinates":[[-0.1217987,51.4730934],[-0.1218112,51.4731214],[-0.1218352,51.4731434],[-0.1218871,51.4731691],[-0.121937,51.4731867],[-0.122184,51.4732552],[-0.1222606,51.473315]]}},{"type":"Feature","properties":{"id":"lens-traffic-road-london-way/223396193","layer":"traffic_road","category":"transport","year":1863,"visible_year":2025,"rank":4.5,"name":"Brixton Road","source_id":"way/223396193","source_url":"https://www.openstreetmap.org/way/223396193","license":"ODbL","transport_raw":0.119,"transport_count":1,"transport_activity":0.197,"representation":"major-road transport-event activity","timing_note":"Road color is a three-year transport-event activity surface on current OSM major road geometry, not measured traffic volume or congestion."},"geometry":{"type":"LineString","coordinates":[[-0.1155294,51.4614701],[-0.115539,51.4614324],[-0.1155796,51.4613368],[-0.1156126,51.4612671]]}},{"type":"Feature","properties":{"id":"lens-traffic-road-london-way/448426611","layer":"traffic_road","category":"transport","year":1863,"visible_year":2024,"rank":4.5,"name":"South Lambeth Road","source_id":"way/448426611","source_url":"https://www.openstreetmap.org/way/448426611","license":"ODbL","transport_raw":0.119,"transport_count":1,"transport_activity":0.197,"representation":"major-road transport-event activity","timing_note":"Road color is a three-year transport-event activity surface on current OSM major road geometry, not measured traffic volume or congestion."},"geometry":{"type":"LineString","coordinates":[[-0.1215873,51.4731842],[-0.1214974,51.4731487]]}},{"type":"Feature","properties":{"id":"lens-traffic-road-london-way/1257736763","layer":"traffic_road","category":"transport","year":1863,"visible_year":2025,"rank":4.5,"name":"Brixton Hill","source_id":"way/1257736763","source_url":"https://www.openstreetmap.org/way/1257736763","license":"ODbL","transport_raw":0.114,"transport_count":1,"transport_activity":0.19,"representation":"major-road transport-event activity","timing_note":"Road color is a three-year transport-event activity surface on current OSM major road geometry, not measured traffic volume or congestion."},"geometry":{"type":"LineString","coordinates":[[-0.115832,51.4611666],[-0.1157933,51.4612365]]}},{"type":"Feature","properties":{"id":"lens-traffic-road-london-way/750344319","layer":"traffic_road","category":"transport","year":1863,"visible_year":2024,"rank":4.5,"name":"South Lambeth Road","source_id":"way/750344319","source_url":"https://www.openstreetmap.org/way/750344319","license":"ODbL","transport_raw":0.115,"transport_count":1,"transport_activity":0.19,"representation":"major-road transport-event activity","timing_note":"Road color is a three-year transport-event activity surface on current OSM major road geometry, not measured traffic volume or congestion."},"geometry":{"type":"LineString","coordinates":[[-0.1217212,51.4732218],[-0.1217017,51.4732172],[-0.1216543,51.4732059],[-0.1215873,51.4731842]]}},{"type":"Feature","properties":{"id":"lens-traffic-road-london-way/1257736762","layer":"traffic_road","category":"transport","year":1863,"visible_year":2025,"rank":4,"name":"A2217","source_id":"way/1257736762","source_url":"https://www.openstreetmap.org/way/1257736762","license":"ODbL","transport_raw":0.114,"transport_count":1,"transport_activity":0.189,"representation":"major-road transport-event activity","timing_note":"Road color is a three-year transport-event activity surface on current OSM major road geometry, not measured traffic volume or congestion."},"geometry":{"type":"LineString","coordinates":[[-0.1157933,51.4612365],[-0.1156126,51.4612671]]}},{"type":"Feature","properties":{"id":"lens-traffic-road-london-way/1065476895","layer":"traffic_road","category":"transport","year":1863,"visible_year":2024,"rank":4.5,"name":"South Lambeth Road","source_id":"way/1065476895","source_url":"https://www.openstreetmap.org/way/1065476895","license":"ODbL","transport_raw":0.112,"transport_count":1,"transport_activity":0.186,"representation":"major-road transport-event activity","timing_note":"Road color is a three-year transport-event activity surface on current OSM major road geometry, not measured traffic volume or congestion."},"geometry":{"type":"LineString","coordinates":[[-0.1218639,51.4732531],[-0.1217559,51.4732293],[-0.1217212,51.4732218]]}},{"type":"Feature","properties":{"id":"lens-traffic-road-london-way/8181203","layer":"traffic_road","category":"transport","year":1863,"visible_year":2025,"rank":3,"name":"Bedford Road","source_id":"way/8181203","source_url":"https://www.openstreetmap.org/way/8181203","license":"ODbL","transport_raw":0.112,"transport_count":1,"transport_activity":0.186,"representation":"major-road transport-event activity","timing_note":"Road color is a three-year transport-event activity surface on current OSM major road geometry, not measured traffic volume or congestion."},"geometry":{"type":"LineString","coordinates":[[-0.1291278,51.4597529],[-0.1291271,51.459858],[-0.1291271,51.4598786],[-0.1291287,51.459893],[-0.1291327,51.4599308],[-0.1291603,51.4601864],[-0.1291763,51.460335],[-0.1292333,51.4608626],[-0.1292422,51.4609432],[-0.1292725,51.4612169],[-0.1292825,51.4613187],[-0.1293062,51.4615188],[-0.1293148,51.461616],[-0.1293363,51.4618533],[-0.1293441,51.4620992],[-0.1293419,51.4623777],[-0.1293419,51.4625319]]}},{"type":"Feature","properties":{"id":"lens-traffic-road-london-way/448426604","layer":"traffic_road","category":"transport","year":1863,"visible_year":2024,"rank":4.5,"name":"Clapham Road","source_id":"way/448426604","source_url":"https://www.openstreetmap.org/way/448426604","license":"ODbL","transport_raw":0.11,"transport_count":1,"transport_activity":0.182,"representation":"major-road transport-event activity","timing_note":"Road color is a three-year transport-event activity surface on current OSM major road geometry, not measured traffic volume or congestion."},"geometry":{"type":"LineString","coordinates":[[-0.1215873,51.4731842],[-0.1215186,51.4732526],[-0.1215276,51.4732781]]}},{"type":"Feature","properties":{"id":"lens-traffic-road-london-way/12147532","layer":"traffic_road","category":"transport","year":1863,"visible_year":2024,"rank":4.5,"name":"South Lambeth Road","source_id":"way/12147532","source_url":"https://www.openstreetmap.org/way/12147532","license":"ODbL","transport_raw":0.106,"transport_count":1,"transport_activity":0.176,"representation":"major-road transport-event activity","timing_note":"Road color is a three-year transport-event activity surface on current OSM major road geometry, not measured traffic volume or congestion."},"geometry":{"type":"LineString","coordinates":[[-0.1222606,51.473315],[-0.1221418,51.473314],[-0.1218639,51.4732531]]}},{"type":"Feature","properties":{"id":"lens-traffic-road-london-way/448372365","layer":"traffic_road","category":"transport","year":1863,"visible_year":2025,"rank":4.5,"name":"Clapham Road","source_id":"way/448372365","source_url":"https://www.openstreetmap.org/way/448372365","license":"ODbL","transport_raw":0.106,"transport_count":1,"transport_activity":0.176,"representation":"major-road transport-event activity","timing_note":"Road color is a three-year transport-event activity surface on current OSM major road geometry, not measured traffic volume or congestion."},"geometry":{"type":"LineString","coordinates":[[-0.1213553,51.4733654],[-0.1213341,51.4733234],[-0.1213707,51.4732816],[-0.1214236,51.4732247],[-0.1214461,51.4732],[-0.1214974,51.4731487]]}},{"type":"Feature","properties":{"id":"lens-traffic-road-london-way/1257736764","layer":"traffic_road","category":"transport","year":1863,"visible_year":2025,"rank":4.5,"name":"Brixton Hill","source_id":"way/1257736764","source_url":"https://www.openstreetmap.org/way/1257736764","license":"ODbL","transport_raw":0.105,"transport_count":1,"transport_activity":0.175,"representation":"major-road transport-event activity","timing_note":"Road color is a three-year transport-event activity surface on current OSM major road geometry, not measured traffic volume or congestion."},"geometry":{"type":"LineString","coordinates":[[-0.1156126,51.4612671],[-0.1156627,51.4611337]]}},{"type":"Feature","properties":{"id":"lens-traffic-road-london-way/205285348","layer":"traffic_road","category":"transport","year":1863,"visible_year":2025,"rank":4.5,"name":"Brixton Hill","source_id":"way/205285348","source_url":"https://www.openstreetmap.org/way/205285348","license":"ODbL","transport_raw":0.104,"transport_count":1,"transport_activity":0.173,"representation":"major-road transport-event activity","timing_note":"Road color is a three-year transport-event activity surface on current OSM major road geometry, not measured traffic volume or congestion."},"geometry":{"type":"LineString","coordinates":[[-0.1159356,51.4609555],[-0.1159016,51.4610594],[-0.115832,51.4611666]]}},{"type":"Feature","properties":{"id":"lens-traffic-road-london-way/743155263","layer":"traffic_road","category":"transport","year":1863,"visible_year":2024,"rank":4.5,"name":"Clapham Road","source_id":"way/743155263","source_url":"https://www.openstreetmap.org/way/743155263","license":"ODbL","transport_raw":0.102,"transport_count":1,"transport_activity":0.169,"representation":"major-road transport-event activity","timing_note":"Road color is a three-year transport-event activity surface on current OSM major road geometry, not measured traffic volume or congestion."},"geometry":{"type":"LineString","coordinates":[[-0.1215276,51.4732781],[-0.1214903,51.4733127]]}},{"type":"Feature","properties":{"id":"lens-traffic-road-london-way/12147701","layer":"traffic_road","category":"transport","year":1863,"visible_year":2024,"rank":4.5,"name":"South Lambeth Road","source_id":"way/12147701","source_url":"https://www.openstreetmap.org/way/12147701","license":"ODbL","transport_raw":0.096,"transport_count":1,"transport_activity":0.16,"representation":"major-road transport-event activity","timing_note":"Road color is a three-year transport-event activity surface on current OSM major road geometry, not measured traffic volume or congestion."},"geometry":{"type":"LineString","coordinates":[[-0.1223633,51.4734345],[-0.122357,51.4734141],[-0.1223403,51.4733791],[-0.1223081,51.4733419],[-0.1222606,51.473315]]}},{"type":"Feature","properties":{"id":"lens-traffic-road-london-way/1032961189","layer":"traffic_road","category":"transport","year":1863,"visible_year":2025,"rank":4,"name":"Acre Lane","source_id":"way/1032961189","source_url":"https://www.openstreetmap.org/way/1032961189","license":"ODbL","transport_raw":0.095,"transport_count":1,"transport_activity":0.158,"representation":"major-road transport-event activity","timing_note":"Road color is a three-year transport-event activity surface on current OSM major road geometry, not measured traffic volume or congestion."},"geometry":{"type":"LineString","coordinates":[[-0.1252387,51.4596376],[-0.1251414,51.4596307],[-0.1250591,51.4596249],[-0.1250038,51.4596216],[-0.1248767,51.4596141],[-0.1248401,51.4596131],[-0.1247121,51.459605]]}},{"type":"Feature","properties":{"id":"lens-traffic-road-london-way/743136954","layer":"traffic_road","category":"transport","year":1863,"visible_year":2025,"rank":4.5,"name":"Brixton Hill","source_id":"way/743136954","source_url":"https://www.openstreetmap.org/way/743136954","license":"ODbL","transport_raw":0.095,"transport_count":1,"transport_activity":0.158,"representation":"major-road transport-event activity","timing_note":"Road color is a three-year transport-event activity surface on current OSM major road geometry, not measured traffic volume or congestion."},"geometry":{"type":"LineString","coordinates":[[-0.1156627,51.4611337],[-0.115714,51.4610136]]}},{"type":"Feature","properties":{"id":"lens-traffic-road-london-way/1068160891","layer":"traffic_road","category":"transport","year":1863,"visible_year":2025,"rank":4.5,"name":"Brixton Road","source_id":"way/1068160891","source_url":"https://www.openstreetmap.org/way/1068160891","license":"ODbL","transport_raw":0.095,"transport_count":1,"transport_activity":0.157,"representation":"major-road transport-event activity","timing_note":"Road color is a three-year transport-event activity surface on current OSM major road geometry, not measured traffic volume or congestion."},"geometry":{"type":"LineString","coordinates":[[-0.1124745,51.46915],[-0.1124716,51.4689714]]}},{"type":"Feature","properties":{"id":"lens-traffic-road-london-way/1306653780","layer":"traffic_road","category":"transport","year":1863,"visible_year":2024,"rank":4.5,"name":"Clapham Road","source_id":"way/1306653780","source_url":"https://www.openstreetmap.org/way/1306653780","license":"ODbL","transport_raw":0.095,"transport_count":1,"transport_activity":0.157,"representation":"major-road transport-event activity","timing_note":"Road color is a three-year transport-event activity surface on current OSM major road geometry, not measured traffic volume or congestion."},"geometry":{"type":"LineString","coordinates":[[-0.1214903,51.4733127],[-0.1214431,51.4733567],[-0.1213553,51.4733654]]}},{"type":"Feature","properties":{"id":"lens-traffic-road-london-way/373884750","layer":"traffic_road","category":"transport","year":1863,"visible_year":2025,"rank":3,"name":"Atlantic Road","source_id":"way/373884750","source_url":"https://www.openstreetmap.org/way/373884750","license":"ODbL","transport_raw":0.093,"transport_count":1,"transport_activity":0.154,"representation":"major-road transport-event activity","timing_note":"Road color is a three-year transport-event activity surface on current OSM major road geometry, not measured traffic volume or congestion."},"geometry":{"type":"LineString","coordinates":[[-0.1132504,51.4627142],[-0.1132913,51.4627308],[-0.1133564,51.4627569],[-0.1133944,51.462773]]}},{"type":"Feature","properties":{"id":"lens-traffic-road-london-way/743132058","layer":"traffic_road","category":"transport","year":1863,"visible_year":2025,"rank":4.5,"name":"Brixton Hill","source_id":"way/743132058","source_url":"https://www.openstreetmap.org/way/743132058","license":"ODbL","transport_raw":0.091,"transport_count":1,"transport_activity":0.152,"representation":"major-road transport-event activity","timing_note":"Road color is a three-year transport-event activity surface on current OSM major road geometry, not measured traffic volume or congestion."},"geometry":{"type":"LineString","coordinates":[[-0.1158962,51.4608904],[-0.1159356,51.4609555]]}},{"type":"Feature","properties":{"id":"lens-traffic-road-london-way/1055820802","layer":"traffic_road","category":"transport","year":1863,"visible_year":2025,"rank":4.5,"name":"Brixton Road","source_id":"way/1055820802","source_url":"https://www.openstreetmap.org/way/1055820802","license":"ODbL","transport_raw":0.088,"transport_count":1,"transport_activity":0.147,"representation":"major-road transport-event activity","timing_note":"Road color is a three-year transport-event activity surface on current OSM major road geometry, not measured traffic volume or congestion."},"geometry":{"type":"LineString","coordinates":[[-0.1124756,51.4692269],[-0.1124745,51.4691853],[-0.1124745,51.46915]]}},{"type":"Feature","properties":{"id":"lens-traffic-road-london-way/1032967632","layer":"traffic_road","category":"transport","year":1863,"visible_year":2025,"rank":4,"name":"Acre Lane","source_id":"way/1032967632","source_url":"https://www.openstreetmap.org/way/1032967632","license":"ODbL","transport_raw":0.088,"transport_count":1,"transport_activity":0.146,"representation":"major-road transport-event activity","timing_note":"Road color is a three-year transport-event activity surface on current OSM major road geometry, not measured traffic volume or congestion."},"geometry":{"type":"LineString","coordinates":[[-0.1260353,51.4596994],[-0.1257575,51.4596737],[-0.1256462,51.4596667],[-0.1256251,51.4596652],[-0.1252387,51.4596376]]}},{"type":"Feature","properties":{"id":"lens-traffic-road-london-way/743132056","layer":"traffic_road","category":"transport","year":1863,"visible_year":2025,"rank":4.5,"name":"Brixton Hill","source_id":"way/743132056","source_url":"https://www.openstreetmap.org/way/743132056","license":"ODbL","transport_raw":0.088,"transport_count":1,"transport_activity":0.146,"representation":"major-road transport-event activity","timing_note":"Road color is a three-year transport-event activity surface on current OSM major road geometry, not measured traffic volume or congestion."},"geometry":{"type":"LineString","coordinates":[[-0.115714,51.4610136],[-0.1157882,51.4609391],[-0.1158962,51.4608904]]}},{"type":"Feature","properties":{"id":"lens-traffic-road-london-way/1306653779","layer":"traffic_road","category":"transport","year":1863,"visible_year":2025,"rank":4.5,"name":"Clapham Road","source_id":"way/1306653779","source_url":"https://www.openstreetmap.org/way/1306653779","license":"ODbL","transport_raw":0.085,"transport_count":1,"transport_activity":0.141,"representation":"major-road transport-event activity","timing_note":"Road color is a three-year transport-event activity surface on current OSM major road geometry, not measured traffic volume or congestion."},"geometry":{"type":"LineString","coordinates":[[-0.1212564,51.4734562],[-0.1213553,51.4733654]]}},{"type":"Feature","properties":{"id":"lens-traffic-road-london-way/205285346","layer":"traffic_road","category":"transport","year":1863,"visible_year":2025,"rank":4.5,"name":"Brixton Hill","source_id":"way/205285346","source_url":"https://www.openstreetmap.org/way/205285346","license":"ODbL","transport_raw":0.079,"transport_count":1,"transport_activity":0.132,"representation":"major-road transport-event activity","timing_note":"Road color is a three-year transport-event activity surface on current OSM major road geometry, not measured traffic volume or congestion."},"geometry":{"type":"LineString","coordinates":[[-0.1158962,51.4608904],[-0.1159633,51.4607867],[-0.1159873,51.4607512],[-0.1160269,51.4606955]]}},{"type":"Feature","properties":{"id":"lens-traffic-road-london-way/1306653778","layer":"traffic_road","category":"transport","year":1863,"visible_year":2025,"rank":4.5,"name":"Clapham Road","source_id":"way/1306653778","source_url":"https://www.openstreetmap.org/way/1306653778","license":"ODbL","transport_raw":0.072,"transport_count":1,"transport_activity":0.119,"representation":"major-road transport-event activity","timing_note":"Road color is a three-year transport-event activity surface on current OSM major road geometry, not measured traffic volume or congestion."},"geometry":{"type":"LineString","coordinates":[[-0.1211504,51.4735569],[-0.1212564,51.4734562]]}},{"type":"Feature","properties":{"id":"lens-traffic-road-london-way/1032961188","layer":"traffic_road","category":"transport","year":1863,"visible_year":2025,"rank":4,"name":"Acre Lane","source_id":"way/1032961188","source_url":"https://www.openstreetmap.org/way/1032961188","license":"ODbL","transport_raw":0.066,"transport_count":1,"transport_activity":0.11,"representation":"major-road transport-event activity","timing_note":"Road color is a three-year transport-event activity surface on current OSM major road geometry, not measured traffic volume or congestion."},"geometry":{"type":"LineString","coordinates":[[-0.1275041,51.4597568],[-0.1274494,51.4597575],[-0.1272705,51.4597593],[-0.1271773,51.4597603],[-0.1268957,51.4597594],[-0.1268199,51.4597557],[-0.1266127,51.4597486],[-0.1263931,51.4597325],[-0.1260353,51.4596994]]}},{"type":"Feature","properties":{"id":"lens-traffic-road-london-way/743132057","layer":"traffic_road","category":"transport","year":1863,"visible_year":2025,"rank":4,"name":"Effra Road","source_id":"way/743132057","source_url":"https://www.openstreetmap.org/way/743132057","license":"ODbL","transport_raw":0.066,"transport_count":1,"transport_activity":0.11,"representation":"major-road transport-event activity","timing_note":"Road color is a three-year transport-event activity surface on current OSM major road geometry, not measured traffic volume or congestion."},"geometry":{"type":"LineString","coordinates":[[-0.115714,51.4610136],[-0.1157134,51.4608555],[-0.1157186,51.4608121],[-0.1156976,51.4607206],[-0.1156912,51.4606862],[-0.1156689,51.4606127]]}},{"type":"Feature","properties":{"id":"lens-traffic-road-london-way/1055820801","layer":"traffic_road","category":"transport","year":1863,"visible_year":2025,"rank":4.5,"name":"Brixton Road","source_id":"way/1055820801","source_url":"https://www.openstreetmap.org/way/1055820801","license":"ODbL","transport_raw":0.065,"transport_count":1,"transport_activity":0.107,"representation":"major-road transport-event activity","timing_note":"Road color is a three-year transport-event activity surface on current OSM major road geometry, not measured traffic volume or congestion."},"geometry":{"type":"LineString","coordinates":[[-0.1124929,51.4698329],[-0.1124926,51.4698229],[-0.1124901,51.4698001],[-0.1124862,51.4696123],[-0.1124839,51.4695338],[-0.1124756,51.4692269]]}},{"type":"Feature","properties":{"id":"lens-traffic-road-london-way/1194676985","layer":"traffic_road","category":"transport","year":1863,"visible_year":2025,"rank":4.5,"name":"Brixton Hill","source_id":"way/1194676985","source_url":"https://www.openstreetmap.org/way/1194676985","license":"ODbL","transport_raw":0.064,"transport_count":1,"transport_activity":0.107,"representation":"major-road transport-event activity","timing_note":"Road color is a three-year transport-event activity surface on current OSM major road geometry, not measured traffic volume or congestion."},"geometry":{"type":"LineString","coordinates":[[-0.1160269,51.4606955],[-0.1160551,51.4606586],[-0.1160841,51.4606161],[-0.1162465,51.4603338]]}},{"type":"Feature","properties":{"id":"lens-traffic-road-london-way/1055820795","layer":"traffic_road","category":"transport","year":1863,"visible_year":2025,"rank":4.5,"name":"Brixton Road","source_id":"way/1055820795","source_url":"https://www.openstreetmap.org/way/1055820795","license":"ODbL","transport_raw":0.046,"transport_count":1,"transport_activity":0.077,"representation":"major-road transport-event activity","timing_note":"Road color is a three-year transport-event activity surface on current OSM major road geometry, not measured traffic volume or congestion."},"geometry":{"type":"LineString","coordinates":[[-0.1124996,51.470073],[-0.1124929,51.4698329]]}},{"type":"Feature","properties":{"id":"lens-traffic-road-london-way/1068160884","layer":"traffic_road","category":"transport","year":1863,"visible_year":2025,"rank":4.5,"name":"South Lambeth Road","source_id":"way/1068160884","source_url":"https://www.openstreetmap.org/way/1068160884","license":"ODbL","transport_raw":0.039,"transport_count":1,"transport_activity":0.065,"representation":"major-road transport-event activity","timing_note":"Road color is a three-year transport-event activity surface on current OSM major road geometry, not measured traffic volume or congestion."},"geometry":{"type":"LineString","coordinates":[[-0.1225461,51.4741568],[-0.1224863,51.4740001],[-0.1224463,51.4738576],[-0.122403,51.4736504],[-0.1223633,51.4734345]]}},{"type":"Feature","properties":{"id":"lens-traffic-road-london-way/1032967634","layer":"traffic_road","category":"transport","year":1863,"visible_year":2025,"rank":4,"name":"Acre Lane","source_id":"way/1032967634","source_url":"https://www.openstreetmap.org/way/1032967634","license":"ODbL","transport_raw":0.039,"transport_count":1,"transport_activity":0.064,"representation":"major-road transport-event activity","timing_note":"Road color is a three-year transport-event activity surface on current OSM major road geometry, not measured traffic volume or congestion."},"geometry":{"type":"LineString","coordinates":[[-0.1280094,51.4597516],[-0.1278834,51.4597516],[-0.127803,51.4597526],[-0.1277085,51.4597542],[-0.1275041,51.4597568]]}},{"type":"Feature","properties":{"id":"lens-traffic-road-london-way/1055820798","layer":"traffic_road","category":"transport","year":1863,"visible_year":2025,"rank":4.5,"name":"Brixton Road","source_id":"way/1055820798","source_url":"https://www.openstreetmap.org/way/1055820798","license":"ODbL","transport_raw":0.037,"transport_count":1,"transport_activity":0.062,"representation":"major-road transport-event activity","timing_note":"Road color is a three-year transport-event activity surface on current OSM major road geometry, not measured traffic volume or congestion."},"geometry":{"type":"LineString","coordinates":[[-0.1125013,51.4701282],[-0.1125006,51.4701077],[-0.1124996,51.470073]]}},{"type":"Feature","properties":{"id":"lens-traffic-road-london-way/1055820796","layer":"traffic_road","category":"transport","year":1863,"visible_year":2025,"rank":4.5,"name":"Brixton Road","source_id":"way/1055820796","source_url":"https://www.openstreetmap.org/way/1055820796","license":"ODbL","transport_raw":0.031,"transport_count":1,"transport_activity":0.052,"representation":"major-road transport-event activity","timing_note":"Road color is a three-year transport-event activity surface on current OSM major road geometry, not measured traffic volume or congestion."},"geometry":{"type":"LineString","coordinates":[[-0.1125052,51.4702356],[-0.1125049,51.4702317],[-0.1125013,51.4701282]]}},{"type":"Feature","properties":{"id":"lens-traffic-road-london-way/647107643","layer":"traffic_road","category":"transport","year":1863,"visible_year":2025,"rank":3,"name":"Atlantic Road","source_id":"way/647107643","source_url":"https://www.openstreetmap.org/way/647107643","license":"ODbL","transport_raw":0.029,"transport_count":1,"transport_activity":0.048,"representation":"major-road transport-event activity","timing_note":"Road color is a three-year transport-event activity surface on current OSM major road geometry, not measured traffic volume or congestion."},"geometry":{"type":"LineString","coordinates":[[-0.1120553,51.4620928],[-0.1123153,51.4622587],[-0.1124957,51.4623618],[-0.1129365,51.4625734],[-0.1131181,51.4626529],[-0.1132504,51.4627142]]}},{"type":"Feature","properties":{"id":"lens-traffic-road-london-way/1055820797","layer":"traffic_road","category":"transport","year":1863,"visible_year":2025,"rank":4.5,"name":"Brixton Road","source_id":"way/1055820797","source_url":"https://www.openstreetmap.org/way/1055820797","license":"ODbL","transport_raw":0.028,"transport_count":1,"transport_activity":0.046,"representation":"major-road transport-event activity","timing_note":"Road color is a three-year transport-event activity surface on current OSM major road geometry, not measured traffic volume or congestion."},"geometry":{"type":"LineString","coordinates":[[-0.1125082,51.4702729],[-0.1125052,51.4702356]]}},{"type":"Feature","properties":{"id":"lens-traffic-road-london-way/4357137","layer":"traffic_road","category":"transport","year":1863,"visible_year":2025,"rank":4,"name":"Coldharbour Lane","source_id":"way/4357137","source_url":"https://www.openstreetmap.org/way/4357137","license":"ODbL","transport_raw":0.028,"transport_count":1,"transport_activity":0.046,"representation":"major-road transport-event activity","timing_note":"Road color is a three-year transport-event activity surface on current OSM major road geometry, not measured traffic volume or congestion."},"geometry":{"type":"LineString","coordinates":[[-0.1156126,51.4612671],[-0.1153985,51.4613082],[-0.1153068,51.4613224],[-0.1152432,51.4613383],[-0.1151752,51.4613557],[-0.1150471,51.4613873],[-0.1149062,51.4614143],[-0.1141598,51.4615201],[-0.1133636,51.4616328],[-0.1131674,51.4616628],[-0.1128217,51.461712],[-0.1124021,51.4617787],[-0.1123741,51.4617828],[-0.1120802,51.4618188],[-0.1120064,51.4618307],[-0.1119157,51.4618471],[-0.1117883,51.4618734]]}},{"type":"Feature","properties":{"id":"lens-traffic-road-london-way/1055820794","layer":"traffic_road","category":"transport","year":1863,"visible_year":2025,"rank":4.5,"name":"Brixton Road","source_id":"way/1055820794","source_url":"https://www.openstreetmap.org/way/1055820794","license":"ODbL","transport_raw":0.022,"transport_count":1,"transport_activity":0.036,"representation":"major-road transport-event activity","timing_note":"Road color is a three-year transport-event activity surface on current OSM major road geometry, not measured traffic volume or congestion."},"geometry":{"type":"LineString","coordinates":[[-0.1125087,51.4704378],[-0.1125102,51.4704235],[-0.1125103,51.4703086],[-0.1125087,51.4702781],[-0.1125082,51.4702729]]}},{"type":"Feature","properties":{"id":"lens-traffic-road-london-way/832249503","layer":"traffic_road","category":"transport","year":1863,"visible_year":2025,"rank":4,"name":"Acre Lane","source_id":"way/832249503","source_url":"https://www.openstreetmap.org/way/832249503","license":"ODbL","transport_raw":0.018,"transport_count":1,"transport_activity":0.031,"representation":"major-road transport-event activity","timing_note":"Road color is a three-year transport-event activity surface on current OSM major road geometry, not measured traffic volume or congestion."},"geometry":{"type":"LineString","coordinates":[[-0.1286553,51.4597518],[-0.1280094,51.4597516]]}},{"type":"Feature","properties":{"id":"lens-traffic-road-london-way/43873884","layer":"traffic_road","category":"transport","year":1863,"visible_year":2023,"rank":4,"name":"Effra Road","source_id":"way/43873884","source_url":"https://www.openstreetmap.org/way/43873884","license":"ODbL","transport_raw":0.016,"transport_count":1,"transport_activity":0.026,"representation":"major-road transport-event activity","timing_note":"Road color is a three-year transport-event activity surface on current OSM major road geometry, not measured traffic volume or congestion."},"geometry":{"type":"LineString","coordinates":[[-0.1156689,51.4606127],[-0.1156546,51.4605629],[-0.11557,51.4603323],[-0.1155063,51.4601569],[-0.1154912,51.4601097]]}},{"type":"Feature","properties":{"id":"lens-traffic-road-london-way/1042672643","layer":"traffic_road","category":"transport","year":1863,"visible_year":2025,"rank":4.5,"name":"Brixton Road","source_id":"way/1042672643","source_url":"https://www.openstreetmap.org/way/1042672643","license":"ODbL","transport_raw":0.004,"transport_count":1,"transport_activity":0.007,"representation":"major-road transport-event activity","timing_note":"Road color is a three-year transport-event activity surface on current OSM major road geometry, not measured traffic volume or congestion."},"geometry":{"type":"LineString","coordinates":[[-0.1125345,51.4707607],[-0.1125328,51.4707448],[-0.1125174,51.4706174],[-0.1125149,51.4705741],[-0.1125137,51.4705397],[-0.1125087,51.4704378]]}},{"type":"Feature","properties":{"id":"lens-traffic-road-london-way/1206152428","layer":"traffic_road","category":"transport","year":1863,"visible_year":2025,"rank":4,"name":"Acre Lane","source_id":"way/1206152428","source_url":"https://www.openstreetmap.org/way/1206152428","license":"ODbL","transport_raw":0.001,"transport_count":1,"transport_activity":0.002,"representation":"major-road transport-event activity","timing_note":"Road color is a three-year transport-event activity surface on current OSM major road geometry, not measured traffic volume or congestion."},"geometry":{"type":"LineString","coordinates":[[-0.1288915,51.4597515],[-0.1288397,51.4597518],[-0.1287825,51.4597518],[-0.1287059,51.4597518],[-0.1286553,51.4597518]]}},{"type":"Feature","properties":{"id":"lens-traffic-road-london-way/793921038","layer":"traffic_road","category":"transport","year":1863,"visible_year":2025,"rank":4.5,"name":"Brixton Hill","source_id":"way/793921038","source_url":"https://www.openstreetmap.org/way/793921038","license":"ODbL","transport_raw":0.001,"transport_count":1,"transport_activity":0.001,"representation":"major-road transport-event activity","timing_note":"Road color is a three-year transport-event activity surface on current OSM major road geometry, not measured traffic volume or congestion."},"geometry":{"type":"LineString","coordinates":[[-0.1162465,51.4603338],[-0.1162738,51.4602875],[-0.1164729,51.4599365],[-0.1165246,51.4598549],[-0.1166099,51.4597017],[-0.1166593,51.4596221],[-0.11669,51.4595783],[-0.1167291,51.4595315],[-0.116792,51.459454]]}}]}
