{"type":"FeatureCollection","name":"belfast_lens_detail_2024","metadata":{"schema_version":"1.0.0","city_id":"belfast","year":2024,"generated_at":"2026-06-03T13:24:58.883Z","source_paths":["web/data/city-atlas/cities/belfast/events_2024.json","web/data/city-atlas/cities/belfast/events.json","web/data/city-atlas/cities/belfast/detail_layers.geojson","web/data/city-atlas/cities/belfast/transport_roads_base.geojson"],"method":"Derived OpenCityLog lens geometry built from source-backed event points plus existing OSM road/detail geometry. Grid cells aggregate events by effective year. Trace lines reuse nearest mapped road geometry for context.","caveats":["Derived cells are evidence grids, not surveyed parcels, catchments, zones, or administrative boundaries.","Trace lines are nearest mapped street or work-location context, not surveyed utility networks, measured traffic speed, spend, vacancy, or service quality. No capacity data is inferred.","When a lens/year has no same-category source-backed records, no coverage geometry is generated; sparse data remains sparse.","Borough, citywide, statistical, corridor, and multi-site records are excluded from site-like lens geometry; they remain available in the event list and evidence records.","OSM mapped-visibility dates and administrative decision dates can differ from real-world physical change dates."],"feature_layers":{"planning_cell":324},"excluded_non_site_record_count":0,"excluded_non_site_reasons":{}},"features":[{"type":"Feature","properties":{"id":"lens-detail-belfast-2024-planning_cell-287","layer":"planning_cell","category":"built_environment","year":2024,"visible_year":2024,"title":"3 source-backed planning and built records","confidence":"documented","confidence_mix":"documented:3","event_count":3,"source_count":2,"source_ids":"dfi-planning-statistics-2024-25-round569,dfi-planning-statistics-2024-25-round592","event_ids":"bfs_arch_round569_37_osborne_drive_2024_0649_f_approval_2024,bfs_arch_round592_24_osborne_park_2024_1056_dca_approval_2024,bfs_arch_round592_37_osborne_drive_2024_0902_dca_approval_2024","event_ids_all":"bfs_arch_round569_37_osborne_drive_2024_0649_f_approval_2024,bfs_arch_round592_24_osborne_park_2024_1056_dca_approval_2024,bfs_arch_round592_37_osborne_drive_2024_0902_dca_approval_2024","source_urls":"https://www.infrastructure-ni.gov.uk/publications/northern-ireland-planning-statistics-april-2024-march-2025","geometry_precision_mix":"Application/site navigation point from official planning-statistics row; not a surveyed footprint, legal boundary, facade, room, campus, streetworks area or works extent.:3","representation":"planning and built evidence grid cell","timing_note":"Filtered by event effective year. OSM mapped-visibility dates and administrative dates can differ from real-world physical change dates.","caveat":"Planning cells are derived from source-backed event locations; they are not parcel boundaries unless source geometry is separately present.","generated_from":"web/data/city-atlas/cities/belfast/events_2024.json","lifecycle_status":"demolished","status":"source_record","cell_size_m":95,"intensity":0.578,"label":"37 Osborne Drive two storey and side and rear extension. single storey side extension, rear patio area and pergola. raising roof to..."},"geometry":{"type":"Polygon","coordinates":[[[-5.9586891,54.5708304],[-5.957216,54.5708304],[-5.957216,54.5716895],[-5.9586891,54.5716895],[-5.9586891,54.5708304]]]}},{"type":"Feature","properties":{"id":"lens-detail-belfast-2024-planning_cell-41","layer":"planning_cell","category":"built_environment","year":2024,"visible_year":2024,"title":"3 source-backed planning and built records","confidence":"documented","confidence_mix":"documented:3","event_count":3,"source_count":3,"source_ids":"dfi-planning-statistics-2024-25-round494,dfi-planning-statistics-2024-25-round569,dfi-planning-statistics-2024-25-round592","event_ids":"bfs_arch_round494_beechmount_avenue_office_apartment_approval_2024,bfs_arch_round569_265_falls_road_2024_1685_f_approval_2024,bfs_arch_round592_261_falls_road_2024_0471_f_approval_2024","event_ids_all":"bfs_arch_round494_beechmount_avenue_office_apartment_approval_2024,bfs_arch_round569_265_falls_road_2024_1685_f_approval_2024,bfs_arch_round592_261_falls_road_2024_0471_f_approval_2024","source_urls":"https://www.infrastructure-ni.gov.uk/publications/northern-ireland-planning-statistics-april-2024-march-2025","geometry_precision_mix":"Application/site navigation point from official planning-statistics row; not a surveyed footprint, legal boundary, facade, room, campus, streetworks area or works extent.:3","representation":"planning and built evidence grid cell","timing_note":"Filtered by event effective year. OSM mapped-visibility dates and administrative dates can differ from real-world physical change dates.","caveat":"Planning cells are derived from source-backed event locations; they are not parcel boundaries unless source geometry is separately present.","generated_from":"web/data/city-atlas/cities/belfast/events_2024.json","lifecycle_status":"permitted","status":"source_record","cell_size_m":95,"intensity":0.578,"label":"10 Beechmount Avenue office-to-apartment change of use was approved"},"geometry":{"type":"Polygon","coordinates":[[[-5.9645815,54.5914501],[-5.9631084,54.5914501],[-5.9631084,54.5923092],[-5.9645815,54.5923092],[-5.9645815,54.5914501]]]}},{"type":"Feature","properties":{"id":"lens-detail-belfast-2024-planning_cell-42","layer":"planning_cell","category":"built_environment","year":2024,"visible_year":2024,"title":"3 source-backed planning and built records","confidence":"documented","confidence_mix":"documented:3","event_count":3,"source_count":2,"source_ids":"dfi-planning-statistics-2024-25-round494,dfi-planning-statistics-2024-25-round499","event_ids":"bfs_arch_round494_berry_street_office_short_lets_approval_2024,bfs_arch_round494_royal_avenue_internal_shopfront_lbc_approval_2024,bfs_arch_round499_ulster_reform_club_safety_guarding_lbc_2024","event_ids_all":"bfs_arch_round494_berry_street_office_short_lets_approval_2024,bfs_arch_round494_royal_avenue_internal_shopfront_lbc_approval_2024,bfs_arch_round499_ulster_reform_club_safety_guarding_lbc_2024","source_urls":"https://www.infrastructure-ni.gov.uk/publications/northern-ireland-planning-statistics-april-2024-march-2025","geometry_precision_mix":"Application/site navigation point from official planning-statistics row; not a surveyed footprint, legal boundary, facade, room, campus, streetworks area or works extent.:3","representation":"planning and built evidence grid cell","timing_note":"Filtered by event effective year. OSM mapped-visibility dates and administrative dates can differ from real-world physical change dates.","caveat":"Planning cells are derived from source-backed event locations; they are not parcel boundaries unless source geometry is separately present.","generated_from":"web/data/city-atlas/cities/belfast/events_2024.json","lifecycle_status":"permitted","status":"source_record","cell_size_m":95,"intensity":0.578,"label":"22-24 Berry Street office-to-short-term-let change of use was approved"},"geometry":{"type":"Polygon","coordinates":[[[-5.9321733,54.5991824],[-5.9307002,54.5991824],[-5.9307002,54.6000416],[-5.9321733,54.6000416],[-5.9321733,54.5991824]]]}},{"type":"Feature","properties":{"id":"lens-detail-belfast-2024-planning_cell-43","layer":"planning_cell","category":"built_environment","year":2024,"visible_year":2024,"title":"3 source-backed planning and built records","confidence":"documented","confidence_mix":"documented:3","event_count":3,"source_count":3,"source_ids":"dfi-planning-statistics-2024-25-round494,dfi-planning-statistics-2024-25-round499,dfi-planning-statistics-2024-25-round503","event_ids":"bfs_arch_round494_bryson_house_secondary_windows_lbc_2024,bfs_arch_round499_ewart_bedford_street_partition_ceiling_lbc_2024,bfs_arch_round503_ewart_exterior_awnings_approval_2024","event_ids_all":"bfs_arch_round494_bryson_house_secondary_windows_lbc_2024,bfs_arch_round499_ewart_bedford_street_partition_ceiling_lbc_2024,bfs_arch_round503_ewart_exterior_awnings_approval_2024","source_urls":"https://www.infrastructure-ni.gov.uk/publications/northern-ireland-planning-statistics-april-2024-march-2025","geometry_precision_mix":"Application/site navigation point from official planning-statistics row; not a surveyed footprint, legal boundary, facade, room, campus, streetworks area or works extent.:3","representation":"planning and built evidence grid cell","timing_note":"Filtered by event effective year. OSM mapped-visibility dates and administrative dates can differ from real-world physical change dates.","caveat":"Planning cells are derived from source-backed event locations; they are not parcel boundaries unless source geometry is separately present.","generated_from":"web/data/city-atlas/cities/belfast/events_2024.json","lifecycle_status":"permitted","status":"source_record","cell_size_m":95,"intensity":0.578,"label":"Bryson House secondary-window consent was approved"},"geometry":{"type":"Polygon","coordinates":[[[-5.9321733,54.5940275],[-5.9307002,54.5940275],[-5.9307002,54.5948867],[-5.9321733,54.5948867],[-5.9321733,54.5940275]]]}},{"type":"Feature","properties":{"id":"lens-detail-belfast-2024-planning_cell-106","layer":"planning_cell","category":"built_environment","year":2024,"visible_year":2024,"title":"2 source-backed planning and built records","confidence":"documented","confidence_mix":"documented:2","event_count":2,"source_count":2,"source_ids":"dfi-planning-statistics-2024-25-round519,dfi-planning-statistics-2024-25-round527","event_ids":"bfs_arch_round519_cregagh_road_extension_roofspace_approval_2024,bfs_arch_round527_cregagh_road_replacement_extensions_approval_2024","event_ids_all":"bfs_arch_round519_cregagh_road_extension_roofspace_approval_2024,bfs_arch_round527_cregagh_road_replacement_extensions_approval_2024","source_urls":"https://www.infrastructure-ni.gov.uk/publications/northern-ireland-planning-statistics-april-2024-march-2025","geometry_precision_mix":"Application/site navigation point from official planning-statistics row; not a surveyed footprint, legal boundary, facade, room, campus, streetworks area or works extent.:2","representation":"planning and built evidence grid cell","timing_note":"Filtered by event effective year. OSM mapped-visibility dates and administrative dates can differ from real-world physical change dates.","caveat":"Planning cells are derived from source-backed event locations; they are not parcel boundaries unless source geometry is separately present.","generated_from":"web/data/city-atlas/cities/belfast/events_2024.json","lifecycle_status":"permitted","status":"source_record","cell_size_m":95,"intensity":0.458,"label":"425 Cregagh Road extension and roof-space works were approved"},"geometry":{"type":"Polygon","coordinates":[[[-5.8953458,54.5708304],[-5.8938727,54.5708304],[-5.8938727,54.5716895],[-5.8953458,54.5716895],[-5.8953458,54.5708304]]]}},{"type":"Feature","properties":{"id":"lens-detail-belfast-2024-planning_cell-135","layer":"planning_cell","category":"built_environment","year":2024,"visible_year":2024,"title":"2 source-backed planning and built records","confidence":"documented","confidence_mix":"documented:2","event_count":2,"source_count":2,"source_ids":"dfi-planning-statistics-2024-25-round527,dfi-planning-statistics-2024-25-round592","event_ids":"bfs_arch_round527_donegall_street_emergency_exit_lbc_2024,bfs_arch_round592_uu_donegall_street_113_117_donegall_street_2024_1324_f_approval_2024","event_ids_all":"bfs_arch_round527_donegall_street_emergency_exit_lbc_2024,bfs_arch_round592_uu_donegall_street_113_117_donegall_street_2024_1324_f_approval_2024","source_urls":"https://www.infrastructure-ni.gov.uk/publications/northern-ireland-planning-statistics-april-2024-march-2025","geometry_precision_mix":"Application/site navigation point from official planning-statistics row; not a surveyed footprint, legal boundary, facade, room, campus, streetworks area or works extent.:2","representation":"planning and built evidence grid cell","timing_note":"Filtered by event effective year. OSM mapped-visibility dates and administrative dates can differ from real-world physical change dates.","caveat":"Planning cells are derived from source-backed event locations; they are not parcel boundaries unless source geometry is separately present.","generated_from":"web/data/city-atlas/cities/belfast/events_2024.json","lifecycle_status":"permitted","status":"source_record","cell_size_m":95,"intensity":0.458,"label":"113-117 Donegall Street emergency-exit listed-building consent was recorded"},"geometry":{"type":"Polygon","coordinates":[[[-5.9307002,54.6043374],[-5.9292271,54.6043374],[-5.9292271,54.6051965],[-5.9307002,54.6051965],[-5.9307002,54.6043374]]]}},{"type":"Feature","properties":{"id":"lens-detail-belfast-2024-planning_cell-148","layer":"planning_cell","category":"built_environment","year":2024,"visible_year":2024,"title":"2 source-backed planning and built records","confidence":"documented","confidence_mix":"documented:2","event_count":2,"source_count":2,"source_ids":"dfi-planning-statistics-2024-25-round538,dfi-planning-statistics-2024-25-round569","event_ids":"bfs_arch_round538_beechlands_alterations_refurbishment_consent_2024,bfs_arch_round569_1_beechlands_2024_0805_f_approval_2024","event_ids_all":"bfs_arch_round538_beechlands_alterations_refurbishment_consent_2024,bfs_arch_round569_1_beechlands_2024_0805_f_approval_2024","source_urls":"https://www.infrastructure-ni.gov.uk/publications/northern-ireland-planning-statistics-april-2024-march-2025","geometry_precision_mix":"Application/site navigation point from official planning-statistics row; not a surveyed footprint, legal boundary, facade, room, campus, streetworks area or works extent.:2","representation":"planning and built evidence grid cell","timing_note":"Filtered by event effective year. OSM mapped-visibility dates and administrative dates can differ from real-world physical change dates.","caveat":"Planning cells are derived from source-backed event locations; they are not parcel boundaries unless source geometry is separately present.","generated_from":"web/data/city-atlas/cities/belfast/events_2024.json","lifecycle_status":"demolished","status":"source_record","cell_size_m":95,"intensity":0.458,"label":"1 Beechlands alteration and refurbishment demolition consent was recorded"},"geometry":{"type":"Polygon","coordinates":[[[-5.9439581,54.5751262],[-5.942485,54.5751262],[-5.942485,54.5759853],[-5.9439581,54.5759853],[-5.9439581,54.5751262]]]}},{"type":"Feature","properties":{"id":"lens-detail-belfast-2024-planning_cell-183","layer":"planning_cell","category":"built_environment","year":2024,"visible_year":2024,"title":"2 source-backed planning and built records","confidence":"documented","confidence_mix":"documented:2","event_count":2,"source_count":2,"source_ids":"dfi-planning-statistics-2024-25-round544,dfi-planning-statistics-2024-25-round592","event_ids":"bfs_arch_round544_marlborough_park_north_sunroom_renewal_approval_2024,bfs_arch_round592_82_marlborough_park_north_2024_0183_dca_approval_2024","event_ids_all":"bfs_arch_round544_marlborough_park_north_sunroom_renewal_approval_2024,bfs_arch_round592_82_marlborough_park_north_2024_0183_dca_approval_2024","source_urls":"https://www.infrastructure-ni.gov.uk/publications/northern-ireland-planning-statistics-april-2024-march-2025","geometry_precision_mix":"Application/site navigation point from official planning-statistics row; not a surveyed footprint, legal boundary, facade, room, campus, streetworks area or works extent.:2","representation":"planning and built evidence grid cell","timing_note":"Filtered by event effective year. OSM mapped-visibility dates and administrative dates can differ from real-world physical change dates.","caveat":"Planning cells are derived from source-backed event locations; they are not parcel boundaries unless source geometry is separately present.","generated_from":"web/data/city-atlas/cities/belfast/events_2024.json","lifecycle_status":"demolished","status":"source_record","cell_size_m":95,"intensity":0.458,"label":"82 Marlborough Park North sunroom-extension renewal approval was recorded"},"geometry":{"type":"Polygon","coordinates":[[[-5.9498505,54.574267],[-5.9483774,54.574267],[-5.9483774,54.5751262],[-5.9498505,54.5751262],[-5.9498505,54.574267]]]}},{"type":"Feature","properties":{"id":"lens-detail-belfast-2024-planning_cell-194","layer":"planning_cell","category":"built_environment","year":2024,"visible_year":2024,"title":"2 source-backed planning and built records","confidence":"documented","confidence_mix":"documented:2","event_count":2,"source_count":2,"source_ids":"dfi-planning-statistics-2024-25-round544,dfi-planning-statistics-2024-25-round565","event_ids":"bfs_arch_round544_upper_springfield_road_two_dwellings_outline_approval_2024,bfs_arch_round565_30m_south_east_of_150a_upper_springfield_hannahstown_2023_2496_f_approval_2024","event_ids_all":"bfs_arch_round544_upper_springfield_road_two_dwellings_outline_approval_2024,bfs_arch_round565_30m_south_east_of_150a_upper_springfield_hannahstown_2023_2496_f_approval_2024","source_urls":"https://www.infrastructure-ni.gov.uk/publications/northern-ireland-planning-statistics-april-2024-march-2025","geometry_precision_mix":"Application/site navigation point from official planning-statistics row; not a surveyed footprint, legal boundary, facade, room, campus, streetworks area or works extent.:2","representation":"planning and built evidence grid cell","timing_note":"Filtered by event effective year. OSM mapped-visibility dates and administrative dates can differ from real-world physical change dates.","caveat":"Planning cells are derived from source-backed event locations; they are not parcel boundaries unless source geometry is separately present.","generated_from":"web/data/city-atlas/cities/belfast/events_2024.json","lifecycle_status":"permitted","status":"source_record","cell_size_m":95,"intensity":0.458,"label":"Upper Springfield Road two-dwellings outline approval was recorded"},"geometry":{"type":"Polygon","coordinates":[[[-6.0323441,54.585436],[-6.030871,54.585436],[-6.030871,54.5862952],[-6.0323441,54.5862952],[-6.0323441,54.585436]]]}},{"type":"Feature","properties":{"id":"lens-detail-belfast-2024-planning_cell-197","layer":"planning_cell","category":"built_environment","year":2024,"visible_year":2024,"title":"2 source-backed planning and built records","confidence":"documented","confidence_mix":"documented:2","event_count":2,"source_count":2,"source_ids":"dfi-planning-statistics-2024-25-round554,dfi-planning-statistics-2024-25-round565","event_ids":"bfs_arch_round554_1_glengoland_avenue_dunmurry_2024_0403_f_approval_2024,bfs_arch_round565_1_glengoland_avenue_2024_0684_f_approval_2024","event_ids_all":"bfs_arch_round554_1_glengoland_avenue_dunmurry_2024_0403_f_approval_2024,bfs_arch_round565_1_glengoland_avenue_2024_0684_f_approval_2024","source_urls":"https://www.infrastructure-ni.gov.uk/publications/northern-ireland-planning-statistics-april-2024-march-2025","geometry_precision_mix":"Application/site navigation point from official planning-statistics row; not a surveyed footprint, legal boundary, facade, room, campus, streetworks area or works extent.:2","representation":"planning and built evidence grid cell","timing_note":"Filtered by event effective year. OSM mapped-visibility dates and administrative dates can differ from real-world physical change dates.","caveat":"Planning cells are derived from source-backed event locations; they are not parcel boundaries unless source geometry is separately present.","generated_from":"web/data/city-atlas/cities/belfast/events_2024.json","lifecycle_status":"demolished","status":"source_record","cell_size_m":95,"intensity":0.458,"label":"1 GLENGOLAND AVENUE DUNMURRY single storey detached outbuilding to provide ancillary residential accommodation approval was recorded"},"geometry":{"type":"Polygon","coordinates":[[[-6.0176131,54.5648163],[-6.01614,54.5648163],[-6.01614,54.5656755],[-6.0176131,54.5656755],[-6.0176131,54.5648163]]]}},{"type":"Feature","properties":{"id":"lens-detail-belfast-2024-planning_cell-2","layer":"planning_cell","category":"built_environment","year":2024,"visible_year":2024,"title":"2 source-backed planning and built records","confidence":"documented","confidence_mix":"documented:2","event_count":2,"source_count":2,"source_ids":"dfi-planning-statistics-2024-25-round464,dfi-planning-statistics-2024-25-round560","event_ids":"bfs_arch_round464_st_brides_primary_partial_demolition_consent_2024,bfs_arch_round560_52_rugby_road_2024_0159_f_approval_2024","event_ids_all":"bfs_arch_round464_st_brides_primary_partial_demolition_consent_2024,bfs_arch_round560_52_rugby_road_2024_0159_f_approval_2024","source_urls":"https://www.infrastructure-ni.gov.uk/publications/northern-ireland-planning-statistics-april-2024-march-2025","geometry_precision_mix":"Application/site navigation point from official planning-statistics row; not a surveyed footprint, legal boundary, facade, room, campus, streetworks area or works extent.:1,Approximate site/address point from official application row, not a surveyed footprint, legal red-line boundary, curtilage, room, wall or works extent.:1","representation":"planning and built evidence grid cell","timing_note":"Filtered by event effective year. OSM mapped-visibility dates and administrative dates can differ from real-world physical change dates.","caveat":"Planning cells are derived from source-backed event locations; they are not parcel boundaries unless source geometry is separately present.","generated_from":"web/data/city-atlas/cities/belfast/events_2024.json","lifecycle_status":"demolished","status":"source_record","cell_size_m":95,"intensity":0.458,"label":"St Bride's Primary School partial-demolition consent was approved"},"geometry":{"type":"Polygon","coordinates":[[[-5.9307002,54.5828585],[-5.9292271,54.5828585],[-5.9292271,54.5837177],[-5.9307002,54.5837177],[-5.9307002,54.5828585]]]}},{"type":"Feature","properties":{"id":"lens-detail-belfast-2024-planning_cell-252","layer":"planning_cell","category":"built_environment","year":2024,"visible_year":2024,"title":"2 source-backed planning and built records","confidence":"documented","confidence_mix":"documented:2","event_count":2,"source_count":2,"source_ids":"dfi-planning-statistics-2024-25-round560,dfi-planning-statistics-2024-25-round565","event_ids":"bfs_arch_round560_87_ardenlee_avenue_2023_4398_f_approval_2024,bfs_arch_round565_99_ardenlee_avenue_2024_0357_f_approval_2024","event_ids_all":"bfs_arch_round560_87_ardenlee_avenue_2023_4398_f_approval_2024,bfs_arch_round565_99_ardenlee_avenue_2024_0357_f_approval_2024","source_urls":"https://www.infrastructure-ni.gov.uk/publications/northern-ireland-planning-statistics-april-2024-march-2025","geometry_precision_mix":"Application/site navigation point from official planning-statistics row; not a surveyed footprint, legal boundary, facade, room, campus, streetworks area or works extent.:2","representation":"planning and built evidence grid cell","timing_note":"Filtered by event effective year. OSM mapped-visibility dates and administrative dates can differ from real-world physical change dates.","caveat":"Planning cells are derived from source-backed event locations; they are not parcel boundaries unless source geometry is separately present.","generated_from":"web/data/city-atlas/cities/belfast/events_2024.json","lifecycle_status":"permitted","status":"source_record","cell_size_m":95,"intensity":0.458,"label":"87 Ardenlee Avenue proposed ground floor extension to rear and new dormer to facilitate roofspace conversion approval was recorded"},"geometry":{"type":"Polygon","coordinates":[[[-5.9041844,54.5811402],[-5.9027113,54.5811402],[-5.9027113,54.5819994],[-5.9041844,54.5819994],[-5.9041844,54.5811402]]]}},{"type":"Feature","properties":{"id":"lens-detail-belfast-2024-planning_cell-253","layer":"planning_cell","category":"built_environment","year":2024,"visible_year":2024,"title":"2 source-backed planning and built records","confidence":"documented","confidence_mix":"documented:2","event_count":2,"source_count":2,"source_ids":"dfi-planning-statistics-2024-25-round560,dfi-planning-statistics-2024-25-round565","event_ids":"bfs_arch_round560_lands_approx_50m_north_west_of_35_hampton_park_2024_0011_f_approval_2024,bfs_arch_round565_35_hampton_park_2024_1129_f_approval_2024","event_ids_all":"bfs_arch_round560_lands_approx_50m_north_west_of_35_hampton_park_2024_0011_f_approval_2024,bfs_arch_round565_35_hampton_park_2024_1129_f_approval_2024","source_urls":"https://www.infrastructure-ni.gov.uk/publications/northern-ireland-planning-statistics-april-2024-march-2025","geometry_precision_mix":"Application/site navigation point from official planning-statistics row; not a surveyed footprint, legal boundary, facade, room, campus, streetworks area or works extent.:2","representation":"planning and built evidence grid cell","timing_note":"Filtered by event effective year. OSM mapped-visibility dates and administrative dates can differ from real-world physical change dates.","caveat":"Planning cells are derived from source-backed event locations; they are not parcel boundaries unless source geometry is separately present.","generated_from":"web/data/city-atlas/cities/belfast/events_2024.json","lifecycle_status":"permitted","status":"source_record","cell_size_m":95,"intensity":0.458,"label":"Lands approx. 50m north west of 35 Hampton Park erection of 1no. detached dwelling (change of house type to site no.32 approved under..."},"geometry":{"type":"Polygon","coordinates":[[[-5.9233347,54.5656755],[-5.9218616,54.5656755],[-5.9218616,54.5665346],[-5.9233347,54.5665346],[-5.9233347,54.5656755]]]}},{"type":"Feature","properties":{"id":"lens-detail-belfast-2024-planning_cell-260","layer":"planning_cell","category":"built_environment","year":2024,"visible_year":2024,"title":"2 source-backed planning and built records","confidence":"documented","confidence_mix":"documented:2","event_count":2,"source_count":2,"source_ids":"dfi-planning-statistics-2024-25-round565,dfi-planning-statistics-2024-25-round569","event_ids":"bfs_arch_round565_15_luxor_gardens_2024_1061_f_approval_2024,bfs_arch_round569_11_luxor_gardens_2024_1007_f_approval_2024","event_ids_all":"bfs_arch_round565_15_luxor_gardens_2024_1061_f_approval_2024,bfs_arch_round569_11_luxor_gardens_2024_1007_f_approval_2024","source_urls":"https://www.infrastructure-ni.gov.uk/publications/northern-ireland-planning-statistics-april-2024-march-2025","geometry_precision_mix":"Application/site navigation point from official planning-statistics row; not a surveyed footprint, legal boundary, facade, room, campus, streetworks area or works extent.:2","representation":"planning and built evidence grid cell","timing_note":"Filtered by event effective year. OSM mapped-visibility dates and administrative dates can differ from real-world physical change dates.","caveat":"Planning cells are derived from source-backed event locations; they are not parcel boundaries unless source geometry is separately present.","generated_from":"web/data/city-atlas/cities/belfast/events_2024.json","lifecycle_status":"demolished","status":"source_record","cell_size_m":95,"intensity":0.458,"label":"15 Luxor Gardens single-storey extension to the rear of semi detached dwelling approval was recorded"},"geometry":{"type":"Polygon","coordinates":[[[-5.8820879,54.5914501],[-5.8806148,54.5914501],[-5.8806148,54.5923092],[-5.8820879,54.5923092],[-5.8820879,54.5914501]]]}},{"type":"Feature","properties":{"id":"lens-detail-belfast-2024-planning_cell-299","layer":"planning_cell","category":"built_environment","year":2024,"visible_year":2024,"title":"2 source-backed planning and built records","confidence":"documented","confidence_mix":"documented:2","event_count":2,"source_count":2,"source_ids":"dfi-planning-statistics-2024-25-round569,dfi-planning-statistics-2024-25-round592","event_ids":"bfs_arch_round569_lands_approx_80m_north_west_of_no_35_hampton_park_2024_1194_f_approval_2024,bfs_arch_round592_lands_approx_50m_to_the_north_of_no_35_hampton_park_and_approx_30m_to_th_2023_4079_f_approval_2024","event_ids_all":"bfs_arch_round569_lands_approx_80m_north_west_of_no_35_hampton_park_2024_1194_f_approval_2024,bfs_arch_round592_lands_approx_50m_to_the_north_of_no_35_hampton_park_and_approx_30m_to_th_2023_4079_f_approval_2024","source_urls":"https://www.infrastructure-ni.gov.uk/publications/northern-ireland-planning-statistics-april-2024-march-2025","geometry_precision_mix":"Application/site navigation point from official planning-statistics row; not a surveyed footprint, legal boundary, facade, room, campus, streetworks area or works extent.:2","representation":"planning and built evidence grid cell","timing_note":"Filtered by event effective year. OSM mapped-visibility dates and administrative dates can differ from real-world physical change dates.","caveat":"Planning cells are derived from source-backed event locations; they are not parcel boundaries unless source geometry is separately present.","generated_from":"web/data/city-atlas/cities/belfast/events_2024.json","lifecycle_status":"construction","status":"source_record","cell_size_m":95,"intensity":0.458,"label":"Lands approx. 80m North West of no.35 Hampton Park erection of 1no. detached dwelling (change of house type to site no.10 previously..."},"geometry":{"type":"Polygon","coordinates":[[[-5.9248078,54.5656755],[-5.9233347,54.5656755],[-5.9233347,54.5665346],[-5.9248078,54.5665346],[-5.9248078,54.5656755]]]}},{"type":"Feature","properties":{"id":"lens-detail-belfast-2024-planning_cell-4","layer":"planning_cell","category":"built_environment","year":2024,"visible_year":2024,"title":"2 source-backed planning and built records","confidence":"documented","confidence_mix":"documented:2","event_count":2,"source_count":1,"source_ids":"dfi-planning-statistics-2024-25-round472","event_ids":"bfs_arch_round472_belfast_telegraph_seaver_building_lbc_2024,bfs_arch_round472_former_print_hall_conference_use_approval_2024","event_ids_all":"bfs_arch_round472_belfast_telegraph_seaver_building_lbc_2024,bfs_arch_round472_former_print_hall_conference_use_approval_2024","source_urls":"https://www.infrastructure-ni.gov.uk/publications/northern-ireland-planning-statistics-april-2024-march-2025","geometry_precision_mix":"Approximate application/site navigation point from official planning-statistics row; not a surveyed footprint, legal boundary, facade, room or works extent.:2","representation":"planning and built evidence grid cell","timing_note":"Filtered by event effective year. OSM mapped-visibility dates and administrative dates can differ from real-world physical change dates.","caveat":"Planning cells are derived from source-backed event locations; they are not parcel boundaries unless source geometry is separately present.","generated_from":"web/data/city-atlas/cities/belfast/events_2024.json","lifecycle_status":"permitted","status":"source_record","cell_size_m":95,"intensity":0.458,"label":"Former Belfast Telegraph Seaver building restoration consent was approved"},"geometry":{"type":"Polygon","coordinates":[[[-5.9189154,54.6069148],[-5.9174423,54.6069148],[-5.9174423,54.607774],[-5.9189154,54.607774],[-5.9189154,54.6069148]]]}},{"type":"Feature","properties":{"id":"lens-detail-belfast-2024-planning_cell-68","layer":"planning_cell","category":"built_environment","year":2024,"visible_year":2024,"title":"2 source-backed planning and built records","confidence":"documented","confidence_mix":"documented:2","event_count":2,"source_count":2,"source_ids":"dfi-planning-statistics-2024-25-round499,dfi-planning-statistics-2024-25-round554","event_ids":"bfs_arch_round499_chichester_street_roof_plant_office_fitout_approval_2024,bfs_arch_round554_ground_floor_scottish_legal_building_65_67_chichester_street_2024_0843_f_approval_2024","event_ids_all":"bfs_arch_round499_chichester_street_roof_plant_office_fitout_approval_2024,bfs_arch_round554_ground_floor_scottish_legal_building_65_67_chichester_street_2024_0843_f_approval_2024","source_urls":"https://www.infrastructure-ni.gov.uk/publications/northern-ireland-planning-statistics-april-2024-march-2025","geometry_precision_mix":"Application/site navigation point from official planning-statistics row; not a surveyed footprint, legal boundary, facade, room, campus, streetworks area or works extent.:2","representation":"planning and built evidence grid cell","timing_note":"Filtered by event effective year. OSM mapped-visibility dates and administrative dates can differ from real-world physical change dates.","caveat":"Planning cells are derived from source-backed event locations; they are not parcel boundaries unless source geometry is separately present.","generated_from":"web/data/city-atlas/cities/belfast/events_2024.json","lifecycle_status":"permitted","status":"source_record","cell_size_m":95,"intensity":0.458,"label":"43-63 Chichester Street roof plant for office fit-out was approved"},"geometry":{"type":"Polygon","coordinates":[[[-5.9262809,54.596605],[-5.9248078,54.596605],[-5.9248078,54.5974641],[-5.9262809,54.5974641],[-5.9262809,54.596605]]]}},{"type":"Feature","properties":{"id":"lens-detail-belfast-2024-planning_cell-77","layer":"planning_cell","category":"built_environment","year":2024,"visible_year":2024,"title":"2 source-backed planning and built records","confidence":"documented","confidence_mix":"documented:2","event_count":2,"source_count":2,"source_ids":"dfi-planning-statistics-2024-25-round499,dfi-planning-statistics-2024-25-round569","event_ids":"bfs_arch_round499_osborne_park_care_home_modifications_approval_2024,bfs_arch_round569_65_maryville_park_2024_1829_dca_approval_2024","event_ids_all":"bfs_arch_round499_osborne_park_care_home_modifications_approval_2024,bfs_arch_round569_65_maryville_park_2024_1829_dca_approval_2024","source_urls":"https://www.infrastructure-ni.gov.uk/publications/northern-ireland-planning-statistics-april-2024-march-2025","geometry_precision_mix":"Application/site navigation point from official planning-statistics row; not a surveyed footprint, legal boundary, facade, room, campus, streetworks area or works extent.:2","representation":"planning and built evidence grid cell","timing_note":"Filtered by event effective year. OSM mapped-visibility dates and administrative dates can differ from real-world physical change dates.","caveat":"Planning cells are derived from source-backed event locations; they are not parcel boundaries unless source geometry is separately present.","generated_from":"web/data/city-atlas/cities/belfast/events_2024.json","lifecycle_status":"demolished","status":"source_record","cell_size_m":95,"intensity":0.458,"label":"69 Osborne Park care-home modifications were approved"},"geometry":{"type":"Polygon","coordinates":[[[-5.9557429,54.5682529],[-5.9542698,54.5682529],[-5.9542698,54.5691121],[-5.9557429,54.5691121],[-5.9557429,54.5682529]]]}},{"type":"Feature","properties":{"id":"lens-detail-belfast-2024-planning_cell-80","layer":"planning_cell","category":"built_environment","year":2024,"visible_year":2024,"title":"2 source-backed planning and built records","confidence":"documented","confidence_mix":"documented:2","event_count":2,"source_count":2,"source_ids":"dfi-planning-statistics-2024-25-round499,dfi-planning-statistics-2024-25-round569","event_ids":"bfs_arch_round499_strand_studios_office_community_cultural_use_approval_2024,bfs_arch_round569_152_154_holywood_road_2024_1189_f_approval_2024","event_ids_all":"bfs_arch_round499_strand_studios_office_community_cultural_use_approval_2024,bfs_arch_round569_152_154_holywood_road_2024_1189_f_approval_2024","source_urls":"https://www.infrastructure-ni.gov.uk/publications/northern-ireland-planning-statistics-april-2024-march-2025","geometry_precision_mix":"Application/site navigation point from official planning-statistics row; not a surveyed footprint, legal boundary, facade, room, campus, streetworks area or works extent.:2","representation":"planning and built evidence grid cell","timing_note":"Filtered by event effective year. OSM mapped-visibility dates and administrative dates can differ from real-world physical change dates.","caveat":"Planning cells are derived from source-backed event locations; they are not parcel boundaries unless source geometry is separately present.","generated_from":"web/data/city-atlas/cities/belfast/events_2024.json","lifecycle_status":"permitted","status":"source_record","cell_size_m":95,"intensity":0.458,"label":"Strand Studios office-to-community/cultural change of use was approved"},"geometry":{"type":"Polygon","coordinates":[[[-5.8806148,54.6000416],[-5.8791417,54.6000416],[-5.8791417,54.6009008],[-5.8806148,54.6009008],[-5.8806148,54.6000416]]]}},{"type":"Feature","properties":{"id":"lens-detail-belfast-2024-planning_cell-84","layer":"planning_cell","category":"built_environment","year":2024,"visible_year":2024,"title":"2 source-backed planning and built records","confidence":"documented","confidence_mix":"documented:2","event_count":2,"source_count":2,"source_ids":"dfi-planning-statistics-2024-25-round503,dfi-planning-statistics-2024-25-round592","event_ids":"bfs_arch_round503_chlorine_gardens_apartments_extension_approval_2024,bfs_arch_round592_7_chlorine_gardens_2024_0478_dca_approval_2024","event_ids_all":"bfs_arch_round503_chlorine_gardens_apartments_extension_approval_2024,bfs_arch_round592_7_chlorine_gardens_2024_0478_dca_approval_2024","source_urls":"https://www.infrastructure-ni.gov.uk/publications/northern-ireland-planning-statistics-april-2024-march-2025","geometry_precision_mix":"Application/site navigation point from official planning-statistics row; not a surveyed footprint, legal boundary, facade, room, campus, streetworks area or works extent.:2","representation":"planning and built evidence grid cell","timing_note":"Filtered by event effective year. OSM mapped-visibility dates and administrative dates can differ from real-world physical change dates.","caveat":"Planning cells are derived from source-backed event locations; they are not parcel boundaries unless source geometry is separately present.","generated_from":"web/data/city-atlas/cities/belfast/events_2024.json","lifecycle_status":"demolished","status":"source_record","cell_size_m":95,"intensity":0.458,"label":"7 Chlorine Gardens apartment and rear-extension proposal was approved"},"geometry":{"type":"Polygon","coordinates":[[[-5.9380657,54.5794219],[-5.9365926,54.5794219],[-5.9365926,54.5802811],[-5.9380657,54.5802811],[-5.9380657,54.5794219]]]}},{"type":"Feature","properties":{"id":"lens-detail-belfast-2024-planning_cell-0","layer":"planning_cell","category":"built_environment","year":2024,"visible_year":2024,"title":"1 source-backed planning and built record","confidence":"documented","confidence_mix":"documented:1","event_count":1,"source_count":1,"source_ids":"dfi-planning-statistics-2024-25-round464","event_ids":"bfs_arch_round464_highfield_community_centre_garden_approval_2024","event_ids_all":"bfs_arch_round464_highfield_community_centre_garden_approval_2024","source_urls":"https://www.infrastructure-ni.gov.uk/publications/northern-ireland-planning-statistics-april-2024-march-2025","geometry_precision_mix":"Approximate site/address point from official application row, not a surveyed footprint, legal red-line boundary, curtilage, room, wall or works extent.:1","representation":"planning and built evidence grid cell","timing_note":"Filtered by event effective year. OSM mapped-visibility dates and administrative dates can differ from real-world physical change dates.","caveat":"Planning cells are derived from source-backed event locations; they are not parcel boundaries unless source geometry is separately present.","generated_from":"web/data/city-atlas/cities/belfast/events_2024.json","lifecycle_status":"permitted","status":"source_record","cell_size_m":95,"intensity":0.289,"label":"Highfield Community Centre community-garden works were approved"},"geometry":{"type":"Polygon","coordinates":[[[-5.9645815,54.6060557],[-5.9631084,54.6060557],[-5.9631084,54.6069148],[-5.9645815,54.6069148],[-5.9645815,54.6060557]]]}},{"type":"Feature","properties":{"id":"lens-detail-belfast-2024-planning_cell-1","layer":"planning_cell","category":"built_environment","year":2024,"visible_year":2024,"title":"1 source-backed planning and built record","confidence":"documented","confidence_mix":"documented:1","event_count":1,"source_count":1,"source_ids":"dfi-planning-statistics-2024-25-round464","event_ids":"bfs_arch_round464_hospital_road_admin_building_apartment_change_2024","event_ids_all":"bfs_arch_round464_hospital_road_admin_building_apartment_change_2024","source_urls":"https://www.infrastructure-ni.gov.uk/publications/northern-ireland-planning-statistics-april-2024-march-2025","geometry_precision_mix":"Approximate site/address point from official application row, not a surveyed footprint, legal red-line boundary, curtilage, room, wall or works extent.:1","representation":"planning and built evidence grid cell","timing_note":"Filtered by event effective year. OSM mapped-visibility dates and administrative dates can differ from real-world physical change dates.","caveat":"Planning cells are derived from source-backed event locations; they are not parcel boundaries unless source geometry is separately present.","generated_from":"web/data/city-atlas/cities/belfast/events_2024.json","lifecycle_status":"permitted","status":"source_record","cell_size_m":95,"intensity":0.289,"label":"1 Hospital Road administration-building apartment-change approval was recorded"},"geometry":{"type":"Polygon","coordinates":[[[-5.9189154,54.5467741],[-5.9174423,54.5467741],[-5.9174423,54.5476333],[-5.9189154,54.5476333],[-5.9189154,54.5467741]]]}},{"type":"Feature","properties":{"id":"lens-detail-belfast-2024-planning_cell-10","layer":"planning_cell","category":"built_environment","year":2024,"visible_year":2024,"title":"1 source-backed planning and built record","confidence":"documented","confidence_mix":"documented:1","event_count":1,"source_count":1,"source_ids":"dfi-planning-statistics-2024-25-round472","event_ids":"bfs_arch_round472_crumlin_road_community_hub_approval_2024","event_ids_all":"bfs_arch_round472_crumlin_road_community_hub_approval_2024","source_urls":"https://www.infrastructure-ni.gov.uk/publications/northern-ireland-planning-statistics-april-2024-march-2025","geometry_precision_mix":"Approximate application/site navigation point from official planning-statistics row; not a surveyed footprint, legal boundary, facade, room or works extent.:1","representation":"planning and built evidence grid cell","timing_note":"Filtered by event effective year. OSM mapped-visibility dates and administrative dates can differ from real-world physical change dates.","caveat":"Planning cells are derived from source-backed event locations; they are not parcel boundaries unless source geometry is separately present.","generated_from":"web/data/city-atlas/cities/belfast/events_2024.json","lifecycle_status":"permitted","status":"source_record","cell_size_m":95,"intensity":0.289,"label":"Crumlin Road community hub building was approved"},"geometry":{"type":"Polygon","coordinates":[[[-5.9645815,54.6275345],[-5.9631084,54.6275345],[-5.9631084,54.6283937],[-5.9645815,54.6283937],[-5.9645815,54.6275345]]]}},{"type":"Feature","properties":{"id":"lens-detail-belfast-2024-planning_cell-100","layer":"planning_cell","category":"built_environment","year":2024,"visible_year":2024,"title":"1 source-backed planning and built record","confidence":"documented","confidence_mix":"documented:1","event_count":1,"source_count":1,"source_ids":"dfi-planning-statistics-2024-25-round519","event_ids":"bfs_arch_round519_alexander_road_plant_hire_access_approval_2024","event_ids_all":"bfs_arch_round519_alexander_road_plant_hire_access_approval_2024","source_urls":"https://www.infrastructure-ni.gov.uk/publications/northern-ireland-planning-statistics-april-2024-march-2025","geometry_precision_mix":"Application/site navigation point from official planning-statistics row; not a surveyed footprint, legal boundary, facade, room, campus, streetworks area or works extent.:1","representation":"planning and built evidence grid cell","timing_note":"Filtered by event effective year. OSM mapped-visibility dates and administrative dates can differ from real-world physical change dates.","caveat":"Planning cells are derived from source-backed event locations; they are not parcel boundaries unless source geometry is separately present.","generated_from":"web/data/city-atlas/cities/belfast/events_2024.json","lifecycle_status":"permitted","status":"source_record","cell_size_m":95,"intensity":0.289,"label":"3 Alexander Road plant-hire use and access works were approved"},"geometry":{"type":"Polygon","coordinates":[[[-5.8909265,54.5802811],[-5.8894534,54.5802811],[-5.8894534,54.5811402],[-5.8909265,54.5811402],[-5.8909265,54.5802811]]]}},{"type":"Feature","properties":{"id":"lens-detail-belfast-2024-planning_cell-101","layer":"planning_cell","category":"built_environment","year":2024,"visible_year":2024,"title":"1 source-backed planning and built record","confidence":"documented","confidence_mix":"documented:1","event_count":1,"source_count":1,"source_ids":"dfi-planning-statistics-2024-25-round519","event_ids":"bfs_arch_round519_ardenlee_avenue_flats_deconversion_approval_2024","event_ids_all":"bfs_arch_round519_ardenlee_avenue_flats_deconversion_approval_2024","source_urls":"https://www.infrastructure-ni.gov.uk/publications/northern-ireland-planning-statistics-april-2024-march-2025","geometry_precision_mix":"Application/site navigation point from official planning-statistics row; not a surveyed footprint, legal boundary, facade, room, campus, streetworks area or works extent.:1","representation":"planning and built evidence grid cell","timing_note":"Filtered by event effective year. OSM mapped-visibility dates and administrative dates can differ from real-world physical change dates.","caveat":"Planning cells are derived from source-backed event locations; they are not parcel boundaries unless source geometry is separately present.","generated_from":"web/data/city-atlas/cities/belfast/events_2024.json","lifecycle_status":"permitted","status":"source_record","cell_size_m":95,"intensity":0.289,"label":"33 Ardenlee Avenue flats de-conversion works were approved"},"geometry":{"type":"Polygon","coordinates":[[[-5.9086037,54.5819994],[-5.9071306,54.5819994],[-5.9071306,54.5828585],[-5.9086037,54.5828585],[-5.9086037,54.5819994]]]}},{"type":"Feature","properties":{"id":"lens-detail-belfast-2024-planning_cell-102","layer":"planning_cell","category":"built_environment","year":2024,"visible_year":2024,"title":"1 source-backed planning and built record","confidence":"documented","confidence_mix":"documented:1","event_count":1,"source_count":1,"source_ids":"dfi-planning-statistics-2024-25-round519","event_ids":"bfs_arch_round519_ardenlee_avenue_infill_dormer_approval_2024","event_ids_all":"bfs_arch_round519_ardenlee_avenue_infill_dormer_approval_2024","source_urls":"https://www.infrastructure-ni.gov.uk/publications/northern-ireland-planning-statistics-april-2024-march-2025","geometry_precision_mix":"Application/site navigation point from official planning-statistics row; not a surveyed footprint, legal boundary, facade, room, campus, streetworks area or works extent.:1","representation":"planning and built evidence grid cell","timing_note":"Filtered by event effective year. OSM mapped-visibility dates and administrative dates can differ from real-world physical change dates.","caveat":"Planning cells are derived from source-backed event locations; they are not parcel boundaries unless source geometry is separately present.","generated_from":"web/data/city-atlas/cities/belfast/events_2024.json","lifecycle_status":"permitted","status":"source_record","cell_size_m":95,"intensity":0.289,"label":"66 Ardenlee Avenue infill and dormer works were approved"},"geometry":{"type":"Polygon","coordinates":[[[-5.9071306,54.5828585],[-5.9056575,54.5828585],[-5.9056575,54.5837177],[-5.9071306,54.5837177],[-5.9071306,54.5828585]]]}},{"type":"Feature","properties":{"id":"lens-detail-belfast-2024-planning_cell-103","layer":"planning_cell","category":"built_environment","year":2024,"visible_year":2024,"title":"1 source-backed planning and built record","confidence":"documented","confidence_mix":"documented:1","event_count":1,"source_count":1,"source_ids":"dfi-planning-statistics-2024-25-round519","event_ids":"bfs_arch_round519_bridge_street_hot_food_bar_change_approval_2024","event_ids_all":"bfs_arch_round519_bridge_street_hot_food_bar_change_approval_2024","source_urls":"https://www.infrastructure-ni.gov.uk/publications/northern-ireland-planning-statistics-april-2024-march-2025","geometry_precision_mix":"Application/site navigation point from official planning-statistics row; not a surveyed footprint, legal boundary, facade, room, campus, streetworks area or works extent.:1","representation":"planning and built evidence grid cell","timing_note":"Filtered by event effective year. OSM mapped-visibility dates and administrative dates can differ from real-world physical change dates.","caveat":"Planning cells are derived from source-backed event locations; they are not parcel boundaries unless source geometry is separately present.","generated_from":"web/data/city-atlas/cities/belfast/events_2024.json","lifecycle_status":"permitted","status":"source_record","cell_size_m":95,"intensity":0.289,"label":"3 Bridge Street retail-to-hot-food-bar change was approved"},"geometry":{"type":"Polygon","coordinates":[[[-5.9292271,54.6000416],[-5.927754,54.6000416],[-5.927754,54.6009008],[-5.9292271,54.6009008],[-5.9292271,54.6000416]]]}},{"type":"Feature","properties":{"id":"lens-detail-belfast-2024-planning_cell-104","layer":"planning_cell","category":"built_environment","year":2024,"visible_year":2024,"title":"1 source-backed planning and built record","confidence":"documented","confidence_mix":"documented:1","event_count":1,"source_count":1,"source_ids":"dfi-planning-statistics-2024-25-round519","event_ids":"bfs_arch_round519_brunswick_street_outdoor_social_space_retention_2024","event_ids_all":"bfs_arch_round519_brunswick_street_outdoor_social_space_retention_2024","source_urls":"https://www.infrastructure-ni.gov.uk/publications/northern-ireland-planning-statistics-april-2024-march-2025","geometry_precision_mix":"Application/site navigation point from official planning-statistics row; not a surveyed footprint, legal boundary, facade, room, campus, streetworks area or works extent.:1","representation":"planning and built evidence grid cell","timing_note":"Filtered by event effective year. OSM mapped-visibility dates and administrative dates can differ from real-world physical change dates.","caveat":"Planning cells are derived from source-backed event locations; they are not parcel boundaries unless source geometry is separately present.","generated_from":"web/data/city-atlas/cities/belfast/events_2024.json","lifecycle_status":"permitted","status":"source_record","cell_size_m":95,"intensity":0.289,"label":"Brunswick Street outdoor social-space retention was approved"},"geometry":{"type":"Polygon","coordinates":[[[-5.9336464,54.5948867],[-5.9321733,54.5948867],[-5.9321733,54.5957458],[-5.9336464,54.5957458],[-5.9336464,54.5948867]]]}},{"type":"Feature","properties":{"id":"lens-detail-belfast-2024-planning_cell-105","layer":"planning_cell","category":"built_environment","year":2024,"visible_year":2024,"title":"1 source-backed planning and built record","confidence":"documented","confidence_mix":"documented:1","event_count":1,"source_count":1,"source_ids":"dfi-planning-statistics-2024-25-round519","event_ids":"bfs_arch_round519_college_street_cafe_nail_salon_change_approval_2024","event_ids_all":"bfs_arch_round519_college_street_cafe_nail_salon_change_approval_2024","source_urls":"https://www.infrastructure-ni.gov.uk/publications/northern-ireland-planning-statistics-april-2024-march-2025","geometry_precision_mix":"Application/site navigation point from official planning-statistics row; not a surveyed footprint, legal boundary, facade, room, campus, streetworks area or works extent.:1","representation":"planning and built evidence grid cell","timing_note":"Filtered by event effective year. OSM mapped-visibility dates and administrative dates can differ from real-world physical change dates.","caveat":"Planning cells are derived from source-backed event locations; they are not parcel boundaries unless source geometry is separately present.","generated_from":"web/data/city-atlas/cities/belfast/events_2024.json","lifecycle_status":"permitted","status":"source_record","cell_size_m":95,"intensity":0.289,"label":"8 College Street cafe and nail-salon change was approved"},"geometry":{"type":"Polygon","coordinates":[[[-5.9336464,54.5974641],[-5.9321733,54.5974641],[-5.9321733,54.5983233],[-5.9336464,54.5983233],[-5.9336464,54.5974641]]]}},{"type":"Feature","properties":{"id":"lens-detail-belfast-2024-planning_cell-107","layer":"planning_cell","category":"built_environment","year":2024,"visible_year":2024,"title":"1 source-backed planning and built record","confidence":"documented","confidence_mix":"documented:1","event_count":1,"source_count":1,"source_ids":"dfi-planning-statistics-2024-25-round519","event_ids":"bfs_arch_round519_devenish_restaurant_store_extension_approval_2024","event_ids_all":"bfs_arch_round519_devenish_restaurant_store_extension_approval_2024","source_urls":"https://www.infrastructure-ni.gov.uk/publications/northern-ireland-planning-statistics-april-2024-march-2025","geometry_precision_mix":"Application/site navigation point from official planning-statistics row; not a surveyed footprint, legal boundary, facade, room, campus, streetworks area or works extent.:1","representation":"planning and built evidence grid cell","timing_note":"Filtered by event effective year. OSM mapped-visibility dates and administrative dates can differ from real-world physical change dates.","caveat":"Planning cells are derived from source-backed event locations; they are not parcel boundaries unless source geometry is separately present.","generated_from":"web/data/city-atlas/cities/belfast/events_2024.json","lifecycle_status":"permitted","status":"source_record","cell_size_m":95,"intensity":0.289,"label":"Devenish Complex restaurant-store extension was approved"},"geometry":{"type":"Polygon","coordinates":[[[-5.986678,54.5639572],[-5.9852049,54.5639572],[-5.9852049,54.5648163],[-5.986678,54.5648163],[-5.986678,54.5639572]]]}},{"type":"Feature","properties":{"id":"lens-detail-belfast-2024-planning_cell-108","layer":"planning_cell","category":"built_environment","year":2024,"visible_year":2024,"title":"1 source-backed planning and built record","confidence":"documented","confidence_mix":"documented:1","event_count":1,"source_count":1,"source_ids":"dfi-planning-statistics-2024-25-round519","event_ids":"bfs_arch_round519_donegall_place_replacement_shopfront_approval_2024","event_ids_all":"bfs_arch_round519_donegall_place_replacement_shopfront_approval_2024","source_urls":"https://www.infrastructure-ni.gov.uk/publications/northern-ireland-planning-statistics-april-2024-march-2025","geometry_precision_mix":"Application/site navigation point from official planning-statistics row; not a surveyed footprint, legal boundary, facade, room, campus, streetworks area or works extent.:1","representation":"planning and built evidence grid cell","timing_note":"Filtered by event effective year. OSM mapped-visibility dates and administrative dates can differ from real-world physical change dates.","caveat":"Planning cells are derived from source-backed event locations; they are not parcel boundaries unless source geometry is separately present.","generated_from":"web/data/city-atlas/cities/belfast/events_2024.json","lifecycle_status":"permitted","status":"source_record","cell_size_m":95,"intensity":0.289,"label":"14 Donegall Place replacement shopfront was approved"},"geometry":{"type":"Polygon","coordinates":[[[-5.9307002,54.5983233],[-5.9292271,54.5983233],[-5.9292271,54.5991824],[-5.9307002,54.5991824],[-5.9307002,54.5983233]]]}},{"type":"Feature","properties":{"id":"lens-detail-belfast-2024-planning_cell-109","layer":"planning_cell","category":"built_environment","year":2024,"visible_year":2024,"title":"1 source-backed planning and built record","confidence":"documented","confidence_mix":"documented:1","event_count":1,"source_count":1,"source_ids":"dfi-planning-statistics-2024-25-round519","event_ids":"bfs_arch_round519_enfield_street_hmo_roof_extension_approval_2024","event_ids_all":"bfs_arch_round519_enfield_street_hmo_roof_extension_approval_2024","source_urls":"https://www.infrastructure-ni.gov.uk/publications/northern-ireland-planning-statistics-april-2024-march-2025","geometry_precision_mix":"Application/site navigation point from official planning-statistics row; not a surveyed footprint, legal boundary, facade, room, campus, streetworks area or works extent.:1","representation":"planning and built evidence grid cell","timing_note":"Filtered by event effective year. OSM mapped-visibility dates and administrative dates can differ from real-world physical change dates.","caveat":"Planning cells are derived from source-backed event locations; they are not parcel boundaries unless source geometry is separately present.","generated_from":"web/data/city-atlas/cities/belfast/events_2024.json","lifecycle_status":"permitted","status":"source_record","cell_size_m":95,"intensity":0.289,"label":"95 Enfield Street HMO roof and rear-extension works were approved"},"geometry":{"type":"Polygon","coordinates":[[[-5.9631084,54.607774],[-5.9616353,54.607774],[-5.9616353,54.6086331],[-5.9631084,54.6086331],[-5.9631084,54.607774]]]}},{"type":"Feature","properties":{"id":"lens-detail-belfast-2024-planning_cell-11","layer":"planning_cell","category":"built_environment","year":2024,"visible_year":2024,"title":"1 source-backed planning and built record","confidence":"documented","confidence_mix":"documented:1","event_count":1,"source_count":1,"source_ids":"dfi-planning-statistics-2024-25-round472","event_ids":"bfs_arch_round472_donegall_place_listed_buildings_alterations_2024","event_ids_all":"bfs_arch_round472_donegall_place_listed_buildings_alterations_2024","source_urls":"https://www.infrastructure-ni.gov.uk/publications/northern-ireland-planning-statistics-april-2024-march-2025","geometry_precision_mix":"Approximate application/site navigation point from official planning-statistics row; not a surveyed footprint, legal boundary, facade, room or works extent.:1","representation":"planning and built evidence grid cell","timing_note":"Filtered by event effective year. OSM mapped-visibility dates and administrative dates can differ from real-world physical change dates.","caveat":"Planning cells are derived from source-backed event locations; they are not parcel boundaries unless source geometry is separately present.","generated_from":"web/data/city-atlas/cities/belfast/events_2024.json","lifecycle_status":"permitted","status":"source_record","cell_size_m":95,"intensity":0.289,"label":"25-27 Donegall Place listed-building alterations were approved"},"geometry":{"type":"Polygon","coordinates":[[[-5.9189154,54.6017599],[-5.9174423,54.6017599],[-5.9174423,54.6026191],[-5.9189154,54.6026191],[-5.9189154,54.6017599]]]}},{"type":"Feature","properties":{"id":"lens-detail-belfast-2024-planning_cell-110","layer":"planning_cell","category":"built_environment","year":2024,"visible_year":2024,"title":"1 source-backed planning and built record","confidence":"documented","confidence_mix":"documented:1","event_count":1,"source_count":1,"source_ids":"dfi-planning-statistics-2024-25-round519","event_ids":"bfs_arch_round519_finaghy_road_north_facade_ewi_approval_2024","event_ids_all":"bfs_arch_round519_finaghy_road_north_facade_ewi_approval_2024","source_urls":"https://www.infrastructure-ni.gov.uk/publications/northern-ireland-planning-statistics-april-2024-march-2025","geometry_precision_mix":"Application/site navigation point from official planning-statistics row; not a surveyed footprint, legal boundary, facade, room, campus, streetworks area or works extent.:1","representation":"planning and built evidence grid cell","timing_note":"Filtered by event effective year. OSM mapped-visibility dates and administrative dates can differ from real-world physical change dates.","caveat":"Planning cells are derived from source-backed event locations; they are not parcel boundaries unless source geometry is separately present.","generated_from":"web/data/city-atlas/cities/belfast/events_2024.json","lifecycle_status":"permitted","status":"source_record","cell_size_m":95,"intensity":0.289,"label":"275 Finaghy Road North facade and EWI works were approved"},"geometry":{"type":"Polygon","coordinates":[[[-5.9940435,54.5699712],[-5.9925704,54.5699712],[-5.9925704,54.5708304],[-5.9940435,54.5708304],[-5.9940435,54.5699712]]]}},{"type":"Feature","properties":{"id":"lens-detail-belfast-2024-planning_cell-111","layer":"planning_cell","category":"built_environment","year":2024,"visible_year":2024,"title":"1 source-backed planning and built record","confidence":"documented","confidence_mix":"documented:1","event_count":1,"source_count":1,"source_ids":"dfi-planning-statistics-2024-25-round519","event_ids":"bfs_arch_round519_fitzroy_avenue_apartment_rear_extension_approval_2024","event_ids_all":"bfs_arch_round519_fitzroy_avenue_apartment_rear_extension_approval_2024","source_urls":"https://www.infrastructure-ni.gov.uk/publications/northern-ireland-planning-statistics-april-2024-march-2025","geometry_precision_mix":"Application/site navigation point from official planning-statistics row; not a surveyed footprint, legal boundary, facade, room, campus, streetworks area or works extent.:1","representation":"planning and built evidence grid cell","timing_note":"Filtered by event effective year. OSM mapped-visibility dates and administrative dates can differ from real-world physical change dates.","caveat":"Planning cells are derived from source-backed event locations; they are not parcel boundaries unless source geometry is separately present.","generated_from":"web/data/city-atlas/cities/belfast/events_2024.json","lifecycle_status":"permitted","status":"source_record","cell_size_m":95,"intensity":0.289,"label":"96 Fitzroy Avenue apartment rear extension was approved"},"geometry":{"type":"Polygon","coordinates":[[[-5.9292271,54.5845768],[-5.927754,54.5845768],[-5.927754,54.585436],[-5.9292271,54.585436],[-5.9292271,54.5845768]]]}},{"type":"Feature","properties":{"id":"lens-detail-belfast-2024-planning_cell-112","layer":"planning_cell","category":"built_environment","year":2024,"visible_year":2024,"title":"1 source-backed planning and built record","confidence":"documented","confidence_mix":"documented:1","event_count":1,"source_count":1,"source_ids":"dfi-planning-statistics-2024-25-round519","event_ids":"bfs_arch_round519_fortwilliam_drive_side_extension_demolition_approval_2024","event_ids_all":"bfs_arch_round519_fortwilliam_drive_side_extension_demolition_approval_2024","source_urls":"https://www.infrastructure-ni.gov.uk/publications/northern-ireland-planning-statistics-april-2024-march-2025","geometry_precision_mix":"Application/site navigation point from official planning-statistics row; not a surveyed footprint, legal boundary, facade, room, campus, streetworks area or works extent.:1","representation":"planning and built evidence grid cell","timing_note":"Filtered by event effective year. OSM mapped-visibility dates and administrative dates can differ from real-world physical change dates.","caveat":"Planning cells are derived from source-backed event locations; they are not parcel boundaries unless source geometry is separately present.","generated_from":"web/data/city-atlas/cities/belfast/events_2024.json","lifecycle_status":"demolished","status":"source_record","cell_size_m":95,"intensity":0.289,"label":"1 Fortwilliam Drive side-extension and demolition works were approved"},"geometry":{"type":"Polygon","coordinates":[[[-5.9380657,54.6318303],[-5.9365926,54.6318303],[-5.9365926,54.6326894],[-5.9380657,54.6326894],[-5.9380657,54.6318303]]]}},{"type":"Feature","properties":{"id":"lens-detail-belfast-2024-planning_cell-113","layer":"planning_cell","category":"built_environment","year":2024,"visible_year":2024,"title":"1 source-backed planning and built record","confidence":"documented","confidence_mix":"documented:1","event_count":1,"source_count":1,"source_ids":"dfi-planning-statistics-2024-25-round519","event_ids":"bfs_arch_round519_harberton_drive_refurbishment_demolition_approval_2024","event_ids_all":"bfs_arch_round519_harberton_drive_refurbishment_demolition_approval_2024","source_urls":"https://www.infrastructure-ni.gov.uk/publications/northern-ireland-planning-statistics-april-2024-march-2025","geometry_precision_mix":"Application/site navigation point from official planning-statistics row; not a surveyed footprint, legal boundary, facade, room, campus, streetworks area or works extent.:1","representation":"planning and built evidence grid cell","timing_note":"Filtered by event effective year. OSM mapped-visibility dates and administrative dates can differ from real-world physical change dates.","caveat":"Planning cells are derived from source-backed event locations; they are not parcel boundaries unless source geometry is separately present.","generated_from":"web/data/city-atlas/cities/belfast/events_2024.json","lifecycle_status":"demolished","status":"source_record","cell_size_m":95,"intensity":0.289,"label":"18 Harberton Drive refurbishment and demolition works were approved"},"geometry":{"type":"Polygon","coordinates":[[[-5.9631084,54.5648163],[-5.9616353,54.5648163],[-5.9616353,54.5656755],[-5.9631084,54.5656755],[-5.9631084,54.5648163]]]}},{"type":"Feature","properties":{"id":"lens-detail-belfast-2024-planning_cell-114","layer":"planning_cell","category":"built_environment","year":2024,"visible_year":2024,"title":"1 source-backed planning and built record","confidence":"documented","confidence_mix":"documented:1","event_count":1,"source_count":1,"source_ids":"dfi-planning-statistics-2024-25-round519","event_ids":"bfs_arch_round519_heron_road_roller_shutter_window_approval_2024","event_ids_all":"bfs_arch_round519_heron_road_roller_shutter_window_approval_2024","source_urls":"https://www.infrastructure-ni.gov.uk/publications/northern-ireland-planning-statistics-april-2024-march-2025","geometry_precision_mix":"Application/site navigation point from official planning-statistics row; not a surveyed footprint, legal boundary, facade, room, campus, streetworks area or works extent.:1","representation":"planning and built evidence grid cell","timing_note":"Filtered by event effective year. OSM mapped-visibility dates and administrative dates can differ from real-world physical change dates.","caveat":"Planning cells are derived from source-backed event locations; they are not parcel boundaries unless source geometry is separately present.","generated_from":"web/data/city-atlas/cities/belfast/events_2024.json","lifecycle_status":"permitted","status":"source_record","cell_size_m":95,"intensity":0.289,"label":"Unit B2 Heron Road roller-shutter replacement works were approved"},"geometry":{"type":"Polygon","coordinates":[[[-5.86883,54.6266753],[-5.8673569,54.6266753],[-5.8673569,54.6275345],[-5.86883,54.6275345],[-5.86883,54.6266753]]]}},{"type":"Feature","properties":{"id":"lens-detail-belfast-2024-planning_cell-115","layer":"planning_cell","category":"built_environment","year":2024,"visible_year":2024,"title":"1 source-backed planning and built record","confidence":"documented","confidence_mix":"documented:1","event_count":1,"source_count":1,"source_ids":"dfi-planning-statistics-2024-25-round519","event_ids":"bfs_arch_round519_knockbreda_road_showroom_extension_renewal_approval_2024","event_ids_all":"bfs_arch_round519_knockbreda_road_showroom_extension_renewal_approval_2024","source_urls":"https://www.infrastructure-ni.gov.uk/publications/northern-ireland-planning-statistics-april-2024-march-2025","geometry_precision_mix":"Application/site navigation point from official planning-statistics row; not a surveyed footprint, legal boundary, facade, room, campus, streetworks area or works extent.:1","representation":"planning and built evidence grid cell","timing_note":"Filtered by event effective year. OSM mapped-visibility dates and administrative dates can differ from real-world physical change dates.","caveat":"Planning cells are derived from source-backed event locations; they are not parcel boundaries unless source geometry is separately present.","generated_from":"web/data/city-atlas/cities/belfast/events_2024.json","lifecycle_status":"permitted","status":"source_record","cell_size_m":95,"intensity":0.289,"label":"72 Knockbreda Road showroom extension renewal was approved"},"geometry":{"type":"Polygon","coordinates":[[[-5.9071306,54.5716895],[-5.9056575,54.5716895],[-5.9056575,54.5725487],[-5.9071306,54.5725487],[-5.9071306,54.5716895]]]}},{"type":"Feature","properties":{"id":"lens-detail-belfast-2024-planning_cell-116","layer":"planning_cell","category":"built_environment","year":2024,"visible_year":2024,"title":"1 source-backed planning and built record","confidence":"documented","confidence_mix":"documented:1","event_count":1,"source_count":1,"source_ids":"dfi-planning-statistics-2024-25-round519","event_ids":"bfs_arch_round519_malone_park_garden_room_demolition_renewal_approval_2024","event_ids_all":"bfs_arch_round519_malone_park_garden_room_demolition_renewal_approval_2024","source_urls":"https://www.infrastructure-ni.gov.uk/publications/northern-ireland-planning-statistics-april-2024-march-2025","geometry_precision_mix":"Application/site navigation point from official planning-statistics row; not a surveyed footprint, legal boundary, facade, room, campus, streetworks area or works extent.:1","representation":"planning and built evidence grid cell","timing_note":"Filtered by event effective year. OSM mapped-visibility dates and administrative dates can differ from real-world physical change dates.","caveat":"Planning cells are derived from source-backed event locations; they are not parcel boundaries unless source geometry is separately present.","generated_from":"web/data/city-atlas/cities/belfast/events_2024.json","lifecycle_status":"demolished","status":"source_record","cell_size_m":95,"intensity":0.289,"label":"39A Malone Park garden-room and demolition renewal was approved"},"geometry":{"type":"Polygon","coordinates":[[[-5.957216,54.5648163],[-5.9557429,54.5648163],[-5.9557429,54.5656755],[-5.957216,54.5656755],[-5.957216,54.5648163]]]}},{"type":"Feature","properties":{"id":"lens-detail-belfast-2024-planning_cell-117","layer":"planning_cell","category":"built_environment","year":2024,"visible_year":2024,"title":"1 source-backed planning and built record","confidence":"documented","confidence_mix":"documented:1","event_count":1,"source_count":1,"source_ids":"dfi-planning-statistics-2024-25-round519","event_ids":"bfs_arch_round519_malone_park_refurbishment_reinstatement_approval_2024","event_ids_all":"bfs_arch_round519_malone_park_refurbishment_reinstatement_approval_2024","source_urls":"https://www.infrastructure-ni.gov.uk/publications/northern-ireland-planning-statistics-april-2024-march-2025","geometry_precision_mix":"Application/site navigation point from official planning-statistics row; not a surveyed footprint, legal boundary, facade, room, campus, streetworks area or works extent.:1","representation":"planning and built evidence grid cell","timing_note":"Filtered by event effective year. OSM mapped-visibility dates and administrative dates can differ from real-world physical change dates.","caveat":"Planning cells are derived from source-backed event locations; they are not parcel boundaries unless source geometry is separately present.","generated_from":"web/data/city-atlas/cities/belfast/events_2024.json","lifecycle_status":"permitted","status":"source_record","cell_size_m":95,"intensity":0.289,"label":"45 Malone Park refurbishment and reinstatement works were approved"},"geometry":{"type":"Polygon","coordinates":[[[-5.9542698,54.5648163],[-5.9527967,54.5648163],[-5.9527967,54.5656755],[-5.9542698,54.5656755],[-5.9542698,54.5648163]]]}},{"type":"Feature","properties":{"id":"lens-detail-belfast-2024-planning_cell-118","layer":"planning_cell","category":"built_environment","year":2024,"visible_year":2024,"title":"1 source-backed planning and built record","confidence":"documented","confidence_mix":"documented:1","event_count":1,"source_count":1,"source_ids":"dfi-planning-statistics-2024-25-round519","event_ids":"bfs_arch_round519_malone_road_front_rear_extensions_demolition_approval_2024","event_ids_all":"bfs_arch_round519_malone_road_front_rear_extensions_demolition_approval_2024","source_urls":"https://www.infrastructure-ni.gov.uk/publications/northern-ireland-planning-statistics-april-2024-march-2025","geometry_precision_mix":"Application/site navigation point from official planning-statistics row; not a surveyed footprint, legal boundary, facade, room, campus, streetworks area or works extent.:1","representation":"planning and built evidence grid cell","timing_note":"Filtered by event effective year. OSM mapped-visibility dates and administrative dates can differ from real-world physical change dates.","caveat":"Planning cells are derived from source-backed event locations; they are not parcel boundaries unless source geometry is separately present.","generated_from":"web/data/city-atlas/cities/belfast/events_2024.json","lifecycle_status":"demolished","status":"source_record","cell_size_m":95,"intensity":0.289,"label":"95 Malone Road extension and demolition works were approved"},"geometry":{"type":"Polygon","coordinates":[[[-5.9483774,54.5725487],[-5.9469043,54.5725487],[-5.9469043,54.5734079],[-5.9483774,54.5734079],[-5.9483774,54.5725487]]]}},{"type":"Feature","properties":{"id":"lens-detail-belfast-2024-planning_cell-119","layer":"planning_cell","category":"built_environment","year":2024,"visible_year":2024,"title":"1 source-backed planning and built record","confidence":"documented","confidence_mix":"documented:1","event_count":1,"source_count":1,"source_ids":"dfi-planning-statistics-2024-25-round519","event_ids":"bfs_arch_round519_marlborough_park_south_demolition_window_approval_2024","event_ids_all":"bfs_arch_round519_marlborough_park_south_demolition_window_approval_2024","source_urls":"https://www.infrastructure-ni.gov.uk/publications/northern-ireland-planning-statistics-april-2024-march-2025","geometry_precision_mix":"Application/site navigation point from official planning-statistics row; not a surveyed footprint, legal boundary, facade, room, campus, streetworks area or works extent.:1","representation":"planning and built evidence grid cell","timing_note":"Filtered by event effective year. OSM mapped-visibility dates and administrative dates can differ from real-world physical change dates.","caveat":"Planning cells are derived from source-backed event locations; they are not parcel boundaries unless source geometry is separately present.","generated_from":"web/data/city-atlas/cities/belfast/events_2024.json","lifecycle_status":"demolished","status":"source_record","cell_size_m":95,"intensity":0.289,"label":"61 Marlborough Park South demolition and window works were approved"},"geometry":{"type":"Polygon","coordinates":[[[-5.9527967,54.5734079],[-5.9513236,54.5734079],[-5.9513236,54.574267],[-5.9527967,54.574267],[-5.9527967,54.5734079]]]}},{"type":"Feature","properties":{"id":"lens-detail-belfast-2024-planning_cell-12","layer":"planning_cell","category":"built_environment","year":2024,"visible_year":2024,"title":"1 source-backed planning and built record","confidence":"documented","confidence_mix":"documented:1","event_count":1,"source_count":1,"source_ids":"dfi-planning-statistics-2024-25-round472","event_ids":"bfs_arch_round472_lower_botanic_gardens_community_garden_approval_2024","event_ids_all":"bfs_arch_round472_lower_botanic_gardens_community_garden_approval_2024","source_urls":"https://www.infrastructure-ni.gov.uk/publications/northern-ireland-planning-statistics-april-2024-march-2025","geometry_precision_mix":"Approximate application/site navigation point from official planning-statistics row; not a surveyed footprint, legal boundary, facade, room or works extent.:1","representation":"planning and built evidence grid cell","timing_note":"Filtered by event effective year. OSM mapped-visibility dates and administrative dates can differ from real-world physical change dates.","caveat":"Planning cells are derived from source-backed event locations; they are not parcel boundaries unless source geometry is separately present.","generated_from":"web/data/city-atlas/cities/belfast/events_2024.json","lifecycle_status":"permitted","status":"source_record","cell_size_m":95,"intensity":0.289,"label":"Lower Botanic Gardens community garden was approved"},"geometry":{"type":"Polygon","coordinates":[[[-5.9174423,54.5819994],[-5.9159692,54.5819994],[-5.9159692,54.5828585],[-5.9174423,54.5828585],[-5.9174423,54.5819994]]]}},{"type":"Feature","properties":{"id":"lens-detail-belfast-2024-planning_cell-120","layer":"planning_cell","category":"built_environment","year":2024,"visible_year":2024,"title":"1 source-backed planning and built record","confidence":"documented","confidence_mix":"documented:1","event_count":1,"source_count":1,"source_ids":"dfi-planning-statistics-2024-25-round519","event_ids":"bfs_arch_round519_marylebone_park_cladding_refurbishment_approval_2024","event_ids_all":"bfs_arch_round519_marylebone_park_cladding_refurbishment_approval_2024","source_urls":"https://www.infrastructure-ni.gov.uk/publications/northern-ireland-planning-statistics-april-2024-march-2025","geometry_precision_mix":"Application/site navigation point from official planning-statistics row; not a surveyed footprint, legal boundary, facade, room, campus, streetworks area or works extent.:1","representation":"planning and built evidence grid cell","timing_note":"Filtered by event effective year. OSM mapped-visibility dates and administrative dates can differ from real-world physical change dates.","caveat":"Planning cells are derived from source-backed event locations; they are not parcel boundaries unless source geometry is separately present.","generated_from":"web/data/city-atlas/cities/belfast/events_2024.json","lifecycle_status":"permitted","status":"source_record","cell_size_m":95,"intensity":0.289,"label":"6 Marylebone Park external refurbishment and cladding works were approved"},"geometry":{"type":"Polygon","coordinates":[[[-5.9321733,54.5673938],[-5.9307002,54.5673938],[-5.9307002,54.5682529],[-5.9321733,54.5682529],[-5.9321733,54.5673938]]]}},{"type":"Feature","properties":{"id":"lens-detail-belfast-2024-planning_cell-121","layer":"planning_cell","category":"built_environment","year":2024,"visible_year":2024,"title":"1 source-backed planning and built record","confidence":"documented","confidence_mix":"documented:1","event_count":1,"source_count":1,"source_ids":"dfi-planning-statistics-2024-25-round519","event_ids":"bfs_arch_round519_riverdale_park_south_facade_ewi_approval_2024","event_ids_all":"bfs_arch_round519_riverdale_park_south_facade_ewi_approval_2024","source_urls":"https://www.infrastructure-ni.gov.uk/publications/northern-ireland-planning-statistics-april-2024-march-2025","geometry_precision_mix":"Application/site navigation point from official planning-statistics row; not a surveyed footprint, legal boundary, facade, room, campus, streetworks area or works extent.:1","representation":"planning and built evidence grid cell","timing_note":"Filtered by event effective year. OSM mapped-visibility dates and administrative dates can differ from real-world physical change dates.","caveat":"Planning cells are derived from source-backed event locations; they are not parcel boundaries unless source geometry is separately present.","generated_from":"web/data/city-atlas/cities/belfast/events_2024.json","lifecycle_status":"permitted","status":"source_record","cell_size_m":95,"intensity":0.289,"label":"47 Riverdale Park South facade and EWI works were approved"},"geometry":{"type":"Polygon","coordinates":[[[-5.9910973,54.5699712],[-5.9896242,54.5699712],[-5.9896242,54.5708304],[-5.9910973,54.5708304],[-5.9910973,54.5699712]]]}},{"type":"Feature","properties":{"id":"lens-detail-belfast-2024-planning_cell-122","layer":"planning_cell","category":"built_environment","year":2024,"visible_year":2024,"title":"1 source-backed planning and built record","confidence":"documented","confidence_mix":"documented:1","event_count":1,"source_count":1,"source_ids":"dfi-planning-statistics-2024-25-round519","event_ids":"bfs_arch_round519_sunnyside_street_charity_admin_hub_extension_approval_2024","event_ids_all":"bfs_arch_round519_sunnyside_street_charity_admin_hub_extension_approval_2024","source_urls":"https://www.infrastructure-ni.gov.uk/publications/northern-ireland-planning-statistics-april-2024-march-2025","geometry_precision_mix":"Application/site navigation point from official planning-statistics row; not a surveyed footprint, legal boundary, facade, room, campus, streetworks area or works extent.:1","representation":"planning and built evidence grid cell","timing_note":"Filtered by event effective year. OSM mapped-visibility dates and administrative dates can differ from real-world physical change dates.","caveat":"Planning cells are derived from source-backed event locations; they are not parcel boundaries unless source geometry is separately present.","generated_from":"web/data/city-atlas/cities/belfast/events_2024.json","lifecycle_status":"permitted","status":"source_record","cell_size_m":95,"intensity":0.289,"label":"74 Sunnyside Street charity administrative-hub extension was approved"},"geometry":{"type":"Polygon","coordinates":[[[-5.9218616,54.5751262],[-5.9203885,54.5751262],[-5.9203885,54.5759853],[-5.9218616,54.5759853],[-5.9218616,54.5751262]]]}},{"type":"Feature","properties":{"id":"lens-detail-belfast-2024-planning_cell-123","layer":"planning_cell","category":"built_environment","year":2024,"visible_year":2024,"title":"1 source-backed planning and built record","confidence":"documented","confidence_mix":"documented:1","event_count":1,"source_count":1,"source_ids":"dfi-planning-statistics-2024-25-round519","event_ids":"bfs_arch_round519_upper_malone_facade_attic_alterations_approval_2024","event_ids_all":"bfs_arch_round519_upper_malone_facade_attic_alterations_approval_2024","source_urls":"https://www.infrastructure-ni.gov.uk/publications/northern-ireland-planning-statistics-april-2024-march-2025","geometry_precision_mix":"Application/site navigation point from official planning-statistics row; not a surveyed footprint, legal boundary, facade, room, campus, streetworks area or works extent.:1","representation":"planning and built evidence grid cell","timing_note":"Filtered by event effective year. OSM mapped-visibility dates and administrative dates can differ from real-world physical change dates.","caveat":"Planning cells are derived from source-backed event locations; they are not parcel boundaries unless source geometry is separately present.","generated_from":"web/data/city-atlas/cities/belfast/events_2024.json","lifecycle_status":"permitted","status":"source_record","cell_size_m":95,"intensity":0.289,"label":"137 Upper Malone Road facade and attic works were approved"},"geometry":{"type":"Polygon","coordinates":[[[-5.9763663,54.5510699],[-5.9748932,54.5510699],[-5.9748932,54.551929],[-5.9763663,54.551929],[-5.9763663,54.5510699]]]}},{"type":"Feature","properties":{"id":"lens-detail-belfast-2024-planning_cell-124","layer":"planning_cell","category":"built_environment","year":2024,"visible_year":2024,"title":"1 source-backed planning and built record","confidence":"documented","confidence_mix":"documented:1","event_count":1,"source_count":1,"source_ids":"dfi-planning-statistics-2024-25-round527","event_ids":"bfs_arch_round527_adelaide_park_flat_extension_garage_demolition_approval_2024","event_ids_all":"bfs_arch_round527_adelaide_park_flat_extension_garage_demolition_approval_2024","source_urls":"https://www.infrastructure-ni.gov.uk/publications/northern-ireland-planning-statistics-april-2024-march-2025","geometry_precision_mix":"Application/site navigation point from official planning-statistics row; not a surveyed footprint, legal boundary, facade, room, campus, streetworks area or works extent.:1","representation":"planning and built evidence grid cell","timing_note":"Filtered by event effective year. OSM mapped-visibility dates and administrative dates can differ from real-world physical change dates.","caveat":"Planning cells are derived from source-backed event locations; they are not parcel boundaries unless source geometry is separately present.","generated_from":"web/data/city-atlas/cities/belfast/events_2024.json","lifecycle_status":"demolished","status":"source_record","cell_size_m":95,"intensity":0.289,"label":"38 Adelaide Park flat extension and garage-demolition approvals were recorded"},"geometry":{"type":"Polygon","coordinates":[[[-5.9469043,54.5759853],[-5.9454312,54.5759853],[-5.9454312,54.5768445],[-5.9469043,54.5768445],[-5.9469043,54.5759853]]]}},{"type":"Feature","properties":{"id":"lens-detail-belfast-2024-planning_cell-125","layer":"planning_cell","category":"built_environment","year":2024,"visible_year":2024,"title":"1 source-backed planning and built record","confidence":"documented","confidence_mix":"documented:1","event_count":1,"source_count":1,"source_ids":"dfi-planning-statistics-2024-25-round527","event_ids":"bfs_arch_round527_ardcarn_drive_roofspace_dormer_approval_2024","event_ids_all":"bfs_arch_round527_ardcarn_drive_roofspace_dormer_approval_2024","source_urls":"https://www.infrastructure-ni.gov.uk/publications/northern-ireland-planning-statistics-april-2024-march-2025","geometry_precision_mix":"Application/site navigation point from official planning-statistics row; not a surveyed footprint, legal boundary, facade, room, campus, streetworks area or works extent.:1","representation":"planning and built evidence grid cell","timing_note":"Filtered by event effective year. OSM mapped-visibility dates and administrative dates can differ from real-world physical change dates.","caveat":"Planning cells are derived from source-backed event locations; they are not parcel boundaries unless source geometry is separately present.","generated_from":"web/data/city-atlas/cities/belfast/events_2024.json","lifecycle_status":"permitted","status":"source_record","cell_size_m":95,"intensity":0.289,"label":"30 Ardcarn Drive roofspace-dormer approval was recorded"},"geometry":{"type":"Polygon","coordinates":[[[-5.824637,54.5905909],[-5.8231639,54.5905909],[-5.8231639,54.5914501],[-5.824637,54.5914501],[-5.824637,54.5905909]]]}},{"type":"Feature","properties":{"id":"lens-detail-belfast-2024-planning_cell-126","layer":"planning_cell","category":"built_environment","year":2024,"visible_year":2024,"title":"1 source-backed planning and built record","confidence":"documented","confidence_mix":"documented:1","event_count":1,"source_count":1,"source_ids":"dfi-planning-statistics-2024-25-round527","event_ids":"bfs_arch_round527_ardenlee_avenue_two_storey_extension_approval_2024","event_ids_all":"bfs_arch_round527_ardenlee_avenue_two_storey_extension_approval_2024","source_urls":"https://www.infrastructure-ni.gov.uk/publications/northern-ireland-planning-statistics-april-2024-march-2025","geometry_precision_mix":"Application/site navigation point from official planning-statistics row; not a surveyed footprint, legal boundary, facade, room, campus, streetworks area or works extent.:1","representation":"planning and built evidence grid cell","timing_note":"Filtered by event effective year. OSM mapped-visibility dates and administrative dates can differ from real-world physical change dates.","caveat":"Planning cells are derived from source-backed event locations; they are not parcel boundaries unless source geometry is separately present.","generated_from":"web/data/city-atlas/cities/belfast/events_2024.json","lifecycle_status":"permitted","status":"source_record","cell_size_m":95,"intensity":0.289,"label":"117 Ardenlee Avenue rear-extension approval was recorded"},"geometry":{"type":"Polygon","coordinates":[[[-5.9027113,54.5811402],[-5.9012382,54.5811402],[-5.9012382,54.5819994],[-5.9027113,54.5819994],[-5.9027113,54.5811402]]]}},{"type":"Feature","properties":{"id":"lens-detail-belfast-2024-planning_cell-127","layer":"planning_cell","category":"built_environment","year":2024,"visible_year":2024,"title":"1 source-backed planning and built record","confidence":"documented","confidence_mix":"documented:1","event_count":1,"source_count":1,"source_ids":"dfi-planning-statistics-2024-25-round527","event_ids":"bfs_arch_round527_beersbridge_road_listed_house_extension_approval_2024","event_ids_all":"bfs_arch_round527_beersbridge_road_listed_house_extension_approval_2024","source_urls":"https://www.infrastructure-ni.gov.uk/publications/northern-ireland-planning-statistics-april-2024-march-2025","geometry_precision_mix":"Application/site navigation point from official planning-statistics row; not a surveyed footprint, legal boundary, facade, room, campus, streetworks area or works extent.:1","representation":"planning and built evidence grid cell","timing_note":"Filtered by event effective year. OSM mapped-visibility dates and administrative dates can differ from real-world physical change dates.","caveat":"Planning cells are derived from source-backed event locations; they are not parcel boundaries unless source geometry is separately present.","generated_from":"web/data/city-atlas/cities/belfast/events_2024.json","lifecycle_status":"permitted","status":"source_record","cell_size_m":95,"intensity":0.289,"label":"287a Beersbridge Road listed-house extension approvals were recorded"},"geometry":{"type":"Polygon","coordinates":[[[-5.8923996,54.5905909],[-5.8909265,54.5905909],[-5.8909265,54.5914501],[-5.8923996,54.5914501],[-5.8923996,54.5905909]]]}},{"type":"Feature","properties":{"id":"lens-detail-belfast-2024-planning_cell-128","layer":"planning_cell","category":"built_environment","year":2024,"visible_year":2024,"title":"1 source-backed planning and built record","confidence":"documented","confidence_mix":"documented:1","event_count":1,"source_count":1,"source_ids":"dfi-planning-statistics-2024-25-round527","event_ids":"bfs_arch_round527_belmont_church_road_four_dwellings_approval_2024","event_ids_all":"bfs_arch_round527_belmont_church_road_four_dwellings_approval_2024","source_urls":"https://www.infrastructure-ni.gov.uk/publications/northern-ireland-planning-statistics-april-2024-march-2025","geometry_precision_mix":"Application/site navigation point from official planning-statistics row; not a surveyed footprint, legal boundary, facade, room, campus, streetworks area or works extent.:1","representation":"planning and built evidence grid cell","timing_note":"Filtered by event effective year. OSM mapped-visibility dates and administrative dates can differ from real-world physical change dates.","caveat":"Planning cells are derived from source-backed event locations; they are not parcel boundaries unless source geometry is separately present.","generated_from":"web/data/city-atlas/cities/belfast/events_2024.json","lifecycle_status":"permitted","status":"source_record","cell_size_m":95,"intensity":0.289,"label":"151-153 Belmont Church Road residential-development approval was recorded"},"geometry":{"type":"Polygon","coordinates":[[[-5.8658838,54.5991824],[-5.8644107,54.5991824],[-5.8644107,54.6000416],[-5.8658838,54.6000416],[-5.8658838,54.5991824]]]}},{"type":"Feature","properties":{"id":"lens-detail-belfast-2024-planning_cell-129","layer":"planning_cell","category":"built_environment","year":2024,"visible_year":2024,"title":"1 source-backed planning and built record","confidence":"documented","confidence_mix":"documented:1","event_count":1,"source_count":1,"source_ids":"dfi-planning-statistics-2024-25-round527","event_ids":"bfs_arch_round527_bloomfield_avenue_office_residential_change_approval_2024","event_ids_all":"bfs_arch_round527_bloomfield_avenue_office_residential_change_approval_2024","source_urls":"https://www.infrastructure-ni.gov.uk/publications/northern-ireland-planning-statistics-april-2024-march-2025","geometry_precision_mix":"Application/site navigation point from official planning-statistics row; not a surveyed footprint, legal boundary, facade, room, campus, streetworks area or works extent.:1","representation":"planning and built evidence grid cell","timing_note":"Filtered by event effective year. OSM mapped-visibility dates and administrative dates can differ from real-world physical change dates.","caveat":"Planning cells are derived from source-backed event locations; they are not parcel boundaries unless source geometry is separately present.","generated_from":"web/data/city-atlas/cities/belfast/events_2024.json","lifecycle_status":"permitted","status":"source_record","cell_size_m":95,"intensity":0.289,"label":"122 Bloomfield Avenue office-to-dwelling approval was recorded"},"geometry":{"type":"Polygon","coordinates":[[[-5.8879803,54.5940275],[-5.8865072,54.5940275],[-5.8865072,54.5948867],[-5.8879803,54.5948867],[-5.8879803,54.5940275]]]}},{"type":"Feature","properties":{"id":"lens-detail-belfast-2024-planning_cell-13","layer":"planning_cell","category":"built_environment","year":2024,"visible_year":2024,"title":"1 source-backed planning and built record","confidence":"documented","confidence_mix":"documented:1","event_count":1,"source_count":1,"source_ids":"dfi-planning-statistics-2024-25-round472","event_ids":"bfs_arch_round472_malone_road_office_to_short_stay_approval_2024","event_ids_all":"bfs_arch_round472_malone_road_office_to_short_stay_approval_2024","source_urls":"https://www.infrastructure-ni.gov.uk/publications/northern-ireland-planning-statistics-april-2024-march-2025","geometry_precision_mix":"Approximate application/site navigation point from official planning-statistics row; not a surveyed footprint, legal boundary, facade, room or works extent.:1","representation":"planning and built evidence grid cell","timing_note":"Filtered by event effective year. OSM mapped-visibility dates and administrative dates can differ from real-world physical change dates.","caveat":"Planning cells are derived from source-backed event locations; they are not parcel boundaries unless source geometry is separately present.","generated_from":"web/data/city-atlas/cities/belfast/events_2024.json","lifecycle_status":"permitted","status":"source_record","cell_size_m":95,"intensity":0.289,"label":"15 Malone Road office-to-short-stay apartment conversion was approved"},"geometry":{"type":"Polygon","coordinates":[[[-5.9248078,54.5845768],[-5.9233347,54.5845768],[-5.9233347,54.585436],[-5.9248078,54.585436],[-5.9248078,54.5845768]]]}},{"type":"Feature","properties":{"id":"lens-detail-belfast-2024-planning_cell-130","layer":"planning_cell","category":"built_environment","year":2024,"visible_year":2024,"title":"1 source-backed planning and built record","confidence":"documented","confidence_mix":"documented:1","event_count":1,"source_count":1,"source_ids":"dfi-planning-statistics-2024-25-round527","event_ids":"bfs_arch_round527_botanic_avenue_apartment_conversion_approval_2024","event_ids_all":"bfs_arch_round527_botanic_avenue_apartment_conversion_approval_2024","source_urls":"https://www.infrastructure-ni.gov.uk/publications/northern-ireland-planning-statistics-april-2024-march-2025","geometry_precision_mix":"Application/site navigation point from official planning-statistics row; not a surveyed footprint, legal boundary, facade, room, campus, streetworks area or works extent.:1","representation":"planning and built evidence grid cell","timing_note":"Filtered by event effective year. OSM mapped-visibility dates and administrative dates can differ from real-world physical change dates.","caveat":"Planning cells are derived from source-backed event locations; they are not parcel boundaries unless source geometry is separately present.","generated_from":"web/data/city-atlas/cities/belfast/events_2024.json","lifecycle_status":"permitted","status":"source_record","cell_size_m":95,"intensity":0.289,"label":"83 Botanic Avenue apartment-conversion approval was recorded"},"geometry":{"type":"Polygon","coordinates":[[[-5.9336464,54.5862952],[-5.9321733,54.5862952],[-5.9321733,54.5871543],[-5.9336464,54.5871543],[-5.9336464,54.5862952]]]}},{"type":"Feature","properties":{"id":"lens-detail-belfast-2024-planning_cell-131","layer":"planning_cell","category":"built_environment","year":2024,"visible_year":2024,"title":"1 source-backed planning and built record","confidence":"documented","confidence_mix":"documented:1","event_count":1,"source_count":1,"source_ids":"dfi-planning-statistics-2024-25-round527","event_ids":"bfs_arch_round527_broomhill_park_demolition_consent_2024","event_ids_all":"bfs_arch_round527_broomhill_park_demolition_consent_2024","source_urls":"https://www.infrastructure-ni.gov.uk/publications/northern-ireland-planning-statistics-april-2024-march-2025","geometry_precision_mix":"Application/site navigation point from official planning-statistics row; not a surveyed footprint, legal boundary, facade, room, campus, streetworks area or works extent.:1","representation":"planning and built evidence grid cell","timing_note":"Filtered by event effective year. OSM mapped-visibility dates and administrative dates can differ from real-world physical change dates.","caveat":"Planning cells are derived from source-backed event locations; they are not parcel boundaries unless source geometry is separately present.","generated_from":"web/data/city-atlas/cities/belfast/events_2024.json","lifecycle_status":"demolished","status":"source_record","cell_size_m":95,"intensity":0.289,"label":"25 Broomhill Park partial-demolition consent was recorded"},"geometry":{"type":"Polygon","coordinates":[[[-5.942485,54.5673938],[-5.9410119,54.5673938],[-5.9410119,54.5682529],[-5.942485,54.5682529],[-5.942485,54.5673938]]]}},{"type":"Feature","properties":{"id":"lens-detail-belfast-2024-planning_cell-132","layer":"planning_cell","category":"built_environment","year":2024,"visible_year":2024,"title":"1 source-backed planning and built record","confidence":"documented","confidence_mix":"documented:1","event_count":1,"source_count":1,"source_ids":"dfi-planning-statistics-2024-25-round527","event_ids":"bfs_arch_round527_candahar_street_hmo_rear_dormer_approval_2024","event_ids_all":"bfs_arch_round527_candahar_street_hmo_rear_dormer_approval_2024","source_urls":"https://www.infrastructure-ni.gov.uk/publications/northern-ireland-planning-statistics-april-2024-march-2025","geometry_precision_mix":"Application/site navigation point from official planning-statistics row; not a surveyed footprint, legal boundary, facade, room, campus, streetworks area or works extent.:1","representation":"planning and built evidence grid cell","timing_note":"Filtered by event effective year. OSM mapped-visibility dates and administrative dates can differ from real-world physical change dates.","caveat":"Planning cells are derived from source-backed event locations; they are not parcel boundaries unless source geometry is separately present.","generated_from":"web/data/city-atlas/cities/belfast/events_2024.json","lifecycle_status":"permitted","status":"source_record","cell_size_m":95,"intensity":0.289,"label":"43 Candahar Street HMO rear-dormer approval was recorded"},"geometry":{"type":"Polygon","coordinates":[[[-5.9248078,54.5794219],[-5.9233347,54.5794219],[-5.9233347,54.5802811],[-5.9248078,54.5802811],[-5.9248078,54.5794219]]]}},{"type":"Feature","properties":{"id":"lens-detail-belfast-2024-planning_cell-133","layer":"planning_cell","category":"built_environment","year":2024,"visible_year":2024,"title":"1 source-backed planning and built record","confidence":"documented","confidence_mix":"documented:1","event_count":1,"source_count":1,"source_ids":"dfi-planning-statistics-2024-25-round527","event_ids":"bfs_arch_round527_channel_commercial_park_mobile_offices_approval_2024","event_ids_all":"bfs_arch_round527_channel_commercial_park_mobile_offices_approval_2024","source_urls":"https://www.infrastructure-ni.gov.uk/publications/northern-ireland-planning-statistics-april-2024-march-2025","geometry_precision_mix":"Application/site navigation point from official planning-statistics row; not a surveyed footprint, legal boundary, facade, room, campus, streetworks area or works extent.:1","representation":"planning and built evidence grid cell","timing_note":"Filtered by event effective year. OSM mapped-visibility dates and administrative dates can differ from real-world physical change dates.","caveat":"Planning cells are derived from source-backed event locations; they are not parcel boundaries unless source geometry is separately present.","generated_from":"web/data/city-atlas/cities/belfast/events_2024.json","lifecycle_status":"permitted","status":"source_record","cell_size_m":95,"intensity":0.289,"label":"Channel Commercial Park temporary mobile-office approval was recorded"},"geometry":{"type":"Polygon","coordinates":[[[-5.8997651,54.6129289],[-5.898292,54.6129289],[-5.898292,54.6137881],[-5.8997651,54.6137881],[-5.8997651,54.6129289]]]}},{"type":"Feature","properties":{"id":"lens-detail-belfast-2024-planning_cell-134","layer":"planning_cell","category":"built_environment","year":2024,"visible_year":2024,"title":"1 source-backed planning and built record","confidence":"documented","confidence_mix":"documented:1","event_count":1,"source_count":1,"source_ids":"dfi-planning-statistics-2024-25-round527","event_ids":"bfs_arch_round527_church_avenue_partial_demolition_extension_approval_2024","event_ids_all":"bfs_arch_round527_church_avenue_partial_demolition_extension_approval_2024","source_urls":"https://www.infrastructure-ni.gov.uk/publications/northern-ireland-planning-statistics-april-2024-march-2025","geometry_precision_mix":"Application/site navigation point from official planning-statistics row; not a surveyed footprint, legal boundary, facade, room, campus, streetworks area or works extent.:1","representation":"planning and built evidence grid cell","timing_note":"Filtered by event effective year. OSM mapped-visibility dates and administrative dates can differ from real-world physical change dates.","caveat":"Planning cells are derived from source-backed event locations; they are not parcel boundaries unless source geometry is separately present.","generated_from":"web/data/city-atlas/cities/belfast/events_2024.json","lifecycle_status":"demolished","status":"source_record","cell_size_m":95,"intensity":0.289,"label":"19 Church Avenue partial-demolition and extension approval was recorded"},"geometry":{"type":"Polygon","coordinates":[[[-6.0028821,54.5493516],[-6.001409,54.5493516],[-6.001409,54.5502107],[-6.0028821,54.5502107],[-6.0028821,54.5493516]]]}},{"type":"Feature","properties":{"id":"lens-detail-belfast-2024-planning_cell-136","layer":"planning_cell","category":"built_environment","year":2024,"visible_year":2024,"title":"1 source-backed planning and built record","confidence":"documented","confidence_mix":"documented:1","event_count":1,"source_count":1,"source_ids":"dfi-planning-statistics-2024-25-round527","event_ids":"bfs_arch_round527_finaghy_road_south_facade_extension_approval_2024","event_ids_all":"bfs_arch_round527_finaghy_road_south_facade_extension_approval_2024","source_urls":"https://www.infrastructure-ni.gov.uk/publications/northern-ireland-planning-statistics-april-2024-march-2025","geometry_precision_mix":"Application/site navigation point from official planning-statistics row; not a surveyed footprint, legal boundary, facade, room, campus, streetworks area or works extent.:1","representation":"planning and built evidence grid cell","timing_note":"Filtered by event effective year. OSM mapped-visibility dates and administrative dates can differ from real-world physical change dates.","caveat":"Planning cells are derived from source-backed event locations; they are not parcel boundaries unless source geometry is separately present.","generated_from":"web/data/city-atlas/cities/belfast/events_2024.json","lifecycle_status":"permitted","status":"source_record","cell_size_m":95,"intensity":0.289,"label":"164 Finaghy Road South facade and extension approval was recorded"},"geometry":{"type":"Polygon","coordinates":[[[-5.9778394,54.5527882],[-5.9763663,54.5527882],[-5.9763663,54.5536473],[-5.9778394,54.5536473],[-5.9778394,54.5527882]]]}},{"type":"Feature","properties":{"id":"lens-detail-belfast-2024-planning_cell-137","layer":"planning_cell","category":"built_environment","year":2024,"visible_year":2024,"title":"1 source-backed planning and built record","confidence":"documented","confidence_mix":"documented:1","event_count":1,"source_count":1,"source_ids":"dfi-planning-statistics-2024-25-round527","event_ids":"bfs_arch_round527_harberton_drive_rear_side_extension_demolition_approval_2024","event_ids_all":"bfs_arch_round527_harberton_drive_rear_side_extension_demolition_approval_2024","source_urls":"https://www.infrastructure-ni.gov.uk/publications/northern-ireland-planning-statistics-april-2024-march-2025","geometry_precision_mix":"Application/site navigation point from official planning-statistics row; not a surveyed footprint, legal boundary, facade, room, campus, streetworks area or works extent.:1","representation":"planning and built evidence grid cell","timing_note":"Filtered by event effective year. OSM mapped-visibility dates and administrative dates can differ from real-world physical change dates.","caveat":"Planning cells are derived from source-backed event locations; they are not parcel boundaries unless source geometry is separately present.","generated_from":"web/data/city-atlas/cities/belfast/events_2024.json","lifecycle_status":"permitted","status":"source_record","cell_size_m":95,"intensity":0.289,"label":"17 Harberton Drive rear and side extension approvals were recorded"},"geometry":{"type":"Polygon","coordinates":[[[-5.9645815,54.5648163],[-5.9631084,54.5648163],[-5.9631084,54.5656755],[-5.9645815,54.5656755],[-5.9645815,54.5648163]]]}},{"type":"Feature","properties":{"id":"lens-detail-belfast-2024-planning_cell-138","layer":"planning_cell","category":"built_environment","year":2024,"visible_year":2024,"title":"1 source-backed planning and built record","confidence":"documented","confidence_mix":"documented:1","event_count":1,"source_count":1,"source_ids":"dfi-planning-statistics-2024-25-round527","event_ids":"bfs_arch_round527_kings_road_refurbishment_demolition_approval_2024","event_ids_all":"bfs_arch_round527_kings_road_refurbishment_demolition_approval_2024","source_urls":"https://www.infrastructure-ni.gov.uk/publications/northern-ireland-planning-statistics-april-2024-march-2025","geometry_precision_mix":"Application/site navigation point from official planning-statistics row; not a surveyed footprint, legal boundary, facade, room, campus, streetworks area or works extent.:1","representation":"planning and built evidence grid cell","timing_note":"Filtered by event effective year. OSM mapped-visibility dates and administrative dates can differ from real-world physical change dates.","caveat":"Planning cells are derived from source-backed event locations; they are not parcel boundaries unless source geometry is separately present.","generated_from":"web/data/city-atlas/cities/belfast/events_2024.json","lifecycle_status":"demolished","status":"source_record","cell_size_m":95,"intensity":0.289,"label":"35 Kings Road refurbishment and demolition approvals were recorded"},"geometry":{"type":"Polygon","coordinates":[[[-5.8599914,54.5905909],[-5.8585183,54.5905909],[-5.8585183,54.5914501],[-5.8599914,54.5914501],[-5.8599914,54.5905909]]]}},{"type":"Feature","properties":{"id":"lens-detail-belfast-2024-planning_cell-139","layer":"planning_cell","category":"built_environment","year":2024,"visible_year":2024,"title":"1 source-backed planning and built record","confidence":"documented","confidence_mix":"documented:1","event_count":1,"source_count":1,"source_ids":"dfi-planning-statistics-2024-25-round527","event_ids":"bfs_arch_round527_lansdowne_road_replacement_coach_house_approval_2024","event_ids_all":"bfs_arch_round527_lansdowne_road_replacement_coach_house_approval_2024","source_urls":"https://www.infrastructure-ni.gov.uk/publications/northern-ireland-planning-statistics-april-2024-march-2025","geometry_precision_mix":"Application/site navigation point from official planning-statistics row; not a surveyed footprint, legal boundary, facade, room, campus, streetworks area or works extent.:1","representation":"planning and built evidence grid cell","timing_note":"Filtered by event effective year. OSM mapped-visibility dates and administrative dates can differ from real-world physical change dates.","caveat":"Planning cells are derived from source-backed event locations; they are not parcel boundaries unless source geometry is separately present.","generated_from":"web/data/city-atlas/cities/belfast/events_2024.json","lifecycle_status":"permitted","status":"source_record","cell_size_m":95,"intensity":0.289,"label":"84 Lansdowne Road replacement coach-house approval was recorded"},"geometry":{"type":"Polygon","coordinates":[[[-5.9292271,54.6309711],[-5.927754,54.6309711],[-5.927754,54.6318303],[-5.9292271,54.6318303],[-5.9292271,54.6309711]]]}},{"type":"Feature","properties":{"id":"lens-detail-belfast-2024-planning_cell-14","layer":"planning_cell","category":"built_environment","year":2024,"visible_year":2024,"title":"1 source-backed planning and built record","confidence":"documented","confidence_mix":"documented:1","event_count":1,"source_count":1,"source_ids":"dfi-planning-statistics-2024-25-round472","event_ids":"bfs_arch_round472_montgomery_road_temporary_school_soft_play_approval_2024","event_ids_all":"bfs_arch_round472_montgomery_road_temporary_school_soft_play_approval_2024","source_urls":"https://www.infrastructure-ni.gov.uk/publications/northern-ireland-planning-statistics-april-2024-march-2025","geometry_precision_mix":"Approximate application/site navigation point from official planning-statistics row; not a surveyed footprint, legal boundary, facade, room or works extent.:1","representation":"planning and built evidence grid cell","timing_note":"Filtered by event effective year. OSM mapped-visibility dates and administrative dates can differ from real-world physical change dates.","caveat":"Planning cells are derived from source-backed event locations; they are not parcel boundaries unless source geometry is separately present.","generated_from":"web/data/city-atlas/cities/belfast/events_2024.json","lifecycle_status":"permitted","status":"source_record","cell_size_m":95,"intensity":0.289,"label":"Temporary nursery, primary school and soft-play use near Montgomery Road was approved"},"geometry":{"type":"Polygon","coordinates":[[[-5.8673569,54.5819994],[-5.8658838,54.5819994],[-5.8658838,54.5828585],[-5.8673569,54.5828585],[-5.8673569,54.5819994]]]}},{"type":"Feature","properties":{"id":"lens-detail-belfast-2024-planning_cell-140","layer":"planning_cell","category":"built_environment","year":2024,"visible_year":2024,"title":"1 source-backed planning and built record","confidence":"documented","confidence_mix":"documented:1","event_count":1,"source_count":1,"source_ids":"dfi-planning-statistics-2024-25-round527","event_ids":"bfs_arch_round527_lower_braniel_road_three_dwellings_approval_2024","event_ids_all":"bfs_arch_round527_lower_braniel_road_three_dwellings_approval_2024","source_urls":"https://www.infrastructure-ni.gov.uk/publications/northern-ireland-planning-statistics-april-2024-march-2025","geometry_precision_mix":"Application/site navigation point from official planning-statistics row; not a surveyed footprint, legal boundary, facade, room, campus, streetworks area or works extent.:1","representation":"planning and built evidence grid cell","timing_note":"Filtered by event effective year. OSM mapped-visibility dates and administrative dates can differ from real-world physical change dates.","caveat":"Planning cells are derived from source-backed event locations; they are not parcel boundaries unless source geometry is separately present.","generated_from":"web/data/city-atlas/cities/belfast/events_2024.json","lifecycle_status":"permitted","status":"source_record","cell_size_m":95,"intensity":0.289,"label":"237 Lower Braniel Road three-dwelling approval was recorded"},"geometry":{"type":"Polygon","coordinates":[[[-5.8467335,54.5794219],[-5.8452604,54.5794219],[-5.8452604,54.5802811],[-5.8467335,54.5802811],[-5.8467335,54.5794219]]]}},{"type":"Feature","properties":{"id":"lens-detail-belfast-2024-planning_cell-141","layer":"planning_cell","category":"built_environment","year":2024,"visible_year":2024,"title":"1 source-backed planning and built record","confidence":"documented","confidence_mix":"documented:1","event_count":1,"source_count":1,"source_ids":"dfi-planning-statistics-2024-25-round527","event_ids":"bfs_arch_round527_lower_courtyard_hmo_single_dwelling_dormer_approval_2024","event_ids_all":"bfs_arch_round527_lower_courtyard_hmo_single_dwelling_dormer_approval_2024","source_urls":"https://www.infrastructure-ni.gov.uk/publications/northern-ireland-planning-statistics-april-2024-march-2025","geometry_precision_mix":"Application/site navigation point from official planning-statistics row; not a surveyed footprint, legal boundary, facade, room, campus, streetworks area or works extent.:1","representation":"planning and built evidence grid cell","timing_note":"Filtered by event effective year. OSM mapped-visibility dates and administrative dates can differ from real-world physical change dates.","caveat":"Planning cells are derived from source-backed event locations; they are not parcel boundaries unless source geometry is separately present.","generated_from":"web/data/city-atlas/cities/belfast/events_2024.json","lifecycle_status":"permitted","status":"source_record","cell_size_m":95,"intensity":0.289,"label":"17 Lower Courtyard HMO-to-dwelling dormer approval was recorded"},"geometry":{"type":"Polygon","coordinates":[[[-5.9248078,54.5716895],[-5.9233347,54.5716895],[-5.9233347,54.5725487],[-5.9248078,54.5725487],[-5.9248078,54.5716895]]]}},{"type":"Feature","properties":{"id":"lens-detail-belfast-2024-planning_cell-142","layer":"planning_cell","category":"built_environment","year":2024,"visible_year":2024,"title":"1 source-backed planning and built record","confidence":"documented","confidence_mix":"documented:1","event_count":1,"source_count":1,"source_ids":"dfi-planning-statistics-2024-25-round527","event_ids":"bfs_arch_round527_myrtlefield_park_replacement_extension_demolition_approval_2024","event_ids_all":"bfs_arch_round527_myrtlefield_park_replacement_extension_demolition_approval_2024","source_urls":"https://www.infrastructure-ni.gov.uk/publications/northern-ireland-planning-statistics-april-2024-march-2025","geometry_precision_mix":"Application/site navigation point from official planning-statistics row; not a surveyed footprint, legal boundary, facade, room, campus, streetworks area or works extent.:1","representation":"planning and built evidence grid cell","timing_note":"Filtered by event effective year. OSM mapped-visibility dates and administrative dates can differ from real-world physical change dates.","caveat":"Planning cells are derived from source-backed event locations; they are not parcel boundaries unless source geometry is separately present.","generated_from":"web/data/city-atlas/cities/belfast/events_2024.json","lifecycle_status":"permitted","status":"source_record","cell_size_m":95,"intensity":0.289,"label":"18 Myrtlefield Park replacement-extension approvals were recorded"},"geometry":{"type":"Polygon","coordinates":[[[-5.9616353,54.5691121],[-5.9601622,54.5691121],[-5.9601622,54.5699712],[-5.9616353,54.5699712],[-5.9616353,54.5691121]]]}},{"type":"Feature","properties":{"id":"lens-detail-belfast-2024-planning_cell-143","layer":"planning_cell","category":"built_environment","year":2024,"visible_year":2024,"title":"1 source-backed planning and built record","confidence":"documented","confidence_mix":"documented:1","event_count":1,"source_count":1,"source_ids":"dfi-planning-statistics-2024-25-round527","event_ids":"bfs_arch_round527_oberon_street_rear_extension_demolition_approval_2024","event_ids_all":"bfs_arch_round527_oberon_street_rear_extension_demolition_approval_2024","source_urls":"https://www.infrastructure-ni.gov.uk/publications/northern-ireland-planning-statistics-april-2024-march-2025","geometry_precision_mix":"Application/site navigation point from official planning-statistics row; not a surveyed footprint, legal boundary, facade, room, campus, streetworks area or works extent.:1","representation":"planning and built evidence grid cell","timing_note":"Filtered by event effective year. OSM mapped-visibility dates and administrative dates can differ from real-world physical change dates.","caveat":"Planning cells are derived from source-backed event locations; they are not parcel boundaries unless source geometry is separately present.","generated_from":"web/data/city-atlas/cities/belfast/events_2024.json","lifecycle_status":"permitted","status":"source_record","cell_size_m":95,"intensity":0.289,"label":"57 Oberon Street rear-extension approval was recorded"},"geometry":{"type":"Polygon","coordinates":[[[-5.9027113,54.5837177],[-5.9012382,54.5837177],[-5.9012382,54.5845768],[-5.9027113,54.5845768],[-5.9027113,54.5837177]]]}},{"type":"Feature","properties":{"id":"lens-detail-belfast-2024-planning_cell-144","layer":"planning_cell","category":"built_environment","year":2024,"visible_year":2024,"title":"1 source-backed planning and built record","confidence":"documented","confidence_mix":"documented:1","event_count":1,"source_count":1,"source_ids":"dfi-planning-statistics-2024-25-round527","event_ids":"bfs_arch_round527_shrewsbury_gardens_extension_demolition_approval_2024","event_ids_all":"bfs_arch_round527_shrewsbury_gardens_extension_demolition_approval_2024","source_urls":"https://www.infrastructure-ni.gov.uk/publications/northern-ireland-planning-statistics-april-2024-march-2025","geometry_precision_mix":"Application/site navigation point from official planning-statistics row; not a surveyed footprint, legal boundary, facade, room, campus, streetworks area or works extent.:1","representation":"planning and built evidence grid cell","timing_note":"Filtered by event effective year. OSM mapped-visibility dates and administrative dates can differ from real-world physical change dates.","caveat":"Planning cells are derived from source-backed event locations; they are not parcel boundaries unless source geometry is separately present.","generated_from":"web/data/city-atlas/cities/belfast/events_2024.json","lifecycle_status":"demolished","status":"source_record","cell_size_m":95,"intensity":0.289,"label":"8 Shrewsbury Gardens extension and demolition approvals were recorded"},"geometry":{"type":"Polygon","coordinates":[[[-5.9601622,54.5648163],[-5.9586891,54.5648163],[-5.9586891,54.5656755],[-5.9601622,54.5656755],[-5.9601622,54.5648163]]]}},{"type":"Feature","properties":{"id":"lens-detail-belfast-2024-planning_cell-145","layer":"planning_cell","category":"built_environment","year":2024,"visible_year":2024,"title":"1 source-backed planning and built record","confidence":"documented","confidence_mix":"documented:1","event_count":1,"source_count":1,"source_ids":"dfi-planning-statistics-2024-25-round527","event_ids":"bfs_arch_round527_weston_drive_new_dwelling_alterations_approval_2024","event_ids_all":"bfs_arch_round527_weston_drive_new_dwelling_alterations_approval_2024","source_urls":"https://www.infrastructure-ni.gov.uk/publications/northern-ireland-planning-statistics-april-2024-march-2025","geometry_precision_mix":"Application/site navigation point from official planning-statistics row; not a surveyed footprint, legal boundary, facade, room, campus, streetworks area or works extent.:1","representation":"planning and built evidence grid cell","timing_note":"Filtered by event effective year. OSM mapped-visibility dates and administrative dates can differ from real-world physical change dates.","caveat":"Planning cells are derived from source-backed event locations; they are not parcel boundaries unless source geometry is separately present.","generated_from":"web/data/city-atlas/cities/belfast/events_2024.json","lifecycle_status":"permitted","status":"source_record","cell_size_m":95,"intensity":0.289,"label":"36 Weston Drive new-dwelling and alteration approval was recorded"},"geometry":{"type":"Polygon","coordinates":[[[-5.9690008,54.5699712],[-5.9675277,54.5699712],[-5.9675277,54.5708304],[-5.9690008,54.5708304],[-5.9690008,54.5699712]]]}},{"type":"Feature","properties":{"id":"lens-detail-belfast-2024-planning_cell-146","layer":"planning_cell","category":"built_environment","year":2024,"visible_year":2024,"title":"1 source-backed planning and built record","confidence":"documented","confidence_mix":"documented:1","event_count":1,"source_count":1,"source_ids":"dfi-planning-statistics-2024-25-round527","event_ids":"bfs_arch_round527_wynchurch_road_roof_conversion_extension_approval_2024","event_ids_all":"bfs_arch_round527_wynchurch_road_roof_conversion_extension_approval_2024","source_urls":"https://www.infrastructure-ni.gov.uk/publications/northern-ireland-planning-statistics-april-2024-march-2025","geometry_precision_mix":"Application/site navigation point from official planning-statistics row; not a surveyed footprint, legal boundary, facade, room, campus, streetworks area or works extent.:1","representation":"planning and built evidence grid cell","timing_note":"Filtered by event effective year. OSM mapped-visibility dates and administrative dates can differ from real-world physical change dates.","caveat":"Planning cells are derived from source-backed event locations; they are not parcel boundaries unless source geometry is separately present.","generated_from":"web/data/city-atlas/cities/belfast/events_2024.json","lifecycle_status":"permitted","status":"source_record","cell_size_m":95,"intensity":0.289,"label":"47 Wynchurch Road roof-conversion and extension approval was recorded"},"geometry":{"type":"Polygon","coordinates":[[[-5.9056575,54.5691121],[-5.9041844,54.5691121],[-5.9041844,54.5699712],[-5.9056575,54.5699712],[-5.9056575,54.5691121]]]}},{"type":"Feature","properties":{"id":"lens-detail-belfast-2024-planning_cell-147","layer":"planning_cell","category":"built_environment","year":2024,"visible_year":2024,"title":"1 source-backed planning and built record","confidence":"documented","confidence_mix":"documented:1","event_count":1,"source_count":1,"source_ids":"dfi-planning-statistics-2024-25-round538","event_ids":"bfs_arch_round538_ailesbury_gardens_extension_home_office_approval_2024","event_ids_all":"bfs_arch_round538_ailesbury_gardens_extension_home_office_approval_2024","source_urls":"https://www.infrastructure-ni.gov.uk/publications/northern-ireland-planning-statistics-april-2024-march-2025","geometry_precision_mix":"Application/site navigation point from official planning-statistics row; not a surveyed footprint, legal boundary, facade, room, campus, streetworks area or works extent.:1","representation":"planning and built evidence grid cell","timing_note":"Filtered by event effective year. OSM mapped-visibility dates and administrative dates can differ from real-world physical change dates.","caveat":"Planning cells are derived from source-backed event locations; they are not parcel boundaries unless source geometry is separately present.","generated_from":"web/data/city-atlas/cities/belfast/events_2024.json","lifecycle_status":"permitted","status":"source_record","cell_size_m":95,"intensity":0.289,"label":"7 Ailesbury Gardens extension and home-office approval was recorded"},"geometry":{"type":"Polygon","coordinates":[[[-5.9218616,54.5725487],[-5.9203885,54.5725487],[-5.9203885,54.5734079],[-5.9218616,54.5734079],[-5.9218616,54.5725487]]]}},{"type":"Feature","properties":{"id":"lens-detail-belfast-2024-planning_cell-149","layer":"planning_cell","category":"built_environment","year":2024,"visible_year":2024,"title":"1 source-backed planning and built record","confidence":"documented","confidence_mix":"documented:1","event_count":1,"source_count":1,"source_ids":"dfi-planning-statistics-2024-25-round538","event_ids":"bfs_arch_round538_castle_avenue_rear_kitchen_extension_approval_2024","event_ids_all":"bfs_arch_round538_castle_avenue_rear_kitchen_extension_approval_2024","source_urls":"https://www.infrastructure-ni.gov.uk/publications/northern-ireland-planning-statistics-april-2024-march-2025","geometry_precision_mix":"Application/site navigation point from official planning-statistics row; not a surveyed footprint, legal boundary, facade, room, campus, streetworks area or works extent.:1","representation":"planning and built evidence grid cell","timing_note":"Filtered by event effective year. OSM mapped-visibility dates and administrative dates can differ from real-world physical change dates.","caveat":"Planning cells are derived from source-backed event locations; they are not parcel boundaries unless source geometry is separately present.","generated_from":"web/data/city-atlas/cities/belfast/events_2024.json","lifecycle_status":"permitted","status":"source_record","cell_size_m":95,"intensity":0.289,"label":"16 Castle Avenue rear-kitchen extension approval was recorded"},"geometry":{"type":"Polygon","coordinates":[[[-5.9321733,54.6369852],[-5.9307002,54.6369852],[-5.9307002,54.6378443],[-5.9321733,54.6378443],[-5.9321733,54.6369852]]]}},{"type":"Feature","properties":{"id":"lens-detail-belfast-2024-planning_cell-15","layer":"planning_cell","category":"built_environment","year":2024,"visible_year":2024,"title":"1 source-backed planning and built record","confidence":"documented","confidence_mix":"documented:1","event_count":1,"source_count":1,"source_ids":"dfi-planning-statistics-2024-25-round472","event_ids":"bfs_arch_round472_queen_street_shopfront_demolition_consent_2024","event_ids_all":"bfs_arch_round472_queen_street_shopfront_demolition_consent_2024","source_urls":"https://www.infrastructure-ni.gov.uk/publications/northern-ireland-planning-statistics-april-2024-march-2025","geometry_precision_mix":"Approximate application/site navigation point from official planning-statistics row; not a surveyed footprint, legal boundary, facade, room or works extent.:1","representation":"planning and built evidence grid cell","timing_note":"Filtered by event effective year. OSM mapped-visibility dates and administrative dates can differ from real-world physical change dates.","caveat":"Planning cells are derived from source-backed event locations; they are not parcel boundaries unless source geometry is separately present.","generated_from":"web/data/city-atlas/cities/belfast/events_2024.json","lifecycle_status":"demolished","status":"source_record","cell_size_m":95,"intensity":0.289,"label":"23-29 Queen Street shopfront and internal demolition consent was approved"},"geometry":{"type":"Polygon","coordinates":[[[-5.9218616,54.6017599],[-5.9203885,54.6017599],[-5.9203885,54.6026191],[-5.9218616,54.6026191],[-5.9218616,54.6017599]]]}},{"type":"Feature","properties":{"id":"lens-detail-belfast-2024-planning_cell-150","layer":"planning_cell","category":"built_environment","year":2024,"visible_year":2024,"title":"1 source-backed planning and built record","confidence":"documented","confidence_mix":"documented:1","event_count":1,"source_count":1,"source_ids":"dfi-planning-statistics-2024-25-round538","event_ids":"bfs_arch_round538_clowney_street_two_storey_extension_approval_2024","event_ids_all":"bfs_arch_round538_clowney_street_two_storey_extension_approval_2024","source_urls":"https://www.infrastructure-ni.gov.uk/publications/northern-ireland-planning-statistics-april-2024-march-2025","geometry_precision_mix":"Application/site navigation point from official planning-statistics row; not a surveyed footprint, legal boundary, facade, room, campus, streetworks area or works extent.:1","representation":"planning and built evidence grid cell","timing_note":"Filtered by event effective year. OSM mapped-visibility dates and administrative dates can differ from real-world physical change dates.","caveat":"Planning cells are derived from source-backed event locations; they are not parcel boundaries unless source geometry is separately present.","generated_from":"web/data/city-atlas/cities/belfast/events_2024.json","lifecycle_status":"permitted","status":"source_record","cell_size_m":95,"intensity":0.289,"label":"35 Clowney Street two-storey rear-extension approval was recorded"},"geometry":{"type":"Polygon","coordinates":[[[-5.9660546,54.5923092],[-5.9645815,54.5923092],[-5.9645815,54.5931684],[-5.9660546,54.5931684],[-5.9660546,54.5923092]]]}},{"type":"Feature","properties":{"id":"lens-detail-belfast-2024-planning_cell-151","layer":"planning_cell","category":"built_environment","year":2024,"visible_year":2024,"title":"1 source-backed planning and built record","confidence":"documented","confidence_mix":"documented:1","event_count":1,"source_count":1,"source_ids":"dfi-planning-statistics-2024-25-round538","event_ids":"bfs_arch_round538_disraeli_street_hall_three_dwellings_approval_2024","event_ids_all":"bfs_arch_round538_disraeli_street_hall_three_dwellings_approval_2024","source_urls":"https://www.infrastructure-ni.gov.uk/publications/northern-ireland-planning-statistics-april-2024-march-2025","geometry_precision_mix":"Application/site navigation point from official planning-statistics row; not a surveyed footprint, legal boundary, facade, room, campus, streetworks area or works extent.:1","representation":"planning and built evidence grid cell","timing_note":"Filtered by event effective year. OSM mapped-visibility dates and administrative dates can differ from real-world physical change dates.","caveat":"Planning cells are derived from source-backed event locations; they are not parcel boundaries unless source geometry is separately present.","generated_from":"web/data/city-atlas/cities/belfast/events_2024.json","lifecycle_status":"demolished","status":"source_record","cell_size_m":95,"intensity":0.289,"label":"55 Disraeli Street hall-demolition and three-dwelling approval was recorded"},"geometry":{"type":"Polygon","coordinates":[[[-5.9601622,54.6103514],[-5.9586891,54.6103514],[-5.9586891,54.6112106],[-5.9601622,54.6112106],[-5.9601622,54.6103514]]]}},{"type":"Feature","properties":{"id":"lens-detail-belfast-2024-planning_cell-152","layer":"planning_cell","category":"built_environment","year":2024,"visible_year":2024,"title":"1 source-backed planning and built record","confidence":"documented","confidence_mix":"documented:1","event_count":1,"source_count":1,"source_ids":"dfi-planning-statistics-2024-25-round538","event_ids":"bfs_arch_round538_elaine_street_first_floor_extension_approval_2024","event_ids_all":"bfs_arch_round538_elaine_street_first_floor_extension_approval_2024","source_urls":"https://www.infrastructure-ni.gov.uk/publications/northern-ireland-planning-statistics-april-2024-march-2025","geometry_precision_mix":"Application/site navigation point from official planning-statistics row; not a surveyed footprint, legal boundary, facade, room, campus, streetworks area or works extent.:1","representation":"planning and built evidence grid cell","timing_note":"Filtered by event effective year. OSM mapped-visibility dates and administrative dates can differ from real-world physical change dates.","caveat":"Planning cells are derived from source-backed event locations; they are not parcel boundaries unless source geometry is separately present.","generated_from":"web/data/city-atlas/cities/belfast/events_2024.json","lifecycle_status":"permitted","status":"source_record","cell_size_m":95,"intensity":0.289,"label":"7 Elaine Street first-floor rear-return extension approval was recorded"},"geometry":{"type":"Polygon","coordinates":[[[-5.9351195,54.5802811],[-5.9336464,54.5802811],[-5.9336464,54.5811402],[-5.9351195,54.5811402],[-5.9351195,54.5802811]]]}},{"type":"Feature","properties":{"id":"lens-detail-belfast-2024-planning_cell-153","layer":"planning_cell","category":"built_environment","year":2024,"visible_year":2024,"title":"1 source-backed planning and built record","confidence":"documented","confidence_mix":"documented:1","event_count":1,"source_count":1,"source_ids":"dfi-planning-statistics-2024-25-round538","event_ids":"bfs_arch_round538_farnham_street_first_floor_extension_approval_2024","event_ids_all":"bfs_arch_round538_farnham_street_first_floor_extension_approval_2024","source_urls":"https://www.infrastructure-ni.gov.uk/publications/northern-ireland-planning-statistics-april-2024-march-2025","geometry_precision_mix":"Application/site navigation point from official planning-statistics row; not a surveyed footprint, legal boundary, facade, room, campus, streetworks area or works extent.:1","representation":"planning and built evidence grid cell","timing_note":"Filtered by event effective year. OSM mapped-visibility dates and administrative dates can differ from real-world physical change dates.","caveat":"Planning cells are derived from source-backed event locations; they are not parcel boundaries unless source geometry is separately present.","generated_from":"web/data/city-atlas/cities/belfast/events_2024.json","lifecycle_status":"demolished","status":"source_record","cell_size_m":95,"intensity":0.289,"label":"63 Farnham Street rear-demolition and first-floor extension approval was recorded"},"geometry":{"type":"Polygon","coordinates":[[[-5.9218616,54.5845768],[-5.9203885,54.5845768],[-5.9203885,54.585436],[-5.9218616,54.585436],[-5.9218616,54.5845768]]]}},{"type":"Feature","properties":{"id":"lens-detail-belfast-2024-planning_cell-154","layer":"planning_cell","category":"built_environment","year":2024,"visible_year":2024,"title":"1 source-backed planning and built record","confidence":"documented","confidence_mix":"documented:1","event_count":1,"source_count":1,"source_ids":"dfi-planning-statistics-2024-25-round538","event_ids":"bfs_arch_round538_greencastle_psni_site_six_dwellings_approval_2024","event_ids_all":"bfs_arch_round538_greencastle_psni_site_six_dwellings_approval_2024","source_urls":"https://www.infrastructure-ni.gov.uk/publications/northern-ireland-planning-statistics-april-2024-march-2025","geometry_precision_mix":"Application/site navigation point from official planning-statistics row; not a surveyed footprint, legal boundary, facade, room, campus, streetworks area or works extent.:1","representation":"planning and built evidence grid cell","timing_note":"Filtered by event effective year. OSM mapped-visibility dates and administrative dates can differ from real-world physical change dates.","caveat":"Planning cells are derived from source-backed event locations; they are not parcel boundaries unless source geometry is separately present.","generated_from":"web/data/city-atlas/cities/belfast/events_2024.json","lifecycle_status":"permitted","status":"source_record","cell_size_m":95,"intensity":0.289,"label":"Former Greencastle PSNI Station six-dwelling approval was recorded"},"geometry":{"type":"Polygon","coordinates":[[[-5.9218616,54.6438584],[-5.9203885,54.6438584],[-5.9203885,54.6447176],[-5.9218616,54.6447176],[-5.9218616,54.6438584]]]}},{"type":"Feature","properties":{"id":"lens-detail-belfast-2024-planning_cell-155","layer":"planning_cell","category":"built_environment","year":2024,"visible_year":2024,"title":"1 source-backed planning and built record","confidence":"documented","confidence_mix":"documented:1","event_count":1,"source_count":1,"source_ids":"dfi-planning-statistics-2024-25-round538","event_ids":"bfs_arch_round538_hopefield_avenue_rear_extension_approval_2024","event_ids_all":"bfs_arch_round538_hopefield_avenue_rear_extension_approval_2024","source_urls":"https://www.infrastructure-ni.gov.uk/publications/northern-ireland-planning-statistics-april-2024-march-2025","geometry_precision_mix":"Application/site navigation point from official planning-statistics row; not a surveyed footprint, legal boundary, facade, room, campus, streetworks area or works extent.:1","representation":"planning and built evidence grid cell","timing_note":"Filtered by event effective year. OSM mapped-visibility dates and administrative dates can differ from real-world physical change dates.","caveat":"Planning cells are derived from source-backed event locations; they are not parcel boundaries unless source geometry is separately present.","generated_from":"web/data/city-atlas/cities/belfast/events_2024.json","lifecycle_status":"demolished","status":"source_record","cell_size_m":95,"intensity":0.289,"label":"50 Hopefield Avenue rear-wall demolition and extension approval was recorded"},"geometry":{"type":"Polygon","coordinates":[[[-5.942485,54.6223796],[-5.9410119,54.6223796],[-5.9410119,54.6232387],[-5.942485,54.6232387],[-5.942485,54.6223796]]]}},{"type":"Feature","properties":{"id":"lens-detail-belfast-2024-planning_cell-156","layer":"planning_cell","category":"built_environment","year":2024,"visible_year":2024,"title":"1 source-backed planning and built record","confidence":"documented","confidence_mix":"documented:1","event_count":1,"source_count":1,"source_ids":"dfi-planning-statistics-2024-25-round538","event_ids":"bfs_arch_round538_kirkliston_drive_side_rear_extension_approval_2024","event_ids_all":"bfs_arch_round538_kirkliston_drive_side_rear_extension_approval_2024","source_urls":"https://www.infrastructure-ni.gov.uk/publications/northern-ireland-planning-statistics-april-2024-march-2025","geometry_precision_mix":"Application/site navigation point from official planning-statistics row; not a surveyed footprint, legal boundary, facade, room, campus, streetworks area or works extent.:1","representation":"planning and built evidence grid cell","timing_note":"Filtered by event effective year. OSM mapped-visibility dates and administrative dates can differ from real-world physical change dates.","caveat":"Planning cells are derived from source-backed event locations; they are not parcel boundaries unless source geometry is separately present.","generated_from":"web/data/city-atlas/cities/belfast/events_2024.json","lifecycle_status":"permitted","status":"source_record","cell_size_m":95,"intensity":0.289,"label":"23 Kirkliston Drive side and rear extension approvals were recorded"},"geometry":{"type":"Polygon","coordinates":[[[-5.8791417,54.5931684],[-5.8776686,54.5931684],[-5.8776686,54.5940275],[-5.8791417,54.5940275],[-5.8791417,54.5931684]]]}},{"type":"Feature","properties":{"id":"lens-detail-belfast-2024-planning_cell-157","layer":"planning_cell","category":"built_environment","year":2024,"visible_year":2024,"title":"1 source-backed planning and built record","confidence":"documented","confidence_mix":"documented:1","event_count":1,"source_count":1,"source_ids":"dfi-planning-statistics-2024-25-round538","event_ids":"bfs_arch_round538_knockdhu_park_coal_store_extension_approval_2024","event_ids_all":"bfs_arch_round538_knockdhu_park_coal_store_extension_approval_2024","source_urls":"https://www.infrastructure-ni.gov.uk/publications/northern-ireland-planning-statistics-april-2024-march-2025","geometry_precision_mix":"Application/site navigation point from official planning-statistics row; not a surveyed footprint, legal boundary, facade, room, campus, streetworks area or works extent.:1","representation":"planning and built evidence grid cell","timing_note":"Filtered by event effective year. OSM mapped-visibility dates and administrative dates can differ from real-world physical change dates.","caveat":"Planning cells are derived from source-backed event locations; they are not parcel boundaries unless source geometry is separately present.","generated_from":"web/data/city-atlas/cities/belfast/events_2024.json","lifecycle_status":"demolished","status":"source_record","cell_size_m":95,"intensity":0.289,"label":"14 Knockdhu Park side-extension and coal-store demolition approval was recorded"},"geometry":{"type":"Polygon","coordinates":[[[-5.9999359,54.5768445],[-5.9984628,54.5768445],[-5.9984628,54.5777036],[-5.9999359,54.5777036],[-5.9999359,54.5768445]]]}},{"type":"Feature","properties":{"id":"lens-detail-belfast-2024-planning_cell-158","layer":"planning_cell","category":"built_environment","year":2024,"visible_year":2024,"title":"1 source-backed planning and built record","confidence":"documented","confidence_mix":"documented:1","event_count":1,"source_count":1,"source_ids":"dfi-planning-statistics-2024-25-round538","event_ids":"bfs_arch_round538_lansdowne_park_rear_wall_extension_approval_2024","event_ids_all":"bfs_arch_round538_lansdowne_park_rear_wall_extension_approval_2024","source_urls":"https://www.infrastructure-ni.gov.uk/publications/northern-ireland-planning-statistics-april-2024-march-2025","geometry_precision_mix":"Application/site navigation point from official planning-statistics row; not a surveyed footprint, legal boundary, facade, room, campus, streetworks area or works extent.:1","representation":"planning and built evidence grid cell","timing_note":"Filtered by event effective year. OSM mapped-visibility dates and administrative dates can differ from real-world physical change dates.","caveat":"Planning cells are derived from source-backed event locations; they are not parcel boundaries unless source geometry is separately present.","generated_from":"web/data/city-atlas/cities/belfast/events_2024.json","lifecycle_status":"demolished","status":"source_record","cell_size_m":95,"intensity":0.289,"label":"51 Lansdowne Park rear-wall demolition and extension approval was recorded"},"geometry":{"type":"Polygon","coordinates":[[[-5.9292271,54.6335486],[-5.927754,54.6335486],[-5.927754,54.6344077],[-5.9292271,54.6344077],[-5.9292271,54.6335486]]]}},{"type":"Feature","properties":{"id":"lens-detail-belfast-2024-planning_cell-159","layer":"planning_cell","category":"built_environment","year":2024,"visible_year":2024,"title":"1 source-backed planning and built record","confidence":"documented","confidence_mix":"documented:1","event_count":1,"source_count":1,"source_ids":"dfi-planning-statistics-2024-25-round538","event_ids":"bfs_arch_round538_lansdowne_park_side_extension_demolition_approval_2024","event_ids_all":"bfs_arch_round538_lansdowne_park_side_extension_demolition_approval_2024","source_urls":"https://www.infrastructure-ni.gov.uk/publications/northern-ireland-planning-statistics-april-2024-march-2025","geometry_precision_mix":"Application/site navigation point from official planning-statistics row; not a surveyed footprint, legal boundary, facade, room, campus, streetworks area or works extent.:1","representation":"planning and built evidence grid cell","timing_note":"Filtered by event effective year. OSM mapped-visibility dates and administrative dates can differ from real-world physical change dates.","caveat":"Planning cells are derived from source-backed event locations; they are not parcel boundaries unless source geometry is separately present.","generated_from":"web/data/city-atlas/cities/belfast/events_2024.json","lifecycle_status":"permitted","status":"source_record","cell_size_m":95,"intensity":0.289,"label":"77 Lansdowne Park side-extension approval was recorded"},"geometry":{"type":"Polygon","coordinates":[[[-5.9292271,54.6344077],[-5.927754,54.6344077],[-5.927754,54.6352669],[-5.9292271,54.6352669],[-5.9292271,54.6344077]]]}},{"type":"Feature","properties":{"id":"lens-detail-belfast-2024-planning_cell-16","layer":"planning_cell","category":"built_environment","year":2024,"visible_year":2024,"title":"1 source-backed planning and built record","confidence":"documented","confidence_mix":"documented:1","event_count":1,"source_count":1,"source_ids":"dfi-planning-statistics-2024-25-round472","event_ids":"bfs_arch_round472_royal_avenue_cafe_serviced_apartments_approval_2024","event_ids_all":"bfs_arch_round472_royal_avenue_cafe_serviced_apartments_approval_2024","source_urls":"https://www.infrastructure-ni.gov.uk/publications/northern-ireland-planning-statistics-april-2024-march-2025","geometry_precision_mix":"Approximate application/site navigation point from official planning-statistics row; not a surveyed footprint, legal boundary, facade, room or works extent.:1","representation":"planning and built evidence grid cell","timing_note":"Filtered by event effective year. OSM mapped-visibility dates and administrative dates can differ from real-world physical change dates.","caveat":"Planning cells are derived from source-backed event locations; they are not parcel boundaries unless source geometry is separately present.","generated_from":"web/data/city-atlas/cities/belfast/events_2024.json","lifecycle_status":"permitted","status":"source_record","cell_size_m":95,"intensity":0.289,"label":"58-66 Royal Avenue cafe and serviced-apartment conversion was approved"},"geometry":{"type":"Polygon","coordinates":[[[-5.9203885,54.6043374],[-5.9189154,54.6043374],[-5.9189154,54.6051965],[-5.9203885,54.6051965],[-5.9203885,54.6043374]]]}},{"type":"Feature","properties":{"id":"lens-detail-belfast-2024-planning_cell-160","layer":"planning_cell","category":"built_environment","year":2024,"visible_year":2024,"title":"1 source-backed planning and built record","confidence":"documented","confidence_mix":"documented:1","event_count":1,"source_count":1,"source_ids":"dfi-planning-statistics-2024-25-round538","event_ids":"bfs_arch_round538_malone_park_conservatory_demolition_consent_2024","event_ids_all":"bfs_arch_round538_malone_park_conservatory_demolition_consent_2024","source_urls":"https://www.infrastructure-ni.gov.uk/publications/northern-ireland-planning-statistics-april-2024-march-2025","geometry_precision_mix":"Application/site navigation point from official planning-statistics row; not a surveyed footprint, legal boundary, facade, room, campus, streetworks area or works extent.:1","representation":"planning and built evidence grid cell","timing_note":"Filtered by event effective year. OSM mapped-visibility dates and administrative dates can differ from real-world physical change dates.","caveat":"Planning cells are derived from source-backed event locations; they are not parcel boundaries unless source geometry is separately present.","generated_from":"web/data/city-atlas/cities/belfast/events_2024.json","lifecycle_status":"demolished","status":"source_record","cell_size_m":95,"intensity":0.289,"label":"49 Malone Park conservatory-demolition consent was recorded"},"geometry":{"type":"Polygon","coordinates":[[[-5.9542698,54.5639572],[-5.9527967,54.5639572],[-5.9527967,54.5648163],[-5.9542698,54.5648163],[-5.9542698,54.5639572]]]}},{"type":"Feature","properties":{"id":"lens-detail-belfast-2024-planning_cell-161","layer":"planning_cell","category":"built_environment","year":2024,"visible_year":2024,"title":"1 source-backed planning and built record","confidence":"documented","confidence_mix":"documented:1","event_count":1,"source_count":1,"source_ids":"dfi-planning-statistics-2024-25-round538","event_ids":"bfs_arch_round538_marlborough_park_central_demolition_alterations_consent_2024","event_ids_all":"bfs_arch_round538_marlborough_park_central_demolition_alterations_consent_2024","source_urls":"https://www.infrastructure-ni.gov.uk/publications/northern-ireland-planning-statistics-april-2024-march-2025","geometry_precision_mix":"Application/site navigation point from official planning-statistics row; not a surveyed footprint, legal boundary, facade, room, campus, streetworks area or works extent.:1","representation":"planning and built evidence grid cell","timing_note":"Filtered by event effective year. OSM mapped-visibility dates and administrative dates can differ from real-world physical change dates.","caveat":"Planning cells are derived from source-backed event locations; they are not parcel boundaries unless source geometry is separately present.","generated_from":"web/data/city-atlas/cities/belfast/events_2024.json","lifecycle_status":"demolished","status":"source_record","cell_size_m":95,"intensity":0.289,"label":"33 Marlborough Park Central partial-demolition consent was recorded"},"geometry":{"type":"Polygon","coordinates":[[[-5.9527967,54.574267],[-5.9513236,54.574267],[-5.9513236,54.5751262],[-5.9527967,54.5751262],[-5.9527967,54.574267]]]}},{"type":"Feature","properties":{"id":"lens-detail-belfast-2024-planning_cell-162","layer":"planning_cell","category":"built_environment","year":2024,"visible_year":2024,"title":"1 source-backed planning and built record","confidence":"documented","confidence_mix":"documented:1","event_count":1,"source_count":1,"source_ids":"dfi-planning-statistics-2024-25-round538","event_ids":"bfs_arch_round538_mornington_four_dwellings_section54_approval_2024","event_ids_all":"bfs_arch_round538_mornington_four_dwellings_section54_approval_2024","source_urls":"https://www.infrastructure-ni.gov.uk/publications/northern-ireland-planning-statistics-april-2024-march-2025","geometry_precision_mix":"Application/site navigation point from official planning-statistics row; not a surveyed footprint, legal boundary, facade, room, campus, streetworks area or works extent.:1","representation":"planning and built evidence grid cell","timing_note":"Filtered by event effective year. OSM mapped-visibility dates and administrative dates can differ from real-world physical change dates.","caveat":"Planning cells are derived from source-backed event locations; they are not parcel boundaries unless source geometry is separately present.","generated_from":"web/data/city-atlas/cities/belfast/events_2024.json","lifecycle_status":"permitted","status":"source_record","cell_size_m":95,"intensity":0.289,"label":"Mornington four-dwelling Section 54 approval was recorded"},"geometry":{"type":"Polygon","coordinates":[[[-5.9233347,54.5673938],[-5.9218616,54.5673938],[-5.9218616,54.5682529],[-5.9233347,54.5682529],[-5.9233347,54.5673938]]]}},{"type":"Feature","properties":{"id":"lens-detail-belfast-2024-planning_cell-163","layer":"planning_cell","category":"built_environment","year":2024,"visible_year":2024,"title":"1 source-backed planning and built record","confidence":"documented","confidence_mix":"documented:1","event_count":1,"source_count":1,"source_ids":"dfi-planning-statistics-2024-25-round538","event_ids":"bfs_arch_round538_ormiston_crescent_conservatory_extension_approval_2024","event_ids_all":"bfs_arch_round538_ormiston_crescent_conservatory_extension_approval_2024","source_urls":"https://www.infrastructure-ni.gov.uk/publications/northern-ireland-planning-statistics-april-2024-march-2025","geometry_precision_mix":"Application/site navigation point from official planning-statistics row; not a surveyed footprint, legal boundary, facade, room, campus, streetworks area or works extent.:1","representation":"planning and built evidence grid cell","timing_note":"Filtered by event effective year. OSM mapped-visibility dates and administrative dates can differ from real-world physical change dates.","caveat":"Planning cells are derived from source-backed event locations; they are not parcel boundaries unless source geometry is separately present.","generated_from":"web/data/city-atlas/cities/belfast/events_2024.json","lifecycle_status":"demolished","status":"source_record","cell_size_m":95,"intensity":0.289,"label":"50 Ormiston Crescent conservatory-demolition and extension approval was recorded"},"geometry":{"type":"Polygon","coordinates":[[[-5.8599914,54.596605],[-5.8585183,54.596605],[-5.8585183,54.5974641],[-5.8599914,54.5974641],[-5.8599914,54.596605]]]}},{"type":"Feature","properties":{"id":"lens-detail-belfast-2024-planning_cell-164","layer":"planning_cell","category":"built_environment","year":2024,"visible_year":2024,"title":"1 source-backed planning and built record","confidence":"documented","confidence_mix":"documented:1","event_count":1,"source_count":1,"source_ids":"dfi-planning-statistics-2024-25-round538","event_ids":"bfs_arch_round538_park_road_side_rear_extension_approval_2024","event_ids_all":"bfs_arch_round538_park_road_side_rear_extension_approval_2024","source_urls":"https://www.infrastructure-ni.gov.uk/publications/northern-ireland-planning-statistics-april-2024-march-2025","geometry_precision_mix":"Application/site navigation point from official planning-statistics row; not a surveyed footprint, legal boundary, facade, room, campus, streetworks area or works extent.:1","representation":"planning and built evidence grid cell","timing_note":"Filtered by event effective year. OSM mapped-visibility dates and administrative dates can differ from real-world physical change dates.","caveat":"Planning cells are derived from source-backed event locations; they are not parcel boundaries unless source geometry is separately present.","generated_from":"web/data/city-atlas/cities/belfast/events_2024.json","lifecycle_status":"permitted","status":"source_record","cell_size_m":95,"intensity":0.289,"label":"49 Park Road side and rear extension approval was recorded"},"geometry":{"type":"Polygon","coordinates":[[[-5.9144961,54.5794219],[-5.913023,54.5794219],[-5.913023,54.5802811],[-5.9144961,54.5802811],[-5.9144961,54.5794219]]]}},{"type":"Feature","properties":{"id":"lens-detail-belfast-2024-planning_cell-165","layer":"planning_cell","category":"built_environment","year":2024,"visible_year":2024,"title":"1 source-backed planning and built record","confidence":"documented","confidence_mix":"documented:1","event_count":1,"source_count":1,"source_ids":"dfi-planning-statistics-2024-25-round538","event_ids":"bfs_arch_round538_queensberry_park_rear_side_extension_approval_2024","event_ids_all":"bfs_arch_round538_queensberry_park_rear_side_extension_approval_2024","source_urls":"https://www.infrastructure-ni.gov.uk/publications/northern-ireland-planning-statistics-april-2024-march-2025","geometry_precision_mix":"Application/site navigation point from official planning-statistics row; not a surveyed footprint, legal boundary, facade, room, campus, streetworks area or works extent.:1","representation":"planning and built evidence grid cell","timing_note":"Filtered by event effective year. OSM mapped-visibility dates and administrative dates can differ from real-world physical change dates.","caveat":"Planning cells are derived from source-backed event locations; they are not parcel boundaries unless source geometry is separately present.","generated_from":"web/data/city-atlas/cities/belfast/events_2024.json","lifecycle_status":"demolished","status":"source_record","cell_size_m":95,"intensity":0.289,"label":"24 Queensberry Park rear/side extension and garage-demolition approval was recorded"},"geometry":{"type":"Polygon","coordinates":[[[-5.9100768,54.5691121],[-5.9086037,54.5691121],[-5.9086037,54.5699712],[-5.9100768,54.5699712],[-5.9100768,54.5691121]]]}},{"type":"Feature","properties":{"id":"lens-detail-belfast-2024-planning_cell-166","layer":"planning_cell","category":"built_environment","year":2024,"visible_year":2024,"title":"1 source-backed planning and built record","confidence":"documented","confidence_mix":"documented:1","event_count":1,"source_count":1,"source_ids":"dfi-planning-statistics-2024-25-round538","event_ids":"bfs_arch_round538_ravenhill_park_two_storey_extension_approval_2024","event_ids_all":"bfs_arch_round538_ravenhill_park_two_storey_extension_approval_2024","source_urls":"https://www.infrastructure-ni.gov.uk/publications/northern-ireland-planning-statistics-april-2024-march-2025","geometry_precision_mix":"Application/site navigation point from official planning-statistics row; not a surveyed footprint, legal boundary, facade, room, campus, streetworks area or works extent.:1","representation":"planning and built evidence grid cell","timing_note":"Filtered by event effective year. OSM mapped-visibility dates and administrative dates can differ from real-world physical change dates.","caveat":"Planning cells are derived from source-backed event locations; they are not parcel boundaries unless source geometry is separately present.","generated_from":"web/data/city-atlas/cities/belfast/events_2024.json","lifecycle_status":"permitted","status":"source_record","cell_size_m":95,"intensity":0.289,"label":"67 Ravenhill Park two-storey rear-extension approval was recorded"},"geometry":{"type":"Polygon","coordinates":[[[-5.9056575,54.5777036],[-5.9041844,54.5777036],[-5.9041844,54.5785628],[-5.9056575,54.5785628],[-5.9056575,54.5777036]]]}},{"type":"Feature","properties":{"id":"lens-detail-belfast-2024-planning_cell-167","layer":"planning_cell","category":"built_environment","year":2024,"visible_year":2024,"title":"1 source-backed planning and built record","confidence":"documented","confidence_mix":"documented:1","event_count":1,"source_count":1,"source_ids":"dfi-planning-statistics-2024-25-round538","event_ids":"bfs_arch_round538_sunninghill_drive_rear_extension_approval_2024","event_ids_all":"bfs_arch_round538_sunninghill_drive_rear_extension_approval_2024","source_urls":"https://www.infrastructure-ni.gov.uk/publications/northern-ireland-planning-statistics-april-2024-march-2025","geometry_precision_mix":"Application/site navigation point from official planning-statistics row; not a surveyed footprint, legal boundary, facade, room, campus, streetworks area or works extent.:1","representation":"planning and built evidence grid cell","timing_note":"Filtered by event effective year. OSM mapped-visibility dates and administrative dates can differ from real-world physical change dates.","caveat":"Planning cells are derived from source-backed event locations; they are not parcel boundaries unless source geometry is separately present.","generated_from":"web/data/city-atlas/cities/belfast/events_2024.json","lifecycle_status":"permitted","status":"source_record","cell_size_m":95,"intensity":0.289,"label":"17 Sunninghill Drive rear-extension approval was recorded"},"geometry":{"type":"Polygon","coordinates":[[[-5.957216,54.6292528],[-5.9557429,54.6292528],[-5.9557429,54.630112],[-5.957216,54.630112],[-5.957216,54.6292528]]]}},{"type":"Feature","properties":{"id":"lens-detail-belfast-2024-planning_cell-168","layer":"planning_cell","category":"built_environment","year":2024,"visible_year":2024,"title":"1 source-backed planning and built record","confidence":"documented","confidence_mix":"documented:1","event_count":1,"source_count":1,"source_ids":"dfi-planning-statistics-2024-25-round544","event_ids":"bfs_arch_round544_aberfoyle_front_rear_extensions_approval_2024","event_ids_all":"bfs_arch_round544_aberfoyle_front_rear_extensions_approval_2024","source_urls":"https://www.infrastructure-ni.gov.uk/publications/northern-ireland-planning-statistics-april-2024-march-2025","geometry_precision_mix":"Application/site navigation point from official planning-statistics row; not a surveyed footprint, legal boundary, facade, room, campus, streetworks area or works extent.:1","representation":"planning and built evidence grid cell","timing_note":"Filtered by event effective year. OSM mapped-visibility dates and administrative dates can differ from real-world physical change dates.","caveat":"Planning cells are derived from source-backed event locations; they are not parcel boundaries unless source geometry is separately present.","generated_from":"web/data/city-atlas/cities/belfast/events_2024.json","lifecycle_status":"permitted","status":"source_record","cell_size_m":95,"intensity":0.289,"label":"4 Aberfoyle Park front and rear extension approval was recorded"},"geometry":{"type":"Polygon","coordinates":[[[-5.9822587,54.5502107],[-5.9807856,54.5502107],[-5.9807856,54.5510699],[-5.9822587,54.5510699],[-5.9822587,54.5502107]]]}},{"type":"Feature","properties":{"id":"lens-detail-belfast-2024-planning_cell-169","layer":"planning_cell","category":"built_environment","year":2024,"visible_year":2024,"title":"1 source-backed planning and built record","confidence":"documented","confidence_mix":"documented:1","event_count":1,"source_count":1,"source_ids":"dfi-planning-statistics-2024-25-round544","event_ids":"bfs_arch_round544_antrim_road_detached_dwelling_approval_2024","event_ids_all":"bfs_arch_round544_antrim_road_detached_dwelling_approval_2024","source_urls":"https://www.infrastructure-ni.gov.uk/publications/northern-ireland-planning-statistics-april-2024-march-2025","geometry_precision_mix":"Application/site navigation point from official planning-statistics row; not a surveyed footprint, legal boundary, facade, room, campus, streetworks area or works extent.:1","representation":"planning and built evidence grid cell","timing_note":"Filtered by event effective year. OSM mapped-visibility dates and administrative dates can differ from real-world physical change dates.","caveat":"Planning cells are derived from source-backed event locations; they are not parcel boundaries unless source geometry is separately present.","generated_from":"web/data/city-atlas/cities/belfast/events_2024.json","lifecycle_status":"permitted","status":"source_record","cell_size_m":95,"intensity":0.289,"label":"737a Antrim Road detached-dwelling approval was recorded"},"geometry":{"type":"Polygon","coordinates":[[[-5.9351195,54.641281],[-5.9336464,54.641281],[-5.9336464,54.6421401],[-5.9351195,54.6421401],[-5.9351195,54.641281]]]}},{"type":"Feature","properties":{"id":"lens-detail-belfast-2024-planning_cell-17","layer":"planning_cell","category":"built_environment","year":2024,"visible_year":2024,"title":"1 source-backed planning and built record","confidence":"documented","confidence_mix":"documented:1","event_count":1,"source_count":1,"source_ids":"dfi-planning-statistics-2024-25-round472","event_ids":"bfs_arch_round472_rugby_road_listed_internal_works_approval_2024","event_ids_all":"bfs_arch_round472_rugby_road_listed_internal_works_approval_2024","source_urls":"https://www.infrastructure-ni.gov.uk/publications/northern-ireland-planning-statistics-april-2024-march-2025","geometry_precision_mix":"Approximate application/site navigation point from official planning-statistics row; not a surveyed footprint, legal boundary, facade, room or works extent.:1","representation":"planning and built evidence grid cell","timing_note":"Filtered by event effective year. OSM mapped-visibility dates and administrative dates can differ from real-world physical change dates.","caveat":"Planning cells are derived from source-backed event locations; they are not parcel boundaries unless source geometry is separately present.","generated_from":"web/data/city-atlas/cities/belfast/events_2024.json","lifecycle_status":"permitted","status":"source_record","cell_size_m":95,"intensity":0.289,"label":"45 Rugby Road listed-building internal and fenestration works were approved"},"geometry":{"type":"Polygon","coordinates":[[[-5.9174423,54.585436],[-5.9159692,54.585436],[-5.9159692,54.5862952],[-5.9174423,54.5862952],[-5.9174423,54.585436]]]}},{"type":"Feature","properties":{"id":"lens-detail-belfast-2024-planning_cell-170","layer":"planning_cell","category":"built_environment","year":2024,"visible_year":2024,"title":"1 source-backed planning and built record","confidence":"documented","confidence_mix":"documented:1","event_count":1,"source_count":1,"source_ids":"dfi-planning-statistics-2024-25-round544","event_ids":"bfs_arch_round544_bristow_drive_first_floor_rear_side_extension_approval_2024","event_ids_all":"bfs_arch_round544_bristow_drive_first_floor_rear_side_extension_approval_2024","source_urls":"https://www.infrastructure-ni.gov.uk/publications/northern-ireland-planning-statistics-april-2024-march-2025","geometry_precision_mix":"Application/site navigation point from official planning-statistics row; not a surveyed footprint, legal boundary, facade, room, campus, streetworks area or works extent.:1","representation":"planning and built evidence grid cell","timing_note":"Filtered by event effective year. OSM mapped-visibility dates and administrative dates can differ from real-world physical change dates.","caveat":"Planning cells are derived from source-backed event locations; they are not parcel boundaries unless source geometry is separately present.","generated_from":"web/data/city-atlas/cities/belfast/events_2024.json","lifecycle_status":"permitted","status":"source_record","cell_size_m":95,"intensity":0.289,"label":"1 Bristow Drive first-floor rear and side extension approval was recorded"},"geometry":{"type":"Polygon","coordinates":[[[-5.8334756,54.5828585],[-5.8320025,54.5828585],[-5.8320025,54.5837177],[-5.8334756,54.5837177],[-5.8334756,54.5828585]]]}},{"type":"Feature","properties":{"id":"lens-detail-belfast-2024-planning_cell-171","layer":"planning_cell","category":"built_environment","year":2024,"visible_year":2024,"title":"1 source-backed planning and built record","confidence":"documented","confidence_mix":"documented:1","event_count":1,"source_count":1,"source_ids":"dfi-planning-statistics-2024-25-round544","event_ids":"bfs_arch_round544_castlereagh_road_two_storey_side_rear_extension_approval_2024","event_ids_all":"bfs_arch_round544_castlereagh_road_two_storey_side_rear_extension_approval_2024","source_urls":"https://www.infrastructure-ni.gov.uk/publications/northern-ireland-planning-statistics-april-2024-march-2025","geometry_precision_mix":"Application/site navigation point from official planning-statistics row; not a surveyed footprint, legal boundary, facade, room, campus, streetworks area or works extent.:1","representation":"planning and built evidence grid cell","timing_note":"Filtered by event effective year. OSM mapped-visibility dates and administrative dates can differ from real-world physical change dates.","caveat":"Planning cells are derived from source-backed event locations; they are not parcel boundaries unless source geometry is separately present.","generated_from":"web/data/city-atlas/cities/belfast/events_2024.json","lifecycle_status":"permitted","status":"source_record","cell_size_m":95,"intensity":0.289,"label":"300 Castlereagh Road two-storey side/rear extension approval was recorded"},"geometry":{"type":"Polygon","coordinates":[[[-5.8879803,54.5837177],[-5.8865072,54.5837177],[-5.8865072,54.5845768],[-5.8879803,54.5845768],[-5.8879803,54.5837177]]]}},{"type":"Feature","properties":{"id":"lens-detail-belfast-2024-planning_cell-172","layer":"planning_cell","category":"built_environment","year":2024,"visible_year":2024,"title":"1 source-backed planning and built record","confidence":"documented","confidence_mix":"documented:1","event_count":1,"source_count":1,"source_ids":"dfi-planning-statistics-2024-25-round544","event_ids":"bfs_arch_round544_college_square_north_switchroom_cycle_stands_approval_2024","event_ids_all":"bfs_arch_round544_college_square_north_switchroom_cycle_stands_approval_2024","source_urls":"https://www.infrastructure-ni.gov.uk/publications/northern-ireland-planning-statistics-april-2024-march-2025","geometry_precision_mix":"Application/site navigation point from official planning-statistics row; not a surveyed footprint, legal boundary, facade, room, campus, streetworks area or works extent.:1","representation":"planning and built evidence grid cell","timing_note":"Filtered by event effective year. OSM mapped-visibility dates and administrative dates can differ from real-world physical change dates.","caveat":"Planning cells are derived from source-backed event locations; they are not parcel boundaries unless source geometry is separately present.","generated_from":"web/data/city-atlas/cities/belfast/events_2024.json","lifecycle_status":"permitted","status":"source_record","cell_size_m":95,"intensity":0.289,"label":"College Square North switchroom and cycle-stands approval was recorded"},"geometry":{"type":"Polygon","coordinates":[[[-5.9380657,54.5974641],[-5.9365926,54.5974641],[-5.9365926,54.5983233],[-5.9380657,54.5983233],[-5.9380657,54.5974641]]]}},{"type":"Feature","properties":{"id":"lens-detail-belfast-2024-planning_cell-173","layer":"planning_cell","category":"built_environment","year":2024,"visible_year":2024,"title":"1 source-backed planning and built record","confidence":"documented","confidence_mix":"documented:1","event_count":1,"source_count":1,"source_ids":"dfi-planning-statistics-2024-25-round544","event_ids":"bfs_arch_round544_crumlin_road_side_rear_extension_approval_2024","event_ids_all":"bfs_arch_round544_crumlin_road_side_rear_extension_approval_2024","source_urls":"https://www.infrastructure-ni.gov.uk/publications/northern-ireland-planning-statistics-april-2024-march-2025","geometry_precision_mix":"Application/site navigation point from official planning-statistics row; not a surveyed footprint, legal boundary, facade, room, campus, streetworks area or works extent.:1","representation":"planning and built evidence grid cell","timing_note":"Filtered by event effective year. OSM mapped-visibility dates and administrative dates can differ from real-world physical change dates.","caveat":"Planning cells are derived from source-backed event locations; they are not parcel boundaries unless source geometry is separately present.","generated_from":"web/data/city-atlas/cities/belfast/events_2024.json","lifecycle_status":"permitted","status":"source_record","cell_size_m":95,"intensity":0.289,"label":"126 Crumlin Road side/rear extension approval was recorded"},"geometry":{"type":"Polygon","coordinates":[[[-5.9469043,54.6086331],[-5.9454312,54.6086331],[-5.9454312,54.6094923],[-5.9469043,54.6094923],[-5.9469043,54.6086331]]]}},{"type":"Feature","properties":{"id":"lens-detail-belfast-2024-planning_cell-174","layer":"planning_cell","category":"built_environment","year":2024,"visible_year":2024,"title":"1 source-backed planning and built record","confidence":"documented","confidence_mix":"documented:1","event_count":1,"source_count":1,"source_ids":"dfi-planning-statistics-2024-25-round544","event_ids":"bfs_arch_round544_dunlambert_drive_two_storey_side_rear_extension_approval_2024","event_ids_all":"bfs_arch_round544_dunlambert_drive_two_storey_side_rear_extension_approval_2024","source_urls":"https://www.infrastructure-ni.gov.uk/publications/northern-ireland-planning-statistics-april-2024-march-2025","geometry_precision_mix":"Application/site navigation point from official planning-statistics row; not a surveyed footprint, legal boundary, facade, room, campus, streetworks area or works extent.:1","representation":"planning and built evidence grid cell","timing_note":"Filtered by event effective year. OSM mapped-visibility dates and administrative dates can differ from real-world physical change dates.","caveat":"Planning cells are derived from source-backed event locations; they are not parcel boundaries unless source geometry is separately present.","generated_from":"web/data/city-atlas/cities/belfast/events_2024.json","lifecycle_status":"permitted","status":"source_record","cell_size_m":95,"intensity":0.289,"label":"89 Dunlambert Drive two-storey side/rear extension approval was recorded"},"geometry":{"type":"Polygon","coordinates":[[[-5.927754,54.6266753],[-5.9262809,54.6266753],[-5.9262809,54.6275345],[-5.927754,54.6275345],[-5.927754,54.6266753]]]}},{"type":"Feature","properties":{"id":"lens-detail-belfast-2024-planning_cell-175","layer":"planning_cell","category":"built_environment","year":2024,"visible_year":2024,"title":"1 source-backed planning and built record","confidence":"documented","confidence_mix":"documented:1","event_count":1,"source_count":1,"source_ids":"dfi-planning-statistics-2024-25-round544","event_ids":"bfs_arch_round544_fruithill_park_two_storey_side_rear_extension_approval_2024","event_ids_all":"bfs_arch_round544_fruithill_park_two_storey_side_rear_extension_approval_2024","source_urls":"https://www.infrastructure-ni.gov.uk/publications/northern-ireland-planning-statistics-april-2024-march-2025","geometry_precision_mix":"Application/site navigation point from official planning-statistics row; not a surveyed footprint, legal boundary, facade, room, campus, streetworks area or works extent.:1","representation":"planning and built evidence grid cell","timing_note":"Filtered by event effective year. OSM mapped-visibility dates and administrative dates can differ from real-world physical change dates.","caveat":"Planning cells are derived from source-backed event locations; they are not parcel boundaries unless source geometry is separately present.","generated_from":"web/data/city-atlas/cities/belfast/events_2024.json","lifecycle_status":"permitted","status":"source_record","cell_size_m":95,"intensity":0.289,"label":"39 Fruithill Park two-storey side/rear extension approval was recorded"},"geometry":{"type":"Polygon","coordinates":[[[-5.9852049,54.5777036],[-5.9837318,54.5777036],[-5.9837318,54.5785628],[-5.9852049,54.5785628],[-5.9852049,54.5777036]]]}},{"type":"Feature","properties":{"id":"lens-detail-belfast-2024-planning_cell-176","layer":"planning_cell","category":"built_environment","year":2024,"visible_year":2024,"title":"1 source-backed planning and built record","confidence":"documented","confidence_mix":"documented:1","event_count":1,"source_count":1,"source_ids":"dfi-planning-statistics-2024-25-round544","event_ids":"bfs_arch_round544_glencregagh_drive_rear_extension_storage_patio_approval_2024","event_ids_all":"bfs_arch_round544_glencregagh_drive_rear_extension_storage_patio_approval_2024","source_urls":"https://www.infrastructure-ni.gov.uk/publications/northern-ireland-planning-statistics-april-2024-march-2025","geometry_precision_mix":"Application/site navigation point from official planning-statistics row; not a surveyed footprint, legal boundary, facade, room, campus, streetworks area or works extent.:1","representation":"planning and built evidence grid cell","timing_note":"Filtered by event effective year. OSM mapped-visibility dates and administrative dates can differ from real-world physical change dates.","caveat":"Planning cells are derived from source-backed event locations; they are not parcel boundaries unless source geometry is separately present.","generated_from":"web/data/city-atlas/cities/belfast/events_2024.json","lifecycle_status":"permitted","status":"source_record","cell_size_m":95,"intensity":0.289,"label":"28 Glencregagh Drive rear-extension, storage and patio approval was recorded"},"geometry":{"type":"Polygon","coordinates":[[[-5.9012382,54.5648163],[-5.8997651,54.5648163],[-5.8997651,54.5656755],[-5.9012382,54.5656755],[-5.9012382,54.5648163]]]}},{"type":"Feature","properties":{"id":"lens-detail-belfast-2024-planning_cell-177","layer":"planning_cell","category":"built_environment","year":2024,"visible_year":2024,"title":"1 source-backed planning and built record","confidence":"documented","confidence_mix":"documented:1","event_count":1,"source_count":1,"source_ids":"dfi-planning-statistics-2024-25-round544","event_ids":"bfs_arch_round544_glengoland_gardens_two_storey_rear_extension_approval_2024","event_ids_all":"bfs_arch_round544_glengoland_gardens_two_storey_rear_extension_approval_2024","source_urls":"https://www.infrastructure-ni.gov.uk/publications/northern-ireland-planning-statistics-april-2024-march-2025","geometry_precision_mix":"Application/site navigation point from official planning-statistics row; not a surveyed footprint, legal boundary, facade, room, campus, streetworks area or works extent.:1","representation":"planning and built evidence grid cell","timing_note":"Filtered by event effective year. OSM mapped-visibility dates and administrative dates can differ from real-world physical change dates.","caveat":"Planning cells are derived from source-backed event locations; they are not parcel boundaries unless source geometry is separately present.","generated_from":"web/data/city-atlas/cities/belfast/events_2024.json","lifecycle_status":"permitted","status":"source_record","cell_size_m":95,"intensity":0.289,"label":"30 Glengoland Gardens two-storey rear-extension approval was recorded"},"geometry":{"type":"Polygon","coordinates":[[[-6.0190862,54.5673938],[-6.0176131,54.5673938],[-6.0176131,54.5682529],[-6.0190862,54.5682529],[-6.0190862,54.5673938]]]}},{"type":"Feature","properties":{"id":"lens-detail-belfast-2024-planning_cell-178","layer":"planning_cell","category":"built_environment","year":2024,"visible_year":2024,"title":"1 source-backed planning and built record","confidence":"documented","confidence_mix":"documented:1","event_count":1,"source_count":1,"source_ids":"dfi-planning-statistics-2024-25-round544","event_ids":"bfs_arch_round544_glenhill_park_two_storey_rear_side_extension_approval_2024","event_ids_all":"bfs_arch_round544_glenhill_park_two_storey_rear_side_extension_approval_2024","source_urls":"https://www.infrastructure-ni.gov.uk/publications/northern-ireland-planning-statistics-april-2024-march-2025","geometry_precision_mix":"Application/site navigation point from official planning-statistics row; not a surveyed footprint, legal boundary, facade, room, campus, streetworks area or works extent.:1","representation":"planning and built evidence grid cell","timing_note":"Filtered by event effective year. OSM mapped-visibility dates and administrative dates can differ from real-world physical change dates.","caveat":"Planning cells are derived from source-backed event locations; they are not parcel boundaries unless source geometry is separately present.","generated_from":"web/data/city-atlas/cities/belfast/events_2024.json","lifecycle_status":"permitted","status":"source_record","cell_size_m":95,"intensity":0.289,"label":"19 Glenhill Park two-storey rear/side extension approval was recorded"},"geometry":{"type":"Polygon","coordinates":[[[-5.9896242,54.5794219],[-5.9881511,54.5794219],[-5.9881511,54.5802811],[-5.9896242,54.5802811],[-5.9896242,54.5794219]]]}},{"type":"Feature","properties":{"id":"lens-detail-belfast-2024-planning_cell-179","layer":"planning_cell","category":"built_environment","year":2024,"visible_year":2024,"title":"1 source-backed planning and built record","confidence":"documented","confidence_mix":"documented:1","event_count":1,"source_count":1,"source_ids":"dfi-planning-statistics-2024-25-round544","event_ids":"bfs_arch_round544_gransha_gardens_side_rear_extension_approval_2024","event_ids_all":"bfs_arch_round544_gransha_gardens_side_rear_extension_approval_2024","source_urls":"https://www.infrastructure-ni.gov.uk/publications/northern-ireland-planning-statistics-april-2024-march-2025","geometry_precision_mix":"Application/site navigation point from official planning-statistics row; not a surveyed footprint, legal boundary, facade, room, campus, streetworks area or works extent.:1","representation":"planning and built evidence grid cell","timing_note":"Filtered by event effective year. OSM mapped-visibility dates and administrative dates can differ from real-world physical change dates.","caveat":"Planning cells are derived from source-backed event locations; they are not parcel boundaries unless source geometry is separately present.","generated_from":"web/data/city-atlas/cities/belfast/events_2024.json","lifecycle_status":"permitted","status":"source_record","cell_size_m":95,"intensity":0.289,"label":"4 Gransha Gardens side/rear extension approval was recorded"},"geometry":{"type":"Polygon","coordinates":[[[-5.986678,54.5837177],[-5.9852049,54.5837177],[-5.9852049,54.5845768],[-5.986678,54.5845768],[-5.986678,54.5837177]]]}},{"type":"Feature","properties":{"id":"lens-detail-belfast-2024-planning_cell-18","layer":"planning_cell","category":"built_environment","year":2024,"visible_year":2024,"title":"1 source-backed planning and built record","confidence":"documented","confidence_mix":"documented:1","event_count":1,"source_count":1,"source_ids":"dfi-planning-statistics-2024-25-round472","event_ids":"bfs_arch_round472_thompsons_garage_redevelopment_approval_2024","event_ids_all":"bfs_arch_round472_thompsons_garage_redevelopment_approval_2024","source_urls":"https://www.infrastructure-ni.gov.uk/publications/northern-ireland-planning-statistics-april-2024-march-2025","geometry_precision_mix":"Approximate application/site navigation point from official planning-statistics row; not a surveyed footprint, legal boundary, facade, room or works extent.:1","representation":"planning and built evidence grid cell","timing_note":"Filtered by event effective year. OSM mapped-visibility dates and administrative dates can differ from real-world physical change dates.","caveat":"Planning cells are derived from source-backed event locations; they are not parcel boundaries unless source geometry is separately present.","generated_from":"web/data/city-atlas/cities/belfast/events_2024.json","lifecycle_status":"permitted","status":"source_record","cell_size_m":95,"intensity":0.289,"label":"Thompsons Garage extension and Upper Arthur Street redevelopment were approved"},"geometry":{"type":"Polygon","coordinates":[[[-5.9159692,54.6000416],[-5.9144961,54.6000416],[-5.9144961,54.6009008],[-5.9159692,54.6009008],[-5.9159692,54.6000416]]]}},{"type":"Feature","properties":{"id":"lens-detail-belfast-2024-planning_cell-180","layer":"planning_cell","category":"built_environment","year":2024,"visible_year":2024,"title":"1 source-backed planning and built record","confidence":"documented","confidence_mix":"documented:1","event_count":1,"source_count":1,"source_ids":"dfi-planning-statistics-2024-25-round544","event_ids":"bfs_arch_round544_katrine_park_rear_side_extensions_approval_2024","event_ids_all":"bfs_arch_round544_katrine_park_rear_side_extensions_approval_2024","source_urls":"https://www.infrastructure-ni.gov.uk/publications/northern-ireland-planning-statistics-april-2024-march-2025","geometry_precision_mix":"Application/site navigation point from official planning-statistics row; not a surveyed footprint, legal boundary, facade, room, campus, streetworks area or works extent.:1","representation":"planning and built evidence grid cell","timing_note":"Filtered by event effective year. OSM mapped-visibility dates and administrative dates can differ from real-world physical change dates.","caveat":"Planning cells are derived from source-backed event locations; they are not parcel boundaries unless source geometry is separately present.","generated_from":"web/data/city-atlas/cities/belfast/events_2024.json","lifecycle_status":"permitted","status":"source_record","cell_size_m":95,"intensity":0.289,"label":"45 Katrine Park rear and side extension approval was recorded"},"geometry":{"type":"Polygon","coordinates":[[[-5.9822587,54.5527882],[-5.9807856,54.5527882],[-5.9807856,54.5536473],[-5.9822587,54.5536473],[-5.9822587,54.5527882]]]}},{"type":"Feature","properties":{"id":"lens-detail-belfast-2024-planning_cell-181","layer":"planning_cell","category":"built_environment","year":2024,"visible_year":2024,"title":"1 source-backed planning and built record","confidence":"documented","confidence_mix":"documented:1","event_count":1,"source_count":1,"source_ids":"dfi-planning-statistics-2024-25-round544","event_ids":"bfs_arch_round544_knockbracken_park_side_rear_extension_approval_2024","event_ids_all":"bfs_arch_round544_knockbracken_park_side_rear_extension_approval_2024","source_urls":"https://www.infrastructure-ni.gov.uk/publications/northern-ireland-planning-statistics-april-2024-march-2025","geometry_precision_mix":"Application/site navigation point from official planning-statistics row; not a surveyed footprint, legal boundary, facade, room, campus, streetworks area or works extent.:1","representation":"planning and built evidence grid cell","timing_note":"Filtered by event effective year. OSM mapped-visibility dates and administrative dates can differ from real-world physical change dates.","caveat":"Planning cells are derived from source-backed event locations; they are not parcel boundaries unless source geometry is separately present.","generated_from":"web/data/city-atlas/cities/belfast/events_2024.json","lifecycle_status":"permitted","status":"source_record","cell_size_m":95,"intensity":0.289,"label":"16 Knockbracken Park side/rear extension approval was recorded"},"geometry":{"type":"Polygon","coordinates":[[[-5.9100768,54.5673938],[-5.9086037,54.5673938],[-5.9086037,54.5682529],[-5.9100768,54.5682529],[-5.9100768,54.5673938]]]}},{"type":"Feature","properties":{"id":"lens-detail-belfast-2024-planning_cell-182","layer":"planning_cell","category":"built_environment","year":2024,"visible_year":2024,"title":"1 source-backed planning and built record","confidence":"documented","confidence_mix":"documented:1","event_count":1,"source_count":1,"source_ids":"dfi-planning-statistics-2024-25-round544","event_ids":"bfs_arch_round544_lismoyne_park_two_storey_rear_extension_approval_2024","event_ids_all":"bfs_arch_round544_lismoyne_park_two_storey_rear_extension_approval_2024","source_urls":"https://www.infrastructure-ni.gov.uk/publications/northern-ireland-planning-statistics-april-2024-march-2025","geometry_precision_mix":"Application/site navigation point from official planning-statistics row; not a surveyed footprint, legal boundary, facade, room, campus, streetworks area or works extent.:1","representation":"planning and built evidence grid cell","timing_note":"Filtered by event effective year. OSM mapped-visibility dates and administrative dates can differ from real-world physical change dates.","caveat":"Planning cells are derived from source-backed event locations; they are not parcel boundaries unless source geometry is separately present.","generated_from":"web/data/city-atlas/cities/belfast/events_2024.json","lifecycle_status":"permitted","status":"source_record","cell_size_m":95,"intensity":0.289,"label":"41 Lismoyne Park two-storey rear-extension approval was recorded"},"geometry":{"type":"Polygon","coordinates":[[[-5.9454312,54.6352669],[-5.9439581,54.6352669],[-5.9439581,54.636126],[-5.9454312,54.636126],[-5.9454312,54.6352669]]]}},{"type":"Feature","properties":{"id":"lens-detail-belfast-2024-planning_cell-184","layer":"planning_cell","category":"built_environment","year":2024,"visible_year":2024,"title":"1 source-backed planning and built record","confidence":"documented","confidence_mix":"documented:1","event_count":1,"source_count":1,"source_ids":"dfi-planning-statistics-2024-25-round544","event_ids":"bfs_arch_round544_merok_gardens_garage_removed_rear_side_extension_approval_2024","event_ids_all":"bfs_arch_round544_merok_gardens_garage_removed_rear_side_extension_approval_2024","source_urls":"https://www.infrastructure-ni.gov.uk/publications/northern-ireland-planning-statistics-april-2024-march-2025","geometry_precision_mix":"Application/site navigation point from official planning-statistics row; not a surveyed footprint, legal boundary, facade, room, campus, streetworks area or works extent.:1","representation":"planning and built evidence grid cell","timing_note":"Filtered by event effective year. OSM mapped-visibility dates and administrative dates can differ from real-world physical change dates.","caveat":"Planning cells are derived from source-backed event locations; they are not parcel boundaries unless source geometry is separately present.","generated_from":"web/data/city-atlas/cities/belfast/events_2024.json","lifecycle_status":"permitted","status":"source_record","cell_size_m":95,"intensity":0.289,"label":"9 Merok Gardens garage-removal and rear/side extension approval was recorded"},"geometry":{"type":"Polygon","coordinates":[[[-5.8879803,54.5751262],[-5.8865072,54.5751262],[-5.8865072,54.5759853],[-5.8879803,54.5759853],[-5.8879803,54.5751262]]]}},{"type":"Feature","properties":{"id":"lens-detail-belfast-2024-planning_cell-185","layer":"planning_cell","category":"built_environment","year":2024,"visible_year":2024,"title":"1 source-backed planning and built record","confidence":"documented","confidence_mix":"documented:1","event_count":1,"source_count":1,"source_ids":"dfi-planning-statistics-2024-25-round544","event_ids":"bfs_arch_round544_mountainview_gardens_two_storey_rear_side_extension_approval_2024","event_ids_all":"bfs_arch_round544_mountainview_gardens_two_storey_rear_side_extension_approval_2024","source_urls":"https://www.infrastructure-ni.gov.uk/publications/northern-ireland-planning-statistics-april-2024-march-2025","geometry_precision_mix":"Application/site navigation point from official planning-statistics row; not a surveyed footprint, legal boundary, facade, room, campus, streetworks area or works extent.:1","representation":"planning and built evidence grid cell","timing_note":"Filtered by event effective year. OSM mapped-visibility dates and administrative dates can differ from real-world physical change dates.","caveat":"Planning cells are derived from source-backed event locations; they are not parcel boundaries unless source geometry is separately present.","generated_from":"web/data/city-atlas/cities/belfast/events_2024.json","lifecycle_status":"permitted","status":"source_record","cell_size_m":95,"intensity":0.289,"label":"21 Mountainview Gardens two-storey rear/side extension approval was recorded"},"geometry":{"type":"Polygon","coordinates":[[[-5.9675277,54.6137881],[-5.9660546,54.6137881],[-5.9660546,54.6146472],[-5.9675277,54.6146472],[-5.9675277,54.6137881]]]}},{"type":"Feature","properties":{"id":"lens-detail-belfast-2024-planning_cell-186","layer":"planning_cell","category":"built_environment","year":2024,"visible_year":2024,"title":"1 source-backed planning and built record","confidence":"documented","confidence_mix":"documented:1","event_count":1,"source_count":1,"source_ids":"dfi-planning-statistics-2024-25-round544","event_ids":"bfs_arch_round544_orangefield_avenue_side_extension_approval_2024","event_ids_all":"bfs_arch_round544_orangefield_avenue_side_extension_approval_2024","source_urls":"https://www.infrastructure-ni.gov.uk/publications/northern-ireland-planning-statistics-april-2024-march-2025","geometry_precision_mix":"Application/site navigation point from official planning-statistics row; not a surveyed footprint, legal boundary, facade, room, campus, streetworks area or works extent.:1","representation":"planning and built evidence grid cell","timing_note":"Filtered by event effective year. OSM mapped-visibility dates and administrative dates can differ from real-world physical change dates.","caveat":"Planning cells are derived from source-backed event locations; they are not parcel boundaries unless source geometry is separately present.","generated_from":"web/data/city-atlas/cities/belfast/events_2024.json","lifecycle_status":"permitted","status":"source_record","cell_size_m":95,"intensity":0.289,"label":"63 Orangefield Avenue side-extension approval was recorded"},"geometry":{"type":"Polygon","coordinates":[[[-5.8747224,54.5897318],[-5.8732493,54.5897318],[-5.8732493,54.5905909],[-5.8747224,54.5905909],[-5.8747224,54.5897318]]]}},{"type":"Feature","properties":{"id":"lens-detail-belfast-2024-planning_cell-187","layer":"planning_cell","category":"built_environment","year":2024,"visible_year":2024,"title":"1 source-backed planning and built record","confidence":"documented","confidence_mix":"documented:1","event_count":1,"source_count":1,"source_ids":"dfi-planning-statistics-2024-25-round544","event_ids":"bfs_arch_round544_piney_lane_rear_side_extension_elevational_changes_approval_2024","event_ids_all":"bfs_arch_round544_piney_lane_rear_side_extension_elevational_changes_approval_2024","source_urls":"https://www.infrastructure-ni.gov.uk/publications/northern-ireland-planning-statistics-april-2024-march-2025","geometry_precision_mix":"Application/site navigation point from official planning-statistics row; not a surveyed footprint, legal boundary, facade, room, campus, streetworks area or works extent.:1","representation":"planning and built evidence grid cell","timing_note":"Filtered by event effective year. OSM mapped-visibility dates and administrative dates can differ from real-world physical change dates.","caveat":"Planning cells are derived from source-backed event locations; they are not parcel boundaries unless source geometry is separately present.","generated_from":"web/data/city-atlas/cities/belfast/events_2024.json","lifecycle_status":"permitted","status":"source_record","cell_size_m":95,"intensity":0.289,"label":"5 Piney Lane rear/side extension and elevational-changes approval was recorded"},"geometry":{"type":"Polygon","coordinates":[[[-5.9513236,54.5596614],[-5.9498505,54.5596614],[-5.9498505,54.5605206],[-5.9513236,54.5605206],[-5.9513236,54.5596614]]]}},{"type":"Feature","properties":{"id":"lens-detail-belfast-2024-planning_cell-188","layer":"planning_cell","category":"built_environment","year":2024,"visible_year":2024,"title":"1 source-backed planning and built record","confidence":"documented","confidence_mix":"documented:1","event_count":1,"source_count":1,"source_ids":"dfi-planning-statistics-2024-25-round544","event_ids":"bfs_arch_round544_ravenhill_park_rear_garage_approval_2024","event_ids_all":"bfs_arch_round544_ravenhill_park_rear_garage_approval_2024","source_urls":"https://www.infrastructure-ni.gov.uk/publications/northern-ireland-planning-statistics-april-2024-march-2025","geometry_precision_mix":"Application/site navigation point from official planning-statistics row; not a surveyed footprint, legal boundary, facade, room, campus, streetworks area or works extent.:1","representation":"planning and built evidence grid cell","timing_note":"Filtered by event effective year. OSM mapped-visibility dates and administrative dates can differ from real-world physical change dates.","caveat":"Planning cells are derived from source-backed event locations; they are not parcel boundaries unless source geometry is separately present.","generated_from":"web/data/city-atlas/cities/belfast/events_2024.json","lifecycle_status":"permitted","status":"source_record","cell_size_m":95,"intensity":0.289,"label":"24 Ravenhill Park rear-garage approval was recorded"},"geometry":{"type":"Polygon","coordinates":[[[-5.9100768,54.5794219],[-5.9086037,54.5794219],[-5.9086037,54.5802811],[-5.9100768,54.5802811],[-5.9100768,54.5794219]]]}},{"type":"Feature","properties":{"id":"lens-detail-belfast-2024-planning_cell-189","layer":"planning_cell","category":"built_environment","year":2024,"visible_year":2024,"title":"1 source-backed planning and built record","confidence":"documented","confidence_mix":"documented:1","event_count":1,"source_count":1,"source_ids":"dfi-planning-statistics-2024-25-round544","event_ids":"bfs_arch_round544_roddens_crescent_two_storey_rear_side_extension_approval_2024","event_ids_all":"bfs_arch_round544_roddens_crescent_two_storey_rear_side_extension_approval_2024","source_urls":"https://www.infrastructure-ni.gov.uk/publications/northern-ireland-planning-statistics-april-2024-march-2025","geometry_precision_mix":"Application/site navigation point from official planning-statistics row; not a surveyed footprint, legal boundary, facade, room, campus, streetworks area or works extent.:1","representation":"planning and built evidence grid cell","timing_note":"Filtered by event effective year. OSM mapped-visibility dates and administrative dates can differ from real-world physical change dates.","caveat":"Planning cells are derived from source-backed event locations; they are not parcel boundaries unless source geometry is separately present.","generated_from":"web/data/city-atlas/cities/belfast/events_2024.json","lifecycle_status":"permitted","status":"source_record","cell_size_m":95,"intensity":0.289,"label":"19 Roddens Crescent two-storey rear/side extension approval was recorded"},"geometry":{"type":"Polygon","coordinates":[[[-5.86883,54.5794219],[-5.8673569,54.5794219],[-5.8673569,54.5802811],[-5.86883,54.5802811],[-5.86883,54.5794219]]]}},{"type":"Feature","properties":{"id":"lens-detail-belfast-2024-planning_cell-19","layer":"planning_cell","category":"built_environment","year":2024,"visible_year":2024,"title":"1 source-backed planning and built record","confidence":"documented","confidence_mix":"documented:1","event_count":1,"source_count":1,"source_ids":"dfi-planning-statistics-2024-25-round472","event_ids":"bfs_arch_round472_university_street_guesthouse_extension_approval_2024","event_ids_all":"bfs_arch_round472_university_street_guesthouse_extension_approval_2024","source_urls":"https://www.infrastructure-ni.gov.uk/publications/northern-ireland-planning-statistics-april-2024-march-2025","geometry_precision_mix":"Approximate application/site navigation point from official planning-statistics row; not a surveyed footprint, legal boundary, facade, room or works extent.:1","representation":"planning and built evidence grid cell","timing_note":"Filtered by event effective year. OSM mapped-visibility dates and administrative dates can differ from real-world physical change dates.","caveat":"Planning cells are derived from source-backed event locations; they are not parcel boundaries unless source geometry is separately present.","generated_from":"web/data/city-atlas/cities/belfast/events_2024.json","lifecycle_status":"permitted","status":"source_record","cell_size_m":95,"intensity":0.289,"label":"139 University Street office-to-guesthouse conversion was approved"},"geometry":{"type":"Polygon","coordinates":[[[-5.913023,54.5888726],[-5.9115499,54.5888726],[-5.9115499,54.5897318],[-5.913023,54.5897318],[-5.913023,54.5888726]]]}},{"type":"Feature","properties":{"id":"lens-detail-belfast-2024-planning_cell-190","layer":"planning_cell","category":"built_environment","year":2024,"visible_year":2024,"title":"1 source-backed planning and built record","confidence":"documented","confidence_mix":"documented:1","event_count":1,"source_count":1,"source_ids":"dfi-planning-statistics-2024-25-round544","event_ids":"bfs_arch_round544_sandford_avenue_side_rear_extension_terrace_approval_2024","event_ids_all":"bfs_arch_round544_sandford_avenue_side_rear_extension_terrace_approval_2024","source_urls":"https://www.infrastructure-ni.gov.uk/publications/northern-ireland-planning-statistics-april-2024-march-2025","geometry_precision_mix":"Application/site navigation point from official planning-statistics row; not a surveyed footprint, legal boundary, facade, room, campus, streetworks area or works extent.:1","representation":"planning and built evidence grid cell","timing_note":"Filtered by event effective year. OSM mapped-visibility dates and administrative dates can differ from real-world physical change dates.","caveat":"Planning cells are derived from source-backed event locations; they are not parcel boundaries unless source geometry is separately present.","generated_from":"web/data/city-atlas/cities/belfast/events_2024.json","lifecycle_status":"permitted","status":"source_record","cell_size_m":95,"intensity":0.289,"label":"19 Sandford Avenue side/rear extension and terrace approval was recorded"},"geometry":{"type":"Polygon","coordinates":[[[-5.8820879,54.5940275],[-5.8806148,54.5940275],[-5.8806148,54.5948867],[-5.8820879,54.5948867],[-5.8820879,54.5940275]]]}},{"type":"Feature","properties":{"id":"lens-detail-belfast-2024-planning_cell-191","layer":"planning_cell","category":"built_environment","year":2024,"visible_year":2024,"title":"1 source-backed planning and built record","confidence":"documented","confidence_mix":"documented:1","event_count":1,"source_count":1,"source_ids":"dfi-planning-statistics-2024-25-round544","event_ids":"bfs_arch_round544_tower_court_rear_extension_approval_2024","event_ids_all":"bfs_arch_round544_tower_court_rear_extension_approval_2024","source_urls":"https://www.infrastructure-ni.gov.uk/publications/northern-ireland-planning-statistics-april-2024-march-2025","geometry_precision_mix":"Application/site navigation point from official planning-statistics row; not a surveyed footprint, legal boundary, facade, room, campus, streetworks area or works extent.:1","representation":"planning and built evidence grid cell","timing_note":"Filtered by event effective year. OSM mapped-visibility dates and administrative dates can differ from real-world physical change dates.","caveat":"Planning cells are derived from source-backed event locations; they are not parcel boundaries unless source geometry is separately present.","generated_from":"web/data/city-atlas/cities/belfast/events_2024.json","lifecycle_status":"permitted","status":"source_record","cell_size_m":95,"intensity":0.289,"label":"14 Tower Court rear-extension approval was recorded"},"geometry":{"type":"Polygon","coordinates":[[[-5.9041844,54.5983233],[-5.9027113,54.5983233],[-5.9027113,54.5991824],[-5.9041844,54.5991824],[-5.9041844,54.5983233]]]}},{"type":"Feature","properties":{"id":"lens-detail-belfast-2024-planning_cell-192","layer":"planning_cell","category":"built_environment","year":2024,"visible_year":2024,"title":"1 source-backed planning and built record","confidence":"documented","confidence_mix":"documented:1","event_count":1,"source_count":1,"source_ids":"dfi-planning-statistics-2024-25-round544","event_ids":"bfs_arch_round544_tweskard_park_side_extension_approval_2024","event_ids_all":"bfs_arch_round544_tweskard_park_side_extension_approval_2024","source_urls":"https://www.infrastructure-ni.gov.uk/publications/northern-ireland-planning-statistics-april-2024-march-2025","geometry_precision_mix":"Application/site navigation point from official planning-statistics row; not a surveyed footprint, legal boundary, facade, room, campus, streetworks area or works extent.:1","representation":"planning and built evidence grid cell","timing_note":"Filtered by event effective year. OSM mapped-visibility dates and administrative dates can differ from real-world physical change dates.","caveat":"Planning cells are derived from source-backed event locations; they are not parcel boundaries unless source geometry is separately present.","generated_from":"web/data/city-atlas/cities/belfast/events_2024.json","lifecycle_status":"permitted","status":"source_record","cell_size_m":95,"intensity":0.289,"label":"7 Tweskard Park side-extension approval was recorded"},"geometry":{"type":"Polygon","coordinates":[[[-5.8467335,54.6043374],[-5.8452604,54.6043374],[-5.8452604,54.6051965],[-5.8467335,54.6051965],[-5.8467335,54.6043374]]]}},{"type":"Feature","properties":{"id":"lens-detail-belfast-2024-planning_cell-193","layer":"planning_cell","category":"built_environment","year":2024,"visible_year":2024,"title":"1 source-backed planning and built record","confidence":"documented","confidence_mix":"documented:1","event_count":1,"source_count":1,"source_ids":"dfi-planning-statistics-2024-25-round544","event_ids":"bfs_arch_round544_upper_newtownards_road_rear_extension_approval_2024","event_ids_all":"bfs_arch_round544_upper_newtownards_road_rear_extension_approval_2024","source_urls":"https://www.infrastructure-ni.gov.uk/publications/northern-ireland-planning-statistics-april-2024-march-2025","geometry_precision_mix":"Application/site navigation point from official planning-statistics row; not a surveyed footprint, legal boundary, facade, room, campus, streetworks area or works extent.:1","representation":"planning and built evidence grid cell","timing_note":"Filtered by event effective year. OSM mapped-visibility dates and administrative dates can differ from real-world physical change dates.","caveat":"Planning cells are derived from source-backed event locations; they are not parcel boundaries unless source geometry is separately present.","generated_from":"web/data/city-atlas/cities/belfast/events_2024.json","lifecycle_status":"permitted","status":"source_record","cell_size_m":95,"intensity":0.289,"label":"549 Upper Newtownards Road rear-extension approval was recorded"},"geometry":{"type":"Polygon","coordinates":[[[-5.8437873,54.5940275],[-5.8423142,54.5940275],[-5.8423142,54.5948867],[-5.8437873,54.5948867],[-5.8437873,54.5940275]]]}},{"type":"Feature","properties":{"id":"lens-detail-belfast-2024-planning_cell-195","layer":"planning_cell","category":"built_environment","year":2024,"visible_year":2024,"title":"1 source-backed planning and built record","confidence":"documented","confidence_mix":"documented:1","event_count":1,"source_count":1,"source_ids":"dfi-planning-statistics-2024-25-round544","event_ids":"bfs_arch_round544_willesden_park_two_storey_rear_side_extension_approval_2024","event_ids_all":"bfs_arch_round544_willesden_park_two_storey_rear_side_extension_approval_2024","source_urls":"https://www.infrastructure-ni.gov.uk/publications/northern-ireland-planning-statistics-april-2024-march-2025","geometry_precision_mix":"Application/site navigation point from official planning-statistics row; not a surveyed footprint, legal boundary, facade, room, campus, streetworks area or works extent.:1","representation":"planning and built evidence grid cell","timing_note":"Filtered by event effective year. OSM mapped-visibility dates and administrative dates can differ from real-world physical change dates.","caveat":"Planning cells are derived from source-backed event locations; they are not parcel boundaries unless source geometry is separately present.","generated_from":"web/data/city-atlas/cities/belfast/events_2024.json","lifecycle_status":"permitted","status":"source_record","cell_size_m":95,"intensity":0.289,"label":"1 Willesden Park two-storey rear/side extension approval was recorded"},"geometry":{"type":"Polygon","coordinates":[[[-5.9336464,54.5699712],[-5.9321733,54.5699712],[-5.9321733,54.5708304],[-5.9336464,54.5708304],[-5.9336464,54.5699712]]]}},{"type":"Feature","properties":{"id":"lens-detail-belfast-2024-planning_cell-196","layer":"planning_cell","category":"built_environment","year":2024,"visible_year":2024,"title":"1 source-backed planning and built record","confidence":"documented","confidence_mix":"documented:1","event_count":1,"source_count":1,"source_ids":"dfi-planning-statistics-2024-25-round544","event_ids":"bfs_arch_round544_wynchurch_avenue_two_storey_extension_approval_2024","event_ids_all":"bfs_arch_round544_wynchurch_avenue_two_storey_extension_approval_2024","source_urls":"https://www.infrastructure-ni.gov.uk/publications/northern-ireland-planning-statistics-april-2024-march-2025","geometry_precision_mix":"Application/site navigation point from official planning-statistics row; not a surveyed footprint, legal boundary, facade, room, campus, streetworks area or works extent.:1","representation":"planning and built evidence grid cell","timing_note":"Filtered by event effective year. OSM mapped-visibility dates and administrative dates can differ from real-world physical change dates.","caveat":"Planning cells are derived from source-backed event locations; they are not parcel boundaries unless source geometry is separately present.","generated_from":"web/data/city-atlas/cities/belfast/events_2024.json","lifecycle_status":"permitted","status":"source_record","cell_size_m":95,"intensity":0.289,"label":"28 Wynchurch Avenue two-storey extension approval was recorded"},"geometry":{"type":"Polygon","coordinates":[[[-5.9027113,54.5682529],[-5.9012382,54.5682529],[-5.9012382,54.5691121],[-5.9027113,54.5691121],[-5.9027113,54.5682529]]]}},{"type":"Feature","properties":{"id":"lens-detail-belfast-2024-planning_cell-198","layer":"planning_cell","category":"built_environment","year":2024,"visible_year":2024,"title":"1 source-backed planning and built record","confidence":"documented","confidence_mix":"documented:1","event_count":1,"source_count":1,"source_ids":"dfi-planning-statistics-2024-25-round554","event_ids":"bfs_arch_round554_114_ashmount_park_2024_0076_f_approval_2024","event_ids_all":"bfs_arch_round554_114_ashmount_park_2024_0076_f_approval_2024","source_urls":"https://www.infrastructure-ni.gov.uk/publications/northern-ireland-planning-statistics-april-2024-march-2025","geometry_precision_mix":"Application/site navigation point from official planning-statistics row; not a surveyed footprint, legal boundary, facade, room, campus, streetworks area or works extent.:1","representation":"planning and built evidence grid cell","timing_note":"Filtered by event effective year. OSM mapped-visibility dates and administrative dates can differ from real-world physical change dates.","caveat":"Planning cells are derived from source-backed event locations; they are not parcel boundaries unless source geometry is separately present.","generated_from":"web/data/city-atlas/cities/belfast/events_2024.json","lifecycle_status":"permitted","status":"source_record","cell_size_m":95,"intensity":0.289,"label":"114 Ashmount Park single storey rear extension. level access to front & side. additional site works approval was recorded"},"geometry":{"type":"Polygon","coordinates":[[[-5.8658838,54.6060557],[-5.8644107,54.6060557],[-5.8644107,54.6069148],[-5.8658838,54.6069148],[-5.8658838,54.6060557]]]}},{"type":"Feature","properties":{"id":"lens-detail-belfast-2024-planning_cell-199","layer":"planning_cell","category":"built_environment","year":2024,"visible_year":2024,"title":"1 source-backed planning and built record","confidence":"documented","confidence_mix":"documented:1","event_count":1,"source_count":1,"source_ids":"dfi-planning-statistics-2024-25-round554","event_ids":"bfs_arch_round554_12_ballynahatty_road_ballynahatty_2023_4291_f_approval_2024","event_ids_all":"bfs_arch_round554_12_ballynahatty_road_ballynahatty_2023_4291_f_approval_2024","source_urls":"https://www.infrastructure-ni.gov.uk/publications/northern-ireland-planning-statistics-april-2024-march-2025","geometry_precision_mix":"Application/site navigation point from official planning-statistics row; not a surveyed footprint, legal boundary, facade, room, campus, streetworks area or works extent.:1","representation":"planning and built evidence grid cell","timing_note":"Filtered by event effective year. OSM mapped-visibility dates and administrative dates can differ from real-world physical change dates.","caveat":"Planning cells are derived from source-backed event locations; they are not parcel boundaries unless source geometry is separately present.","generated_from":"web/data/city-atlas/cities/belfast/events_2024.json","lifecycle_status":"permitted","status":"source_record","cell_size_m":95,"intensity":0.289,"label":"12 BALLYNAHATTY ROAD BALLYNAHATTY erection of single storey side extensions to both sides, single storey rear extension and..."},"geometry":{"type":"Polygon","coordinates":[[[-5.9469043,54.5424783],[-5.9454312,54.5424783],[-5.9454312,54.5433375],[-5.9469043,54.5433375],[-5.9469043,54.5424783]]]}},{"type":"Feature","properties":{"id":"lens-detail-belfast-2024-planning_cell-20","layer":"planning_cell","category":"built_environment","year":2024,"visible_year":2024,"title":"1 source-backed planning and built record","confidence":"documented","confidence_mix":"documented:1","event_count":1,"source_count":1,"source_ids":"dfi-planning-statistics-2024-25-round472","event_ids":"bfs_arch_round472_wellington_place_shopfront_fitout_approval_2024","event_ids_all":"bfs_arch_round472_wellington_place_shopfront_fitout_approval_2024","source_urls":"https://www.infrastructure-ni.gov.uk/publications/northern-ireland-planning-statistics-april-2024-march-2025","geometry_precision_mix":"Approximate application/site navigation point from official planning-statistics row; not a surveyed footprint, legal boundary, facade, room or works extent.:1","representation":"planning and built evidence grid cell","timing_note":"Filtered by event effective year. OSM mapped-visibility dates and administrative dates can differ from real-world physical change dates.","caveat":"Planning cells are derived from source-backed event locations; they are not parcel boundaries unless source geometry is separately present.","generated_from":"web/data/city-atlas/cities/belfast/events_2024.json","lifecycle_status":"permitted","status":"source_record","cell_size_m":95,"intensity":0.289,"label":"6 Wellington Place shopfront and fit-out approval was recorded"},"geometry":{"type":"Polygon","coordinates":[[[-5.9203885,54.6000416],[-5.9189154,54.6000416],[-5.9189154,54.6009008],[-5.9203885,54.6009008],[-5.9203885,54.6000416]]]}},{"type":"Feature","properties":{"id":"lens-detail-belfast-2024-planning_cell-200","layer":"planning_cell","category":"built_environment","year":2024,"visible_year":2024,"title":"1 source-backed planning and built record","confidence":"documented","confidence_mix":"documented:1","event_count":1,"source_count":1,"source_ids":"dfi-planning-statistics-2024-25-round554","event_ids":"bfs_arch_round554_123_north_queen_street_skegoneill_2023_4532_f_approval_2024","event_ids_all":"bfs_arch_round554_123_north_queen_street_skegoneill_2023_4532_f_approval_2024","source_urls":"https://www.infrastructure-ni.gov.uk/publications/northern-ireland-planning-statistics-april-2024-march-2025","geometry_precision_mix":"Application/site navigation point from official planning-statistics row; not a surveyed footprint, legal boundary, facade, room, campus, streetworks area or works extent.:1","representation":"planning and built evidence grid cell","timing_note":"Filtered by event effective year. OSM mapped-visibility dates and administrative dates can differ from real-world physical change dates.","caveat":"Planning cells are derived from source-backed event locations; they are not parcel boundaries unless source geometry is separately present.","generated_from":"web/data/city-atlas/cities/belfast/events_2024.json","lifecycle_status":"permitted","status":"source_record","cell_size_m":95,"intensity":0.289,"label":"123 North Queen Street, Skegoneill single storey rear extension approval was recorded"},"geometry":{"type":"Polygon","coordinates":[[[-5.9307002,54.607774],[-5.9292271,54.607774],[-5.9292271,54.6086331],[-5.9307002,54.6086331],[-5.9307002,54.607774]]]}},{"type":"Feature","properties":{"id":"lens-detail-belfast-2024-planning_cell-201","layer":"planning_cell","category":"built_environment","year":2024,"visible_year":2024,"title":"1 source-backed planning and built record","confidence":"documented","confidence_mix":"documented:1","event_count":1,"source_count":1,"source_ids":"dfi-planning-statistics-2024-25-round554","event_ids":"bfs_arch_round554_128_areema_drive_dunmurry_2024_0625_f_approval_2024","event_ids_all":"bfs_arch_round554_128_areema_drive_dunmurry_2024_0625_f_approval_2024","source_urls":"https://www.infrastructure-ni.gov.uk/publications/northern-ireland-planning-statistics-april-2024-march-2025","geometry_precision_mix":"Application/site navigation point from official planning-statistics row; not a surveyed footprint, legal boundary, facade, room, campus, streetworks area or works extent.:1","representation":"planning and built evidence grid cell","timing_note":"Filtered by event effective year. OSM mapped-visibility dates and administrative dates can differ from real-world physical change dates.","caveat":"Planning cells are derived from source-backed event locations; they are not parcel boundaries unless source geometry is separately present.","generated_from":"web/data/city-atlas/cities/belfast/events_2024.json","lifecycle_status":"permitted","status":"source_record","cell_size_m":95,"intensity":0.289,"label":"128 Areema Drive, Dunmurry single storey rear extension approval was recorded"},"geometry":{"type":"Polygon","coordinates":[[[-6.0146669,54.551929],[-6.0131938,54.551929],[-6.0131938,54.5527882],[-6.0146669,54.5527882],[-6.0146669,54.551929]]]}},{"type":"Feature","properties":{"id":"lens-detail-belfast-2024-planning_cell-202","layer":"planning_cell","category":"built_environment","year":2024,"visible_year":2024,"title":"1 source-backed planning and built record","confidence":"documented","confidence_mix":"documented:1","event_count":1,"source_count":1,"source_ids":"dfi-planning-statistics-2024-25-round554","event_ids":"bfs_arch_round554_16_orpen_park_finaghy_2024_0830_f_approval_2024","event_ids_all":"bfs_arch_round554_16_orpen_park_finaghy_2024_0830_f_approval_2024","source_urls":"https://www.infrastructure-ni.gov.uk/publications/northern-ireland-planning-statistics-april-2024-march-2025","geometry_precision_mix":"Application/site navigation point from official planning-statistics row; not a surveyed footprint, legal boundary, facade, room, campus, streetworks area or works extent.:1","representation":"planning and built evidence grid cell","timing_note":"Filtered by event effective year. OSM mapped-visibility dates and administrative dates can differ from real-world physical change dates.","caveat":"Planning cells are derived from source-backed event locations; they are not parcel boundaries unless source geometry is separately present.","generated_from":"web/data/city-atlas/cities/belfast/events_2024.json","lifecycle_status":"permitted","status":"source_record","cell_size_m":95,"intensity":0.289,"label":"16 Orpen Park, Finaghy proposed single storey side & rear extension approval was recorded"},"geometry":{"type":"Polygon","coordinates":[[[-5.9852049,54.5596614],[-5.9837318,54.5596614],[-5.9837318,54.5605206],[-5.9852049,54.5605206],[-5.9852049,54.5596614]]]}},{"type":"Feature","properties":{"id":"lens-detail-belfast-2024-planning_cell-203","layer":"planning_cell","category":"built_environment","year":2024,"visible_year":2024,"title":"1 source-backed planning and built record","confidence":"documented","confidence_mix":"documented:1","event_count":1,"source_count":1,"source_ids":"dfi-planning-statistics-2024-25-round554","event_ids":"bfs_arch_round554_195_sandown_road_2023_4052_f_approval_2024","event_ids_all":"bfs_arch_round554_195_sandown_road_2023_4052_f_approval_2024","source_urls":"https://www.infrastructure-ni.gov.uk/publications/northern-ireland-planning-statistics-april-2024-march-2025","geometry_precision_mix":"Application/site navigation point from official planning-statistics row; not a surveyed footprint, legal boundary, facade, room, campus, streetworks area or works extent.:1","representation":"planning and built evidence grid cell","timing_note":"Filtered by event effective year. OSM mapped-visibility dates and administrative dates can differ from real-world physical change dates.","caveat":"Planning cells are derived from source-backed event locations; they are not parcel boundaries unless source geometry is separately present.","generated_from":"web/data/city-atlas/cities/belfast/events_2024.json","lifecycle_status":"permitted","status":"source_record","cell_size_m":95,"intensity":0.289,"label":"195 Sandown Road two storey side and rear extension and single storey side extension (renewal of la04/2018/2008/f) approval was recorded"},"geometry":{"type":"Polygon","coordinates":[[[-5.8614645,54.5862952],[-5.8599914,54.5862952],[-5.8599914,54.5871543],[-5.8614645,54.5871543],[-5.8614645,54.5862952]]]}},{"type":"Feature","properties":{"id":"lens-detail-belfast-2024-planning_cell-204","layer":"planning_cell","category":"built_environment","year":2024,"visible_year":2024,"title":"1 source-backed planning and built record","confidence":"documented","confidence_mix":"documented:1","event_count":1,"source_count":1,"source_ids":"dfi-planning-statistics-2024-25-round554","event_ids":"bfs_arch_round554_2_barrington_gardens_2024_0945_f_approval_2024","event_ids_all":"bfs_arch_round554_2_barrington_gardens_2024_0945_f_approval_2024","source_urls":"https://www.infrastructure-ni.gov.uk/publications/northern-ireland-planning-statistics-april-2024-march-2025","geometry_precision_mix":"Application/site navigation point from official planning-statistics row; not a surveyed footprint, legal boundary, facade, room, campus, streetworks area or works extent.:1","representation":"planning and built evidence grid cell","timing_note":"Filtered by event effective year. OSM mapped-visibility dates and administrative dates can differ from real-world physical change dates.","caveat":"Planning cells are derived from source-backed event locations; they are not parcel boundaries unless source geometry is separately present.","generated_from":"web/data/city-atlas/cities/belfast/events_2024.json","lifecycle_status":"permitted","status":"source_record","cell_size_m":95,"intensity":0.289,"label":"2 Barrington Gardens first floor extension to be built above existing single storey rear return approval was recorded"},"geometry":{"type":"Polygon","coordinates":[[[-5.9454312,54.5888726],[-5.9439581,54.5888726],[-5.9439581,54.5897318],[-5.9454312,54.5897318],[-5.9454312,54.5888726]]]}},{"type":"Feature","properties":{"id":"lens-detail-belfast-2024-planning_cell-205","layer":"planning_cell","category":"built_environment","year":2024,"visible_year":2024,"title":"1 source-backed planning and built record","confidence":"documented","confidence_mix":"documented:1","event_count":1,"source_count":1,"source_ids":"dfi-planning-statistics-2024-25-round554","event_ids":"bfs_arch_round554_27_trench_park_2024_0919_f_approval_2024","event_ids_all":"bfs_arch_round554_27_trench_park_2024_0919_f_approval_2024","source_urls":"https://www.infrastructure-ni.gov.uk/publications/northern-ireland-planning-statistics-april-2024-march-2025","geometry_precision_mix":"Application/site navigation point from official planning-statistics row; not a surveyed footprint, legal boundary, facade, room, campus, streetworks area or works extent.:1","representation":"planning and built evidence grid cell","timing_note":"Filtered by event effective year. OSM mapped-visibility dates and administrative dates can differ from real-world physical change dates.","caveat":"Planning cells are derived from source-backed event locations; they are not parcel boundaries unless source geometry is separately present.","generated_from":"web/data/city-atlas/cities/belfast/events_2024.json","lifecycle_status":"permitted","status":"source_record","cell_size_m":95,"intensity":0.289,"label":"27 Trench Park single storey extension to rear and side of property with level access to side of property approval was recorded"},"geometry":{"type":"Polygon","coordinates":[[[-5.9955166,54.5682529],[-5.9940435,54.5682529],[-5.9940435,54.5691121],[-5.9955166,54.5691121],[-5.9955166,54.5682529]]]}},{"type":"Feature","properties":{"id":"lens-detail-belfast-2024-planning_cell-206","layer":"planning_cell","category":"built_environment","year":2024,"visible_year":2024,"title":"1 source-backed planning and built record","confidence":"documented","confidence_mix":"documented:1","event_count":1,"source_count":1,"source_ids":"dfi-planning-statistics-2024-25-round554","event_ids":"bfs_arch_round554_277_cavehill_road_2024_0641_f_approval_2024","event_ids_all":"bfs_arch_round554_277_cavehill_road_2024_0641_f_approval_2024","source_urls":"https://www.infrastructure-ni.gov.uk/publications/northern-ireland-planning-statistics-april-2024-march-2025","geometry_precision_mix":"Application/site navigation point from official planning-statistics row; not a surveyed footprint, legal boundary, facade, room, campus, streetworks area or works extent.:1","representation":"planning and built evidence grid cell","timing_note":"Filtered by event effective year. OSM mapped-visibility dates and administrative dates can differ from real-world physical change dates.","caveat":"Planning cells are derived from source-backed event locations; they are not parcel boundaries unless source geometry is separately present.","generated_from":"web/data/city-atlas/cities/belfast/events_2024.json","lifecycle_status":"permitted","status":"source_record","cell_size_m":95,"intensity":0.289,"label":"277 Cavehill Road proposed single storey extension to the rear of a detached dwelling approval was recorded"},"geometry":{"type":"Polygon","coordinates":[[[-5.9469043,54.6309711],[-5.9454312,54.6309711],[-5.9454312,54.6318303],[-5.9469043,54.6318303],[-5.9469043,54.6309711]]]}},{"type":"Feature","properties":{"id":"lens-detail-belfast-2024-planning_cell-207","layer":"planning_cell","category":"built_environment","year":2024,"visible_year":2024,"title":"1 source-backed planning and built record","confidence":"documented","confidence_mix":"documented:1","event_count":1,"source_count":1,"source_ids":"dfi-planning-statistics-2024-25-round554","event_ids":"bfs_arch_round554_346_castlereagh_road_2024_0443_f_approval_2024","event_ids_all":"bfs_arch_round554_346_castlereagh_road_2024_0443_f_approval_2024","source_urls":"https://www.infrastructure-ni.gov.uk/publications/northern-ireland-planning-statistics-april-2024-march-2025","geometry_precision_mix":"Application/site navigation point from official planning-statistics row; not a surveyed footprint, legal boundary, facade, room, campus, streetworks area or works extent.:1","representation":"planning and built evidence grid cell","timing_note":"Filtered by event effective year. OSM mapped-visibility dates and administrative dates can differ from real-world physical change dates.","caveat":"Planning cells are derived from source-backed event locations; they are not parcel boundaries unless source geometry is separately present.","generated_from":"web/data/city-atlas/cities/belfast/events_2024.json","lifecycle_status":"permitted","status":"source_record","cell_size_m":95,"intensity":0.289,"label":"346 Castlereagh Road single storey flat roof rear extension approval was recorded"},"geometry":{"type":"Polygon","coordinates":[[[-5.8865072,54.5828585],[-5.8850341,54.5828585],[-5.8850341,54.5837177],[-5.8865072,54.5837177],[-5.8865072,54.5828585]]]}},{"type":"Feature","properties":{"id":"lens-detail-belfast-2024-planning_cell-208","layer":"planning_cell","category":"built_environment","year":2024,"visible_year":2024,"title":"1 source-backed planning and built record","confidence":"documented","confidence_mix":"documented:1","event_count":1,"source_count":1,"source_ids":"dfi-planning-statistics-2024-25-round554","event_ids":"bfs_arch_round554_4_glen_manor_andersonstown_2024_0774_f_approval_2024","event_ids_all":"bfs_arch_round554_4_glen_manor_andersonstown_2024_0774_f_approval_2024","source_urls":"https://www.infrastructure-ni.gov.uk/publications/northern-ireland-planning-statistics-april-2024-march-2025","geometry_precision_mix":"Application/site navigation point from official planning-statistics row; not a surveyed footprint, legal boundary, facade, room, campus, streetworks area or works extent.:1","representation":"planning and built evidence grid cell","timing_note":"Filtered by event effective year. OSM mapped-visibility dates and administrative dates can differ from real-world physical change dates.","caveat":"Planning cells are derived from source-backed event locations; they are not parcel boundaries unless source geometry is separately present.","generated_from":"web/data/city-atlas/cities/belfast/events_2024.json","lifecycle_status":"permitted","status":"source_record","cell_size_m":95,"intensity":0.289,"label":"4 Glen Manor, Andersonstown single storey side extension approval was recorded"},"geometry":{"type":"Polygon","coordinates":[[[-5.9837318,54.5819994],[-5.9822587,54.5819994],[-5.9822587,54.5828585],[-5.9837318,54.5828585],[-5.9837318,54.5819994]]]}},{"type":"Feature","properties":{"id":"lens-detail-belfast-2024-planning_cell-209","layer":"planning_cell","category":"built_environment","year":2024,"visible_year":2024,"title":"1 source-backed planning and built record","confidence":"documented","confidence_mix":"documented:1","event_count":1,"source_count":1,"source_ids":"dfi-planning-statistics-2024-25-round554","event_ids":"bfs_arch_round554_4_springdale_gardens_2023_4454_f_approval_2024","event_ids_all":"bfs_arch_round554_4_springdale_gardens_2023_4454_f_approval_2024","source_urls":"https://www.infrastructure-ni.gov.uk/publications/northern-ireland-planning-statistics-april-2024-march-2025","geometry_precision_mix":"Application/site navigation point from official planning-statistics row; not a surveyed footprint, legal boundary, facade, room, campus, streetworks area or works extent.:1","representation":"planning and built evidence grid cell","timing_note":"Filtered by event effective year. OSM mapped-visibility dates and administrative dates can differ from real-world physical change dates.","caveat":"Planning cells are derived from source-backed event locations; they are not parcel boundaries unless source geometry is separately present.","generated_from":"web/data/city-atlas/cities/belfast/events_2024.json","lifecycle_status":"permitted","status":"source_record","cell_size_m":95,"intensity":0.289,"label":"4 Springdale Gardens single storey rear extension approval was recorded"},"geometry":{"type":"Polygon","coordinates":[[[-5.9704739,54.6009008],[-5.9690008,54.6009008],[-5.9690008,54.6017599],[-5.9704739,54.6017599],[-5.9704739,54.6009008]]]}},{"type":"Feature","properties":{"id":"lens-detail-belfast-2024-planning_cell-21","layer":"planning_cell","category":"built_environment","year":2024,"visible_year":2024,"title":"1 source-backed planning and built record","confidence":"documented","confidence_mix":"documented:1","event_count":1,"source_count":1,"source_ids":"dfi-planning-statistics-2024-25-round472","event_ids":"bfs_arch_round472_winecellar_entry_short_lets_approval_2024","event_ids_all":"bfs_arch_round472_winecellar_entry_short_lets_approval_2024","source_urls":"https://www.infrastructure-ni.gov.uk/publications/northern-ireland-planning-statistics-april-2024-march-2025","geometry_precision_mix":"Approximate application/site navigation point from official planning-statistics row; not a surveyed footprint, legal boundary, facade, room or works extent.:1","representation":"planning and built evidence grid cell","timing_note":"Filtered by event effective year. OSM mapped-visibility dates and administrative dates can differ from real-world physical change dates.","caveat":"Planning cells are derived from source-backed event locations; they are not parcel boundaries unless source geometry is separately present.","generated_from":"web/data/city-atlas/cities/belfast/events_2024.json","lifecycle_status":"permitted","status":"source_record","cell_size_m":95,"intensity":0.289,"label":"Winecellar Entry office-to-short-let conversion was approved"},"geometry":{"type":"Polygon","coordinates":[[[-5.9174423,54.6034782],[-5.9159692,54.6034782],[-5.9159692,54.6043374],[-5.9174423,54.6043374],[-5.9174423,54.6034782]]]}},{"type":"Feature","properties":{"id":"lens-detail-belfast-2024-planning_cell-210","layer":"planning_cell","category":"built_environment","year":2024,"visible_year":2024,"title":"1 source-backed planning and built record","confidence":"documented","confidence_mix":"documented:1","event_count":1,"source_count":1,"source_ids":"dfi-planning-statistics-2024-25-round554","event_ids":"bfs_arch_round554_45_mill_pond_glen_2024_0918_f_approval_2024","event_ids_all":"bfs_arch_round554_45_mill_pond_glen_2024_0918_f_approval_2024","source_urls":"https://www.infrastructure-ni.gov.uk/publications/northern-ireland-planning-statistics-april-2024-march-2025","geometry_precision_mix":"Application/site navigation point from official planning-statistics row; not a surveyed footprint, legal boundary, facade, room, campus, streetworks area or works extent.:1","representation":"planning and built evidence grid cell","timing_note":"Filtered by event effective year. OSM mapped-visibility dates and administrative dates can differ from real-world physical change dates.","caveat":"Planning cells are derived from source-backed event locations; they are not parcel boundaries unless source geometry is separately present.","generated_from":"web/data/city-atlas/cities/belfast/events_2024.json","lifecycle_status":"permitted","status":"source_record","cell_size_m":95,"intensity":0.289,"label":"45 Mill Pond Glen single storey rear extension approval was recorded"},"geometry":{"type":"Polygon","coordinates":[[[-6.0293979,54.5665346],[-6.0279248,54.5665346],[-6.0279248,54.5673938],[-6.0293979,54.5673938],[-6.0293979,54.5665346]]]}},{"type":"Feature","properties":{"id":"lens-detail-belfast-2024-planning_cell-211","layer":"planning_cell","category":"built_environment","year":2024,"visible_year":2024,"title":"1 source-backed planning and built record","confidence":"documented","confidence_mix":"documented:1","event_count":1,"source_count":1,"source_ids":"dfi-planning-statistics-2024-25-round554","event_ids":"bfs_arch_round554_5_trossachs_drive_2024_0773_f_approval_2024","event_ids_all":"bfs_arch_round554_5_trossachs_drive_2024_0773_f_approval_2024","source_urls":"https://www.infrastructure-ni.gov.uk/publications/northern-ireland-planning-statistics-april-2024-march-2025","geometry_precision_mix":"Application/site navigation point from official planning-statistics row; not a surveyed footprint, legal boundary, facade, room, campus, streetworks area or works extent.:1","representation":"planning and built evidence grid cell","timing_note":"Filtered by event effective year. OSM mapped-visibility dates and administrative dates can differ from real-world physical change dates.","caveat":"Planning cells are derived from source-backed event locations; they are not parcel boundaries unless source geometry is separately present.","generated_from":"web/data/city-atlas/cities/belfast/events_2024.json","lifecycle_status":"permitted","status":"source_record","cell_size_m":95,"intensity":0.289,"label":"5 Trossachs Drive single storey extension to side of dwelling approval was recorded"},"geometry":{"type":"Polygon","coordinates":[[[-5.9793125,54.5527882],[-5.9778394,54.5527882],[-5.9778394,54.5536473],[-5.9793125,54.5536473],[-5.9793125,54.5527882]]]}},{"type":"Feature","properties":{"id":"lens-detail-belfast-2024-planning_cell-212","layer":"planning_cell","category":"built_environment","year":2024,"visible_year":2024,"title":"1 source-backed planning and built record","confidence":"documented","confidence_mix":"documented:1","event_count":1,"source_count":1,"source_ids":"dfi-planning-statistics-2024-25-round554","event_ids":"bfs_arch_round554_54_upper_arthur_street_2024_0750_f_approval_2024","event_ids_all":"bfs_arch_round554_54_upper_arthur_street_2024_0750_f_approval_2024","source_urls":"https://www.infrastructure-ni.gov.uk/publications/northern-ireland-planning-statistics-april-2024-march-2025","geometry_precision_mix":"Application/site navigation point from official planning-statistics row; not a surveyed footprint, legal boundary, facade, room, campus, streetworks area or works extent.:1","representation":"planning and built evidence grid cell","timing_note":"Filtered by event effective year. OSM mapped-visibility dates and administrative dates can differ from real-world physical change dates.","caveat":"Planning cells are derived from source-backed event locations; they are not parcel boundaries unless source geometry is separately present.","generated_from":"web/data/city-atlas/cities/belfast/events_2024.json","lifecycle_status":"permitted","status":"source_record","cell_size_m":95,"intensity":0.289,"label":"54 Upper Arthur Street change of use to nail salon approval was recorded"},"geometry":{"type":"Polygon","coordinates":[[[-5.927754,54.596605],[-5.9262809,54.596605],[-5.9262809,54.5974641],[-5.927754,54.5974641],[-5.927754,54.596605]]]}},{"type":"Feature","properties":{"id":"lens-detail-belfast-2024-planning_cell-213","layer":"planning_cell","category":"built_environment","year":2024,"visible_year":2024,"title":"1 source-backed planning and built record","confidence":"documented","confidence_mix":"documented:1","event_count":1,"source_count":1,"source_ids":"dfi-planning-statistics-2024-25-round554","event_ids":"bfs_arch_round554_55_holland_drive_2024_0229_f_approval_2024","event_ids_all":"bfs_arch_round554_55_holland_drive_2024_0229_f_approval_2024","source_urls":"https://www.infrastructure-ni.gov.uk/publications/northern-ireland-planning-statistics-april-2024-march-2025","geometry_precision_mix":"Application/site navigation point from official planning-statistics row; not a surveyed footprint, legal boundary, facade, room, campus, streetworks area or works extent.:1","representation":"planning and built evidence grid cell","timing_note":"Filtered by event effective year. OSM mapped-visibility dates and administrative dates can differ from real-world physical change dates.","caveat":"Planning cells are derived from source-backed event locations; they are not parcel boundaries unless source geometry is separately present.","generated_from":"web/data/city-atlas/cities/belfast/events_2024.json","lifecycle_status":"permitted","status":"source_record","cell_size_m":95,"intensity":0.289,"label":"55 Holland Drive two storey rear and side extension approval was recorded"},"geometry":{"type":"Polygon","coordinates":[[[-5.8732493,54.5931684],[-5.8717762,54.5931684],[-5.8717762,54.5940275],[-5.8732493,54.5940275],[-5.8732493,54.5931684]]]}},{"type":"Feature","properties":{"id":"lens-detail-belfast-2024-planning_cell-214","layer":"planning_cell","category":"built_environment","year":2024,"visible_year":2024,"title":"1 source-backed planning and built record","confidence":"documented","confidence_mix":"documented:1","event_count":1,"source_count":1,"source_ids":"dfi-planning-statistics-2024-25-round554","event_ids":"bfs_arch_round554_6_beech_heights_2024_0829_f_approval_2024","event_ids_all":"bfs_arch_round554_6_beech_heights_2024_0829_f_approval_2024","source_urls":"https://www.infrastructure-ni.gov.uk/publications/northern-ireland-planning-statistics-april-2024-march-2025","geometry_precision_mix":"Application/site navigation point from official planning-statistics row; not a surveyed footprint, legal boundary, facade, room, campus, streetworks area or works extent.:1","representation":"planning and built evidence grid cell","timing_note":"Filtered by event effective year. OSM mapped-visibility dates and administrative dates can differ from real-world physical change dates.","caveat":"Planning cells are derived from source-backed event locations; they are not parcel boundaries unless source geometry is separately present.","generated_from":"web/data/city-atlas/cities/belfast/events_2024.json","lifecycle_status":"permitted","status":"source_record","cell_size_m":95,"intensity":0.289,"label":"6 Beech Heights proposed single storey rear extension approval was recorded"},"geometry":{"type":"Polygon","coordinates":[[[-5.9233347,54.5699712],[-5.9218616,54.5699712],[-5.9218616,54.5708304],[-5.9233347,54.5708304],[-5.9233347,54.5699712]]]}},{"type":"Feature","properties":{"id":"lens-detail-belfast-2024-planning_cell-215","layer":"planning_cell","category":"built_environment","year":2024,"visible_year":2024,"title":"1 source-backed planning and built record","confidence":"documented","confidence_mix":"documented:1","event_count":1,"source_count":1,"source_ids":"dfi-planning-statistics-2024-25-round554","event_ids":"bfs_arch_round554_6_lyndhurst_drive_2024_0597_f_approval_2024","event_ids_all":"bfs_arch_round554_6_lyndhurst_drive_2024_0597_f_approval_2024","source_urls":"https://www.infrastructure-ni.gov.uk/publications/northern-ireland-planning-statistics-april-2024-march-2025","geometry_precision_mix":"Application/site navigation point from official planning-statistics row; not a surveyed footprint, legal boundary, facade, room, campus, streetworks area or works extent.:1","representation":"planning and built evidence grid cell","timing_note":"Filtered by event effective year. OSM mapped-visibility dates and administrative dates can differ from real-world physical change dates.","caveat":"Planning cells are derived from source-backed event locations; they are not parcel boundaries unless source geometry is separately present.","generated_from":"web/data/city-atlas/cities/belfast/events_2024.json","lifecycle_status":"permitted","status":"source_record","cell_size_m":95,"intensity":0.289,"label":"6 Lyndhurst Drive 2 storey extension to rear of dwelling approval was recorded"},"geometry":{"type":"Polygon","coordinates":[[[-5.9822587,54.6086331],[-5.9807856,54.6086331],[-5.9807856,54.6094923],[-5.9822587,54.6094923],[-5.9822587,54.6086331]]]}},{"type":"Feature","properties":{"id":"lens-detail-belfast-2024-planning_cell-216","layer":"planning_cell","category":"built_environment","year":2024,"visible_year":2024,"title":"1 source-backed planning and built record","confidence":"documented","confidence_mix":"documented:1","event_count":1,"source_count":1,"source_ids":"dfi-planning-statistics-2024-25-round554","event_ids":"bfs_arch_round554_6_redcliffe_drive_2024_0361_f_approval_2024","event_ids_all":"bfs_arch_round554_6_redcliffe_drive_2024_0361_f_approval_2024","source_urls":"https://www.infrastructure-ni.gov.uk/publications/northern-ireland-planning-statistics-april-2024-march-2025","geometry_precision_mix":"Application/site navigation point from official planning-statistics row; not a surveyed footprint, legal boundary, facade, room, campus, streetworks area or works extent.:1","representation":"planning and built evidence grid cell","timing_note":"Filtered by event effective year. OSM mapped-visibility dates and administrative dates can differ from real-world physical change dates.","caveat":"Planning cells are derived from source-backed event locations; they are not parcel boundaries unless source geometry is separately present.","generated_from":"web/data/city-atlas/cities/belfast/events_2024.json","lifecycle_status":"permitted","status":"source_record","cell_size_m":95,"intensity":0.289,"label":"6 Redcliffe Drive single storey side extension approval was recorded"},"geometry":{"type":"Polygon","coordinates":[[[-5.8953458,54.6017599],[-5.8938727,54.6017599],[-5.8938727,54.6026191],[-5.8953458,54.6026191],[-5.8953458,54.6017599]]]}},{"type":"Feature","properties":{"id":"lens-detail-belfast-2024-planning_cell-217","layer":"planning_cell","category":"built_environment","year":2024,"visible_year":2024,"title":"1 source-backed planning and built record","confidence":"documented","confidence_mix":"documented:1","event_count":1,"source_count":1,"source_ids":"dfi-planning-statistics-2024-25-round554","event_ids":"bfs_arch_round554_6_sawel_hill_andersonstown_2024_0655_f_approval_2024","event_ids_all":"bfs_arch_round554_6_sawel_hill_andersonstown_2024_0655_f_approval_2024","source_urls":"https://www.infrastructure-ni.gov.uk/publications/northern-ireland-planning-statistics-april-2024-march-2025","geometry_precision_mix":"Application/site navigation point from official planning-statistics row; not a surveyed footprint, legal boundary, facade, room, campus, streetworks area or works extent.:1","representation":"planning and built evidence grid cell","timing_note":"Filtered by event effective year. OSM mapped-visibility dates and administrative dates can differ from real-world physical change dates.","caveat":"Planning cells are derived from source-backed event locations; they are not parcel boundaries unless source geometry is separately present.","generated_from":"web/data/city-atlas/cities/belfast/events_2024.json","lifecycle_status":"permitted","status":"source_record","cell_size_m":95,"intensity":0.289,"label":"6 Sawel Hill, Andersonstown single storey rear extension and level access to the front approval was recorded"},"geometry":{"type":"Polygon","coordinates":[[[-5.9925704,54.574267],[-5.9910973,54.574267],[-5.9910973,54.5751262],[-5.9925704,54.5751262],[-5.9925704,54.574267]]]}},{"type":"Feature","properties":{"id":"lens-detail-belfast-2024-planning_cell-218","layer":"planning_cell","category":"built_environment","year":2024,"visible_year":2024,"title":"1 source-backed planning and built record","confidence":"documented","confidence_mix":"documented:1","event_count":1,"source_count":1,"source_ids":"dfi-planning-statistics-2024-25-round554","event_ids":"bfs_arch_round554_70_the_green_dunmurry_2024_0831_f_approval_2024","event_ids_all":"bfs_arch_round554_70_the_green_dunmurry_2024_0831_f_approval_2024","source_urls":"https://www.infrastructure-ni.gov.uk/publications/northern-ireland-planning-statistics-april-2024-march-2025","geometry_precision_mix":"Application/site navigation point from official planning-statistics row; not a surveyed footprint, legal boundary, facade, room, campus, streetworks area or works extent.:1","representation":"planning and built evidence grid cell","timing_note":"Filtered by event effective year. OSM mapped-visibility dates and administrative dates can differ from real-world physical change dates.","caveat":"Planning cells are derived from source-backed event locations; they are not parcel boundaries unless source geometry is separately present.","generated_from":"web/data/city-atlas/cities/belfast/events_2024.json","lifecycle_status":"permitted","status":"source_record","cell_size_m":95,"intensity":0.289,"label":"70 The Green, Dunmurry single storey rear extension approval was recorded"},"geometry":{"type":"Polygon","coordinates":[[[-6.0087745,54.5527882],[-6.0073014,54.5527882],[-6.0073014,54.5536473],[-6.0087745,54.5536473],[-6.0087745,54.5527882]]]}},{"type":"Feature","properties":{"id":"lens-detail-belfast-2024-planning_cell-219","layer":"planning_cell","category":"built_environment","year":2024,"visible_year":2024,"title":"1 source-backed planning and built record","confidence":"documented","confidence_mix":"documented:1","event_count":1,"source_count":1,"source_ids":"dfi-planning-statistics-2024-25-round554","event_ids":"bfs_arch_round554_8_bladon_drive_malone_lower_2024_0706_f_approval_2024","event_ids_all":"bfs_arch_round554_8_bladon_drive_malone_lower_2024_0706_f_approval_2024","source_urls":"https://www.infrastructure-ni.gov.uk/publications/northern-ireland-planning-statistics-april-2024-march-2025","geometry_precision_mix":"Application/site navigation point from official planning-statistics row; not a surveyed footprint, legal boundary, facade, room, campus, streetworks area or works extent.:1","representation":"planning and built evidence grid cell","timing_note":"Filtered by event effective year. OSM mapped-visibility dates and administrative dates can differ from real-world physical change dates.","caveat":"Planning cells are derived from source-backed event locations; they are not parcel boundaries unless source geometry is separately present.","generated_from":"web/data/city-atlas/cities/belfast/events_2024.json","lifecycle_status":"permitted","status":"source_record","cell_size_m":95,"intensity":0.289,"label":"8 BLADON DRIVE MALONE LOWER single storey kitchen extension to the rear of the dwelling approval was recorded"},"geometry":{"type":"Polygon","coordinates":[[[-5.9454312,54.5665346],[-5.9439581,54.5665346],[-5.9439581,54.5673938],[-5.9454312,54.5673938],[-5.9454312,54.5665346]]]}},{"type":"Feature","properties":{"id":"lens-detail-belfast-2024-planning_cell-22","layer":"planning_cell","category":"built_environment","year":2024,"visible_year":2024,"title":"1 source-backed planning and built record","confidence":"documented","confidence_mix":"documented:1","event_count":1,"source_count":1,"source_ids":"dfi-planning-statistics-2024-25-round477","event_ids":"bfs_arch_round477_beaumont_lodge_training_facility_approval_2024","event_ids_all":"bfs_arch_round477_beaumont_lodge_training_facility_approval_2024","source_urls":"https://www.infrastructure-ni.gov.uk/publications/northern-ireland-planning-statistics-april-2024-march-2025","geometry_precision_mix":"Approximate application/site navigation point from official planning-statistics row; not a surveyed footprint, legal boundary, facade, room, campus, streetworks area or works extent.:1","representation":"planning and built evidence grid cell","timing_note":"Filtered by event effective year. OSM mapped-visibility dates and administrative dates can differ from real-world physical change dates.","caveat":"Planning cells are derived from source-backed event locations; they are not parcel boundaries unless source geometry is separately present.","generated_from":"web/data/city-atlas/cities/belfast/events_2024.json","lifecycle_status":"permitted","status":"source_record","cell_size_m":95,"intensity":0.289,"label":"Beaumont Lodge hospital staff training facility permission was approved"},"geometry":{"type":"Polygon","coordinates":[[[-5.9336464,54.5734079],[-5.9321733,54.5734079],[-5.9321733,54.574267],[-5.9336464,54.574267],[-5.9336464,54.5734079]]]}},{"type":"Feature","properties":{"id":"lens-detail-belfast-2024-planning_cell-220","layer":"planning_cell","category":"built_environment","year":2024,"visible_year":2024,"title":"1 source-backed planning and built record","confidence":"documented","confidence_mix":"documented:1","event_count":1,"source_count":1,"source_ids":"dfi-planning-statistics-2024-25-round554","event_ids":"bfs_arch_round554_8_forthriver_parade_2024_0544_f_approval_2024","event_ids_all":"bfs_arch_round554_8_forthriver_parade_2024_0544_f_approval_2024","source_urls":"https://www.infrastructure-ni.gov.uk/publications/northern-ireland-planning-statistics-april-2024-march-2025","geometry_precision_mix":"Application/site navigation point from official planning-statistics row; not a surveyed footprint, legal boundary, facade, room, campus, streetworks area or works extent.:1","representation":"planning and built evidence grid cell","timing_note":"Filtered by event effective year. OSM mapped-visibility dates and administrative dates can differ from real-world physical change dates.","caveat":"Planning cells are derived from source-backed event locations; they are not parcel boundaries unless source geometry is separately present.","generated_from":"web/data/city-atlas/cities/belfast/events_2024.json","lifecycle_status":"permitted","status":"source_record","cell_size_m":95,"intensity":0.289,"label":"8 Forthriver Parade single story rear extension approval was recorded"},"geometry":{"type":"Polygon","coordinates":[[[-5.9852049,54.6198021],[-5.9837318,54.6198021],[-5.9837318,54.6206613],[-5.9852049,54.6206613],[-5.9852049,54.6198021]]]}},{"type":"Feature","properties":{"id":"lens-detail-belfast-2024-planning_cell-221","layer":"planning_cell","category":"built_environment","year":2024,"visible_year":2024,"title":"1 source-backed planning and built record","confidence":"documented","confidence_mix":"documented:1","event_count":1,"source_count":1,"source_ids":"dfi-planning-statistics-2024-25-round554","event_ids":"bfs_arch_round554_82_white_rise_2024_0865_f_approval_2024","event_ids_all":"bfs_arch_round554_82_white_rise_2024_0865_f_approval_2024","source_urls":"https://www.infrastructure-ni.gov.uk/publications/northern-ireland-planning-statistics-april-2024-march-2025","geometry_precision_mix":"Application/site navigation point from official planning-statistics row; not a surveyed footprint, legal boundary, facade, room, campus, streetworks area or works extent.:1","representation":"planning and built evidence grid cell","timing_note":"Filtered by event effective year. OSM mapped-visibility dates and administrative dates can differ from real-world physical change dates.","caveat":"Planning cells are derived from source-backed event locations; they are not parcel boundaries unless source geometry is separately present.","generated_from":"web/data/city-atlas/cities/belfast/events_2024.json","lifecycle_status":"permitted","status":"source_record","cell_size_m":95,"intensity":0.289,"label":"82 White Rise single-story rear extension, alongside facilitating works approval was recorded"},"geometry":{"type":"Polygon","coordinates":[[[-6.0382365,54.5562248],[-6.0367634,54.5562248],[-6.0367634,54.5570839],[-6.0382365,54.5570839],[-6.0382365,54.5562248]]]}},{"type":"Feature","properties":{"id":"lens-detail-belfast-2024-planning_cell-222","layer":"planning_cell","category":"built_environment","year":2024,"visible_year":2024,"title":"1 source-backed planning and built record","confidence":"documented","confidence_mix":"documented:1","event_count":1,"source_count":1,"source_ids":"dfi-planning-statistics-2024-25-round554","event_ids":"bfs_arch_round554_89_lansdowne_road_2024_0573_f_approval_2024","event_ids_all":"bfs_arch_round554_89_lansdowne_road_2024_0573_f_approval_2024","source_urls":"https://www.infrastructure-ni.gov.uk/publications/northern-ireland-planning-statistics-april-2024-march-2025","geometry_precision_mix":"Application/site navigation point from official planning-statistics row; not a surveyed footprint, legal boundary, facade, room, campus, streetworks area or works extent.:1","representation":"planning and built evidence grid cell","timing_note":"Filtered by event effective year. OSM mapped-visibility dates and administrative dates can differ from real-world physical change dates.","caveat":"Planning cells are derived from source-backed event locations; they are not parcel boundaries unless source geometry is separately present.","generated_from":"web/data/city-atlas/cities/belfast/events_2024.json","lifecycle_status":"permitted","status":"source_record","cell_size_m":95,"intensity":0.289,"label":"89 Lansdowne Road proposed single storey extension to rear of dwelling approval was recorded"},"geometry":{"type":"Polygon","coordinates":[[[-5.9292271,54.630112],[-5.927754,54.630112],[-5.927754,54.6309711],[-5.9292271,54.6309711],[-5.9292271,54.630112]]]}},{"type":"Feature","properties":{"id":"lens-detail-belfast-2024-planning_cell-223","layer":"planning_cell","category":"built_environment","year":2024,"visible_year":2024,"title":"1 source-backed planning and built record","confidence":"documented","confidence_mix":"documented:1","event_count":1,"source_count":1,"source_ids":"dfi-planning-statistics-2024-25-round554","event_ids":"bfs_arch_round554_93_kerrykeel_gardens_2024_0848_f_approval_2024","event_ids_all":"bfs_arch_round554_93_kerrykeel_gardens_2024_0848_f_approval_2024","source_urls":"https://www.infrastructure-ni.gov.uk/publications/northern-ireland-planning-statistics-april-2024-march-2025","geometry_precision_mix":"Application/site navigation point from official planning-statistics row; not a surveyed footprint, legal boundary, facade, room, campus, streetworks area or works extent.:1","representation":"planning and built evidence grid cell","timing_note":"Filtered by event effective year. OSM mapped-visibility dates and administrative dates can differ from real-world physical change dates.","caveat":"Planning cells are derived from source-backed event locations; they are not parcel boundaries unless source geometry is separately present.","generated_from":"web/data/city-atlas/cities/belfast/events_2024.json","lifecycle_status":"permitted","status":"source_record","cell_size_m":95,"intensity":0.289,"label":"93 Kerrykeel Gardens single storey rear extension approval was recorded"},"geometry":{"type":"Polygon","coordinates":[[[-6.0131938,54.5716895],[-6.0117207,54.5716895],[-6.0117207,54.5725487],[-6.0131938,54.5725487],[-6.0131938,54.5716895]]]}},{"type":"Feature","properties":{"id":"lens-detail-belfast-2024-planning_cell-224","layer":"planning_cell","category":"built_environment","year":2024,"visible_year":2024,"title":"1 source-backed planning and built record","confidence":"documented","confidence_mix":"documented:1","event_count":1,"source_count":1,"source_ids":"dfi-planning-statistics-2024-25-round554","event_ids":"bfs_arch_round554_98_ballymurphy_road_2024_0666_f_approval_2024","event_ids_all":"bfs_arch_round554_98_ballymurphy_road_2024_0666_f_approval_2024","source_urls":"https://www.infrastructure-ni.gov.uk/publications/northern-ireland-planning-statistics-april-2024-march-2025","geometry_precision_mix":"Application/site navigation point from official planning-statistics row; not a surveyed footprint, legal boundary, facade, room, campus, streetworks area or works extent.:1","representation":"planning and built evidence grid cell","timing_note":"Filtered by event effective year. OSM mapped-visibility dates and administrative dates can differ from real-world physical change dates.","caveat":"Planning cells are derived from source-backed event locations; they are not parcel boundaries unless source geometry is separately present.","generated_from":"web/data/city-atlas/cities/belfast/events_2024.json","lifecycle_status":"permitted","status":"source_record","cell_size_m":95,"intensity":0.289,"label":"98 Ballymurphy Road single story rear extension approval was recorded"},"geometry":{"type":"Polygon","coordinates":[[[-5.9822587,54.5940275],[-5.9807856,54.5940275],[-5.9807856,54.5948867],[-5.9822587,54.5948867],[-5.9822587,54.5940275]]]}},{"type":"Feature","properties":{"id":"lens-detail-belfast-2024-planning_cell-225","layer":"planning_cell","category":"built_environment","year":2024,"visible_year":2024,"title":"1 source-backed planning and built record","confidence":"documented","confidence_mix":"documented:1","event_count":1,"source_count":1,"source_ids":"dfi-planning-statistics-2024-25-round554","event_ids":"bfs_arch_round554_adjacent_to_25_deramore_drive_2023_4434_f_approval_2024","event_ids_all":"bfs_arch_round554_adjacent_to_25_deramore_drive_2023_4434_f_approval_2024","source_urls":"https://www.infrastructure-ni.gov.uk/publications/northern-ireland-planning-statistics-april-2024-march-2025","geometry_precision_mix":"Application/site navigation point from official planning-statistics row; not a surveyed footprint, legal boundary, facade, room, campus, streetworks area or works extent.:1","representation":"planning and built evidence grid cell","timing_note":"Filtered by event effective year. OSM mapped-visibility dates and administrative dates can differ from real-world physical change dates.","caveat":"Planning cells are derived from source-backed event locations; they are not parcel boundaries unless source geometry is separately present.","generated_from":"web/data/city-atlas/cities/belfast/events_2024.json","lifecycle_status":"permitted","status":"source_record","cell_size_m":95,"intensity":0.289,"label":"Adjacent to 25 Deramore Drive proposed dwelling in lieu of planning approval ref. la04/2021/0004/f approval was recorded"},"geometry":{"type":"Polygon","coordinates":[[[-5.9454312,54.5648163],[-5.9439581,54.5648163],[-5.9439581,54.5656755],[-5.9454312,54.5656755],[-5.9454312,54.5648163]]]}},{"type":"Feature","properties":{"id":"lens-detail-belfast-2024-planning_cell-226","layer":"planning_cell","category":"built_environment","year":2024,"visible_year":2024,"title":"1 source-backed planning and built record","confidence":"documented","confidence_mix":"documented:1","event_count":1,"source_count":1,"source_ids":"dfi-planning-statistics-2024-25-round560","event_ids":"bfs_arch_round560_10_bray_court_2024_0250_f_approval_2024","event_ids_all":"bfs_arch_round560_10_bray_court_2024_0250_f_approval_2024","source_urls":"https://www.infrastructure-ni.gov.uk/publications/northern-ireland-planning-statistics-april-2024-march-2025","geometry_precision_mix":"Application/site navigation point from official planning-statistics row; not a surveyed footprint, legal boundary, facade, room, campus, streetworks area or works extent.:1","representation":"planning and built evidence grid cell","timing_note":"Filtered by event effective year. OSM mapped-visibility dates and administrative dates can differ from real-world physical change dates.","caveat":"Planning cells are derived from source-backed event locations; they are not parcel boundaries unless source geometry is separately present.","generated_from":"web/data/city-atlas/cities/belfast/events_2024.json","lifecycle_status":"permitted","status":"source_record","cell_size_m":95,"intensity":0.289,"label":"10 Bray Court single storey rear extension and removal of existing decking approval was recorded"},"geometry":{"type":"Polygon","coordinates":[[[-5.9601622,54.6112106],[-5.9586891,54.6112106],[-5.9586891,54.6120697],[-5.9601622,54.6120697],[-5.9601622,54.6112106]]]}},{"type":"Feature","properties":{"id":"lens-detail-belfast-2024-planning_cell-227","layer":"planning_cell","category":"built_environment","year":2024,"visible_year":2024,"title":"1 source-backed planning and built record","confidence":"documented","confidence_mix":"documented:1","event_count":1,"source_count":1,"source_ids":"dfi-planning-statistics-2024-25-round560","event_ids":"bfs_arch_round560_10_cabin_hill_gardens_2023_3266_f_approval_2024","event_ids_all":"bfs_arch_round560_10_cabin_hill_gardens_2023_3266_f_approval_2024","source_urls":"https://www.infrastructure-ni.gov.uk/publications/northern-ireland-planning-statistics-april-2024-march-2025","geometry_precision_mix":"Application/site navigation point from official planning-statistics row; not a surveyed footprint, legal boundary, facade, room, campus, streetworks area or works extent.:1","representation":"planning and built evidence grid cell","timing_note":"Filtered by event effective year. OSM mapped-visibility dates and administrative dates can differ from real-world physical change dates.","caveat":"Planning cells are derived from source-backed event locations; they are not parcel boundaries unless source geometry is separately present.","generated_from":"web/data/city-atlas/cities/belfast/events_2024.json","lifecycle_status":"permitted","status":"source_record","cell_size_m":95,"intensity":0.289,"label":"10 Cabin Hill Gardens single storey rear extension. single storey garden room. boundary wall & ancillary site works approval was recorded"},"geometry":{"type":"Polygon","coordinates":[[[-5.8482066,54.5931684],[-5.8467335,54.5931684],[-5.8467335,54.5940275],[-5.8482066,54.5940275],[-5.8482066,54.5931684]]]}},{"type":"Feature","properties":{"id":"lens-detail-belfast-2024-planning_cell-228","layer":"planning_cell","category":"built_environment","year":2024,"visible_year":2024,"title":"1 source-backed planning and built record","confidence":"documented","confidence_mix":"documented:1","event_count":1,"source_count":1,"source_ids":"dfi-planning-statistics-2024-25-round560","event_ids":"bfs_arch_round560_100_disraeli_street_2024_0297_f_approval_2024","event_ids_all":"bfs_arch_round560_100_disraeli_street_2024_0297_f_approval_2024","source_urls":"https://www.infrastructure-ni.gov.uk/publications/northern-ireland-planning-statistics-april-2024-march-2025","geometry_precision_mix":"Application/site navigation point from official planning-statistics row; not a surveyed footprint, legal boundary, facade, room, campus, streetworks area or works extent.:1","representation":"planning and built evidence grid cell","timing_note":"Filtered by event effective year. OSM mapped-visibility dates and administrative dates can differ from real-world physical change dates.","caveat":"Planning cells are derived from source-backed event locations; they are not parcel boundaries unless source geometry is separately present.","generated_from":"web/data/city-atlas/cities/belfast/events_2024.json","lifecycle_status":"permitted","status":"source_record","cell_size_m":95,"intensity":0.289,"label":"100 Disraeli Street single storey rear extension approval was recorded"},"geometry":{"type":"Polygon","coordinates":[[[-5.9616353,54.6094923],[-5.9601622,54.6094923],[-5.9601622,54.6103514],[-5.9616353,54.6103514],[-5.9616353,54.6094923]]]}},{"type":"Feature","properties":{"id":"lens-detail-belfast-2024-planning_cell-229","layer":"planning_cell","category":"built_environment","year":2024,"visible_year":2024,"title":"1 source-backed planning and built record","confidence":"documented","confidence_mix":"documented:1","event_count":1,"source_count":1,"source_ids":"dfi-planning-statistics-2024-25-round560","event_ids":"bfs_arch_round560_106_sandown_road_2024_0078_f_approval_2024","event_ids_all":"bfs_arch_round560_106_sandown_road_2024_0078_f_approval_2024","source_urls":"https://www.infrastructure-ni.gov.uk/publications/northern-ireland-planning-statistics-april-2024-march-2025","geometry_precision_mix":"Application/site navigation point from official planning-statistics row; not a surveyed footprint, legal boundary, facade, room, campus, streetworks area or works extent.:1","representation":"planning and built evidence grid cell","timing_note":"Filtered by event effective year. OSM mapped-visibility dates and administrative dates can differ from real-world physical change dates.","caveat":"Planning cells are derived from source-backed event locations; they are not parcel boundaries unless source geometry is separately present.","generated_from":"web/data/city-atlas/cities/belfast/events_2024.json","lifecycle_status":"permitted","status":"source_record","cell_size_m":95,"intensity":0.289,"label":"106 Sandown Road 2 storey rear extension. alteration to vehicular access + site works approval was recorded"},"geometry":{"type":"Polygon","coordinates":[[[-5.8644107,54.5888726],[-5.8629376,54.5888726],[-5.8629376,54.5897318],[-5.8644107,54.5897318],[-5.8644107,54.5888726]]]}},{"type":"Feature","properties":{"id":"lens-detail-belfast-2024-planning_cell-23","layer":"planning_cell","category":"built_environment","year":2024,"visible_year":2024,"title":"1 source-backed planning and built record","confidence":"documented","confidence_mix":"documented:1","event_count":1,"source_count":1,"source_ids":"dfi-planning-statistics-2024-25-round477","event_ids":"bfs_arch_round477_bedford_house_louvres_demolition_approval_2024","event_ids_all":"bfs_arch_round477_bedford_house_louvres_demolition_approval_2024","source_urls":"https://www.infrastructure-ni.gov.uk/publications/northern-ireland-planning-statistics-april-2024-march-2025","geometry_precision_mix":"Approximate application/site navigation point from official planning-statistics row; not a surveyed footprint, legal boundary, facade, room, campus, streetworks area or works extent.:1","representation":"planning and built evidence grid cell","timing_note":"Filtered by event effective year. OSM mapped-visibility dates and administrative dates can differ from real-world physical change dates.","caveat":"Planning cells are derived from source-backed event locations; they are not parcel boundaries unless source geometry is separately present.","generated_from":"web/data/city-atlas/cities/belfast/events_2024.json","lifecycle_status":"permitted","status":"source_record","cell_size_m":95,"intensity":0.289,"label":"Bedford House louvre and window-panel works were approved"},"geometry":{"type":"Polygon","coordinates":[[[-5.9189154,54.5983233],[-5.9174423,54.5983233],[-5.9174423,54.5991824],[-5.9189154,54.5991824],[-5.9189154,54.5983233]]]}},{"type":"Feature","properties":{"id":"lens-detail-belfast-2024-planning_cell-230","layer":"planning_cell","category":"built_environment","year":2024,"visible_year":2024,"title":"1 source-backed planning and built record","confidence":"documented","confidence_mix":"documented:1","event_count":1,"source_count":1,"source_ids":"dfi-planning-statistics-2024-25-round560","event_ids":"bfs_arch_round560_115_mount_merrion_avenue_2024_0242_f_approval_2024","event_ids_all":"bfs_arch_round560_115_mount_merrion_avenue_2024_0242_f_approval_2024","source_urls":"https://www.infrastructure-ni.gov.uk/publications/northern-ireland-planning-statistics-april-2024-march-2025","geometry_precision_mix":"Application/site navigation point from official planning-statistics row; not a surveyed footprint, legal boundary, facade, room, campus, streetworks area or works extent.:1","representation":"planning and built evidence grid cell","timing_note":"Filtered by event effective year. OSM mapped-visibility dates and administrative dates can differ from real-world physical change dates.","caveat":"Planning cells are derived from source-backed event locations; they are not parcel boundaries unless source geometry is separately present.","generated_from":"web/data/city-atlas/cities/belfast/events_2024.json","lifecycle_status":"permitted","status":"source_record","cell_size_m":95,"intensity":0.289,"label":"115 Mount Merrion Avenue single storey rear extension approval was recorded"},"geometry":{"type":"Polygon","coordinates":[[[-5.9027113,54.5768445],[-5.9012382,54.5768445],[-5.9012382,54.5777036],[-5.9027113,54.5777036],[-5.9027113,54.5768445]]]}},{"type":"Feature","properties":{"id":"lens-detail-belfast-2024-planning_cell-231","layer":"planning_cell","category":"built_environment","year":2024,"visible_year":2024,"title":"1 source-backed planning and built record","confidence":"documented","confidence_mix":"documented:1","event_count":1,"source_count":1,"source_ids":"dfi-planning-statistics-2024-25-round560","event_ids":"bfs_arch_round560_122_orchardville_crescent_2024_0028_f_approval_2024","event_ids_all":"bfs_arch_round560_122_orchardville_crescent_2024_0028_f_approval_2024","source_urls":"https://www.infrastructure-ni.gov.uk/publications/northern-ireland-planning-statistics-april-2024-march-2025","geometry_precision_mix":"Application/site navigation point from official planning-statistics row; not a surveyed footprint, legal boundary, facade, room, campus, streetworks area or works extent.:1","representation":"planning and built evidence grid cell","timing_note":"Filtered by event effective year. OSM mapped-visibility dates and administrative dates can differ from real-world physical change dates.","caveat":"Planning cells are derived from source-backed event locations; they are not parcel boundaries unless source geometry is separately present.","generated_from":"web/data/city-atlas/cities/belfast/events_2024.json","lifecycle_status":"permitted","status":"source_record","cell_size_m":95,"intensity":0.289,"label":"122 Orchardville Crescent proposed single storey extension to side/rear of dwelling, internal alterations and level access to side of..."},"geometry":{"type":"Polygon","coordinates":[[[-5.9822587,54.5656755],[-5.9807856,54.5656755],[-5.9807856,54.5665346],[-5.9822587,54.5665346],[-5.9822587,54.5656755]]]}},{"type":"Feature","properties":{"id":"lens-detail-belfast-2024-planning_cell-232","layer":"planning_cell","category":"built_environment","year":2024,"visible_year":2024,"title":"1 source-backed planning and built record","confidence":"documented","confidence_mix":"documented:1","event_count":1,"source_count":1,"source_ids":"dfi-planning-statistics-2024-25-round560","event_ids":"bfs_arch_round560_14_knocknagoney_gardens_2024_0182_f_approval_2024","event_ids_all":"bfs_arch_round560_14_knocknagoney_gardens_2024_0182_f_approval_2024","source_urls":"https://www.infrastructure-ni.gov.uk/publications/northern-ireland-planning-statistics-april-2024-march-2025","geometry_precision_mix":"Application/site navigation point from official planning-statistics row; not a surveyed footprint, legal boundary, facade, room, campus, streetworks area or works extent.:1","representation":"planning and built evidence grid cell","timing_note":"Filtered by event effective year. OSM mapped-visibility dates and administrative dates can differ from real-world physical change dates.","caveat":"Planning cells are derived from source-backed event locations; they are not parcel boundaries unless source geometry is separately present.","generated_from":"web/data/city-atlas/cities/belfast/events_2024.json","lifecycle_status":"permitted","status":"source_record","cell_size_m":95,"intensity":0.289,"label":"14 Knocknagoney Gardens side and rear extension and porch to front approval was recorded"},"geometry":{"type":"Polygon","coordinates":[[[-5.8511528,54.6172247],[-5.8496797,54.6172247],[-5.8496797,54.6180838],[-5.8511528,54.6180838],[-5.8511528,54.6172247]]]}},{"type":"Feature","properties":{"id":"lens-detail-belfast-2024-planning_cell-233","layer":"planning_cell","category":"built_environment","year":2024,"visible_year":2024,"title":"1 source-backed planning and built record","confidence":"documented","confidence_mix":"documented:1","event_count":1,"source_count":1,"source_ids":"dfi-planning-statistics-2024-25-round560","event_ids":"bfs_arch_round560_14_tillysburn_park_2023_4605_f_approval_2024","event_ids_all":"bfs_arch_round560_14_tillysburn_park_2023_4605_f_approval_2024","source_urls":"https://www.infrastructure-ni.gov.uk/publications/northern-ireland-planning-statistics-april-2024-march-2025","geometry_precision_mix":"Application/site navigation point from official planning-statistics row; not a surveyed footprint, legal boundary, facade, room, campus, streetworks area or works extent.:1","representation":"planning and built evidence grid cell","timing_note":"Filtered by event effective year. OSM mapped-visibility dates and administrative dates can differ from real-world physical change dates.","caveat":"Planning cells are derived from source-backed event locations; they are not parcel boundaries unless source geometry is separately present.","generated_from":"web/data/city-atlas/cities/belfast/events_2024.json","lifecycle_status":"permitted","status":"source_record","cell_size_m":95,"intensity":0.289,"label":"14 Tillysburn Park two-storey side extension approval was recorded"},"geometry":{"type":"Polygon","coordinates":[[[-5.8599914,54.6129289],[-5.8585183,54.6129289],[-5.8585183,54.6137881],[-5.8599914,54.6137881],[-5.8599914,54.6129289]]]}},{"type":"Feature","properties":{"id":"lens-detail-belfast-2024-planning_cell-234","layer":"planning_cell","category":"built_environment","year":2024,"visible_year":2024,"title":"1 source-backed planning and built record","confidence":"documented","confidence_mix":"documented:1","event_count":1,"source_count":1,"source_ids":"dfi-planning-statistics-2024-25-round560","event_ids":"bfs_arch_round560_18_vauxhall_park_malone_lower_2023_4322_f_approval_2024","event_ids_all":"bfs_arch_round560_18_vauxhall_park_malone_lower_2023_4322_f_approval_2024","source_urls":"https://www.infrastructure-ni.gov.uk/publications/northern-ireland-planning-statistics-april-2024-march-2025","geometry_precision_mix":"Application/site navigation point from official planning-statistics row; not a surveyed footprint, legal boundary, facade, room, campus, streetworks area or works extent.:1","representation":"planning and built evidence grid cell","timing_note":"Filtered by event effective year. OSM mapped-visibility dates and administrative dates can differ from real-world physical change dates.","caveat":"Planning cells are derived from source-backed event locations; they are not parcel boundaries unless source geometry is separately present.","generated_from":"web/data/city-atlas/cities/belfast/events_2024.json","lifecycle_status":"permitted","status":"source_record","cell_size_m":95,"intensity":0.289,"label":"18 VAUXHALL PARK MALONE LOWER two storey extension to side and rear; single storey rear extension, single storey garage, and attic..."},"geometry":{"type":"Polygon","coordinates":[[[-5.9321733,54.5691121],[-5.9307002,54.5691121],[-5.9307002,54.5699712],[-5.9321733,54.5699712],[-5.9321733,54.5691121]]]}},{"type":"Feature","properties":{"id":"lens-detail-belfast-2024-planning_cell-235","layer":"planning_cell","category":"built_environment","year":2024,"visible_year":2024,"title":"1 source-backed planning and built record","confidence":"documented","confidence_mix":"documented:1","event_count":1,"source_count":1,"source_ids":"dfi-planning-statistics-2024-25-round560","event_ids":"bfs_arch_round560_2_finaghy_park_gardens_2024_0246_f_approval_2024","event_ids_all":"bfs_arch_round560_2_finaghy_park_gardens_2024_0246_f_approval_2024","source_urls":"https://www.infrastructure-ni.gov.uk/publications/northern-ireland-planning-statistics-april-2024-march-2025","geometry_precision_mix":"Application/site navigation point from official planning-statistics row; not a surveyed footprint, legal boundary, facade, room, campus, streetworks area or works extent.:1","representation":"planning and built evidence grid cell","timing_note":"Filtered by event effective year. OSM mapped-visibility dates and administrative dates can differ from real-world physical change dates.","caveat":"Planning cells are derived from source-backed event locations; they are not parcel boundaries unless source geometry is separately present.","generated_from":"web/data/city-atlas/cities/belfast/events_2024.json","lifecycle_status":"permitted","status":"source_record","cell_size_m":95,"intensity":0.289,"label":"2 Finaghy Park Gardens single storey rear extension, two front dormers and attic conversion approval was recorded"},"geometry":{"type":"Polygon","coordinates":[[[-5.9910973,54.5613797],[-5.9896242,54.5613797],[-5.9896242,54.5622389],[-5.9910973,54.5622389],[-5.9910973,54.5613797]]]}},{"type":"Feature","properties":{"id":"lens-detail-belfast-2024-planning_cell-236","layer":"planning_cell","category":"built_environment","year":2024,"visible_year":2024,"title":"1 source-backed planning and built record","confidence":"documented","confidence_mix":"documented:1","event_count":1,"source_count":1,"source_ids":"dfi-planning-statistics-2024-25-round560","event_ids":"bfs_arch_round560_2_orchard_close_2024_0204_f_approval_2024","event_ids_all":"bfs_arch_round560_2_orchard_close_2024_0204_f_approval_2024","source_urls":"https://www.infrastructure-ni.gov.uk/publications/northern-ireland-planning-statistics-april-2024-march-2025","geometry_precision_mix":"Application/site navigation point from official planning-statistics row; not a surveyed footprint, legal boundary, facade, room, campus, streetworks area or works extent.:1","representation":"planning and built evidence grid cell","timing_note":"Filtered by event effective year. OSM mapped-visibility dates and administrative dates can differ from real-world physical change dates.","caveat":"Planning cells are derived from source-backed event locations; they are not parcel boundaries unless source geometry is separately present.","generated_from":"web/data/city-atlas/cities/belfast/events_2024.json","lifecycle_status":"demolished","status":"source_record","cell_size_m":95,"intensity":0.289,"label":"2 Orchard Close demolition of garage and the construction of a 2 storey side extension and single storey rear extension approval was..."},"geometry":{"type":"Polygon","coordinates":[[[-5.8496797,54.5862952],[-5.8482066,54.5862952],[-5.8482066,54.5871543],[-5.8496797,54.5871543],[-5.8496797,54.5862952]]]}},{"type":"Feature","properties":{"id":"lens-detail-belfast-2024-planning_cell-237","layer":"planning_cell","category":"built_environment","year":2024,"visible_year":2024,"title":"1 source-backed planning and built record","confidence":"documented","confidence_mix":"documented:1","event_count":1,"source_count":1,"source_ids":"dfi-planning-statistics-2024-25-round560","event_ids":"bfs_arch_round560_21_windsor_park_malone_lower_2024_0324_f_approval_2024","event_ids_all":"bfs_arch_round560_21_windsor_park_malone_lower_2024_0324_f_approval_2024","source_urls":"https://www.infrastructure-ni.gov.uk/publications/northern-ireland-planning-statistics-april-2024-march-2025","geometry_precision_mix":"Application/site navigation point from official planning-statistics row; not a surveyed footprint, legal boundary, facade, room, campus, streetworks area or works extent.:1","representation":"planning and built evidence grid cell","timing_note":"Filtered by event effective year. OSM mapped-visibility dates and administrative dates can differ from real-world physical change dates.","caveat":"Planning cells are derived from source-backed event locations; they are not parcel boundaries unless source geometry is separately present.","generated_from":"web/data/city-atlas/cities/belfast/events_2024.json","lifecycle_status":"permitted","status":"source_record","cell_size_m":95,"intensity":0.289,"label":"21 WINDSOR PARK MALONE LOWER single storey rear extension approval was recorded"},"geometry":{"type":"Polygon","coordinates":[[[-5.9498505,54.5777036],[-5.9483774,54.5777036],[-5.9483774,54.5785628],[-5.9498505,54.5785628],[-5.9498505,54.5777036]]]}},{"type":"Feature","properties":{"id":"lens-detail-belfast-2024-planning_cell-238","layer":"planning_cell","category":"built_environment","year":2024,"visible_year":2024,"title":"1 source-backed planning and built record","confidence":"documented","confidence_mix":"documented:1","event_count":1,"source_count":1,"source_ids":"dfi-planning-statistics-2024-25-round560","event_ids":"bfs_arch_round560_25_bristow_park_2024_0476_f_approval_2024","event_ids_all":"bfs_arch_round560_25_bristow_park_2024_0476_f_approval_2024","source_urls":"https://www.infrastructure-ni.gov.uk/publications/northern-ireland-planning-statistics-april-2024-march-2025","geometry_precision_mix":"Application/site navigation point from official planning-statistics row; not a surveyed footprint, legal boundary, facade, room, campus, streetworks area or works extent.:1","representation":"planning and built evidence grid cell","timing_note":"Filtered by event effective year. OSM mapped-visibility dates and administrative dates can differ from real-world physical change dates.","caveat":"Planning cells are derived from source-backed event locations; they are not parcel boundaries unless source geometry is separately present.","generated_from":"web/data/city-atlas/cities/belfast/events_2024.json","lifecycle_status":"permitted","status":"source_record","cell_size_m":95,"intensity":0.289,"label":"25 Bristow Park single storey rear extension. single storey front porch approval was recorded"},"geometry":{"type":"Polygon","coordinates":[[[-5.9616353,54.5605206],[-5.9601622,54.5605206],[-5.9601622,54.5613797],[-5.9616353,54.5613797],[-5.9616353,54.5605206]]]}},{"type":"Feature","properties":{"id":"lens-detail-belfast-2024-planning_cell-239","layer":"planning_cell","category":"built_environment","year":2024,"visible_year":2024,"title":"1 source-backed planning and built record","confidence":"documented","confidence_mix":"documented:1","event_count":1,"source_count":1,"source_ids":"dfi-planning-statistics-2024-25-round560","event_ids":"bfs_arch_round560_27_owenvarragh_park_ballydownfine_2024_0460_f_approval_2024","event_ids_all":"bfs_arch_round560_27_owenvarragh_park_ballydownfine_2024_0460_f_approval_2024","source_urls":"https://www.infrastructure-ni.gov.uk/publications/northern-ireland-planning-statistics-april-2024-march-2025","geometry_precision_mix":"Application/site navigation point from official planning-statistics row; not a surveyed footprint, legal boundary, facade, room, campus, streetworks area or works extent.:1","representation":"planning and built evidence grid cell","timing_note":"Filtered by event effective year. OSM mapped-visibility dates and administrative dates can differ from real-world physical change dates.","caveat":"Planning cells are derived from source-backed event locations; they are not parcel boundaries unless source geometry is separately present.","generated_from":"web/data/city-atlas/cities/belfast/events_2024.json","lifecycle_status":"permitted","status":"source_record","cell_size_m":95,"intensity":0.289,"label":"27 OWENVARRAGH PARK BALLYDOWNFINE single storey rear extension, rear dormer window and change to roof profile approval was recorded"},"geometry":{"type":"Polygon","coordinates":[[[-5.986678,54.5716895],[-5.9852049,54.5716895],[-5.9852049,54.5725487],[-5.986678,54.5725487],[-5.986678,54.5716895]]]}},{"type":"Feature","properties":{"id":"lens-detail-belfast-2024-planning_cell-24","layer":"planning_cell","category":"built_environment","year":2024,"visible_year":2024,"title":"1 source-backed planning and built record","confidence":"documented","confidence_mix":"documented:1","event_count":1,"source_count":1,"source_ids":"dfi-planning-statistics-2024-25-round477","event_ids":"bfs_arch_round477_botanic_avenue_hostel_change_approval_2024","event_ids_all":"bfs_arch_round477_botanic_avenue_hostel_change_approval_2024","source_urls":"https://www.infrastructure-ni.gov.uk/publications/northern-ireland-planning-statistics-april-2024-march-2025","geometry_precision_mix":"Approximate application/site navigation point from official planning-statistics row; not a surveyed footprint, legal boundary, facade, room, campus, streetworks area or works extent.:1","representation":"planning and built evidence grid cell","timing_note":"Filtered by event effective year. OSM mapped-visibility dates and administrative dates can differ from real-world physical change dates.","caveat":"Planning cells are derived from source-backed event locations; they are not parcel boundaries unless source geometry is separately present.","generated_from":"web/data/city-atlas/cities/belfast/events_2024.json","lifecycle_status":"permitted","status":"source_record","cell_size_m":95,"intensity":0.289,"label":"11 Botanic Avenue office-to-hostel change of use was approved"},"geometry":{"type":"Polygon","coordinates":[[[-5.9218616,54.5923092],[-5.9203885,54.5923092],[-5.9203885,54.5931684],[-5.9218616,54.5931684],[-5.9218616,54.5923092]]]}},{"type":"Feature","properties":{"id":"lens-detail-belfast-2024-planning_cell-240","layer":"planning_cell","category":"built_environment","year":2024,"visible_year":2024,"title":"1 source-backed planning and built record","confidence":"documented","confidence_mix":"documented:1","event_count":1,"source_count":1,"source_ids":"dfi-planning-statistics-2024-25-round560","event_ids":"bfs_arch_round560_28_connsbrook_drive_2024_0275_f_approval_2024","event_ids_all":"bfs_arch_round560_28_connsbrook_drive_2024_0275_f_approval_2024","source_urls":"https://www.infrastructure-ni.gov.uk/publications/northern-ireland-planning-statistics-april-2024-march-2025","geometry_precision_mix":"Application/site navigation point from official planning-statistics row; not a surveyed footprint, legal boundary, facade, room, campus, streetworks area or works extent.:1","representation":"planning and built evidence grid cell","timing_note":"Filtered by event effective year. OSM mapped-visibility dates and administrative dates can differ from real-world physical change dates.","caveat":"Planning cells are derived from source-backed event locations; they are not parcel boundaries unless source geometry is separately present.","generated_from":"web/data/city-atlas/cities/belfast/events_2024.json","lifecycle_status":"permitted","status":"source_record","cell_size_m":95,"intensity":0.289,"label":"28 Connsbrook Drive single storey rear extension approval was recorded"},"geometry":{"type":"Polygon","coordinates":[[[-5.883561,54.6034782],[-5.8820879,54.6034782],[-5.8820879,54.6043374],[-5.883561,54.6043374],[-5.883561,54.6034782]]]}},{"type":"Feature","properties":{"id":"lens-detail-belfast-2024-planning_cell-241","layer":"planning_cell","category":"built_environment","year":2024,"visible_year":2024,"title":"1 source-backed planning and built record","confidence":"documented","confidence_mix":"documented:1","event_count":1,"source_count":1,"source_ids":"dfi-planning-statistics-2024-25-round560","event_ids":"bfs_arch_round560_32_juniper_park_dunmurry_2023_3902_f_approval_2024","event_ids_all":"bfs_arch_round560_32_juniper_park_dunmurry_2023_3902_f_approval_2024","source_urls":"https://www.infrastructure-ni.gov.uk/publications/northern-ireland-planning-statistics-april-2024-march-2025","geometry_precision_mix":"Application/site navigation point from official planning-statistics row; not a surveyed footprint, legal boundary, facade, room, campus, streetworks area or works extent.:1","representation":"planning and built evidence grid cell","timing_note":"Filtered by event effective year. OSM mapped-visibility dates and administrative dates can differ from real-world physical change dates.","caveat":"Planning cells are derived from source-backed event locations; they are not parcel boundaries unless source geometry is separately present.","generated_from":"web/data/city-atlas/cities/belfast/events_2024.json","lifecycle_status":"permitted","status":"source_record","cell_size_m":95,"intensity":0.289,"label":"32 Juniper Park, Dunmurry single storey side extension to provide ground floor washing and sleeping facilities with disabled access into..."},"geometry":{"type":"Polygon","coordinates":[[[-6.0264517,54.5527882],[-6.0249786,54.5527882],[-6.0249786,54.5536473],[-6.0264517,54.5536473],[-6.0264517,54.5527882]]]}},{"type":"Feature","properties":{"id":"lens-detail-belfast-2024-planning_cell-242","layer":"planning_cell","category":"built_environment","year":2024,"visible_year":2024,"title":"1 source-backed planning and built record","confidence":"documented","confidence_mix":"documented:1","event_count":1,"source_count":1,"source_ids":"dfi-planning-statistics-2024-25-round560","event_ids":"bfs_arch_round560_34_cleaver_park_malone_lower_2024_0256_f_approval_2024","event_ids_all":"bfs_arch_round560_34_cleaver_park_malone_lower_2024_0256_f_approval_2024","source_urls":"https://www.infrastructure-ni.gov.uk/publications/northern-ireland-planning-statistics-april-2024-march-2025","geometry_precision_mix":"Application/site navigation point from official planning-statistics row; not a surveyed footprint, legal boundary, facade, room, campus, streetworks area or works extent.:1","representation":"planning and built evidence grid cell","timing_note":"Filtered by event effective year. OSM mapped-visibility dates and administrative dates can differ from real-world physical change dates.","caveat":"Planning cells are derived from source-backed event locations; they are not parcel boundaries unless source geometry is separately present.","generated_from":"web/data/city-atlas/cities/belfast/events_2024.json","lifecycle_status":"permitted","status":"source_record","cell_size_m":95,"intensity":0.289,"label":"34 CLEAVER PARK MALONE LOWER 2 storey and single storey rear extension, single storey side extension approval was recorded"},"geometry":{"type":"Polygon","coordinates":[[[-5.942485,54.5734079],[-5.9410119,54.5734079],[-5.9410119,54.574267],[-5.942485,54.574267],[-5.942485,54.5734079]]]}},{"type":"Feature","properties":{"id":"lens-detail-belfast-2024-planning_cell-243","layer":"planning_cell","category":"built_environment","year":2024,"visible_year":2024,"title":"1 source-backed planning and built record","confidence":"documented","confidence_mix":"documented:1","event_count":1,"source_count":1,"source_ids":"dfi-planning-statistics-2024-25-round560","event_ids":"bfs_arch_round560_36_north_sperrin_2024_0258_f_approval_2024","event_ids_all":"bfs_arch_round560_36_north_sperrin_2024_0258_f_approval_2024","source_urls":"https://www.infrastructure-ni.gov.uk/publications/northern-ireland-planning-statistics-april-2024-march-2025","geometry_precision_mix":"Application/site navigation point from official planning-statistics row; not a surveyed footprint, legal boundary, facade, room, campus, streetworks area or works extent.:1","representation":"planning and built evidence grid cell","timing_note":"Filtered by event effective year. OSM mapped-visibility dates and administrative dates can differ from real-world physical change dates.","caveat":"Planning cells are derived from source-backed event locations; they are not parcel boundaries unless source geometry is separately present.","generated_from":"web/data/city-atlas/cities/belfast/events_2024.json","lifecycle_status":"permitted","status":"source_record","cell_size_m":95,"intensity":0.289,"label":"36 North Sperrin single storey rear extension approval was recorded"},"geometry":{"type":"Polygon","coordinates":[[[-5.8349487,54.5897318],[-5.8334756,54.5897318],[-5.8334756,54.5905909],[-5.8349487,54.5905909],[-5.8349487,54.5897318]]]}},{"type":"Feature","properties":{"id":"lens-detail-belfast-2024-planning_cell-244","layer":"planning_cell","category":"built_environment","year":2024,"visible_year":2024,"title":"1 source-backed planning and built record","confidence":"documented","confidence_mix":"documented:1","event_count":1,"source_count":1,"source_ids":"dfi-planning-statistics-2024-25-round560","event_ids":"bfs_arch_round560_37_glenmillan_park_2024_0450_f_approval_2024","event_ids_all":"bfs_arch_round560_37_glenmillan_park_2024_0450_f_approval_2024","source_urls":"https://www.infrastructure-ni.gov.uk/publications/northern-ireland-planning-statistics-april-2024-march-2025","geometry_precision_mix":"Application/site navigation point from official planning-statistics row; not a surveyed footprint, legal boundary, facade, room, campus, streetworks area or works extent.:1","representation":"planning and built evidence grid cell","timing_note":"Filtered by event effective year. OSM mapped-visibility dates and administrative dates can differ from real-world physical change dates.","caveat":"Planning cells are derived from source-backed event locations; they are not parcel boundaries unless source geometry is separately present.","generated_from":"web/data/city-atlas/cities/belfast/events_2024.json","lifecycle_status":"permitted","status":"source_record","cell_size_m":95,"intensity":0.289,"label":"37 Glenmillan Park extension of garage, single storey front extension to dwelling and widening of access approval was recorded"},"geometry":{"type":"Polygon","coordinates":[[[-5.8496797,54.6112106],[-5.8482066,54.6112106],[-5.8482066,54.6120697],[-5.8496797,54.6120697],[-5.8496797,54.6112106]]]}},{"type":"Feature","properties":{"id":"lens-detail-belfast-2024-planning_cell-245","layer":"planning_cell","category":"built_environment","year":2024,"visible_year":2024,"title":"1 source-backed planning and built record","confidence":"documented","confidence_mix":"documented:1","event_count":1,"source_count":1,"source_ids":"dfi-planning-statistics-2024-25-round560","event_ids":"bfs_arch_round560_45_strathmore_park_north_2024_0009_f_approval_2024","event_ids_all":"bfs_arch_round560_45_strathmore_park_north_2024_0009_f_approval_2024","source_urls":"https://www.infrastructure-ni.gov.uk/publications/northern-ireland-planning-statistics-april-2024-march-2025","geometry_precision_mix":"Application/site navigation point from official planning-statistics row; not a surveyed footprint, legal boundary, facade, room, campus, streetworks area or works extent.:1","representation":"planning and built evidence grid cell","timing_note":"Filtered by event effective year. OSM mapped-visibility dates and administrative dates can differ from real-world physical change dates.","caveat":"Planning cells are derived from source-backed event locations; they are not parcel boundaries unless source geometry is separately present.","generated_from":"web/data/city-atlas/cities/belfast/events_2024.json","lifecycle_status":"permitted","status":"source_record","cell_size_m":95,"intensity":0.289,"label":"45 Strathmore Park North two storey rear extension approval was recorded"},"geometry":{"type":"Polygon","coordinates":[[[-5.942485,54.6369852],[-5.9410119,54.6369852],[-5.9410119,54.6378443],[-5.942485,54.6378443],[-5.942485,54.6369852]]]}},{"type":"Feature","properties":{"id":"lens-detail-belfast-2024-planning_cell-246","layer":"planning_cell","category":"built_environment","year":2024,"visible_year":2024,"title":"1 source-backed planning and built record","confidence":"documented","confidence_mix":"documented:1","event_count":1,"source_count":1,"source_ids":"dfi-planning-statistics-2024-25-round560","event_ids":"bfs_arch_round560_5_glendowan_avenue_2023_4311_f_approval_2024","event_ids_all":"bfs_arch_round560_5_glendowan_avenue_2023_4311_f_approval_2024","source_urls":"https://www.infrastructure-ni.gov.uk/publications/northern-ireland-planning-statistics-april-2024-march-2025","geometry_precision_mix":"Application/site navigation point from official planning-statistics row; not a surveyed footprint, legal boundary, facade, room, campus, streetworks area or works extent.:1","representation":"planning and built evidence grid cell","timing_note":"Filtered by event effective year. OSM mapped-visibility dates and administrative dates can differ from real-world physical change dates.","caveat":"Planning cells are derived from source-backed event locations; they are not parcel boundaries unless source geometry is separately present.","generated_from":"web/data/city-atlas/cities/belfast/events_2024.json","lifecycle_status":"permitted","status":"source_record","cell_size_m":95,"intensity":0.289,"label":"5 Glendowan Avenue single storey rear extension approval was recorded"},"geometry":{"type":"Polygon","coordinates":[[[-6.0397096,54.5536473],[-6.0382365,54.5536473],[-6.0382365,54.5545065],[-6.0397096,54.5545065],[-6.0397096,54.5536473]]]}},{"type":"Feature","properties":{"id":"lens-detail-belfast-2024-planning_cell-247","layer":"planning_cell","category":"built_environment","year":2024,"visible_year":2024,"title":"1 source-backed planning and built record","confidence":"documented","confidence_mix":"documented:1","event_count":1,"source_count":1,"source_ids":"dfi-planning-statistics-2024-25-round560","event_ids":"bfs_arch_round560_67_kirkliston_park_2024_0595_f_approval_2024","event_ids_all":"bfs_arch_round560_67_kirkliston_park_2024_0595_f_approval_2024","source_urls":"https://www.infrastructure-ni.gov.uk/publications/northern-ireland-planning-statistics-april-2024-march-2025","geometry_precision_mix":"Application/site navigation point from official planning-statistics row; not a surveyed footprint, legal boundary, facade, room, campus, streetworks area or works extent.:1","representation":"planning and built evidence grid cell","timing_note":"Filtered by event effective year. OSM mapped-visibility dates and administrative dates can differ from real-world physical change dates.","caveat":"Planning cells are derived from source-backed event locations; they are not parcel boundaries unless source geometry is separately present.","generated_from":"web/data/city-atlas/cities/belfast/events_2024.json","lifecycle_status":"permitted","status":"source_record","cell_size_m":95,"intensity":0.289,"label":"67 Kirkliston Park single storey side extension and single storey rear extension approval was recorded"},"geometry":{"type":"Polygon","coordinates":[[[-5.8717762,54.5914501],[-5.8703031,54.5914501],[-5.8703031,54.5923092],[-5.8717762,54.5923092],[-5.8717762,54.5914501]]]}},{"type":"Feature","properties":{"id":"lens-detail-belfast-2024-planning_cell-248","layer":"planning_cell","category":"built_environment","year":2024,"visible_year":2024,"title":"1 source-backed planning and built record","confidence":"documented","confidence_mix":"documented:1","event_count":1,"source_count":1,"source_ids":"dfi-planning-statistics-2024-25-round560","event_ids":"bfs_arch_round560_68_rydalmere_street_malone_lower_2023_4332_f_approval_2024","event_ids_all":"bfs_arch_round560_68_rydalmere_street_malone_lower_2023_4332_f_approval_2024","source_urls":"https://www.infrastructure-ni.gov.uk/publications/northern-ireland-planning-statistics-april-2024-march-2025","geometry_precision_mix":"Application/site navigation point from official planning-statistics row; not a surveyed footprint, legal boundary, facade, room, campus, streetworks area or works extent.:1","representation":"planning and built evidence grid cell","timing_note":"Filtered by event effective year. OSM mapped-visibility dates and administrative dates can differ from real-world physical change dates.","caveat":"Planning cells are derived from source-backed event locations; they are not parcel boundaries unless source geometry is separately present.","generated_from":"web/data/city-atlas/cities/belfast/events_2024.json","lifecycle_status":"permitted","status":"source_record","cell_size_m":95,"intensity":0.289,"label":"68 RYDALMERE STREET MALONE LOWER single storey rear extension approval was recorded"},"geometry":{"type":"Polygon","coordinates":[[[-5.9527967,54.5905909],[-5.9513236,54.5905909],[-5.9513236,54.5914501],[-5.9527967,54.5914501],[-5.9527967,54.5905909]]]}},{"type":"Feature","properties":{"id":"lens-detail-belfast-2024-planning_cell-249","layer":"planning_cell","category":"built_environment","year":2024,"visible_year":2024,"title":"1 source-backed planning and built record","confidence":"documented","confidence_mix":"documented:1","event_count":1,"source_count":1,"source_ids":"dfi-planning-statistics-2024-25-round560","event_ids":"bfs_arch_round560_72_commedagh_drive_2024_0363_f_approval_2024","event_ids_all":"bfs_arch_round560_72_commedagh_drive_2024_0363_f_approval_2024","source_urls":"https://www.infrastructure-ni.gov.uk/publications/northern-ireland-planning-statistics-april-2024-march-2025","geometry_precision_mix":"Application/site navigation point from official planning-statistics row; not a surveyed footprint, legal boundary, facade, room, campus, streetworks area or works extent.:1","representation":"planning and built evidence grid cell","timing_note":"Filtered by event effective year. OSM mapped-visibility dates and administrative dates can differ from real-world physical change dates.","caveat":"Planning cells are derived from source-backed event locations; they are not parcel boundaries unless source geometry is separately present.","generated_from":"web/data/city-atlas/cities/belfast/events_2024.json","lifecycle_status":"permitted","status":"source_record","cell_size_m":95,"intensity":0.289,"label":"72 Commedagh Drive dormer window to rear and roof window to front of dwelling approval was recorded"},"geometry":{"type":"Polygon","coordinates":[[[-5.9881511,54.5759853],[-5.986678,54.5759853],[-5.986678,54.5768445],[-5.9881511,54.5768445],[-5.9881511,54.5759853]]]}},{"type":"Feature","properties":{"id":"lens-detail-belfast-2024-planning_cell-25","layer":"planning_cell","category":"built_environment","year":2024,"visible_year":2024,"title":"1 source-backed planning and built record","confidence":"documented","confidence_mix":"documented:1","event_count":1,"source_count":1,"source_ids":"dfi-planning-statistics-2024-25-round477","event_ids":"bfs_arch_round477_boucher_centre_performing_arts_studio_approval_2024","event_ids_all":"bfs_arch_round477_boucher_centre_performing_arts_studio_approval_2024","source_urls":"https://www.infrastructure-ni.gov.uk/publications/northern-ireland-planning-statistics-april-2024-march-2025","geometry_precision_mix":"Approximate application/site navigation point from official planning-statistics row; not a surveyed footprint, legal boundary, facade, room, campus, streetworks area or works extent.:1","representation":"planning and built evidence grid cell","timing_note":"Filtered by event effective year. OSM mapped-visibility dates and administrative dates can differ from real-world physical change dates.","caveat":"Planning cells are derived from source-backed event locations; they are not parcel boundaries unless source geometry is separately present.","generated_from":"web/data/city-atlas/cities/belfast/events_2024.json","lifecycle_status":"permitted","status":"source_record","cell_size_m":95,"intensity":0.289,"label":"Boucher Centre performing-arts studio change of use was approved"},"geometry":{"type":"Polygon","coordinates":[[[-5.9513236,54.5785628],[-5.9498505,54.5785628],[-5.9498505,54.5794219],[-5.9513236,54.5794219],[-5.9513236,54.5785628]]]}},{"type":"Feature","properties":{"id":"lens-detail-belfast-2024-planning_cell-250","layer":"planning_cell","category":"built_environment","year":2024,"visible_year":2024,"title":"1 source-backed planning and built record","confidence":"documented","confidence_mix":"documented:1","event_count":1,"source_count":1,"source_ids":"dfi-planning-statistics-2024-25-round560","event_ids":"bfs_arch_round560_8_suffolk_avenue_ballymoney_2024_0041_f_approval_2024","event_ids_all":"bfs_arch_round560_8_suffolk_avenue_ballymoney_2024_0041_f_approval_2024","source_urls":"https://www.infrastructure-ni.gov.uk/publications/northern-ireland-planning-statistics-april-2024-march-2025","geometry_precision_mix":"Application/site navigation point from official planning-statistics row; not a surveyed footprint, legal boundary, facade, room, campus, streetworks area or works extent.:1","representation":"planning and built evidence grid cell","timing_note":"Filtered by event effective year. OSM mapped-visibility dates and administrative dates can differ from real-world physical change dates.","caveat":"Planning cells are derived from source-backed event locations; they are not parcel boundaries unless source geometry is separately present.","generated_from":"web/data/city-atlas/cities/belfast/events_2024.json","lifecycle_status":"permitted","status":"source_record","cell_size_m":95,"intensity":0.289,"label":"8 SUFFOLK AVENUE BALLYMONEY proposed single storey rear extension, 2 storey rear extension and enlarged dormer window approval was recorded"},"geometry":{"type":"Polygon","coordinates":[[[-6.0073014,54.5691121],[-6.0058283,54.5691121],[-6.0058283,54.5699712],[-6.0073014,54.5699712],[-6.0073014,54.5691121]]]}},{"type":"Feature","properties":{"id":"lens-detail-belfast-2024-planning_cell-251","layer":"planning_cell","category":"built_environment","year":2024,"visible_year":2024,"title":"1 source-backed planning and built record","confidence":"documented","confidence_mix":"documented:1","event_count":1,"source_count":1,"source_ids":"dfi-planning-statistics-2024-25-round560","event_ids":"bfs_arch_round560_83_carlingford_street_2024_0123_f_approval_2024","event_ids_all":"bfs_arch_round560_83_carlingford_street_2024_0123_f_approval_2024","source_urls":"https://www.infrastructure-ni.gov.uk/publications/northern-ireland-planning-statistics-april-2024-march-2025","geometry_precision_mix":"Application/site navigation point from official planning-statistics row; not a surveyed footprint, legal boundary, facade, room, campus, streetworks area or works extent.:1","representation":"planning and built evidence grid cell","timing_note":"Filtered by event effective year. OSM mapped-visibility dates and administrative dates can differ from real-world physical change dates.","caveat":"Planning cells are derived from source-backed event locations; they are not parcel boundaries unless source geometry is separately present.","generated_from":"web/data/city-atlas/cities/belfast/events_2024.json","lifecycle_status":"permitted","status":"source_record","cell_size_m":95,"intensity":0.289,"label":"83 Carlingford Street proposed two storey side extension & single storey rear extension approval was recorded"},"geometry":{"type":"Polygon","coordinates":[[[-5.9041844,54.5862952],[-5.9027113,54.5862952],[-5.9027113,54.5871543],[-5.9041844,54.5871543],[-5.9041844,54.5862952]]]}},{"type":"Feature","properties":{"id":"lens-detail-belfast-2024-planning_cell-254","layer":"planning_cell","category":"built_environment","year":2024,"visible_year":2024,"title":"1 source-backed planning and built record","confidence":"documented","confidence_mix":"documented:1","event_count":1,"source_count":1,"source_ids":"dfi-planning-statistics-2024-25-round560","event_ids":"bfs_arch_round560_lands_approx_50m_to_the_north_of_no_35_hampton_park_and_approx_3_2023_3013_f_approval_2024","event_ids_all":"bfs_arch_round560_lands_approx_50m_to_the_north_of_no_35_hampton_park_and_approx_3_2023_3013_f_approval_2024","source_urls":"https://www.infrastructure-ni.gov.uk/publications/northern-ireland-planning-statistics-april-2024-march-2025","geometry_precision_mix":"Application/site navigation point from official planning-statistics row; not a surveyed footprint, legal boundary, facade, room, campus, streetworks area or works extent.:1","representation":"planning and built evidence grid cell","timing_note":"Filtered by event effective year. OSM mapped-visibility dates and administrative dates can differ from real-world physical change dates.","caveat":"Planning cells are derived from source-backed event locations; they are not parcel boundaries unless source geometry is separately present.","generated_from":"web/data/city-atlas/cities/belfast/events_2024.json","lifecycle_status":"permitted","status":"source_record","cell_size_m":95,"intensity":0.289,"label":"Lands approx.50m to the North of no.35 Hampton Park & approx. 30m to the West of no.60 Hampton Park, Galwally erection of 1no. detached..."},"geometry":{"type":"Polygon","coordinates":[[[-5.9248078,54.5648163],[-5.9233347,54.5648163],[-5.9233347,54.5656755],[-5.9248078,54.5656755],[-5.9248078,54.5648163]]]}},{"type":"Feature","properties":{"id":"lens-detail-belfast-2024-planning_cell-255","layer":"planning_cell","category":"built_environment","year":2024,"visible_year":2024,"title":"1 source-backed planning and built record","confidence":"documented","confidence_mix":"documented:1","event_count":1,"source_count":1,"source_ids":"dfi-planning-statistics-2024-25-round565","event_ids":"bfs_arch_round565_10_glencregagh_drive_2023_4474_f_approval_2024","event_ids_all":"bfs_arch_round565_10_glencregagh_drive_2023_4474_f_approval_2024","source_urls":"https://www.infrastructure-ni.gov.uk/publications/northern-ireland-planning-statistics-april-2024-march-2025","geometry_precision_mix":"Application/site navigation point from official planning-statistics row; not a surveyed footprint, legal boundary, facade, room, campus, streetworks area or works extent.:1","representation":"planning and built evidence grid cell","timing_note":"Filtered by event effective year. OSM mapped-visibility dates and administrative dates can differ from real-world physical change dates.","caveat":"Planning cells are derived from source-backed event locations; they are not parcel boundaries unless source geometry is separately present.","generated_from":"web/data/city-atlas/cities/belfast/events_2024.json","lifecycle_status":"permitted","status":"source_record","cell_size_m":95,"intensity":0.289,"label":"10 Glencregagh Drive first floor rear extension and new steps/decking (amended description) approval was recorded"},"geometry":{"type":"Polygon","coordinates":[[[-5.9027113,54.5639572],[-5.9012382,54.5639572],[-5.9012382,54.5648163],[-5.9027113,54.5648163],[-5.9027113,54.5639572]]]}},{"type":"Feature","properties":{"id":"lens-detail-belfast-2024-planning_cell-256","layer":"planning_cell","category":"built_environment","year":2024,"visible_year":2024,"title":"1 source-backed planning and built record","confidence":"documented","confidence_mix":"documented:1","event_count":1,"source_count":1,"source_ids":"dfi-planning-statistics-2024-25-round565","event_ids":"bfs_arch_round565_119_lagmore_dale_dunmurry_2024_0406_f_approval_2024","event_ids_all":"bfs_arch_round565_119_lagmore_dale_dunmurry_2024_0406_f_approval_2024","source_urls":"https://www.infrastructure-ni.gov.uk/publications/northern-ireland-planning-statistics-april-2024-march-2025","geometry_precision_mix":"Application/site navigation point from official planning-statistics row; not a surveyed footprint, legal boundary, facade, room, campus, streetworks area or works extent.:1","representation":"planning and built evidence grid cell","timing_note":"Filtered by event effective year. OSM mapped-visibility dates and administrative dates can differ from real-world physical change dates.","caveat":"Planning cells are derived from source-backed event locations; they are not parcel boundaries unless source geometry is separately present.","generated_from":"web/data/city-atlas/cities/belfast/events_2024.json","lifecycle_status":"permitted","status":"source_record","cell_size_m":95,"intensity":0.289,"label":"119 Lagmore Dale, Dunmurry two storey side extension with pitched roof and juliet balcony to the rear approval was recorded"},"geometry":{"type":"Polygon","coordinates":[[[-6.0323441,54.5467741],[-6.030871,54.5467741],[-6.030871,54.5476333],[-6.0323441,54.5476333],[-6.0323441,54.5467741]]]}},{"type":"Feature","properties":{"id":"lens-detail-belfast-2024-planning_cell-257","layer":"planning_cell","category":"built_environment","year":2024,"visible_year":2024,"title":"1 source-backed planning and built record","confidence":"documented","confidence_mix":"documented:1","event_count":1,"source_count":1,"source_ids":"dfi-planning-statistics-2024-25-round565","event_ids":"bfs_arch_round565_139_university_street_malone_lower_2023_2694_f_approval_2024","event_ids_all":"bfs_arch_round565_139_university_street_malone_lower_2023_2694_f_approval_2024","source_urls":"https://www.infrastructure-ni.gov.uk/publications/northern-ireland-planning-statistics-april-2024-march-2025","geometry_precision_mix":"Application/site navigation point from official planning-statistics row; not a surveyed footprint, legal boundary, facade, room, campus, streetworks area or works extent.:1","representation":"planning and built evidence grid cell","timing_note":"Filtered by event effective year. OSM mapped-visibility dates and administrative dates can differ from real-world physical change dates.","caveat":"Planning cells are derived from source-backed event locations; they are not parcel boundaries unless source geometry is separately present.","generated_from":"web/data/city-atlas/cities/belfast/events_2024.json","lifecycle_status":"permitted","status":"source_record","cell_size_m":95,"intensity":0.289,"label":"139 UNIVERSITY STREET MALONE LOWER change of use from offices to 6no. short-term stay apartments including 3 storey rear extension and..."},"geometry":{"type":"Polygon","coordinates":[[[-5.9262809,54.585436],[-5.9248078,54.585436],[-5.9248078,54.5862952],[-5.9262809,54.5862952],[-5.9262809,54.585436]]]}},{"type":"Feature","properties":{"id":"lens-detail-belfast-2024-planning_cell-258","layer":"planning_cell","category":"built_environment","year":2024,"visible_year":2024,"title":"1 source-backed planning and built record","confidence":"documented","confidence_mix":"documented:1","event_count":1,"source_count":1,"source_ids":"dfi-planning-statistics-2024-25-round565","event_ids":"bfs_arch_round565_14_cambourne_park_2024_0730_f_approval_2024","event_ids_all":"bfs_arch_round565_14_cambourne_park_2024_0730_f_approval_2024","source_urls":"https://www.infrastructure-ni.gov.uk/publications/northern-ireland-planning-statistics-april-2024-march-2025","geometry_precision_mix":"Application/site navigation point from official planning-statistics row; not a surveyed footprint, legal boundary, facade, room, campus, streetworks area or works extent.:1","representation":"planning and built evidence grid cell","timing_note":"Filtered by event effective year. OSM mapped-visibility dates and administrative dates can differ from real-world physical change dates.","caveat":"Planning cells are derived from source-backed event locations; they are not parcel boundaries unless source geometry is separately present.","generated_from":"web/data/city-atlas/cities/belfast/events_2024.json","lifecycle_status":"permitted","status":"source_record","cell_size_m":95,"intensity":0.289,"label":"14 Cambourne Park two storey and single storey rear extension; alterations to front facade approval was recorded"},"geometry":{"type":"Polygon","coordinates":[[[-5.9601622,54.5588023],[-5.9586891,54.5588023],[-5.9586891,54.5596614],[-5.9601622,54.5596614],[-5.9601622,54.5588023]]]}},{"type":"Feature","properties":{"id":"lens-detail-belfast-2024-planning_cell-259","layer":"planning_cell","category":"built_environment","year":2024,"visible_year":2024,"title":"1 source-backed planning and built record","confidence":"documented","confidence_mix":"documented:1","event_count":1,"source_count":1,"source_ids":"dfi-planning-statistics-2024-25-round565","event_ids":"bfs_arch_round565_14_kensington_park_2023_4495_f_approval_2024","event_ids_all":"bfs_arch_round565_14_kensington_park_2023_4495_f_approval_2024","source_urls":"https://www.infrastructure-ni.gov.uk/publications/northern-ireland-planning-statistics-april-2024-march-2025","geometry_precision_mix":"Application/site navigation point from official planning-statistics row; not a surveyed footprint, legal boundary, facade, room, campus, streetworks area or works extent.:1","representation":"planning and built evidence grid cell","timing_note":"Filtered by event effective year. OSM mapped-visibility dates and administrative dates can differ from real-world physical change dates.","caveat":"Planning cells are derived from source-backed event locations; they are not parcel boundaries unless source geometry is separately present.","generated_from":"web/data/city-atlas/cities/belfast/events_2024.json","lifecycle_status":"permitted","status":"source_record","cell_size_m":95,"intensity":0.289,"label":"14 Kensington Park 2 storey rear extension. additional alterations to dwelling approval was recorded"},"geometry":{"type":"Polygon","coordinates":[[[-5.854099,54.5845768],[-5.8526259,54.5845768],[-5.8526259,54.585436],[-5.854099,54.585436],[-5.854099,54.5845768]]]}},{"type":"Feature","properties":{"id":"lens-detail-belfast-2024-planning_cell-26","layer":"planning_cell","category":"built_environment","year":2024,"visible_year":2024,"title":"1 source-backed planning and built record","confidence":"documented","confidence_mix":"documented:1","event_count":1,"source_count":1,"source_ids":"dfi-planning-statistics-2024-25-round477","event_ids":"bfs_arch_round477_campbell_college_sports_hall_lbc_2024","event_ids_all":"bfs_arch_round477_campbell_college_sports_hall_lbc_2024","source_urls":"https://www.infrastructure-ni.gov.uk/publications/northern-ireland-planning-statistics-april-2024-march-2025","geometry_precision_mix":"Approximate application/site navigation point from official planning-statistics row; not a surveyed footprint, legal boundary, facade, room, campus, streetworks area or works extent.:1","representation":"planning and built evidence grid cell","timing_note":"Filtered by event effective year. OSM mapped-visibility dates and administrative dates can differ from real-world physical change dates.","caveat":"Planning cells are derived from source-backed event locations; they are not parcel boundaries unless source geometry is separately present.","generated_from":"web/data/city-atlas/cities/belfast/events_2024.json","lifecycle_status":"permitted","status":"source_record","cell_size_m":95,"intensity":0.289,"label":"Campbell College sports-hall listed-building consent amendment was approved"},"geometry":{"type":"Polygon","coordinates":[[[-5.8364218,54.6060557],[-5.8349487,54.6060557],[-5.8349487,54.6069148],[-5.8364218,54.6069148],[-5.8364218,54.6060557]]]}},{"type":"Feature","properties":{"id":"lens-detail-belfast-2024-planning_cell-261","layer":"planning_cell","category":"built_environment","year":2024,"visible_year":2024,"title":"1 source-backed planning and built record","confidence":"documented","confidence_mix":"documented:1","event_count":1,"source_count":1,"source_ids":"dfi-planning-statistics-2024-25-round565","event_ids":"bfs_arch_round565_19_glenvarlock_street_2024_0725_f_approval_2024","event_ids_all":"bfs_arch_round565_19_glenvarlock_street_2024_0725_f_approval_2024","source_urls":"https://www.infrastructure-ni.gov.uk/publications/northern-ireland-planning-statistics-april-2024-march-2025","geometry_precision_mix":"Application/site navigation point from official planning-statistics row; not a surveyed footprint, legal boundary, facade, room, campus, streetworks area or works extent.:1","representation":"planning and built evidence grid cell","timing_note":"Filtered by event effective year. OSM mapped-visibility dates and administrative dates can differ from real-world physical change dates.","caveat":"Planning cells are derived from source-backed event locations; they are not parcel boundaries unless source geometry is separately present.","generated_from":"web/data/city-atlas/cities/belfast/events_2024.json","lifecycle_status":"permitted","status":"source_record","cell_size_m":95,"intensity":0.289,"label":"19 Glenvarlock Street 2-storey rear extension approval was recorded"},"geometry":{"type":"Polygon","coordinates":[[[-5.8968189,54.5888726],[-5.8953458,54.5888726],[-5.8953458,54.5897318],[-5.8968189,54.5897318],[-5.8968189,54.5888726]]]}},{"type":"Feature","properties":{"id":"lens-detail-belfast-2024-planning_cell-262","layer":"planning_cell","category":"built_environment","year":2024,"visible_year":2024,"title":"1 source-backed planning and built record","confidence":"documented","confidence_mix":"documented:1","event_count":1,"source_count":1,"source_ids":"dfi-planning-statistics-2024-25-round565","event_ids":"bfs_arch_round565_2_stephen_street_2024_0776_f_approval_2024","event_ids_all":"bfs_arch_round565_2_stephen_street_2024_0776_f_approval_2024","source_urls":"https://www.infrastructure-ni.gov.uk/publications/northern-ireland-planning-statistics-april-2024-march-2025","geometry_precision_mix":"Application/site navigation point from official planning-statistics row; not a surveyed footprint, legal boundary, facade, room, campus, streetworks area or works extent.:1","representation":"planning and built evidence grid cell","timing_note":"Filtered by event effective year. OSM mapped-visibility dates and administrative dates can differ from real-world physical change dates.","caveat":"Planning cells are derived from source-backed event locations; they are not parcel boundaries unless source geometry is separately present.","generated_from":"web/data/city-atlas/cities/belfast/events_2024.json","lifecycle_status":"permitted","status":"source_record","cell_size_m":95,"intensity":0.289,"label":"2 Stephen Street first floor rear extension, relocation of courtyard entrance to side, new window to gable approval was recorded"},"geometry":{"type":"Polygon","coordinates":[[[-5.9351195,54.6034782],[-5.9336464,54.6034782],[-5.9336464,54.6043374],[-5.9351195,54.6043374],[-5.9351195,54.6034782]]]}},{"type":"Feature","properties":{"id":"lens-detail-belfast-2024-planning_cell-263","layer":"planning_cell","category":"built_environment","year":2024,"visible_year":2024,"title":"1 source-backed planning and built record","confidence":"documented","confidence_mix":"documented:1","event_count":1,"source_count":1,"source_ids":"dfi-planning-statistics-2024-25-round565","event_ids":"bfs_arch_round565_26_eastleigh_drive_2024_0168_f_approval_2024","event_ids_all":"bfs_arch_round565_26_eastleigh_drive_2024_0168_f_approval_2024","source_urls":"https://www.infrastructure-ni.gov.uk/publications/northern-ireland-planning-statistics-april-2024-march-2025","geometry_precision_mix":"Application/site navigation point from official planning-statistics row; not a surveyed footprint, legal boundary, facade, room, campus, streetworks area or works extent.:1","representation":"planning and built evidence grid cell","timing_note":"Filtered by event effective year. OSM mapped-visibility dates and administrative dates can differ from real-world physical change dates.","caveat":"Planning cells are derived from source-backed event locations; they are not parcel boundaries unless source geometry is separately present.","generated_from":"web/data/city-atlas/cities/belfast/events_2024.json","lifecycle_status":"demolished","status":"source_record","cell_size_m":95,"intensity":0.289,"label":"26 Eastleigh Drive demolition of detached garage and erection of single storey rear/side extension approval was recorded"},"geometry":{"type":"Polygon","coordinates":[[[-5.8673569,54.5957458],[-5.8658838,54.5957458],[-5.8658838,54.596605],[-5.8673569,54.596605],[-5.8673569,54.5957458]]]}},{"type":"Feature","properties":{"id":"lens-detail-belfast-2024-planning_cell-264","layer":"planning_cell","category":"built_environment","year":2024,"visible_year":2024,"title":"1 source-backed planning and built record","confidence":"documented","confidence_mix":"documented:1","event_count":1,"source_count":1,"source_ids":"dfi-planning-statistics-2024-25-round565","event_ids":"bfs_arch_round565_29_ava_drive_2024_0873_f_approval_2024","event_ids_all":"bfs_arch_round565_29_ava_drive_2024_0873_f_approval_2024","source_urls":"https://www.infrastructure-ni.gov.uk/publications/northern-ireland-planning-statistics-april-2024-march-2025","geometry_precision_mix":"Application/site navigation point from official planning-statistics row; not a surveyed footprint, legal boundary, facade, room, campus, streetworks area or works extent.:1","representation":"planning and built evidence grid cell","timing_note":"Filtered by event effective year. OSM mapped-visibility dates and administrative dates can differ from real-world physical change dates.","caveat":"Planning cells are derived from source-backed event locations; they are not parcel boundaries unless source geometry is separately present.","generated_from":"web/data/city-atlas/cities/belfast/events_2024.json","lifecycle_status":"permitted","status":"source_record","cell_size_m":95,"intensity":0.289,"label":"29 Ava Drive change of use from short term holiday let accommodation to a residential dwelling approval was recorded"},"geometry":{"type":"Polygon","coordinates":[[[-5.9248078,54.5759853],[-5.9233347,54.5759853],[-5.9233347,54.5768445],[-5.9248078,54.5768445],[-5.9248078,54.5759853]]]}},{"type":"Feature","properties":{"id":"lens-detail-belfast-2024-planning_cell-265","layer":"planning_cell","category":"built_environment","year":2024,"visible_year":2024,"title":"1 source-backed planning and built record","confidence":"documented","confidence_mix":"documented:1","event_count":1,"source_count":1,"source_ids":"dfi-planning-statistics-2024-25-round565","event_ids":"bfs_arch_round565_3_kincora_avenue_2024_0884_f_approval_2024","event_ids_all":"bfs_arch_round565_3_kincora_avenue_2024_0884_f_approval_2024","source_urls":"https://www.infrastructure-ni.gov.uk/publications/northern-ireland-planning-statistics-april-2024-march-2025","geometry_precision_mix":"Application/site navigation point from official planning-statistics row; not a surveyed footprint, legal boundary, facade, room, campus, streetworks area or works extent.:1","representation":"planning and built evidence grid cell","timing_note":"Filtered by event effective year. OSM mapped-visibility dates and administrative dates can differ from real-world physical change dates.","caveat":"Planning cells are derived from source-backed event locations; they are not parcel boundaries unless source geometry is separately present.","generated_from":"web/data/city-atlas/cities/belfast/events_2024.json","lifecycle_status":"demolished","status":"source_record","cell_size_m":95,"intensity":0.289,"label":"3 Kincora Avenue single storey side return extension, demolition of lightweight structures to rear and fenestration alterations to..."},"geometry":{"type":"Polygon","coordinates":[[[-5.86883,54.5957458],[-5.8673569,54.5957458],[-5.8673569,54.596605],[-5.86883,54.596605],[-5.86883,54.5957458]]]}},{"type":"Feature","properties":{"id":"lens-detail-belfast-2024-planning_cell-266","layer":"planning_cell","category":"built_environment","year":2024,"visible_year":2024,"title":"1 source-backed planning and built record","confidence":"documented","confidence_mix":"documented:1","event_count":1,"source_count":1,"source_ids":"dfi-planning-statistics-2024-25-round565","event_ids":"bfs_arch_round565_36_rosemary_park_2024_0942_f_approval_2024","event_ids_all":"bfs_arch_round565_36_rosemary_park_2024_0942_f_approval_2024","source_urls":"https://www.infrastructure-ni.gov.uk/publications/northern-ireland-planning-statistics-april-2024-march-2025","geometry_precision_mix":"Application/site navigation point from official planning-statistics row; not a surveyed footprint, legal boundary, facade, room, campus, streetworks area or works extent.:1","representation":"planning and built evidence grid cell","timing_note":"Filtered by event effective year. OSM mapped-visibility dates and administrative dates can differ from real-world physical change dates.","caveat":"Planning cells are derived from source-backed event locations; they are not parcel boundaries unless source geometry is separately present.","generated_from":"web/data/city-atlas/cities/belfast/events_2024.json","lifecycle_status":"demolished","status":"source_record","cell_size_m":95,"intensity":0.289,"label":"36 Rosemary Park two storey rear extension including demolition of existing garage approval was recorded"},"geometry":{"type":"Polygon","coordinates":[[[-5.9586891,54.5605206],[-5.957216,54.5605206],[-5.957216,54.5613797],[-5.9586891,54.5613797],[-5.9586891,54.5605206]]]}},{"type":"Feature","properties":{"id":"lens-detail-belfast-2024-planning_cell-267","layer":"planning_cell","category":"built_environment","year":2024,"visible_year":2024,"title":"1 source-backed planning and built record","confidence":"documented","confidence_mix":"documented:1","event_count":1,"source_count":1,"source_ids":"dfi-planning-statistics-2024-25-round565","event_ids":"bfs_arch_round565_39_church_road_newtownbreda_2023_3316_f_approval_2024","event_ids_all":"bfs_arch_round565_39_church_road_newtownbreda_2023_3316_f_approval_2024","source_urls":"https://www.infrastructure-ni.gov.uk/publications/northern-ireland-planning-statistics-april-2024-march-2025","geometry_precision_mix":"Application/site navigation point from official planning-statistics row; not a surveyed footprint, legal boundary, facade, room, campus, streetworks area or works extent.:1","representation":"planning and built evidence grid cell","timing_note":"Filtered by event effective year. OSM mapped-visibility dates and administrative dates can differ from real-world physical change dates.","caveat":"Planning cells are derived from source-backed event locations; they are not parcel boundaries unless source geometry is separately present.","generated_from":"web/data/city-atlas/cities/belfast/events_2024.json","lifecycle_status":"permitted","status":"source_record","cell_size_m":95,"intensity":0.289,"label":"39 Church Road, Newtownbreda two storey side/rear extension with dormer to rear and associated site works (amended proposal description..."},"geometry":{"type":"Polygon","coordinates":[[[-5.9144961,54.5639572],[-5.913023,54.5639572],[-5.913023,54.5648163],[-5.9144961,54.5648163],[-5.9144961,54.5639572]]]}},{"type":"Feature","properties":{"id":"lens-detail-belfast-2024-planning_cell-268","layer":"planning_cell","category":"built_environment","year":2024,"visible_year":2024,"title":"1 source-backed planning and built record","confidence":"documented","confidence_mix":"documented:1","event_count":1,"source_count":1,"source_ids":"dfi-planning-statistics-2024-25-round565","event_ids":"bfs_arch_round565_40_denorrton_park_2023_4557_f_approval_2024","event_ids_all":"bfs_arch_round565_40_denorrton_park_2023_4557_f_approval_2024","source_urls":"https://www.infrastructure-ni.gov.uk/publications/northern-ireland-planning-statistics-april-2024-march-2025","geometry_precision_mix":"Application/site navigation point from official planning-statistics row; not a surveyed footprint, legal boundary, facade, room, campus, streetworks area or works extent.:1","representation":"planning and built evidence grid cell","timing_note":"Filtered by event effective year. OSM mapped-visibility dates and administrative dates can differ from real-world physical change dates.","caveat":"Planning cells are derived from source-backed event locations; they are not parcel boundaries unless source geometry is separately present.","generated_from":"web/data/city-atlas/cities/belfast/events_2024.json","lifecycle_status":"permitted","status":"source_record","cell_size_m":95,"intensity":0.289,"label":"40 Denorrton Park two storey extension to side & rear of dwelling with domestic workshop at ground floor & games room above (amended..."},"geometry":{"type":"Polygon","coordinates":[[[-5.8747224,54.6051965],[-5.8732493,54.6051965],[-5.8732493,54.6060557],[-5.8747224,54.6060557],[-5.8747224,54.6051965]]]}},{"type":"Feature","properties":{"id":"lens-detail-belfast-2024-planning_cell-269","layer":"planning_cell","category":"built_environment","year":2024,"visible_year":2024,"title":"1 source-backed planning and built record","confidence":"documented","confidence_mix":"documented:1","event_count":1,"source_count":1,"source_ids":"dfi-planning-statistics-2024-25-round565","event_ids":"bfs_arch_round565_47_greystown_park_2024_0819_f_approval_2024","event_ids_all":"bfs_arch_round565_47_greystown_park_2024_0819_f_approval_2024","source_urls":"https://www.infrastructure-ni.gov.uk/publications/northern-ireland-planning-statistics-april-2024-march-2025","geometry_precision_mix":"Application/site navigation point from official planning-statistics row; not a surveyed footprint, legal boundary, facade, room, campus, streetworks area or works extent.:1","representation":"planning and built evidence grid cell","timing_note":"Filtered by event effective year. OSM mapped-visibility dates and administrative dates can differ from real-world physical change dates.","caveat":"Planning cells are derived from source-backed event locations; they are not parcel boundaries unless source geometry is separately present.","generated_from":"web/data/city-atlas/cities/belfast/events_2024.json","lifecycle_status":"permitted","status":"source_record","cell_size_m":95,"intensity":0.289,"label":"47 Greystown Park single storey rear extension and front elevation changes to facilitate conversion of garage to playroom / home office..."},"geometry":{"type":"Polygon","coordinates":[[[-5.9734201,54.5536473],[-5.971947,54.5536473],[-5.971947,54.5545065],[-5.9734201,54.5545065],[-5.9734201,54.5536473]]]}},{"type":"Feature","properties":{"id":"lens-detail-belfast-2024-planning_cell-27","layer":"planning_cell","category":"built_environment","year":2024,"visible_year":2024,"title":"1 source-backed planning and built record","confidence":"documented","confidence_mix":"documented:1","event_count":1,"source_count":1,"source_ids":"dfi-planning-statistics-2024-25-round477","event_ids":"bfs_arch_round477_castle_buildings_stormont_cladding_approval_2024","event_ids_all":"bfs_arch_round477_castle_buildings_stormont_cladding_approval_2024","source_urls":"https://www.infrastructure-ni.gov.uk/publications/northern-ireland-planning-statistics-april-2024-march-2025","geometry_precision_mix":"Approximate application/site navigation point from official planning-statistics row; not a surveyed footprint, legal boundary, facade, room, campus, streetworks area or works extent.:1","representation":"planning and built evidence grid cell","timing_note":"Filtered by event effective year. OSM mapped-visibility dates and administrative dates can differ from real-world physical change dates.","caveat":"Planning cells are derived from source-backed event locations; they are not parcel boundaries unless source geometry is separately present.","generated_from":"web/data/city-atlas/cities/belfast/events_2024.json","lifecycle_status":"permitted","status":"source_record","cell_size_m":95,"intensity":0.289,"label":"Castle Buildings Stormont facade cladding works were approved"},"geometry":{"type":"Polygon","coordinates":[[[-5.8187446,54.6043374],[-5.8172715,54.6043374],[-5.8172715,54.6051965],[-5.8187446,54.6051965],[-5.8187446,54.6043374]]]}},{"type":"Feature","properties":{"id":"lens-detail-belfast-2024-planning_cell-270","layer":"planning_cell","category":"built_environment","year":2024,"visible_year":2024,"title":"1 source-backed planning and built record","confidence":"documented","confidence_mix":"documented:1","event_count":1,"source_count":1,"source_ids":"dfi-planning-statistics-2024-25-round565","event_ids":"bfs_arch_round565_5_knockhill_park_2024_0669_f_approval_2024","event_ids_all":"bfs_arch_round565_5_knockhill_park_2024_0669_f_approval_2024","source_urls":"https://www.infrastructure-ni.gov.uk/publications/northern-ireland-planning-statistics-april-2024-march-2025","geometry_precision_mix":"Application/site navigation point from official planning-statistics row; not a surveyed footprint, legal boundary, facade, room, campus, streetworks area or works extent.:1","representation":"planning and built evidence grid cell","timing_note":"Filtered by event effective year. OSM mapped-visibility dates and administrative dates can differ from real-world physical change dates.","caveat":"Planning cells are derived from source-backed event locations; they are not parcel boundaries unless source geometry is separately present.","generated_from":"web/data/city-atlas/cities/belfast/events_2024.json","lifecycle_status":"demolished","status":"source_record","cell_size_m":95,"intensity":0.289,"label":"5 Knockhill Park single storey extension to rear/side and demolition of existing garage approval was recorded"},"geometry":{"type":"Polygon","coordinates":[[[-5.8644107,54.5940275],[-5.8629376,54.5940275],[-5.8629376,54.5948867],[-5.8644107,54.5948867],[-5.8644107,54.5940275]]]}},{"type":"Feature","properties":{"id":"lens-detail-belfast-2024-planning_cell-271","layer":"planning_cell","category":"built_environment","year":2024,"visible_year":2024,"title":"1 source-backed planning and built record","confidence":"documented","confidence_mix":"documented:1","event_count":1,"source_count":1,"source_ids":"dfi-planning-statistics-2024-25-round565","event_ids":"bfs_arch_round565_50m_east_of_191_ballyhill_road_ligoniel_2024_0042_o_approval_2024","event_ids_all":"bfs_arch_round565_50m_east_of_191_ballyhill_road_ligoniel_2024_0042_o_approval_2024","source_urls":"https://www.infrastructure-ni.gov.uk/publications/northern-ireland-planning-statistics-april-2024-march-2025","geometry_precision_mix":"Application/site navigation point from official planning-statistics row; not a surveyed footprint, legal boundary, facade, room, campus, streetworks area or works extent.:1","representation":"planning and built evidence grid cell","timing_note":"Filtered by event effective year. OSM mapped-visibility dates and administrative dates can differ from real-world physical change dates.","caveat":"Planning cells are derived from source-backed event locations; they are not parcel boundaries unless source geometry is separately present.","generated_from":"web/data/city-atlas/cities/belfast/events_2024.json","lifecycle_status":"permitted","status":"source_record","cell_size_m":95,"intensity":0.289,"label":"50m east of 191 Ballyhill Road, Ligoniel renewal of existing approval la04/2019/2913/o for a dwelling and garage approval was recorded"},"geometry":{"type":"Polygon","coordinates":[[[-6.001409,54.6335486],[-5.9999359,54.6335486],[-5.9999359,54.6344077],[-6.001409,54.6344077],[-6.001409,54.6335486]]]}},{"type":"Feature","properties":{"id":"lens-detail-belfast-2024-planning_cell-272","layer":"planning_cell","category":"built_environment","year":2024,"visible_year":2024,"title":"1 source-backed planning and built record","confidence":"documented","confidence_mix":"documented:1","event_count":1,"source_count":1,"source_ids":"dfi-planning-statistics-2024-25-round565","event_ids":"bfs_arch_round565_59_newforge_lane_2024_0494_f_approval_2024","event_ids_all":"bfs_arch_round565_59_newforge_lane_2024_0494_f_approval_2024","source_urls":"https://www.infrastructure-ni.gov.uk/publications/northern-ireland-planning-statistics-april-2024-march-2025","geometry_precision_mix":"Application/site navigation point from official planning-statistics row; not a surveyed footprint, legal boundary, facade, room, campus, streetworks area or works extent.:1","representation":"planning and built evidence grid cell","timing_note":"Filtered by event effective year. OSM mapped-visibility dates and administrative dates can differ from real-world physical change dates.","caveat":"Planning cells are derived from source-backed event locations; they are not parcel boundaries unless source geometry is separately present.","generated_from":"web/data/city-atlas/cities/belfast/events_2024.json","lifecycle_status":"permitted","status":"source_record","cell_size_m":95,"intensity":0.289,"label":"59 Newforge Lane renovation of existing dwelling to provide extension and new balcony and a new large single storey garage. dwelling to..."},"geometry":{"type":"Polygon","coordinates":[[[-5.9498505,54.5579431],[-5.9483774,54.5579431],[-5.9483774,54.5588023],[-5.9498505,54.5588023],[-5.9498505,54.5579431]]]}},{"type":"Feature","properties":{"id":"lens-detail-belfast-2024-planning_cell-273","layer":"planning_cell","category":"built_environment","year":2024,"visible_year":2024,"title":"1 source-backed planning and built record","confidence":"documented","confidence_mix":"documented:1","event_count":1,"source_count":1,"source_ids":"dfi-planning-statistics-2024-25-round565","event_ids":"bfs_arch_round565_6_harberton_drive_2024_0607_f_approval_2024","event_ids_all":"bfs_arch_round565_6_harberton_drive_2024_0607_f_approval_2024","source_urls":"https://www.infrastructure-ni.gov.uk/publications/northern-ireland-planning-statistics-april-2024-march-2025","geometry_precision_mix":"Application/site navigation point from official planning-statistics row; not a surveyed footprint, legal boundary, facade, room, campus, streetworks area or works extent.:1","representation":"planning and built evidence grid cell","timing_note":"Filtered by event effective year. OSM mapped-visibility dates and administrative dates can differ from real-world physical change dates.","caveat":"Planning cells are derived from source-backed event locations; they are not parcel boundaries unless source geometry is separately present.","generated_from":"web/data/city-atlas/cities/belfast/events_2024.json","lifecycle_status":"demolished","status":"source_record","cell_size_m":95,"intensity":0.289,"label":"6 Harberton Drive 2 storey rear extension with 1st floor covered balcony; replacement garage; re-roofing of existing dwelling..."},"geometry":{"type":"Polygon","coordinates":[[[-5.9631084,54.5656755],[-5.9616353,54.5656755],[-5.9616353,54.5665346],[-5.9631084,54.5665346],[-5.9631084,54.5656755]]]}},{"type":"Feature","properties":{"id":"lens-detail-belfast-2024-planning_cell-274","layer":"planning_cell","category":"built_environment","year":2024,"visible_year":2024,"title":"1 source-backed planning and built record","confidence":"documented","confidence_mix":"documented:1","event_count":1,"source_count":1,"source_ids":"dfi-planning-statistics-2024-25-round565","event_ids":"bfs_arch_round565_8_coolnasilla_gardens_2024_0395_f_approval_2024","event_ids_all":"bfs_arch_round565_8_coolnasilla_gardens_2024_0395_f_approval_2024","source_urls":"https://www.infrastructure-ni.gov.uk/publications/northern-ireland-planning-statistics-april-2024-march-2025","geometry_precision_mix":"Application/site navigation point from official planning-statistics row; not a surveyed footprint, legal boundary, facade, room, campus, streetworks area or works extent.:1","representation":"planning and built evidence grid cell","timing_note":"Filtered by event effective year. OSM mapped-visibility dates and administrative dates can differ from real-world physical change dates.","caveat":"Planning cells are derived from source-backed event locations; they are not parcel boundaries unless source geometry is separately present.","generated_from":"web/data/city-atlas/cities/belfast/events_2024.json","lifecycle_status":"permitted","status":"source_record","cell_size_m":95,"intensity":0.289,"label":"8 Coolnasilla Gardens two storey extension to front and extension to existing front dormer approval was recorded"},"geometry":{"type":"Polygon","coordinates":[[[-5.9955166,54.5802811],[-5.9940435,54.5802811],[-5.9940435,54.5811402],[-5.9955166,54.5811402],[-5.9955166,54.5802811]]]}},{"type":"Feature","properties":{"id":"lens-detail-belfast-2024-planning_cell-275","layer":"planning_cell","category":"built_environment","year":2024,"visible_year":2024,"title":"1 source-backed planning and built record","confidence":"documented","confidence_mix":"documented:1","event_count":1,"source_count":1,"source_ids":"dfi-planning-statistics-2024-25-round565","event_ids":"bfs_arch_round565_8_stranmillis_gardens_2024_0772_f_approval_2024","event_ids_all":"bfs_arch_round565_8_stranmillis_gardens_2024_0772_f_approval_2024","source_urls":"https://www.infrastructure-ni.gov.uk/publications/northern-ireland-planning-statistics-april-2024-march-2025","geometry_precision_mix":"Application/site navigation point from official planning-statistics row; not a surveyed footprint, legal boundary, facade, room, campus, streetworks area or works extent.:1","representation":"planning and built evidence grid cell","timing_note":"Filtered by event effective year. OSM mapped-visibility dates and administrative dates can differ from real-world physical change dates.","caveat":"Planning cells are derived from source-backed event locations; they are not parcel boundaries unless source geometry is separately present.","generated_from":"web/data/city-atlas/cities/belfast/events_2024.json","lifecycle_status":"permitted","status":"source_record","cell_size_m":95,"intensity":0.289,"label":"8 Stranmillis Gardens single storey rear extension and new dormer to rear elevation of existing hmo approval was recorded"},"geometry":{"type":"Polygon","coordinates":[[[-5.9351195,54.5794219],[-5.9336464,54.5794219],[-5.9336464,54.5802811],[-5.9351195,54.5802811],[-5.9351195,54.5794219]]]}},{"type":"Feature","properties":{"id":"lens-detail-belfast-2024-planning_cell-276","layer":"planning_cell","category":"built_environment","year":2024,"visible_year":2024,"title":"1 source-backed planning and built record","confidence":"documented","confidence_mix":"documented:1","event_count":1,"source_count":1,"source_ids":"dfi-planning-statistics-2024-25-round565","event_ids":"bfs_arch_round565_80_wynchurch_park_2024_0525_f_approval_2024","event_ids_all":"bfs_arch_round565_80_wynchurch_park_2024_0525_f_approval_2024","source_urls":"https://www.infrastructure-ni.gov.uk/publications/northern-ireland-planning-statistics-april-2024-march-2025","geometry_precision_mix":"Application/site navigation point from official planning-statistics row; not a surveyed footprint, legal boundary, facade, room, campus, streetworks area or works extent.:1","representation":"planning and built evidence grid cell","timing_note":"Filtered by event effective year. OSM mapped-visibility dates and administrative dates can differ from real-world physical change dates.","caveat":"Planning cells are derived from source-backed event locations; they are not parcel boundaries unless source geometry is separately present.","generated_from":"web/data/city-atlas/cities/belfast/events_2024.json","lifecycle_status":"permitted","status":"source_record","cell_size_m":95,"intensity":0.289,"label":"80 Wynchurch Park addition of a ground floor rear extension and a first floor rear extension approval was recorded"},"geometry":{"type":"Polygon","coordinates":[[[-5.9041844,54.5691121],[-5.9027113,54.5691121],[-5.9027113,54.5699712],[-5.9041844,54.5699712],[-5.9041844,54.5691121]]]}},{"type":"Feature","properties":{"id":"lens-detail-belfast-2024-planning_cell-277","layer":"planning_cell","category":"built_environment","year":2024,"visible_year":2024,"title":"1 source-backed planning and built record","confidence":"documented","confidence_mix":"documented:1","event_count":1,"source_count":1,"source_ids":"dfi-planning-statistics-2024-25-round565","event_ids":"bfs_arch_round565_9_shrewsbury_gardens_2024_0107_f_approval_2024","event_ids_all":"bfs_arch_round565_9_shrewsbury_gardens_2024_0107_f_approval_2024","source_urls":"https://www.infrastructure-ni.gov.uk/publications/northern-ireland-planning-statistics-april-2024-march-2025","geometry_precision_mix":"Application/site navigation point from official planning-statistics row; not a surveyed footprint, legal boundary, facade, room, campus, streetworks area or works extent.:1","representation":"planning and built evidence grid cell","timing_note":"Filtered by event effective year. OSM mapped-visibility dates and administrative dates can differ from real-world physical change dates.","caveat":"Planning cells are derived from source-backed event locations; they are not parcel boundaries unless source geometry is separately present.","generated_from":"web/data/city-atlas/cities/belfast/events_2024.json","lifecycle_status":"permitted","status":"source_record","cell_size_m":95,"intensity":0.289,"label":"9 Shrewsbury Gardens 2 storey & 1 storey extension to rear of dwelling (amended description) approval was recorded"},"geometry":{"type":"Polygon","coordinates":[[[-5.9616353,54.5648163],[-5.9601622,54.5648163],[-5.9601622,54.5656755],[-5.9616353,54.5656755],[-5.9616353,54.5648163]]]}},{"type":"Feature","properties":{"id":"lens-detail-belfast-2024-planning_cell-278","layer":"planning_cell","category":"built_environment","year":2024,"visible_year":2024,"title":"1 source-backed planning and built record","confidence":"documented","confidence_mix":"documented:1","event_count":1,"source_count":1,"source_ids":"dfi-planning-statistics-2024-25-round565","event_ids":"bfs_arch_round565_998_crumlin_road_ballysillan_lower_2023_3305_o_approval_2024","event_ids_all":"bfs_arch_round565_998_crumlin_road_ballysillan_lower_2023_3305_o_approval_2024","source_urls":"https://www.infrastructure-ni.gov.uk/publications/northern-ireland-planning-statistics-april-2024-march-2025","geometry_precision_mix":"Application/site navigation point from official planning-statistics row; not a surveyed footprint, legal boundary, facade, room, campus, streetworks area or works extent.:1","representation":"planning and built evidence grid cell","timing_note":"Filtered by event effective year. OSM mapped-visibility dates and administrative dates can differ from real-world physical change dates.","caveat":"Planning cells are derived from source-backed event locations; they are not parcel boundaries unless source geometry is separately present.","generated_from":"web/data/city-atlas/cities/belfast/events_2024.json","lifecycle_status":"permitted","status":"source_record","cell_size_m":95,"intensity":0.289,"label":"998 CRUMLIN ROAD BALLYSILLAN LOWER erection of a detached dwelling & associated domestic garage approval was recorded"},"geometry":{"type":"Polygon","coordinates":[[[-5.9763663,54.6283937],[-5.9748932,54.6283937],[-5.9748932,54.6292528],[-5.9763663,54.6292528],[-5.9763663,54.6283937]]]}},{"type":"Feature","properties":{"id":"lens-detail-belfast-2024-planning_cell-279","layer":"planning_cell","category":"built_environment","year":2024,"visible_year":2024,"title":"1 source-backed planning and built record","confidence":"documented","confidence_mix":"documented:1","event_count":1,"source_count":1,"source_ids":"dfi-planning-statistics-2024-25-round565","event_ids":"bfs_arch_round565_existing_garage_at_4_foxglove_street_beersbridge_road_2024_0259_f_approval_2024","event_ids_all":"bfs_arch_round565_existing_garage_at_4_foxglove_street_beersbridge_road_2024_0259_f_approval_2024","source_urls":"https://www.infrastructure-ni.gov.uk/publications/northern-ireland-planning-statistics-april-2024-march-2025","geometry_precision_mix":"Application/site navigation point from official planning-statistics row; not a surveyed footprint, legal boundary, facade, room, campus, streetworks area or works extent.:1","representation":"planning and built evidence grid cell","timing_note":"Filtered by event effective year. OSM mapped-visibility dates and administrative dates can differ from real-world physical change dates.","caveat":"Planning cells are derived from source-backed event locations; they are not parcel boundaries unless source geometry is separately present.","generated_from":"web/data/city-atlas/cities/belfast/events_2024.json","lifecycle_status":"permitted","status":"source_record","cell_size_m":95,"intensity":0.289,"label":"Existing Garage at 4 Foxglove Street, Beersbridge Road conversion and alterations to existing garage at side of existing dwelling to..."},"geometry":{"type":"Polygon","coordinates":[[[-5.8953458,54.5914501],[-5.8938727,54.5914501],[-5.8938727,54.5923092],[-5.8953458,54.5923092],[-5.8953458,54.5914501]]]}},{"type":"Feature","properties":{"id":"lens-detail-belfast-2024-planning_cell-28","layer":"planning_cell","category":"built_environment","year":2024,"visible_year":2024,"title":"1 source-backed planning and built record","confidence":"documented","confidence_mix":"documented:1","event_count":1,"source_count":1,"source_ids":"dfi-planning-statistics-2024-25-round477","event_ids":"bfs_arch_round477_crescent_church_fabric_repairs_lbc_2024","event_ids_all":"bfs_arch_round477_crescent_church_fabric_repairs_lbc_2024","source_urls":"https://www.infrastructure-ni.gov.uk/publications/northern-ireland-planning-statistics-april-2024-march-2025","geometry_precision_mix":"Approximate application/site navigation point from official planning-statistics row; not a surveyed footprint, legal boundary, facade, room, campus, streetworks area or works extent.:1","representation":"planning and built evidence grid cell","timing_note":"Filtered by event effective year. OSM mapped-visibility dates and administrative dates can differ from real-world physical change dates.","caveat":"Planning cells are derived from source-backed event locations; they are not parcel boundaries unless source geometry is separately present.","generated_from":"web/data/city-atlas/cities/belfast/events_2024.json","lifecycle_status":"permitted","status":"source_record","cell_size_m":95,"intensity":0.289,"label":"Crescent Church fabric-repair listed-building consent was approved"},"geometry":{"type":"Polygon","coordinates":[[[-5.9218616,54.5905909],[-5.9203885,54.5905909],[-5.9203885,54.5914501],[-5.9218616,54.5914501],[-5.9218616,54.5905909]]]}},{"type":"Feature","properties":{"id":"lens-detail-belfast-2024-planning_cell-280","layer":"planning_cell","category":"built_environment","year":2024,"visible_year":2024,"title":"1 source-backed planning and built record","confidence":"documented","confidence_mix":"documented:1","event_count":1,"source_count":1,"source_ids":"dfi-planning-statistics-2024-25-round565","event_ids":"bfs_arch_round565_lands_approx_2m_south_east_of_112_orangefield_road_2023_4412_rm_approval_2024","event_ids_all":"bfs_arch_round565_lands_approx_2m_south_east_of_112_orangefield_road_2023_4412_rm_approval_2024","source_urls":"https://www.infrastructure-ni.gov.uk/publications/northern-ireland-planning-statistics-april-2024-march-2025","geometry_precision_mix":"Application/site navigation point from official planning-statistics row; not a surveyed footprint, legal boundary, facade, room, campus, streetworks area or works extent.:1","representation":"planning and built evidence grid cell","timing_note":"Filtered by event effective year. OSM mapped-visibility dates and administrative dates can differ from real-world physical change dates.","caveat":"Planning cells are derived from source-backed event locations; they are not parcel boundaries unless source geometry is separately present.","generated_from":"web/data/city-atlas/cities/belfast/events_2024.json","lifecycle_status":"permitted","status":"source_record","cell_size_m":95,"intensity":0.289,"label":"Lands approx. 2m South east of 112 Orangefield Road erection of a detached dwelling in side garden approval was recorded"},"geometry":{"type":"Polygon","coordinates":[[[-5.8717762,54.5905909],[-5.8703031,54.5905909],[-5.8703031,54.5914501],[-5.8717762,54.5914501],[-5.8717762,54.5905909]]]}},{"type":"Feature","properties":{"id":"lens-detail-belfast-2024-planning_cell-281","layer":"planning_cell","category":"built_environment","year":2024,"visible_year":2024,"title":"1 source-backed planning and built record","confidence":"documented","confidence_mix":"documented:1","event_count":1,"source_count":1,"source_ids":"dfi-planning-statistics-2024-25-round569","event_ids":"bfs_arch_round569_110_marlborough_park_central_2024_1402_dca_approval_2024","event_ids_all":"bfs_arch_round569_110_marlborough_park_central_2024_1402_dca_approval_2024","source_urls":"https://www.infrastructure-ni.gov.uk/publications/northern-ireland-planning-statistics-april-2024-march-2025","geometry_precision_mix":"Application/site navigation point from official planning-statistics row; not a surveyed footprint, legal boundary, facade, room, campus, streetworks area or works extent.:1","representation":"planning and built evidence grid cell","timing_note":"Filtered by event effective year. OSM mapped-visibility dates and administrative dates can differ from real-world physical change dates.","caveat":"Planning cells are derived from source-backed event locations; they are not parcel boundaries unless source geometry is separately present.","generated_from":"web/data/city-atlas/cities/belfast/events_2024.json","lifecycle_status":"demolished","status":"source_record","cell_size_m":95,"intensity":0.289,"label":"110 Marlborough Park Central partial removal of rear elevation wall, ground floor windows and door. internal demolition of walls and..."},"geometry":{"type":"Polygon","coordinates":[[[-5.9513236,54.5734079],[-5.9498505,54.5734079],[-5.9498505,54.574267],[-5.9513236,54.574267],[-5.9513236,54.5734079]]]}},{"type":"Feature","properties":{"id":"lens-detail-belfast-2024-planning_cell-282","layer":"planning_cell","category":"built_environment","year":2024,"visible_year":2024,"title":"1 source-backed planning and built record","confidence":"documented","confidence_mix":"documented:1","event_count":1,"source_count":1,"source_ids":"dfi-planning-statistics-2024-25-round569","event_ids":"bfs_arch_round569_13_harberton_drive_2024_1453_f_approval_2024","event_ids_all":"bfs_arch_round569_13_harberton_drive_2024_1453_f_approval_2024","source_urls":"https://www.infrastructure-ni.gov.uk/publications/northern-ireland-planning-statistics-april-2024-march-2025","geometry_precision_mix":"Application/site navigation point from official planning-statistics row; not a surveyed footprint, legal boundary, facade, room, campus, streetworks area or works extent.:1","representation":"planning and built evidence grid cell","timing_note":"Filtered by event effective year. OSM mapped-visibility dates and administrative dates can differ from real-world physical change dates.","caveat":"Planning cells are derived from source-backed event locations; they are not parcel boundaries unless source geometry is separately present.","generated_from":"web/data/city-atlas/cities/belfast/events_2024.json","lifecycle_status":"demolished","status":"source_record","cell_size_m":95,"intensity":0.289,"label":"13 Harberton Drive demolition of garage and bay window, construction of two storey rear extension & single storey side extension..."},"geometry":{"type":"Polygon","coordinates":[[[-5.9645815,54.5656755],[-5.9631084,54.5656755],[-5.9631084,54.5665346],[-5.9645815,54.5665346],[-5.9645815,54.5656755]]]}},{"type":"Feature","properties":{"id":"lens-detail-belfast-2024-planning_cell-283","layer":"planning_cell","category":"built_environment","year":2024,"visible_year":2024,"title":"1 source-backed planning and built record","confidence":"documented","confidence_mix":"documented:1","event_count":1,"source_count":1,"source_ids":"dfi-planning-statistics-2024-25-round569","event_ids":"bfs_arch_round569_16_everton_drive_2024_0436_f_approval_2024","event_ids_all":"bfs_arch_round569_16_everton_drive_2024_0436_f_approval_2024","source_urls":"https://www.infrastructure-ni.gov.uk/publications/northern-ireland-planning-statistics-april-2024-march-2025","geometry_precision_mix":"Application/site navigation point from official planning-statistics row; not a surveyed footprint, legal boundary, facade, room, campus, streetworks area or works extent.:1","representation":"planning and built evidence grid cell","timing_note":"Filtered by event effective year. OSM mapped-visibility dates and administrative dates can differ from real-world physical change dates.","caveat":"Planning cells are derived from source-backed event locations; they are not parcel boundaries unless source geometry is separately present.","generated_from":"web/data/city-atlas/cities/belfast/events_2024.json","lifecycle_status":"demolished","status":"source_record","cell_size_m":95,"intensity":0.289,"label":"16 Everton Drive demolition of existing garage and construction of 2 storey garage approval was recorded"},"geometry":{"type":"Polygon","coordinates":[[[-5.8968189,54.5691121],[-5.8953458,54.5691121],[-5.8953458,54.5699712],[-5.8968189,54.5699712],[-5.8968189,54.5691121]]]}},{"type":"Feature","properties":{"id":"lens-detail-belfast-2024-planning_cell-284","layer":"planning_cell","category":"built_environment","year":2024,"visible_year":2024,"title":"1 source-backed planning and built record","confidence":"documented","confidence_mix":"documented:1","event_count":1,"source_count":1,"source_ids":"dfi-planning-statistics-2024-25-round569","event_ids":"bfs_arch_round569_218_upper_lisburn_road_finaghy_2024_0964_f_approval_2024","event_ids_all":"bfs_arch_round569_218_upper_lisburn_road_finaghy_2024_0964_f_approval_2024","source_urls":"https://www.infrastructure-ni.gov.uk/publications/northern-ireland-planning-statistics-april-2024-march-2025","geometry_precision_mix":"Application/site navigation point from official planning-statistics row; not a surveyed footprint, legal boundary, facade, room, campus, streetworks area or works extent.:1","representation":"planning and built evidence grid cell","timing_note":"Filtered by event effective year. OSM mapped-visibility dates and administrative dates can differ from real-world physical change dates.","caveat":"Planning cells are derived from source-backed event locations; they are not parcel boundaries unless source geometry is separately present.","generated_from":"web/data/city-atlas/cities/belfast/events_2024.json","lifecycle_status":"permitted","status":"source_record","cell_size_m":95,"intensity":0.289,"label":"218 Upper Lisburn Road, Finaghy proposed new dwelling and amended boundary to neigbouring dwelling to create rear amenity space approval..."},"geometry":{"type":"Polygon","coordinates":[[[-5.9896242,54.5579431],[-5.9881511,54.5579431],[-5.9881511,54.5588023],[-5.9896242,54.5588023],[-5.9896242,54.5579431]]]}},{"type":"Feature","properties":{"id":"lens-detail-belfast-2024-planning_cell-285","layer":"planning_cell","category":"built_environment","year":2024,"visible_year":2024,"title":"1 source-backed planning and built record","confidence":"documented","confidence_mix":"documented:1","event_count":1,"source_count":1,"source_ids":"dfi-planning-statistics-2024-25-round569","event_ids":"bfs_arch_round569_278_beersbridge_road_2022_1425_f_approval_2024","event_ids_all":"bfs_arch_round569_278_beersbridge_road_2022_1425_f_approval_2024","source_urls":"https://www.infrastructure-ni.gov.uk/publications/northern-ireland-planning-statistics-april-2024-march-2025","geometry_precision_mix":"Application/site navigation point from official planning-statistics row; not a surveyed footprint, legal boundary, facade, room, campus, streetworks area or works extent.:1","representation":"planning and built evidence grid cell","timing_note":"Filtered by event effective year. OSM mapped-visibility dates and administrative dates can differ from real-world physical change dates.","caveat":"Planning cells are derived from source-backed event locations; they are not parcel boundaries unless source geometry is separately present.","generated_from":"web/data/city-atlas/cities/belfast/events_2024.json","lifecycle_status":"permitted","status":"source_record","cell_size_m":95,"intensity":0.289,"label":"278 Beersbridge Road rear extension to existing dwelling with proposed new attached dwelling in side garden approval was recorded"},"geometry":{"type":"Polygon","coordinates":[[[-5.8923996,54.5914501],[-5.8909265,54.5914501],[-5.8909265,54.5923092],[-5.8923996,54.5923092],[-5.8923996,54.5914501]]]}},{"type":"Feature","properties":{"id":"lens-detail-belfast-2024-planning_cell-286","layer":"planning_cell","category":"built_environment","year":2024,"visible_year":2024,"title":"1 source-backed planning and built record","confidence":"documented","confidence_mix":"documented:1","event_count":1,"source_count":1,"source_ids":"dfi-planning-statistics-2024-25-round569","event_ids":"bfs_arch_round569_30_credenhill_park_2024_0312_f_approval_2024","event_ids_all":"bfs_arch_round569_30_credenhill_park_2024_0312_f_approval_2024","source_urls":"https://www.infrastructure-ni.gov.uk/publications/northern-ireland-planning-statistics-april-2024-march-2025","geometry_precision_mix":"Application/site navigation point from official planning-statistics row; not a surveyed footprint, legal boundary, facade, room, campus, streetworks area or works extent.:1","representation":"planning and built evidence grid cell","timing_note":"Filtered by event effective year. OSM mapped-visibility dates and administrative dates can differ from real-world physical change dates.","caveat":"Planning cells are derived from source-backed event locations; they are not parcel boundaries unless source geometry is separately present.","generated_from":"web/data/city-atlas/cities/belfast/events_2024.json","lifecycle_status":"permitted","status":"source_record","cell_size_m":95,"intensity":0.289,"label":"30 Credenhill Park erection of two storey building to the rear of existing dwelling to provide ancillary living accommodation (amended..."},"geometry":{"type":"Polygon","coordinates":[[[-6.0176131,54.5570839],[-6.01614,54.5570839],[-6.01614,54.5579431],[-6.0176131,54.5579431],[-6.0176131,54.5570839]]]}},{"type":"Feature","properties":{"id":"lens-detail-belfast-2024-planning_cell-288","layer":"planning_cell","category":"built_environment","year":2024,"visible_year":2024,"title":"1 source-backed planning and built record","confidence":"documented","confidence_mix":"documented:1","event_count":1,"source_count":1,"source_ids":"dfi-planning-statistics-2024-25-round569","event_ids":"bfs_arch_round569_40_finaghy_road_south_2024_0995_f_approval_2024","event_ids_all":"bfs_arch_round569_40_finaghy_road_south_2024_0995_f_approval_2024","source_urls":"https://www.infrastructure-ni.gov.uk/publications/northern-ireland-planning-statistics-april-2024-march-2025","geometry_precision_mix":"Application/site navigation point from official planning-statistics row; not a surveyed footprint, legal boundary, facade, room, campus, streetworks area or works extent.:1","representation":"planning and built evidence grid cell","timing_note":"Filtered by event effective year. OSM mapped-visibility dates and administrative dates can differ from real-world physical change dates.","caveat":"Planning cells are derived from source-backed event locations; they are not parcel boundaries unless source geometry is separately present.","generated_from":"web/data/city-atlas/cities/belfast/events_2024.json","lifecycle_status":"demolished","status":"source_record","cell_size_m":95,"intensity":0.289,"label":"40 Finaghy Road South demolish existing rear return and replace with single storey rear extension to dwelling, roof lights to front of..."},"geometry":{"type":"Polygon","coordinates":[[[-5.9837318,54.5588023],[-5.9822587,54.5588023],[-5.9822587,54.5596614],[-5.9837318,54.5596614],[-5.9837318,54.5588023]]]}},{"type":"Feature","properties":{"id":"lens-detail-belfast-2024-planning_cell-289","layer":"planning_cell","category":"built_environment","year":2024,"visible_year":2024,"title":"1 source-backed planning and built record","confidence":"documented","confidence_mix":"documented:1","event_count":1,"source_count":1,"source_ids":"dfi-planning-statistics-2024-25-round569","event_ids":"bfs_arch_round569_42_newforge_lane_2024_1142_f_approval_2024","event_ids_all":"bfs_arch_round569_42_newforge_lane_2024_1142_f_approval_2024","source_urls":"https://www.infrastructure-ni.gov.uk/publications/northern-ireland-planning-statistics-april-2024-march-2025","geometry_precision_mix":"Application/site navigation point from official planning-statistics row; not a surveyed footprint, legal boundary, facade, room, campus, streetworks area or works extent.:1","representation":"planning and built evidence grid cell","timing_note":"Filtered by event effective year. OSM mapped-visibility dates and administrative dates can differ from real-world physical change dates.","caveat":"Planning cells are derived from source-backed event locations; they are not parcel boundaries unless source geometry is separately present.","generated_from":"web/data/city-atlas/cities/belfast/events_2024.json","lifecycle_status":"demolished","status":"source_record","cell_size_m":95,"intensity":0.289,"label":"42 Newforge Lane demolition of the existing dwelling and garage, new replacement dwelling with integral garage and carport including..."},"geometry":{"type":"Polygon","coordinates":[[[-5.9483774,54.5562248],[-5.9469043,54.5562248],[-5.9469043,54.5570839],[-5.9483774,54.5570839],[-5.9483774,54.5562248]]]}},{"type":"Feature","properties":{"id":"lens-detail-belfast-2024-planning_cell-29","layer":"planning_cell","category":"built_environment","year":2024,"visible_year":2024,"title":"1 source-backed planning and built record","confidence":"documented","confidence_mix":"documented:1","event_count":1,"source_count":1,"source_ids":"dfi-planning-statistics-2024-25-round477","event_ids":"bfs_arch_round477_dehra_grove_flats_refurbishment_approval_2024","event_ids_all":"bfs_arch_round477_dehra_grove_flats_refurbishment_approval_2024","source_urls":"https://www.infrastructure-ni.gov.uk/publications/northern-ireland-planning-statistics-april-2024-march-2025","geometry_precision_mix":"Approximate application/site navigation point from official planning-statistics row; not a surveyed footprint, legal boundary, facade, room, campus, streetworks area or works extent.:1","representation":"planning and built evidence grid cell","timing_note":"Filtered by event effective year. OSM mapped-visibility dates and administrative dates can differ from real-world physical change dates.","caveat":"Planning cells are derived from source-backed event locations; they are not parcel boundaries unless source geometry is separately present.","generated_from":"web/data/city-atlas/cities/belfast/events_2024.json","lifecycle_status":"permitted","status":"source_record","cell_size_m":95,"intensity":0.289,"label":"Dehra Grove flats refurbishment planning permission was approved"},"geometry":{"type":"Polygon","coordinates":[[[-5.8629376,54.6060557],[-5.8614645,54.6060557],[-5.8614645,54.6069148],[-5.8629376,54.6069148],[-5.8629376,54.6060557]]]}},{"type":"Feature","properties":{"id":"lens-detail-belfast-2024-planning_cell-290","layer":"planning_cell","category":"built_environment","year":2024,"visible_year":2024,"title":"1 source-backed planning and built record","confidence":"documented","confidence_mix":"documented:1","event_count":1,"source_count":1,"source_ids":"dfi-planning-statistics-2024-25-round569","event_ids":"bfs_arch_round569_46_ladas_drive_2024_1107_f_approval_2024","event_ids_all":"bfs_arch_round569_46_ladas_drive_2024_1107_f_approval_2024","source_urls":"https://www.infrastructure-ni.gov.uk/publications/northern-ireland-planning-statistics-april-2024-march-2025","geometry_precision_mix":"Application/site navigation point from official planning-statistics row; not a surveyed footprint, legal boundary, facade, room, campus, streetworks area or works extent.:1","representation":"planning and built evidence grid cell","timing_note":"Filtered by event effective year. OSM mapped-visibility dates and administrative dates can differ from real-world physical change dates.","caveat":"Planning cells are derived from source-backed event locations; they are not parcel boundaries unless source geometry is separately present.","generated_from":"web/data/city-atlas/cities/belfast/events_2024.json","lifecycle_status":"demolished","status":"source_record","cell_size_m":95,"intensity":0.289,"label":"46 Ladas Drive two storey side/rear extension & demolition of garage approval was recorded"},"geometry":{"type":"Polygon","coordinates":[[[-5.8923996,54.5828585],[-5.8909265,54.5828585],[-5.8909265,54.5837177],[-5.8923996,54.5837177],[-5.8923996,54.5828585]]]}},{"type":"Feature","properties":{"id":"lens-detail-belfast-2024-planning_cell-291","layer":"planning_cell","category":"built_environment","year":2024,"visible_year":2024,"title":"1 source-backed planning and built record","confidence":"documented","confidence_mix":"documented:1","event_count":1,"source_count":1,"source_ids":"dfi-planning-statistics-2024-25-round569","event_ids":"bfs_arch_round569_5_ravenhill_park_2024_1187_f_approval_2024","event_ids_all":"bfs_arch_round569_5_ravenhill_park_2024_1187_f_approval_2024","source_urls":"https://www.infrastructure-ni.gov.uk/publications/northern-ireland-planning-statistics-april-2024-march-2025","geometry_precision_mix":"Application/site navigation point from official planning-statistics row; not a surveyed footprint, legal boundary, facade, room, campus, streetworks area or works extent.:1","representation":"planning and built evidence grid cell","timing_note":"Filtered by event effective year. OSM mapped-visibility dates and administrative dates can differ from real-world physical change dates.","caveat":"Planning cells are derived from source-backed event locations; they are not parcel boundaries unless source geometry is separately present.","generated_from":"web/data/city-atlas/cities/belfast/events_2024.json","lifecycle_status":"demolished","status":"source_record","cell_size_m":95,"intensity":0.289,"label":"5 Ravenhill Park demolition of exisiting single-storey side extension & attached garage, existing two-storey and single-storey..."},"geometry":{"type":"Polygon","coordinates":[[[-5.9115499,54.5794219],[-5.9100768,54.5794219],[-5.9100768,54.5802811],[-5.9115499,54.5802811],[-5.9115499,54.5794219]]]}},{"type":"Feature","properties":{"id":"lens-detail-belfast-2024-planning_cell-292","layer":"planning_cell","category":"built_environment","year":2024,"visible_year":2024,"title":"1 source-backed planning and built record","confidence":"documented","confidence_mix":"documented:1","event_count":1,"source_count":1,"source_ids":"dfi-planning-statistics-2024-25-round569","event_ids":"bfs_arch_round569_7_deramore_park_south_2024_0989_dca_approval_2024","event_ids_all":"bfs_arch_round569_7_deramore_park_south_2024_0989_dca_approval_2024","source_urls":"https://www.infrastructure-ni.gov.uk/publications/northern-ireland-planning-statistics-april-2024-march-2025","geometry_precision_mix":"Application/site navigation point from official planning-statistics row; not a surveyed footprint, legal boundary, facade, room, campus, streetworks area or works extent.:1","representation":"planning and built evidence grid cell","timing_note":"Filtered by event effective year. OSM mapped-visibility dates and administrative dates can differ from real-world physical change dates.","caveat":"Planning cells are derived from source-backed event locations; they are not parcel boundaries unless source geometry is separately present.","generated_from":"web/data/city-atlas/cities/belfast/events_2024.json","lifecycle_status":"demolished","status":"source_record","cell_size_m":95,"intensity":0.289,"label":"7 Deramore Park South demolition of rear 2 storey bay window, patio doors, dining area glass roof and side window. demolition of..."},"geometry":{"type":"Polygon","coordinates":[[[-5.9483774,54.5639572],[-5.9469043,54.5639572],[-5.9469043,54.5648163],[-5.9483774,54.5648163],[-5.9483774,54.5639572]]]}},{"type":"Feature","properties":{"id":"lens-detail-belfast-2024-planning_cell-293","layer":"planning_cell","category":"built_environment","year":2024,"visible_year":2024,"title":"1 source-backed planning and built record","confidence":"documented","confidence_mix":"documented:1","event_count":1,"source_count":1,"source_ids":"dfi-planning-statistics-2024-25-round569","event_ids":"bfs_arch_round569_7_glencoe_park_newtownabbey_2023_4603_o_approval_2024","event_ids_all":"bfs_arch_round569_7_glencoe_park_newtownabbey_2023_4603_o_approval_2024","source_urls":"https://www.infrastructure-ni.gov.uk/publications/northern-ireland-planning-statistics-april-2024-march-2025","geometry_precision_mix":"Application/site navigation point from official planning-statistics row; not a surveyed footprint, legal boundary, facade, room, campus, streetworks area or works extent.:1","representation":"planning and built evidence grid cell","timing_note":"Filtered by event effective year. OSM mapped-visibility dates and administrative dates can differ from real-world physical change dates.","caveat":"Planning cells are derived from source-backed event locations; they are not parcel boundaries unless source geometry is separately present.","generated_from":"web/data/city-atlas/cities/belfast/events_2024.json","lifecycle_status":"permitted","status":"source_record","cell_size_m":95,"intensity":0.289,"label":"7 Glencoe Park, Newtownabbey outline application for detached dwelling adjacent to no. 7 glencoe park approval was recorded"},"geometry":{"type":"Polygon","coordinates":[[[-5.9365926,54.6490133],[-5.9351195,54.6490133],[-5.9351195,54.6498725],[-5.9365926,54.6498725],[-5.9365926,54.6490133]]]}},{"type":"Feature","properties":{"id":"lens-detail-belfast-2024-planning_cell-294","layer":"planning_cell","category":"built_environment","year":2024,"visible_year":2024,"title":"1 source-backed planning and built record","confidence":"documented","confidence_mix":"documented:1","event_count":1,"source_count":1,"source_ids":"dfi-planning-statistics-2024-25-round569","event_ids":"bfs_arch_round569_713_antrim_road_2023_2831_f_approval_2024","event_ids_all":"bfs_arch_round569_713_antrim_road_2023_2831_f_approval_2024","source_urls":"https://www.infrastructure-ni.gov.uk/publications/northern-ireland-planning-statistics-april-2024-march-2025","geometry_precision_mix":"Application/site navigation point from official planning-statistics row; not a surveyed footprint, legal boundary, facade, room, campus, streetworks area or works extent.:1","representation":"planning and built evidence grid cell","timing_note":"Filtered by event effective year. OSM mapped-visibility dates and administrative dates can differ from real-world physical change dates.","caveat":"Planning cells are derived from source-backed event locations; they are not parcel boundaries unless source geometry is separately present.","generated_from":"web/data/city-atlas/cities/belfast/events_2024.json","lifecycle_status":"permitted","status":"source_record","cell_size_m":95,"intensity":0.289,"label":"713 Antrim Road proposed new access to residential dwelling via donegall park avenue approval was recorded"},"geometry":{"type":"Polygon","coordinates":[[[-5.9365926,54.6387035],[-5.9351195,54.6387035],[-5.9351195,54.6395626],[-5.9365926,54.6395626],[-5.9365926,54.6387035]]]}},{"type":"Feature","properties":{"id":"lens-detail-belfast-2024-planning_cell-295","layer":"planning_cell","category":"built_environment","year":2024,"visible_year":2024,"title":"1 source-backed planning and built record","confidence":"documented","confidence_mix":"documented:1","event_count":1,"source_count":1,"source_ids":"dfi-planning-statistics-2024-25-round569","event_ids":"bfs_arch_round569_76_circular_road_2024_1276_lbc_approval_2024","event_ids_all":"bfs_arch_round569_76_circular_road_2024_1276_lbc_approval_2024","source_urls":"https://www.infrastructure-ni.gov.uk/publications/northern-ireland-planning-statistics-april-2024-march-2025","geometry_precision_mix":"Application/site navigation point from official planning-statistics row; not a surveyed footprint, legal boundary, facade, room, campus, streetworks area or works extent.:1","representation":"planning and built evidence grid cell","timing_note":"Filtered by event effective year. OSM mapped-visibility dates and administrative dates can differ from real-world physical change dates.","caveat":"Planning cells are derived from source-backed event locations; they are not parcel boundaries unless source geometry is separately present.","generated_from":"web/data/city-atlas/cities/belfast/events_2024.json","lifecycle_status":"permitted","status":"source_record","cell_size_m":95,"intensity":0.289,"label":"76 Circular Road single storey rear extension. internal alterations to kitchen, staircase, ensuite and garage. conversion of playroom to..."},"geometry":{"type":"Polygon","coordinates":[[[-5.8614645,54.6060557],[-5.8599914,54.6060557],[-5.8599914,54.6069148],[-5.8614645,54.6069148],[-5.8614645,54.6060557]]]}},{"type":"Feature","properties":{"id":"lens-detail-belfast-2024-planning_cell-296","layer":"planning_cell","category":"built_environment","year":2024,"visible_year":2024,"title":"1 source-backed planning and built record","confidence":"documented","confidence_mix":"documented:1","event_count":1,"source_count":1,"source_ids":"dfi-planning-statistics-2024-25-round569","event_ids":"bfs_arch_round569_8_kimberley_drive_2024_0390_o_approval_2024","event_ids_all":"bfs_arch_round569_8_kimberley_drive_2024_0390_o_approval_2024","source_urls":"https://www.infrastructure-ni.gov.uk/publications/northern-ireland-planning-statistics-april-2024-march-2025","geometry_precision_mix":"Application/site navigation point from official planning-statistics row; not a surveyed footprint, legal boundary, facade, room, campus, streetworks area or works extent.:1","representation":"planning and built evidence grid cell","timing_note":"Filtered by event effective year. OSM mapped-visibility dates and administrative dates can differ from real-world physical change dates.","caveat":"Planning cells are derived from source-backed event locations; they are not parcel boundaries unless source geometry is separately present.","generated_from":"web/data/city-atlas/cities/belfast/events_2024.json","lifecycle_status":"permitted","status":"source_record","cell_size_m":95,"intensity":0.289,"label":"8 Kimberley Drive proposed detached two storey domestic dwelling to lands to side of existing dwelling approval was recorded"},"geometry":{"type":"Polygon","coordinates":[[[-5.9233347,54.5751262],[-5.9218616,54.5751262],[-5.9218616,54.5759853],[-5.9233347,54.5759853],[-5.9233347,54.5751262]]]}},{"type":"Feature","properties":{"id":"lens-detail-belfast-2024-planning_cell-297","layer":"planning_cell","category":"built_environment","year":2024,"visible_year":2024,"title":"1 source-backed planning and built record","confidence":"documented","confidence_mix":"documented:1","event_count":1,"source_count":1,"source_ids":"dfi-planning-statistics-2024-25-round569","event_ids":"bfs_arch_round569_9_maryville_park_2024_1075_dca_approval_2024","event_ids_all":"bfs_arch_round569_9_maryville_park_2024_1075_dca_approval_2024","source_urls":"https://www.infrastructure-ni.gov.uk/publications/northern-ireland-planning-statistics-april-2024-march-2025","geometry_precision_mix":"Application/site navigation point from official planning-statistics row; not a surveyed footprint, legal boundary, facade, room, campus, streetworks area or works extent.:1","representation":"planning and built evidence grid cell","timing_note":"Filtered by event effective year. OSM mapped-visibility dates and administrative dates can differ from real-world physical change dates.","caveat":"Planning cells are derived from source-backed event locations; they are not parcel boundaries unless source geometry is separately present.","generated_from":"web/data/city-atlas/cities/belfast/events_2024.json","lifecycle_status":"demolished","status":"source_record","cell_size_m":95,"intensity":0.289,"label":"9 Maryville Park demolition of single storey rear return, rear garden wall and partial demolition of walls and window openings approval..."},"geometry":{"type":"Polygon","coordinates":[[[-5.9616353,54.5699712],[-5.9601622,54.5699712],[-5.9601622,54.5708304],[-5.9616353,54.5708304],[-5.9616353,54.5699712]]]}},{"type":"Feature","properties":{"id":"lens-detail-belfast-2024-planning_cell-298","layer":"planning_cell","category":"built_environment","year":2024,"visible_year":2024,"title":"1 source-backed planning and built record","confidence":"documented","confidence_mix":"documented:1","event_count":1,"source_count":1,"source_ids":"dfi-planning-statistics-2024-25-round569","event_ids":"bfs_arch_round569_land_east_of_12_ormiston_parade_ballycloghan_2023_4446_f_approval_2024","event_ids_all":"bfs_arch_round569_land_east_of_12_ormiston_parade_ballycloghan_2023_4446_f_approval_2024","source_urls":"https://www.infrastructure-ni.gov.uk/publications/northern-ireland-planning-statistics-april-2024-march-2025","geometry_precision_mix":"Application/site navigation point from official planning-statistics row; not a surveyed footprint, legal boundary, facade, room, campus, streetworks area or works extent.:1","representation":"planning and built evidence grid cell","timing_note":"Filtered by event effective year. OSM mapped-visibility dates and administrative dates can differ from real-world physical change dates.","caveat":"Planning cells are derived from source-backed event locations; they are not parcel boundaries unless source geometry is separately present.","generated_from":"web/data/city-atlas/cities/belfast/events_2024.json","lifecycle_status":"demolished","status":"source_record","cell_size_m":95,"intensity":0.289,"label":"Land east of 12 Ormiston Parade Ballycloghan two storey dwelling, associated in-curtilage parking and outdoor amenity space. new access..."},"geometry":{"type":"Polygon","coordinates":[[[-5.8585183,54.5957458],[-5.8570452,54.5957458],[-5.8570452,54.596605],[-5.8585183,54.596605],[-5.8585183,54.5957458]]]}},{"type":"Feature","properties":{"id":"lens-detail-belfast-2024-planning_cell-3","layer":"planning_cell","category":"built_environment","year":2024,"visible_year":2024,"title":"1 source-backed planning and built record","confidence":"documented","confidence_mix":"documented:1","event_count":1,"source_count":1,"source_ids":"dfi-planning-statistics-2024-25-round464","event_ids":"bfs_arch_round464_upper_crescent_guest_house_lbc_2024","event_ids_all":"bfs_arch_round464_upper_crescent_guest_house_lbc_2024","source_urls":"https://www.infrastructure-ni.gov.uk/publications/northern-ireland-planning-statistics-april-2024-march-2025","geometry_precision_mix":"Approximate site/address point from official application row, not a surveyed footprint, legal red-line boundary, curtilage, room, wall or works extent.:1","representation":"planning and built evidence grid cell","timing_note":"Filtered by event effective year. OSM mapped-visibility dates and administrative dates can differ from real-world physical change dates.","caveat":"Planning cells are derived from source-backed event locations; they are not parcel boundaries unless source geometry is separately present.","generated_from":"web/data/city-atlas/cities/belfast/events_2024.json","lifecycle_status":"permitted","status":"source_record","cell_size_m":95,"intensity":0.289,"label":"14-15 Upper Crescent guest-house alterations listed-building consent was approved"},"geometry":{"type":"Polygon","coordinates":[[[-5.9203885,54.5897318],[-5.9189154,54.5897318],[-5.9189154,54.5905909],[-5.9203885,54.5905909],[-5.9203885,54.5897318]]]}},{"type":"Feature","properties":{"id":"lens-detail-belfast-2024-planning_cell-30","layer":"planning_cell","category":"built_environment","year":2024,"visible_year":2024,"title":"1 source-backed planning and built record","confidence":"documented","confidence_mix":"documented:1","event_count":1,"source_count":1,"source_ids":"dfi-planning-statistics-2024-25-round477","event_ids":"bfs_arch_round477_finlays_factory_office_building_approval_2024","event_ids_all":"bfs_arch_round477_finlays_factory_office_building_approval_2024","source_urls":"https://www.infrastructure-ni.gov.uk/publications/northern-ireland-planning-statistics-april-2024-march-2025","geometry_precision_mix":"Approximate application/site navigation point from official planning-statistics row; not a surveyed footprint, legal boundary, facade, room, campus, streetworks area or works extent.:1","representation":"planning and built evidence grid cell","timing_note":"Filtered by event effective year. OSM mapped-visibility dates and administrative dates can differ from real-world physical change dates.","caveat":"Planning cells are derived from source-backed event locations; they are not parcel boundaries unless source geometry is separately present.","generated_from":"web/data/city-atlas/cities/belfast/events_2024.json","lifecycle_status":"permitted","status":"source_record","cell_size_m":95,"intensity":0.289,"label":"Former Finlay's Factory office-space building permission was approved"},"geometry":{"type":"Polygon","coordinates":[[[-5.971947,54.6034782],[-5.9704739,54.6034782],[-5.9704739,54.6043374],[-5.971947,54.6043374],[-5.971947,54.6034782]]]}},{"type":"Feature","properties":{"id":"lens-detail-belfast-2024-planning_cell-300","layer":"planning_cell","category":"built_environment","year":2024,"visible_year":2024,"title":"1 source-backed planning and built record","confidence":"documented","confidence_mix":"documented:1","event_count":1,"source_count":1,"source_ids":"dfi-planning-statistics-2024-25-round569","event_ids":"bfs_arch_round569_lands_at_13_barrack_street_2022_0777_o_approval_2024","event_ids_all":"bfs_arch_round569_lands_at_13_barrack_street_2022_0777_o_approval_2024","source_urls":"https://www.infrastructure-ni.gov.uk/publications/northern-ireland-planning-statistics-april-2024-march-2025","geometry_precision_mix":"Application/site navigation point from official planning-statistics row; not a surveyed footprint, legal boundary, facade, room, campus, streetworks area or works extent.:1","representation":"planning and built evidence grid cell","timing_note":"Filtered by event effective year. OSM mapped-visibility dates and administrative dates can differ from real-world physical change dates.","caveat":"Planning cells are derived from source-backed event locations; they are not parcel boundaries unless source geometry is separately present.","generated_from":"web/data/city-atlas/cities/belfast/events_2024.json","lifecycle_status":"permitted","status":"source_record","cell_size_m":95,"intensity":0.289,"label":"Lands at 13 Barrack Street 4no. townhouses. (amended site location and drawings) approval was recorded"},"geometry":{"type":"Polygon","coordinates":[[[-5.9395388,54.5991824],[-5.9380657,54.5991824],[-5.9380657,54.6000416],[-5.9395388,54.6000416],[-5.9395388,54.5991824]]]}},{"type":"Feature","properties":{"id":"lens-detail-belfast-2024-planning_cell-301","layer":"planning_cell","category":"built_environment","year":2024,"visible_year":2024,"title":"1 source-backed planning and built record","confidence":"documented","confidence_mix":"documented:1","event_count":1,"source_count":1,"source_ids":"dfi-planning-statistics-2024-25-round587","event_ids":"bfs_arch_round587_92_circular_road_2024_0934_f_approval_2024","event_ids_all":"bfs_arch_round587_92_circular_road_2024_0934_f_approval_2024","source_urls":"https://www.infrastructure-ni.gov.uk/publications/northern-ireland-planning-statistics-april-2024-march-2025","geometry_precision_mix":"Application/site navigation point from official planning-statistics row; not a surveyed footprint, legal boundary, facade, room, campus, streetworks area or works extent.:1","representation":"planning and built evidence grid cell","timing_note":"Filtered by event effective year. OSM mapped-visibility dates and administrative dates can differ from real-world physical change dates.","caveat":"Planning cells are derived from source-backed event locations; they are not parcel boundaries unless source geometry is separately present.","generated_from":"web/data/city-atlas/cities/belfast/events_2024.json","lifecycle_status":"demolished","status":"source_record","cell_size_m":95,"intensity":0.289,"label":"92 Circular Road demolition to sections of dwelling to facilitate single storey rear extension + front porch extensions. alterations to..."},"geometry":{"type":"Polygon","coordinates":[[[-5.8614645,54.6086331],[-5.8599914,54.6086331],[-5.8599914,54.6094923],[-5.8614645,54.6094923],[-5.8614645,54.6086331]]]}},{"type":"Feature","properties":{"id":"lens-detail-belfast-2024-planning_cell-302","layer":"planning_cell","category":"built_environment","year":2024,"visible_year":2024,"title":"1 source-backed planning and built record","confidence":"documented","confidence_mix":"documented:1","event_count":1,"source_count":1,"source_ids":"dfi-planning-statistics-2024-25-round592","event_ids":"bfs_arch_round592_102_balmoral_avenue_malone_lower_2024_0290_dca_approval_2024","event_ids_all":"bfs_arch_round592_102_balmoral_avenue_malone_lower_2024_0290_dca_approval_2024","source_urls":"https://www.infrastructure-ni.gov.uk/publications/northern-ireland-planning-statistics-april-2024-march-2025","geometry_precision_mix":"Application/site navigation point from official planning-statistics row; not a surveyed footprint, legal boundary, facade, room, campus, streetworks area or works extent.:1","representation":"planning and built evidence grid cell","timing_note":"Filtered by event effective year. OSM mapped-visibility dates and administrative dates can differ from real-world physical change dates.","caveat":"Planning cells are derived from source-backed event locations; they are not parcel boundaries unless source geometry is separately present.","generated_from":"web/data/city-atlas/cities/belfast/events_2024.json","lifecycle_status":"demolished","status":"source_record","cell_size_m":95,"intensity":0.289,"label":"102 BALMORAL AVENUE MALONE LOWER demolition of outbuildings approval was recorded"},"geometry":{"type":"Polygon","coordinates":[[[-5.9557429,54.5639572],[-5.9542698,54.5639572],[-5.9542698,54.5648163],[-5.9557429,54.5648163],[-5.9557429,54.5639572]]]}},{"type":"Feature","properties":{"id":"lens-detail-belfast-2024-planning_cell-303","layer":"planning_cell","category":"built_environment","year":2024,"visible_year":2024,"title":"1 source-backed planning and built record","confidence":"documented","confidence_mix":"documented:1","event_count":1,"source_count":1,"source_ids":"dfi-planning-statistics-2024-25-round592","event_ids":"bfs_arch_round592_116_somerton_road_2024_1461_f_approval_2024","event_ids_all":"bfs_arch_round592_116_somerton_road_2024_1461_f_approval_2024","source_urls":"https://www.infrastructure-ni.gov.uk/publications/northern-ireland-planning-statistics-april-2024-march-2025","geometry_precision_mix":"Application/site navigation point from official planning-statistics row; not a surveyed footprint, legal boundary, facade, room, campus, streetworks area or works extent.:1","representation":"planning and built evidence grid cell","timing_note":"Filtered by event effective year. OSM mapped-visibility dates and administrative dates can differ from real-world physical change dates.","caveat":"Planning cells are derived from source-backed event locations; they are not parcel boundaries unless source geometry is separately present.","generated_from":"web/data/city-atlas/cities/belfast/events_2024.json","lifecycle_status":"demolished","status":"source_record","cell_size_m":95,"intensity":0.289,"label":"116 Somerton Road single storey extension to rear and side, and demolition of garage to be replaced with covered patio (retrospective)..."},"geometry":{"type":"Polygon","coordinates":[[[-5.9351195,54.6344077],[-5.9336464,54.6344077],[-5.9336464,54.6352669],[-5.9351195,54.6352669],[-5.9351195,54.6344077]]]}},{"type":"Feature","properties":{"id":"lens-detail-belfast-2024-planning_cell-304","layer":"planning_cell","category":"built_environment","year":2024,"visible_year":2024,"title":"1 source-backed planning and built record","confidence":"documented","confidence_mix":"documented:1","event_count":1,"source_count":1,"source_ids":"dfi-planning-statistics-2024-25-round592","event_ids":"bfs_arch_round592_133_malone_avenue_malone_lower_2024_1319_f_approval_2024","event_ids_all":"bfs_arch_round592_133_malone_avenue_malone_lower_2024_1319_f_approval_2024","source_urls":"https://www.infrastructure-ni.gov.uk/publications/northern-ireland-planning-statistics-april-2024-march-2025","geometry_precision_mix":"Application/site navigation point from official planning-statistics row; not a surveyed footprint, legal boundary, facade, room, campus, streetworks area or works extent.:1","representation":"planning and built evidence grid cell","timing_note":"Filtered by event effective year. OSM mapped-visibility dates and administrative dates can differ from real-world physical change dates.","caveat":"Planning cells are derived from source-backed event locations; they are not parcel boundaries unless source geometry is separately present.","generated_from":"web/data/city-atlas/cities/belfast/events_2024.json","lifecycle_status":"demolished","status":"source_record","cell_size_m":95,"intensity":0.289,"label":"133 Malone Avenue, Malone Lower single storey side extension; two storey and single storey rear extension; demolition of existing garage..."},"geometry":{"type":"Polygon","coordinates":[[[-5.9469043,54.5811402],[-5.9454312,54.5811402],[-5.9454312,54.5819994],[-5.9469043,54.5819994],[-5.9469043,54.5811402]]]}},{"type":"Feature","properties":{"id":"lens-detail-belfast-2024-planning_cell-305","layer":"planning_cell","category":"built_environment","year":2024,"visible_year":2024,"title":"1 source-backed planning and built record","confidence":"documented","confidence_mix":"documented:1","event_count":1,"source_count":1,"source_ids":"dfi-planning-statistics-2024-25-round592","event_ids":"bfs_arch_round592_15_newforge_lane_2024_0081_dca_approval_2024","event_ids_all":"bfs_arch_round592_15_newforge_lane_2024_0081_dca_approval_2024","source_urls":"https://www.infrastructure-ni.gov.uk/publications/northern-ireland-planning-statistics-april-2024-march-2025","geometry_precision_mix":"Application/site navigation point from official planning-statistics row; not a surveyed footprint, legal boundary, facade, room, campus, streetworks area or works extent.:1","representation":"planning and built evidence grid cell","timing_note":"Filtered by event effective year. OSM mapped-visibility dates and administrative dates can differ from real-world physical change dates.","caveat":"Planning cells are derived from source-backed event locations; they are not parcel boundaries unless source geometry is separately present.","generated_from":"web/data/city-atlas/cities/belfast/events_2024.json","lifecycle_status":"permitted","status":"source_record","cell_size_m":95,"intensity":0.289,"label":"15 Newforge Lane demolitions to front, rear and side walls of existing dwelling in order to allow for alterations and extensions applied..."},"geometry":{"type":"Polygon","coordinates":[[[-5.9498505,54.5622389],[-5.9483774,54.5622389],[-5.9483774,54.563098],[-5.9498505,54.563098],[-5.9498505,54.5622389]]]}},{"type":"Feature","properties":{"id":"lens-detail-belfast-2024-planning_cell-306","layer":"planning_cell","category":"built_environment","year":2024,"visible_year":2024,"title":"1 source-backed planning and built record","confidence":"documented","confidence_mix":"documented:1","event_count":1,"source_count":1,"source_ids":"dfi-planning-statistics-2024-25-round592","event_ids":"bfs_arch_round592_176_upper_malone_road_2024_1002_f_approval_2024","event_ids_all":"bfs_arch_round592_176_upper_malone_road_2024_1002_f_approval_2024","source_urls":"https://www.infrastructure-ni.gov.uk/publications/northern-ireland-planning-statistics-april-2024-march-2025","geometry_precision_mix":"Application/site navigation point from official planning-statistics row; not a surveyed footprint, legal boundary, facade, room, campus, streetworks area or works extent.:1","representation":"planning and built evidence grid cell","timing_note":"Filtered by event effective year. OSM mapped-visibility dates and administrative dates can differ from real-world physical change dates.","caveat":"Planning cells are derived from source-backed event locations; they are not parcel boundaries unless source geometry is separately present.","generated_from":"web/data/city-atlas/cities/belfast/events_2024.json","lifecycle_status":"demolished","status":"source_record","cell_size_m":95,"intensity":0.289,"label":"176 Upper Malone Road partial demolition of rear walls to facilitate addition of single storey rear extension, free standing outdoor..."},"geometry":{"type":"Polygon","coordinates":[[[-5.9734201,54.5467741],[-5.971947,54.5467741],[-5.971947,54.5476333],[-5.9734201,54.5476333],[-5.9734201,54.5467741]]]}},{"type":"Feature","properties":{"id":"lens-detail-belfast-2024-planning_cell-307","layer":"planning_cell","category":"built_environment","year":2024,"visible_year":2024,"title":"1 source-backed planning and built record","confidence":"documented","confidence_mix":"documented:1","event_count":1,"source_count":1,"source_ids":"dfi-planning-statistics-2024-25-round592","event_ids":"bfs_arch_round592_190_upper_knockbreda_road_2024_1504_f_approval_2024","event_ids_all":"bfs_arch_round592_190_upper_knockbreda_road_2024_1504_f_approval_2024","source_urls":"https://www.infrastructure-ni.gov.uk/publications/northern-ireland-planning-statistics-april-2024-march-2025","geometry_precision_mix":"Application/site navigation point from official planning-statistics row; not a surveyed footprint, legal boundary, facade, room, campus, streetworks area or works extent.:1","representation":"planning and built evidence grid cell","timing_note":"Filtered by event effective year. OSM mapped-visibility dates and administrative dates can differ from real-world physical change dates.","caveat":"Planning cells are derived from source-backed event locations; they are not parcel boundaries unless source geometry is separately present.","generated_from":"web/data/city-atlas/cities/belfast/events_2024.json","lifecycle_status":"permitted","status":"source_record","cell_size_m":95,"intensity":0.289,"label":"190 Upper Knockbreda Road conversion of existing garage to provide a 2 storey garage with garden room and office approval was recorded"},"geometry":{"type":"Polygon","coordinates":[[[-5.8938727,54.5682529],[-5.8923996,54.5682529],[-5.8923996,54.5691121],[-5.8938727,54.5691121],[-5.8938727,54.5682529]]]}},{"type":"Feature","properties":{"id":"lens-detail-belfast-2024-planning_cell-308","layer":"planning_cell","category":"built_environment","year":2024,"visible_year":2024,"title":"1 source-backed planning and built record","confidence":"documented","confidence_mix":"documented:1","event_count":1,"source_count":1,"source_ids":"dfi-planning-statistics-2024-25-round592","event_ids":"bfs_arch_round592_2_malone_view_road_ballyfinaghy_2024_1713_f_approval_2024","event_ids_all":"bfs_arch_round592_2_malone_view_road_ballyfinaghy_2024_1713_f_approval_2024","source_urls":"https://www.infrastructure-ni.gov.uk/publications/northern-ireland-planning-statistics-april-2024-march-2025","geometry_precision_mix":"Application/site navigation point from official planning-statistics row; not a surveyed footprint, legal boundary, facade, room, campus, streetworks area or works extent.:1","representation":"planning and built evidence grid cell","timing_note":"Filtered by event effective year. OSM mapped-visibility dates and administrative dates can differ from real-world physical change dates.","caveat":"Planning cells are derived from source-backed event locations; they are not parcel boundaries unless source geometry is separately present.","generated_from":"web/data/city-atlas/cities/belfast/events_2024.json","lifecycle_status":"demolished","status":"source_record","cell_size_m":95,"intensity":0.289,"label":"2 Malone View Road, Ballyfinaghy existing single storey side extension to be demolished and a new single storey extension to be..."},"geometry":{"type":"Polygon","coordinates":[[[-5.971947,54.5536473],[-5.9704739,54.5536473],[-5.9704739,54.5545065],[-5.971947,54.5545065],[-5.971947,54.5536473]]]}},{"type":"Feature","properties":{"id":"lens-detail-belfast-2024-planning_cell-309","layer":"planning_cell","category":"built_environment","year":2024,"visible_year":2024,"title":"1 source-backed planning and built record","confidence":"documented","confidence_mix":"documented:1","event_count":1,"source_count":1,"source_ids":"dfi-planning-statistics-2024-25-round592","event_ids":"bfs_arch_round592_20_stormont_park_2024_0035_f_approval_2024","event_ids_all":"bfs_arch_round592_20_stormont_park_2024_0035_f_approval_2024","source_urls":"https://www.infrastructure-ni.gov.uk/publications/northern-ireland-planning-statistics-april-2024-march-2025","geometry_precision_mix":"Application/site navigation point from official planning-statistics row; not a surveyed footprint, legal boundary, facade, room, campus, streetworks area or works extent.:1","representation":"planning and built evidence grid cell","timing_note":"Filtered by event effective year. OSM mapped-visibility dates and administrative dates can differ from real-world physical change dates.","caveat":"Planning cells are derived from source-backed event locations; they are not parcel boundaries unless source geometry is separately present.","generated_from":"web/data/city-atlas/cities/belfast/events_2024.json","lifecycle_status":"demolished","status":"source_record","cell_size_m":95,"intensity":0.289,"label":"20 Stormont Park demolition to rear wall and roof to facilitate one and two-storey rear extension, attic conversion with dormer to rear..."},"geometry":{"type":"Polygon","coordinates":[[[-5.8452604,54.5957458],[-5.8437873,54.5957458],[-5.8437873,54.596605],[-5.8452604,54.596605],[-5.8452604,54.5957458]]]}},{"type":"Feature","properties":{"id":"lens-detail-belfast-2024-planning_cell-31","layer":"planning_cell","category":"built_environment","year":2024,"visible_year":2024,"title":"1 source-backed planning and built record","confidence":"documented","confidence_mix":"documented:1","event_count":1,"source_count":1,"source_ids":"dfi-planning-statistics-2024-25-round477","event_ids":"bfs_arch_round477_franklin_st_gym_to_office_approval_2024","event_ids_all":"bfs_arch_round477_franklin_st_gym_to_office_approval_2024","source_urls":"https://www.infrastructure-ni.gov.uk/publications/northern-ireland-planning-statistics-april-2024-march-2025","geometry_precision_mix":"Approximate application/site navigation point from official planning-statistics row; not a surveyed footprint, legal boundary, facade, room, campus, streetworks area or works extent.:1","representation":"planning and built evidence grid cell","timing_note":"Filtered by event effective year. OSM mapped-visibility dates and administrative dates can differ from real-world physical change dates.","caveat":"Planning cells are derived from source-backed event locations; they are not parcel boundaries unless source geometry is separately present.","generated_from":"web/data/city-atlas/cities/belfast/events_2024.json","lifecycle_status":"permitted","status":"source_record","cell_size_m":95,"intensity":0.289,"label":"29A Franklin Street gym-to-office change of use was approved"},"geometry":{"type":"Polygon","coordinates":[[[-5.9203885,54.5983233],[-5.9189154,54.5983233],[-5.9189154,54.5991824],[-5.9203885,54.5991824],[-5.9203885,54.5983233]]]}},{"type":"Feature","properties":{"id":"lens-detail-belfast-2024-planning_cell-310","layer":"planning_cell","category":"built_environment","year":2024,"visible_year":2024,"title":"1 source-backed planning and built record","confidence":"documented","confidence_mix":"documented:1","event_count":1,"source_count":1,"source_ids":"dfi-planning-statistics-2024-25-round592","event_ids":"bfs_arch_round592_24_thornhill_park_upper_newtownards_road_2024_0455_f_approval_2024","event_ids_all":"bfs_arch_round592_24_thornhill_park_upper_newtownards_road_2024_0455_f_approval_2024","source_urls":"https://www.infrastructure-ni.gov.uk/publications/northern-ireland-planning-statistics-april-2024-march-2025","geometry_precision_mix":"Application/site navigation point from official planning-statistics row; not a surveyed footprint, legal boundary, facade, room, campus, streetworks area or works extent.:1","representation":"planning and built evidence grid cell","timing_note":"Filtered by event effective year. OSM mapped-visibility dates and administrative dates can differ from real-world physical change dates.","caveat":"Planning cells are derived from source-backed event locations; they are not parcel boundaries unless source geometry is separately present.","generated_from":"web/data/city-atlas/cities/belfast/events_2024.json","lifecycle_status":"demolished","status":"source_record","cell_size_m":95,"intensity":0.289,"label":"24 Thornhill Park Upper Newtownards Road single storey side and rear extension and demolition of existing garage approval was recorded"},"geometry":{"type":"Polygon","coordinates":[[[-5.8467335,54.5923092],[-5.8452604,54.5923092],[-5.8452604,54.5931684],[-5.8467335,54.5931684],[-5.8467335,54.5923092]]]}},{"type":"Feature","properties":{"id":"lens-detail-belfast-2024-planning_cell-311","layer":"planning_cell","category":"built_environment","year":2024,"visible_year":2024,"title":"1 source-backed planning and built record","confidence":"documented","confidence_mix":"documented:1","event_count":1,"source_count":1,"source_ids":"dfi-planning-statistics-2024-25-round592","event_ids":"bfs_arch_round592_25b_deramore_park_2024_1424_f_approval_2024","event_ids_all":"bfs_arch_round592_25b_deramore_park_2024_1424_f_approval_2024","source_urls":"https://www.infrastructure-ni.gov.uk/publications/northern-ireland-planning-statistics-april-2024-march-2025","geometry_precision_mix":"Application/site navigation point from official planning-statistics row; not a surveyed footprint, legal boundary, facade, room, campus, streetworks area or works extent.:1","representation":"planning and built evidence grid cell","timing_note":"Filtered by event effective year. OSM mapped-visibility dates and administrative dates can differ from real-world physical change dates.","caveat":"Planning cells are derived from source-backed event locations; they are not parcel boundaries unless source geometry is separately present.","generated_from":"web/data/city-atlas/cities/belfast/events_2024.json","lifecycle_status":"permitted","status":"source_record","cell_size_m":95,"intensity":0.289,"label":"25b Deramore Park erection of dwelling (change of design and siting in substitution for z/2014/0468/f) - retrospective approval was recorded"},"geometry":{"type":"Polygon","coordinates":[[[-5.9469043,54.5648163],[-5.9454312,54.5648163],[-5.9454312,54.5656755],[-5.9469043,54.5656755],[-5.9469043,54.5648163]]]}},{"type":"Feature","properties":{"id":"lens-detail-belfast-2024-planning_cell-312","layer":"planning_cell","category":"built_environment","year":2024,"visible_year":2024,"title":"1 source-backed planning and built record","confidence":"documented","confidence_mix":"documented:1","event_count":1,"source_count":1,"source_ids":"dfi-planning-statistics-2024-25-round592","event_ids":"bfs_arch_round592_36_maryville_park_2024_0516_dca_approval_2024","event_ids_all":"bfs_arch_round592_36_maryville_park_2024_0516_dca_approval_2024","source_urls":"https://www.infrastructure-ni.gov.uk/publications/northern-ireland-planning-statistics-april-2024-march-2025","geometry_precision_mix":"Application/site navigation point from official planning-statistics row; not a surveyed footprint, legal boundary, facade, room, campus, streetworks area or works extent.:1","representation":"planning and built evidence grid cell","timing_note":"Filtered by event effective year. OSM mapped-visibility dates and administrative dates can differ from real-world physical change dates.","caveat":"Planning cells are derived from source-backed event locations; they are not parcel boundaries unless source geometry is separately present.","generated_from":"web/data/city-atlas/cities/belfast/events_2024.json","lifecycle_status":"demolished","status":"source_record","cell_size_m":95,"intensity":0.289,"label":"36 Maryville Park demolition of rear walls to facilitate single storey rear extension approval was recorded"},"geometry":{"type":"Polygon","coordinates":[[[-5.9586891,54.5691121],[-5.957216,54.5691121],[-5.957216,54.5699712],[-5.9586891,54.5699712],[-5.9586891,54.5691121]]]}},{"type":"Feature","properties":{"id":"lens-detail-belfast-2024-planning_cell-313","layer":"planning_cell","category":"built_environment","year":2024,"visible_year":2024,"title":"1 source-backed planning and built record","confidence":"documented","confidence_mix":"documented:1","event_count":1,"source_count":1,"source_ids":"dfi-planning-statistics-2024-25-round592","event_ids":"bfs_arch_round592_4_knockbreda_park_2024_0882_lbc_approval_2024","event_ids_all":"bfs_arch_round592_4_knockbreda_park_2024_0882_lbc_approval_2024","source_urls":"https://www.infrastructure-ni.gov.uk/publications/northern-ireland-planning-statistics-april-2024-march-2025","geometry_precision_mix":"Application/site navigation point from official planning-statistics row; not a surveyed footprint, legal boundary, facade, room, campus, streetworks area or works extent.:1","representation":"planning and built evidence grid cell","timing_note":"Filtered by event effective year. OSM mapped-visibility dates and administrative dates can differ from real-world physical change dates.","caveat":"Planning cells are derived from source-backed event locations; they are not parcel boundaries unless source geometry is separately present.","generated_from":"web/data/city-atlas/cities/belfast/events_2024.json","lifecycle_status":"permitted","status":"source_record","cell_size_m":95,"intensity":0.289,"label":"4 Knockbreda Park retention of first floor level internal works to form en-suite and walk-in wardrobe (retrospective) approval was recorded"},"geometry":{"type":"Polygon","coordinates":[[[-5.9144961,54.5682529],[-5.913023,54.5682529],[-5.913023,54.5691121],[-5.9144961,54.5691121],[-5.9144961,54.5682529]]]}},{"type":"Feature","properties":{"id":"lens-detail-belfast-2024-planning_cell-314","layer":"planning_cell","category":"built_environment","year":2024,"visible_year":2024,"title":"1 source-backed planning and built record","confidence":"documented","confidence_mix":"documented:1","event_count":1,"source_count":1,"source_ids":"dfi-planning-statistics-2024-25-round592","event_ids":"bfs_arch_round592_40_osborne_park_2024_1731_dca_approval_2024","event_ids_all":"bfs_arch_round592_40_osborne_park_2024_1731_dca_approval_2024","source_urls":"https://www.infrastructure-ni.gov.uk/publications/northern-ireland-planning-statistics-april-2024-march-2025","geometry_precision_mix":"Application/site navigation point from official planning-statistics row; not a surveyed footprint, legal boundary, facade, room, campus, streetworks area or works extent.:1","representation":"planning and built evidence grid cell","timing_note":"Filtered by event effective year. OSM mapped-visibility dates and administrative dates can differ from real-world physical change dates.","caveat":"Planning cells are derived from source-backed event locations; they are not parcel boundaries unless source geometry is separately present.","generated_from":"web/data/city-atlas/cities/belfast/events_2024.json","lifecycle_status":"demolished","status":"source_record","cell_size_m":95,"intensity":0.289,"label":"40 Osborne Park partial removal of rear elevation wall, ground floor windows and door. demolition of outside wc, rear porch and some..."},"geometry":{"type":"Polygon","coordinates":[[[-5.9586891,54.5699712],[-5.957216,54.5699712],[-5.957216,54.5708304],[-5.9586891,54.5708304],[-5.9586891,54.5699712]]]}},{"type":"Feature","properties":{"id":"lens-detail-belfast-2024-planning_cell-315","layer":"planning_cell","category":"built_environment","year":2024,"visible_year":2024,"title":"1 source-backed planning and built record","confidence":"documented","confidence_mix":"documented:1","event_count":1,"source_count":1,"source_ids":"dfi-planning-statistics-2024-25-round592","event_ids":"bfs_arch_round592_43_wellington_park_2024_0268_dca_approval_2024","event_ids_all":"bfs_arch_round592_43_wellington_park_2024_0268_dca_approval_2024","source_urls":"https://www.infrastructure-ni.gov.uk/publications/northern-ireland-planning-statistics-april-2024-march-2025","geometry_precision_mix":"Application/site navigation point from official planning-statistics row; not a surveyed footprint, legal boundary, facade, room, campus, streetworks area or works extent.:1","representation":"planning and built evidence grid cell","timing_note":"Filtered by event effective year. OSM mapped-visibility dates and administrative dates can differ from real-world physical change dates.","caveat":"Planning cells are derived from source-backed event locations; they are not parcel boundaries unless source geometry is separately present.","generated_from":"web/data/city-atlas/cities/belfast/events_2024.json","lifecycle_status":"demolished","status":"source_record","cell_size_m":95,"intensity":0.289,"label":"43 Wellington Park demolition of existing chimneys above roof level approval was recorded"},"geometry":{"type":"Polygon","coordinates":[[[-5.942485,54.5819994],[-5.9410119,54.5819994],[-5.9410119,54.5828585],[-5.942485,54.5828585],[-5.942485,54.5819994]]]}},{"type":"Feature","properties":{"id":"lens-detail-belfast-2024-planning_cell-316","layer":"planning_cell","category":"built_environment","year":2024,"visible_year":2024,"title":"1 source-backed planning and built record","confidence":"documented","confidence_mix":"documented:1","event_count":1,"source_count":1,"source_ids":"dfi-planning-statistics-2024-25-round592","event_ids":"bfs_arch_round592_62_wynchurch_park_2024_0441_f_approval_2024","event_ids_all":"bfs_arch_round592_62_wynchurch_park_2024_0441_f_approval_2024","source_urls":"https://www.infrastructure-ni.gov.uk/publications/northern-ireland-planning-statistics-april-2024-march-2025","geometry_precision_mix":"Application/site navigation point from official planning-statistics row; not a surveyed footprint, legal boundary, facade, room, campus, streetworks area or works extent.:1","representation":"planning and built evidence grid cell","timing_note":"Filtered by event effective year. OSM mapped-visibility dates and administrative dates can differ from real-world physical change dates.","caveat":"Planning cells are derived from source-backed event locations; they are not parcel boundaries unless source geometry is separately present.","generated_from":"web/data/city-atlas/cities/belfast/events_2024.json","lifecycle_status":"demolished","status":"source_record","cell_size_m":95,"intensity":0.289,"label":"62 Wynchurch Park two storey extension to rear and side, x2 rooflights to front and garage demolition (amended description) approval was..."},"geometry":{"type":"Polygon","coordinates":[[[-5.9027113,54.5691121],[-5.9012382,54.5691121],[-5.9012382,54.5699712],[-5.9027113,54.5699712],[-5.9027113,54.5691121]]]}},{"type":"Feature","properties":{"id":"lens-detail-belfast-2024-planning_cell-317","layer":"planning_cell","category":"built_environment","year":2024,"visible_year":2024,"title":"1 source-backed planning and built record","confidence":"documented","confidence_mix":"documented:1","event_count":1,"source_count":1,"source_ids":"dfi-planning-statistics-2024-25-round592","event_ids":"bfs_arch_round592_71_earlswood_road_2024_1147_f_approval_2024","event_ids_all":"bfs_arch_round592_71_earlswood_road_2024_1147_f_approval_2024","source_urls":"https://www.infrastructure-ni.gov.uk/publications/northern-ireland-planning-statistics-april-2024-march-2025","geometry_precision_mix":"Application/site navigation point from official planning-statistics row; not a surveyed footprint, legal boundary, facade, room, campus, streetworks area or works extent.:1","representation":"planning and built evidence grid cell","timing_note":"Filtered by event effective year. OSM mapped-visibility dates and administrative dates can differ from real-world physical change dates.","caveat":"Planning cells are derived from source-backed event locations; they are not parcel boundaries unless source geometry is separately present.","generated_from":"web/data/city-atlas/cities/belfast/events_2024.json","lifecycle_status":"demolished","status":"source_record","cell_size_m":95,"intensity":0.289,"label":"71 Earlswood Road demolition of detached garage and erection of single storey rear and side extension approval was recorded"},"geometry":{"type":"Polygon","coordinates":[[[-5.8717762,54.5991824],[-5.8703031,54.5991824],[-5.8703031,54.6000416],[-5.8717762,54.6000416],[-5.8717762,54.5991824]]]}},{"type":"Feature","properties":{"id":"lens-detail-belfast-2024-planning_cell-318","layer":"planning_cell","category":"built_environment","year":2024,"visible_year":2024,"title":"1 source-backed planning and built record","confidence":"documented","confidence_mix":"documented:1","event_count":1,"source_count":1,"source_ids":"dfi-planning-statistics-2024-25-round592","event_ids":"bfs_arch_round592_722_st_gerards_roman_catholic_church_antrim_road_newtownabbey_2023_4271_f_approval_2024","event_ids_all":"bfs_arch_round592_722_st_gerards_roman_catholic_church_antrim_road_newtownabbey_2023_4271_f_approval_2024","source_urls":"https://www.infrastructure-ni.gov.uk/publications/northern-ireland-planning-statistics-april-2024-march-2025","geometry_precision_mix":"Application/site navigation point from official planning-statistics row; not a surveyed footprint, legal boundary, facade, room, campus, streetworks area or works extent.:1","representation":"planning and built evidence grid cell","timing_note":"Filtered by event effective year. OSM mapped-visibility dates and administrative dates can differ from real-world physical change dates.","caveat":"Planning cells are derived from source-backed event locations; they are not parcel boundaries unless source geometry is separately present.","generated_from":"web/data/city-atlas/cities/belfast/events_2024.json","lifecycle_status":"permitted","status":"source_record","cell_size_m":95,"intensity":0.289,"label":"722 St Gerards Roman Catholic Church Antrim Road, Newtownabbey change of house type for plots 2, 6 - 18 and 23 - 43 of planning..."},"geometry":{"type":"Polygon","coordinates":[[[-5.9395388,54.6490133],[-5.9380657,54.6490133],[-5.9380657,54.6498725],[-5.9395388,54.6498725],[-5.9395388,54.6490133]]]}},{"type":"Feature","properties":{"id":"lens-detail-belfast-2024-planning_cell-319","layer":"planning_cell","category":"built_environment","year":2024,"visible_year":2024,"title":"1 source-backed planning and built record","confidence":"documented","confidence_mix":"documented:1","event_count":1,"source_count":1,"source_ids":"dfi-planning-statistics-2024-25-round592","event_ids":"bfs_arch_round592_96_knock_eden_park_2023_4336_f_approval_2024","event_ids_all":"bfs_arch_round592_96_knock_eden_park_2023_4336_f_approval_2024","source_urls":"https://www.infrastructure-ni.gov.uk/publications/northern-ireland-planning-statistics-april-2024-march-2025","geometry_precision_mix":"Application/site navigation point from official planning-statistics row; not a surveyed footprint, legal boundary, facade, room, campus, streetworks area or works extent.:1","representation":"planning and built evidence grid cell","timing_note":"Filtered by event effective year. OSM mapped-visibility dates and administrative dates can differ from real-world physical change dates.","caveat":"Planning cells are derived from source-backed event locations; they are not parcel boundaries unless source geometry is separately present.","generated_from":"web/data/city-atlas/cities/belfast/events_2024.json","lifecycle_status":"demolished","status":"source_record","cell_size_m":95,"intensity":0.289,"label":"96 Knock Eden Park partial demolition to roof to facilitate loft conversion with dormer. (amended proposal description) approval was..."},"geometry":{"type":"Polygon","coordinates":[[[-5.9086037,54.5751262],[-5.9071306,54.5751262],[-5.9071306,54.5759853],[-5.9086037,54.5759853],[-5.9086037,54.5751262]]]}},{"type":"Feature","properties":{"id":"lens-detail-belfast-2024-planning_cell-32","layer":"planning_cell","category":"built_environment","year":2024,"visible_year":2024,"title":"1 source-backed planning and built record","confidence":"documented","confidence_mix":"documented:1","event_count":1,"source_count":1,"source_ids":"dfi-planning-statistics-2024-25-round477","event_ids":"bfs_arch_round477_great_patrick_st_eye_clinic_approval_2024","event_ids_all":"bfs_arch_round477_great_patrick_st_eye_clinic_approval_2024","source_urls":"https://www.infrastructure-ni.gov.uk/publications/northern-ireland-planning-statistics-april-2024-march-2025","geometry_precision_mix":"Approximate application/site navigation point from official planning-statistics row; not a surveyed footprint, legal boundary, facade, room, campus, streetworks area or works extent.:1","representation":"planning and built evidence grid cell","timing_note":"Filtered by event effective year. OSM mapped-visibility dates and administrative dates can differ from real-world physical change dates.","caveat":"Planning cells are derived from source-backed event locations; they are not parcel boundaries unless source geometry is separately present.","generated_from":"web/data/city-atlas/cities/belfast/events_2024.json","lifecycle_status":"permitted","status":"source_record","cell_size_m":95,"intensity":0.289,"label":"84-94 Great Patrick Street eye-clinic conversion was approved"},"geometry":{"type":"Polygon","coordinates":[[[-5.913023,54.607774],[-5.9115499,54.607774],[-5.9115499,54.6086331],[-5.913023,54.6086331],[-5.913023,54.607774]]]}},{"type":"Feature","properties":{"id":"lens-detail-belfast-2024-planning_cell-320","layer":"planning_cell","category":"built_environment","year":2024,"visible_year":2024,"title":"1 source-backed planning and built record","confidence":"documented","confidence_mix":"documented:1","event_count":1,"source_count":1,"source_ids":"dfi-planning-statistics-2024-25-round592","event_ids":"bfs_arch_round592_almar_50_finaghy_park_central_2024_1155_f_approval_2024","event_ids_all":"bfs_arch_round592_almar_50_finaghy_park_central_2024_1155_f_approval_2024","source_urls":"https://www.infrastructure-ni.gov.uk/publications/northern-ireland-planning-statistics-april-2024-march-2025","geometry_precision_mix":"Application/site navigation point from official planning-statistics row; not a surveyed footprint, legal boundary, facade, room, campus, streetworks area or works extent.:1","representation":"planning and built evidence grid cell","timing_note":"Filtered by event effective year. OSM mapped-visibility dates and administrative dates can differ from real-world physical change dates.","caveat":"Planning cells are derived from source-backed event locations; they are not parcel boundaries unless source geometry is separately present.","generated_from":"web/data/city-atlas/cities/belfast/events_2024.json","lifecycle_status":"permitted","status":"source_record","cell_size_m":95,"intensity":0.289,"label":"Almar, 50 Finaghy Park Central erection of two storey rear extension and addition of new garage at side of dwelling (retrospective)..."},"geometry":{"type":"Polygon","coordinates":[[[-5.9925704,54.5605206],[-5.9910973,54.5605206],[-5.9910973,54.5613797],[-5.9925704,54.5613797],[-5.9925704,54.5605206]]]}},{"type":"Feature","properties":{"id":"lens-detail-belfast-2024-planning_cell-321","layer":"planning_cell","category":"built_environment","year":2024,"visible_year":2024,"title":"1 source-backed planning and built record","confidence":"documented","confidence_mix":"documented:1","event_count":1,"source_count":1,"source_ids":"dfi-planning-statistics-2024-25-round592","event_ids":"bfs_arch_round592_lands_adjacent_to_6_and_7_tyndale_crescent_south_and_rear_of_60_66_clare_2022_2322_f_approval_2024","event_ids_all":"bfs_arch_round592_lands_adjacent_to_6_and_7_tyndale_crescent_south_and_rear_of_60_66_clare_2022_2322_f_approval_2024","source_urls":"https://www.infrastructure-ni.gov.uk/publications/northern-ireland-planning-statistics-april-2024-march-2025","geometry_precision_mix":"Application/site navigation point from official planning-statistics row; not a surveyed footprint, legal boundary, facade, room, campus, streetworks area or works extent.:1","representation":"planning and built evidence grid cell","timing_note":"Filtered by event effective year. OSM mapped-visibility dates and administrative dates can differ from real-world physical change dates.","caveat":"Planning cells are derived from source-backed event locations; they are not parcel boundaries unless source geometry is separately present.","generated_from":"web/data/city-atlas/cities/belfast/events_2024.json","lifecycle_status":"permitted","status":"source_record","cell_size_m":95,"intensity":0.289,"label":"Lands adjacent to 6 & 7 Tyndale Crescent/ South and rear of 60 - 66 Clareglen Old Park erection of 3 housing units including 1 detached..."},"geometry":{"type":"Polygon","coordinates":[[[-5.9660546,54.6318303],[-5.9645815,54.6318303],[-5.9645815,54.6326894],[-5.9660546,54.6326894],[-5.9660546,54.6318303]]]}},{"type":"Feature","properties":{"id":"lens-detail-belfast-2024-planning_cell-322","layer":"planning_cell","category":"built_environment","year":2024,"visible_year":2024,"title":"1 source-backed planning and built record","confidence":"documented","confidence_mix":"documented:1","event_count":1,"source_count":1,"source_ids":"dfi-planning-statistics-2024-25-round592","event_ids":"bfs_arch_round592_lands_adjoining_and_north_of_55_and_57_ballylesson_road_and_south_of_9_b_2024_0371_f_approval_2024","event_ids_all":"bfs_arch_round592_lands_adjoining_and_north_of_55_and_57_ballylesson_road_and_south_of_9_b_2024_0371_f_approval_2024","source_urls":"https://www.infrastructure-ni.gov.uk/publications/northern-ireland-planning-statistics-april-2024-march-2025","geometry_precision_mix":"Application/site navigation point from official planning-statistics row; not a surveyed footprint, legal boundary, facade, room, campus, streetworks area or works extent.:1","representation":"planning and built evidence grid cell","timing_note":"Filtered by event effective year. OSM mapped-visibility dates and administrative dates can differ from real-world physical change dates.","caveat":"Planning cells are derived from source-backed event locations; they are not parcel boundaries unless source geometry is separately present.","generated_from":"web/data/city-atlas/cities/belfast/events_2024.json","lifecycle_status":"permitted","status":"source_record","cell_size_m":95,"intensity":0.289,"label":"Lands adjoining & north of 55 & 57 Ballylesson Road & south of 9 Ballynahatty Road new dwelling & garage in an existing cluster..."},"geometry":{"type":"Polygon","coordinates":[[[-5.9454312,54.5416192],[-5.9439581,54.5416192],[-5.9439581,54.5424783],[-5.9454312,54.5424783],[-5.9454312,54.5416192]]]}},{"type":"Feature","properties":{"id":"lens-detail-belfast-2024-planning_cell-323","layer":"planning_cell","category":"built_environment","year":2024,"visible_year":2024,"title":"1 source-backed planning and built record","confidence":"documented","confidence_mix":"documented:1","event_count":1,"source_count":1,"source_ids":"dfi-planning-statistics-2024-25-round592","event_ids":"bfs_arch_round592_parliament_buildings_ballymiscaw_stormont_2024_2004_lbc_approval_2024","event_ids_all":"bfs_arch_round592_parliament_buildings_ballymiscaw_stormont_2024_2004_lbc_approval_2024","source_urls":"https://www.infrastructure-ni.gov.uk/publications/northern-ireland-planning-statistics-april-2024-march-2025","geometry_precision_mix":"Application/site navigation point from official planning-statistics row; not a surveyed footprint, legal boundary, facade, room, campus, streetworks area or works extent.:1","representation":"planning and built evidence grid cell","timing_note":"Filtered by event effective year. OSM mapped-visibility dates and administrative dates can differ from real-world physical change dates.","caveat":"Planning cells are derived from source-backed event locations; they are not parcel boundaries unless source geometry is separately present.","generated_from":"web/data/city-atlas/cities/belfast/events_2024.json","lifecycle_status":"permitted","status":"source_record","cell_size_m":95,"intensity":0.289,"label":"Parliament Buildings, Ballymiscaw, Stormont removal of mechanical & electrical equipment and solar array; removal of fixed stainless..."},"geometry":{"type":"Polygon","coordinates":[[[-5.8334756,54.6043374],[-5.8320025,54.6043374],[-5.8320025,54.6051965],[-5.8334756,54.6051965],[-5.8334756,54.6043374]]]}},{"type":"Feature","properties":{"id":"lens-detail-belfast-2024-planning_cell-33","layer":"planning_cell","category":"built_environment","year":2024,"visible_year":2024,"title":"1 source-backed planning and built record","confidence":"documented","confidence_mix":"documented:1","event_count":1,"source_count":1,"source_ids":"dfi-planning-statistics-2024-25-round477","event_ids":"bfs_arch_round477_james_clow_cladding_remedial_approval_2024","event_ids_all":"bfs_arch_round477_james_clow_cladding_remedial_approval_2024","source_urls":"https://www.infrastructure-ni.gov.uk/publications/northern-ireland-planning-statistics-april-2024-march-2025","geometry_precision_mix":"Approximate application/site navigation point from official planning-statistics row; not a surveyed footprint, legal boundary, facade, room, campus, streetworks area or works extent.:1","representation":"planning and built evidence grid cell","timing_note":"Filtered by event effective year. OSM mapped-visibility dates and administrative dates can differ from real-world physical change dates.","caveat":"Planning cells are derived from source-backed event locations; they are not parcel boundaries unless source geometry is separately present.","generated_from":"web/data/city-atlas/cities/belfast/events_2024.json","lifecycle_status":"permitted","status":"source_record","cell_size_m":95,"intensity":0.289,"label":"James Clow remedial cladding and balcony-decking works were approved"},"geometry":{"type":"Polygon","coordinates":[[[-5.9071306,54.6112106],[-5.9056575,54.6112106],[-5.9056575,54.6120697],[-5.9071306,54.6120697],[-5.9071306,54.6112106]]]}},{"type":"Feature","properties":{"id":"lens-detail-belfast-2024-planning_cell-34","layer":"planning_cell","category":"built_environment","year":2024,"visible_year":2024,"title":"1 source-backed planning and built record","confidence":"documented","confidence_mix":"documented:1","event_count":1,"source_count":1,"source_ids":"dfi-planning-statistics-2024-25-round477","event_ids":"bfs_arch_round477_mater_hospital_boardroom_windows_lbc_2024","event_ids_all":"bfs_arch_round477_mater_hospital_boardroom_windows_lbc_2024","source_urls":"https://www.infrastructure-ni.gov.uk/publications/northern-ireland-planning-statistics-april-2024-march-2025","geometry_precision_mix":"Approximate application/site navigation point from official planning-statistics row; not a surveyed footprint, legal boundary, facade, room, campus, streetworks area or works extent.:1","representation":"planning and built evidence grid cell","timing_note":"Filtered by event effective year. OSM mapped-visibility dates and administrative dates can differ from real-world physical change dates.","caveat":"Planning cells are derived from source-backed event locations; they are not parcel boundaries unless source geometry is separately present.","generated_from":"web/data/city-atlas/cities/belfast/events_2024.json","lifecycle_status":"permitted","status":"source_record","cell_size_m":95,"intensity":0.289,"label":"Mater Hospital boardroom decoration and window works consent was approved"},"geometry":{"type":"Polygon","coordinates":[[[-5.9292271,54.6112106],[-5.927754,54.6112106],[-5.927754,54.6120697],[-5.9292271,54.6120697],[-5.9292271,54.6112106]]]}},{"type":"Feature","properties":{"id":"lens-detail-belfast-2024-planning_cell-35","layer":"planning_cell","category":"built_environment","year":2024,"visible_year":2024,"title":"1 source-backed planning and built record","confidence":"documented","confidence_mix":"documented:1","event_count":1,"source_count":1,"source_ids":"dfi-planning-statistics-2024-25-round477","event_ids":"bfs_arch_round477_ormeau_road_access_doors_approval_2024","event_ids_all":"bfs_arch_round477_ormeau_road_access_doors_approval_2024","source_urls":"https://www.infrastructure-ni.gov.uk/publications/northern-ireland-planning-statistics-april-2024-march-2025","geometry_precision_mix":"Approximate application/site navigation point from official planning-statistics row; not a surveyed footprint, legal boundary, facade, room, campus, streetworks area or works extent.:1","representation":"planning and built evidence grid cell","timing_note":"Filtered by event effective year. OSM mapped-visibility dates and administrative dates can differ from real-world physical change dates.","caveat":"Planning cells are derived from source-backed event locations; they are not parcel boundaries unless source geometry is separately present.","generated_from":"web/data/city-atlas/cities/belfast/events_2024.json","lifecycle_status":"permitted","status":"source_record","cell_size_m":95,"intensity":0.289,"label":"330 Ormeau Road access-ramp and front-door works were approved"},"geometry":{"type":"Polygon","coordinates":[[[-5.9027113,54.5785628],[-5.9012382,54.5785628],[-5.9012382,54.5794219],[-5.9027113,54.5794219],[-5.9027113,54.5785628]]]}},{"type":"Feature","properties":{"id":"lens-detail-belfast-2024-planning_cell-36","layer":"planning_cell","category":"built_environment","year":2024,"visible_year":2024,"title":"1 source-backed planning and built record","confidence":"documented","confidence_mix":"documented:1","event_count":1,"source_count":1,"source_ids":"dfi-planning-statistics-2024-25-round477","event_ids":"bfs_arch_round477_qub_mbc_lecture_hall_overcladding_approval_2024","event_ids_all":"bfs_arch_round477_qub_mbc_lecture_hall_overcladding_approval_2024","source_urls":"https://www.infrastructure-ni.gov.uk/publications/northern-ireland-planning-statistics-april-2024-march-2025","geometry_precision_mix":"Approximate application/site navigation point from official planning-statistics row; not a surveyed footprint, legal boundary, facade, room, campus, streetworks area or works extent.:1","representation":"planning and built evidence grid cell","timing_note":"Filtered by event effective year. OSM mapped-visibility dates and administrative dates can differ from real-world physical change dates.","caveat":"Planning cells are derived from source-backed event locations; they are not parcel boundaries unless source geometry is separately present.","generated_from":"web/data/city-atlas/cities/belfast/events_2024.json","lifecycle_status":"permitted","status":"source_record","cell_size_m":95,"intensity":0.289,"label":"QUB Medical Biology Centre lecture-hall overcladding was approved"},"geometry":{"type":"Polygon","coordinates":[[[-5.9292271,54.5888726],[-5.927754,54.5888726],[-5.927754,54.5897318],[-5.9292271,54.5897318],[-5.9292271,54.5888726]]]}},{"type":"Feature","properties":{"id":"lens-detail-belfast-2024-planning_cell-37","layer":"planning_cell","category":"built_environment","year":2024,"visible_year":2024,"title":"1 source-backed planning and built record","confidence":"documented","confidence_mix":"documented:1","event_count":1,"source_count":1,"source_ids":"dfi-planning-statistics-2024-25-round477","event_ids":"bfs_arch_round477_royal_courts_fire_compartmentation_lbc_2024","event_ids_all":"bfs_arch_round477_royal_courts_fire_compartmentation_lbc_2024","source_urls":"https://www.infrastructure-ni.gov.uk/publications/northern-ireland-planning-statistics-april-2024-march-2025","geometry_precision_mix":"Approximate application/site navigation point from official planning-statistics row; not a surveyed footprint, legal boundary, facade, room, campus, streetworks area or works extent.:1","representation":"planning and built evidence grid cell","timing_note":"Filtered by event effective year. OSM mapped-visibility dates and administrative dates can differ from real-world physical change dates.","caveat":"Planning cells are derived from source-backed event locations; they are not parcel boundaries unless source geometry is separately present.","generated_from":"web/data/city-atlas/cities/belfast/events_2024.json","lifecycle_status":"permitted","status":"source_record","cell_size_m":95,"intensity":0.289,"label":"Royal Courts of Justice fire-compartmentation consent was approved"},"geometry":{"type":"Polygon","coordinates":[[[-5.9100768,54.6000416],[-5.9086037,54.6000416],[-5.9086037,54.6009008],[-5.9100768,54.6009008],[-5.9100768,54.6000416]]]}},{"type":"Feature","properties":{"id":"lens-detail-belfast-2024-planning_cell-38","layer":"planning_cell","category":"built_environment","year":2024,"visible_year":2024,"title":"1 source-backed planning and built record","confidence":"documented","confidence_mix":"documented:1","event_count":1,"source_count":1,"source_ids":"dfi-planning-statistics-2024-25-round477","event_ids":"bfs_arch_round477_st_matthews_presbytery_access_repairs_approval_2024","event_ids_all":"bfs_arch_round477_st_matthews_presbytery_access_repairs_approval_2024","source_urls":"https://www.infrastructure-ni.gov.uk/publications/northern-ireland-planning-statistics-april-2024-march-2025","geometry_precision_mix":"Approximate application/site navigation point from official planning-statistics row; not a surveyed footprint, legal boundary, facade, room, campus, streetworks area or works extent.:1","representation":"planning and built evidence grid cell","timing_note":"Filtered by event effective year. OSM mapped-visibility dates and administrative dates can differ from real-world physical change dates.","caveat":"Planning cells are derived from source-backed event locations; they are not parcel boundaries unless source geometry is separately present.","generated_from":"web/data/city-atlas/cities/belfast/events_2024.json","lifecycle_status":"permitted","status":"source_record","cell_size_m":95,"intensity":0.289,"label":"St Matthews Presbytery access and brick-repair consents were approved"},"geometry":{"type":"Polygon","coordinates":[[[-5.8938727,54.6026191],[-5.8923996,54.6026191],[-5.8923996,54.6034782],[-5.8938727,54.6034782],[-5.8938727,54.6026191]]]}},{"type":"Feature","properties":{"id":"lens-detail-belfast-2024-planning_cell-39","layer":"planning_cell","category":"built_environment","year":2024,"visible_year":2024,"title":"1 source-backed planning and built record","confidence":"documented","confidence_mix":"documented:1","event_count":1,"source_count":1,"source_ids":"dfi-planning-statistics-2024-25-round477","event_ids":"bfs_arch_round477_stormont_house_annex_demolition_lbc_2024","event_ids_all":"bfs_arch_round477_stormont_house_annex_demolition_lbc_2024","source_urls":"https://www.infrastructure-ni.gov.uk/publications/northern-ireland-planning-statistics-april-2024-march-2025","geometry_precision_mix":"Approximate application/site navigation point from official planning-statistics row; not a surveyed footprint, legal boundary, facade, room, campus, streetworks area or works extent.:1","representation":"planning and built evidence grid cell","timing_note":"Filtered by event effective year. OSM mapped-visibility dates and administrative dates can differ from real-world physical change dates.","caveat":"Planning cells are derived from source-backed event locations; they are not parcel boundaries unless source geometry is separately present.","generated_from":"web/data/city-atlas/cities/belfast/events_2024.json","lifecycle_status":"demolished","status":"source_record","cell_size_m":95,"intensity":0.289,"label":"Stormont House Annex demolition listed-building consent was approved"},"geometry":{"type":"Polygon","coordinates":[[[-5.8202177,54.6060557],[-5.8187446,54.6060557],[-5.8187446,54.6069148],[-5.8202177,54.6069148],[-5.8202177,54.6060557]]]}},{"type":"Feature","properties":{"id":"lens-detail-belfast-2024-planning_cell-40","layer":"planning_cell","category":"built_environment","year":2024,"visible_year":2024,"title":"1 source-backed planning and built record","confidence":"documented","confidence_mix":"documented:1","event_count":1,"source_count":1,"source_ids":"dfi-planning-statistics-2024-25-round477","event_ids":"bfs_arch_round477_william_street_retail_subdivision_shopfront_approval_2024","event_ids_all":"bfs_arch_round477_william_street_retail_subdivision_shopfront_approval_2024","source_urls":"https://www.infrastructure-ni.gov.uk/publications/northern-ireland-planning-statistics-april-2024-march-2025","geometry_precision_mix":"Approximate application/site navigation point from official planning-statistics row; not a surveyed footprint, legal boundary, facade, room, campus, streetworks area or works extent.:1","representation":"planning and built evidence grid cell","timing_note":"Filtered by event effective year. OSM mapped-visibility dates and administrative dates can differ from real-world physical change dates.","caveat":"Planning cells are derived from source-backed event locations; they are not parcel boundaries unless source geometry is separately present.","generated_from":"web/data/city-atlas/cities/belfast/events_2024.json","lifecycle_status":"permitted","status":"source_record","cell_size_m":95,"intensity":0.289,"label":"15-19 William Street South retail subdivision and shopfront works were approved"},"geometry":{"type":"Polygon","coordinates":[[[-5.9144961,54.6009008],[-5.913023,54.6009008],[-5.913023,54.6017599],[-5.9144961,54.6017599],[-5.9144961,54.6009008]]]}},{"type":"Feature","properties":{"id":"lens-detail-belfast-2024-planning_cell-44","layer":"planning_cell","category":"built_environment","year":2024,"visible_year":2024,"title":"1 source-backed planning and built record","confidence":"documented","confidence_mix":"documented:1","event_count":1,"source_count":1,"source_ids":"dfi-planning-statistics-2024-25-round494","event_ids":"bfs_arch_round494_castlereagh_road_a1_office_residential_approval_2024","event_ids_all":"bfs_arch_round494_castlereagh_road_a1_office_residential_approval_2024","source_urls":"https://www.infrastructure-ni.gov.uk/publications/northern-ireland-planning-statistics-april-2024-march-2025","geometry_precision_mix":"Application/site navigation point from official planning-statistics row; not a surveyed footprint, legal boundary, facade, room, campus, streetworks area or works extent.:1","representation":"planning and built evidence grid cell","timing_note":"Filtered by event effective year. OSM mapped-visibility dates and administrative dates can differ from real-world physical change dates.","caveat":"Planning cells are derived from source-backed event locations; they are not parcel boundaries unless source geometry is separately present.","generated_from":"web/data/city-atlas/cities/belfast/events_2024.json","lifecycle_status":"permitted","status":"source_record","cell_size_m":95,"intensity":0.289,"label":"74 Castlereagh Road A1 unit and office-to-residential works were approved"},"geometry":{"type":"Polygon","coordinates":[[[-5.898292,54.5905909],[-5.8968189,54.5905909],[-5.8968189,54.5914501],[-5.898292,54.5914501],[-5.898292,54.5905909]]]}},{"type":"Feature","properties":{"id":"lens-detail-belfast-2024-planning_cell-45","layer":"planning_cell","category":"built_environment","year":2024,"visible_year":2024,"title":"1 source-backed planning and built record","confidence":"documented","confidence_mix":"documented:1","event_count":1,"source_count":1,"source_ids":"dfi-planning-statistics-2024-25-round494","event_ids":"bfs_arch_round494_donegall_place_internal_external_demolition_dca_2024","event_ids_all":"bfs_arch_round494_donegall_place_internal_external_demolition_dca_2024","source_urls":"https://www.infrastructure-ni.gov.uk/publications/northern-ireland-planning-statistics-april-2024-march-2025","geometry_precision_mix":"Application/site navigation point from official planning-statistics row; not a surveyed footprint, legal boundary, facade, room, campus, streetworks area or works extent.:1","representation":"planning and built evidence grid cell","timing_note":"Filtered by event effective year. OSM mapped-visibility dates and administrative dates can differ from real-world physical change dates.","caveat":"Planning cells are derived from source-backed event locations; they are not parcel boundaries unless source geometry is separately present.","generated_from":"web/data/city-atlas/cities/belfast/events_2024.json","lifecycle_status":"demolished","status":"source_record","cell_size_m":95,"intensity":0.289,"label":"Donegall Place and Fountain Lane internal/external demolition consent was approved"},"geometry":{"type":"Polygon","coordinates":[[[-5.9321733,54.5983233],[-5.9307002,54.5983233],[-5.9307002,54.5991824],[-5.9321733,54.5991824],[-5.9321733,54.5983233]]]}},{"type":"Feature","properties":{"id":"lens-detail-belfast-2024-planning_cell-46","layer":"planning_cell","category":"built_environment","year":2024,"visible_year":2024,"title":"1 source-backed planning and built record","confidence":"documented","confidence_mix":"documented:1","event_count":1,"source_count":1,"source_ids":"dfi-planning-statistics-2024-25-round494","event_ids":"bfs_arch_round494_falls_road_office_hmo_approval_2024","event_ids_all":"bfs_arch_round494_falls_road_office_hmo_approval_2024","source_urls":"https://www.infrastructure-ni.gov.uk/publications/northern-ireland-planning-statistics-april-2024-march-2025","geometry_precision_mix":"Application/site navigation point from official planning-statistics row; not a surveyed footprint, legal boundary, facade, room, campus, streetworks area or works extent.:1","representation":"planning and built evidence grid cell","timing_note":"Filtered by event effective year. OSM mapped-visibility dates and administrative dates can differ from real-world physical change dates.","caveat":"Planning cells are derived from source-backed event locations; they are not parcel boundaries unless source geometry is separately present.","generated_from":"web/data/city-atlas/cities/belfast/events_2024.json","lifecycle_status":"permitted","status":"source_record","cell_size_m":95,"intensity":0.289,"label":"461 Falls Road office-to-HMO change of use was approved"},"geometry":{"type":"Polygon","coordinates":[[[-5.9690008,54.5897318],[-5.9675277,54.5897318],[-5.9675277,54.5905909],[-5.9690008,54.5905909],[-5.9690008,54.5897318]]]}},{"type":"Feature","properties":{"id":"lens-detail-belfast-2024-planning_cell-47","layer":"planning_cell","category":"built_environment","year":2024,"visible_year":2024,"title":"1 source-backed planning and built record","confidence":"documented","confidence_mix":"documented:1","event_count":1,"source_count":1,"source_ids":"dfi-planning-statistics-2024-25-round494","event_ids":"bfs_arch_round494_glenveagh_school_modular_classrooms_approval_2024","event_ids_all":"bfs_arch_round494_glenveagh_school_modular_classrooms_approval_2024","source_urls":"https://www.infrastructure-ni.gov.uk/publications/northern-ireland-planning-statistics-april-2024-march-2025","geometry_precision_mix":"Application/site navigation point from official planning-statistics row; not a surveyed footprint, legal boundary, facade, room, campus, streetworks area or works extent.:1","representation":"planning and built evidence grid cell","timing_note":"Filtered by event effective year. OSM mapped-visibility dates and administrative dates can differ from real-world physical change dates.","caveat":"Planning cells are derived from source-backed event locations; they are not parcel boundaries unless source geometry is separately present.","generated_from":"web/data/city-atlas/cities/belfast/events_2024.json","lifecycle_status":"permitted","status":"source_record","cell_size_m":95,"intensity":0.289,"label":"Glenveagh Special School modular classrooms were approved"},"geometry":{"type":"Polygon","coordinates":[[[-5.9660546,54.5579431],[-5.9645815,54.5579431],[-5.9645815,54.5588023],[-5.9660546,54.5588023],[-5.9660546,54.5579431]]]}},{"type":"Feature","properties":{"id":"lens-detail-belfast-2024-planning_cell-48","layer":"planning_cell","category":"built_environment","year":2024,"visible_year":2024,"title":"1 source-backed planning and built record","confidence":"documented","confidence_mix":"documented:1","event_count":1,"source_count":1,"source_ids":"dfi-planning-statistics-2024-25-round494","event_ids":"bfs_arch_round494_great_victoria_street_living_wall_approval_2024","event_ids_all":"bfs_arch_round494_great_victoria_street_living_wall_approval_2024","source_urls":"https://www.infrastructure-ni.gov.uk/publications/northern-ireland-planning-statistics-april-2024-march-2025","geometry_precision_mix":"Application/site navigation point from official planning-statistics row; not a surveyed footprint, legal boundary, facade, room, campus, streetworks area or works extent.:1","representation":"planning and built evidence grid cell","timing_note":"Filtered by event effective year. OSM mapped-visibility dates and administrative dates can differ from real-world physical change dates.","caveat":"Planning cells are derived from source-backed event locations; they are not parcel boundaries unless source geometry is separately present.","generated_from":"web/data/city-atlas/cities/belfast/events_2024.json","lifecycle_status":"permitted","status":"source_record","cell_size_m":95,"intensity":0.289,"label":"Great Victoria Street living-wall system was approved"},"geometry":{"type":"Polygon","coordinates":[[[-5.9351195,54.5897318],[-5.9336464,54.5897318],[-5.9336464,54.5905909],[-5.9351195,54.5905909],[-5.9351195,54.5897318]]]}},{"type":"Feature","properties":{"id":"lens-detail-belfast-2024-planning_cell-49","layer":"planning_cell","category":"built_environment","year":2024,"visible_year":2024,"title":"1 source-backed planning and built record","confidence":"documented","confidence_mix":"documented:1","event_count":1,"source_count":1,"source_ids":"dfi-planning-statistics-2024-25-round494","event_ids":"bfs_arch_round494_hamel_court_warden_office_apartments_approval_2024","event_ids_all":"bfs_arch_round494_hamel_court_warden_office_apartments_approval_2024","source_urls":"https://www.infrastructure-ni.gov.uk/publications/northern-ireland-planning-statistics-april-2024-march-2025","geometry_precision_mix":"Application/site navigation point from official planning-statistics row; not a surveyed footprint, legal boundary, facade, room, campus, streetworks area or works extent.:1","representation":"planning and built evidence grid cell","timing_note":"Filtered by event effective year. OSM mapped-visibility dates and administrative dates can differ from real-world physical change dates.","caveat":"Planning cells are derived from source-backed event locations; they are not parcel boundaries unless source geometry is separately present.","generated_from":"web/data/city-atlas/cities/belfast/events_2024.json","lifecycle_status":"permitted","status":"source_record","cell_size_m":95,"intensity":0.289,"label":"1 Hamel Court warden office and apartment conversion was approved"},"geometry":{"type":"Polygon","coordinates":[[[-5.8953458,54.5751262],[-5.8938727,54.5751262],[-5.8938727,54.5759853],[-5.8953458,54.5759853],[-5.8953458,54.5751262]]]}},{"type":"Feature","properties":{"id":"lens-detail-belfast-2024-planning_cell-5","layer":"planning_cell","category":"built_environment","year":2024,"visible_year":2024,"title":"1 source-backed planning and built record","confidence":"documented","confidence_mix":"documented:1","event_count":1,"source_count":1,"source_ids":"dfi-planning-statistics-2024-25-round472","event_ids":"bfs_arch_round472_berry_street_office_parish_hall_reconfig_approval_2024","event_ids_all":"bfs_arch_round472_berry_street_office_parish_hall_reconfig_approval_2024","source_urls":"https://www.infrastructure-ni.gov.uk/publications/northern-ireland-planning-statistics-april-2024-march-2025","geometry_precision_mix":"Approximate application/site navigation point from official planning-statistics row; not a surveyed footprint, legal boundary, facade, room or works extent.:1","representation":"planning and built evidence grid cell","timing_note":"Filtered by event effective year. OSM mapped-visibility dates and administrative dates can differ from real-world physical change dates.","caveat":"Planning cells are derived from source-backed event locations; they are not parcel boundaries unless source geometry is separately present.","generated_from":"web/data/city-atlas/cities/belfast/events_2024.json","lifecycle_status":"permitted","status":"source_record","cell_size_m":95,"intensity":0.289,"label":"Berry Street office accommodation and parish-hall reconfiguration were approved"},"geometry":{"type":"Polygon","coordinates":[[[-5.9218616,54.6026191],[-5.9203885,54.6026191],[-5.9203885,54.6034782],[-5.9218616,54.6034782],[-5.9218616,54.6026191]]]}},{"type":"Feature","properties":{"id":"lens-detail-belfast-2024-planning_cell-50","layer":"planning_cell","category":"built_environment","year":2024,"visible_year":2024,"title":"1 source-backed planning and built record","confidence":"documented","confidence_mix":"documented:1","event_count":1,"source_count":1,"source_ids":"dfi-planning-statistics-2024-25-round494","event_ids":"bfs_arch_round494_harbour_office_steps_railings_lbc_2024","event_ids_all":"bfs_arch_round494_harbour_office_steps_railings_lbc_2024","source_urls":"https://www.infrastructure-ni.gov.uk/publications/northern-ireland-planning-statistics-april-2024-march-2025","geometry_precision_mix":"Application/site navigation point from official planning-statistics row; not a surveyed footprint, legal boundary, facade, room, campus, streetworks area or works extent.:1","representation":"planning and built evidence grid cell","timing_note":"Filtered by event effective year. OSM mapped-visibility dates and administrative dates can differ from real-world physical change dates.","caveat":"Planning cells are derived from source-backed event locations; they are not parcel boundaries unless source geometry is separately present.","generated_from":"web/data/city-atlas/cities/belfast/events_2024.json","lifecycle_status":"permitted","status":"source_record","cell_size_m":95,"intensity":0.289,"label":"Harbour Office entrance-step and railing consent was approved"},"geometry":{"type":"Polygon","coordinates":[[[-5.9233347,54.6043374],[-5.9218616,54.6043374],[-5.9218616,54.6051965],[-5.9233347,54.6051965],[-5.9233347,54.6043374]]]}},{"type":"Feature","properties":{"id":"lens-detail-belfast-2024-planning_cell-51","layer":"planning_cell","category":"built_environment","year":2024,"visible_year":2024,"title":"1 source-backed planning and built record","confidence":"documented","confidence_mix":"documented:1","event_count":1,"source_count":1,"source_ids":"dfi-planning-statistics-2024-25-round494","event_ids":"bfs_arch_round494_lamh_dhearg_clubroom_extension_approval_2024","event_ids_all":"bfs_arch_round494_lamh_dhearg_clubroom_extension_approval_2024","source_urls":"https://www.infrastructure-ni.gov.uk/publications/northern-ireland-planning-statistics-april-2024-march-2025","geometry_precision_mix":"Application/site navigation point from official planning-statistics row; not a surveyed footprint, legal boundary, facade, room, campus, streetworks area or works extent.:1","representation":"planning and built evidence grid cell","timing_note":"Filtered by event effective year. OSM mapped-visibility dates and administrative dates can differ from real-world physical change dates.","caveat":"Planning cells are derived from source-backed event locations; they are not parcel boundaries unless source geometry is separately present.","generated_from":"web/data/city-atlas/cities/belfast/events_2024.json","lifecycle_status":"permitted","status":"source_record","cell_size_m":95,"intensity":0.289,"label":"Cumann Lamh Dhearg clubroom extension was approved"},"geometry":{"type":"Polygon","coordinates":[[[-6.0382365,54.5880135],[-6.0367634,54.5880135],[-6.0367634,54.5888726],[-6.0382365,54.5888726],[-6.0382365,54.5880135]]]}},{"type":"Feature","properties":{"id":"lens-detail-belfast-2024-planning_cell-52","layer":"planning_cell","category":"built_environment","year":2024,"visible_year":2024,"title":"1 source-backed planning and built record","confidence":"documented","confidence_mix":"documented:1","event_count":1,"source_count":1,"source_ids":"dfi-planning-statistics-2024-25-round494","event_ids":"bfs_arch_round494_lisburn_road_glazed_box_external_seating_approval_2024","event_ids_all":"bfs_arch_round494_lisburn_road_glazed_box_external_seating_approval_2024","source_urls":"https://www.infrastructure-ni.gov.uk/publications/northern-ireland-planning-statistics-april-2024-march-2025","geometry_precision_mix":"Application/site navigation point from official planning-statistics row; not a surveyed footprint, legal boundary, facade, room, campus, streetworks area or works extent.:1","representation":"planning and built evidence grid cell","timing_note":"Filtered by event effective year. OSM mapped-visibility dates and administrative dates can differ from real-world physical change dates.","caveat":"Planning cells are derived from source-backed event locations; they are not parcel boundaries unless source geometry is separately present.","generated_from":"web/data/city-atlas/cities/belfast/events_2024.json","lifecycle_status":"permitted","status":"source_record","cell_size_m":95,"intensity":0.289,"label":"54 Lisburn Road glazed external-seating enclosure was approved"},"geometry":{"type":"Polygon","coordinates":[[[-5.9395388,54.5862952],[-5.9380657,54.5862952],[-5.9380657,54.5871543],[-5.9395388,54.5871543],[-5.9395388,54.5862952]]]}},{"type":"Feature","properties":{"id":"lens-detail-belfast-2024-planning_cell-53","layer":"planning_cell","category":"built_environment","year":2024,"visible_year":2024,"title":"1 source-backed planning and built record","confidence":"documented","confidence_mix":"documented:1","event_count":1,"source_count":1,"source_ids":"dfi-planning-statistics-2024-25-round494","event_ids":"bfs_arch_round494_lisburn_road_retail_solicitors_office_approval_2024","event_ids_all":"bfs_arch_round494_lisburn_road_retail_solicitors_office_approval_2024","source_urls":"https://www.infrastructure-ni.gov.uk/publications/northern-ireland-planning-statistics-april-2024-march-2025","geometry_precision_mix":"Application/site navigation point from official planning-statistics row; not a surveyed footprint, legal boundary, facade, room, campus, streetworks area or works extent.:1","representation":"planning and built evidence grid cell","timing_note":"Filtered by event effective year. OSM mapped-visibility dates and administrative dates can differ from real-world physical change dates.","caveat":"Planning cells are derived from source-backed event locations; they are not parcel boundaries unless source geometry is separately present.","generated_from":"web/data/city-atlas/cities/belfast/events_2024.json","lifecycle_status":"permitted","status":"source_record","cell_size_m":95,"intensity":0.289,"label":"679 Lisburn Road retail-to-solicitors-office change of use was approved"},"geometry":{"type":"Polygon","coordinates":[[[-5.9601622,54.5725487],[-5.9586891,54.5725487],[-5.9586891,54.5734079],[-5.9601622,54.5734079],[-5.9601622,54.5725487]]]}},{"type":"Feature","properties":{"id":"lens-detail-belfast-2024-planning_cell-54","layer":"planning_cell","category":"built_environment","year":2024,"visible_year":2024,"title":"1 source-backed planning and built record","confidence":"documented","confidence_mix":"documented:1","event_count":1,"source_count":1,"source_ids":"dfi-planning-statistics-2024-25-round494","event_ids":"bfs_arch_round494_mount_charles_lime_rendering_lbc_approval_2024","event_ids_all":"bfs_arch_round494_mount_charles_lime_rendering_lbc_approval_2024","source_urls":"https://www.infrastructure-ni.gov.uk/publications/northern-ireland-planning-statistics-april-2024-march-2025","geometry_precision_mix":"Application/site navigation point from official planning-statistics row; not a surveyed footprint, legal boundary, facade, room, campus, streetworks area or works extent.:1","representation":"planning and built evidence grid cell","timing_note":"Filtered by event effective year. OSM mapped-visibility dates and administrative dates can differ from real-world physical change dates.","caveat":"Planning cells are derived from source-backed event locations; they are not parcel boundaries unless source geometry is separately present.","generated_from":"web/data/city-atlas/cities/belfast/events_2024.json","lifecycle_status":"permitted","status":"source_record","cell_size_m":95,"intensity":0.289,"label":"3-5 Mount Charles rear-wall lime-rendering consent was approved"},"geometry":{"type":"Polygon","coordinates":[[[-5.9365926,54.585436],[-5.9351195,54.585436],[-5.9351195,54.5862952],[-5.9365926,54.5862952],[-5.9365926,54.585436]]]}},{"type":"Feature","properties":{"id":"lens-detail-belfast-2024-planning_cell-55","layer":"planning_cell","category":"built_environment","year":2024,"visible_year":2024,"title":"1 source-backed planning and built record","confidence":"documented","confidence_mix":"documented:1","event_count":1,"source_count":1,"source_ids":"dfi-planning-statistics-2024-25-round494","event_ids":"bfs_arch_round494_mount_charles_stud_walls_access_hallway_lbc_2024","event_ids_all":"bfs_arch_round494_mount_charles_stud_walls_access_hallway_lbc_2024","source_urls":"https://www.infrastructure-ni.gov.uk/publications/northern-ireland-planning-statistics-april-2024-march-2025","geometry_precision_mix":"Application/site navigation point from official planning-statistics row; not a surveyed footprint, legal boundary, facade, room, campus, streetworks area or works extent.:1","representation":"planning and built evidence grid cell","timing_note":"Filtered by event effective year. OSM mapped-visibility dates and administrative dates can differ from real-world physical change dates.","caveat":"Planning cells are derived from source-backed event locations; they are not parcel boundaries unless source geometry is separately present.","generated_from":"web/data/city-atlas/cities/belfast/events_2024.json","lifecycle_status":"permitted","status":"source_record","cell_size_m":95,"intensity":0.289,"label":"26-30 Mount Charles stud-wall and access-hallway consent was approved"},"geometry":{"type":"Polygon","coordinates":[[[-5.9351195,54.5862952],[-5.9336464,54.5862952],[-5.9336464,54.5871543],[-5.9351195,54.5871543],[-5.9351195,54.5862952]]]}},{"type":"Feature","properties":{"id":"lens-detail-belfast-2024-planning_cell-56","layer":"planning_cell","category":"built_environment","year":2024,"visible_year":2024,"title":"1 source-backed planning and built record","confidence":"documented","confidence_mix":"documented:1","event_count":1,"source_count":1,"source_ids":"dfi-planning-statistics-2024-25-round494","event_ids":"bfs_arch_round494_ormeau_road_estate_agent_coffee_shop_approval_2024","event_ids_all":"bfs_arch_round494_ormeau_road_estate_agent_coffee_shop_approval_2024","source_urls":"https://www.infrastructure-ni.gov.uk/publications/northern-ireland-planning-statistics-april-2024-march-2025","geometry_precision_mix":"Application/site navigation point from official planning-statistics row; not a surveyed footprint, legal boundary, facade, room, campus, streetworks area or works extent.:1","representation":"planning and built evidence grid cell","timing_note":"Filtered by event effective year. OSM mapped-visibility dates and administrative dates can differ from real-world physical change dates.","caveat":"Planning cells are derived from source-backed event locations; they are not parcel boundaries unless source geometry is separately present.","generated_from":"web/data/city-atlas/cities/belfast/events_2024.json","lifecycle_status":"permitted","status":"source_record","cell_size_m":95,"intensity":0.289,"label":"236-238 Ormeau Road estate-agent-to-coffee-shop change of use was approved"},"geometry":{"type":"Polygon","coordinates":[[[-5.9189154,54.5777036],[-5.9174423,54.5777036],[-5.9174423,54.5785628],[-5.9189154,54.5785628],[-5.9189154,54.5777036]]]}},{"type":"Feature","properties":{"id":"lens-detail-belfast-2024-planning_cell-57","layer":"planning_cell","category":"built_environment","year":2024,"visible_year":2024,"title":"1 source-backed planning and built record","confidence":"documented","confidence_mix":"documented:1","event_count":1,"source_count":1,"source_ids":"dfi-planning-statistics-2024-25-round494","event_ids":"bfs_arch_round494_ormeau_road_restaurant_takeaway_approval_2024","event_ids_all":"bfs_arch_round494_ormeau_road_restaurant_takeaway_approval_2024","source_urls":"https://www.infrastructure-ni.gov.uk/publications/northern-ireland-planning-statistics-april-2024-march-2025","geometry_precision_mix":"Application/site navigation point from official planning-statistics row; not a surveyed footprint, legal boundary, facade, room, campus, streetworks area or works extent.:1","representation":"planning and built evidence grid cell","timing_note":"Filtered by event effective year. OSM mapped-visibility dates and administrative dates can differ from real-world physical change dates.","caveat":"Planning cells are derived from source-backed event locations; they are not parcel boundaries unless source geometry is separately present.","generated_from":"web/data/city-atlas/cities/belfast/events_2024.json","lifecycle_status":"permitted","status":"source_record","cell_size_m":95,"intensity":0.289,"label":"445-449 Ormeau Road restaurant-to-takeaway change of use was approved"},"geometry":{"type":"Polygon","coordinates":[[[-5.9189154,54.5751262],[-5.9174423,54.5751262],[-5.9174423,54.5759853],[-5.9189154,54.5759853],[-5.9189154,54.5751262]]]}},{"type":"Feature","properties":{"id":"lens-detail-belfast-2024-planning_cell-58","layer":"planning_cell","category":"built_environment","year":2024,"visible_year":2024,"title":"1 source-backed planning and built record","confidence":"documented","confidence_mix":"documented:1","event_count":1,"source_count":1,"source_ids":"dfi-planning-statistics-2024-25-round494","event_ids":"bfs_arch_round494_prince_regent_road_warehouse_roof_recladding_approval_2024","event_ids_all":"bfs_arch_round494_prince_regent_road_warehouse_roof_recladding_approval_2024","source_urls":"https://www.infrastructure-ni.gov.uk/publications/northern-ireland-planning-statistics-april-2024-march-2025","geometry_precision_mix":"Application/site navigation point from official planning-statistics row; not a surveyed footprint, legal boundary, facade, room, campus, streetworks area or works extent.:1","representation":"planning and built evidence grid cell","timing_note":"Filtered by event effective year. OSM mapped-visibility dates and administrative dates can differ from real-world physical change dates.","caveat":"Planning cells are derived from source-backed event locations; they are not parcel boundaries unless source geometry is separately present.","generated_from":"web/data/city-atlas/cities/belfast/events_2024.json","lifecycle_status":"permitted","status":"source_record","cell_size_m":95,"intensity":0.289,"label":"9 Prince Regent Road warehouse roofing works were approved"},"geometry":{"type":"Polygon","coordinates":[[[-5.8703031,54.5811402],[-5.86883,54.5811402],[-5.86883,54.5819994],[-5.8703031,54.5819994],[-5.8703031,54.5811402]]]}},{"type":"Feature","properties":{"id":"lens-detail-belfast-2024-planning_cell-59","layer":"planning_cell","category":"built_environment","year":2024,"visible_year":2024,"title":"1 source-backed planning and built record","confidence":"documented","confidence_mix":"documented:1","event_count":1,"source_count":1,"source_ids":"dfi-planning-statistics-2024-25-round494","event_ids":"bfs_arch_round494_ravenhill_road_a1_d2_gymnasium_approval_2024","event_ids_all":"bfs_arch_round494_ravenhill_road_a1_d2_gymnasium_approval_2024","source_urls":"https://www.infrastructure-ni.gov.uk/publications/northern-ireland-planning-statistics-april-2024-march-2025","geometry_precision_mix":"Application/site navigation point from official planning-statistics row; not a surveyed footprint, legal boundary, facade, room, campus, streetworks area or works extent.:1","representation":"planning and built evidence grid cell","timing_note":"Filtered by event effective year. OSM mapped-visibility dates and administrative dates can differ from real-world physical change dates.","caveat":"Planning cells are derived from source-backed event locations; they are not parcel boundaries unless source geometry is separately present.","generated_from":"web/data/city-atlas/cities/belfast/events_2024.json","lifecycle_status":"permitted","status":"source_record","cell_size_m":95,"intensity":0.289,"label":"47 Ravenhill Road A1/D2-to-gymnasium change of use was approved"},"geometry":{"type":"Polygon","coordinates":[[[-5.9115499,54.5931684],[-5.9100768,54.5931684],[-5.9100768,54.5940275],[-5.9115499,54.5940275],[-5.9115499,54.5931684]]]}},{"type":"Feature","properties":{"id":"lens-detail-belfast-2024-planning_cell-6","layer":"planning_cell","category":"built_environment","year":2024,"visible_year":2024,"title":"1 source-backed planning and built record","confidence":"documented","confidence_mix":"documented:1","event_count":1,"source_count":1,"source_ids":"dfi-planning-statistics-2024-25-round472","event_ids":"bfs_arch_round472_campbell_college_repairs_lbc_2024","event_ids_all":"bfs_arch_round472_campbell_college_repairs_lbc_2024","source_urls":"https://www.infrastructure-ni.gov.uk/publications/northern-ireland-planning-statistics-april-2024-march-2025","geometry_precision_mix":"Approximate application/site navigation point from official planning-statistics row; not a surveyed footprint, legal boundary, facade, room or works extent.:1","representation":"planning and built evidence grid cell","timing_note":"Filtered by event effective year. OSM mapped-visibility dates and administrative dates can differ from real-world physical change dates.","caveat":"Planning cells are derived from source-backed event locations; they are not parcel boundaries unless source geometry is separately present.","generated_from":"web/data/city-atlas/cities/belfast/events_2024.json","lifecycle_status":"permitted","status":"source_record","cell_size_m":95,"intensity":0.289,"label":"Campbell College roof, stonework, mortar and window repair consent was approved"},"geometry":{"type":"Polygon","coordinates":[[[-5.8378949,54.6060557],[-5.8364218,54.6060557],[-5.8364218,54.6069148],[-5.8378949,54.6069148],[-5.8378949,54.6060557]]]}},{"type":"Feature","properties":{"id":"lens-detail-belfast-2024-planning_cell-60","layer":"planning_cell","category":"built_environment","year":2024,"visible_year":2024,"title":"1 source-backed planning and built record","confidence":"documented","confidence_mix":"documented:1","event_count":1,"source_count":1,"source_ids":"dfi-planning-statistics-2024-25-round494","event_ids":"bfs_arch_round494_royal_avenue_roof_covering_lbc_approval_2024","event_ids_all":"bfs_arch_round494_royal_avenue_roof_covering_lbc_approval_2024","source_urls":"https://www.infrastructure-ni.gov.uk/publications/northern-ireland-planning-statistics-april-2024-march-2025","geometry_precision_mix":"Application/site navigation point from official planning-statistics row; not a surveyed footprint, legal boundary, facade, room, campus, streetworks area or works extent.:1","representation":"planning and built evidence grid cell","timing_note":"Filtered by event effective year. OSM mapped-visibility dates and administrative dates can differ from real-world physical change dates.","caveat":"Planning cells are derived from source-backed event locations; they are not parcel boundaries unless source geometry is separately present.","generated_from":"web/data/city-atlas/cities/belfast/events_2024.json","lifecycle_status":"permitted","status":"source_record","cell_size_m":95,"intensity":0.289,"label":"7-19 Royal Avenue roof-covering replacement consent was approved"},"geometry":{"type":"Polygon","coordinates":[[[-5.9307002,54.5991824],[-5.9292271,54.5991824],[-5.9292271,54.6000416],[-5.9307002,54.6000416],[-5.9307002,54.5991824]]]}},{"type":"Feature","properties":{"id":"lens-detail-belfast-2024-planning_cell-61","layer":"planning_cell","category":"built_environment","year":2024,"visible_year":2024,"title":"1 source-backed planning and built record","confidence":"documented","confidence_mix":"documented:1","event_count":1,"source_count":1,"source_ids":"dfi-planning-statistics-2024-25-round494","event_ids":"bfs_arch_round494_shankill_road_furniture_shop_takeaway_flue_approval_2024","event_ids_all":"bfs_arch_round494_shankill_road_furniture_shop_takeaway_flue_approval_2024","source_urls":"https://www.infrastructure-ni.gov.uk/publications/northern-ireland-planning-statistics-april-2024-march-2025","geometry_precision_mix":"Application/site navigation point from official planning-statistics row; not a surveyed footprint, legal boundary, facade, room, campus, streetworks area or works extent.:1","representation":"planning and built evidence grid cell","timing_note":"Filtered by event effective year. OSM mapped-visibility dates and administrative dates can differ from real-world physical change dates.","caveat":"Planning cells are derived from source-backed event locations; they are not parcel boundaries unless source geometry is separately present.","generated_from":"web/data/city-atlas/cities/belfast/events_2024.json","lifecycle_status":"permitted","status":"source_record","cell_size_m":95,"intensity":0.289,"label":"391-393 Shankill Road furniture-shop-to-takeaway change of use was approved"},"geometry":{"type":"Polygon","coordinates":[[[-5.9586891,54.6043374],[-5.957216,54.6043374],[-5.957216,54.6051965],[-5.9586891,54.6051965],[-5.9586891,54.6043374]]]}},{"type":"Feature","properties":{"id":"lens-detail-belfast-2024-planning_cell-62","layer":"planning_cell","category":"built_environment","year":2024,"visible_year":2024,"title":"1 source-backed planning and built record","confidence":"documented","confidence_mix":"documented:1","event_count":1,"source_count":1,"source_ids":"dfi-planning-statistics-2024-25-round499","event_ids":"bfs_arch_round499_agincourt_avenue_hmo_bed_breakfast_approval_2024","event_ids_all":"bfs_arch_round499_agincourt_avenue_hmo_bed_breakfast_approval_2024","source_urls":"https://www.infrastructure-ni.gov.uk/publications/northern-ireland-planning-statistics-april-2024-march-2025","geometry_precision_mix":"Application/site navigation point from official planning-statistics row; not a surveyed footprint, legal boundary, facade, room, campus, streetworks area or works extent.:1","representation":"planning and built evidence grid cell","timing_note":"Filtered by event effective year. OSM mapped-visibility dates and administrative dates can differ from real-world physical change dates.","caveat":"Planning cells are derived from source-backed event locations; they are not parcel boundaries unless source geometry is separately present.","generated_from":"web/data/city-atlas/cities/belfast/events_2024.json","lifecycle_status":"permitted","status":"source_record","cell_size_m":95,"intensity":0.289,"label":"48 Agincourt Avenue HMO-to-bed-and-breakfast change of use was approved"},"geometry":{"type":"Polygon","coordinates":[[[-5.9262809,54.5828585],[-5.9248078,54.5828585],[-5.9248078,54.5837177],[-5.9262809,54.5837177],[-5.9262809,54.5828585]]]}},{"type":"Feature","properties":{"id":"lens-detail-belfast-2024-planning_cell-63","layer":"planning_cell","category":"built_environment","year":2024,"visible_year":2024,"title":"1 source-backed planning and built record","confidence":"documented","confidence_mix":"documented:1","event_count":1,"source_count":1,"source_ids":"dfi-planning-statistics-2024-25-round499","event_ids":"bfs_arch_round499_all_saints_college_mobile_classrooms_approval_2024","event_ids_all":"bfs_arch_round499_all_saints_college_mobile_classrooms_approval_2024","source_urls":"https://www.infrastructure-ni.gov.uk/publications/northern-ireland-planning-statistics-april-2024-march-2025","geometry_precision_mix":"Application/site navigation point from official planning-statistics row; not a surveyed footprint, legal boundary, facade, room, campus, streetworks area or works extent.:1","representation":"planning and built evidence grid cell","timing_note":"Filtered by event effective year. OSM mapped-visibility dates and administrative dates can differ from real-world physical change dates.","caveat":"Planning cells are derived from source-backed event locations; they are not parcel boundaries unless source geometry is separately present.","generated_from":"web/data/city-atlas/cities/belfast/events_2024.json","lifecycle_status":"permitted","status":"source_record","cell_size_m":95,"intensity":0.289,"label":"All Saints College mobile teaching-classroom unit was approved"},"geometry":{"type":"Polygon","coordinates":[[[-5.9984628,54.5794219],[-5.9969897,54.5794219],[-5.9969897,54.5802811],[-5.9984628,54.5802811],[-5.9984628,54.5794219]]]}},{"type":"Feature","properties":{"id":"lens-detail-belfast-2024-planning_cell-64","layer":"planning_cell","category":"built_environment","year":2024,"visible_year":2024,"title":"1 source-backed planning and built record","confidence":"documented","confidence_mix":"documented:1","event_count":1,"source_count":1,"source_ids":"dfi-planning-statistics-2024-25-round499","event_ids":"bfs_arch_round499_antrim_road_beauty_salon_extension_approval_2024","event_ids_all":"bfs_arch_round499_antrim_road_beauty_salon_extension_approval_2024","source_urls":"https://www.infrastructure-ni.gov.uk/publications/northern-ireland-planning-statistics-april-2024-march-2025","geometry_precision_mix":"Application/site navigation point from official planning-statistics row; not a surveyed footprint, legal boundary, facade, room, campus, streetworks area or works extent.:1","representation":"planning and built evidence grid cell","timing_note":"Filtered by event effective year. OSM mapped-visibility dates and administrative dates can differ from real-world physical change dates.","caveat":"Planning cells are derived from source-backed event locations; they are not parcel boundaries unless source geometry is separately present.","generated_from":"web/data/city-atlas/cities/belfast/events_2024.json","lifecycle_status":"permitted","status":"source_record","cell_size_m":95,"intensity":0.289,"label":"545 Antrim Road beauty-salon extension was approved"},"geometry":{"type":"Polygon","coordinates":[[[-5.9380657,54.624957],[-5.9365926,54.624957],[-5.9365926,54.6258162],[-5.9380657,54.6258162],[-5.9380657,54.624957]]]}},{"type":"Feature","properties":{"id":"lens-detail-belfast-2024-planning_cell-65","layer":"planning_cell","category":"built_environment","year":2024,"visible_year":2024,"title":"1 source-backed planning and built record","confidence":"documented","confidence_mix":"documented:1","event_count":1,"source_count":1,"source_ids":"dfi-planning-statistics-2024-25-round499","event_ids":"bfs_arch_round499_arthur_place_entrance_elevation_approval_2024","event_ids_all":"bfs_arch_round499_arthur_place_entrance_elevation_approval_2024","source_urls":"https://www.infrastructure-ni.gov.uk/publications/northern-ireland-planning-statistics-april-2024-march-2025","geometry_precision_mix":"Application/site navigation point from official planning-statistics row; not a surveyed footprint, legal boundary, facade, room, campus, streetworks area or works extent.:1","representation":"planning and built evidence grid cell","timing_note":"Filtered by event effective year. OSM mapped-visibility dates and administrative dates can differ from real-world physical change dates.","caveat":"Planning cells are derived from source-backed event locations; they are not parcel boundaries unless source geometry is separately present.","generated_from":"web/data/city-atlas/cities/belfast/events_2024.json","lifecycle_status":"permitted","status":"source_record","cell_size_m":95,"intensity":0.289,"label":"2 Arthur Place entrance-elevation works were approved"},"geometry":{"type":"Polygon","coordinates":[[[-5.927754,54.5974641],[-5.9262809,54.5974641],[-5.9262809,54.5983233],[-5.927754,54.5983233],[-5.927754,54.5974641]]]}},{"type":"Feature","properties":{"id":"lens-detail-belfast-2024-planning_cell-66","layer":"planning_cell","category":"built_environment","year":2024,"visible_year":2024,"title":"1 source-backed planning and built record","confidence":"documented","confidence_mix":"documented:1","event_count":1,"source_count":1,"source_ids":"dfi-planning-statistics-2024-25-round499","event_ids":"bfs_arch_round499_ballynafeigh_orange_hall_air_conditioning_approval_2024","event_ids_all":"bfs_arch_round499_ballynafeigh_orange_hall_air_conditioning_approval_2024","source_urls":"https://www.infrastructure-ni.gov.uk/publications/northern-ireland-planning-statistics-april-2024-march-2025","geometry_precision_mix":"Application/site navigation point from official planning-statistics row; not a surveyed footprint, legal boundary, facade, room, campus, streetworks area or works extent.:1","representation":"planning and built evidence grid cell","timing_note":"Filtered by event effective year. OSM mapped-visibility dates and administrative dates can differ from real-world physical change dates.","caveat":"Planning cells are derived from source-backed event locations; they are not parcel boundaries unless source geometry is separately present.","generated_from":"web/data/city-atlas/cities/belfast/events_2024.json","lifecycle_status":"permitted","status":"source_record","cell_size_m":95,"intensity":0.289,"label":"Ballynafeigh Orange Hall air-conditioning unit replacement was approved"},"geometry":{"type":"Polygon","coordinates":[[[-5.9189154,54.5759853],[-5.9174423,54.5759853],[-5.9174423,54.5768445],[-5.9189154,54.5768445],[-5.9189154,54.5759853]]]}},{"type":"Feature","properties":{"id":"lens-detail-belfast-2024-planning_cell-67","layer":"planning_cell","category":"built_environment","year":2024,"visible_year":2024,"title":"1 source-backed planning and built record","confidence":"documented","confidence_mix":"documented:1","event_count":1,"source_count":1,"source_ids":"dfi-planning-statistics-2024-25-round499","event_ids":"bfs_arch_round499_cavehill_road_takeaway_veterinary_practice_approval_2024","event_ids_all":"bfs_arch_round499_cavehill_road_takeaway_veterinary_practice_approval_2024","source_urls":"https://www.infrastructure-ni.gov.uk/publications/northern-ireland-planning-statistics-april-2024-march-2025","geometry_precision_mix":"Application/site navigation point from official planning-statistics row; not a surveyed footprint, legal boundary, facade, room, campus, streetworks area or works extent.:1","representation":"planning and built evidence grid cell","timing_note":"Filtered by event effective year. OSM mapped-visibility dates and administrative dates can differ from real-world physical change dates.","caveat":"Planning cells are derived from source-backed event locations; they are not parcel boundaries unless source geometry is separately present.","generated_from":"web/data/city-atlas/cities/belfast/events_2024.json","lifecycle_status":"permitted","status":"source_record","cell_size_m":95,"intensity":0.289,"label":"128-130 Cavehill Road takeaway-to-veterinary-practice change of use was approved"},"geometry":{"type":"Polygon","coordinates":[[[-5.9469043,54.630112],[-5.9454312,54.630112],[-5.9454312,54.6309711],[-5.9469043,54.6309711],[-5.9469043,54.630112]]]}},{"type":"Feature","properties":{"id":"lens-detail-belfast-2024-planning_cell-69","layer":"planning_cell","category":"built_environment","year":2024,"visible_year":2024,"title":"1 source-backed planning and built record","confidence":"documented","confidence_mix":"documented:1","event_count":1,"source_count":1,"source_ids":"dfi-planning-statistics-2024-25-round499","event_ids":"bfs_arch_round499_clarence_chambers_basement_doors_windows_lbc_2024","event_ids_all":"bfs_arch_round499_clarence_chambers_basement_doors_windows_lbc_2024","source_urls":"https://www.infrastructure-ni.gov.uk/publications/northern-ireland-planning-statistics-april-2024-march-2025","geometry_precision_mix":"Application/site navigation point from official planning-statistics row; not a surveyed footprint, legal boundary, facade, room, campus, streetworks area or works extent.:1","representation":"planning and built evidence grid cell","timing_note":"Filtered by event effective year. OSM mapped-visibility dates and administrative dates can differ from real-world physical change dates.","caveat":"Planning cells are derived from source-backed event locations; they are not parcel boundaries unless source geometry is separately present.","generated_from":"web/data/city-atlas/cities/belfast/events_2024.json","lifecycle_status":"permitted","status":"source_record","cell_size_m":95,"intensity":0.289,"label":"Clarence Chambers basement and door/window consent was approved"},"geometry":{"type":"Polygon","coordinates":[[[-5.9292271,54.5957458],[-5.927754,54.5957458],[-5.927754,54.596605],[-5.9292271,54.596605],[-5.9292271,54.5957458]]]}},{"type":"Feature","properties":{"id":"lens-detail-belfast-2024-planning_cell-7","layer":"planning_cell","category":"built_environment","year":2024,"visible_year":2024,"title":"1 source-backed planning and built record","confidence":"documented","confidence_mix":"documented:1","event_count":1,"source_count":1,"source_ids":"dfi-planning-statistics-2024-25-round472","event_ids":"bfs_arch_round472_castleton_clubhouse_leisure_change_2024","event_ids_all":"bfs_arch_round472_castleton_clubhouse_leisure_change_2024","source_urls":"https://www.infrastructure-ni.gov.uk/publications/northern-ireland-planning-statistics-april-2024-march-2025","geometry_precision_mix":"Approximate application/site navigation point from official planning-statistics row; not a surveyed footprint, legal boundary, facade, room or works extent.:1","representation":"planning and built evidence grid cell","timing_note":"Filtered by event effective year. OSM mapped-visibility dates and administrative dates can differ from real-world physical change dates.","caveat":"Planning cells are derived from source-backed event locations; they are not parcel boundaries unless source geometry is separately present.","generated_from":"web/data/city-atlas/cities/belfast/events_2024.json","lifecycle_status":"permitted","status":"source_record","cell_size_m":95,"intensity":0.289,"label":"Castleton clubhouse leisure-use permission was approved"},"geometry":{"type":"Polygon","coordinates":[[[-5.9233347,54.6283937],[-5.9218616,54.6283937],[-5.9218616,54.6292528],[-5.9233347,54.6292528],[-5.9233347,54.6283937]]]}},{"type":"Feature","properties":{"id":"lens-detail-belfast-2024-planning_cell-70","layer":"planning_cell","category":"built_environment","year":2024,"visible_year":2024,"title":"1 source-backed planning and built record","confidence":"documented","confidence_mix":"documented:1","event_count":1,"source_count":1,"source_ids":"dfi-planning-statistics-2024-25-round499","event_ids":"bfs_arch_round499_donegall_square_north_branch_internal_lbc_2024","event_ids_all":"bfs_arch_round499_donegall_square_north_branch_internal_lbc_2024","source_urls":"https://www.infrastructure-ni.gov.uk/publications/northern-ireland-planning-statistics-april-2024-march-2025","geometry_precision_mix":"Application/site navigation point from official planning-statistics row; not a surveyed footprint, legal boundary, facade, room, campus, streetworks area or works extent.:1","representation":"planning and built evidence grid cell","timing_note":"Filtered by event effective year. OSM mapped-visibility dates and administrative dates can differ from real-world physical change dates.","caveat":"Planning cells are derived from source-backed event locations; they are not parcel boundaries unless source geometry is separately present.","generated_from":"web/data/city-atlas/cities/belfast/events_2024.json","lifecycle_status":"permitted","status":"source_record","cell_size_m":95,"intensity":0.289,"label":"10-15 Donegall Square North internal branch alterations consent was approved"},"geometry":{"type":"Polygon","coordinates":[[[-5.9321733,54.5974641],[-5.9307002,54.5974641],[-5.9307002,54.5983233],[-5.9321733,54.5983233],[-5.9321733,54.5974641]]]}},{"type":"Feature","properties":{"id":"lens-detail-belfast-2024-planning_cell-71","layer":"planning_cell","category":"built_environment","year":2024,"visible_year":2024,"title":"1 source-backed planning and built record","confidence":"documented","confidence_mix":"documented:1","event_count":1,"source_count":1,"source_ids":"dfi-planning-statistics-2024-25-round499","event_ids":"bfs_arch_round499_fitzroy_court_wardens_house_flats_approval_2024","event_ids_all":"bfs_arch_round499_fitzroy_court_wardens_house_flats_approval_2024","source_urls":"https://www.infrastructure-ni.gov.uk/publications/northern-ireland-planning-statistics-april-2024-march-2025","geometry_precision_mix":"Application/site navigation point from official planning-statistics row; not a surveyed footprint, legal boundary, facade, room, campus, streetworks area or works extent.:1","representation":"planning and built evidence grid cell","timing_note":"Filtered by event effective year. OSM mapped-visibility dates and administrative dates can differ from real-world physical change dates.","caveat":"Planning cells are derived from source-backed event locations; they are not parcel boundaries unless source geometry is separately present.","generated_from":"web/data/city-atlas/cities/belfast/events_2024.json","lifecycle_status":"permitted","status":"source_record","cell_size_m":95,"intensity":0.289,"label":"Fitzroy Court warden's house conversion to flats was approved"},"geometry":{"type":"Polygon","coordinates":[[[-5.927754,54.585436],[-5.9262809,54.585436],[-5.9262809,54.5862952],[-5.927754,54.5862952],[-5.927754,54.585436]]]}},{"type":"Feature","properties":{"id":"lens-detail-belfast-2024-planning_cell-72","layer":"planning_cell","category":"built_environment","year":2024,"visible_year":2024,"title":"1 source-backed planning and built record","confidence":"documented","confidence_mix":"documented:1","event_count":1,"source_count":1,"source_ids":"dfi-planning-statistics-2024-25-round499","event_ids":"bfs_arch_round499_high_street_storage_beauty_salon_lbc_2024","event_ids_all":"bfs_arch_round499_high_street_storage_beauty_salon_lbc_2024","source_urls":"https://www.infrastructure-ni.gov.uk/publications/northern-ireland-planning-statistics-april-2024-march-2025","geometry_precision_mix":"Application/site navigation point from official planning-statistics row; not a surveyed footprint, legal boundary, facade, room, campus, streetworks area or works extent.:1","representation":"planning and built evidence grid cell","timing_note":"Filtered by event effective year. OSM mapped-visibility dates and administrative dates can differ from real-world physical change dates.","caveat":"Planning cells are derived from source-backed event locations; they are not parcel boundaries unless source geometry is separately present.","generated_from":"web/data/city-atlas/cities/belfast/events_2024.json","lifecycle_status":"permitted","status":"source_record","cell_size_m":95,"intensity":0.289,"label":"43 High Street storage-to-beauty-salon consent was approved"},"geometry":{"type":"Polygon","coordinates":[[[-5.927754,54.5991824],[-5.9262809,54.5991824],[-5.9262809,54.6000416],[-5.927754,54.6000416],[-5.927754,54.5991824]]]}},{"type":"Feature","properties":{"id":"lens-detail-belfast-2024-planning_cell-73","layer":"planning_cell","category":"built_environment","year":2024,"visible_year":2024,"title":"1 source-backed planning and built record","confidence":"documented","confidence_mix":"documented:1","event_count":1,"source_count":1,"source_ids":"dfi-planning-statistics-2024-25-round499","event_ids":"bfs_arch_round499_holy_rosary_primary_school_extensions_approval_2024","event_ids_all":"bfs_arch_round499_holy_rosary_primary_school_extensions_approval_2024","source_urls":"https://www.infrastructure-ni.gov.uk/publications/northern-ireland-planning-statistics-april-2024-march-2025","geometry_precision_mix":"Application/site navigation point from official planning-statistics row; not a surveyed footprint, legal boundary, facade, room, campus, streetworks area or works extent.:1","representation":"planning and built evidence grid cell","timing_note":"Filtered by event effective year. OSM mapped-visibility dates and administrative dates can differ from real-world physical change dates.","caveat":"Planning cells are derived from source-backed event locations; they are not parcel boundaries unless source geometry is separately present.","generated_from":"web/data/city-atlas/cities/belfast/events_2024.json","lifecycle_status":"permitted","status":"source_record","cell_size_m":95,"intensity":0.289,"label":"Holy Rosary Primary School extensions were approved"},"geometry":{"type":"Polygon","coordinates":[[[-5.9248078,54.574267],[-5.9233347,54.574267],[-5.9233347,54.5751262],[-5.9248078,54.5751262],[-5.9248078,54.574267]]]}},{"type":"Feature","properties":{"id":"lens-detail-belfast-2024-planning_cell-74","layer":"planning_cell","category":"built_environment","year":2024,"visible_year":2024,"title":"1 source-backed planning and built record","confidence":"documented","confidence_mix":"documented:1","event_count":1,"source_count":1,"source_ids":"dfi-planning-statistics-2024-25-round499","event_ids":"bfs_arch_round499_linenhall_exchange_medical_services_approval_2024","event_ids_all":"bfs_arch_round499_linenhall_exchange_medical_services_approval_2024","source_urls":"https://www.infrastructure-ni.gov.uk/publications/northern-ireland-planning-statistics-april-2024-march-2025","geometry_precision_mix":"Application/site navigation point from official planning-statistics row; not a surveyed footprint, legal boundary, facade, room, campus, streetworks area or works extent.:1","representation":"planning and built evidence grid cell","timing_note":"Filtered by event effective year. OSM mapped-visibility dates and administrative dates can differ from real-world physical change dates.","caveat":"Planning cells are derived from source-backed event locations; they are not parcel boundaries unless source geometry is separately present.","generated_from":"web/data/city-atlas/cities/belfast/events_2024.json","lifecycle_status":"permitted","status":"source_record","cell_size_m":95,"intensity":0.289,"label":"Linenhall Exchange office-to-medical-services change of use was approved"},"geometry":{"type":"Polygon","coordinates":[[[-5.9307002,54.5940275],[-5.9292271,54.5940275],[-5.9292271,54.5948867],[-5.9307002,54.5948867],[-5.9307002,54.5940275]]]}},{"type":"Feature","properties":{"id":"lens-detail-belfast-2024-planning_cell-75","layer":"planning_cell","category":"built_environment","year":2024,"visible_year":2024,"title":"1 source-backed planning and built record","confidence":"documented","confidence_mix":"documented:1","event_count":1,"source_count":1,"source_ids":"dfi-planning-statistics-2024-25-round499","event_ids":"bfs_arch_round499_malone_road_offices_guest_accommodation_approval_2024","event_ids_all":"bfs_arch_round499_malone_road_offices_guest_accommodation_approval_2024","source_urls":"https://www.infrastructure-ni.gov.uk/publications/northern-ireland-planning-statistics-april-2024-march-2025","geometry_precision_mix":"Application/site navigation point from official planning-statistics row; not a surveyed footprint, legal boundary, facade, room, campus, streetworks area or works extent.:1","representation":"planning and built evidence grid cell","timing_note":"Filtered by event effective year. OSM mapped-visibility dates and administrative dates can differ from real-world physical change dates.","caveat":"Planning cells are derived from source-backed event locations; they are not parcel boundaries unless source geometry is separately present.","generated_from":"web/data/city-atlas/cities/belfast/events_2024.json","lifecycle_status":"permitted","status":"source_record","cell_size_m":95,"intensity":0.289,"label":"49-51 Malone Road office-to-guest-accommodation works were approved"},"geometry":{"type":"Polygon","coordinates":[[[-5.9395388,54.5794219],[-5.9380657,54.5794219],[-5.9380657,54.5802811],[-5.9395388,54.5802811],[-5.9395388,54.5794219]]]}},{"type":"Feature","properties":{"id":"lens-detail-belfast-2024-planning_cell-76","layer":"planning_cell","category":"built_environment","year":2024,"visible_year":2024,"title":"1 source-backed planning and built record","confidence":"documented","confidence_mix":"documented:1","event_count":1,"source_count":1,"source_ids":"dfi-planning-statistics-2024-25-round499","event_ids":"bfs_arch_round499_ormeau_road_cafe_restaurant_apartments_approval_2024","event_ids_all":"bfs_arch_round499_ormeau_road_cafe_restaurant_apartments_approval_2024","source_urls":"https://www.infrastructure-ni.gov.uk/publications/northern-ireland-planning-statistics-april-2024-march-2025","geometry_precision_mix":"Application/site navigation point from official planning-statistics row; not a surveyed footprint, legal boundary, facade, room, campus, streetworks area or works extent.:1","representation":"planning and built evidence grid cell","timing_note":"Filtered by event effective year. OSM mapped-visibility dates and administrative dates can differ from real-world physical change dates.","caveat":"Planning cells are derived from source-backed event locations; they are not parcel boundaries unless source geometry is separately present.","generated_from":"web/data/city-atlas/cities/belfast/events_2024.json","lifecycle_status":"permitted","status":"source_record","cell_size_m":95,"intensity":0.289,"label":"305 Ormeau Road cafe/restaurant and apartment proposal was approved"},"geometry":{"type":"Polygon","coordinates":[[[-5.9218616,54.5794219],[-5.9203885,54.5794219],[-5.9203885,54.5802811],[-5.9218616,54.5802811],[-5.9218616,54.5794219]]]}},{"type":"Feature","properties":{"id":"lens-detail-belfast-2024-planning_cell-78","layer":"planning_cell","category":"built_environment","year":2024,"visible_year":2024,"title":"1 source-backed planning and built record","confidence":"documented","confidence_mix":"documented:1","event_count":1,"source_count":1,"source_ids":"dfi-planning-statistics-2024-25-round499","event_ids":"bfs_arch_round499_parliament_buildings_roof_parapet_lbc_2024","event_ids_all":"bfs_arch_round499_parliament_buildings_roof_parapet_lbc_2024","source_urls":"https://www.infrastructure-ni.gov.uk/publications/northern-ireland-planning-statistics-april-2024-march-2025","geometry_precision_mix":"Application/site navigation point from official planning-statistics row; not a surveyed footprint, legal boundary, facade, room, campus, streetworks area or works extent.:1","representation":"planning and built evidence grid cell","timing_note":"Filtered by event effective year. OSM mapped-visibility dates and administrative dates can differ from real-world physical change dates.","caveat":"Planning cells are derived from source-backed event locations; they are not parcel boundaries unless source geometry is separately present.","generated_from":"web/data/city-atlas/cities/belfast/events_2024.json","lifecycle_status":"permitted","status":"source_record","cell_size_m":95,"intensity":0.289,"label":"Parliament Buildings roof and parapet consent was approved"},"geometry":{"type":"Polygon","coordinates":[[[-5.8320025,54.6043374],[-5.8305294,54.6043374],[-5.8305294,54.6051965],[-5.8320025,54.6051965],[-5.8320025,54.6043374]]]}},{"type":"Feature","properties":{"id":"lens-detail-belfast-2024-planning_cell-79","layer":"planning_cell","category":"built_environment","year":2024,"visible_year":2024,"title":"1 source-backed planning and built record","confidence":"documented","confidence_mix":"documented:1","event_count":1,"source_count":1,"source_ids":"dfi-planning-statistics-2024-25-round499","event_ids":"bfs_arch_round499_queens_elms_storage_building_extension_approval_2024","event_ids_all":"bfs_arch_round499_queens_elms_storage_building_extension_approval_2024","source_urls":"https://www.infrastructure-ni.gov.uk/publications/northern-ireland-planning-statistics-april-2024-march-2025","geometry_precision_mix":"Application/site navigation point from official planning-statistics row; not a surveyed footprint, legal boundary, facade, room, campus, streetworks area or works extent.:1","representation":"planning and built evidence grid cell","timing_note":"Filtered by event effective year. OSM mapped-visibility dates and administrative dates can differ from real-world physical change dates.","caveat":"Planning cells are derived from source-backed event locations; they are not parcel boundaries unless source geometry is separately present.","generated_from":"web/data/city-atlas/cities/belfast/events_2024.json","lifecycle_status":"permitted","status":"source_record","cell_size_m":95,"intensity":0.289,"label":"Queen's Elms storage-building extension was approved"},"geometry":{"type":"Polygon","coordinates":[[[-5.9380657,54.574267],[-5.9365926,54.574267],[-5.9365926,54.5751262],[-5.9380657,54.5751262],[-5.9380657,54.574267]]]}},{"type":"Feature","properties":{"id":"lens-detail-belfast-2024-planning_cell-8","layer":"planning_cell","category":"built_environment","year":2024,"visible_year":2024,"title":"1 source-backed planning and built record","confidence":"documented","confidence_mix":"documented:1","event_count":1,"source_count":1,"source_ids":"dfi-planning-statistics-2024-25-round472","event_ids":"bfs_arch_round472_clarence_house_repairs_lbc_2024","event_ids_all":"bfs_arch_round472_clarence_house_repairs_lbc_2024","source_urls":"https://www.infrastructure-ni.gov.uk/publications/northern-ireland-planning-statistics-april-2024-march-2025","geometry_precision_mix":"Approximate application/site navigation point from official planning-statistics row; not a surveyed footprint, legal boundary, facade, room or works extent.:1","representation":"planning and built evidence grid cell","timing_note":"Filtered by event effective year. OSM mapped-visibility dates and administrative dates can differ from real-world physical change dates.","caveat":"Planning cells are derived from source-backed event locations; they are not parcel boundaries unless source geometry is separately present.","generated_from":"web/data/city-atlas/cities/belfast/events_2024.json","lifecycle_status":"permitted","status":"source_record","cell_size_m":95,"intensity":0.289,"label":"Clarence House refurbishment and repair listed-building consent was approved"},"geometry":{"type":"Polygon","coordinates":[[[-5.9159692,54.5991824],[-5.9144961,54.5991824],[-5.9144961,54.6000416],[-5.9159692,54.6000416],[-5.9159692,54.5991824]]]}},{"type":"Feature","properties":{"id":"lens-detail-belfast-2024-planning_cell-81","layer":"planning_cell","category":"built_environment","year":2024,"visible_year":2024,"title":"1 source-backed planning and built record","confidence":"documented","confidence_mix":"documented:1","event_count":1,"source_count":1,"source_ids":"dfi-planning-statistics-2024-25-round499","event_ids":"bfs_arch_round499_stranmillis_road_beauty_salon_short_stay_apartments_approval_2024","event_ids_all":"bfs_arch_round499_stranmillis_road_beauty_salon_short_stay_apartments_approval_2024","source_urls":"https://www.infrastructure-ni.gov.uk/publications/northern-ireland-planning-statistics-april-2024-march-2025","geometry_precision_mix":"Application/site navigation point from official planning-statistics row; not a surveyed footprint, legal boundary, facade, room, campus, streetworks area or works extent.:1","representation":"planning and built evidence grid cell","timing_note":"Filtered by event effective year. OSM mapped-visibility dates and administrative dates can differ from real-world physical change dates.","caveat":"Planning cells are derived from source-backed event locations; they are not parcel boundaries unless source geometry is separately present.","generated_from":"web/data/city-atlas/cities/belfast/events_2024.json","lifecycle_status":"permitted","status":"source_record","cell_size_m":95,"intensity":0.289,"label":"141 Stranmillis Road beauty-salon-to-short-stay-apartments change of use was approved"},"geometry":{"type":"Polygon","coordinates":[[[-5.9351195,54.5785628],[-5.9336464,54.5785628],[-5.9336464,54.5794219],[-5.9351195,54.5794219],[-5.9351195,54.5785628]]]}},{"type":"Feature","properties":{"id":"lens-detail-belfast-2024-planning_cell-82","layer":"planning_cell","category":"built_environment","year":2024,"visible_year":2024,"title":"1 source-backed planning and built record","confidence":"documented","confidence_mix":"documented:1","event_count":1,"source_count":1,"source_ids":"dfi-planning-statistics-2024-25-round499","event_ids":"bfs_arch_round499_victoria_street_suite_internal_refurb_lbc_2024","event_ids_all":"bfs_arch_round499_victoria_street_suite_internal_refurb_lbc_2024","source_urls":"https://www.infrastructure-ni.gov.uk/publications/northern-ireland-planning-statistics-april-2024-march-2025","geometry_precision_mix":"Application/site navigation point from official planning-statistics row; not a surveyed footprint, legal boundary, facade, room, campus, streetworks area or works extent.:1","representation":"planning and built evidence grid cell","timing_note":"Filtered by event effective year. OSM mapped-visibility dates and administrative dates can differ from real-world physical change dates.","caveat":"Planning cells are derived from source-backed event locations; they are not parcel boundaries unless source geometry is separately present.","generated_from":"web/data/city-atlas/cities/belfast/events_2024.json","lifecycle_status":"permitted","status":"source_record","cell_size_m":95,"intensity":0.289,"label":"34-38 Victoria Street suite internal refurbishment consent was approved"},"geometry":{"type":"Polygon","coordinates":[[[-5.9248078,54.5991824],[-5.9233347,54.5991824],[-5.9233347,54.6000416],[-5.9248078,54.6000416],[-5.9248078,54.5991824]]]}},{"type":"Feature","properties":{"id":"lens-detail-belfast-2024-planning_cell-83","layer":"planning_cell","category":"built_environment","year":2024,"visible_year":2024,"title":"1 source-backed planning and built record","confidence":"documented","confidence_mix":"documented:1","event_count":1,"source_count":1,"source_ids":"dfi-planning-statistics-2024-25-round503","event_ids":"bfs_arch_round503_alexander_road_self_storage_approval_2024","event_ids_all":"bfs_arch_round503_alexander_road_self_storage_approval_2024","source_urls":"https://www.infrastructure-ni.gov.uk/publications/northern-ireland-planning-statistics-april-2024-march-2025","geometry_precision_mix":"Application/site navigation point from official planning-statistics row; not a surveyed footprint, legal boundary, facade, room, campus, streetworks area or works extent.:1","representation":"planning and built evidence grid cell","timing_note":"Filtered by event effective year. OSM mapped-visibility dates and administrative dates can differ from real-world physical change dates.","caveat":"Planning cells are derived from source-backed event locations; they are not parcel boundaries unless source geometry is separately present.","generated_from":"web/data/city-atlas/cities/belfast/events_2024.json","lifecycle_status":"permitted","status":"source_record","cell_size_m":95,"intensity":0.289,"label":"Alexander Road self-storage container use was approved"},"geometry":{"type":"Polygon","coordinates":[[[-5.8938727,54.5794219],[-5.8923996,54.5794219],[-5.8923996,54.5802811],[-5.8938727,54.5802811],[-5.8938727,54.5794219]]]}},{"type":"Feature","properties":{"id":"lens-detail-belfast-2024-planning_cell-85","layer":"planning_cell","category":"built_environment","year":2024,"visible_year":2024,"title":"1 source-backed planning and built record","confidence":"documented","confidence_mix":"documented:1","event_count":1,"source_count":1,"source_ids":"dfi-planning-statistics-2024-25-round503","event_ids":"bfs_arch_round503_city_hall_cycle_rack_lbc_2024","event_ids_all":"bfs_arch_round503_city_hall_cycle_rack_lbc_2024","source_urls":"https://www.infrastructure-ni.gov.uk/publications/northern-ireland-planning-statistics-april-2024-march-2025","geometry_precision_mix":"Application/site navigation point from official planning-statistics row; not a surveyed footprint, legal boundary, facade, room, campus, streetworks area or works extent.:1","representation":"planning and built evidence grid cell","timing_note":"Filtered by event effective year. OSM mapped-visibility dates and administrative dates can differ from real-world physical change dates.","caveat":"Planning cells are derived from source-backed event locations; they are not parcel boundaries unless source geometry is separately present.","generated_from":"web/data/city-atlas/cities/belfast/events_2024.json","lifecycle_status":"permitted","status":"source_record","cell_size_m":95,"intensity":0.289,"label":"Belfast City Hall cycle-rack replacement consent was approved"},"geometry":{"type":"Polygon","coordinates":[[[-5.9307002,54.596605],[-5.9292271,54.596605],[-5.9292271,54.5974641],[-5.9307002,54.5974641],[-5.9307002,54.596605]]]}},{"type":"Feature","properties":{"id":"lens-detail-belfast-2024-planning_cell-86","layer":"planning_cell","category":"built_environment","year":2024,"visible_year":2024,"title":"1 source-backed planning and built record","confidence":"documented","confidence_mix":"documented:1","event_count":1,"source_count":1,"source_ids":"dfi-planning-statistics-2024-25-round503","event_ids":"bfs_arch_round503_derryvolgie_avenue_restoration_lbc_2024","event_ids_all":"bfs_arch_round503_derryvolgie_avenue_restoration_lbc_2024","source_urls":"https://www.infrastructure-ni.gov.uk/publications/northern-ireland-planning-statistics-april-2024-march-2025","geometry_precision_mix":"Application/site navigation point from official planning-statistics row; not a surveyed footprint, legal boundary, facade, room, campus, streetworks area or works extent.:1","representation":"planning and built evidence grid cell","timing_note":"Filtered by event effective year. OSM mapped-visibility dates and administrative dates can differ from real-world physical change dates.","caveat":"Planning cells are derived from source-backed event locations; they are not parcel boundaries unless source geometry is separately present.","generated_from":"web/data/city-atlas/cities/belfast/events_2024.json","lifecycle_status":"permitted","status":"source_record","cell_size_m":95,"intensity":0.289,"label":"30 Derryvolgie Avenue restoration and maintenance consent was approved"},"geometry":{"type":"Polygon","coordinates":[[[-5.9454312,54.5785628],[-5.9439581,54.5785628],[-5.9439581,54.5794219],[-5.9454312,54.5794219],[-5.9454312,54.5785628]]]}},{"type":"Feature","properties":{"id":"lens-detail-belfast-2024-planning_cell-87","layer":"planning_cell","category":"built_environment","year":2024,"visible_year":2024,"title":"1 source-backed planning and built record","confidence":"documented","confidence_mix":"documented:1","event_count":1,"source_count":1,"source_ids":"dfi-planning-statistics-2024-25-round503","event_ids":"bfs_arch_round503_fitzroy_avenue_hmo_apartment_short_stay_approval_2024","event_ids_all":"bfs_arch_round503_fitzroy_avenue_hmo_apartment_short_stay_approval_2024","source_urls":"https://www.infrastructure-ni.gov.uk/publications/northern-ireland-planning-statistics-april-2024-march-2025","geometry_precision_mix":"Application/site navigation point from official planning-statistics row; not a surveyed footprint, legal boundary, facade, room, campus, streetworks area or works extent.:1","representation":"planning and built evidence grid cell","timing_note":"Filtered by event effective year. OSM mapped-visibility dates and administrative dates can differ from real-world physical change dates.","caveat":"Planning cells are derived from source-backed event locations; they are not parcel boundaries unless source geometry is separately present.","generated_from":"web/data/city-atlas/cities/belfast/events_2024.json","lifecycle_status":"permitted","status":"source_record","cell_size_m":95,"intensity":0.289,"label":"8 Fitzroy Avenue apartment and short-stay conversion was approved"},"geometry":{"type":"Polygon","coordinates":[[[-5.9248078,54.585436],[-5.9233347,54.585436],[-5.9233347,54.5862952],[-5.9248078,54.5862952],[-5.9248078,54.585436]]]}},{"type":"Feature","properties":{"id":"lens-detail-belfast-2024-planning_cell-88","layer":"planning_cell","category":"built_environment","year":2024,"visible_year":2024,"title":"1 source-backed planning and built record","confidence":"documented","confidence_mix":"documented:1","event_count":1,"source_count":1,"source_ids":"dfi-planning-statistics-2024-25-round503","event_ids":"bfs_arch_round503_glenties_drive_roof_balcony_alterations_2024","event_ids_all":"bfs_arch_round503_glenties_drive_roof_balcony_alterations_2024","source_urls":"https://www.infrastructure-ni.gov.uk/publications/northern-ireland-planning-statistics-april-2024-march-2025","geometry_precision_mix":"Application/site navigation point from official planning-statistics row; not a surveyed footprint, legal boundary, facade, room, campus, streetworks area or works extent.:1","representation":"planning and built evidence grid cell","timing_note":"Filtered by event effective year. OSM mapped-visibility dates and administrative dates can differ from real-world physical change dates.","caveat":"Planning cells are derived from source-backed event locations; they are not parcel boundaries unless source geometry is separately present.","generated_from":"web/data/city-atlas/cities/belfast/events_2024.json","lifecycle_status":"permitted","status":"source_record","cell_size_m":95,"intensity":0.289,"label":"Glenties Drive block roof-profile and balcony works were approved"},"geometry":{"type":"Polygon","coordinates":[[[-6.01614,54.5716895],[-6.0146669,54.5716895],[-6.0146669,54.5725487],[-6.01614,54.5725487],[-6.01614,54.5716895]]]}},{"type":"Feature","properties":{"id":"lens-detail-belfast-2024-planning_cell-89","layer":"planning_cell","category":"built_environment","year":2024,"visible_year":2024,"title":"1 source-backed planning and built record","confidence":"documented","confidence_mix":"documented:1","event_count":1,"source_count":1,"source_ids":"dfi-planning-statistics-2024-25-round503","event_ids":"bfs_arch_round503_lisburn_road_hair_salon_apartments_approval_2024","event_ids_all":"bfs_arch_round503_lisburn_road_hair_salon_apartments_approval_2024","source_urls":"https://www.infrastructure-ni.gov.uk/publications/northern-ireland-planning-statistics-april-2024-march-2025","geometry_precision_mix":"Application/site navigation point from official planning-statistics row; not a surveyed footprint, legal boundary, facade, room, campus, streetworks area or works extent.:1","representation":"planning and built evidence grid cell","timing_note":"Filtered by event effective year. OSM mapped-visibility dates and administrative dates can differ from real-world physical change dates.","caveat":"Planning cells are derived from source-backed event locations; they are not parcel boundaries unless source geometry is separately present.","generated_from":"web/data/city-atlas/cities/belfast/events_2024.json","lifecycle_status":"permitted","status":"source_record","cell_size_m":95,"intensity":0.289,"label":"537a Lisburn Road hair-salon-to-apartments conversion was approved"},"geometry":{"type":"Polygon","coordinates":[[[-5.9557429,54.5751262],[-5.9542698,54.5751262],[-5.9542698,54.5759853],[-5.9557429,54.5759853],[-5.9557429,54.5751262]]]}},{"type":"Feature","properties":{"id":"lens-detail-belfast-2024-planning_cell-9","layer":"planning_cell","category":"built_environment","year":2024,"visible_year":2024,"title":"1 source-backed planning and built record","confidence":"documented","confidence_mix":"documented:1","event_count":1,"source_count":1,"source_ids":"dfi-planning-statistics-2024-25-round472","event_ids":"bfs_arch_round472_clifton_house_gate_lodge_refurbishment_lbc_2024","event_ids_all":"bfs_arch_round472_clifton_house_gate_lodge_refurbishment_lbc_2024","source_urls":"https://www.infrastructure-ni.gov.uk/publications/northern-ireland-planning-statistics-april-2024-march-2025","geometry_precision_mix":"Approximate application/site navigation point from official planning-statistics row; not a surveyed footprint, legal boundary, facade, room or works extent.:1","representation":"planning and built evidence grid cell","timing_note":"Filtered by event effective year. OSM mapped-visibility dates and administrative dates can differ from real-world physical change dates.","caveat":"Planning cells are derived from source-backed event locations; they are not parcel boundaries unless source geometry is separately present.","generated_from":"web/data/city-atlas/cities/belfast/events_2024.json","lifecycle_status":"permitted","status":"source_record","cell_size_m":95,"intensity":0.289,"label":"Clifton House Gate Lodge refurbishment consent was approved"},"geometry":{"type":"Polygon","coordinates":[[[-5.9203885,54.6094923],[-5.9189154,54.6094923],[-5.9189154,54.6103514],[-5.9203885,54.6103514],[-5.9203885,54.6094923]]]}},{"type":"Feature","properties":{"id":"lens-detail-belfast-2024-planning_cell-90","layer":"planning_cell","category":"built_environment","year":2024,"visible_year":2024,"title":"1 source-backed planning and built record","confidence":"documented","confidence_mix":"documented:1","event_count":1,"source_count":1,"source_ids":"dfi-planning-statistics-2024-25-round503","event_ids":"bfs_arch_round503_milltown_road_petrol_station_extension_approval_2024","event_ids_all":"bfs_arch_round503_milltown_road_petrol_station_extension_approval_2024","source_urls":"https://www.infrastructure-ni.gov.uk/publications/northern-ireland-planning-statistics-april-2024-march-2025","geometry_precision_mix":"Application/site navigation point from official planning-statistics row; not a surveyed footprint, legal boundary, facade, room, campus, streetworks area or works extent.:1","representation":"planning and built evidence grid cell","timing_note":"Filtered by event effective year. OSM mapped-visibility dates and administrative dates can differ from real-world physical change dates.","caveat":"Planning cells are derived from source-backed event locations; they are not parcel boundaries unless source geometry is separately present.","generated_from":"web/data/city-atlas/cities/belfast/events_2024.json","lifecycle_status":"permitted","status":"source_record","cell_size_m":95,"intensity":0.289,"label":"Milltown Road petrol-station extension and forecourt works were approved"},"geometry":{"type":"Polygon","coordinates":[[[-5.9380657,54.5467741],[-5.9365926,54.5467741],[-5.9365926,54.5476333],[-5.9380657,54.5476333],[-5.9380657,54.5467741]]]}},{"type":"Feature","properties":{"id":"lens-detail-belfast-2024-planning_cell-91","layer":"planning_cell","category":"built_environment","year":2024,"visible_year":2024,"title":"1 source-backed planning and built record","confidence":"documented","confidence_mix":"documented:1","event_count":1,"source_count":1,"source_ids":"dfi-planning-statistics-2024-25-round503","event_ids":"bfs_arch_round503_parkgate_avenue_garage_gymnasium_approval_2024","event_ids_all":"bfs_arch_round503_parkgate_avenue_garage_gymnasium_approval_2024","source_urls":"https://www.infrastructure-ni.gov.uk/publications/northern-ireland-planning-statistics-april-2024-march-2025","geometry_precision_mix":"Application/site navigation point from official planning-statistics row; not a surveyed footprint, legal boundary, facade, room, campus, streetworks area or works extent.:1","representation":"planning and built evidence grid cell","timing_note":"Filtered by event effective year. OSM mapped-visibility dates and administrative dates can differ from real-world physical change dates.","caveat":"Planning cells are derived from source-backed event locations; they are not parcel boundaries unless source geometry is separately present.","generated_from":"web/data/city-atlas/cities/belfast/events_2024.json","lifecycle_status":"permitted","status":"source_record","cell_size_m":95,"intensity":0.289,"label":"1D Parkgate Avenue garage-to-gymnasium change of use was approved"},"geometry":{"type":"Polygon","coordinates":[[[-5.8865072,54.5983233],[-5.8850341,54.5983233],[-5.8850341,54.5991824],[-5.8865072,54.5991824],[-5.8865072,54.5983233]]]}},{"type":"Feature","properties":{"id":"lens-detail-belfast-2024-planning_cell-92","layer":"planning_cell","category":"built_environment","year":2024,"visible_year":2024,"title":"1 source-backed planning and built record","confidence":"documented","confidence_mix":"documented:1","event_count":1,"source_count":1,"source_ids":"dfi-planning-statistics-2024-25-round503","event_ids":"bfs_arch_round503_rugby_road_service_buildings_approval_2024","event_ids_all":"bfs_arch_round503_rugby_road_service_buildings_approval_2024","source_urls":"https://www.infrastructure-ni.gov.uk/publications/northern-ireland-planning-statistics-april-2024-march-2025","geometry_precision_mix":"Application/site navigation point from official planning-statistics row; not a surveyed footprint, legal boundary, facade, room, campus, streetworks area or works extent.:1","representation":"planning and built evidence grid cell","timing_note":"Filtered by event effective year. OSM mapped-visibility dates and administrative dates can differ from real-world physical change dates.","caveat":"Planning cells are derived from source-backed event locations; they are not parcel boundaries unless source geometry is separately present.","generated_from":"web/data/city-atlas/cities/belfast/events_2024.json","lifecycle_status":"permitted","status":"source_record","cell_size_m":95,"intensity":0.289,"label":"Rugby Road service-building renovation and extension was approved"},"geometry":{"type":"Polygon","coordinates":[[[-5.9321733,54.5828585],[-5.9307002,54.5828585],[-5.9307002,54.5837177],[-5.9321733,54.5837177],[-5.9321733,54.5828585]]]}},{"type":"Feature","properties":{"id":"lens-detail-belfast-2024-planning_cell-93","layer":"planning_cell","category":"built_environment","year":2024,"visible_year":2024,"title":"1 source-backed planning and built record","confidence":"documented","confidence_mix":"documented:1","event_count":1,"source_count":1,"source_ids":"dfi-planning-statistics-2024-25-round503","event_ids":"bfs_arch_round503_summerhill_barber_healthcare_services_approval_2024","event_ids_all":"bfs_arch_round503_summerhill_barber_healthcare_services_approval_2024","source_urls":"https://www.infrastructure-ni.gov.uk/publications/northern-ireland-planning-statistics-april-2024-march-2025","geometry_precision_mix":"Application/site navigation point from official planning-statistics row; not a surveyed footprint, legal boundary, facade, room, campus, streetworks area or works extent.:1","representation":"planning and built evidence grid cell","timing_note":"Filtered by event effective year. OSM mapped-visibility dates and administrative dates can differ from real-world physical change dates.","caveat":"Planning cells are derived from source-backed event locations; they are not parcel boundaries unless source geometry is separately present.","generated_from":"web/data/city-atlas/cities/belfast/events_2024.json","lifecycle_status":"permitted","status":"source_record","cell_size_m":95,"intensity":0.289,"label":"17 Summerhill Avenue barber-shop-to-healthcare-services change of use was approved"},"geometry":{"type":"Polygon","coordinates":[[[-5.8364218,54.5931684],[-5.8349487,54.5931684],[-5.8349487,54.5940275],[-5.8364218,54.5940275],[-5.8364218,54.5931684]]]}},{"type":"Feature","properties":{"id":"lens-detail-belfast-2024-planning_cell-94","layer":"planning_cell","category":"built_environment","year":2024,"visible_year":2024,"title":"1 source-backed planning and built record","confidence":"documented","confidence_mix":"documented:1","event_count":1,"source_count":1,"source_ids":"dfi-planning-statistics-2024-25-round503","event_ids":"bfs_arch_round503_university_road_canopy_layout_lbc_2024","event_ids_all":"bfs_arch_round503_university_road_canopy_layout_lbc_2024","source_urls":"https://www.infrastructure-ni.gov.uk/publications/northern-ireland-planning-statistics-april-2024-march-2025","geometry_precision_mix":"Application/site navigation point from official planning-statistics row; not a surveyed footprint, legal boundary, facade, room, campus, streetworks area or works extent.:1","representation":"planning and built evidence grid cell","timing_note":"Filtered by event effective year. OSM mapped-visibility dates and administrative dates can differ from real-world physical change dates.","caveat":"Planning cells are derived from source-backed event locations; they are not parcel boundaries unless source geometry is separately present.","generated_from":"web/data/city-atlas/cities/belfast/events_2024.json","lifecycle_status":"permitted","status":"source_record","cell_size_m":95,"intensity":0.289,"label":"7 University Road canopy and internal-layout consent was approved"},"geometry":{"type":"Polygon","coordinates":[[[-5.9365926,54.5871543],[-5.9351195,54.5871543],[-5.9351195,54.5880135],[-5.9365926,54.5880135],[-5.9365926,54.5871543]]]}},{"type":"Feature","properties":{"id":"lens-detail-belfast-2024-planning_cell-95","layer":"planning_cell","category":"built_environment","year":2024,"visible_year":2024,"title":"1 source-backed planning and built record","confidence":"documented","confidence_mix":"documented:1","event_count":1,"source_count":1,"source_ids":"dfi-planning-statistics-2024-25-round503","event_ids":"bfs_arch_round503_upper_newtownards_access_wall_lbc_2024","event_ids_all":"bfs_arch_round503_upper_newtownards_access_wall_lbc_2024","source_urls":"https://www.infrastructure-ni.gov.uk/publications/northern-ireland-planning-statistics-april-2024-march-2025","geometry_precision_mix":"Application/site navigation point from official planning-statistics row; not a surveyed footprint, legal boundary, facade, room, campus, streetworks area or works extent.:1","representation":"planning and built evidence grid cell","timing_note":"Filtered by event effective year. OSM mapped-visibility dates and administrative dates can differ from real-world physical change dates.","caveat":"Planning cells are derived from source-backed event locations; they are not parcel boundaries unless source geometry is separately present.","generated_from":"web/data/city-atlas/cities/belfast/events_2024.json","lifecycle_status":"permitted","status":"source_record","cell_size_m":95,"intensity":0.289,"label":"99 Upper Newtownards Road access and wall works consent was approved"},"geometry":{"type":"Polygon","coordinates":[[[-5.8820879,54.5957458],[-5.8806148,54.5957458],[-5.8806148,54.596605],[-5.8820879,54.596605],[-5.8820879,54.5957458]]]}},{"type":"Feature","properties":{"id":"lens-detail-belfast-2024-planning_cell-96","layer":"planning_cell","category":"built_environment","year":2024,"visible_year":2024,"title":"1 source-backed planning and built record","confidence":"documented","confidence_mix":"documented:1","event_count":1,"source_count":1,"source_ids":"dfi-planning-statistics-2024-25-round511","event_ids":"bfs_arch_round511_fane_street_primary_boundary_works_approval_2024","event_ids_all":"bfs_arch_round511_fane_street_primary_boundary_works_approval_2024","source_urls":"https://www.infrastructure-ni.gov.uk/publications/northern-ireland-planning-statistics-april-2024-march-2025","geometry_precision_mix":"Application/site navigation point from official planning-statistics row; not a surveyed footprint, legal boundary, facade, room, campus, streetworks area or works extent.:1","representation":"planning and built evidence grid cell","timing_note":"Filtered by event effective year. OSM mapped-visibility dates and administrative dates can differ from real-world physical change dates.","caveat":"Planning cells are derived from source-backed event locations; they are not parcel boundaries unless source geometry is separately present.","generated_from":"web/data/city-atlas/cities/belfast/events_2024.json","lifecycle_status":"permitted","status":"source_record","cell_size_m":95,"intensity":0.289,"label":"Fane Street Primary School boundary and landscape works were approved"},"geometry":{"type":"Polygon","coordinates":[[[-5.9498505,54.5845768],[-5.9483774,54.5845768],[-5.9483774,54.585436],[-5.9498505,54.585436],[-5.9498505,54.5845768]]]}},{"type":"Feature","properties":{"id":"lens-detail-belfast-2024-planning_cell-97","layer":"planning_cell","category":"built_environment","year":2024,"visible_year":2024,"title":"1 source-backed planning and built record","confidence":"documented","confidence_mix":"documented:1","event_count":1,"source_count":1,"source_ids":"dfi-planning-statistics-2024-25-round511","event_ids":"bfs_arch_round511_glen_road_retail_extension_facade_approval_2024","event_ids_all":"bfs_arch_round511_glen_road_retail_extension_facade_approval_2024","source_urls":"https://www.infrastructure-ni.gov.uk/publications/northern-ireland-planning-statistics-april-2024-march-2025","geometry_precision_mix":"Application/site navigation point from official planning-statistics row; not a surveyed footprint, legal boundary, facade, room, campus, streetworks area or works extent.:1","representation":"planning and built evidence grid cell","timing_note":"Filtered by event effective year. OSM mapped-visibility dates and administrative dates can differ from real-world physical change dates.","caveat":"Planning cells are derived from source-backed event locations; they are not parcel boundaries unless source geometry is separately present.","generated_from":"web/data/city-atlas/cities/belfast/events_2024.json","lifecycle_status":"permitted","status":"source_record","cell_size_m":95,"intensity":0.289,"label":"150-154 Glen Road retail extension and facade works were approved"},"geometry":{"type":"Polygon","coordinates":[[[-5.9925704,54.5802811],[-5.9910973,54.5802811],[-5.9910973,54.5811402],[-5.9925704,54.5811402],[-5.9925704,54.5802811]]]}},{"type":"Feature","properties":{"id":"lens-detail-belfast-2024-planning_cell-98","layer":"planning_cell","category":"built_environment","year":2024,"visible_year":2024,"title":"1 source-backed planning and built record","confidence":"documented","confidence_mix":"documented:1","event_count":1,"source_count":1,"source_ids":"dfi-planning-statistics-2024-25-round511","event_ids":"bfs_arch_round511_malone_road_residential_home_alterations_approval_2024","event_ids_all":"bfs_arch_round511_malone_road_residential_home_alterations_approval_2024","source_urls":"https://www.infrastructure-ni.gov.uk/publications/northern-ireland-planning-statistics-april-2024-march-2025","geometry_precision_mix":"Application/site navigation point from official planning-statistics row; not a surveyed footprint, legal boundary, facade, room, campus, streetworks area or works extent.:1","representation":"planning and built evidence grid cell","timing_note":"Filtered by event effective year. OSM mapped-visibility dates and administrative dates can differ from real-world physical change dates.","caveat":"Planning cells are derived from source-backed event locations; they are not parcel boundaries unless source geometry is separately present.","generated_from":"web/data/city-atlas/cities/belfast/events_2024.json","lifecycle_status":"permitted","status":"source_record","cell_size_m":95,"intensity":0.289,"label":"3-5 Malone Road residential-home alterations were approved"},"geometry":{"type":"Polygon","coordinates":[[[-5.9395388,54.5819994],[-5.9380657,54.5819994],[-5.9380657,54.5828585],[-5.9395388,54.5828585],[-5.9395388,54.5819994]]]}},{"type":"Feature","properties":{"id":"lens-detail-belfast-2024-planning_cell-99","layer":"planning_cell","category":"built_environment","year":2024,"visible_year":2024,"title":"1 source-backed planning and built record","confidence":"documented","confidence_mix":"documented:1","event_count":1,"source_count":1,"source_ids":"dfi-planning-statistics-2024-25-round511","event_ids":"bfs_arch_round511_mckennas_bar_elevation_alterations_approval_2024","event_ids_all":"bfs_arch_round511_mckennas_bar_elevation_alterations_approval_2024","source_urls":"https://www.infrastructure-ni.gov.uk/publications/northern-ireland-planning-statistics-april-2024-march-2025","geometry_precision_mix":"Application/site navigation point from official planning-statistics row; not a surveyed footprint, legal boundary, facade, room, campus, streetworks area or works extent.:1","representation":"planning and built evidence grid cell","timing_note":"Filtered by event effective year. OSM mapped-visibility dates and administrative dates can differ from real-world physical change dates.","caveat":"Planning cells are derived from source-backed event locations; they are not parcel boundaries unless source geometry is separately present.","generated_from":"web/data/city-atlas/cities/belfast/events_2024.json","lifecycle_status":"permitted","status":"source_record","cell_size_m":95,"intensity":0.289,"label":"McKenna's Bar elevation alterations were approved"},"geometry":{"type":"Polygon","coordinates":[[[-5.9218616,54.607774],[-5.9203885,54.607774],[-5.9203885,54.6086331],[-5.9218616,54.6086331],[-5.9218616,54.607774]]]}}]}
