{"type":"FeatureCollection","name":"belfast_lens_detail_2025","metadata":{"schema_version":"1.0.0","city_id":"belfast","year":2025,"generated_at":"2026-06-03T13:24:58.887Z","source_paths":["web/data/city-atlas/cities/belfast/events_2025.json","web/data/city-atlas/cities/belfast/events.json","web/data/city-atlas/cities/belfast/detail_layers.geojson","web/data/city-atlas/cities/belfast/transport_roads_base.geojson"],"method":"Derived OpenCityLog lens geometry built from source-backed event points plus existing OSM road/detail geometry. Grid cells aggregate events by effective year. Trace lines reuse nearest mapped road geometry for context.","caveats":["Derived cells are evidence grids, not surveyed parcels, catchments, zones, or administrative boundaries.","Trace lines are nearest mapped street or work-location context, not surveyed utility networks, measured traffic speed, spend, vacancy, or service quality. No capacity data is inferred.","When a lens/year has no same-category source-backed records, no coverage geometry is generated; sparse data remains sparse.","Borough, citywide, statistical, corridor, and multi-site records are excluded from site-like lens geometry; they remain available in the event list and evidence records.","OSM mapped-visibility dates and administrative decision dates can differ from real-world physical change dates."],"feature_layers":{"planning_cell":158},"excluded_non_site_record_count":0,"excluded_non_site_reasons":{}},"features":[{"type":"Feature","properties":{"id":"lens-detail-belfast-2025-planning_cell-114","layer":"planning_cell","category":"built_environment","year":2025,"visible_year":2025,"title":"2 source-backed planning and built records","confidence":"documented","confidence_mix":"documented:2","event_count":2,"source_count":2,"source_ids":"dfi-planning-statistics-2024-25-round582,dfi-planning-statistics-2024-25-round587","event_ids":"bfs_arch_round582_44_owenvarragh_park_2025_0159_f_approval_2025,bfs_arch_round587_32_owenvarragh_park_2024_1897_f_approval_2025","event_ids_all":"bfs_arch_round582_44_owenvarragh_park_2025_0159_f_approval_2025,bfs_arch_round587_32_owenvarragh_park_2024_1897_f_approval_2025","source_urls":"https://www.infrastructure-ni.gov.uk/publications/northern-ireland-planning-statistics-april-2024-march-2025","geometry_precision_mix":"Application/site navigation point from official planning-statistics row; not a surveyed footprint, legal boundary, facade, room, campus, streetworks area or works extent.:2","representation":"planning and built evidence grid cell","timing_note":"Filtered by event effective year. OSM mapped-visibility dates and administrative dates can differ from real-world physical change dates.","caveat":"Planning cells are derived from source-backed event locations; they are not parcel boundaries unless source geometry is separately present.","generated_from":"web/data/city-atlas/cities/belfast/events_2025.json","lifecycle_status":"permitted","status":"source_record","cell_size_m":95,"intensity":0.458,"label":"44 Owenvarragh Park new window and door arrangement on ground floor, and rear dormer to alter hip roof to gable peak approval was recorded"},"geometry":{"type":"Polygon","coordinates":[[[-5.9852049,54.5716895],[-5.9837318,54.5716895],[-5.9837318,54.5725487],[-5.9852049,54.5725487],[-5.9852049,54.5716895]]]}},{"type":"Feature","properties":{"id":"lens-detail-belfast-2025-planning_cell-131","layer":"planning_cell","category":"built_environment","year":2025,"visible_year":2025,"title":"2 source-backed planning and built records","confidence":"documented","confidence_mix":"documented:2","event_count":2,"source_count":1,"source_ids":"dfi-planning-statistics-2024-25-round587","event_ids":"bfs_arch_round587_114_lagmore_dale_dunmurry_2024_1929_f_approval_2025,bfs_arch_round587_44_lagmore_dale_2024_1712_f_approval_2025","event_ids_all":"bfs_arch_round587_114_lagmore_dale_dunmurry_2024_1929_f_approval_2025,bfs_arch_round587_44_lagmore_dale_2024_1712_f_approval_2025","source_urls":"https://www.infrastructure-ni.gov.uk/publications/northern-ireland-planning-statistics-april-2024-march-2025","geometry_precision_mix":"Application/site navigation point from official planning-statistics row; not a surveyed footprint, legal boundary, facade, room, campus, streetworks area or works extent.:2","representation":"planning and built evidence grid cell","timing_note":"Filtered by event effective year. OSM mapped-visibility dates and administrative dates can differ from real-world physical change dates.","caveat":"Planning cells are derived from source-backed event locations; they are not parcel boundaries unless source geometry is separately present.","generated_from":"web/data/city-atlas/cities/belfast/events_2025.json","lifecycle_status":"permitted","status":"source_record","cell_size_m":95,"intensity":0.458,"label":"114 Lagmore Dale, Dunmurry single storey rear extension including disabled ramp access to rear extension approval was recorded"},"geometry":{"type":"Polygon","coordinates":[[[-6.030871,54.5484924],[-6.0293979,54.5484924],[-6.0293979,54.5493516],[-6.030871,54.5493516],[-6.030871,54.5484924]]]}},{"type":"Feature","properties":{"id":"lens-detail-belfast-2025-planning_cell-18","layer":"planning_cell","category":"built_environment","year":2025,"visible_year":2025,"title":"2 source-backed planning and built records","confidence":"documented","confidence_mix":"documented:2","event_count":2,"source_count":1,"source_ids":"dfi-planning-statistics-2024-25-round487","event_ids":"bfs_arch_round487_parliament_buildings_roof_parapet_lbc_2025,bfs_arch_round487_parliament_buildings_stonework_cleaning_lbc_2025","event_ids_all":"bfs_arch_round487_parliament_buildings_roof_parapet_lbc_2025,bfs_arch_round487_parliament_buildings_stonework_cleaning_lbc_2025","source_urls":"https://www.infrastructure-ni.gov.uk/publications/northern-ireland-planning-statistics-april-2024-march-2025","geometry_precision_mix":"Application/site navigation point from official planning-statistics row; not a surveyed footprint, legal boundary, facade, room, campus, streetworks area or works extent.:2","representation":"planning and built evidence grid cell","timing_note":"Filtered by event effective year. OSM mapped-visibility dates and administrative dates can differ from real-world physical change dates.","caveat":"Planning cells are derived from source-backed event locations; they are not parcel boundaries unless source geometry is separately present.","generated_from":"web/data/city-atlas/cities/belfast/events_2025.json","lifecycle_status":"permitted","status":"source_record","cell_size_m":95,"intensity":0.458,"label":"Parliament Buildings roof and parapet works consent was approved"},"geometry":{"type":"Polygon","coordinates":[[[-5.8334756,54.6043374],[-5.8320025,54.6043374],[-5.8320025,54.6051965],[-5.8334756,54.6051965],[-5.8334756,54.6043374]]]}},{"type":"Feature","properties":{"id":"lens-detail-belfast-2025-planning_cell-22","layer":"planning_cell","category":"built_environment","year":2025,"visible_year":2025,"title":"2 source-backed planning and built records","confidence":"documented","confidence_mix":"documented:2","event_count":2,"source_count":2,"source_ids":"dfi-planning-statistics-2024-25-round487,dfi-planning-statistics-2024-25-round511","event_ids":"bfs_arch_round487_templemore_avenue_commercial_short_let_approval_2025,bfs_arch_round511_castlereagh_street_commercial_apartments_approval_2025","event_ids_all":"bfs_arch_round487_templemore_avenue_commercial_short_let_approval_2025,bfs_arch_round511_castlereagh_street_commercial_apartments_approval_2025","source_urls":"https://www.infrastructure-ni.gov.uk/publications/northern-ireland-planning-statistics-april-2024-march-2025","geometry_precision_mix":"Application/site navigation point from official planning-statistics row; not a surveyed footprint, legal boundary, facade, room, campus, streetworks area or works extent.:2","representation":"planning and built evidence grid cell","timing_note":"Filtered by event effective year. OSM mapped-visibility dates and administrative dates can differ from real-world physical change dates.","caveat":"Planning cells are derived from source-backed event locations; they are not parcel boundaries unless source geometry is separately present.","generated_from":"web/data/city-atlas/cities/belfast/events_2025.json","lifecycle_status":"permitted","status":"source_record","cell_size_m":95,"intensity":0.458,"label":"213 Templemore Avenue commercial-unit short-term-let change of use was approved"},"geometry":{"type":"Polygon","coordinates":[[[-5.9012382,54.5923092],[-5.8997651,54.5923092],[-5.8997651,54.5931684],[-5.9012382,54.5931684],[-5.9012382,54.5923092]]]}},{"type":"Feature","properties":{"id":"lens-detail-belfast-2025-planning_cell-41","layer":"planning_cell","category":"built_environment","year":2025,"visible_year":2025,"title":"2 source-backed planning and built records","confidence":"documented","confidence_mix":"documented:2","event_count":2,"source_count":1,"source_ids":"dfi-planning-statistics-2024-25-round511","event_ids":"bfs_arch_round511_donegall_street_offices_restaurant_approval_2025,bfs_arch_round511_john_hewitt_awning_approval_2025","event_ids_all":"bfs_arch_round511_donegall_street_offices_restaurant_approval_2025,bfs_arch_round511_john_hewitt_awning_approval_2025","source_urls":"https://www.infrastructure-ni.gov.uk/publications/northern-ireland-planning-statistics-april-2024-march-2025","geometry_precision_mix":"Application/site navigation point from official planning-statistics row; not a surveyed footprint, legal boundary, facade, room, campus, streetworks area or works extent.:2","representation":"planning and built evidence grid cell","timing_note":"Filtered by event effective year. OSM mapped-visibility dates and administrative dates can differ from real-world physical change dates.","caveat":"Planning cells are derived from source-backed event locations; they are not parcel boundaries unless source geometry is separately present.","generated_from":"web/data/city-atlas/cities/belfast/events_2025.json","lifecycle_status":"permitted","status":"source_record","cell_size_m":95,"intensity":0.458,"label":"61-67 Donegall Street office-to-restaurant use was approved"},"geometry":{"type":"Polygon","coordinates":[[[-5.9292271,54.6017599],[-5.927754,54.6017599],[-5.927754,54.6026191],[-5.9292271,54.6026191],[-5.9292271,54.6017599]]]}},{"type":"Feature","properties":{"id":"lens-detail-belfast-2025-planning_cell-58","layer":"planning_cell","category":"built_environment","year":2025,"visible_year":2025,"title":"2 source-backed planning and built records","confidence":"documented","confidence_mix":"documented:2","event_count":2,"source_count":2,"source_ids":"dfi-planning-statistics-2024-25-round527,dfi-planning-statistics-2024-25-round577","event_ids":"bfs_arch_round527_jennymount_orangery_demolition_consent_2025,bfs_arch_round577_jennymount_150_malone_road_2025_0034_f_approval_2025","event_ids_all":"bfs_arch_round527_jennymount_orangery_demolition_consent_2025,bfs_arch_round577_jennymount_150_malone_road_2025_0034_f_approval_2025","source_urls":"https://www.infrastructure-ni.gov.uk/publications/northern-ireland-planning-statistics-april-2024-march-2025","geometry_precision_mix":"Application/site navigation point from official planning-statistics row; not a surveyed footprint, legal boundary, facade, room, campus, streetworks area or works extent.:2","representation":"planning and built evidence grid cell","timing_note":"Filtered by event effective year. OSM mapped-visibility dates and administrative dates can differ from real-world physical change dates.","caveat":"Planning cells are derived from source-backed event locations; they are not parcel boundaries unless source geometry is separately present.","generated_from":"web/data/city-atlas/cities/belfast/events_2025.json","lifecycle_status":"demolished","status":"source_record","cell_size_m":95,"intensity":0.458,"label":"Jennymount orangery demolition consent was recorded"},"geometry":{"type":"Polygon","coordinates":[[[-5.9513236,54.5648163],[-5.9498505,54.5648163],[-5.9498505,54.5656755],[-5.9513236,54.5656755],[-5.9513236,54.5648163]]]}},{"type":"Feature","properties":{"id":"lens-detail-belfast-2025-planning_cell-9","layer":"planning_cell","category":"built_environment","year":2025,"visible_year":2025,"title":"2 source-backed planning and built records","confidence":"documented","confidence_mix":"documented:2","event_count":2,"source_count":2,"source_ids":"dfi-planning-statistics-2024-25-round487,dfi-planning-statistics-2024-25-round511","event_ids":"bfs_arch_round487_cregagh_road_retail_outlet_change_approval_2025,bfs_arch_round511_cregagh_road_commercial_yard_storage_approval_2025","event_ids_all":"bfs_arch_round487_cregagh_road_retail_outlet_change_approval_2025,bfs_arch_round511_cregagh_road_commercial_yard_storage_approval_2025","source_urls":"https://www.infrastructure-ni.gov.uk/publications/northern-ireland-planning-statistics-april-2024-march-2025","geometry_precision_mix":"Application/site navigation point from official planning-statistics row; not a surveyed footprint, legal boundary, facade, room, campus, streetworks area or works extent.:2","representation":"planning and built evidence grid cell","timing_note":"Filtered by event effective year. OSM mapped-visibility dates and administrative dates can differ from real-world physical change dates.","caveat":"Planning cells are derived from source-backed event locations; they are not parcel boundaries unless source geometry is separately present.","generated_from":"web/data/city-atlas/cities/belfast/events_2025.json","lifecycle_status":"permitted","status":"source_record","cell_size_m":95,"intensity":0.458,"label":"44 Cregagh Road retail-outlet change of use was approved"},"geometry":{"type":"Polygon","coordinates":[[[-5.8997651,54.5837177],[-5.898292,54.5837177],[-5.898292,54.5845768],[-5.8997651,54.5845768],[-5.8997651,54.5837177]]]}},{"type":"Feature","properties":{"id":"lens-detail-belfast-2025-planning_cell-0","layer":"planning_cell","category":"built_environment","year":2025,"visible_year":2025,"title":"1 source-backed planning and built record","confidence":"documented","confidence_mix":"documented:1","event_count":1,"source_count":1,"source_ids":"dfi-planning-statistics-2024-25-round464","event_ids":"bfs_arch_round464_andersonstown_social_club_extensions_approval_2025","event_ids_all":"bfs_arch_round464_andersonstown_social_club_extensions_approval_2025","source_urls":"https://www.infrastructure-ni.gov.uk/publications/northern-ireland-planning-statistics-april-2024-march-2025","geometry_precision_mix":"Approximate site/address point from official application row, not a surveyed footprint, legal red-line boundary, curtilage, room, wall or works extent.:1","representation":"planning and built evidence grid cell","timing_note":"Filtered by event effective year. OSM mapped-visibility dates and administrative dates can differ from real-world physical change dates.","caveat":"Planning cells are derived from source-backed event locations; they are not parcel boundaries unless source geometry is separately present.","generated_from":"web/data/city-atlas/cities/belfast/events_2025.json","lifecycle_status":"permitted","status":"source_record","cell_size_m":95,"intensity":0.289,"label":"Andersonstown Social Club extension works were approved"},"geometry":{"type":"Polygon","coordinates":[[[-5.9748932,54.5768445],[-5.9734201,54.5768445],[-5.9734201,54.5777036],[-5.9748932,54.5777036],[-5.9748932,54.5768445]]]}},{"type":"Feature","properties":{"id":"lens-detail-belfast-2025-planning_cell-1","layer":"planning_cell","category":"built_environment","year":2025,"visible_year":2025,"title":"1 source-backed planning and built record","confidence":"documented","confidence_mix":"documented:1","event_count":1,"source_count":1,"source_ids":"dfi-planning-statistics-2024-25-round464","event_ids":"bfs_arch_round464_duncairn_gardens_church_kitchen_extension_2025","event_ids_all":"bfs_arch_round464_duncairn_gardens_church_kitchen_extension_2025","source_urls":"https://www.infrastructure-ni.gov.uk/publications/northern-ireland-planning-statistics-april-2024-march-2025","geometry_precision_mix":"Approximate site/address point from official application row, not a surveyed footprint, legal red-line boundary, curtilage, room, wall or works extent.:1","representation":"planning and built evidence grid cell","timing_note":"Filtered by event effective year. OSM mapped-visibility dates and administrative dates can differ from real-world physical change dates.","caveat":"Planning cells are derived from source-backed event locations; they are not parcel boundaries unless source geometry is separately present.","generated_from":"web/data/city-atlas/cities/belfast/events_2025.json","lifecycle_status":"permitted","status":"source_record","cell_size_m":95,"intensity":0.289,"label":"Duncairn Gardens church kitchen extension and boundary wall were approved"},"geometry":{"type":"Polygon","coordinates":[[[-5.9218616,54.6163655],[-5.9203885,54.6163655],[-5.9203885,54.6172247],[-5.9218616,54.6172247],[-5.9218616,54.6163655]]]}},{"type":"Feature","properties":{"id":"lens-detail-belfast-2025-planning_cell-10","layer":"planning_cell","category":"built_environment","year":2025,"visible_year":2025,"title":"1 source-backed planning and built record","confidence":"documented","confidence_mix":"documented:1","event_count":1,"source_count":1,"source_ids":"dfi-planning-statistics-2024-25-round487","event_ids":"bfs_arch_round487_deanby_centre_external_lift_approval_2025","event_ids_all":"bfs_arch_round487_deanby_centre_external_lift_approval_2025","source_urls":"https://www.infrastructure-ni.gov.uk/publications/northern-ireland-planning-statistics-april-2024-march-2025","geometry_precision_mix":"Application/site navigation point from official planning-statistics row; not a surveyed footprint, legal boundary, facade, room, campus, streetworks area or works extent.:1","representation":"planning and built evidence grid cell","timing_note":"Filtered by event effective year. OSM mapped-visibility dates and administrative dates can differ from real-world physical change dates.","caveat":"Planning cells are derived from source-backed event locations; they are not parcel boundaries unless source geometry is separately present.","generated_from":"web/data/city-atlas/cities/belfast/events_2025.json","lifecycle_status":"permitted","status":"source_record","cell_size_m":95,"intensity":0.289,"label":"Deanby Centre external lift works were approved"},"geometry":{"type":"Polygon","coordinates":[[[-5.9557429,54.6223796],[-5.9542698,54.6223796],[-5.9542698,54.6232387],[-5.9557429,54.6232387],[-5.9557429,54.6223796]]]}},{"type":"Feature","properties":{"id":"lens-detail-belfast-2025-planning_cell-100","layer":"planning_cell","category":"built_environment","year":2025,"visible_year":2025,"title":"1 source-backed planning and built record","confidence":"documented","confidence_mix":"documented:1","event_count":1,"source_count":1,"source_ids":"dfi-planning-statistics-2024-25-round582","event_ids":"bfs_arch_round582_1_rathmore_street_2024_1845_f_approval_2025","event_ids_all":"bfs_arch_round582_1_rathmore_street_2024_1845_f_approval_2025","source_urls":"https://www.infrastructure-ni.gov.uk/publications/northern-ireland-planning-statistics-april-2024-march-2025","geometry_precision_mix":"Application/site navigation point from official planning-statistics row; not a surveyed footprint, legal boundary, facade, room, campus, streetworks area or works extent.:1","representation":"planning and built evidence grid cell","timing_note":"Filtered by event effective year. OSM mapped-visibility dates and administrative dates can differ from real-world physical change dates.","caveat":"Planning cells are derived from source-backed event locations; they are not parcel boundaries unless source geometry is separately present.","generated_from":"web/data/city-atlas/cities/belfast/events_2025.json","lifecycle_status":"permitted","status":"source_record","cell_size_m":95,"intensity":0.289,"label":"1 Rathmore Street single storey extension to rear with internal alterations approval was recorded"},"geometry":{"type":"Polygon","coordinates":[[[-5.9100768,54.5914501],[-5.9086037,54.5914501],[-5.9086037,54.5923092],[-5.9100768,54.5923092],[-5.9100768,54.5914501]]]}},{"type":"Feature","properties":{"id":"lens-detail-belfast-2025-planning_cell-101","layer":"planning_cell","category":"built_environment","year":2025,"visible_year":2025,"title":"1 source-backed planning and built record","confidence":"documented","confidence_mix":"documented:1","event_count":1,"source_count":1,"source_ids":"dfi-planning-statistics-2024-25-round582","event_ids":"bfs_arch_round582_10_mount_eagles_close_dunmurry_2025_0180_f_approval_2025","event_ids_all":"bfs_arch_round582_10_mount_eagles_close_dunmurry_2025_0180_f_approval_2025","source_urls":"https://www.infrastructure-ni.gov.uk/publications/northern-ireland-planning-statistics-april-2024-march-2025","geometry_precision_mix":"Application/site navigation point from official planning-statistics row; not a surveyed footprint, legal boundary, facade, room, campus, streetworks area or works extent.:1","representation":"planning and built evidence grid cell","timing_note":"Filtered by event effective year. OSM mapped-visibility dates and administrative dates can differ from real-world physical change dates.","caveat":"Planning cells are derived from source-backed event locations; they are not parcel boundaries unless source geometry is separately present.","generated_from":"web/data/city-atlas/cities/belfast/events_2025.json","lifecycle_status":"permitted","status":"source_record","cell_size_m":95,"intensity":0.289,"label":"10 Mount Eagles Close, Dunmurry rear dormer approval was recorded"},"geometry":{"type":"Polygon","coordinates":[[[-6.0514944,54.551929],[-6.0500213,54.551929],[-6.0500213,54.5527882],[-6.0514944,54.5527882],[-6.0514944,54.551929]]]}},{"type":"Feature","properties":{"id":"lens-detail-belfast-2025-planning_cell-102","layer":"planning_cell","category":"built_environment","year":2025,"visible_year":2025,"title":"1 source-backed planning and built record","confidence":"documented","confidence_mix":"documented:1","event_count":1,"source_count":1,"source_ids":"dfi-planning-statistics-2024-25-round582","event_ids":"bfs_arch_round582_120_orchardville_crescent_2024_2074_f_approval_2025","event_ids_all":"bfs_arch_round582_120_orchardville_crescent_2024_2074_f_approval_2025","source_urls":"https://www.infrastructure-ni.gov.uk/publications/northern-ireland-planning-statistics-april-2024-march-2025","geometry_precision_mix":"Application/site navigation point from official planning-statistics row; not a surveyed footprint, legal boundary, facade, room, campus, streetworks area or works extent.:1","representation":"planning and built evidence grid cell","timing_note":"Filtered by event effective year. OSM mapped-visibility dates and administrative dates can differ from real-world physical change dates.","caveat":"Planning cells are derived from source-backed event locations; they are not parcel boundaries unless source geometry is separately present.","generated_from":"web/data/city-atlas/cities/belfast/events_2025.json","lifecycle_status":"permitted","status":"source_record","cell_size_m":95,"intensity":0.289,"label":"120 Orchardville Crescent two storey rear and side extension approval was recorded"},"geometry":{"type":"Polygon","coordinates":[[[-5.9822587,54.5656755],[-5.9807856,54.5656755],[-5.9807856,54.5665346],[-5.9822587,54.5665346],[-5.9822587,54.5656755]]]}},{"type":"Feature","properties":{"id":"lens-detail-belfast-2025-planning_cell-103","layer":"planning_cell","category":"built_environment","year":2025,"visible_year":2025,"title":"1 source-backed planning and built record","confidence":"documented","confidence_mix":"documented:1","event_count":1,"source_count":1,"source_ids":"dfi-planning-statistics-2024-25-round582","event_ids":"bfs_arch_round582_16_deramore_park_south_2024_2035_f_approval_2025","event_ids_all":"bfs_arch_round582_16_deramore_park_south_2024_2035_f_approval_2025","source_urls":"https://www.infrastructure-ni.gov.uk/publications/northern-ireland-planning-statistics-april-2024-march-2025","geometry_precision_mix":"Application/site navigation point from official planning-statistics row; not a surveyed footprint, legal boundary, facade, room, campus, streetworks area or works extent.:1","representation":"planning and built evidence grid cell","timing_note":"Filtered by event effective year. OSM mapped-visibility dates and administrative dates can differ from real-world physical change dates.","caveat":"Planning cells are derived from source-backed event locations; they are not parcel boundaries unless source geometry is separately present.","generated_from":"web/data/city-atlas/cities/belfast/events_2025.json","lifecycle_status":"permitted","status":"source_record","cell_size_m":95,"intensity":0.289,"label":"16 Deramore Park South proposed garden room, sauna and tree playhouse in garden approval was recorded"},"geometry":{"type":"Polygon","coordinates":[[[-5.9469043,54.5648163],[-5.9454312,54.5648163],[-5.9454312,54.5656755],[-5.9469043,54.5656755],[-5.9469043,54.5648163]]]}},{"type":"Feature","properties":{"id":"lens-detail-belfast-2025-planning_cell-104","layer":"planning_cell","category":"built_environment","year":2025,"visible_year":2025,"title":"1 source-backed planning and built record","confidence":"documented","confidence_mix":"documented:1","event_count":1,"source_count":1,"source_ids":"dfi-planning-statistics-2024-25-round582","event_ids":"bfs_arch_round582_16_grasmere_gardens_2024_1874_f_approval_2025","event_ids_all":"bfs_arch_round582_16_grasmere_gardens_2024_1874_f_approval_2025","source_urls":"https://www.infrastructure-ni.gov.uk/publications/northern-ireland-planning-statistics-april-2024-march-2025","geometry_precision_mix":"Application/site navigation point from official planning-statistics row; not a surveyed footprint, legal boundary, facade, room, campus, streetworks area or works extent.:1","representation":"planning and built evidence grid cell","timing_note":"Filtered by event effective year. OSM mapped-visibility dates and administrative dates can differ from real-world physical change dates.","caveat":"Planning cells are derived from source-backed event locations; they are not parcel boundaries unless source geometry is separately present.","generated_from":"web/data/city-atlas/cities/belfast/events_2025.json","lifecycle_status":"permitted","status":"source_record","cell_size_m":95,"intensity":0.289,"label":"16 Grasmere Gardens removal of the existing lean to utility and former coal store to rear and replacement with a two storey and single..."},"geometry":{"type":"Polygon","coordinates":[[[-5.9439581,54.6309711],[-5.942485,54.6309711],[-5.942485,54.6318303],[-5.9439581,54.6318303],[-5.9439581,54.6309711]]]}},{"type":"Feature","properties":{"id":"lens-detail-belfast-2025-planning_cell-105","layer":"planning_cell","category":"built_environment","year":2025,"visible_year":2025,"title":"1 source-backed planning and built record","confidence":"documented","confidence_mix":"documented:1","event_count":1,"source_count":1,"source_ids":"dfi-planning-statistics-2024-25-round582","event_ids":"bfs_arch_round582_193_ravenhill_road_2024_2055_f_approval_2025","event_ids_all":"bfs_arch_round582_193_ravenhill_road_2024_2055_f_approval_2025","source_urls":"https://www.infrastructure-ni.gov.uk/publications/northern-ireland-planning-statistics-april-2024-march-2025","geometry_precision_mix":"Application/site navigation point from official planning-statistics row; not a surveyed footprint, legal boundary, facade, room, campus, streetworks area or works extent.:1","representation":"planning and built evidence grid cell","timing_note":"Filtered by event effective year. OSM mapped-visibility dates and administrative dates can differ from real-world physical change dates.","caveat":"Planning cells are derived from source-backed event locations; they are not parcel boundaries unless source geometry is separately present.","generated_from":"web/data/city-atlas/cities/belfast/events_2025.json","lifecycle_status":"permitted","status":"source_record","cell_size_m":95,"intensity":0.289,"label":"193 Ravenhill Road single-storey rear extension approval was recorded"},"geometry":{"type":"Polygon","coordinates":[[[-5.9144961,54.5768445],[-5.913023,54.5768445],[-5.913023,54.5777036],[-5.9144961,54.5777036],[-5.9144961,54.5768445]]]}},{"type":"Feature","properties":{"id":"lens-detail-belfast-2025-planning_cell-106","layer":"planning_cell","category":"built_environment","year":2025,"visible_year":2025,"title":"1 source-backed planning and built record","confidence":"documented","confidence_mix":"documented:1","event_count":1,"source_count":1,"source_ids":"dfi-planning-statistics-2024-25-round582","event_ids":"bfs_arch_round582_21a_ross_road_town_parks_2023_2778_o_approval_2025","event_ids_all":"bfs_arch_round582_21a_ross_road_town_parks_2023_2778_o_approval_2025","source_urls":"https://www.infrastructure-ni.gov.uk/publications/northern-ireland-planning-statistics-april-2024-march-2025","geometry_precision_mix":"Application/site navigation point from official planning-statistics row; not a surveyed footprint, legal boundary, facade, room, campus, streetworks area or works extent.:1","representation":"planning and built evidence grid cell","timing_note":"Filtered by event effective year. OSM mapped-visibility dates and administrative dates can differ from real-world physical change dates.","caveat":"Planning cells are derived from source-backed event locations; they are not parcel boundaries unless source geometry is separately present.","generated_from":"web/data/city-atlas/cities/belfast/events_2025.json","lifecycle_status":"permitted","status":"source_record","cell_size_m":95,"intensity":0.289,"label":"21A ROSS ROAD TOWN PARKS proposal for five dwellings approval was recorded"},"geometry":{"type":"Polygon","coordinates":[[[-5.9483774,54.5974641],[-5.9469043,54.5974641],[-5.9469043,54.5983233],[-5.9483774,54.5983233],[-5.9483774,54.5974641]]]}},{"type":"Feature","properties":{"id":"lens-detail-belfast-2025-planning_cell-107","layer":"planning_cell","category":"built_environment","year":2025,"visible_year":2025,"title":"1 source-backed planning and built record","confidence":"documented","confidence_mix":"documented:1","event_count":1,"source_count":1,"source_ids":"dfi-planning-statistics-2024-25-round582","event_ids":"bfs_arch_round582_27_kingsland_park_2024_1850_f_approval_2025","event_ids_all":"bfs_arch_round582_27_kingsland_park_2024_1850_f_approval_2025","source_urls":"https://www.infrastructure-ni.gov.uk/publications/northern-ireland-planning-statistics-april-2024-march-2025","geometry_precision_mix":"Application/site navigation point from official planning-statistics row; not a surveyed footprint, legal boundary, facade, room, campus, streetworks area or works extent.:1","representation":"planning and built evidence grid cell","timing_note":"Filtered by event effective year. OSM mapped-visibility dates and administrative dates can differ from real-world physical change dates.","caveat":"Planning cells are derived from source-backed event locations; they are not parcel boundaries unless source geometry is separately present.","generated_from":"web/data/city-atlas/cities/belfast/events_2025.json","lifecycle_status":"permitted","status":"source_record","cell_size_m":95,"intensity":0.289,"label":"27 Kingsland Park single storey rear extension with fenestration changes to rear and side elevations. creation of a veranda to the rear..."},"geometry":{"type":"Polygon","coordinates":[[[-5.8364218,54.585436],[-5.8349487,54.585436],[-5.8349487,54.5862952],[-5.8364218,54.5862952],[-5.8364218,54.585436]]]}},{"type":"Feature","properties":{"id":"lens-detail-belfast-2025-planning_cell-108","layer":"planning_cell","category":"built_environment","year":2025,"visible_year":2025,"title":"1 source-backed planning and built record","confidence":"documented","confidence_mix":"documented:1","event_count":1,"source_count":1,"source_ids":"dfi-planning-statistics-2024-25-round582","event_ids":"bfs_arch_round582_3_north_road_2025_0028_f_approval_2025","event_ids_all":"bfs_arch_round582_3_north_road_2025_0028_f_approval_2025","source_urls":"https://www.infrastructure-ni.gov.uk/publications/northern-ireland-planning-statistics-april-2024-march-2025","geometry_precision_mix":"Application/site navigation point from official planning-statistics row; not a surveyed footprint, legal boundary, facade, room, campus, streetworks area or works extent.:1","representation":"planning and built evidence grid cell","timing_note":"Filtered by event effective year. OSM mapped-visibility dates and administrative dates can differ from real-world physical change dates.","caveat":"Planning cells are derived from source-backed event locations; they are not parcel boundaries unless source geometry is separately present.","generated_from":"web/data/city-atlas/cities/belfast/events_2025.json","lifecycle_status":"permitted","status":"source_record","cell_size_m":95,"intensity":0.289,"label":"3 North Road single storey rear extension and internal alterations approval was recorded"},"geometry":{"type":"Polygon","coordinates":[[[-5.8806148,54.5905909],[-5.8791417,54.5905909],[-5.8791417,54.5914501],[-5.8806148,54.5914501],[-5.8806148,54.5905909]]]}},{"type":"Feature","properties":{"id":"lens-detail-belfast-2025-planning_cell-109","layer":"planning_cell","category":"built_environment","year":2025,"visible_year":2025,"title":"1 source-backed planning and built record","confidence":"documented","confidence_mix":"documented:1","event_count":1,"source_count":1,"source_ids":"dfi-planning-statistics-2024-25-round582","event_ids":"bfs_arch_round582_3_posnett_court_2024_1834_f_approval_2025","event_ids_all":"bfs_arch_round582_3_posnett_court_2024_1834_f_approval_2025","source_urls":"https://www.infrastructure-ni.gov.uk/publications/northern-ireland-planning-statistics-april-2024-march-2025","geometry_precision_mix":"Application/site navigation point from official planning-statistics row; not a surveyed footprint, legal boundary, facade, room, campus, streetworks area or works extent.:1","representation":"planning and built evidence grid cell","timing_note":"Filtered by event effective year. OSM mapped-visibility dates and administrative dates can differ from real-world physical change dates.","caveat":"Planning cells are derived from source-backed event locations; they are not parcel boundaries unless source geometry is separately present.","generated_from":"web/data/city-atlas/cities/belfast/events_2025.json","lifecycle_status":"permitted","status":"source_record","cell_size_m":95,"intensity":0.289,"label":"3 Posnett Court single storey extension to the side of the property with level access to front approval was recorded"},"geometry":{"type":"Polygon","coordinates":[[[-5.9321733,54.5888726],[-5.9307002,54.5888726],[-5.9307002,54.5897318],[-5.9321733,54.5897318],[-5.9321733,54.5888726]]]}},{"type":"Feature","properties":{"id":"lens-detail-belfast-2025-planning_cell-11","layer":"planning_cell","category":"built_environment","year":2025,"visible_year":2025,"title":"1 source-backed planning and built record","confidence":"documented","confidence_mix":"documented:1","event_count":1,"source_count":1,"source_ids":"dfi-planning-statistics-2024-25-round487","event_ids":"bfs_arch_round487_lislea_drive_portacabin_office_approval_2025","event_ids_all":"bfs_arch_round487_lislea_drive_portacabin_office_approval_2025","source_urls":"https://www.infrastructure-ni.gov.uk/publications/northern-ireland-planning-statistics-april-2024-march-2025","geometry_precision_mix":"Application/site navigation point from official planning-statistics row; not a surveyed footprint, legal boundary, facade, room, campus, streetworks area or works extent.:1","representation":"planning and built evidence grid cell","timing_note":"Filtered by event effective year. OSM mapped-visibility dates and administrative dates can differ from real-world physical change dates.","caveat":"Planning cells are derived from source-backed event locations; they are not parcel boundaries unless source geometry is separately present.","generated_from":"web/data/city-atlas/cities/belfast/events_2025.json","lifecycle_status":"permitted","status":"source_record","cell_size_m":95,"intensity":0.289,"label":"18 Lislea Drive prefabricated office accommodation works were approved"},"geometry":{"type":"Polygon","coordinates":[[[-5.9645815,54.5708304],[-5.9631084,54.5708304],[-5.9631084,54.5716895],[-5.9645815,54.5716895],[-5.9645815,54.5708304]]]}},{"type":"Feature","properties":{"id":"lens-detail-belfast-2025-planning_cell-110","layer":"planning_cell","category":"built_environment","year":2025,"visible_year":2025,"title":"1 source-backed planning and built record","confidence":"documented","confidence_mix":"documented:1","event_count":1,"source_count":1,"source_ids":"dfi-planning-statistics-2024-25-round582","event_ids":"bfs_arch_round582_35_cranmore_gardens_2024_2104_dca_approval_2025","event_ids_all":"bfs_arch_round582_35_cranmore_gardens_2024_2104_dca_approval_2025","source_urls":"https://www.infrastructure-ni.gov.uk/publications/northern-ireland-planning-statistics-april-2024-march-2025","geometry_precision_mix":"Application/site navigation point from official planning-statistics row; not a surveyed footprint, legal boundary, facade, room, campus, streetworks area or works extent.:1","representation":"planning and built evidence grid cell","timing_note":"Filtered by event effective year. OSM mapped-visibility dates and administrative dates can differ from real-world physical change dates.","caveat":"Planning cells are derived from source-backed event locations; they are not parcel boundaries unless source geometry is separately present.","generated_from":"web/data/city-atlas/cities/belfast/events_2025.json","lifecycle_status":"permitted","status":"source_record","cell_size_m":95,"intensity":0.289,"label":"35 Cranmore Gardens removal and replacement of existing roofs of dwelling approval was recorded"},"geometry":{"type":"Polygon","coordinates":[[[-5.9557429,54.5716895],[-5.9542698,54.5716895],[-5.9542698,54.5725487],[-5.9557429,54.5725487],[-5.9557429,54.5716895]]]}},{"type":"Feature","properties":{"id":"lens-detail-belfast-2025-planning_cell-111","layer":"planning_cell","category":"built_environment","year":2025,"visible_year":2025,"title":"1 source-backed planning and built record","confidence":"documented","confidence_mix":"documented:1","event_count":1,"source_count":1,"source_ids":"dfi-planning-statistics-2024-25-round582","event_ids":"bfs_arch_round582_4_melrose_avenue_2023_4135_f_approval_2025","event_ids_all":"bfs_arch_round582_4_melrose_avenue_2023_4135_f_approval_2025","source_urls":"https://www.infrastructure-ni.gov.uk/publications/northern-ireland-planning-statistics-april-2024-march-2025","geometry_precision_mix":"Application/site navigation point from official planning-statistics row; not a surveyed footprint, legal boundary, facade, room, campus, streetworks area or works extent.:1","representation":"planning and built evidence grid cell","timing_note":"Filtered by event effective year. OSM mapped-visibility dates and administrative dates can differ from real-world physical change dates.","caveat":"Planning cells are derived from source-backed event locations; they are not parcel boundaries unless source geometry is separately present.","generated_from":"web/data/city-atlas/cities/belfast/events_2025.json","lifecycle_status":"permitted","status":"source_record","cell_size_m":95,"intensity":0.289,"label":"4 Melrose Avenue change of use from residential dwelling (c1) to 4 bed house in multiple occupancy (sui generis) with removal of..."},"geometry":{"type":"Polygon","coordinates":[[[-5.8879803,54.5931684],[-5.8865072,54.5931684],[-5.8865072,54.5940275],[-5.8879803,54.5940275],[-5.8879803,54.5931684]]]}},{"type":"Feature","properties":{"id":"lens-detail-belfast-2025-planning_cell-112","layer":"planning_cell","category":"built_environment","year":2025,"visible_year":2025,"title":"1 source-backed planning and built record","confidence":"documented","confidence_mix":"documented:1","event_count":1,"source_count":1,"source_ids":"dfi-planning-statistics-2024-25-round582","event_ids":"bfs_arch_round582_42_cloona_park_dunmurry_2025_0016_f_approval_2025","event_ids_all":"bfs_arch_round582_42_cloona_park_dunmurry_2025_0016_f_approval_2025","source_urls":"https://www.infrastructure-ni.gov.uk/publications/northern-ireland-planning-statistics-april-2024-march-2025","geometry_precision_mix":"Application/site navigation point from official planning-statistics row; not a surveyed footprint, legal boundary, facade, room, campus, streetworks area or works extent.:1","representation":"planning and built evidence grid cell","timing_note":"Filtered by event effective year. OSM mapped-visibility dates and administrative dates can differ from real-world physical change dates.","caveat":"Planning cells are derived from source-backed event locations; they are not parcel boundaries unless source geometry is separately present.","generated_from":"web/data/city-atlas/cities/belfast/events_2025.json","lifecycle_status":"permitted","status":"source_record","cell_size_m":95,"intensity":0.289,"label":"42 Cloona Park, Dunmurry detached single storey domestic outbuilding in rear garden approval was recorded"},"geometry":{"type":"Polygon","coordinates":[[[-6.0190862,54.563098],[-6.0176131,54.563098],[-6.0176131,54.5639572],[-6.0190862,54.5639572],[-6.0190862,54.563098]]]}},{"type":"Feature","properties":{"id":"lens-detail-belfast-2025-planning_cell-113","layer":"planning_cell","category":"built_environment","year":2025,"visible_year":2025,"title":"1 source-backed planning and built record","confidence":"documented","confidence_mix":"documented:1","event_count":1,"source_count":1,"source_ids":"dfi-planning-statistics-2024-25-round582","event_ids":"bfs_arch_round582_43_lismoyne_park_2024_1902_f_approval_2025","event_ids_all":"bfs_arch_round582_43_lismoyne_park_2024_1902_f_approval_2025","source_urls":"https://www.infrastructure-ni.gov.uk/publications/northern-ireland-planning-statistics-april-2024-march-2025","geometry_precision_mix":"Application/site navigation point from official planning-statistics row; not a surveyed footprint, legal boundary, facade, room, campus, streetworks area or works extent.:1","representation":"planning and built evidence grid cell","timing_note":"Filtered by event effective year. OSM mapped-visibility dates and administrative dates can differ from real-world physical change dates.","caveat":"Planning cells are derived from source-backed event locations; they are not parcel boundaries unless source geometry is separately present.","generated_from":"web/data/city-atlas/cities/belfast/events_2025.json","lifecycle_status":"demolished","status":"source_record","cell_size_m":95,"intensity":0.289,"label":"43 Lismoyne Park demolition of existing garage and construction of a two storey side / rear extension. alterations to front garden to..."},"geometry":{"type":"Polygon","coordinates":[[[-5.9454312,54.6352669],[-5.9439581,54.6352669],[-5.9439581,54.636126],[-5.9454312,54.636126],[-5.9454312,54.6352669]]]}},{"type":"Feature","properties":{"id":"lens-detail-belfast-2025-planning_cell-115","layer":"planning_cell","category":"built_environment","year":2025,"visible_year":2025,"title":"1 source-backed planning and built record","confidence":"documented","confidence_mix":"documented:1","event_count":1,"source_count":1,"source_ids":"dfi-planning-statistics-2024-25-round582","event_ids":"bfs_arch_round582_5_glengoland_avenue_2025_0071_f_approval_2025","event_ids_all":"bfs_arch_round582_5_glengoland_avenue_2025_0071_f_approval_2025","source_urls":"https://www.infrastructure-ni.gov.uk/publications/northern-ireland-planning-statistics-april-2024-march-2025","geometry_precision_mix":"Application/site navigation point from official planning-statistics row; not a surveyed footprint, legal boundary, facade, room, campus, streetworks area or works extent.:1","representation":"planning and built evidence grid cell","timing_note":"Filtered by event effective year. OSM mapped-visibility dates and administrative dates can differ from real-world physical change dates.","caveat":"Planning cells are derived from source-backed event locations; they are not parcel boundaries unless source geometry is separately present.","generated_from":"web/data/city-atlas/cities/belfast/events_2025.json","lifecycle_status":"demolished","status":"source_record","cell_size_m":95,"intensity":0.289,"label":"5 Glengoland Avenue demolition of existing garage and new single storey rear and side extension approval was recorded"},"geometry":{"type":"Polygon","coordinates":[[[-6.0190862,54.5648163],[-6.0176131,54.5648163],[-6.0176131,54.5656755],[-6.0190862,54.5656755],[-6.0190862,54.5648163]]]}},{"type":"Feature","properties":{"id":"lens-detail-belfast-2025-planning_cell-116","layer":"planning_cell","category":"built_environment","year":2025,"visible_year":2025,"title":"1 source-backed planning and built record","confidence":"documented","confidence_mix":"documented:1","event_count":1,"source_count":1,"source_ids":"dfi-planning-statistics-2024-25-round582","event_ids":"bfs_arch_round582_553_donegall_road_2024_1864_f_approval_2025","event_ids_all":"bfs_arch_round582_553_donegall_road_2024_1864_f_approval_2025","source_urls":"https://www.infrastructure-ni.gov.uk/publications/northern-ireland-planning-statistics-april-2024-march-2025","geometry_precision_mix":"Application/site navigation point from official planning-statistics row; not a surveyed footprint, legal boundary, facade, room, campus, streetworks area or works extent.:1","representation":"planning and built evidence grid cell","timing_note":"Filtered by event effective year. OSM mapped-visibility dates and administrative dates can differ from real-world physical change dates.","caveat":"Planning cells are derived from source-backed event locations; they are not parcel boundaries unless source geometry is separately present.","generated_from":"web/data/city-atlas/cities/belfast/events_2025.json","lifecycle_status":"permitted","status":"source_record","cell_size_m":95,"intensity":0.289,"label":"553 Donegall Road rear single storey extension and rear dormer with addition of front elevation roof skylight approval was recorded"},"geometry":{"type":"Polygon","coordinates":[[[-5.9675277,54.5888726],[-5.9660546,54.5888726],[-5.9660546,54.5897318],[-5.9675277,54.5897318],[-5.9675277,54.5888726]]]}},{"type":"Feature","properties":{"id":"lens-detail-belfast-2025-planning_cell-117","layer":"planning_cell","category":"built_environment","year":2025,"visible_year":2025,"title":"1 source-backed planning and built record","confidence":"documented","confidence_mix":"documented:1","event_count":1,"source_count":1,"source_ids":"dfi-planning-statistics-2024-25-round582","event_ids":"bfs_arch_round582_56_palmerston_road_sydenham_2024_2159_f_approval_2025","event_ids_all":"bfs_arch_round582_56_palmerston_road_sydenham_2024_2159_f_approval_2025","source_urls":"https://www.infrastructure-ni.gov.uk/publications/northern-ireland-planning-statistics-april-2024-march-2025","geometry_precision_mix":"Application/site navigation point from official planning-statistics row; not a surveyed footprint, legal boundary, facade, room, campus, streetworks area or works extent.:1","representation":"planning and built evidence grid cell","timing_note":"Filtered by event effective year. OSM mapped-visibility dates and administrative dates can differ from real-world physical change dates.","caveat":"Planning cells are derived from source-backed event locations; they are not parcel boundaries unless source geometry is separately present.","generated_from":"web/data/city-atlas/cities/belfast/events_2025.json","lifecycle_status":"permitted","status":"source_record","cell_size_m":95,"intensity":0.289,"label":"56 Palmerston Road, Sydenham alterations and single storey rear extension approval was recorded"},"geometry":{"type":"Polygon","coordinates":[[[-5.8761955,54.6060557],[-5.8747224,54.6060557],[-5.8747224,54.6069148],[-5.8761955,54.6069148],[-5.8761955,54.6060557]]]}},{"type":"Feature","properties":{"id":"lens-detail-belfast-2025-planning_cell-118","layer":"planning_cell","category":"built_environment","year":2025,"visible_year":2025,"title":"1 source-backed planning and built record","confidence":"documented","confidence_mix":"documented:1","event_count":1,"source_count":1,"source_ids":"dfi-planning-statistics-2024-25-round582","event_ids":"bfs_arch_round582_65_rosepark_2024_1895_f_approval_2025","event_ids_all":"bfs_arch_round582_65_rosepark_2024_1895_f_approval_2025","source_urls":"https://www.infrastructure-ni.gov.uk/publications/northern-ireland-planning-statistics-april-2024-march-2025","geometry_precision_mix":"Application/site navigation point from official planning-statistics row; not a surveyed footprint, legal boundary, facade, room, campus, streetworks area or works extent.:1","representation":"planning and built evidence grid cell","timing_note":"Filtered by event effective year. OSM mapped-visibility dates and administrative dates can differ from real-world physical change dates.","caveat":"Planning cells are derived from source-backed event locations; they are not parcel boundaries unless source geometry is separately present.","generated_from":"web/data/city-atlas/cities/belfast/events_2025.json","lifecycle_status":"permitted","status":"source_record","cell_size_m":95,"intensity":0.289,"label":"65 Rosepark single storey rear extension with fenestration changes to rear and side elevations. widening of driveway entrance approval..."},"geometry":{"type":"Polygon","coordinates":[[[-5.8290563,54.5914501],[-5.8275832,54.5914501],[-5.8275832,54.5923092],[-5.8290563,54.5923092],[-5.8290563,54.5914501]]]}},{"type":"Feature","properties":{"id":"lens-detail-belfast-2025-planning_cell-119","layer":"planning_cell","category":"built_environment","year":2025,"visible_year":2025,"title":"1 source-backed planning and built record","confidence":"documented","confidence_mix":"documented:1","event_count":1,"source_count":1,"source_ids":"dfi-planning-statistics-2024-25-round582","event_ids":"bfs_arch_round582_65_shandon_park_2024_1966_f_approval_2025","event_ids_all":"bfs_arch_round582_65_shandon_park_2024_1966_f_approval_2025","source_urls":"https://www.infrastructure-ni.gov.uk/publications/northern-ireland-planning-statistics-april-2024-march-2025","geometry_precision_mix":"Application/site navigation point from official planning-statistics row; not a surveyed footprint, legal boundary, facade, room, campus, streetworks area or works extent.:1","representation":"planning and built evidence grid cell","timing_note":"Filtered by event effective year. OSM mapped-visibility dates and administrative dates can differ from real-world physical change dates.","caveat":"Planning cells are derived from source-backed event locations; they are not parcel boundaries unless source geometry is separately present.","generated_from":"web/data/city-atlas/cities/belfast/events_2025.json","lifecycle_status":"permitted","status":"source_record","cell_size_m":95,"intensity":0.289,"label":"65 Shandon Park (amended description) retrospective application for a rear single-storey extension approval was recorded"},"geometry":{"type":"Polygon","coordinates":[[[-5.8585183,54.5837177],[-5.8570452,54.5837177],[-5.8570452,54.5845768],[-5.8585183,54.5845768],[-5.8585183,54.5837177]]]}},{"type":"Feature","properties":{"id":"lens-detail-belfast-2025-planning_cell-12","layer":"planning_cell","category":"built_environment","year":2025,"visible_year":2025,"title":"1 source-backed planning and built record","confidence":"documented","confidence_mix":"documented:1","event_count":1,"source_count":1,"source_ids":"dfi-planning-statistics-2024-25-round487","event_ids":"bfs_arch_round487_lombard_street_internal_walls_smoke_shaft_dca_2025","event_ids_all":"bfs_arch_round487_lombard_street_internal_walls_smoke_shaft_dca_2025","source_urls":"https://www.infrastructure-ni.gov.uk/publications/northern-ireland-planning-statistics-april-2024-march-2025","geometry_precision_mix":"Application/site navigation point from official planning-statistics row; not a surveyed footprint, legal boundary, facade, room, campus, streetworks area or works extent.:1","representation":"planning and built evidence grid cell","timing_note":"Filtered by event effective year. OSM mapped-visibility dates and administrative dates can differ from real-world physical change dates.","caveat":"Planning cells are derived from source-backed event locations; they are not parcel boundaries unless source geometry is separately present.","generated_from":"web/data/city-atlas/cities/belfast/events_2025.json","lifecycle_status":"permitted","status":"source_record","cell_size_m":95,"intensity":0.289,"label":"1-3 Lombard Street internal-wall, smoke-shaft and external-opening consent was approved"},"geometry":{"type":"Polygon","coordinates":[[[-5.9292271,54.5991824],[-5.927754,54.5991824],[-5.927754,54.6000416],[-5.9292271,54.6000416],[-5.9292271,54.5991824]]]}},{"type":"Feature","properties":{"id":"lens-detail-belfast-2025-planning_cell-120","layer":"planning_cell","category":"built_environment","year":2025,"visible_year":2025,"title":"1 source-backed planning and built record","confidence":"documented","confidence_mix":"documented:1","event_count":1,"source_count":1,"source_ids":"dfi-planning-statistics-2024-25-round582","event_ids":"bfs_arch_round582_70_sunnyhill_park_dunmurry_2024_1912_f_approval_2025","event_ids_all":"bfs_arch_round582_70_sunnyhill_park_dunmurry_2024_1912_f_approval_2025","source_urls":"https://www.infrastructure-ni.gov.uk/publications/northern-ireland-planning-statistics-april-2024-march-2025","geometry_precision_mix":"Application/site navigation point from official planning-statistics row; not a surveyed footprint, legal boundary, facade, room, campus, streetworks area or works extent.:1","representation":"planning and built evidence grid cell","timing_note":"Filtered by event effective year. OSM mapped-visibility dates and administrative dates can differ from real-world physical change dates.","caveat":"Planning cells are derived from source-backed event locations; they are not parcel boundaries unless source geometry is separately present.","generated_from":"web/data/city-atlas/cities/belfast/events_2025.json","lifecycle_status":"permitted","status":"source_record","cell_size_m":95,"intensity":0.289,"label":"70 Sunnyhill Park, Dunmurry single storey extension to the rear of property, car hard-standing and level access to rear. new access to..."},"geometry":{"type":"Polygon","coordinates":[[[-6.0102476,54.5510699],[-6.0087745,54.5510699],[-6.0087745,54.551929],[-6.0102476,54.551929],[-6.0102476,54.5510699]]]}},{"type":"Feature","properties":{"id":"lens-detail-belfast-2025-planning_cell-121","layer":"planning_cell","category":"built_environment","year":2025,"visible_year":2025,"title":"1 source-backed planning and built record","confidence":"documented","confidence_mix":"documented:1","event_count":1,"source_count":1,"source_ids":"dfi-planning-statistics-2024-25-round582","event_ids":"bfs_arch_round582_79_ravenhill_park_2024_1632_f_approval_2025","event_ids_all":"bfs_arch_round582_79_ravenhill_park_2024_1632_f_approval_2025","source_urls":"https://www.infrastructure-ni.gov.uk/publications/northern-ireland-planning-statistics-april-2024-march-2025","geometry_precision_mix":"Application/site navigation point from official planning-statistics row; not a surveyed footprint, legal boundary, facade, room, campus, streetworks area or works extent.:1","representation":"planning and built evidence grid cell","timing_note":"Filtered by event effective year. OSM mapped-visibility dates and administrative dates can differ from real-world physical change dates.","caveat":"Planning cells are derived from source-backed event locations; they are not parcel boundaries unless source geometry is separately present.","generated_from":"web/data/city-atlas/cities/belfast/events_2025.json","lifecycle_status":"demolished","status":"source_record","cell_size_m":95,"intensity":0.289,"label":"79 Ravenhill Park demolition of existing rear return, first floor dormer, and garage to facilitate 2 storey and single storey rear..."},"geometry":{"type":"Polygon","coordinates":[[[-5.9056575,54.5768445],[-5.9041844,54.5768445],[-5.9041844,54.5777036],[-5.9056575,54.5777036],[-5.9056575,54.5768445]]]}},{"type":"Feature","properties":{"id":"lens-detail-belfast-2025-planning_cell-122","layer":"planning_cell","category":"built_environment","year":2025,"visible_year":2025,"title":"1 source-backed planning and built record","confidence":"documented","confidence_mix":"documented:1","event_count":1,"source_count":1,"source_ids":"dfi-planning-statistics-2024-25-round582","event_ids":"bfs_arch_round582_8_marylebone_park_2024_1875_f_approval_2025","event_ids_all":"bfs_arch_round582_8_marylebone_park_2024_1875_f_approval_2025","source_urls":"https://www.infrastructure-ni.gov.uk/publications/northern-ireland-planning-statistics-april-2024-march-2025","geometry_precision_mix":"Application/site navigation point from official planning-statistics row; not a surveyed footprint, legal boundary, facade, room, campus, streetworks area or works extent.:1","representation":"planning and built evidence grid cell","timing_note":"Filtered by event effective year. OSM mapped-visibility dates and administrative dates can differ from real-world physical change dates.","caveat":"Planning cells are derived from source-backed event locations; they are not parcel boundaries unless source geometry is separately present.","generated_from":"web/data/city-atlas/cities/belfast/events_2025.json","lifecycle_status":"permitted","status":"source_record","cell_size_m":95,"intensity":0.289,"label":"8 Marylebone Park single storey rear and side extension. existing refurbishment and associated landscaping approval was recorded"},"geometry":{"type":"Polygon","coordinates":[[[-5.9321733,54.5673938],[-5.9307002,54.5673938],[-5.9307002,54.5682529],[-5.9321733,54.5682529],[-5.9321733,54.5673938]]]}},{"type":"Feature","properties":{"id":"lens-detail-belfast-2025-planning_cell-123","layer":"planning_cell","category":"built_environment","year":2025,"visible_year":2025,"title":"1 source-backed planning and built record","confidence":"documented","confidence_mix":"documented:1","event_count":1,"source_count":1,"source_ids":"dfi-planning-statistics-2024-25-round582","event_ids":"bfs_arch_round582_8_mount_eden_park_2024_1950_f_approval_2025","event_ids_all":"bfs_arch_round582_8_mount_eden_park_2024_1950_f_approval_2025","source_urls":"https://www.infrastructure-ni.gov.uk/publications/northern-ireland-planning-statistics-april-2024-march-2025","geometry_precision_mix":"Application/site navigation point from official planning-statistics row; not a surveyed footprint, legal boundary, facade, room, campus, streetworks area or works extent.:1","representation":"planning and built evidence grid cell","timing_note":"Filtered by event effective year. OSM mapped-visibility dates and administrative dates can differ from real-world physical change dates.","caveat":"Planning cells are derived from source-backed event locations; they are not parcel boundaries unless source geometry is separately present.","generated_from":"web/data/city-atlas/cities/belfast/events_2025.json","lifecycle_status":"permitted","status":"source_record","cell_size_m":95,"intensity":0.289,"label":"8 Mount Eden Park 2-storey rear extension with single storey side extension approval was recorded"},"geometry":{"type":"Polygon","coordinates":[[[-5.9557429,54.5605206],[-5.9542698,54.5605206],[-5.9542698,54.5613797],[-5.9557429,54.5613797],[-5.9557429,54.5605206]]]}},{"type":"Feature","properties":{"id":"lens-detail-belfast-2025-planning_cell-124","layer":"planning_cell","category":"built_environment","year":2025,"visible_year":2025,"title":"1 source-backed planning and built record","confidence":"documented","confidence_mix":"documented:1","event_count":1,"source_count":1,"source_ids":"dfi-planning-statistics-2024-25-round582","event_ids":"bfs_arch_round582_85_garnock_hill_2024_1778_f_approval_2025","event_ids_all":"bfs_arch_round582_85_garnock_hill_2024_1778_f_approval_2025","source_urls":"https://www.infrastructure-ni.gov.uk/publications/northern-ireland-planning-statistics-april-2024-march-2025","geometry_precision_mix":"Application/site navigation point from official planning-statistics row; not a surveyed footprint, legal boundary, facade, room, campus, streetworks area or works extent.:1","representation":"planning and built evidence grid cell","timing_note":"Filtered by event effective year. OSM mapped-visibility dates and administrative dates can differ from real-world physical change dates.","caveat":"Planning cells are derived from source-backed event locations; they are not parcel boundaries unless source geometry is separately present.","generated_from":"web/data/city-atlas/cities/belfast/events_2025.json","lifecycle_status":"permitted","status":"source_record","cell_size_m":95,"intensity":0.289,"label":"85 Garnock Hill proposed single storey extension to rear of dwelling approval was recorded"},"geometry":{"type":"Polygon","coordinates":[[[-6.0028821,54.5622389],[-6.001409,54.5622389],[-6.001409,54.563098],[-6.0028821,54.563098],[-6.0028821,54.5622389]]]}},{"type":"Feature","properties":{"id":"lens-detail-belfast-2025-planning_cell-125","layer":"planning_cell","category":"built_environment","year":2025,"visible_year":2025,"title":"1 source-backed planning and built record","confidence":"documented","confidence_mix":"documented:1","event_count":1,"source_count":1,"source_ids":"dfi-planning-statistics-2024-25-round582","event_ids":"bfs_arch_round582_87_donegall_park_avenue_2024_1860_f_approval_2025","event_ids_all":"bfs_arch_round582_87_donegall_park_avenue_2024_1860_f_approval_2025","source_urls":"https://www.infrastructure-ni.gov.uk/publications/northern-ireland-planning-statistics-april-2024-march-2025","geometry_precision_mix":"Application/site navigation point from official planning-statistics row; not a surveyed footprint, legal boundary, facade, room, campus, streetworks area or works extent.:1","representation":"planning and built evidence grid cell","timing_note":"Filtered by event effective year. OSM mapped-visibility dates and administrative dates can differ from real-world physical change dates.","caveat":"Planning cells are derived from source-backed event locations; they are not parcel boundaries unless source geometry is separately present.","generated_from":"web/data/city-atlas/cities/belfast/events_2025.json","lifecycle_status":"permitted","status":"source_record","cell_size_m":95,"intensity":0.289,"label":"87 Donegall Park Avenue proposed single storey extension and first floor extension to rear of property with fenestration changes to rear..."},"geometry":{"type":"Polygon","coordinates":[[[-5.9248078,54.6369852],[-5.9233347,54.6369852],[-5.9233347,54.6378443],[-5.9248078,54.6378443],[-5.9248078,54.6369852]]]}},{"type":"Feature","properties":{"id":"lens-detail-belfast-2025-planning_cell-126","layer":"planning_cell","category":"built_environment","year":2025,"visible_year":2025,"title":"1 source-backed planning and built record","confidence":"documented","confidence_mix":"documented:1","event_count":1,"source_count":1,"source_ids":"dfi-planning-statistics-2024-25-round582","event_ids":"bfs_arch_round582_9_brians_well_grove_dunmurry_2025_0010_f_approval_2025","event_ids_all":"bfs_arch_round582_9_brians_well_grove_dunmurry_2025_0010_f_approval_2025","source_urls":"https://www.infrastructure-ni.gov.uk/publications/northern-ireland-planning-statistics-april-2024-march-2025","geometry_precision_mix":"Application/site navigation point from official planning-statistics row; not a surveyed footprint, legal boundary, facade, room, campus, streetworks area or works extent.:1","representation":"planning and built evidence grid cell","timing_note":"Filtered by event effective year. OSM mapped-visibility dates and administrative dates can differ from real-world physical change dates.","caveat":"Planning cells are derived from source-backed event locations; they are not parcel boundaries unless source geometry is separately present.","generated_from":"web/data/city-atlas/cities/belfast/events_2025.json","lifecycle_status":"permitted","status":"source_record","cell_size_m":95,"intensity":0.289,"label":"9 Brians Well Grove, Dunmurry rear dormer approval was recorded"},"geometry":{"type":"Polygon","coordinates":[[[-6.0352903,54.563098],[-6.0338172,54.563098],[-6.0338172,54.5639572],[-6.0352903,54.5639572],[-6.0352903,54.563098]]]}},{"type":"Feature","properties":{"id":"lens-detail-belfast-2025-planning_cell-127","layer":"planning_cell","category":"built_environment","year":2025,"visible_year":2025,"title":"1 source-backed planning and built record","confidence":"documented","confidence_mix":"documented:1","event_count":1,"source_count":1,"source_ids":"dfi-planning-statistics-2024-25-round582","event_ids":"bfs_arch_round582_9_casaeldona_crescent_2024_1839_f_approval_2025","event_ids_all":"bfs_arch_round582_9_casaeldona_crescent_2024_1839_f_approval_2025","source_urls":"https://www.infrastructure-ni.gov.uk/publications/northern-ireland-planning-statistics-april-2024-march-2025","geometry_precision_mix":"Application/site navigation point from official planning-statistics row; not a surveyed footprint, legal boundary, facade, room, campus, streetworks area or works extent.:1","representation":"planning and built evidence grid cell","timing_note":"Filtered by event effective year. OSM mapped-visibility dates and administrative dates can differ from real-world physical change dates.","caveat":"Planning cells are derived from source-backed event locations; they are not parcel boundaries unless source geometry is separately present.","generated_from":"web/data/city-atlas/cities/belfast/events_2025.json","lifecycle_status":"construction","status":"source_record","cell_size_m":95,"intensity":0.289,"label":"9 Casaeldona Crescent conversion of integral garage into playroom and construction of new single storey lean-to garage on gable approval..."},"geometry":{"type":"Polygon","coordinates":[[[-5.8747224,54.574267],[-5.8732493,54.574267],[-5.8732493,54.5751262],[-5.8747224,54.5751262],[-5.8747224,54.574267]]]}},{"type":"Feature","properties":{"id":"lens-detail-belfast-2025-planning_cell-128","layer":"planning_cell","category":"built_environment","year":2025,"visible_year":2025,"title":"1 source-backed planning and built record","confidence":"documented","confidence_mix":"documented:1","event_count":1,"source_count":1,"source_ids":"dfi-planning-statistics-2024-25-round582","event_ids":"bfs_arch_round582_97_ardenlee_avenue_2025_0024_f_approval_2025","event_ids_all":"bfs_arch_round582_97_ardenlee_avenue_2025_0024_f_approval_2025","source_urls":"https://www.infrastructure-ni.gov.uk/publications/northern-ireland-planning-statistics-april-2024-march-2025","geometry_precision_mix":"Application/site navigation point from official planning-statistics row; not a surveyed footprint, legal boundary, facade, room, campus, streetworks area or works extent.:1","representation":"planning and built evidence grid cell","timing_note":"Filtered by event effective year. OSM mapped-visibility dates and administrative dates can differ from real-world physical change dates.","caveat":"Planning cells are derived from source-backed event locations; they are not parcel boundaries unless source geometry is separately present.","generated_from":"web/data/city-atlas/cities/belfast/events_2025.json","lifecycle_status":"demolished","status":"source_record","cell_size_m":95,"intensity":0.289,"label":"97 Ardenlee Avenue demolition of existing single storey utility/ wc extension to the rear. addition of single storey and two storey..."},"geometry":{"type":"Polygon","coordinates":[[[-5.9041844,54.5811402],[-5.9027113,54.5811402],[-5.9027113,54.5819994],[-5.9041844,54.5819994],[-5.9041844,54.5811402]]]}},{"type":"Feature","properties":{"id":"lens-detail-belfast-2025-planning_cell-129","layer":"planning_cell","category":"built_environment","year":2025,"visible_year":2025,"title":"1 source-backed planning and built record","confidence":"documented","confidence_mix":"documented:1","event_count":1,"source_count":1,"source_ids":"dfi-planning-statistics-2024-25-round582","event_ids":"bfs_arch_round582_site_adjacent_to_14_edenvale_crescent_2023_4128_o_approval_2025","event_ids_all":"bfs_arch_round582_site_adjacent_to_14_edenvale_crescent_2023_4128_o_approval_2025","source_urls":"https://www.infrastructure-ni.gov.uk/publications/northern-ireland-planning-statistics-april-2024-march-2025","geometry_precision_mix":"Application/site navigation point from official planning-statistics row; not a surveyed footprint, legal boundary, facade, room, campus, streetworks area or works extent.:1","representation":"planning and built evidence grid cell","timing_note":"Filtered by event effective year. OSM mapped-visibility dates and administrative dates can differ from real-world physical change dates.","caveat":"Planning cells are derived from source-backed event locations; they are not parcel boundaries unless source geometry is separately present.","generated_from":"web/data/city-atlas/cities/belfast/events_2025.json","lifecycle_status":"permitted","status":"source_record","cell_size_m":95,"intensity":0.289,"label":"Site adjacent to 14 Edenvale Crescent new end terrace house approval was recorded"},"geometry":{"type":"Polygon","coordinates":[[[-5.8747224,54.6009008],[-5.8732493,54.6009008],[-5.8732493,54.6017599],[-5.8747224,54.6017599],[-5.8747224,54.6009008]]]}},{"type":"Feature","properties":{"id":"lens-detail-belfast-2025-planning_cell-13","layer":"planning_cell","category":"built_environment","year":2025,"visible_year":2025,"title":"1 source-backed planning and built record","confidence":"documented","confidence_mix":"documented:1","event_count":1,"source_count":1,"source_ids":"dfi-planning-statistics-2024-25-round487","event_ids":"bfs_arch_round487_mcclintock_street_student_breakout_foyer_approval_2025","event_ids_all":"bfs_arch_round487_mcclintock_street_student_breakout_foyer_approval_2025","source_urls":"https://www.infrastructure-ni.gov.uk/publications/northern-ireland-planning-statistics-april-2024-march-2025","geometry_precision_mix":"Application/site navigation point from official planning-statistics row; not a surveyed footprint, legal boundary, facade, room, campus, streetworks area or works extent.:1","representation":"planning and built evidence grid cell","timing_note":"Filtered by event effective year. OSM mapped-visibility dates and administrative dates can differ from real-world physical change dates.","caveat":"Planning cells are derived from source-backed event locations; they are not parcel boundaries unless source geometry is separately present.","generated_from":"web/data/city-atlas/cities/belfast/events_2025.json","lifecycle_status":"permitted","status":"source_record","cell_size_m":95,"intensity":0.289,"label":"1-3 McClintock Street student accommodation foyer change of use was approved"},"geometry":{"type":"Polygon","coordinates":[[[-5.9336464,54.5940275],[-5.9321733,54.5940275],[-5.9321733,54.5948867],[-5.9336464,54.5948867],[-5.9336464,54.5940275]]]}},{"type":"Feature","properties":{"id":"lens-detail-belfast-2025-planning_cell-130","layer":"planning_cell","category":"built_environment","year":2025,"visible_year":2025,"title":"1 source-backed planning and built record","confidence":"documented","confidence_mix":"documented:1","event_count":1,"source_count":1,"source_ids":"dfi-planning-statistics-2024-25-round587","event_ids":"bfs_arch_round587_11_sunnyside_drive_2024_1679_f_approval_2025","event_ids_all":"bfs_arch_round587_11_sunnyside_drive_2024_1679_f_approval_2025","source_urls":"https://www.infrastructure-ni.gov.uk/publications/northern-ireland-planning-statistics-april-2024-march-2025","geometry_precision_mix":"Application/site navigation point from official planning-statistics row; not a surveyed footprint, legal boundary, facade, room, campus, streetworks area or works extent.:1","representation":"planning and built evidence grid cell","timing_note":"Filtered by event effective year. OSM mapped-visibility dates and administrative dates can differ from real-world physical change dates.","caveat":"Planning cells are derived from source-backed event locations; they are not parcel boundaries unless source geometry is separately present.","generated_from":"web/data/city-atlas/cities/belfast/events_2025.json","lifecycle_status":"permitted","status":"source_record","cell_size_m":95,"intensity":0.289,"label":"11 Sunnyside Drive proposed 2 storey rear extension with internal alterations approval was recorded"},"geometry":{"type":"Polygon","coordinates":[[[-5.9233347,54.5768445],[-5.9218616,54.5768445],[-5.9218616,54.5777036],[-5.9233347,54.5777036],[-5.9233347,54.5768445]]]}},{"type":"Feature","properties":{"id":"lens-detail-belfast-2025-planning_cell-132","layer":"planning_cell","category":"built_environment","year":2025,"visible_year":2025,"title":"1 source-backed planning and built record","confidence":"documented","confidence_mix":"documented:1","event_count":1,"source_count":1,"source_ids":"dfi-planning-statistics-2024-25-round587","event_ids":"bfs_arch_round587_12_loughview_heights_old_park_2024_2007_f_approval_2025","event_ids_all":"bfs_arch_round587_12_loughview_heights_old_park_2024_2007_f_approval_2025","source_urls":"https://www.infrastructure-ni.gov.uk/publications/northern-ireland-planning-statistics-april-2024-march-2025","geometry_precision_mix":"Application/site navigation point from official planning-statistics row; not a surveyed footprint, legal boundary, facade, room, campus, streetworks area or works extent.:1","representation":"planning and built evidence grid cell","timing_note":"Filtered by event effective year. OSM mapped-visibility dates and administrative dates can differ from real-world physical change dates.","caveat":"Planning cells are derived from source-backed event locations; they are not parcel boundaries unless source geometry is separately present.","generated_from":"web/data/city-atlas/cities/belfast/events_2025.json","lifecycle_status":"permitted","status":"source_record","cell_size_m":95,"intensity":0.289,"label":"12 Loughview Heights, Old Park creation of a siingle storey sun room to the rear elevation of property. creation of raised rear patio..."},"geometry":{"type":"Polygon","coordinates":[[[-5.9704739,54.6326894],[-5.9690008,54.6326894],[-5.9690008,54.6335486],[-5.9704739,54.6335486],[-5.9704739,54.6326894]]]}},{"type":"Feature","properties":{"id":"lens-detail-belfast-2025-planning_cell-133","layer":"planning_cell","category":"built_environment","year":2025,"visible_year":2025,"title":"1 source-backed planning and built record","confidence":"documented","confidence_mix":"documented:1","event_count":1,"source_count":1,"source_ids":"dfi-planning-statistics-2024-25-round587","event_ids":"bfs_arch_round587_16_dermott_hill_drive_2024_1198_f_approval_2025","event_ids_all":"bfs_arch_round587_16_dermott_hill_drive_2024_1198_f_approval_2025","source_urls":"https://www.infrastructure-ni.gov.uk/publications/northern-ireland-planning-statistics-april-2024-march-2025","geometry_precision_mix":"Application/site navigation point from official planning-statistics row; not a surveyed footprint, legal boundary, facade, room, campus, streetworks area or works extent.:1","representation":"planning and built evidence grid cell","timing_note":"Filtered by event effective year. OSM mapped-visibility dates and administrative dates can differ from real-world physical change dates.","caveat":"Planning cells are derived from source-backed event locations; they are not parcel boundaries unless source geometry is separately present.","generated_from":"web/data/city-atlas/cities/belfast/events_2025.json","lifecycle_status":"permitted","status":"source_record","cell_size_m":95,"intensity":0.289,"label":"16 Dermott Hill Drive ground floor rear extension to accommodate bedroom & shower room with level access ramp at side gable approval was..."},"geometry":{"type":"Polygon","coordinates":[[[-5.9925704,54.5948867],[-5.9910973,54.5948867],[-5.9910973,54.5957458],[-5.9925704,54.5957458],[-5.9925704,54.5948867]]]}},{"type":"Feature","properties":{"id":"lens-detail-belfast-2025-planning_cell-134","layer":"planning_cell","category":"built_environment","year":2025,"visible_year":2025,"title":"1 source-backed planning and built record","confidence":"documented","confidence_mix":"documented:1","event_count":1,"source_count":1,"source_ids":"dfi-planning-statistics-2024-25-round587","event_ids":"bfs_arch_round587_16_northbrook_gardens_2023_3909_f_approval_2025","event_ids_all":"bfs_arch_round587_16_northbrook_gardens_2023_3909_f_approval_2025","source_urls":"https://www.infrastructure-ni.gov.uk/publications/northern-ireland-planning-statistics-april-2024-march-2025","geometry_precision_mix":"Application/site navigation point from official planning-statistics row; not a surveyed footprint, legal boundary, facade, room, campus, streetworks area or works extent.:1","representation":"planning and built evidence grid cell","timing_note":"Filtered by event effective year. OSM mapped-visibility dates and administrative dates can differ from real-world physical change dates.","caveat":"Planning cells are derived from source-backed event locations; they are not parcel boundaries unless source geometry is separately present.","generated_from":"web/data/city-atlas/cities/belfast/events_2025.json","lifecycle_status":"permitted","status":"source_record","cell_size_m":95,"intensity":0.289,"label":"16 Northbrook Gardens proposed renovation and refurbishment of existing dwelling to include 2 story extension to side and rear approval..."},"geometry":{"type":"Polygon","coordinates":[[[-5.9527967,54.5819994],[-5.9513236,54.5819994],[-5.9513236,54.5828585],[-5.9527967,54.5828585],[-5.9527967,54.5819994]]]}},{"type":"Feature","properties":{"id":"lens-detail-belfast-2025-planning_cell-135","layer":"planning_cell","category":"built_environment","year":2025,"visible_year":2025,"title":"1 source-backed planning and built record","confidence":"documented","confidence_mix":"documented:1","event_count":1,"source_count":1,"source_ids":"dfi-planning-statistics-2024-25-round587","event_ids":"bfs_arch_round587_16_pim_street_2024_1995_f_approval_2025","event_ids_all":"bfs_arch_round587_16_pim_street_2024_1995_f_approval_2025","source_urls":"https://www.infrastructure-ni.gov.uk/publications/northern-ireland-planning-statistics-april-2024-march-2025","geometry_precision_mix":"Application/site navigation point from official planning-statistics row; not a surveyed footprint, legal boundary, facade, room, campus, streetworks area or works extent.:1","representation":"planning and built evidence grid cell","timing_note":"Filtered by event effective year. OSM mapped-visibility dates and administrative dates can differ from real-world physical change dates.","caveat":"Planning cells are derived from source-backed event locations; they are not parcel boundaries unless source geometry is separately present.","generated_from":"web/data/city-atlas/cities/belfast/events_2025.json","lifecycle_status":"permitted","status":"source_record","cell_size_m":95,"intensity":0.289,"label":"16 Pim Street proposed loft conversion dormers to front and rear, ground floor rear extension, and associated works approval was recorded"},"geometry":{"type":"Polygon","coordinates":[[[-5.9365926,54.6086331],[-5.9351195,54.6086331],[-5.9351195,54.6094923],[-5.9365926,54.6094923],[-5.9365926,54.6086331]]]}},{"type":"Feature","properties":{"id":"lens-detail-belfast-2025-planning_cell-136","layer":"planning_cell","category":"built_environment","year":2025,"visible_year":2025,"title":"1 source-backed planning and built record","confidence":"documented","confidence_mix":"documented:1","event_count":1,"source_count":1,"source_ids":"dfi-planning-statistics-2024-25-round587","event_ids":"bfs_arch_round587_163_sandown_road_2024_1683_f_approval_2025","event_ids_all":"bfs_arch_round587_163_sandown_road_2024_1683_f_approval_2025","source_urls":"https://www.infrastructure-ni.gov.uk/publications/northern-ireland-planning-statistics-april-2024-march-2025","geometry_precision_mix":"Application/site navigation point from official planning-statistics row; not a surveyed footprint, legal boundary, facade, room, campus, streetworks area or works extent.:1","representation":"planning and built evidence grid cell","timing_note":"Filtered by event effective year. OSM mapped-visibility dates and administrative dates can differ from real-world physical change dates.","caveat":"Planning cells are derived from source-backed event locations; they are not parcel boundaries unless source geometry is separately present.","generated_from":"web/data/city-atlas/cities/belfast/events_2025.json","lifecycle_status":"permitted","status":"source_record","cell_size_m":95,"intensity":0.289,"label":"163 Sandown Road single storey flat roofed rear extension, roof replacement on existing 2 storey extension with fenestration changes..."},"geometry":{"type":"Polygon","coordinates":[[[-5.8629376,54.5871543],[-5.8614645,54.5871543],[-5.8614645,54.5880135],[-5.8629376,54.5880135],[-5.8629376,54.5871543]]]}},{"type":"Feature","properties":{"id":"lens-detail-belfast-2025-planning_cell-137","layer":"planning_cell","category":"built_environment","year":2025,"visible_year":2025,"title":"1 source-backed planning and built record","confidence":"documented","confidence_mix":"documented:1","event_count":1,"source_count":1,"source_ids":"dfi-planning-statistics-2024-25-round587","event_ids":"bfs_arch_round587_19_ballymurphy_drive_2024_1881_f_approval_2025","event_ids_all":"bfs_arch_round587_19_ballymurphy_drive_2024_1881_f_approval_2025","source_urls":"https://www.infrastructure-ni.gov.uk/publications/northern-ireland-planning-statistics-april-2024-march-2025","geometry_precision_mix":"Application/site navigation point from official planning-statistics row; not a surveyed footprint, legal boundary, facade, room, campus, streetworks area or works extent.:1","representation":"planning and built evidence grid cell","timing_note":"Filtered by event effective year. OSM mapped-visibility dates and administrative dates can differ from real-world physical change dates.","caveat":"Planning cells are derived from source-backed event locations; they are not parcel boundaries unless source geometry is separately present.","generated_from":"web/data/city-atlas/cities/belfast/events_2025.json","lifecycle_status":"permitted","status":"source_record","cell_size_m":95,"intensity":0.289,"label":"19 Ballymurphy Drive single storey extension to rear of dwelling approval was recorded"},"geometry":{"type":"Polygon","coordinates":[[[-5.9822587,54.5948867],[-5.9807856,54.5948867],[-5.9807856,54.5957458],[-5.9822587,54.5957458],[-5.9822587,54.5948867]]]}},{"type":"Feature","properties":{"id":"lens-detail-belfast-2025-planning_cell-138","layer":"planning_cell","category":"built_environment","year":2025,"visible_year":2025,"title":"1 source-backed planning and built record","confidence":"documented","confidence_mix":"documented:1","event_count":1,"source_count":1,"source_ids":"dfi-planning-statistics-2024-25-round587","event_ids":"bfs_arch_round587_191_ballyhill_road_2024_1925_f_approval_2025","event_ids_all":"bfs_arch_round587_191_ballyhill_road_2024_1925_f_approval_2025","source_urls":"https://www.infrastructure-ni.gov.uk/publications/northern-ireland-planning-statistics-april-2024-march-2025","geometry_precision_mix":"Application/site navigation point from official planning-statistics row; not a surveyed footprint, legal boundary, facade, room, campus, streetworks area or works extent.:1","representation":"planning and built evidence grid cell","timing_note":"Filtered by event effective year. OSM mapped-visibility dates and administrative dates can differ from real-world physical change dates.","caveat":"Planning cells are derived from source-backed event locations; they are not parcel boundaries unless source geometry is separately present.","generated_from":"web/data/city-atlas/cities/belfast/events_2025.json","lifecycle_status":"permitted","status":"source_record","cell_size_m":95,"intensity":0.289,"label":"191 Ballyhill Road creation of garage, raised patio area and veranda. rear and side extension replacing existing carport approval was..."},"geometry":{"type":"Polygon","coordinates":[[[-6.0028821,54.6335486],[-6.001409,54.6335486],[-6.001409,54.6344077],[-6.0028821,54.6344077],[-6.0028821,54.6335486]]]}},{"type":"Feature","properties":{"id":"lens-detail-belfast-2025-planning_cell-139","layer":"planning_cell","category":"built_environment","year":2025,"visible_year":2025,"title":"1 source-backed planning and built record","confidence":"documented","confidence_mix":"documented:1","event_count":1,"source_count":1,"source_ids":"dfi-planning-statistics-2024-25-round587","event_ids":"bfs_arch_round587_22_cabin_hill_gardens_2024_1887_f_approval_2025","event_ids_all":"bfs_arch_round587_22_cabin_hill_gardens_2024_1887_f_approval_2025","source_urls":"https://www.infrastructure-ni.gov.uk/publications/northern-ireland-planning-statistics-april-2024-march-2025","geometry_precision_mix":"Application/site navigation point from official planning-statistics row; not a surveyed footprint, legal boundary, facade, room, campus, streetworks area or works extent.:1","representation":"planning and built evidence grid cell","timing_note":"Filtered by event effective year. OSM mapped-visibility dates and administrative dates can differ from real-world physical change dates.","caveat":"Planning cells are derived from source-backed event locations; they are not parcel boundaries unless source geometry is separately present.","generated_from":"web/data/city-atlas/cities/belfast/events_2025.json","lifecycle_status":"permitted","status":"source_record","cell_size_m":95,"intensity":0.289,"label":"22 Cabin Hill Gardens addition of a single-storey rear extension with side and rear fenestration changes approval was recorded"},"geometry":{"type":"Polygon","coordinates":[[[-5.8496797,54.5923092],[-5.8482066,54.5923092],[-5.8482066,54.5931684],[-5.8496797,54.5931684],[-5.8496797,54.5923092]]]}},{"type":"Feature","properties":{"id":"lens-detail-belfast-2025-planning_cell-14","layer":"planning_cell","category":"built_environment","year":2025,"visible_year":2025,"title":"1 source-backed planning and built record","confidence":"documented","confidence_mix":"documented:1","event_count":1,"source_count":1,"source_ids":"dfi-planning-statistics-2024-25-round487","event_ids":"bfs_arch_round487_ni_regional_war_rooms_roof_plant_lbc_2025","event_ids_all":"bfs_arch_round487_ni_regional_war_rooms_roof_plant_lbc_2025","source_urls":"https://www.infrastructure-ni.gov.uk/publications/northern-ireland-planning-statistics-april-2024-march-2025","geometry_precision_mix":"Application/site navigation point from official planning-statistics row; not a surveyed footprint, legal boundary, facade, room, campus, streetworks area or works extent.:1","representation":"planning and built evidence grid cell","timing_note":"Filtered by event effective year. OSM mapped-visibility dates and administrative dates can differ from real-world physical change dates.","caveat":"Planning cells are derived from source-backed event locations; they are not parcel boundaries unless source geometry is separately present.","generated_from":"web/data/city-atlas/cities/belfast/events_2025.json","lifecycle_status":"permitted","status":"source_record","cell_size_m":95,"intensity":0.289,"label":"NI Regional War Rooms roof plant and louvre works were approved"},"geometry":{"type":"Polygon","coordinates":[[[-5.9586891,54.5622389],[-5.957216,54.5622389],[-5.957216,54.563098],[-5.9586891,54.563098],[-5.9586891,54.5622389]]]}},{"type":"Feature","properties":{"id":"lens-detail-belfast-2025-planning_cell-140","layer":"planning_cell","category":"built_environment","year":2025,"visible_year":2025,"title":"1 source-backed planning and built record","confidence":"documented","confidence_mix":"documented:1","event_count":1,"source_count":1,"source_ids":"dfi-planning-statistics-2024-25-round587","event_ids":"bfs_arch_round587_24_forest_park_2024_2105_f_approval_2025","event_ids_all":"bfs_arch_round587_24_forest_park_2024_2105_f_approval_2025","source_urls":"https://www.infrastructure-ni.gov.uk/publications/northern-ireland-planning-statistics-april-2024-march-2025","geometry_precision_mix":"Application/site navigation point from official planning-statistics row; not a surveyed footprint, legal boundary, facade, room, campus, streetworks area or works extent.:1","representation":"planning and built evidence grid cell","timing_note":"Filtered by event effective year. OSM mapped-visibility dates and administrative dates can differ from real-world physical change dates.","caveat":"Planning cells are derived from source-backed event locations; they are not parcel boundaries unless source geometry is separately present.","generated_from":"web/data/city-atlas/cities/belfast/events_2025.json","lifecycle_status":"permitted","status":"source_record","cell_size_m":95,"intensity":0.289,"label":"24 Forest Park remove existing aluminium framed conservatory and erect single storey rear extension approval was recorded"},"geometry":{"type":"Polygon","coordinates":[[[-6.01614,54.5562248],[-6.0146669,54.5562248],[-6.0146669,54.5570839],[-6.01614,54.5570839],[-6.01614,54.5562248]]]}},{"type":"Feature","properties":{"id":"lens-detail-belfast-2025-planning_cell-141","layer":"planning_cell","category":"built_environment","year":2025,"visible_year":2025,"title":"1 source-backed planning and built record","confidence":"documented","confidence_mix":"documented:1","event_count":1,"source_count":1,"source_ids":"dfi-planning-statistics-2024-25-round587","event_ids":"bfs_arch_round587_28_bristol_avenue_2024_1395_f_approval_2025","event_ids_all":"bfs_arch_round587_28_bristol_avenue_2024_1395_f_approval_2025","source_urls":"https://www.infrastructure-ni.gov.uk/publications/northern-ireland-planning-statistics-april-2024-march-2025","geometry_precision_mix":"Application/site navigation point from official planning-statistics row; not a surveyed footprint, legal boundary, facade, room, campus, streetworks area or works extent.:1","representation":"planning and built evidence grid cell","timing_note":"Filtered by event effective year. OSM mapped-visibility dates and administrative dates can differ from real-world physical change dates.","caveat":"Planning cells are derived from source-backed event locations; they are not parcel boundaries unless source geometry is separately present.","generated_from":"web/data/city-atlas/cities/belfast/events_2025.json","lifecycle_status":"demolished","status":"source_record","cell_size_m":95,"intensity":0.289,"label":"28 Bristol Avenue demolition of existing garage and partial demolition to ground floor walls of existing rear return to accommodate a..."},"geometry":{"type":"Polygon","coordinates":[[[-5.9307002,54.6344077],[-5.9292271,54.6344077],[-5.9292271,54.6352669],[-5.9307002,54.6352669],[-5.9307002,54.6344077]]]}},{"type":"Feature","properties":{"id":"lens-detail-belfast-2025-planning_cell-142","layer":"planning_cell","category":"built_environment","year":2025,"visible_year":2025,"title":"1 source-backed planning and built record","confidence":"documented","confidence_mix":"documented:1","event_count":1,"source_count":1,"source_ids":"dfi-planning-statistics-2024-25-round587","event_ids":"bfs_arch_round587_3_malone_hill_park_2024_1838_f_approval_2025","event_ids_all":"bfs_arch_round587_3_malone_hill_park_2024_1838_f_approval_2025","source_urls":"https://www.infrastructure-ni.gov.uk/publications/northern-ireland-planning-statistics-april-2024-march-2025","geometry_precision_mix":"Application/site navigation point from official planning-statistics row; not a surveyed footprint, legal boundary, facade, room, campus, streetworks area or works extent.:1","representation":"planning and built evidence grid cell","timing_note":"Filtered by event effective year. OSM mapped-visibility dates and administrative dates can differ from real-world physical change dates.","caveat":"Planning cells are derived from source-backed event locations; they are not parcel boundaries unless source geometry is separately present.","generated_from":"web/data/city-atlas/cities/belfast/events_2025.json","lifecycle_status":"permitted","status":"source_record","cell_size_m":95,"intensity":0.289,"label":"3 Malone Hill Park two storey rear extension and patio with associated fenestration changes approval was recorded"},"geometry":{"type":"Polygon","coordinates":[[[-5.9557429,54.5596614],[-5.9542698,54.5596614],[-5.9542698,54.5605206],[-5.9557429,54.5605206],[-5.9557429,54.5596614]]]}},{"type":"Feature","properties":{"id":"lens-detail-belfast-2025-planning_cell-143","layer":"planning_cell","category":"built_environment","year":2025,"visible_year":2025,"title":"1 source-backed planning and built record","confidence":"documented","confidence_mix":"documented:1","event_count":1,"source_count":1,"source_ids":"dfi-planning-statistics-2024-25-round587","event_ids":"bfs_arch_round587_3_ravensdene_park_gardens_2024_1849_f_approval_2025","event_ids_all":"bfs_arch_round587_3_ravensdene_park_gardens_2024_1849_f_approval_2025","source_urls":"https://www.infrastructure-ni.gov.uk/publications/northern-ireland-planning-statistics-april-2024-march-2025","geometry_precision_mix":"Application/site navigation point from official planning-statistics row; not a surveyed footprint, legal boundary, facade, room, campus, streetworks area or works extent.:1","representation":"planning and built evidence grid cell","timing_note":"Filtered by event effective year. OSM mapped-visibility dates and administrative dates can differ from real-world physical change dates.","caveat":"Planning cells are derived from source-backed event locations; they are not parcel boundaries unless source geometry is separately present.","generated_from":"web/data/city-atlas/cities/belfast/events_2025.json","lifecycle_status":"permitted","status":"source_record","cell_size_m":95,"intensity":0.289,"label":"3 Ravensdene Park Gardens 2 storey extension to rear with single storey extension, replacement of existing extension roof and additional..."},"geometry":{"type":"Polygon","coordinates":[[[-5.9086037,54.5794219],[-5.9071306,54.5794219],[-5.9071306,54.5802811],[-5.9086037,54.5802811],[-5.9086037,54.5794219]]]}},{"type":"Feature","properties":{"id":"lens-detail-belfast-2025-planning_cell-144","layer":"planning_cell","category":"built_environment","year":2025,"visible_year":2025,"title":"1 source-backed planning and built record","confidence":"documented","confidence_mix":"documented:1","event_count":1,"source_count":1,"source_ids":"dfi-planning-statistics-2024-25-round587","event_ids":"bfs_arch_round587_32_edgcumbe_gardens_2024_1739_f_approval_2025","event_ids_all":"bfs_arch_round587_32_edgcumbe_gardens_2024_1739_f_approval_2025","source_urls":"https://www.infrastructure-ni.gov.uk/publications/northern-ireland-planning-statistics-april-2024-march-2025","geometry_precision_mix":"Application/site navigation point from official planning-statistics row; not a surveyed footprint, legal boundary, facade, room, campus, streetworks area or works extent.:1","representation":"planning and built evidence grid cell","timing_note":"Filtered by event effective year. OSM mapped-visibility dates and administrative dates can differ from real-world physical change dates.","caveat":"Planning cells are derived from source-backed event locations; they are not parcel boundaries unless source geometry is separately present.","generated_from":"web/data/city-atlas/cities/belfast/events_2025.json","lifecycle_status":"permitted","status":"source_record","cell_size_m":95,"intensity":0.289,"label":"32 Edgcumbe Gardens flat roofed rear and side extension with associated fenestration changes on north elevation. creation of garage to..."},"geometry":{"type":"Polygon","coordinates":[[[-5.8717762,54.6017599],[-5.8703031,54.6017599],[-5.8703031,54.6026191],[-5.8717762,54.6026191],[-5.8717762,54.6017599]]]}},{"type":"Feature","properties":{"id":"lens-detail-belfast-2025-planning_cell-145","layer":"planning_cell","category":"built_environment","year":2025,"visible_year":2025,"title":"1 source-backed planning and built record","confidence":"documented","confidence_mix":"documented:1","event_count":1,"source_count":1,"source_ids":"dfi-planning-statistics-2024-25-round587","event_ids":"bfs_arch_round587_35_finaghy_park_central_2024_1886_f_approval_2025","event_ids_all":"bfs_arch_round587_35_finaghy_park_central_2024_1886_f_approval_2025","source_urls":"https://www.infrastructure-ni.gov.uk/publications/northern-ireland-planning-statistics-april-2024-march-2025","geometry_precision_mix":"Application/site navigation point from official planning-statistics row; not a surveyed footprint, legal boundary, facade, room, campus, streetworks area or works extent.:1","representation":"planning and built evidence grid cell","timing_note":"Filtered by event effective year. OSM mapped-visibility dates and administrative dates can differ from real-world physical change dates.","caveat":"Planning cells are derived from source-backed event locations; they are not parcel boundaries unless source geometry is separately present.","generated_from":"web/data/city-atlas/cities/belfast/events_2025.json","lifecycle_status":"permitted","status":"source_record","cell_size_m":95,"intensity":0.289,"label":"35 Finaghy Park Central single storey side/rear extension, two storey rear extension and dormer conversion to rear approval was recorded"},"geometry":{"type":"Polygon","coordinates":[[[-5.9910973,54.5605206],[-5.9896242,54.5605206],[-5.9896242,54.5613797],[-5.9910973,54.5613797],[-5.9910973,54.5605206]]]}},{"type":"Feature","properties":{"id":"lens-detail-belfast-2025-planning_cell-146","layer":"planning_cell","category":"built_environment","year":2025,"visible_year":2025,"title":"1 source-backed planning and built record","confidence":"documented","confidence_mix":"documented:1","event_count":1,"source_count":1,"source_ids":"dfi-planning-statistics-2024-25-round587","event_ids":"bfs_arch_round587_41_loopland_gardens_2024_1369_f_approval_2025","event_ids_all":"bfs_arch_round587_41_loopland_gardens_2024_1369_f_approval_2025","source_urls":"https://www.infrastructure-ni.gov.uk/publications/northern-ireland-planning-statistics-april-2024-march-2025","geometry_precision_mix":"Application/site navigation point from official planning-statistics row; not a surveyed footprint, legal boundary, facade, room, campus, streetworks area or works extent.:1","representation":"planning and built evidence grid cell","timing_note":"Filtered by event effective year. OSM mapped-visibility dates and administrative dates can differ from real-world physical change dates.","caveat":"Planning cells are derived from source-backed event locations; they are not parcel boundaries unless source geometry is separately present.","generated_from":"web/data/city-atlas/cities/belfast/events_2025.json","lifecycle_status":"permitted","status":"source_record","cell_size_m":95,"intensity":0.289,"label":"41 Loopland Gardens alterations to the rear of the property, involving minor modifications to the existing single storey roof structure..."},"geometry":{"type":"Polygon","coordinates":[[[-5.8953458,54.5837177],[-5.8938727,54.5837177],[-5.8938727,54.5845768],[-5.8953458,54.5845768],[-5.8953458,54.5837177]]]}},{"type":"Feature","properties":{"id":"lens-detail-belfast-2025-planning_cell-147","layer":"planning_cell","category":"built_environment","year":2025,"visible_year":2025,"title":"1 source-backed planning and built record","confidence":"documented","confidence_mix":"documented:1","event_count":1,"source_count":1,"source_ids":"dfi-planning-statistics-2024-25-round587","event_ids":"bfs_arch_round587_47_lagmore_meadows_dunmurry_2024_1691_f_approval_2025","event_ids_all":"bfs_arch_round587_47_lagmore_meadows_dunmurry_2024_1691_f_approval_2025","source_urls":"https://www.infrastructure-ni.gov.uk/publications/northern-ireland-planning-statistics-april-2024-march-2025","geometry_precision_mix":"Application/site navigation point from official planning-statistics row; not a surveyed footprint, legal boundary, facade, room, campus, streetworks area or works extent.:1","representation":"planning and built evidence grid cell","timing_note":"Filtered by event effective year. OSM mapped-visibility dates and administrative dates can differ from real-world physical change dates.","caveat":"Planning cells are derived from source-backed event locations; they are not parcel boundaries unless source geometry is separately present.","generated_from":"web/data/city-atlas/cities/belfast/events_2025.json","lifecycle_status":"permitted","status":"source_record","cell_size_m":95,"intensity":0.289,"label":"47 Lagmore Meadows, Dunmurry single storey rear extension and installation of accessible ramp approval was recorded"},"geometry":{"type":"Polygon","coordinates":[[[-6.0352903,54.551929],[-6.0338172,54.551929],[-6.0338172,54.5527882],[-6.0352903,54.5527882],[-6.0352903,54.551929]]]}},{"type":"Feature","properties":{"id":"lens-detail-belfast-2025-planning_cell-148","layer":"planning_cell","category":"built_environment","year":2025,"visible_year":2025,"title":"1 source-backed planning and built record","confidence":"documented","confidence_mix":"documented:1","event_count":1,"source_count":1,"source_ids":"dfi-planning-statistics-2024-25-round587","event_ids":"bfs_arch_round587_5_marina_park_2024_1673_f_approval_2025","event_ids_all":"bfs_arch_round587_5_marina_park_2024_1673_f_approval_2025","source_urls":"https://www.infrastructure-ni.gov.uk/publications/northern-ireland-planning-statistics-april-2024-march-2025","geometry_precision_mix":"Application/site navigation point from official planning-statistics row; not a surveyed footprint, legal boundary, facade, room, campus, streetworks area or works extent.:1","representation":"planning and built evidence grid cell","timing_note":"Filtered by event effective year. OSM mapped-visibility dates and administrative dates can differ from real-world physical change dates.","caveat":"Planning cells are derived from source-backed event locations; they are not parcel boundaries unless source geometry is separately present.","generated_from":"web/data/city-atlas/cities/belfast/events_2025.json","lifecycle_status":"permitted","status":"source_record","cell_size_m":95,"intensity":0.289,"label":"5 Marina Park single storey extension to the side and rear of an existing semi-detached dwelling approval was recorded"},"geometry":{"type":"Polygon","coordinates":[[[-5.8820879,54.5828585],[-5.8806148,54.5828585],[-5.8806148,54.5837177],[-5.8820879,54.5837177],[-5.8820879,54.5828585]]]}},{"type":"Feature","properties":{"id":"lens-detail-belfast-2025-planning_cell-149","layer":"planning_cell","category":"built_environment","year":2025,"visible_year":2025,"title":"1 source-backed planning and built record","confidence":"documented","confidence_mix":"documented:1","event_count":1,"source_count":1,"source_ids":"dfi-planning-statistics-2024-25-round587","event_ids":"bfs_arch_round587_50_hillhead_avenue_2024_0962_f_approval_2025","event_ids_all":"bfs_arch_round587_50_hillhead_avenue_2024_0962_f_approval_2025","source_urls":"https://www.infrastructure-ni.gov.uk/publications/northern-ireland-planning-statistics-april-2024-march-2025","geometry_precision_mix":"Application/site navigation point from official planning-statistics row; not a surveyed footprint, legal boundary, facade, room, campus, streetworks area or works extent.:1","representation":"planning and built evidence grid cell","timing_note":"Filtered by event effective year. OSM mapped-visibility dates and administrative dates can differ from real-world physical change dates.","caveat":"Planning cells are derived from source-backed event locations; they are not parcel boundaries unless source geometry is separately present.","generated_from":"web/data/city-atlas/cities/belfast/events_2025.json","lifecycle_status":"permitted","status":"source_record","cell_size_m":95,"intensity":0.289,"label":"50 Hillhead Avenue single storey rear extension with the addition of front porch and bay window. with a raised patio to the..."},"geometry":{"type":"Polygon","coordinates":[[[-6.0043552,54.5725487],[-6.0028821,54.5725487],[-6.0028821,54.5734079],[-6.0043552,54.5734079],[-6.0043552,54.5725487]]]}},{"type":"Feature","properties":{"id":"lens-detail-belfast-2025-planning_cell-15","layer":"planning_cell","category":"built_environment","year":2025,"visible_year":2025,"title":"1 source-backed planning and built record","confidence":"documented","confidence_mix":"documented:1","event_count":1,"source_count":1,"source_ids":"dfi-planning-statistics-2024-25-round487","event_ids":"bfs_arch_round487_north_queen_street_offices_to_serviced_apartments_approval_2025","event_ids_all":"bfs_arch_round487_north_queen_street_offices_to_serviced_apartments_approval_2025","source_urls":"https://www.infrastructure-ni.gov.uk/publications/northern-ireland-planning-statistics-april-2024-march-2025","geometry_precision_mix":"Application/site navigation point from official planning-statistics row; not a surveyed footprint, legal boundary, facade, room, campus, streetworks area or works extent.:1","representation":"planning and built evidence grid cell","timing_note":"Filtered by event effective year. OSM mapped-visibility dates and administrative dates can differ from real-world physical change dates.","caveat":"Planning cells are derived from source-backed event locations; they are not parcel boundaries unless source geometry is separately present.","generated_from":"web/data/city-atlas/cities/belfast/events_2025.json","lifecycle_status":"permitted","status":"source_record","cell_size_m":95,"intensity":0.289,"label":"208-210 North Queen Street offices-to-serviced-apartments change of use was approved"},"geometry":{"type":"Polygon","coordinates":[[[-5.927754,54.6146472],[-5.9262809,54.6146472],[-5.9262809,54.6155064],[-5.927754,54.6155064],[-5.927754,54.6146472]]]}},{"type":"Feature","properties":{"id":"lens-detail-belfast-2025-planning_cell-150","layer":"planning_cell","category":"built_environment","year":2025,"visible_year":2025,"title":"1 source-backed planning and built record","confidence":"documented","confidence_mix":"documented:1","event_count":1,"source_count":1,"source_ids":"dfi-planning-statistics-2024-25-round587","event_ids":"bfs_arch_round587_52_deramore_park_2024_1039_f_approval_2025","event_ids_all":"bfs_arch_round587_52_deramore_park_2024_1039_f_approval_2025","source_urls":"https://www.infrastructure-ni.gov.uk/publications/northern-ireland-planning-statistics-april-2024-march-2025","geometry_precision_mix":"Application/site navigation point from official planning-statistics row; not a surveyed footprint, legal boundary, facade, room, campus, streetworks area or works extent.:1","representation":"planning and built evidence grid cell","timing_note":"Filtered by event effective year. OSM mapped-visibility dates and administrative dates can differ from real-world physical change dates.","caveat":"Planning cells are derived from source-backed event locations; they are not parcel boundaries unless source geometry is separately present.","generated_from":"web/data/city-atlas/cities/belfast/events_2025.json","lifecycle_status":"permitted","status":"source_record","cell_size_m":95,"intensity":0.289,"label":"52 Deramore Park 2 storey front & single storey rear extensions to dwelling with elevational changes approval was recorded"},"geometry":{"type":"Polygon","coordinates":[[[-5.9410119,54.5639572],[-5.9395388,54.5639572],[-5.9395388,54.5648163],[-5.9410119,54.5648163],[-5.9410119,54.5639572]]]}},{"type":"Feature","properties":{"id":"lens-detail-belfast-2025-planning_cell-151","layer":"planning_cell","category":"built_environment","year":2025,"visible_year":2025,"title":"1 source-backed planning and built record","confidence":"documented","confidence_mix":"documented:1","event_count":1,"source_count":1,"source_ids":"dfi-planning-statistics-2024-25-round587","event_ids":"bfs_arch_round587_55_adelaide_park_2024_1861_dca_approval_2025","event_ids_all":"bfs_arch_round587_55_adelaide_park_2024_1861_dca_approval_2025","source_urls":"https://www.infrastructure-ni.gov.uk/publications/northern-ireland-planning-statistics-april-2024-march-2025","geometry_precision_mix":"Application/site navigation point from official planning-statistics row; not a surveyed footprint, legal boundary, facade, room, campus, streetworks area or works extent.:1","representation":"planning and built evidence grid cell","timing_note":"Filtered by event effective year. OSM mapped-visibility dates and administrative dates can differ from real-world physical change dates.","caveat":"Planning cells are derived from source-backed event locations; they are not parcel boundaries unless source geometry is separately present.","generated_from":"web/data/city-atlas/cities/belfast/events_2025.json","lifecycle_status":"demolished","status":"source_record","cell_size_m":95,"intensity":0.289,"label":"55 Adelaide Park demolition of ground floor rear walls to existing rear return and yard area. window and door alterations of rear garage..."},"geometry":{"type":"Polygon","coordinates":[[[-5.9454312,54.5759853],[-5.9439581,54.5759853],[-5.9439581,54.5768445],[-5.9454312,54.5768445],[-5.9454312,54.5759853]]]}},{"type":"Feature","properties":{"id":"lens-detail-belfast-2025-planning_cell-152","layer":"planning_cell","category":"built_environment","year":2025,"visible_year":2025,"title":"1 source-backed planning and built record","confidence":"documented","confidence_mix":"documented:1","event_count":1,"source_count":1,"source_ids":"dfi-planning-statistics-2024-25-round587","event_ids":"bfs_arch_round587_56_norwood_drive_2024_1796_f_approval_2025","event_ids_all":"bfs_arch_round587_56_norwood_drive_2024_1796_f_approval_2025","source_urls":"https://www.infrastructure-ni.gov.uk/publications/northern-ireland-planning-statistics-april-2024-march-2025","geometry_precision_mix":"Application/site navigation point from official planning-statistics row; not a surveyed footprint, legal boundary, facade, room, campus, streetworks area or works extent.:1","representation":"planning and built evidence grid cell","timing_note":"Filtered by event effective year. OSM mapped-visibility dates and administrative dates can differ from real-world physical change dates.","caveat":"Planning cells are derived from source-backed event locations; they are not parcel boundaries unless source geometry is separately present.","generated_from":"web/data/city-atlas/cities/belfast/events_2025.json","lifecycle_status":"permitted","status":"source_record","cell_size_m":95,"intensity":0.289,"label":"56 Norwood Drive replacing an existing conservatory with a rear single storey extension and patio area to the rear approval was recorded"},"geometry":{"type":"Polygon","coordinates":[[[-5.8673569,54.6034782],[-5.8658838,54.6034782],[-5.8658838,54.6043374],[-5.8673569,54.6043374],[-5.8673569,54.6034782]]]}},{"type":"Feature","properties":{"id":"lens-detail-belfast-2025-planning_cell-153","layer":"planning_cell","category":"built_environment","year":2025,"visible_year":2025,"title":"1 source-backed planning and built record","confidence":"documented","confidence_mix":"documented:1","event_count":1,"source_count":1,"source_ids":"dfi-planning-statistics-2024-25-round587","event_ids":"bfs_arch_round587_57_summerhill_drive_dunmurry_2024_1540_f_approval_2025","event_ids_all":"bfs_arch_round587_57_summerhill_drive_dunmurry_2024_1540_f_approval_2025","source_urls":"https://www.infrastructure-ni.gov.uk/publications/northern-ireland-planning-statistics-april-2024-march-2025","geometry_precision_mix":"Application/site navigation point from official planning-statistics row; not a surveyed footprint, legal boundary, facade, room, campus, streetworks area or works extent.:1","representation":"planning and built evidence grid cell","timing_note":"Filtered by event effective year. OSM mapped-visibility dates and administrative dates can differ from real-world physical change dates.","caveat":"Planning cells are derived from source-backed event locations; they are not parcel boundaries unless source geometry is separately present.","generated_from":"web/data/city-atlas/cities/belfast/events_2025.json","lifecycle_status":"permitted","status":"source_record","cell_size_m":95,"intensity":0.289,"label":"57 Summerhill Drive, Dunmurry proposed single storey rear extension and dormer to the rear approval was recorded"},"geometry":{"type":"Polygon","coordinates":[[[-6.0205593,54.5484924],[-6.0190862,54.5484924],[-6.0190862,54.5493516],[-6.0205593,54.5493516],[-6.0205593,54.5484924]]]}},{"type":"Feature","properties":{"id":"lens-detail-belfast-2025-planning_cell-154","layer":"planning_cell","category":"built_environment","year":2025,"visible_year":2025,"title":"1 source-backed planning and built record","confidence":"documented","confidence_mix":"documented:1","event_count":1,"source_count":1,"source_ids":"dfi-planning-statistics-2024-25-round587","event_ids":"bfs_arch_round587_58_ashley_avenue_2024_1793_f_approval_2025","event_ids_all":"bfs_arch_round587_58_ashley_avenue_2024_1793_f_approval_2025","source_urls":"https://www.infrastructure-ni.gov.uk/publications/northern-ireland-planning-statistics-april-2024-march-2025","geometry_precision_mix":"Application/site navigation point from official planning-statistics row; not a surveyed footprint, legal boundary, facade, room, campus, streetworks area or works extent.:1","representation":"planning and built evidence grid cell","timing_note":"Filtered by event effective year. OSM mapped-visibility dates and administrative dates can differ from real-world physical change dates.","caveat":"Planning cells are derived from source-backed event locations; they are not parcel boundaries unless source geometry is separately present.","generated_from":"web/data/city-atlas/cities/belfast/events_2025.json","lifecycle_status":"demolished","status":"source_record","cell_size_m":95,"intensity":0.289,"label":"58 Ashley Avenue proposed flat roof single storey rear extension. partial demolition to rear approval was recorded"},"geometry":{"type":"Polygon","coordinates":[[[-5.9498505,54.5837177],[-5.9483774,54.5837177],[-5.9483774,54.5845768],[-5.9498505,54.5845768],[-5.9498505,54.5837177]]]}},{"type":"Feature","properties":{"id":"lens-detail-belfast-2025-planning_cell-155","layer":"planning_cell","category":"built_environment","year":2025,"visible_year":2025,"title":"1 source-backed planning and built record","confidence":"documented","confidence_mix":"documented:1","event_count":1,"source_count":1,"source_ids":"dfi-planning-statistics-2024-25-round587","event_ids":"bfs_arch_round587_61_glenveagh_drive_2024_1212_f_approval_2025","event_ids_all":"bfs_arch_round587_61_glenveagh_drive_2024_1212_f_approval_2025","source_urls":"https://www.infrastructure-ni.gov.uk/publications/northern-ireland-planning-statistics-april-2024-march-2025","geometry_precision_mix":"Application/site navigation point from official planning-statistics row; not a surveyed footprint, legal boundary, facade, room, campus, streetworks area or works extent.:1","representation":"planning and built evidence grid cell","timing_note":"Filtered by event effective year. OSM mapped-visibility dates and administrative dates can differ from real-world physical change dates.","caveat":"Planning cells are derived from source-backed event locations; they are not parcel boundaries unless source geometry is separately present.","generated_from":"web/data/city-atlas/cities/belfast/events_2025.json","lifecycle_status":"permitted","status":"source_record","cell_size_m":95,"intensity":0.289,"label":"61 Glenveagh Drive single storey rear extension approval was recorded"},"geometry":{"type":"Polygon","coordinates":[[[-6.0220324,54.5751262],[-6.0205593,54.5751262],[-6.0205593,54.5759853],[-6.0220324,54.5759853],[-6.0220324,54.5751262]]]}},{"type":"Feature","properties":{"id":"lens-detail-belfast-2025-planning_cell-156","layer":"planning_cell","category":"built_environment","year":2025,"visible_year":2025,"title":"1 source-backed planning and built record","confidence":"documented","confidence_mix":"documented:1","event_count":1,"source_count":1,"source_ids":"dfi-planning-statistics-2024-25-round587","event_ids":"bfs_arch_round587_8_chesterfield_park_2024_1732_f_approval_2025","event_ids_all":"bfs_arch_round587_8_chesterfield_park_2024_1732_f_approval_2025","source_urls":"https://www.infrastructure-ni.gov.uk/publications/northern-ireland-planning-statistics-april-2024-march-2025","geometry_precision_mix":"Application/site navigation point from official planning-statistics row; not a surveyed footprint, legal boundary, facade, room, campus, streetworks area or works extent.:1","representation":"planning and built evidence grid cell","timing_note":"Filtered by event effective year. OSM mapped-visibility dates and administrative dates can differ from real-world physical change dates.","caveat":"Planning cells are derived from source-backed event locations; they are not parcel boundaries unless source geometry is separately present.","generated_from":"web/data/city-atlas/cities/belfast/events_2025.json","lifecycle_status":"permitted","status":"source_record","cell_size_m":95,"intensity":0.289,"label":"8 Chesterfield Park roof space conversion, change from hipped roof to gable, front rooflight, rear dormer, fenestration changes to side..."},"geometry":{"type":"Polygon","coordinates":[[[-5.9100768,54.5691121],[-5.9086037,54.5691121],[-5.9086037,54.5699712],[-5.9100768,54.5699712],[-5.9100768,54.5691121]]]}},{"type":"Feature","properties":{"id":"lens-detail-belfast-2025-planning_cell-157","layer":"planning_cell","category":"built_environment","year":2025,"visible_year":2025,"title":"1 source-backed planning and built record","confidence":"documented","confidence_mix":"documented:1","event_count":1,"source_count":1,"source_ids":"dfi-planning-statistics-2024-25-round592","event_ids":"bfs_arch_round592_the_felons_club_537_falls_road_2024_1961_f_approval_2025","event_ids_all":"bfs_arch_round592_the_felons_club_537_falls_road_2024_1961_f_approval_2025","source_urls":"https://www.infrastructure-ni.gov.uk/publications/northern-ireland-planning-statistics-april-2024-march-2025","geometry_precision_mix":"Application/site navigation point from official planning-statistics row; not a surveyed footprint, legal boundary, facade, room, campus, streetworks area or works extent.:1","representation":"planning and built evidence grid cell","timing_note":"Filtered by event effective year. OSM mapped-visibility dates and administrative dates can differ from real-world physical change dates.","caveat":"Planning cells are derived from source-backed event locations; they are not parcel boundaries unless source geometry is separately present.","generated_from":"web/data/city-atlas/cities/belfast/events_2025.json","lifecycle_status":"permitted","status":"source_record","cell_size_m":95,"intensity":0.289,"label":"The Felons Club 537 Falls Road proposed new windows to first floor (side elevations) approval was recorded"},"geometry":{"type":"Polygon","coordinates":[[[-5.9807856,54.5819994],[-5.9793125,54.5819994],[-5.9793125,54.5828585],[-5.9807856,54.5828585],[-5.9807856,54.5819994]]]}},{"type":"Feature","properties":{"id":"lens-detail-belfast-2025-planning_cell-16","layer":"planning_cell","category":"built_environment","year":2025,"visible_year":2025,"title":"1 source-backed planning and built record","confidence":"documented","confidence_mix":"documented:1","event_count":1,"source_count":1,"source_ids":"dfi-planning-statistics-2024-25-round487","event_ids":"bfs_arch_round487_odyssey_pavilion_refrigeration_wall_screen_approval_2025","event_ids_all":"bfs_arch_round487_odyssey_pavilion_refrigeration_wall_screen_approval_2025","source_urls":"https://www.infrastructure-ni.gov.uk/publications/northern-ireland-planning-statistics-april-2024-march-2025","geometry_precision_mix":"Application/site navigation point from official planning-statistics row; not a surveyed footprint, legal boundary, facade, room, campus, streetworks area or works extent.:1","representation":"planning and built evidence grid cell","timing_note":"Filtered by event effective year. OSM mapped-visibility dates and administrative dates can differ from real-world physical change dates.","caveat":"Planning cells are derived from source-backed event locations; they are not parcel boundaries unless source geometry is separately present.","generated_from":"web/data/city-atlas/cities/belfast/events_2025.json","lifecycle_status":"demolished","status":"source_record","cell_size_m":95,"intensity":0.289,"label":"Odyssey Pavilion refrigeration plant, wall demolition and screen works were approved"},"geometry":{"type":"Polygon","coordinates":[[[-5.9144961,54.6034782],[-5.913023,54.6034782],[-5.913023,54.6043374],[-5.9144961,54.6043374],[-5.9144961,54.6034782]]]}},{"type":"Feature","properties":{"id":"lens-detail-belfast-2025-planning_cell-17","layer":"planning_cell","category":"built_environment","year":2025,"visible_year":2025,"title":"1 source-backed planning and built record","confidence":"documented","confidence_mix":"documented:1","event_count":1,"source_count":1,"source_ids":"dfi-planning-statistics-2024-25-round487","event_ids":"bfs_arch_round487_ormeau_road_retail_takeaway_flue_approval_2025","event_ids_all":"bfs_arch_round487_ormeau_road_retail_takeaway_flue_approval_2025","source_urls":"https://www.infrastructure-ni.gov.uk/publications/northern-ireland-planning-statistics-april-2024-march-2025","geometry_precision_mix":"Application/site navigation point from official planning-statistics row; not a surveyed footprint, legal boundary, facade, room, campus, streetworks area or works extent.:1","representation":"planning and built evidence grid cell","timing_note":"Filtered by event effective year. OSM mapped-visibility dates and administrative dates can differ from real-world physical change dates.","caveat":"Planning cells are derived from source-backed event locations; they are not parcel boundaries unless source geometry is separately present.","generated_from":"web/data/city-atlas/cities/belfast/events_2025.json","lifecycle_status":"permitted","status":"source_record","cell_size_m":95,"intensity":0.289,"label":"463 Ormeau Road retail-to-hot-food-takeaway change of use was approved"},"geometry":{"type":"Polygon","coordinates":[[[-5.9174423,54.574267],[-5.9159692,54.574267],[-5.9159692,54.5751262],[-5.9174423,54.5751262],[-5.9174423,54.574267]]]}},{"type":"Feature","properties":{"id":"lens-detail-belfast-2025-planning_cell-19","layer":"planning_cell","category":"built_environment","year":2025,"visible_year":2025,"title":"1 source-backed planning and built record","confidence":"documented","confidence_mix":"documented:1","event_count":1,"source_count":1,"source_ids":"dfi-planning-statistics-2024-25-round487","event_ids":"bfs_arch_round487_rosemary_street_gallery_short_let_facade_approval_2025","event_ids_all":"bfs_arch_round487_rosemary_street_gallery_short_let_facade_approval_2025","source_urls":"https://www.infrastructure-ni.gov.uk/publications/northern-ireland-planning-statistics-april-2024-march-2025","geometry_precision_mix":"Application/site navigation point from official planning-statistics row; not a surveyed footprint, legal boundary, facade, room, campus, streetworks area or works extent.:1","representation":"planning and built evidence grid cell","timing_note":"Filtered by event effective year. OSM mapped-visibility dates and administrative dates can differ from real-world physical change dates.","caveat":"Planning cells are derived from source-backed event locations; they are not parcel boundaries unless source geometry is separately present.","generated_from":"web/data/city-atlas/cities/belfast/events_2025.json","lifecycle_status":"permitted","status":"source_record","cell_size_m":95,"intensity":0.289,"label":"43B Rosemary Street gallery-to-short-term-let facade works were approved"},"geometry":{"type":"Polygon","coordinates":[[[-5.9307002,54.6000416],[-5.9292271,54.6000416],[-5.9292271,54.6009008],[-5.9307002,54.6009008],[-5.9307002,54.6000416]]]}},{"type":"Feature","properties":{"id":"lens-detail-belfast-2025-planning_cell-2","layer":"planning_cell","category":"built_environment","year":2025,"visible_year":2025,"title":"1 source-backed planning and built record","confidence":"documented","confidence_mix":"documented:1","event_count":1,"source_count":1,"source_ids":"dfi-planning-statistics-2024-25-round464","event_ids":"bfs_arch_round464_fairholme_assisted_living_refurbishment_approval_2025","event_ids_all":"bfs_arch_round464_fairholme_assisted_living_refurbishment_approval_2025","source_urls":"https://www.infrastructure-ni.gov.uk/publications/northern-ireland-planning-statistics-april-2024-march-2025","geometry_precision_mix":"Approximate site/address point from official application row, not a surveyed footprint, legal red-line boundary, curtilage, room, wall or works extent.:1","representation":"planning and built evidence grid cell","timing_note":"Filtered by event effective year. OSM mapped-visibility dates and administrative dates can differ from real-world physical change dates.","caveat":"Planning cells are derived from source-backed event locations; they are not parcel boundaries unless source geometry is separately present.","generated_from":"web/data/city-atlas/cities/belfast/events_2025.json","lifecycle_status":"permitted","status":"source_record","cell_size_m":95,"intensity":0.289,"label":"Fairholme assisted-living accommodation refurbishment was approved"},"geometry":{"type":"Polygon","coordinates":[[[-5.9071306,54.5716895],[-5.9056575,54.5716895],[-5.9056575,54.5725487],[-5.9071306,54.5725487],[-5.9071306,54.5716895]]]}},{"type":"Feature","properties":{"id":"lens-detail-belfast-2025-planning_cell-20","layer":"planning_cell","category":"built_environment","year":2025,"visible_year":2025,"title":"1 source-backed planning and built record","confidence":"documented","confidence_mix":"documented:1","event_count":1,"source_count":1,"source_ids":"dfi-planning-statistics-2024-25-round487","event_ids":"bfs_arch_round487_royal_victoria_hospital_internal_repairs_lbc_2025","event_ids_all":"bfs_arch_round487_royal_victoria_hospital_internal_repairs_lbc_2025","source_urls":"https://www.infrastructure-ni.gov.uk/publications/northern-ireland-planning-statistics-april-2024-march-2025","geometry_precision_mix":"Application/site navigation point from official planning-statistics row; not a surveyed footprint, legal boundary, facade, room, campus, streetworks area or works extent.:1","representation":"planning and built evidence grid cell","timing_note":"Filtered by event effective year. OSM mapped-visibility dates and administrative dates can differ from real-world physical change dates.","caveat":"Planning cells are derived from source-backed event locations; they are not parcel boundaries unless source geometry is separately present.","generated_from":"web/data/city-atlas/cities/belfast/events_2025.json","lifecycle_status":"permitted","status":"source_record","cell_size_m":95,"intensity":0.289,"label":"Royal Victoria Hospital internal alteration and repair consent was approved"},"geometry":{"type":"Polygon","coordinates":[[[-5.9527967,54.5948867],[-5.9513236,54.5948867],[-5.9513236,54.5957458],[-5.9527967,54.5957458],[-5.9527967,54.5948867]]]}},{"type":"Feature","properties":{"id":"lens-detail-belfast-2025-planning_cell-21","layer":"planning_cell","category":"built_environment","year":2025,"visible_year":2025,"title":"1 source-backed planning and built record","confidence":"documented","confidence_mix":"documented:1","event_count":1,"source_count":1,"source_ids":"dfi-planning-statistics-2024-25-round487","event_ids":"bfs_arch_round487_rugby_road_nursery_to_office_approval_2025","event_ids_all":"bfs_arch_round487_rugby_road_nursery_to_office_approval_2025","source_urls":"https://www.infrastructure-ni.gov.uk/publications/northern-ireland-planning-statistics-april-2024-march-2025","geometry_precision_mix":"Application/site navigation point from official planning-statistics row; not a surveyed footprint, legal boundary, facade, room, campus, streetworks area or works extent.:1","representation":"planning and built evidence grid cell","timing_note":"Filtered by event effective year. OSM mapped-visibility dates and administrative dates can differ from real-world physical change dates.","caveat":"Planning cells are derived from source-backed event locations; they are not parcel boundaries unless source geometry is separately present.","generated_from":"web/data/city-atlas/cities/belfast/events_2025.json","lifecycle_status":"permitted","status":"source_record","cell_size_m":95,"intensity":0.289,"label":"1 Rugby Road nursery-to-office change of use was approved"},"geometry":{"type":"Polygon","coordinates":[[[-5.9321733,54.5837177],[-5.9307002,54.5837177],[-5.9307002,54.5845768],[-5.9321733,54.5845768],[-5.9321733,54.5837177]]]}},{"type":"Feature","properties":{"id":"lens-detail-belfast-2025-planning_cell-23","layer":"planning_cell","category":"built_environment","year":2025,"visible_year":2025,"title":"1 source-backed planning and built record","confidence":"documented","confidence_mix":"documented:1","event_count":1,"source_count":1,"source_ids":"dfi-planning-statistics-2024-25-round487","event_ids":"bfs_arch_round487_victoria_house_retail_to_coffee_shop_approval_2025","event_ids_all":"bfs_arch_round487_victoria_house_retail_to_coffee_shop_approval_2025","source_urls":"https://www.infrastructure-ni.gov.uk/publications/northern-ireland-planning-statistics-april-2024-march-2025","geometry_precision_mix":"Application/site navigation point from official planning-statistics row; not a surveyed footprint, legal boundary, facade, room, campus, streetworks area or works extent.:1","representation":"planning and built evidence grid cell","timing_note":"Filtered by event effective year. OSM mapped-visibility dates and administrative dates can differ from real-world physical change dates.","caveat":"Planning cells are derived from source-backed event locations; they are not parcel boundaries unless source geometry is separately present.","generated_from":"web/data/city-atlas/cities/belfast/events_2025.json","lifecycle_status":"permitted","status":"source_record","cell_size_m":95,"intensity":0.289,"label":"Victoria House retail-to-coffee-shop change of use was approved"},"geometry":{"type":"Polygon","coordinates":[[[-5.9262809,54.596605],[-5.9248078,54.596605],[-5.9248078,54.5974641],[-5.9262809,54.5974641],[-5.9262809,54.596605]]]}},{"type":"Feature","properties":{"id":"lens-detail-belfast-2025-planning_cell-24","layer":"planning_cell","category":"built_environment","year":2025,"visible_year":2025,"title":"1 source-backed planning and built record","confidence":"documented","confidence_mix":"documented:1","event_count":1,"source_count":1,"source_ids":"dfi-planning-statistics-2024-25-round487","event_ids":"bfs_arch_round487_wellington_place_financial_services_to_coffee_shop_approval_2025","event_ids_all":"bfs_arch_round487_wellington_place_financial_services_to_coffee_shop_approval_2025","source_urls":"https://www.infrastructure-ni.gov.uk/publications/northern-ireland-planning-statistics-april-2024-march-2025","geometry_precision_mix":"Application/site navigation point from official planning-statistics row; not a surveyed footprint, legal boundary, facade, room, campus, streetworks area or works extent.:1","representation":"planning and built evidence grid cell","timing_note":"Filtered by event effective year. OSM mapped-visibility dates and administrative dates can differ from real-world physical change dates.","caveat":"Planning cells are derived from source-backed event locations; they are not parcel boundaries unless source geometry is separately present.","generated_from":"web/data/city-atlas/cities/belfast/events_2025.json","lifecycle_status":"permitted","status":"source_record","cell_size_m":95,"intensity":0.289,"label":"5 Wellington Place financial-services to coffee-shop change of use was approved"},"geometry":{"type":"Polygon","coordinates":[[[-5.9336464,54.596605],[-5.9321733,54.596605],[-5.9321733,54.5974641],[-5.9336464,54.5974641],[-5.9336464,54.596605]]]}},{"type":"Feature","properties":{"id":"lens-detail-belfast-2025-planning_cell-25","layer":"planning_cell","category":"built_environment","year":2025,"visible_year":2025,"title":"1 source-backed planning and built record","confidence":"documented","confidence_mix":"documented:1","event_count":1,"source_count":1,"source_ids":"dfi-planning-statistics-2024-25-round487","event_ids":"bfs_arch_round487_wolseley_street_hmo_guesthouse_approval_2025","event_ids_all":"bfs_arch_round487_wolseley_street_hmo_guesthouse_approval_2025","source_urls":"https://www.infrastructure-ni.gov.uk/publications/northern-ireland-planning-statistics-april-2024-march-2025","geometry_precision_mix":"Application/site navigation point from official planning-statistics row; not a surveyed footprint, legal boundary, facade, room, campus, streetworks area or works extent.:1","representation":"planning and built evidence grid cell","timing_note":"Filtered by event effective year. OSM mapped-visibility dates and administrative dates can differ from real-world physical change dates.","caveat":"Planning cells are derived from source-backed event locations; they are not parcel boundaries unless source geometry is separately present.","generated_from":"web/data/city-atlas/cities/belfast/events_2025.json","lifecycle_status":"permitted","status":"source_record","cell_size_m":95,"intensity":0.289,"label":"22 Wolseley Street HMO flats to guesthouse change of use was approved"},"geometry":{"type":"Polygon","coordinates":[[[-5.9307002,54.5862952],[-5.9292271,54.5862952],[-5.9292271,54.5871543],[-5.9307002,54.5871543],[-5.9307002,54.5862952]]]}},{"type":"Feature","properties":{"id":"lens-detail-belfast-2025-planning_cell-26","layer":"planning_cell","category":"built_environment","year":2025,"visible_year":2025,"title":"1 source-backed planning and built record","confidence":"documented","confidence_mix":"documented:1","event_count":1,"source_count":1,"source_ids":"dfi-planning-statistics-2024-25-round503","event_ids":"bfs_arch_round503_arc_cafe_subdivision_approval_2025","event_ids_all":"bfs_arch_round503_arc_cafe_subdivision_approval_2025","source_urls":"https://www.infrastructure-ni.gov.uk/publications/northern-ireland-planning-statistics-april-2024-march-2025","geometry_precision_mix":"Application/site navigation point from official planning-statistics row; not a surveyed footprint, legal boundary, facade, room, campus, streetworks area or works extent.:1","representation":"planning and built evidence grid cell","timing_note":"Filtered by event effective year. OSM mapped-visibility dates and administrative dates can differ from real-world physical change dates.","caveat":"Planning cells are derived from source-backed event locations; they are not parcel boundaries unless source geometry is separately present.","generated_from":"web/data/city-atlas/cities/belfast/events_2025.json","lifecycle_status":"permitted","status":"source_record","cell_size_m":95,"intensity":0.289,"label":"The Arc cafe subdivision was approved"},"geometry":{"type":"Polygon","coordinates":[[[-5.9115499,54.6051965],[-5.9100768,54.6051965],[-5.9100768,54.6060557],[-5.9115499,54.6060557],[-5.9115499,54.6051965]]]}},{"type":"Feature","properties":{"id":"lens-detail-belfast-2025-planning_cell-27","layer":"planning_cell","category":"built_environment","year":2025,"visible_year":2025,"title":"1 source-backed planning and built record","confidence":"documented","confidence_mix":"documented:1","event_count":1,"source_count":1,"source_ids":"dfi-planning-statistics-2024-25-round503","event_ids":"bfs_arch_round503_cliftonville_bar_off_sales_shopfront_approval_2025","event_ids_all":"bfs_arch_round503_cliftonville_bar_off_sales_shopfront_approval_2025","source_urls":"https://www.infrastructure-ni.gov.uk/publications/northern-ireland-planning-statistics-april-2024-march-2025","geometry_precision_mix":"Application/site navigation point from official planning-statistics row; not a surveyed footprint, legal boundary, facade, room, campus, streetworks area or works extent.:1","representation":"planning and built evidence grid cell","timing_note":"Filtered by event effective year. OSM mapped-visibility dates and administrative dates can differ from real-world physical change dates.","caveat":"Planning cells are derived from source-backed event locations; they are not parcel boundaries unless source geometry is separately present.","generated_from":"web/data/city-atlas/cities/belfast/events_2025.json","lifecycle_status":"permitted","status":"source_record","cell_size_m":95,"intensity":0.289,"label":"McGrath's Bar off-sales shopfront change was approved"},"geometry":{"type":"Polygon","coordinates":[[[-5.9439581,54.6155064],[-5.942485,54.6155064],[-5.942485,54.6163655],[-5.9439581,54.6163655],[-5.9439581,54.6155064]]]}},{"type":"Feature","properties":{"id":"lens-detail-belfast-2025-planning_cell-28","layer":"planning_cell","category":"built_environment","year":2025,"visible_year":2025,"title":"1 source-backed planning and built record","confidence":"documented","confidence_mix":"documented:1","event_count":1,"source_count":1,"source_ids":"dfi-planning-statistics-2024-25-round503","event_ids":"bfs_arch_round503_donegall_place_bank_shopfront_lbc_2025","event_ids_all":"bfs_arch_round503_donegall_place_bank_shopfront_lbc_2025","source_urls":"https://www.infrastructure-ni.gov.uk/publications/northern-ireland-planning-statistics-april-2024-march-2025","geometry_precision_mix":"Application/site navigation point from official planning-statistics row; not a surveyed footprint, legal boundary, facade, room, campus, streetworks area or works extent.:1","representation":"planning and built evidence grid cell","timing_note":"Filtered by event effective year. OSM mapped-visibility dates and administrative dates can differ from real-world physical change dates.","caveat":"Planning cells are derived from source-backed event locations; they are not parcel boundaries unless source geometry is separately present.","generated_from":"web/data/city-atlas/cities/belfast/events_2025.json","lifecycle_status":"permitted","status":"source_record","cell_size_m":95,"intensity":0.289,"label":"36-38 Donegall Place bank and shopfront works consent was approved"},"geometry":{"type":"Polygon","coordinates":[[[-5.9307002,54.5974641],[-5.9292271,54.5974641],[-5.9292271,54.5983233],[-5.9307002,54.5983233],[-5.9307002,54.5974641]]]}},{"type":"Feature","properties":{"id":"lens-detail-belfast-2025-planning_cell-29","layer":"planning_cell","category":"built_environment","year":2025,"visible_year":2025,"title":"1 source-backed planning and built record","confidence":"documented","confidence_mix":"documented:1","event_count":1,"source_count":1,"source_ids":"dfi-planning-statistics-2024-25-round503","event_ids":"bfs_arch_round503_duncairn_gardens_hmo_extension_approval_2025","event_ids_all":"bfs_arch_round503_duncairn_gardens_hmo_extension_approval_2025","source_urls":"https://www.infrastructure-ni.gov.uk/publications/northern-ireland-planning-statistics-april-2024-march-2025","geometry_precision_mix":"Application/site navigation point from official planning-statistics row; not a surveyed footprint, legal boundary, facade, room, campus, streetworks area or works extent.:1","representation":"planning and built evidence grid cell","timing_note":"Filtered by event effective year. OSM mapped-visibility dates and administrative dates can differ from real-world physical change dates.","caveat":"Planning cells are derived from source-backed event locations; they are not parcel boundaries unless source geometry is separately present.","generated_from":"web/data/city-atlas/cities/belfast/events_2025.json","lifecycle_status":"permitted","status":"source_record","cell_size_m":95,"intensity":0.289,"label":"94 Duncairn Gardens apartment-to-HMO works were approved"},"geometry":{"type":"Polygon","coordinates":[[[-5.9307002,54.6120697],[-5.9292271,54.6120697],[-5.9292271,54.6129289],[-5.9307002,54.6129289],[-5.9307002,54.6120697]]]}},{"type":"Feature","properties":{"id":"lens-detail-belfast-2025-planning_cell-3","layer":"planning_cell","category":"built_environment","year":2025,"visible_year":2025,"title":"1 source-backed planning and built record","confidence":"documented","confidence_mix":"documented:1","event_count":1,"source_count":1,"source_ids":"dfi-planning-statistics-2024-25-round464","event_ids":"bfs_arch_round464_lombard_street_office_to_short_lets_approval_2025","event_ids_all":"bfs_arch_round464_lombard_street_office_to_short_lets_approval_2025","source_urls":"https://www.infrastructure-ni.gov.uk/publications/northern-ireland-planning-statistics-april-2024-march-2025","geometry_precision_mix":"Approximate site/address point from official application row, not a surveyed footprint, legal red-line boundary, curtilage, room, wall or works extent.:1","representation":"planning and built evidence grid cell","timing_note":"Filtered by event effective year. OSM mapped-visibility dates and administrative dates can differ from real-world physical change dates.","caveat":"Planning cells are derived from source-backed event locations; they are not parcel boundaries unless source geometry is separately present.","generated_from":"web/data/city-atlas/cities/belfast/events_2025.json","lifecycle_status":"permitted","status":"source_record","cell_size_m":95,"intensity":0.289,"label":"1-3 Lombard Street office-to-short-term-let conversion was approved"},"geometry":{"type":"Polygon","coordinates":[[[-5.9159692,54.6026191],[-5.9144961,54.6026191],[-5.9144961,54.6034782],[-5.9159692,54.6034782],[-5.9159692,54.6026191]]]}},{"type":"Feature","properties":{"id":"lens-detail-belfast-2025-planning_cell-30","layer":"planning_cell","category":"built_environment","year":2025,"visible_year":2025,"title":"1 source-backed planning and built record","confidence":"documented","confidence_mix":"documented:1","event_count":1,"source_count":1,"source_ids":"dfi-planning-statistics-2024-25-round503","event_ids":"bfs_arch_round503_glen_road_retail_apartment_extension_approval_2025","event_ids_all":"bfs_arch_round503_glen_road_retail_apartment_extension_approval_2025","source_urls":"https://www.infrastructure-ni.gov.uk/publications/northern-ireland-planning-statistics-april-2024-march-2025","geometry_precision_mix":"Application/site navigation point from official planning-statistics row; not a surveyed footprint, legal boundary, facade, room, campus, streetworks area or works extent.:1","representation":"planning and built evidence grid cell","timing_note":"Filtered by event effective year. OSM mapped-visibility dates and administrative dates can differ from real-world physical change dates.","caveat":"Planning cells are derived from source-backed event locations; they are not parcel boundaries unless source geometry is separately present.","generated_from":"web/data/city-atlas/cities/belfast/events_2025.json","lifecycle_status":"permitted","status":"source_record","cell_size_m":95,"intensity":0.289,"label":"9 Glen Road dwelling-to-retail/apartment conversion was approved"},"geometry":{"type":"Polygon","coordinates":[[[-5.9807856,54.5837177],[-5.9793125,54.5837177],[-5.9793125,54.5845768],[-5.9807856,54.5845768],[-5.9807856,54.5837177]]]}},{"type":"Feature","properties":{"id":"lens-detail-belfast-2025-planning_cell-31","layer":"planning_cell","category":"built_environment","year":2025,"visible_year":2025,"title":"1 source-backed planning and built record","confidence":"documented","confidence_mix":"documented:1","event_count":1,"source_count":1,"source_ids":"dfi-planning-statistics-2024-25-round503","event_ids":"bfs_arch_round503_newtownards_road_retail_gym_approval_2025","event_ids_all":"bfs_arch_round503_newtownards_road_retail_gym_approval_2025","source_urls":"https://www.infrastructure-ni.gov.uk/publications/northern-ireland-planning-statistics-april-2024-march-2025","geometry_precision_mix":"Application/site navigation point from official planning-statistics row; not a surveyed footprint, legal boundary, facade, room, campus, streetworks area or works extent.:1","representation":"planning and built evidence grid cell","timing_note":"Filtered by event effective year. OSM mapped-visibility dates and administrative dates can differ from real-world physical change dates.","caveat":"Planning cells are derived from source-backed event locations; they are not parcel boundaries unless source geometry is separately present.","generated_from":"web/data/city-atlas/cities/belfast/events_2025.json","lifecycle_status":"permitted","status":"source_record","cell_size_m":95,"intensity":0.289,"label":"213-223 Newtownards Road retail-to-gym change of use was approved"},"geometry":{"type":"Polygon","coordinates":[[[-5.9012382,54.5983233],[-5.8997651,54.5983233],[-5.8997651,54.5991824],[-5.9012382,54.5991824],[-5.9012382,54.5983233]]]}},{"type":"Feature","properties":{"id":"lens-detail-belfast-2025-planning_cell-32","layer":"planning_cell","category":"built_environment","year":2025,"visible_year":2025,"title":"1 source-backed planning and built record","confidence":"documented","confidence_mix":"documented:1","event_count":1,"source_count":1,"source_ids":"dfi-planning-statistics-2024-25-round503","event_ids":"bfs_arch_round503_ormeau_road_retail_apartments_approval_2025","event_ids_all":"bfs_arch_round503_ormeau_road_retail_apartments_approval_2025","source_urls":"https://www.infrastructure-ni.gov.uk/publications/northern-ireland-planning-statistics-april-2024-march-2025","geometry_precision_mix":"Application/site navigation point from official planning-statistics row; not a surveyed footprint, legal boundary, facade, room, campus, streetworks area or works extent.:1","representation":"planning and built evidence grid cell","timing_note":"Filtered by event effective year. OSM mapped-visibility dates and administrative dates can differ from real-world physical change dates.","caveat":"Planning cells are derived from source-backed event locations; they are not parcel boundaries unless source geometry is separately present.","generated_from":"web/data/city-atlas/cities/belfast/events_2025.json","lifecycle_status":"permitted","status":"source_record","cell_size_m":95,"intensity":0.289,"label":"297 Ormeau Road retail-to-apartments conversion was approved"},"geometry":{"type":"Polygon","coordinates":[[[-5.9218616,54.5794219],[-5.9203885,54.5794219],[-5.9203885,54.5802811],[-5.9218616,54.5802811],[-5.9218616,54.5794219]]]}},{"type":"Feature","properties":{"id":"lens-detail-belfast-2025-planning_cell-33","layer":"planning_cell","category":"built_environment","year":2025,"visible_year":2025,"title":"1 source-backed planning and built record","confidence":"documented","confidence_mix":"documented:1","event_count":1,"source_count":1,"source_ids":"dfi-planning-statistics-2024-25-round503","event_ids":"bfs_arch_round503_ravenhill_road_offices_short_let_approval_2025","event_ids_all":"bfs_arch_round503_ravenhill_road_offices_short_let_approval_2025","source_urls":"https://www.infrastructure-ni.gov.uk/publications/northern-ireland-planning-statistics-april-2024-march-2025","geometry_precision_mix":"Application/site navigation point from official planning-statistics row; not a surveyed footprint, legal boundary, facade, room, campus, streetworks area or works extent.:1","representation":"planning and built evidence grid cell","timing_note":"Filtered by event effective year. OSM mapped-visibility dates and administrative dates can differ from real-world physical change dates.","caveat":"Planning cells are derived from source-backed event locations; they are not parcel boundaries unless source geometry is separately present.","generated_from":"web/data/city-atlas/cities/belfast/events_2025.json","lifecycle_status":"permitted","status":"source_record","cell_size_m":95,"intensity":0.289,"label":"138-140 Ravenhill Road office-to-short-term-let change of use was approved"},"geometry":{"type":"Polygon","coordinates":[[[-5.9115499,54.5914501],[-5.9100768,54.5914501],[-5.9100768,54.5923092],[-5.9115499,54.5923092],[-5.9115499,54.5914501]]]}},{"type":"Feature","properties":{"id":"lens-detail-belfast-2025-planning_cell-34","layer":"planning_cell","category":"built_environment","year":2025,"visible_year":2025,"title":"1 source-backed planning and built record","confidence":"documented","confidence_mix":"documented:1","event_count":1,"source_count":1,"source_ids":"dfi-planning-statistics-2024-25-round503","event_ids":"bfs_arch_round503_university_street_guest_accommodation_lbc_2025","event_ids_all":"bfs_arch_round503_university_street_guest_accommodation_lbc_2025","source_urls":"https://www.infrastructure-ni.gov.uk/publications/northern-ireland-planning-statistics-april-2024-march-2025","geometry_precision_mix":"Application/site navigation point from official planning-statistics row; not a surveyed footprint, legal boundary, facade, room, campus, streetworks area or works extent.:1","representation":"planning and built evidence grid cell","timing_note":"Filtered by event effective year. OSM mapped-visibility dates and administrative dates can differ from real-world physical change dates.","caveat":"Planning cells are derived from source-backed event locations; they are not parcel boundaries unless source geometry is separately present.","generated_from":"web/data/city-atlas/cities/belfast/events_2025.json","lifecycle_status":"permitted","status":"source_record","cell_size_m":95,"intensity":0.289,"label":"51 University Street guest-accommodation consent was approved"},"geometry":{"type":"Polygon","coordinates":[[[-5.9336464,54.585436],[-5.9321733,54.585436],[-5.9321733,54.5862952],[-5.9336464,54.5862952],[-5.9336464,54.585436]]]}},{"type":"Feature","properties":{"id":"lens-detail-belfast-2025-planning_cell-35","layer":"planning_cell","category":"built_environment","year":2025,"visible_year":2025,"title":"1 source-backed planning and built record","confidence":"documented","confidence_mix":"documented:1","event_count":1,"source_count":1,"source_ids":"dfi-planning-statistics-2024-25-round503","event_ids":"bfs_arch_round503_victoria_square_retail_restaurant_approval_2025","event_ids_all":"bfs_arch_round503_victoria_square_retail_restaurant_approval_2025","source_urls":"https://www.infrastructure-ni.gov.uk/publications/northern-ireland-planning-statistics-april-2024-march-2025","geometry_precision_mix":"Application/site navigation point from official planning-statistics row; not a surveyed footprint, legal boundary, facade, room, campus, streetworks area or works extent.:1","representation":"planning and built evidence grid cell","timing_note":"Filtered by event effective year. OSM mapped-visibility dates and administrative dates can differ from real-world physical change dates.","caveat":"Planning cells are derived from source-backed event locations; they are not parcel boundaries unless source geometry is separately present.","generated_from":"web/data/city-atlas/cities/belfast/events_2025.json","lifecycle_status":"permitted","status":"source_record","cell_size_m":95,"intensity":0.289,"label":"Victoria Square retail-unit amalgamation and restaurant use was approved"},"geometry":{"type":"Polygon","coordinates":[[[-5.9262809,54.5983233],[-5.9248078,54.5983233],[-5.9248078,54.5991824],[-5.9262809,54.5991824],[-5.9262809,54.5983233]]]}},{"type":"Feature","properties":{"id":"lens-detail-belfast-2025-planning_cell-36","layer":"planning_cell","category":"built_environment","year":2025,"visible_year":2025,"title":"1 source-backed planning and built record","confidence":"documented","confidence_mix":"documented:1","event_count":1,"source_count":1,"source_ids":"dfi-planning-statistics-2024-25-round511","event_ids":"bfs_arch_round511_arthur_street_retail_frontage_approval_2025","event_ids_all":"bfs_arch_round511_arthur_street_retail_frontage_approval_2025","source_urls":"https://www.infrastructure-ni.gov.uk/publications/northern-ireland-planning-statistics-april-2024-march-2025","geometry_precision_mix":"Application/site navigation point from official planning-statistics row; not a surveyed footprint, legal boundary, facade, room, campus, streetworks area or works extent.:1","representation":"planning and built evidence grid cell","timing_note":"Filtered by event effective year. OSM mapped-visibility dates and administrative dates can differ from real-world physical change dates.","caveat":"Planning cells are derived from source-backed event locations; they are not parcel boundaries unless source geometry is separately present.","generated_from":"web/data/city-atlas/cities/belfast/events_2025.json","lifecycle_status":"permitted","status":"source_record","cell_size_m":95,"intensity":0.289,"label":"21-23 Arthur Street retail-frontage works were approved"},"geometry":{"type":"Polygon","coordinates":[[[-5.9292271,54.5974641],[-5.927754,54.5974641],[-5.927754,54.5983233],[-5.9292271,54.5983233],[-5.9292271,54.5974641]]]}},{"type":"Feature","properties":{"id":"lens-detail-belfast-2025-planning_cell-37","layer":"planning_cell","category":"built_environment","year":2025,"visible_year":2025,"title":"1 source-backed planning and built record","confidence":"documented","confidence_mix":"documented:1","event_count":1,"source_count":1,"source_ids":"dfi-planning-statistics-2024-25-round511","event_ids":"bfs_arch_round511_botanic_avenue_retail_short_let_dormers_approval_2025","event_ids_all":"bfs_arch_round511_botanic_avenue_retail_short_let_dormers_approval_2025","source_urls":"https://www.infrastructure-ni.gov.uk/publications/northern-ireland-planning-statistics-april-2024-march-2025","geometry_precision_mix":"Application/site navigation point from official planning-statistics row; not a surveyed footprint, legal boundary, facade, room, campus, streetworks area or works extent.:1","representation":"planning and built evidence grid cell","timing_note":"Filtered by event effective year. OSM mapped-visibility dates and administrative dates can differ from real-world physical change dates.","caveat":"Planning cells are derived from source-backed event locations; they are not parcel boundaries unless source geometry is separately present.","generated_from":"web/data/city-atlas/cities/belfast/events_2025.json","lifecycle_status":"permitted","status":"source_record","cell_size_m":95,"intensity":0.289,"label":"44 Botanic Avenue retail-to-short-let and dormer works were approved"},"geometry":{"type":"Polygon","coordinates":[[[-5.9336464,54.5871543],[-5.9321733,54.5871543],[-5.9321733,54.5880135],[-5.9336464,54.5880135],[-5.9336464,54.5871543]]]}},{"type":"Feature","properties":{"id":"lens-detail-belfast-2025-planning_cell-38","layer":"planning_cell","category":"built_environment","year":2025,"visible_year":2025,"title":"1 source-backed planning and built record","confidence":"documented","confidence_mix":"documented:1","event_count":1,"source_count":1,"source_ids":"dfi-planning-statistics-2024-25-round511","event_ids":"bfs_arch_round511_boucher_business_studios_stairwell_enclosure_approval_2025","event_ids_all":"bfs_arch_round511_boucher_business_studios_stairwell_enclosure_approval_2025","source_urls":"https://www.infrastructure-ni.gov.uk/publications/northern-ireland-planning-statistics-april-2024-march-2025","geometry_precision_mix":"Application/site navigation point from official planning-statistics row; not a surveyed footprint, legal boundary, facade, room, campus, streetworks area or works extent.:1","representation":"planning and built evidence grid cell","timing_note":"Filtered by event effective year. OSM mapped-visibility dates and administrative dates can differ from real-world physical change dates.","caveat":"Planning cells are derived from source-backed event locations; they are not parcel boundaries unless source geometry is separately present.","generated_from":"web/data/city-atlas/cities/belfast/events_2025.json","lifecycle_status":"permitted","status":"source_record","cell_size_m":95,"intensity":0.289,"label":"Boucher Business Studios stairwell enclosure was approved"},"geometry":{"type":"Polygon","coordinates":[[[-5.9601622,54.5862952],[-5.9586891,54.5862952],[-5.9586891,54.5871543],[-5.9601622,54.5871543],[-5.9601622,54.5862952]]]}},{"type":"Feature","properties":{"id":"lens-detail-belfast-2025-planning_cell-39","layer":"planning_cell","category":"built_environment","year":2025,"visible_year":2025,"title":"1 source-backed planning and built record","confidence":"documented","confidence_mix":"documented:1","event_count":1,"source_count":1,"source_ids":"dfi-planning-statistics-2024-25-round511","event_ids":"bfs_arch_round511_clarence_chambers_margot_internal_lbc_2025","event_ids_all":"bfs_arch_round511_clarence_chambers_margot_internal_lbc_2025","source_urls":"https://www.infrastructure-ni.gov.uk/publications/northern-ireland-planning-statistics-april-2024-march-2025","geometry_precision_mix":"Application/site navigation point from official planning-statistics row; not a surveyed footprint, legal boundary, facade, room, campus, streetworks area or works extent.:1","representation":"planning and built evidence grid cell","timing_note":"Filtered by event effective year. OSM mapped-visibility dates and administrative dates can differ from real-world physical change dates.","caveat":"Planning cells are derived from source-backed event locations; they are not parcel boundaries unless source geometry is separately present.","generated_from":"web/data/city-atlas/cities/belfast/events_2025.json","lifecycle_status":"permitted","status":"source_record","cell_size_m":95,"intensity":0.289,"label":"Clarence Chambers ground-floor internal works consent was approved"},"geometry":{"type":"Polygon","coordinates":[[[-5.9292271,54.5957458],[-5.927754,54.5957458],[-5.927754,54.596605],[-5.9292271,54.596605],[-5.9292271,54.5957458]]]}},{"type":"Feature","properties":{"id":"lens-detail-belfast-2025-planning_cell-4","layer":"planning_cell","category":"built_environment","year":2025,"visible_year":2025,"title":"1 source-backed planning and built record","confidence":"documented","confidence_mix":"documented:1","event_count":1,"source_count":1,"source_ids":"dfi-planning-statistics-2024-25-round464","event_ids":"bfs_arch_round464_springbank_road_factory_office_approval_2025","event_ids_all":"bfs_arch_round464_springbank_road_factory_office_approval_2025","source_urls":"https://www.infrastructure-ni.gov.uk/publications/northern-ireland-planning-statistics-april-2024-march-2025","geometry_precision_mix":"Approximate site/address point from official application row, not a surveyed footprint, legal red-line boundary, curtilage, room, wall or works extent.:1","representation":"planning and built evidence grid cell","timing_note":"Filtered by event effective year. OSM mapped-visibility dates and administrative dates can differ from real-world physical change dates.","caveat":"Planning cells are derived from source-backed event locations; they are not parcel boundaries unless source geometry is separately present.","generated_from":"web/data/city-atlas/cities/belfast/events_2025.json","lifecycle_status":"permitted","status":"source_record","cell_size_m":95,"intensity":0.289,"label":"3 Springbank Road production factory and offices were approved"},"geometry":{"type":"Polygon","coordinates":[[[-6.0190862,54.5682529],[-6.0176131,54.5682529],[-6.0176131,54.5691121],[-6.0190862,54.5691121],[-6.0190862,54.5682529]]]}},{"type":"Feature","properties":{"id":"lens-detail-belfast-2025-planning_cell-40","layer":"planning_cell","category":"built_environment","year":2025,"visible_year":2025,"title":"1 source-backed planning and built record","confidence":"documented","confidence_mix":"documented:1","event_count":1,"source_count":1,"source_ids":"dfi-planning-statistics-2024-25-round511","event_ids":"bfs_arch_round511_cooke_street_modular_classroom_approval_2025","event_ids_all":"bfs_arch_round511_cooke_street_modular_classroom_approval_2025","source_urls":"https://www.infrastructure-ni.gov.uk/publications/northern-ireland-planning-statistics-april-2024-march-2025","geometry_precision_mix":"Application/site navigation point from official planning-statistics row; not a surveyed footprint, legal boundary, facade, room, campus, streetworks area or works extent.:1","representation":"planning and built evidence grid cell","timing_note":"Filtered by event effective year. OSM mapped-visibility dates and administrative dates can differ from real-world physical change dates.","caveat":"Planning cells are derived from source-backed event locations; they are not parcel boundaries unless source geometry is separately present.","generated_from":"web/data/city-atlas/cities/belfast/events_2025.json","lifecycle_status":"permitted","status":"source_record","cell_size_m":95,"intensity":0.289,"label":"20 Cooke Street modular classroom unit was approved"},"geometry":{"type":"Polygon","coordinates":[[[-5.9233347,54.5880135],[-5.9218616,54.5880135],[-5.9218616,54.5888726],[-5.9233347,54.5888726],[-5.9233347,54.5880135]]]}},{"type":"Feature","properties":{"id":"lens-detail-belfast-2025-planning_cell-42","layer":"planning_cell","category":"built_environment","year":2025,"visible_year":2025,"title":"1 source-backed planning and built record","confidence":"documented","confidence_mix":"documented:1","event_count":1,"source_count":1,"source_ids":"dfi-planning-statistics-2024-25-round511","event_ids":"bfs_arch_round511_edenvale_crescent_apartments_conversion_approval_2025","event_ids_all":"bfs_arch_round511_edenvale_crescent_apartments_conversion_approval_2025","source_urls":"https://www.infrastructure-ni.gov.uk/publications/northern-ireland-planning-statistics-april-2024-march-2025","geometry_precision_mix":"Application/site navigation point from official planning-statistics row; not a surveyed footprint, legal boundary, facade, room, campus, streetworks area or works extent.:1","representation":"planning and built evidence grid cell","timing_note":"Filtered by event effective year. OSM mapped-visibility dates and administrative dates can differ from real-world physical change dates.","caveat":"Planning cells are derived from source-backed event locations; they are not parcel boundaries unless source geometry is separately present.","generated_from":"web/data/city-atlas/cities/belfast/events_2025.json","lifecycle_status":"permitted","status":"source_record","cell_size_m":95,"intensity":0.289,"label":"25 Edenvale Crescent two-apartment conversion was approved"},"geometry":{"type":"Polygon","coordinates":[[[-5.8732493,54.6000416],[-5.8717762,54.6000416],[-5.8717762,54.6009008],[-5.8732493,54.6009008],[-5.8732493,54.6000416]]]}},{"type":"Feature","properties":{"id":"lens-detail-belfast-2025-planning_cell-43","layer":"planning_cell","category":"built_environment","year":2025,"visible_year":2025,"title":"1 source-backed planning and built record","confidence":"documented","confidence_mix":"documented:1","event_count":1,"source_count":1,"source_ids":"dfi-planning-statistics-2024-25-round511","event_ids":"bfs_arch_round511_eglantine_avenue_guest_house_demolition_consent_2025","event_ids_all":"bfs_arch_round511_eglantine_avenue_guest_house_demolition_consent_2025","source_urls":"https://www.infrastructure-ni.gov.uk/publications/northern-ireland-planning-statistics-april-2024-march-2025","geometry_precision_mix":"Application/site navigation point from official planning-statistics row; not a surveyed footprint, legal boundary, facade, room, campus, streetworks area or works extent.:1","representation":"planning and built evidence grid cell","timing_note":"Filtered by event effective year. OSM mapped-visibility dates and administrative dates can differ from real-world physical change dates.","caveat":"Planning cells are derived from source-backed event locations; they are not parcel boundaries unless source geometry is separately present.","generated_from":"web/data/city-atlas/cities/belfast/events_2025.json","lifecycle_status":"demolished","status":"source_record","cell_size_m":95,"intensity":0.289,"label":"28-32 Eglantine Avenue guest-house demolition consent was approved"},"geometry":{"type":"Polygon","coordinates":[[[-5.9454312,54.5819994],[-5.9439581,54.5819994],[-5.9439581,54.5828585],[-5.9454312,54.5828585],[-5.9454312,54.5819994]]]}},{"type":"Feature","properties":{"id":"lens-detail-belfast-2025-planning_cell-44","layer":"planning_cell","category":"built_environment","year":2025,"visible_year":2025,"title":"1 source-backed planning and built record","confidence":"documented","confidence_mix":"documented:1","event_count":1,"source_count":1,"source_ids":"dfi-planning-statistics-2024-25-round511","event_ids":"bfs_arch_round511_finwood_park_mixed_use_refurbishment_approval_2025","event_ids_all":"bfs_arch_round511_finwood_park_mixed_use_refurbishment_approval_2025","source_urls":"https://www.infrastructure-ni.gov.uk/publications/northern-ireland-planning-statistics-april-2024-march-2025","geometry_precision_mix":"Application/site navigation point from official planning-statistics row; not a surveyed footprint, legal boundary, facade, room, campus, streetworks area or works extent.:1","representation":"planning and built evidence grid cell","timing_note":"Filtered by event effective year. OSM mapped-visibility dates and administrative dates can differ from real-world physical change dates.","caveat":"Planning cells are derived from source-backed event locations; they are not parcel boundaries unless source geometry is separately present.","generated_from":"web/data/city-atlas/cities/belfast/events_2025.json","lifecycle_status":"permitted","status":"source_record","cell_size_m":95,"intensity":0.289,"label":"5-27 Finwood Park mixed-use roof, shopfront and facade works were approved"},"geometry":{"type":"Polygon","coordinates":[[[-5.9704739,54.5579431],[-5.9690008,54.5579431],[-5.9690008,54.5588023],[-5.9704739,54.5588023],[-5.9704739,54.5579431]]]}},{"type":"Feature","properties":{"id":"lens-detail-belfast-2025-planning_cell-45","layer":"planning_cell","category":"built_environment","year":2025,"visible_year":2025,"title":"1 source-backed planning and built record","confidence":"documented","confidence_mix":"documented:1","event_count":1,"source_count":1,"source_ids":"dfi-planning-statistics-2024-25-round511","event_ids":"bfs_arch_round511_high_street_cladding_approval_2025","event_ids_all":"bfs_arch_round511_high_street_cladding_approval_2025","source_urls":"https://www.infrastructure-ni.gov.uk/publications/northern-ireland-planning-statistics-april-2024-march-2025","geometry_precision_mix":"Application/site navigation point from official planning-statistics row; not a surveyed footprint, legal boundary, facade, room, campus, streetworks area or works extent.:1","representation":"planning and built evidence grid cell","timing_note":"Filtered by event effective year. OSM mapped-visibility dates and administrative dates can differ from real-world physical change dates.","caveat":"Planning cells are derived from source-backed event locations; they are not parcel boundaries unless source geometry is separately present.","generated_from":"web/data/city-atlas/cities/belfast/events_2025.json","lifecycle_status":"permitted","status":"source_record","cell_size_m":95,"intensity":0.289,"label":"55-57 High Street cladding works were approved"},"geometry":{"type":"Polygon","coordinates":[[[-5.927754,54.5991824],[-5.9262809,54.5991824],[-5.9262809,54.6000416],[-5.927754,54.6000416],[-5.927754,54.5991824]]]}},{"type":"Feature","properties":{"id":"lens-detail-belfast-2025-planning_cell-46","layer":"planning_cell","category":"built_environment","year":2025,"visible_year":2025,"title":"1 source-backed planning and built record","confidence":"documented","confidence_mix":"documented:1","event_count":1,"source_count":1,"source_ids":"dfi-planning-statistics-2024-25-round511","event_ids":"bfs_arch_round511_lisburn_road_restaurant_outdoor_seating_approval_2025","event_ids_all":"bfs_arch_round511_lisburn_road_restaurant_outdoor_seating_approval_2025","source_urls":"https://www.infrastructure-ni.gov.uk/publications/northern-ireland-planning-statistics-april-2024-march-2025","geometry_precision_mix":"Application/site navigation point from official planning-statistics row; not a surveyed footprint, legal boundary, facade, room, campus, streetworks area or works extent.:1","representation":"planning and built evidence grid cell","timing_note":"Filtered by event effective year. OSM mapped-visibility dates and administrative dates can differ from real-world physical change dates.","caveat":"Planning cells are derived from source-backed event locations; they are not parcel boundaries unless source geometry is separately present.","generated_from":"web/data/city-atlas/cities/belfast/events_2025.json","lifecycle_status":"permitted","status":"source_record","cell_size_m":95,"intensity":0.289,"label":"697-699 Lisburn Road restaurant outdoor seating area was approved"},"geometry":{"type":"Polygon","coordinates":[[[-5.9616353,54.5716895],[-5.9601622,54.5716895],[-5.9601622,54.5725487],[-5.9616353,54.5725487],[-5.9616353,54.5716895]]]}},{"type":"Feature","properties":{"id":"lens-detail-belfast-2025-planning_cell-47","layer":"planning_cell","category":"built_environment","year":2025,"visible_year":2025,"title":"1 source-backed planning and built record","confidence":"documented","confidence_mix":"documented:1","event_count":1,"source_count":1,"source_ids":"dfi-planning-statistics-2024-25-round511","event_ids":"bfs_arch_round511_lomond_avenue_office_hmo_extension_approval_2025","event_ids_all":"bfs_arch_round511_lomond_avenue_office_hmo_extension_approval_2025","source_urls":"https://www.infrastructure-ni.gov.uk/publications/northern-ireland-planning-statistics-april-2024-march-2025","geometry_precision_mix":"Application/site navigation point from official planning-statistics row; not a surveyed footprint, legal boundary, facade, room, campus, streetworks area or works extent.:1","representation":"planning and built evidence grid cell","timing_note":"Filtered by event effective year. OSM mapped-visibility dates and administrative dates can differ from real-world physical change dates.","caveat":"Planning cells are derived from source-backed event locations; they are not parcel boundaries unless source geometry is separately present.","generated_from":"web/data/city-atlas/cities/belfast/events_2025.json","lifecycle_status":"permitted","status":"source_record","cell_size_m":95,"intensity":0.289,"label":"1a Lomond Avenue office-to-HMO extension proposal was approved"},"geometry":{"type":"Polygon","coordinates":[[[-5.8850341,54.5983233],[-5.883561,54.5983233],[-5.883561,54.5991824],[-5.8850341,54.5991824],[-5.8850341,54.5983233]]]}},{"type":"Feature","properties":{"id":"lens-detail-belfast-2025-planning_cell-48","layer":"planning_cell","category":"built_environment","year":2025,"visible_year":2025,"title":"1 source-backed planning and built record","confidence":"documented","confidence_mix":"documented:1","event_count":1,"source_count":1,"source_ids":"dfi-planning-statistics-2024-25-round511","event_ids":"bfs_arch_round511_north_queen_street_offices_apartments_approval_2025","event_ids_all":"bfs_arch_round511_north_queen_street_offices_apartments_approval_2025","source_urls":"https://www.infrastructure-ni.gov.uk/publications/northern-ireland-planning-statistics-april-2024-march-2025","geometry_precision_mix":"Application/site navigation point from official planning-statistics row; not a surveyed footprint, legal boundary, facade, room, campus, streetworks area or works extent.:1","representation":"planning and built evidence grid cell","timing_note":"Filtered by event effective year. OSM mapped-visibility dates and administrative dates can differ from real-world physical change dates.","caveat":"Planning cells are derived from source-backed event locations; they are not parcel boundaries unless source geometry is separately present.","generated_from":"web/data/city-atlas/cities/belfast/events_2025.json","lifecycle_status":"permitted","status":"source_record","cell_size_m":95,"intensity":0.289,"label":"24-26 North Queen Street office-to-apartments change was approved"},"geometry":{"type":"Polygon","coordinates":[[[-5.9307002,54.607774],[-5.9292271,54.607774],[-5.9292271,54.6086331],[-5.9307002,54.6086331],[-5.9307002,54.607774]]]}},{"type":"Feature","properties":{"id":"lens-detail-belfast-2025-planning_cell-49","layer":"planning_cell","category":"built_environment","year":2025,"visible_year":2025,"title":"1 source-backed planning and built record","confidence":"documented","confidence_mix":"documented:1","event_count":1,"source_count":1,"source_ids":"dfi-planning-statistics-2024-25-round511","event_ids":"bfs_arch_round511_ormeau_road_glazed_veranda_approval_2025","event_ids_all":"bfs_arch_round511_ormeau_road_glazed_veranda_approval_2025","source_urls":"https://www.infrastructure-ni.gov.uk/publications/northern-ireland-planning-statistics-april-2024-march-2025","geometry_precision_mix":"Application/site navigation point from official planning-statistics row; not a surveyed footprint, legal boundary, facade, room, campus, streetworks area or works extent.:1","representation":"planning and built evidence grid cell","timing_note":"Filtered by event effective year. OSM mapped-visibility dates and administrative dates can differ from real-world physical change dates.","caveat":"Planning cells are derived from source-backed event locations; they are not parcel boundaries unless source geometry is separately present.","generated_from":"web/data/city-atlas/cities/belfast/events_2025.json","lifecycle_status":"permitted","status":"source_record","cell_size_m":95,"intensity":0.289,"label":"120 Ormeau Road glazed veranda enclosure was approved"},"geometry":{"type":"Polygon","coordinates":[[[-5.9233347,54.585436],[-5.9218616,54.585436],[-5.9218616,54.5862952],[-5.9233347,54.5862952],[-5.9233347,54.585436]]]}},{"type":"Feature","properties":{"id":"lens-detail-belfast-2025-planning_cell-5","layer":"planning_cell","category":"built_environment","year":2025,"visible_year":2025,"title":"1 source-backed planning and built record","confidence":"documented","confidence_mix":"documented:1","event_count":1,"source_count":1,"source_ids":"dfi-planning-statistics-2024-25-round477","event_ids":"bfs_arch_round477_parkmore_childcare_building_approval_2025","event_ids_all":"bfs_arch_round477_parkmore_childcare_building_approval_2025","source_urls":"https://www.infrastructure-ni.gov.uk/publications/northern-ireland-planning-statistics-april-2024-march-2025","geometry_precision_mix":"Approximate application/site navigation point from official planning-statistics row; not a surveyed footprint, legal boundary, facade, room, campus, streetworks area or works extent.:1","representation":"planning and built evidence grid cell","timing_note":"Filtered by event effective year. OSM mapped-visibility dates and administrative dates can differ from real-world physical change dates.","caveat":"Planning cells are derived from source-backed event locations; they are not parcel boundaries unless source geometry is separately present.","generated_from":"web/data/city-atlas/cities/belfast/events_2025.json","lifecycle_status":"permitted","status":"source_record","cell_size_m":95,"intensity":0.289,"label":"Parkmore Building childcare-building permission was approved"},"geometry":{"type":"Polygon","coordinates":[[[-5.9041844,54.5802811],[-5.9027113,54.5802811],[-5.9027113,54.5811402],[-5.9041844,54.5811402],[-5.9041844,54.5802811]]]}},{"type":"Feature","properties":{"id":"lens-detail-belfast-2025-planning_cell-50","layer":"planning_cell","category":"built_environment","year":2025,"visible_year":2025,"title":"1 source-backed planning and built record","confidence":"documented","confidence_mix":"documented:1","event_count":1,"source_count":1,"source_ids":"dfi-planning-statistics-2024-25-round511","event_ids":"bfs_arch_round511_victoria_street_upper_floor_lbc_2025","event_ids_all":"bfs_arch_round511_victoria_street_upper_floor_lbc_2025","source_urls":"https://www.infrastructure-ni.gov.uk/publications/northern-ireland-planning-statistics-april-2024-march-2025","geometry_precision_mix":"Application/site navigation point from official planning-statistics row; not a surveyed footprint, legal boundary, facade, room, campus, streetworks area or works extent.:1","representation":"planning and built evidence grid cell","timing_note":"Filtered by event effective year. OSM mapped-visibility dates and administrative dates can differ from real-world physical change dates.","caveat":"Planning cells are derived from source-backed event locations; they are not parcel boundaries unless source geometry is separately present.","generated_from":"web/data/city-atlas/cities/belfast/events_2025.json","lifecycle_status":"permitted","status":"source_record","cell_size_m":95,"intensity":0.289,"label":"34-38 Victoria Street upper-floor listed-building works consent was approved"},"geometry":{"type":"Polygon","coordinates":[[[-5.9248078,54.5991824],[-5.9233347,54.5991824],[-5.9233347,54.6000416],[-5.9248078,54.6000416],[-5.9248078,54.5991824]]]}},{"type":"Feature","properties":{"id":"lens-detail-belfast-2025-planning_cell-51","layer":"planning_cell","category":"built_environment","year":2025,"visible_year":2025,"title":"1 source-backed planning and built record","confidence":"documented","confidence_mix":"documented:1","event_count":1,"source_count":1,"source_ids":"dfi-planning-statistics-2024-25-round511","event_ids":"bfs_arch_round511_west_belfast_sports_social_club_terrace_approval_2025","event_ids_all":"bfs_arch_round511_west_belfast_sports_social_club_terrace_approval_2025","source_urls":"https://www.infrastructure-ni.gov.uk/publications/northern-ireland-planning-statistics-april-2024-march-2025","geometry_precision_mix":"Application/site navigation point from official planning-statistics row; not a surveyed footprint, legal boundary, facade, room, campus, streetworks area or works extent.:1","representation":"planning and built evidence grid cell","timing_note":"Filtered by event effective year. OSM mapped-visibility dates and administrative dates can differ from real-world physical change dates.","caveat":"Planning cells are derived from source-backed event locations; they are not parcel boundaries unless source geometry is separately present.","generated_from":"web/data/city-atlas/cities/belfast/events_2025.json","lifecycle_status":"permitted","status":"source_record","cell_size_m":95,"intensity":0.289,"label":"West Belfast Sports and Social Club raised terrace retention was approved"},"geometry":{"type":"Polygon","coordinates":[[[-5.9675277,54.5905909],[-5.9660546,54.5905909],[-5.9660546,54.5914501],[-5.9675277,54.5914501],[-5.9675277,54.5905909]]]}},{"type":"Feature","properties":{"id":"lens-detail-belfast-2025-planning_cell-52","layer":"planning_cell","category":"built_environment","year":2025,"visible_year":2025,"title":"1 source-backed planning and built record","confidence":"documented","confidence_mix":"documented:1","event_count":1,"source_count":1,"source_ids":"dfi-planning-statistics-2024-25-round511","event_ids":"bfs_arch_round511_woodstock_road_offices_short_let_extension_approval_2025","event_ids_all":"bfs_arch_round511_woodstock_road_offices_short_let_extension_approval_2025","source_urls":"https://www.infrastructure-ni.gov.uk/publications/northern-ireland-planning-statistics-april-2024-march-2025","geometry_precision_mix":"Application/site navigation point from official planning-statistics row; not a surveyed footprint, legal boundary, facade, room, campus, streetworks area or works extent.:1","representation":"planning and built evidence grid cell","timing_note":"Filtered by event effective year. OSM mapped-visibility dates and administrative dates can differ from real-world physical change dates.","caveat":"Planning cells are derived from source-backed event locations; they are not parcel boundaries unless source geometry is separately present.","generated_from":"web/data/city-atlas/cities/belfast/events_2025.json","lifecycle_status":"permitted","status":"source_record","cell_size_m":95,"intensity":0.289,"label":"425 Woodstock Road office-to-short-let extension proposal was approved"},"geometry":{"type":"Polygon","coordinates":[[[-5.9012382,54.585436],[-5.8997651,54.585436],[-5.8997651,54.5862952],[-5.9012382,54.5862952],[-5.9012382,54.585436]]]}},{"type":"Feature","properties":{"id":"lens-detail-belfast-2025-planning_cell-53","layer":"planning_cell","category":"built_environment","year":2025,"visible_year":2025,"title":"1 source-backed planning and built record","confidence":"documented","confidence_mix":"documented:1","event_count":1,"source_count":1,"source_ids":"dfi-planning-statistics-2024-25-round511","event_ids":"bfs_arch_round511_woodstock_road_two_apartments_approval_2025","event_ids_all":"bfs_arch_round511_woodstock_road_two_apartments_approval_2025","source_urls":"https://www.infrastructure-ni.gov.uk/publications/northern-ireland-planning-statistics-april-2024-march-2025","geometry_precision_mix":"Application/site navigation point from official planning-statistics row; not a surveyed footprint, legal boundary, facade, room, campus, streetworks area or works extent.:1","representation":"planning and built evidence grid cell","timing_note":"Filtered by event effective year. OSM mapped-visibility dates and administrative dates can differ from real-world physical change dates.","caveat":"Planning cells are derived from source-backed event locations; they are not parcel boundaries unless source geometry is separately present.","generated_from":"web/data/city-atlas/cities/belfast/events_2025.json","lifecycle_status":"permitted","status":"source_record","cell_size_m":95,"intensity":0.289,"label":"286 Woodstock Road two-apartment conversion was approved"},"geometry":{"type":"Polygon","coordinates":[[[-5.9027113,54.5897318],[-5.9012382,54.5897318],[-5.9012382,54.5905909],[-5.9027113,54.5905909],[-5.9027113,54.5897318]]]}},{"type":"Feature","properties":{"id":"lens-detail-belfast-2025-planning_cell-54","layer":"planning_cell","category":"built_environment","year":2025,"visible_year":2025,"title":"1 source-backed planning and built record","confidence":"documented","confidence_mix":"documented:1","event_count":1,"source_count":1,"source_ids":"dfi-planning-statistics-2024-25-round519","event_ids":"bfs_arch_round519_cyprus_avenue_external_wall_demolition_consent_2025","event_ids_all":"bfs_arch_round519_cyprus_avenue_external_wall_demolition_consent_2025","source_urls":"https://www.infrastructure-ni.gov.uk/publications/northern-ireland-planning-statistics-april-2024-march-2025","geometry_precision_mix":"Application/site navigation point from official planning-statistics row; not a surveyed footprint, legal boundary, facade, room, campus, streetworks area or works extent.:1","representation":"planning and built evidence grid cell","timing_note":"Filtered by event effective year. OSM mapped-visibility dates and administrative dates can differ from real-world physical change dates.","caveat":"Planning cells are derived from source-backed event locations; they are not parcel boundaries unless source geometry is separately present.","generated_from":"web/data/city-atlas/cities/belfast/events_2025.json","lifecycle_status":"demolished","status":"source_record","cell_size_m":95,"intensity":0.289,"label":"10 Cyprus Avenue external-wall demolition consent was approved"},"geometry":{"type":"Polygon","coordinates":[[[-5.8806148,54.5948867],[-5.8791417,54.5948867],[-5.8791417,54.5957458],[-5.8806148,54.5957458],[-5.8806148,54.5948867]]]}},{"type":"Feature","properties":{"id":"lens-detail-belfast-2025-planning_cell-55","layer":"planning_cell","category":"built_environment","year":2025,"visible_year":2025,"title":"1 source-backed planning and built record","confidence":"documented","confidence_mix":"documented:1","event_count":1,"source_count":1,"source_ids":"dfi-planning-statistics-2024-25-round519","event_ids":"bfs_arch_round519_derryvolgie_avenue_apartment_amalgamation_extension_approval_2025","event_ids_all":"bfs_arch_round519_derryvolgie_avenue_apartment_amalgamation_extension_approval_2025","source_urls":"https://www.infrastructure-ni.gov.uk/publications/northern-ireland-planning-statistics-april-2024-march-2025","geometry_precision_mix":"Application/site navigation point from official planning-statistics row; not a surveyed footprint, legal boundary, facade, room, campus, streetworks area or works extent.:1","representation":"planning and built evidence grid cell","timing_note":"Filtered by event effective year. OSM mapped-visibility dates and administrative dates can differ from real-world physical change dates.","caveat":"Planning cells are derived from source-backed event locations; they are not parcel boundaries unless source geometry is separately present.","generated_from":"web/data/city-atlas/cities/belfast/events_2025.json","lifecycle_status":"permitted","status":"source_record","cell_size_m":95,"intensity":0.289,"label":"3 Derryvolgie Avenue apartment-amalgamation and extension works were approved"},"geometry":{"type":"Polygon","coordinates":[[[-5.9498505,54.5785628],[-5.9483774,54.5785628],[-5.9483774,54.5794219],[-5.9498505,54.5794219],[-5.9498505,54.5785628]]]}},{"type":"Feature","properties":{"id":"lens-detail-belfast-2025-planning_cell-56","layer":"planning_cell","category":"built_environment","year":2025,"visible_year":2025,"title":"1 source-backed planning and built record","confidence":"documented","confidence_mix":"documented:1","event_count":1,"source_count":1,"source_ids":"dfi-planning-statistics-2024-25-round527","event_ids":"bfs_arch_round527_chichester_park_counselling_facility_change_approval_2025","event_ids_all":"bfs_arch_round527_chichester_park_counselling_facility_change_approval_2025","source_urls":"https://www.infrastructure-ni.gov.uk/publications/northern-ireland-planning-statistics-april-2024-march-2025","geometry_precision_mix":"Application/site navigation point from official planning-statistics row; not a surveyed footprint, legal boundary, facade, room, campus, streetworks area or works extent.:1","representation":"planning and built evidence grid cell","timing_note":"Filtered by event effective year. OSM mapped-visibility dates and administrative dates can differ from real-world physical change dates.","caveat":"Planning cells are derived from source-backed event locations; they are not parcel boundaries unless source geometry is separately present.","generated_from":"web/data/city-atlas/cities/belfast/events_2025.json","lifecycle_status":"permitted","status":"source_record","cell_size_m":95,"intensity":0.289,"label":"4 Chichester Park Central counselling-facility approval was recorded"},"geometry":{"type":"Polygon","coordinates":[[[-5.942485,54.6275345],[-5.9410119,54.6275345],[-5.9410119,54.6283937],[-5.942485,54.6283937],[-5.942485,54.6275345]]]}},{"type":"Feature","properties":{"id":"lens-detail-belfast-2025-planning_cell-57","layer":"planning_cell","category":"built_environment","year":2025,"visible_year":2025,"title":"1 source-backed planning and built record","confidence":"documented","confidence_mix":"documented:1","event_count":1,"source_count":1,"source_ids":"dfi-planning-statistics-2024-25-round527","event_ids":"bfs_arch_round527_harberton_drive_store_conversion_extension_approval_2025","event_ids_all":"bfs_arch_round527_harberton_drive_store_conversion_extension_approval_2025","source_urls":"https://www.infrastructure-ni.gov.uk/publications/northern-ireland-planning-statistics-april-2024-march-2025","geometry_precision_mix":"Application/site navigation point from official planning-statistics row; not a surveyed footprint, legal boundary, facade, room, campus, streetworks area or works extent.:1","representation":"planning and built evidence grid cell","timing_note":"Filtered by event effective year. OSM mapped-visibility dates and administrative dates can differ from real-world physical change dates.","caveat":"Planning cells are derived from source-backed event locations; they are not parcel boundaries unless source geometry is separately present.","generated_from":"web/data/city-atlas/cities/belfast/events_2025.json","lifecycle_status":"permitted","status":"source_record","cell_size_m":95,"intensity":0.289,"label":"3 Harberton Drive extension and store-conversion approvals were recorded"},"geometry":{"type":"Polygon","coordinates":[[[-5.9645815,54.5665346],[-5.9631084,54.5665346],[-5.9631084,54.5673938],[-5.9645815,54.5673938],[-5.9645815,54.5665346]]]}},{"type":"Feature","properties":{"id":"lens-detail-belfast-2025-planning_cell-59","layer":"planning_cell","category":"built_environment","year":2025,"visible_year":2025,"title":"1 source-backed planning and built record","confidence":"documented","confidence_mix":"documented:1","event_count":1,"source_count":1,"source_ids":"dfi-planning-statistics-2024-25-round538","event_ids":"bfs_arch_round538_cherryvalley_gardens_rear_extension_patio_approval_2025","event_ids_all":"bfs_arch_round538_cherryvalley_gardens_rear_extension_patio_approval_2025","source_urls":"https://www.infrastructure-ni.gov.uk/publications/northern-ireland-planning-statistics-april-2024-march-2025","geometry_precision_mix":"Application/site navigation point from official planning-statistics row; not a surveyed footprint, legal boundary, facade, room, campus, streetworks area or works extent.:1","representation":"planning and built evidence grid cell","timing_note":"Filtered by event effective year. OSM mapped-visibility dates and administrative dates can differ from real-world physical change dates.","caveat":"Planning cells are derived from source-backed event locations; they are not parcel boundaries unless source geometry is separately present.","generated_from":"web/data/city-atlas/cities/belfast/events_2025.json","lifecycle_status":"permitted","status":"source_record","cell_size_m":95,"intensity":0.289,"label":"19 Cherryvalley Gardens rear-extension and patio approval was recorded"},"geometry":{"type":"Polygon","coordinates":[[[-5.8496797,54.5862952],[-5.8482066,54.5862952],[-5.8482066,54.5871543],[-5.8496797,54.5871543],[-5.8496797,54.5862952]]]}},{"type":"Feature","properties":{"id":"lens-detail-belfast-2025-planning_cell-6","layer":"planning_cell","category":"built_environment","year":2025,"visible_year":2025,"title":"1 source-backed planning and built record","confidence":"documented","confidence_mix":"documented:1","event_count":1,"source_count":1,"source_ids":"dfi-planning-statistics-2024-25-round487","event_ids":"bfs_arch_round487_albertbridge_road_office_commercial_to_apartments_approval_2025","event_ids_all":"bfs_arch_round487_albertbridge_road_office_commercial_to_apartments_approval_2025","source_urls":"https://www.infrastructure-ni.gov.uk/publications/northern-ireland-planning-statistics-april-2024-march-2025","geometry_precision_mix":"Application/site navigation point from official planning-statistics row; not a surveyed footprint, legal boundary, facade, room, campus, streetworks area or works extent.:1","representation":"planning and built evidence grid cell","timing_note":"Filtered by event effective year. OSM mapped-visibility dates and administrative dates can differ from real-world physical change dates.","caveat":"Planning cells are derived from source-backed event locations; they are not parcel boundaries unless source geometry is separately present.","generated_from":"web/data/city-atlas/cities/belfast/events_2025.json","lifecycle_status":"permitted","status":"source_record","cell_size_m":95,"intensity":0.289,"label":"157 Albertbridge Road office/commercial to apartments change of use was approved"},"geometry":{"type":"Polygon","coordinates":[[[-5.9041844,54.5948867],[-5.9027113,54.5948867],[-5.9027113,54.5957458],[-5.9041844,54.5957458],[-5.9041844,54.5948867]]]}},{"type":"Feature","properties":{"id":"lens-detail-belfast-2025-planning_cell-60","layer":"planning_cell","category":"built_environment","year":2025,"visible_year":2025,"title":"1 source-backed planning and built record","confidence":"documented","confidence_mix":"documented:1","event_count":1,"source_count":1,"source_ids":"dfi-planning-statistics-2024-25-round538","event_ids":"bfs_arch_round538_circular_road_replacement_dwelling_approval_2025","event_ids_all":"bfs_arch_round538_circular_road_replacement_dwelling_approval_2025","source_urls":"https://www.infrastructure-ni.gov.uk/publications/northern-ireland-planning-statistics-april-2024-march-2025","geometry_precision_mix":"Application/site navigation point from official planning-statistics row; not a surveyed footprint, legal boundary, facade, room, campus, streetworks area or works extent.:1","representation":"planning and built evidence grid cell","timing_note":"Filtered by event effective year. OSM mapped-visibility dates and administrative dates can differ from real-world physical change dates.","caveat":"Planning cells are derived from source-backed event locations; they are not parcel boundaries unless source geometry is separately present.","generated_from":"web/data/city-atlas/cities/belfast/events_2025.json","lifecycle_status":"permitted","status":"source_record","cell_size_m":95,"intensity":0.289,"label":"42 Circular Road replacement-dwelling approval was recorded"},"geometry":{"type":"Polygon","coordinates":[[[-5.8658838,54.6043374],[-5.8644107,54.6043374],[-5.8644107,54.6051965],[-5.8658838,54.6051965],[-5.8658838,54.6043374]]]}},{"type":"Feature","properties":{"id":"lens-detail-belfast-2025-planning_cell-61","layer":"planning_cell","category":"built_environment","year":2025,"visible_year":2025,"title":"1 source-backed planning and built record","confidence":"documented","confidence_mix":"documented:1","event_count":1,"source_count":1,"source_ids":"dfi-planning-statistics-2024-25-round538","event_ids":"bfs_arch_round538_cregagh_road_conservatory_rear_extension_approval_2025","event_ids_all":"bfs_arch_round538_cregagh_road_conservatory_rear_extension_approval_2025","source_urls":"https://www.infrastructure-ni.gov.uk/publications/northern-ireland-planning-statistics-april-2024-march-2025","geometry_precision_mix":"Application/site navigation point from official planning-statistics row; not a surveyed footprint, legal boundary, facade, room, campus, streetworks area or works extent.:1","representation":"planning and built evidence grid cell","timing_note":"Filtered by event effective year. OSM mapped-visibility dates and administrative dates can differ from real-world physical change dates.","caveat":"Planning cells are derived from source-backed event locations; they are not parcel boundaries unless source geometry is separately present.","generated_from":"web/data/city-atlas/cities/belfast/events_2025.json","lifecycle_status":"permitted","status":"source_record","cell_size_m":95,"intensity":0.289,"label":"114 Cregagh Road conservatory replacement-extension approval was recorded"},"geometry":{"type":"Polygon","coordinates":[[[-5.898292,54.5802811],[-5.8968189,54.5802811],[-5.8968189,54.5811402],[-5.898292,54.5811402],[-5.898292,54.5802811]]]}},{"type":"Feature","properties":{"id":"lens-detail-belfast-2025-planning_cell-62","layer":"planning_cell","category":"built_environment","year":2025,"visible_year":2025,"title":"1 source-backed planning and built record","confidence":"documented","confidence_mix":"documented:1","event_count":1,"source_count":1,"source_ids":"dfi-planning-statistics-2024-25-round538","event_ids":"bfs_arch_round538_dunlambert_drive_outbuilding_extension_approval_2025","event_ids_all":"bfs_arch_round538_dunlambert_drive_outbuilding_extension_approval_2025","source_urls":"https://www.infrastructure-ni.gov.uk/publications/northern-ireland-planning-statistics-april-2024-march-2025","geometry_precision_mix":"Application/site navigation point from official planning-statistics row; not a surveyed footprint, legal boundary, facade, room, campus, streetworks area or works extent.:1","representation":"planning and built evidence grid cell","timing_note":"Filtered by event effective year. OSM mapped-visibility dates and administrative dates can differ from real-world physical change dates.","caveat":"Planning cells are derived from source-backed event locations; they are not parcel boundaries unless source geometry is separately present.","generated_from":"web/data/city-atlas/cities/belfast/events_2025.json","lifecycle_status":"demolished","status":"source_record","cell_size_m":95,"intensity":0.289,"label":"9 Dunlambert Drive outbuilding-demolition and extension approval was recorded"},"geometry":{"type":"Polygon","coordinates":[[[-5.9307002,54.6275345],[-5.9292271,54.6275345],[-5.9292271,54.6283937],[-5.9307002,54.6283937],[-5.9307002,54.6275345]]]}},{"type":"Feature","properties":{"id":"lens-detail-belfast-2025-planning_cell-63","layer":"planning_cell","category":"built_environment","year":2025,"visible_year":2025,"title":"1 source-backed planning and built record","confidence":"documented","confidence_mix":"documented:1","event_count":1,"source_count":1,"source_ids":"dfi-planning-statistics-2024-25-round538","event_ids":"bfs_arch_round538_kirkliston_drive_extension_demolition_approval_2025","event_ids_all":"bfs_arch_round538_kirkliston_drive_extension_demolition_approval_2025","source_urls":"https://www.infrastructure-ni.gov.uk/publications/northern-ireland-planning-statistics-april-2024-march-2025","geometry_precision_mix":"Application/site navigation point from official planning-statistics row; not a surveyed footprint, legal boundary, facade, room, campus, streetworks area or works extent.:1","representation":"planning and built evidence grid cell","timing_note":"Filtered by event effective year. OSM mapped-visibility dates and administrative dates can differ from real-world physical change dates.","caveat":"Planning cells are derived from source-backed event locations; they are not parcel boundaries unless source geometry is separately present.","generated_from":"web/data/city-atlas/cities/belfast/events_2025.json","lifecycle_status":"permitted","status":"source_record","cell_size_m":95,"intensity":0.289,"label":"2 Kirkliston Drive rear and side extension approvals were recorded"},"geometry":{"type":"Polygon","coordinates":[[[-5.8791417,54.5940275],[-5.8776686,54.5940275],[-5.8776686,54.5948867],[-5.8791417,54.5948867],[-5.8791417,54.5940275]]]}},{"type":"Feature","properties":{"id":"lens-detail-belfast-2025-planning_cell-64","layer":"planning_cell","category":"built_environment","year":2025,"visible_year":2025,"title":"1 source-backed planning and built record","confidence":"documented","confidence_mix":"documented:1","event_count":1,"source_count":1,"source_ids":"dfi-planning-statistics-2024-25-round538","event_ids":"bfs_arch_round538_lismoyne_park_sunroom_replacement_extension_approval_2025","event_ids_all":"bfs_arch_round538_lismoyne_park_sunroom_replacement_extension_approval_2025","source_urls":"https://www.infrastructure-ni.gov.uk/publications/northern-ireland-planning-statistics-april-2024-march-2025","geometry_precision_mix":"Application/site navigation point from official planning-statistics row; not a surveyed footprint, legal boundary, facade, room, campus, streetworks area or works extent.:1","representation":"planning and built evidence grid cell","timing_note":"Filtered by event effective year. OSM mapped-visibility dates and administrative dates can differ from real-world physical change dates.","caveat":"Planning cells are derived from source-backed event locations; they are not parcel boundaries unless source geometry is separately present.","generated_from":"web/data/city-atlas/cities/belfast/events_2025.json","lifecycle_status":"demolished","status":"source_record","cell_size_m":95,"intensity":0.289,"label":"15 Lismoyne Park sunroom-demolition and rear-extension approval was recorded"},"geometry":{"type":"Polygon","coordinates":[[[-5.942485,54.6352669],[-5.9410119,54.6352669],[-5.9410119,54.636126],[-5.942485,54.636126],[-5.942485,54.6352669]]]}},{"type":"Feature","properties":{"id":"lens-detail-belfast-2025-planning_cell-65","layer":"planning_cell","category":"built_environment","year":2025,"visible_year":2025,"title":"1 source-backed planning and built record","confidence":"documented","confidence_mix":"documented:1","event_count":1,"source_count":1,"source_ids":"dfi-planning-statistics-2024-25-round538","event_ids":"bfs_arch_round538_marlborough_park_north_gable_extension_approval_2025","event_ids_all":"bfs_arch_round538_marlborough_park_north_gable_extension_approval_2025","source_urls":"https://www.infrastructure-ni.gov.uk/publications/northern-ireland-planning-statistics-april-2024-march-2025","geometry_precision_mix":"Application/site navigation point from official planning-statistics row; not a surveyed footprint, legal boundary, facade, room, campus, streetworks area or works extent.:1","representation":"planning and built evidence grid cell","timing_note":"Filtered by event effective year. OSM mapped-visibility dates and administrative dates can differ from real-world physical change dates.","caveat":"Planning cells are derived from source-backed event locations; they are not parcel boundaries unless source geometry is separately present.","generated_from":"web/data/city-atlas/cities/belfast/events_2025.json","lifecycle_status":"demolished","status":"source_record","cell_size_m":95,"intensity":0.289,"label":"80 Marlborough Park North gable-demolition and side-extension approvals were recorded"},"geometry":{"type":"Polygon","coordinates":[[[-5.9513236,54.5751262],[-5.9498505,54.5751262],[-5.9498505,54.5759853],[-5.9513236,54.5759853],[-5.9513236,54.5751262]]]}},{"type":"Feature","properties":{"id":"lens-detail-belfast-2025-planning_cell-66","layer":"planning_cell","category":"built_environment","year":2025,"visible_year":2025,"title":"1 source-backed planning and built record","confidence":"documented","confidence_mix":"documented:1","event_count":1,"source_count":1,"source_ids":"dfi-planning-statistics-2024-25-round569","event_ids":"bfs_arch_round569_16_glen_crescent_2024_1432_f_approval_2024","event_ids_all":"bfs_arch_round569_16_glen_crescent_2024_1432_f_approval_2024","source_urls":"https://www.infrastructure-ni.gov.uk/publications/northern-ireland-planning-statistics-april-2024-march-2025","geometry_precision_mix":"Application/site navigation point from official planning-statistics row; not a surveyed footprint, legal boundary, facade, room, campus, streetworks area or works extent.:1","representation":"planning and built evidence grid cell","timing_note":"Filtered by event effective year. OSM mapped-visibility dates and administrative dates can differ from real-world physical change dates.","caveat":"Planning cells are derived from source-backed event locations; they are not parcel boundaries unless source geometry is separately present.","generated_from":"web/data/city-atlas/cities/belfast/events_2025.json","lifecycle_status":"permitted","status":"source_record","cell_size_m":95,"intensity":0.289,"label":"16 Glen Crescent new dwelling and associated site works approval was recorded"},"geometry":{"type":"Polygon","coordinates":[[[-5.9807856,54.5828585],[-5.9793125,54.5828585],[-5.9793125,54.5837177],[-5.9807856,54.5837177],[-5.9807856,54.5828585]]]}},{"type":"Feature","properties":{"id":"lens-detail-belfast-2025-planning_cell-67","layer":"planning_cell","category":"built_environment","year":2025,"visible_year":2025,"title":"1 source-backed planning and built record","confidence":"documented","confidence_mix":"documented:1","event_count":1,"source_count":1,"source_ids":"dfi-planning-statistics-2024-25-round569","event_ids":"bfs_arch_round569_30_dorchester_park_2024_1519_f_approval_2024","event_ids_all":"bfs_arch_round569_30_dorchester_park_2024_1519_f_approval_2024","source_urls":"https://www.infrastructure-ni.gov.uk/publications/northern-ireland-planning-statistics-april-2024-march-2025","geometry_precision_mix":"Application/site navigation point from official planning-statistics row; not a surveyed footprint, legal boundary, facade, room, campus, streetworks area or works extent.:1","representation":"planning and built evidence grid cell","timing_note":"Filtered by event effective year. OSM mapped-visibility dates and administrative dates can differ from real-world physical change dates.","caveat":"Planning cells are derived from source-backed event locations; they are not parcel boundaries unless source geometry is separately present.","generated_from":"web/data/city-atlas/cities/belfast/events_2025.json","lifecycle_status":"demolished","status":"source_record","cell_size_m":95,"intensity":0.289,"label":"30 Dorchester Park proposed erection of replacement dwelling and attached garage with demolition of existing dwelling and dectached..."},"geometry":{"type":"Polygon","coordinates":[[[-5.9601622,54.5596614],[-5.9586891,54.5596614],[-5.9586891,54.5605206],[-5.9601622,54.5605206],[-5.9601622,54.5596614]]]}},{"type":"Feature","properties":{"id":"lens-detail-belfast-2025-planning_cell-68","layer":"planning_cell","category":"built_environment","year":2025,"visible_year":2025,"title":"1 source-backed planning and built record","confidence":"documented","confidence_mix":"documented:1","event_count":1,"source_count":1,"source_ids":"dfi-planning-statistics-2024-25-round569","event_ids":"bfs_arch_round569_58_trossachs_drive_2024_1468_f_approval_2024","event_ids_all":"bfs_arch_round569_58_trossachs_drive_2024_1468_f_approval_2024","source_urls":"https://www.infrastructure-ni.gov.uk/publications/northern-ireland-planning-statistics-april-2024-march-2025","geometry_precision_mix":"Application/site navigation point from official planning-statistics row; not a surveyed footprint, legal boundary, facade, room, campus, streetworks area or works extent.:1","representation":"planning and built evidence grid cell","timing_note":"Filtered by event effective year. OSM mapped-visibility dates and administrative dates can differ from real-world physical change dates.","caveat":"Planning cells are derived from source-backed event locations; they are not parcel boundaries unless source geometry is separately present.","generated_from":"web/data/city-atlas/cities/belfast/events_2025.json","lifecycle_status":"permitted","status":"source_record","cell_size_m":95,"intensity":0.289,"label":"58 Trossachs Drive alterations to roof of existing dwelling to facilitate proposed semi-detached dwelling. renewal of application..."},"geometry":{"type":"Polygon","coordinates":[[[-5.9807856,54.551929],[-5.9793125,54.551929],[-5.9793125,54.5527882],[-5.9807856,54.5527882],[-5.9807856,54.551929]]]}},{"type":"Feature","properties":{"id":"lens-detail-belfast-2025-planning_cell-69","layer":"planning_cell","category":"built_environment","year":2025,"visible_year":2025,"title":"1 source-backed planning and built record","confidence":"documented","confidence_mix":"documented:1","event_count":1,"source_count":1,"source_ids":"dfi-planning-statistics-2024-25-round569","event_ids":"bfs_arch_round569_bedford_house_16_22_bedford_street_2024_1831_f_approval_2024","event_ids_all":"bfs_arch_round569_bedford_house_16_22_bedford_street_2024_1831_f_approval_2024","source_urls":"https://www.infrastructure-ni.gov.uk/publications/northern-ireland-planning-statistics-april-2024-march-2025","geometry_precision_mix":"Application/site navigation point from official planning-statistics row; not a surveyed footprint, legal boundary, facade, room, campus, streetworks area or works extent.:1","representation":"planning and built evidence grid cell","timing_note":"Filtered by event effective year. OSM mapped-visibility dates and administrative dates can differ from real-world physical change dates.","caveat":"Planning cells are derived from source-backed event locations; they are not parcel boundaries unless source geometry is separately present.","generated_from":"web/data/city-atlas/cities/belfast/events_2025.json","lifecycle_status":"permitted","status":"source_record","cell_size_m":95,"intensity":0.289,"label":"Bedford House, 16-22 Bedford Street installation of new metal double fire escape doors and masonry walls on franklin street elevation..."},"geometry":{"type":"Polygon","coordinates":[[[-5.9321733,54.5948867],[-5.9307002,54.5948867],[-5.9307002,54.5957458],[-5.9321733,54.5957458],[-5.9321733,54.5948867]]]}},{"type":"Feature","properties":{"id":"lens-detail-belfast-2025-planning_cell-7","layer":"planning_cell","category":"built_environment","year":2025,"visible_year":2025,"title":"1 source-backed planning and built record","confidence":"documented","confidence_mix":"documented:1","event_count":1,"source_count":1,"source_ids":"dfi-planning-statistics-2024-25-round487","event_ids":"bfs_arch_round487_botanic_avenue_ceiling_floor_repairs_lbc_2025","event_ids_all":"bfs_arch_round487_botanic_avenue_ceiling_floor_repairs_lbc_2025","source_urls":"https://www.infrastructure-ni.gov.uk/publications/northern-ireland-planning-statistics-april-2024-march-2025","geometry_precision_mix":"Application/site navigation point from official planning-statistics row; not a surveyed footprint, legal boundary, facade, room, campus, streetworks area or works extent.:1","representation":"planning and built evidence grid cell","timing_note":"Filtered by event effective year. OSM mapped-visibility dates and administrative dates can differ from real-world physical change dates.","caveat":"Planning cells are derived from source-backed event locations; they are not parcel boundaries unless source geometry is separately present.","generated_from":"web/data/city-atlas/cities/belfast/events_2025.json","lifecycle_status":"permitted","status":"source_record","cell_size_m":95,"intensity":0.289,"label":"108 Botanic Avenue ceiling and floor repairs consent was approved"},"geometry":{"type":"Polygon","coordinates":[[[-5.9321733,54.5845768],[-5.9307002,54.5845768],[-5.9307002,54.585436],[-5.9321733,54.585436],[-5.9321733,54.5845768]]]}},{"type":"Feature","properties":{"id":"lens-detail-belfast-2025-planning_cell-70","layer":"planning_cell","category":"built_environment","year":2025,"visible_year":2025,"title":"1 source-backed planning and built record","confidence":"documented","confidence_mix":"documented:1","event_count":1,"source_count":1,"source_ids":"dfi-planning-statistics-2024-25-round569","event_ids":"bfs_arch_round569_lands_including_and_to_the_rear_of_no_43_finaghy_park_central_2024_0521_rm_approval_2024","event_ids_all":"bfs_arch_round569_lands_including_and_to_the_rear_of_no_43_finaghy_park_central_2024_0521_rm_approval_2024","source_urls":"https://www.infrastructure-ni.gov.uk/publications/northern-ireland-planning-statistics-april-2024-march-2025","geometry_precision_mix":"Application/site navigation point from official planning-statistics row; not a surveyed footprint, legal boundary, facade, room, campus, streetworks area or works extent.:1","representation":"planning and built evidence grid cell","timing_note":"Filtered by event effective year. OSM mapped-visibility dates and administrative dates can differ from real-world physical change dates.","caveat":"Planning cells are derived from source-backed event locations; they are not parcel boundaries unless source geometry is separately present.","generated_from":"web/data/city-atlas/cities/belfast/events_2025.json","lifecycle_status":"permitted","status":"source_record","cell_size_m":95,"intensity":0.289,"label":"Lands including and to the rear of No. 43 Finaghy Park Central one and a half storey dwelling and garage, amended access and associated..."},"geometry":{"type":"Polygon","coordinates":[[[-5.9925704,54.5605206],[-5.9910973,54.5605206],[-5.9910973,54.5613797],[-5.9925704,54.5613797],[-5.9925704,54.5605206]]]}},{"type":"Feature","properties":{"id":"lens-detail-belfast-2025-planning_cell-71","layer":"planning_cell","category":"built_environment","year":2025,"visible_year":2025,"title":"1 source-backed planning and built record","confidence":"documented","confidence_mix":"documented:1","event_count":1,"source_count":1,"source_ids":"dfi-planning-statistics-2024-25-round577","event_ids":"bfs_arch_round577_10_lansdowne_park_2024_1779_f_approval_2025","event_ids_all":"bfs_arch_round577_10_lansdowne_park_2024_1779_f_approval_2025","source_urls":"https://www.infrastructure-ni.gov.uk/publications/northern-ireland-planning-statistics-april-2024-march-2025","geometry_precision_mix":"Application/site navigation point from official planning-statistics row; not a surveyed footprint, legal boundary, facade, room, campus, streetworks area or works extent.:1","representation":"planning and built evidence grid cell","timing_note":"Filtered by event effective year. OSM mapped-visibility dates and administrative dates can differ from real-world physical change dates.","caveat":"Planning cells are derived from source-backed event locations; they are not parcel boundaries unless source geometry is separately present.","generated_from":"web/data/city-atlas/cities/belfast/events_2025.json","lifecycle_status":"permitted","status":"source_record","cell_size_m":95,"intensity":0.289,"label":"10 Lansdowne Park (amended description) proposed single storey rear /side extension and patio area, demolishing existing kitchen..."},"geometry":{"type":"Polygon","coordinates":[[[-5.9262809,54.624957],[-5.9248078,54.624957],[-5.9248078,54.6258162],[-5.9262809,54.6258162],[-5.9262809,54.624957]]]}},{"type":"Feature","properties":{"id":"lens-detail-belfast-2025-planning_cell-72","layer":"planning_cell","category":"built_environment","year":2025,"visible_year":2025,"title":"1 source-backed planning and built record","confidence":"documented","confidence_mix":"documented:1","event_count":1,"source_count":1,"source_ids":"dfi-planning-statistics-2024-25-round577","event_ids":"bfs_arch_round577_102_ladybrook_park_2024_1972_f_approval_2025","event_ids_all":"bfs_arch_round577_102_ladybrook_park_2024_1972_f_approval_2025","source_urls":"https://www.infrastructure-ni.gov.uk/publications/northern-ireland-planning-statistics-april-2024-march-2025","geometry_precision_mix":"Application/site navigation point from official planning-statistics row; not a surveyed footprint, legal boundary, facade, room, campus, streetworks area or works extent.:1","representation":"planning and built evidence grid cell","timing_note":"Filtered by event effective year. OSM mapped-visibility dates and administrative dates can differ from real-world physical change dates.","caveat":"Planning cells are derived from source-backed event locations; they are not parcel boundaries unless source geometry is separately present.","generated_from":"web/data/city-atlas/cities/belfast/events_2025.json","lifecycle_status":"permitted","status":"source_record","cell_size_m":95,"intensity":0.289,"label":"102 Ladybrook Park proposed single storey bay window and door canopy to the front of the property, rear dormer and new roof to the rear..."},"geometry":{"type":"Polygon","coordinates":[[[-5.9999359,54.5656755],[-5.9984628,54.5656755],[-5.9984628,54.5665346],[-5.9999359,54.5665346],[-5.9999359,54.5656755]]]}},{"type":"Feature","properties":{"id":"lens-detail-belfast-2025-planning_cell-73","layer":"planning_cell","category":"built_environment","year":2025,"visible_year":2025,"title":"1 source-backed planning and built record","confidence":"documented","confidence_mix":"documented:1","event_count":1,"source_count":1,"source_ids":"dfi-planning-statistics-2024-25-round577","event_ids":"bfs_arch_round577_110_erinvale_avenue_2024_1784_f_approval_2025","event_ids_all":"bfs_arch_round577_110_erinvale_avenue_2024_1784_f_approval_2025","source_urls":"https://www.infrastructure-ni.gov.uk/publications/northern-ireland-planning-statistics-april-2024-march-2025","geometry_precision_mix":"Application/site navigation point from official planning-statistics row; not a surveyed footprint, legal boundary, facade, room, campus, streetworks area or works extent.:1","representation":"planning and built evidence grid cell","timing_note":"Filtered by event effective year. OSM mapped-visibility dates and administrative dates can differ from real-world physical change dates.","caveat":"Planning cells are derived from source-backed event locations; they are not parcel boundaries unless source geometry is separately present.","generated_from":"web/data/city-atlas/cities/belfast/events_2025.json","lifecycle_status":"permitted","status":"source_record","cell_size_m":95,"intensity":0.289,"label":"110 Erinvale Avenue single storey side and rear extension to dwelling approval was recorded"},"geometry":{"type":"Polygon","coordinates":[[[-5.986678,54.5527882],[-5.9852049,54.5527882],[-5.9852049,54.5536473],[-5.986678,54.5536473],[-5.986678,54.5527882]]]}},{"type":"Feature","properties":{"id":"lens-detail-belfast-2025-planning_cell-74","layer":"planning_cell","category":"built_environment","year":2025,"visible_year":2025,"title":"1 source-backed planning and built record","confidence":"documented","confidence_mix":"documented:1","event_count":1,"source_count":1,"source_ids":"dfi-planning-statistics-2024-25-round577","event_ids":"bfs_arch_round577_12_cleaver_avenue_2024_1488_f_approval_2025","event_ids_all":"bfs_arch_round577_12_cleaver_avenue_2024_1488_f_approval_2025","source_urls":"https://www.infrastructure-ni.gov.uk/publications/northern-ireland-planning-statistics-april-2024-march-2025","geometry_precision_mix":"Application/site navigation point from official planning-statistics row; not a surveyed footprint, legal boundary, facade, room, campus, streetworks area or works extent.:1","representation":"planning and built evidence grid cell","timing_note":"Filtered by event effective year. OSM mapped-visibility dates and administrative dates can differ from real-world physical change dates.","caveat":"Planning cells are derived from source-backed event locations; they are not parcel boundaries unless source geometry is separately present.","generated_from":"web/data/city-atlas/cities/belfast/events_2025.json","lifecycle_status":"construction","status":"source_record","cell_size_m":95,"intensity":0.289,"label":"12 Cleaver Avenue partial retention of boundary wall and construction of garden room approval was recorded"},"geometry":{"type":"Polygon","coordinates":[[[-5.9439581,54.574267],[-5.942485,54.574267],[-5.942485,54.5751262],[-5.9439581,54.5751262],[-5.9439581,54.574267]]]}},{"type":"Feature","properties":{"id":"lens-detail-belfast-2025-planning_cell-75","layer":"planning_cell","category":"built_environment","year":2025,"visible_year":2025,"title":"1 source-backed planning and built record","confidence":"documented","confidence_mix":"documented:1","event_count":1,"source_count":1,"source_ids":"dfi-planning-statistics-2024-25-round577","event_ids":"bfs_arch_round577_12_greystown_park_2025_0009_f_approval_2025","event_ids_all":"bfs_arch_round577_12_greystown_park_2025_0009_f_approval_2025","source_urls":"https://www.infrastructure-ni.gov.uk/publications/northern-ireland-planning-statistics-april-2024-march-2025","geometry_precision_mix":"Application/site navigation point from official planning-statistics row; not a surveyed footprint, legal boundary, facade, room, campus, streetworks area or works extent.:1","representation":"planning and built evidence grid cell","timing_note":"Filtered by event effective year. OSM mapped-visibility dates and administrative dates can differ from real-world physical change dates.","caveat":"Planning cells are derived from source-backed event locations; they are not parcel boundaries unless source geometry is separately present.","generated_from":"web/data/city-atlas/cities/belfast/events_2025.json","lifecycle_status":"permitted","status":"source_record","cell_size_m":95,"intensity":0.289,"label":"12 Greystown Park renewal of planning application la04/2019/2658/f (proposed rear and side first floor extensions and single storey side..."},"geometry":{"type":"Polygon","coordinates":[[[-5.9778394,54.5527882],[-5.9763663,54.5527882],[-5.9763663,54.5536473],[-5.9778394,54.5536473],[-5.9778394,54.5527882]]]}},{"type":"Feature","properties":{"id":"lens-detail-belfast-2025-planning_cell-76","layer":"planning_cell","category":"built_environment","year":2025,"visible_year":2025,"title":"1 source-backed planning and built record","confidence":"documented","confidence_mix":"documented:1","event_count":1,"source_count":1,"source_ids":"dfi-planning-statistics-2024-25-round577","event_ids":"bfs_arch_round577_13_elswick_street_2023_4435_f_approval_2025","event_ids_all":"bfs_arch_round577_13_elswick_street_2023_4435_f_approval_2025","source_urls":"https://www.infrastructure-ni.gov.uk/publications/northern-ireland-planning-statistics-april-2024-march-2025","geometry_precision_mix":"Application/site navigation point from official planning-statistics row; not a surveyed footprint, legal boundary, facade, room, campus, streetworks area or works extent.:1","representation":"planning and built evidence grid cell","timing_note":"Filtered by event effective year. OSM mapped-visibility dates and administrative dates can differ from real-world physical change dates.","caveat":"Planning cells are derived from source-backed event locations; they are not parcel boundaries unless source geometry is separately present.","generated_from":"web/data/city-atlas/cities/belfast/events_2025.json","lifecycle_status":"permitted","status":"source_record","cell_size_m":95,"intensity":0.289,"label":"13 Elswick Street single storey side extension approval was recorded"},"geometry":{"type":"Polygon","coordinates":[[[-5.9645815,54.6009008],[-5.9631084,54.6009008],[-5.9631084,54.6017599],[-5.9645815,54.6017599],[-5.9645815,54.6009008]]]}},{"type":"Feature","properties":{"id":"lens-detail-belfast-2025-planning_cell-77","layer":"planning_cell","category":"built_environment","year":2025,"visible_year":2025,"title":"1 source-backed planning and built record","confidence":"documented","confidence_mix":"documented:1","event_count":1,"source_count":1,"source_ids":"dfi-planning-statistics-2024-25-round577","event_ids":"bfs_arch_round577_15_sicily_park_2024_2058_f_approval_2025","event_ids_all":"bfs_arch_round577_15_sicily_park_2024_2058_f_approval_2025","source_urls":"https://www.infrastructure-ni.gov.uk/publications/northern-ireland-planning-statistics-april-2024-march-2025","geometry_precision_mix":"Application/site navigation point from official planning-statistics row; not a surveyed footprint, legal boundary, facade, room, campus, streetworks area or works extent.:1","representation":"planning and built evidence grid cell","timing_note":"Filtered by event effective year. OSM mapped-visibility dates and administrative dates can differ from real-world physical change dates.","caveat":"Planning cells are derived from source-backed event locations; they are not parcel boundaries unless source geometry is separately present.","generated_from":"web/data/city-atlas/cities/belfast/events_2025.json","lifecycle_status":"permitted","status":"source_record","cell_size_m":95,"intensity":0.289,"label":"15 Sicily Park single storey rear extension and 2 storey rear and side extension with dormer approval was recorded"},"geometry":{"type":"Polygon","coordinates":[[[-5.9793125,54.563098],[-5.9778394,54.563098],[-5.9778394,54.5639572],[-5.9793125,54.5639572],[-5.9793125,54.563098]]]}},{"type":"Feature","properties":{"id":"lens-detail-belfast-2025-planning_cell-78","layer":"planning_cell","category":"built_environment","year":2025,"visible_year":2025,"title":"1 source-backed planning and built record","confidence":"documented","confidence_mix":"documented:1","event_count":1,"source_count":1,"source_ids":"dfi-planning-statistics-2024-25-round577","event_ids":"bfs_arch_round577_17_dunmore_crescent_2025_0076_f_approval_2025","event_ids_all":"bfs_arch_round577_17_dunmore_crescent_2025_0076_f_approval_2025","source_urls":"https://www.infrastructure-ni.gov.uk/publications/northern-ireland-planning-statistics-april-2024-march-2025","geometry_precision_mix":"Application/site navigation point from official planning-statistics row; not a surveyed footprint, legal boundary, facade, room, campus, streetworks area or works extent.:1","representation":"planning and built evidence grid cell","timing_note":"Filtered by event effective year. OSM mapped-visibility dates and administrative dates can differ from real-world physical change dates.","caveat":"Planning cells are derived from source-backed event locations; they are not parcel boundaries unless source geometry is separately present.","generated_from":"web/data/city-atlas/cities/belfast/events_2025.json","lifecycle_status":"permitted","status":"source_record","cell_size_m":95,"intensity":0.289,"label":"17 Dunmore Crescent single storey extension to rear of dwelling approval was recorded"},"geometry":{"type":"Polygon","coordinates":[[[-5.9365926,54.6206613],[-5.9351195,54.6206613],[-5.9351195,54.6215204],[-5.9365926,54.6215204],[-5.9365926,54.6206613]]]}},{"type":"Feature","properties":{"id":"lens-detail-belfast-2025-planning_cell-79","layer":"planning_cell","category":"built_environment","year":2025,"visible_year":2025,"title":"1 source-backed planning and built record","confidence":"documented","confidence_mix":"documented:1","event_count":1,"source_count":1,"source_ids":"dfi-planning-statistics-2024-25-round577","event_ids":"bfs_arch_round577_19_chestnut_park_2024_2093_f_approval_2025","event_ids_all":"bfs_arch_round577_19_chestnut_park_2024_2093_f_approval_2025","source_urls":"https://www.infrastructure-ni.gov.uk/publications/northern-ireland-planning-statistics-april-2024-march-2025","geometry_precision_mix":"Application/site navigation point from official planning-statistics row; not a surveyed footprint, legal boundary, facade, room, campus, streetworks area or works extent.:1","representation":"planning and built evidence grid cell","timing_note":"Filtered by event effective year. OSM mapped-visibility dates and administrative dates can differ from real-world physical change dates.","caveat":"Planning cells are derived from source-backed event locations; they are not parcel boundaries unless source geometry is separately present.","generated_from":"web/data/city-atlas/cities/belfast/events_2025.json","lifecycle_status":"permitted","status":"source_record","cell_size_m":95,"intensity":0.289,"label":"19 Chestnut Park single storey rear extension with outside steps and installation of platform lift to front of property approval was..."},"geometry":{"type":"Polygon","coordinates":[[[-6.0176131,54.5553656],[-6.01614,54.5553656],[-6.01614,54.5562248],[-6.0176131,54.5562248],[-6.0176131,54.5553656]]]}},{"type":"Feature","properties":{"id":"lens-detail-belfast-2025-planning_cell-8","layer":"planning_cell","category":"built_environment","year":2025,"visible_year":2025,"title":"1 source-backed planning and built record","confidence":"documented","confidence_mix":"documented:1","event_count":1,"source_count":1,"source_ids":"dfi-planning-statistics-2024-25-round487","event_ids":"bfs_arch_round487_castlereagh_street_retail_apartment_hmo_approval_2025","event_ids_all":"bfs_arch_round487_castlereagh_street_retail_apartment_hmo_approval_2025","source_urls":"https://www.infrastructure-ni.gov.uk/publications/northern-ireland-planning-statistics-april-2024-march-2025","geometry_precision_mix":"Application/site navigation point from official planning-statistics row; not a surveyed footprint, legal boundary, facade, room, campus, streetworks area or works extent.:1","representation":"planning and built evidence grid cell","timing_note":"Filtered by event effective year. OSM mapped-visibility dates and administrative dates can differ from real-world physical change dates.","caveat":"Planning cells are derived from source-backed event locations; they are not parcel boundaries unless source geometry is separately present.","generated_from":"web/data/city-atlas/cities/belfast/events_2025.json","lifecycle_status":"permitted","status":"source_record","cell_size_m":95,"intensity":0.289,"label":"60 Castlereagh Street retail and apartment HMO change of use was approved"},"geometry":{"type":"Polygon","coordinates":[[[-5.9041844,54.5940275],[-5.9027113,54.5940275],[-5.9027113,54.5948867],[-5.9041844,54.5948867],[-5.9041844,54.5940275]]]}},{"type":"Feature","properties":{"id":"lens-detail-belfast-2025-planning_cell-80","layer":"planning_cell","category":"built_environment","year":2025,"visible_year":2025,"title":"1 source-backed planning and built record","confidence":"documented","confidence_mix":"documented:1","event_count":1,"source_count":1,"source_ids":"dfi-planning-statistics-2024-25-round577","event_ids":"bfs_arch_round577_2_glengoland_gardens_2025_0029_f_approval_2025","event_ids_all":"bfs_arch_round577_2_glengoland_gardens_2025_0029_f_approval_2025","source_urls":"https://www.infrastructure-ni.gov.uk/publications/northern-ireland-planning-statistics-april-2024-march-2025","geometry_precision_mix":"Application/site navigation point from official planning-statistics row; not a surveyed footprint, legal boundary, facade, room, campus, streetworks area or works extent.:1","representation":"planning and built evidence grid cell","timing_note":"Filtered by event effective year. OSM mapped-visibility dates and administrative dates can differ from real-world physical change dates.","caveat":"Planning cells are derived from source-backed event locations; they are not parcel boundaries unless source geometry is separately present.","generated_from":"web/data/city-atlas/cities/belfast/events_2025.json","lifecycle_status":"permitted","status":"source_record","cell_size_m":95,"intensity":0.289,"label":"2 Glengoland Gardens single storey extension to side of dwelling with level access to front of dwelling approval was recorded"},"geometry":{"type":"Polygon","coordinates":[[[-6.0176131,54.5648163],[-6.01614,54.5648163],[-6.01614,54.5656755],[-6.0176131,54.5656755],[-6.0176131,54.5648163]]]}},{"type":"Feature","properties":{"id":"lens-detail-belfast-2025-planning_cell-81","layer":"planning_cell","category":"built_environment","year":2025,"visible_year":2025,"title":"1 source-backed planning and built record","confidence":"documented","confidence_mix":"documented:1","event_count":1,"source_count":1,"source_ids":"dfi-planning-statistics-2024-25-round577","event_ids":"bfs_arch_round577_2_lead_hill_park_2023_4194_f_approval_2025","event_ids_all":"bfs_arch_round577_2_lead_hill_park_2023_4194_f_approval_2025","source_urls":"https://www.infrastructure-ni.gov.uk/publications/northern-ireland-planning-statistics-april-2024-march-2025","geometry_precision_mix":"Application/site navigation point from official planning-statistics row; not a surveyed footprint, legal boundary, facade, room, campus, streetworks area or works extent.:1","representation":"planning and built evidence grid cell","timing_note":"Filtered by event effective year. OSM mapped-visibility dates and administrative dates can differ from real-world physical change dates.","caveat":"Planning cells are derived from source-backed event locations; they are not parcel boundaries unless source geometry is separately present.","generated_from":"web/data/city-atlas/cities/belfast/events_2025.json","lifecycle_status":"permitted","status":"source_record","cell_size_m":95,"intensity":0.289,"label":"2 Lead Hill Park 2 storey side and rear extension with single storey flat roof extension to rear + additional site works approval was..."},"geometry":{"type":"Polygon","coordinates":[[[-5.8703031,54.5759853],[-5.86883,54.5759853],[-5.86883,54.5768445],[-5.8703031,54.5768445],[-5.8703031,54.5759853]]]}},{"type":"Feature","properties":{"id":"lens-detail-belfast-2025-planning_cell-82","layer":"planning_cell","category":"built_environment","year":2025,"visible_year":2025,"title":"1 source-backed planning and built record","confidence":"documented","confidence_mix":"documented:1","event_count":1,"source_count":1,"source_ids":"dfi-planning-statistics-2024-25-round577","event_ids":"bfs_arch_round577_22_marlborough_gardens_2024_2153_f_approval_2025","event_ids_all":"bfs_arch_round577_22_marlborough_gardens_2024_2153_f_approval_2025","source_urls":"https://www.infrastructure-ni.gov.uk/publications/northern-ireland-planning-statistics-april-2024-march-2025","geometry_precision_mix":"Application/site navigation point from official planning-statistics row; not a surveyed footprint, legal boundary, facade, room, campus, streetworks area or works extent.:1","representation":"planning and built evidence grid cell","timing_note":"Filtered by event effective year. OSM mapped-visibility dates and administrative dates can differ from real-world physical change dates.","caveat":"Planning cells are derived from source-backed event locations; they are not parcel boundaries unless source geometry is separately present.","generated_from":"web/data/city-atlas/cities/belfast/events_2025.json","lifecycle_status":"permitted","status":"source_record","cell_size_m":95,"intensity":0.289,"label":"22 Marlborough Gardens retrospective single storey rear extension approval was recorded"},"geometry":{"type":"Polygon","coordinates":[[[-5.9483774,54.5716895],[-5.9469043,54.5716895],[-5.9469043,54.5725487],[-5.9483774,54.5725487],[-5.9483774,54.5716895]]]}},{"type":"Feature","properties":{"id":"lens-detail-belfast-2025-planning_cell-83","layer":"planning_cell","category":"built_environment","year":2025,"visible_year":2025,"title":"1 source-backed planning and built record","confidence":"documented","confidence_mix":"documented:1","event_count":1,"source_count":1,"source_ids":"dfi-planning-statistics-2024-25-round577","event_ids":"bfs_arch_round577_23_stirling_gardens_2024_2149_f_approval_2025","event_ids_all":"bfs_arch_round577_23_stirling_gardens_2024_2149_f_approval_2025","source_urls":"https://www.infrastructure-ni.gov.uk/publications/northern-ireland-planning-statistics-april-2024-march-2025","geometry_precision_mix":"Application/site navigation point from official planning-statistics row; not a surveyed footprint, legal boundary, facade, room, campus, streetworks area or works extent.:1","representation":"planning and built evidence grid cell","timing_note":"Filtered by event effective year. OSM mapped-visibility dates and administrative dates can differ from real-world physical change dates.","caveat":"Planning cells are derived from source-backed event locations; they are not parcel boundaries unless source geometry is separately present.","generated_from":"web/data/city-atlas/cities/belfast/events_2025.json","lifecycle_status":"permitted","status":"source_record","cell_size_m":95,"intensity":0.289,"label":"23 Stirling Gardens single rear storey extension, conversion of garage to utility room with associated fenestration changes approval was..."},"geometry":{"type":"Polygon","coordinates":[[[-5.8909265,54.5751262],[-5.8894534,54.5751262],[-5.8894534,54.5759853],[-5.8909265,54.5759853],[-5.8909265,54.5751262]]]}},{"type":"Feature","properties":{"id":"lens-detail-belfast-2025-planning_cell-84","layer":"planning_cell","category":"built_environment","year":2025,"visible_year":2025,"title":"1 source-backed planning and built record","confidence":"documented","confidence_mix":"documented:1","event_count":1,"source_count":1,"source_ids":"dfi-planning-statistics-2024-25-round577","event_ids":"bfs_arch_round577_24_hampton_drive_2024_2061_f_approval_2025","event_ids_all":"bfs_arch_round577_24_hampton_drive_2024_2061_f_approval_2025","source_urls":"https://www.infrastructure-ni.gov.uk/publications/northern-ireland-planning-statistics-april-2024-march-2025","geometry_precision_mix":"Application/site navigation point from official planning-statistics row; not a surveyed footprint, legal boundary, facade, room, campus, streetworks area or works extent.:1","representation":"planning and built evidence grid cell","timing_note":"Filtered by event effective year. OSM mapped-visibility dates and administrative dates can differ from real-world physical change dates.","caveat":"Planning cells are derived from source-backed event locations; they are not parcel boundaries unless source geometry is separately present.","generated_from":"web/data/city-atlas/cities/belfast/events_2025.json","lifecycle_status":"permitted","status":"source_record","cell_size_m":95,"intensity":0.289,"label":"24 Hampton Drive single storey extension to rear of dwelling approval was recorded"},"geometry":{"type":"Polygon","coordinates":[[[-5.9292271,54.5751262],[-5.927754,54.5751262],[-5.927754,54.5759853],[-5.9292271,54.5759853],[-5.9292271,54.5751262]]]}},{"type":"Feature","properties":{"id":"lens-detail-belfast-2025-planning_cell-85","layer":"planning_cell","category":"built_environment","year":2025,"visible_year":2025,"title":"1 source-backed planning and built record","confidence":"documented","confidence_mix":"documented:1","event_count":1,"source_count":1,"source_ids":"dfi-planning-statistics-2024-25-round577","event_ids":"bfs_arch_round577_25_old_coach_road_2025_0066_f_approval_2025","event_ids_all":"bfs_arch_round577_25_old_coach_road_2025_0066_f_approval_2025","source_urls":"https://www.infrastructure-ni.gov.uk/publications/northern-ireland-planning-statistics-april-2024-march-2025","geometry_precision_mix":"Application/site navigation point from official planning-statistics row; not a surveyed footprint, legal boundary, facade, room, campus, streetworks area or works extent.:1","representation":"planning and built evidence grid cell","timing_note":"Filtered by event effective year. OSM mapped-visibility dates and administrative dates can differ from real-world physical change dates.","caveat":"Planning cells are derived from source-backed event locations; they are not parcel boundaries unless source geometry is separately present.","generated_from":"web/data/city-atlas/cities/belfast/events_2025.json","lifecycle_status":"permitted","status":"source_record","cell_size_m":95,"intensity":0.289,"label":"25 Old Coach Road single storey rear extension, garage door replacement, additional roof light and internal reconfigurations approval..."},"geometry":{"type":"Polygon","coordinates":[[[-5.9734201,54.5493516],[-5.971947,54.5493516],[-5.971947,54.5502107],[-5.9734201,54.5502107],[-5.9734201,54.5493516]]]}},{"type":"Feature","properties":{"id":"lens-detail-belfast-2025-planning_cell-86","layer":"planning_cell","category":"built_environment","year":2025,"visible_year":2025,"title":"1 source-backed planning and built record","confidence":"documented","confidence_mix":"documented:1","event_count":1,"source_count":1,"source_ids":"dfi-planning-statistics-2024-25-round577","event_ids":"bfs_arch_round577_27_ashton_park_2025_0092_f_approval_2025","event_ids_all":"bfs_arch_round577_27_ashton_park_2025_0092_f_approval_2025","source_urls":"https://www.infrastructure-ni.gov.uk/publications/northern-ireland-planning-statistics-april-2024-march-2025","geometry_precision_mix":"Application/site navigation point from official planning-statistics row; not a surveyed footprint, legal boundary, facade, room, campus, streetworks area or works extent.:1","representation":"planning and built evidence grid cell","timing_note":"Filtered by event effective year. OSM mapped-visibility dates and administrative dates can differ from real-world physical change dates.","caveat":"Planning cells are derived from source-backed event locations; they are not parcel boundaries unless source geometry is separately present.","generated_from":"web/data/city-atlas/cities/belfast/events_2025.json","lifecycle_status":"permitted","status":"source_record","cell_size_m":95,"intensity":0.289,"label":"27 Ashton Park single storey kitchen/living room extension to rear of existing dwelling approval was recorded"},"geometry":{"type":"Polygon","coordinates":[[[-5.9896242,54.563098],[-5.9881511,54.563098],[-5.9881511,54.5639572],[-5.9896242,54.5639572],[-5.9896242,54.563098]]]}},{"type":"Feature","properties":{"id":"lens-detail-belfast-2025-planning_cell-87","layer":"planning_cell","category":"built_environment","year":2025,"visible_year":2025,"title":"1 source-backed planning and built record","confidence":"documented","confidence_mix":"documented:1","event_count":1,"source_count":1,"source_ids":"dfi-planning-statistics-2024-25-round577","event_ids":"bfs_arch_round577_35_downshire_road_2023_4584_f_approval_2025","event_ids_all":"bfs_arch_round577_35_downshire_road_2023_4584_f_approval_2025","source_urls":"https://www.infrastructure-ni.gov.uk/publications/northern-ireland-planning-statistics-april-2024-march-2025","geometry_precision_mix":"Application/site navigation point from official planning-statistics row; not a surveyed footprint, legal boundary, facade, room, campus, streetworks area or works extent.:1","representation":"planning and built evidence grid cell","timing_note":"Filtered by event effective year. OSM mapped-visibility dates and administrative dates can differ from real-world physical change dates.","caveat":"Planning cells are derived from source-backed event locations; they are not parcel boundaries unless source geometry is separately present.","generated_from":"web/data/city-atlas/cities/belfast/events_2025.json","lifecycle_status":"demolished","status":"source_record","cell_size_m":95,"intensity":0.289,"label":"35 Downshire Road partial demolition to rear wall to facilitate two/one storey extension with a side entrance door and a raised patio on..."},"geometry":{"type":"Polygon","coordinates":[[[-5.898292,54.5708304],[-5.8968189,54.5708304],[-5.8968189,54.5716895],[-5.898292,54.5716895],[-5.898292,54.5708304]]]}},{"type":"Feature","properties":{"id":"lens-detail-belfast-2025-planning_cell-88","layer":"planning_cell","category":"built_environment","year":2025,"visible_year":2025,"title":"1 source-backed planning and built record","confidence":"documented","confidence_mix":"documented:1","event_count":1,"source_count":1,"source_ids":"dfi-planning-statistics-2024-25-round577","event_ids":"bfs_arch_round577_40_deramore_park_2024_2075_f_approval_2025","event_ids_all":"bfs_arch_round577_40_deramore_park_2024_2075_f_approval_2025","source_urls":"https://www.infrastructure-ni.gov.uk/publications/northern-ireland-planning-statistics-april-2024-march-2025","geometry_precision_mix":"Application/site navigation point from official planning-statistics row; not a surveyed footprint, legal boundary, facade, room, campus, streetworks area or works extent.:1","representation":"planning and built evidence grid cell","timing_note":"Filtered by event effective year. OSM mapped-visibility dates and administrative dates can differ from real-world physical change dates.","caveat":"Planning cells are derived from source-backed event locations; they are not parcel boundaries unless source geometry is separately present.","generated_from":"web/data/city-atlas/cities/belfast/events_2025.json","lifecycle_status":"permitted","status":"source_record","cell_size_m":95,"intensity":0.289,"label":"40 Deramore Park single storey rear extension, internal alterations and associated works approval was recorded"},"geometry":{"type":"Polygon","coordinates":[[[-5.942485,54.5639572],[-5.9410119,54.5639572],[-5.9410119,54.5648163],[-5.942485,54.5648163],[-5.942485,54.5639572]]]}},{"type":"Feature","properties":{"id":"lens-detail-belfast-2025-planning_cell-89","layer":"planning_cell","category":"built_environment","year":2025,"visible_year":2025,"title":"1 source-backed planning and built record","confidence":"documented","confidence_mix":"documented:1","event_count":1,"source_count":1,"source_ids":"dfi-planning-statistics-2024-25-round577","event_ids":"bfs_arch_round577_50_orpen_road_2025_0094_f_approval_2025","event_ids_all":"bfs_arch_round577_50_orpen_road_2025_0094_f_approval_2025","source_urls":"https://www.infrastructure-ni.gov.uk/publications/northern-ireland-planning-statistics-april-2024-march-2025","geometry_precision_mix":"Application/site navigation point from official planning-statistics row; not a surveyed footprint, legal boundary, facade, room, campus, streetworks area or works extent.:1","representation":"planning and built evidence grid cell","timing_note":"Filtered by event effective year. OSM mapped-visibility dates and administrative dates can differ from real-world physical change dates.","caveat":"Planning cells are derived from source-backed event locations; they are not parcel boundaries unless source geometry is separately present.","generated_from":"web/data/city-atlas/cities/belfast/events_2025.json","lifecycle_status":"permitted","status":"source_record","cell_size_m":95,"intensity":0.289,"label":"50 Orpen Road two-storey side extension and single-storey rear extension to existing semi-detached dwelling approval was recorded"},"geometry":{"type":"Polygon","coordinates":[[[-5.9896242,54.5570839],[-5.9881511,54.5570839],[-5.9881511,54.5579431],[-5.9896242,54.5579431],[-5.9896242,54.5570839]]]}},{"type":"Feature","properties":{"id":"lens-detail-belfast-2025-planning_cell-90","layer":"planning_cell","category":"built_environment","year":2025,"visible_year":2025,"title":"1 source-backed planning and built record","confidence":"documented","confidence_mix":"documented:1","event_count":1,"source_count":1,"source_ids":"dfi-planning-statistics-2024-25-round577","event_ids":"bfs_arch_round577_51_conor_rise_2025_0144_f_approval_2025","event_ids_all":"bfs_arch_round577_51_conor_rise_2025_0144_f_approval_2025","source_urls":"https://www.infrastructure-ni.gov.uk/publications/northern-ireland-planning-statistics-april-2024-march-2025","geometry_precision_mix":"Application/site navigation point from official planning-statistics row; not a surveyed footprint, legal boundary, facade, room, campus, streetworks area or works extent.:1","representation":"planning and built evidence grid cell","timing_note":"Filtered by event effective year. OSM mapped-visibility dates and administrative dates can differ from real-world physical change dates.","caveat":"Planning cells are derived from source-backed event locations; they are not parcel boundaries unless source geometry is separately present.","generated_from":"web/data/city-atlas/cities/belfast/events_2025.json","lifecycle_status":"permitted","status":"source_record","cell_size_m":95,"intensity":0.289,"label":"51 Conor Rise single storey rear extension approval was recorded"},"geometry":{"type":"Polygon","coordinates":[[[-6.0028821,54.5734079],[-6.001409,54.5734079],[-6.001409,54.574267],[-6.0028821,54.574267],[-6.0028821,54.5734079]]]}},{"type":"Feature","properties":{"id":"lens-detail-belfast-2025-planning_cell-91","layer":"planning_cell","category":"built_environment","year":2025,"visible_year":2025,"title":"1 source-backed planning and built record","confidence":"documented","confidence_mix":"documented:1","event_count":1,"source_count":1,"source_ids":"dfi-planning-statistics-2024-25-round577","event_ids":"bfs_arch_round577_510_antrim_road_2024_2082_f_approval_2025","event_ids_all":"bfs_arch_round577_510_antrim_road_2024_2082_f_approval_2025","source_urls":"https://www.infrastructure-ni.gov.uk/publications/northern-ireland-planning-statistics-april-2024-march-2025","geometry_precision_mix":"Application/site navigation point from official planning-statistics row; not a surveyed footprint, legal boundary, facade, room, campus, streetworks area or works extent.:1","representation":"planning and built evidence grid cell","timing_note":"Filtered by event effective year. OSM mapped-visibility dates and administrative dates can differ from real-world physical change dates.","caveat":"Planning cells are derived from source-backed event locations; they are not parcel boundaries unless source geometry is separately present.","generated_from":"web/data/city-atlas/cities/belfast/events_2025.json","lifecycle_status":"permitted","status":"source_record","cell_size_m":95,"intensity":0.289,"label":"510 Antrim Road addition of a single-storey rear extension with side patio doors. creation of paved patio area. (amended plans) approval..."},"geometry":{"type":"Polygon","coordinates":[[[-5.9395388,54.6309711],[-5.9380657,54.6309711],[-5.9380657,54.6318303],[-5.9395388,54.6318303],[-5.9395388,54.6309711]]]}},{"type":"Feature","properties":{"id":"lens-detail-belfast-2025-planning_cell-92","layer":"planning_cell","category":"built_environment","year":2025,"visible_year":2025,"title":"1 source-backed planning and built record","confidence":"documented","confidence_mix":"documented:1","event_count":1,"source_count":1,"source_ids":"dfi-planning-statistics-2024-25-round577","event_ids":"bfs_arch_round577_54_belmont_avenue_2024_1518_f_approval_2025","event_ids_all":"bfs_arch_round577_54_belmont_avenue_2024_1518_f_approval_2025","source_urls":"https://www.infrastructure-ni.gov.uk/publications/northern-ireland-planning-statistics-april-2024-march-2025","geometry_precision_mix":"Application/site navigation point from official planning-statistics row; not a surveyed footprint, legal boundary, facade, room, campus, streetworks area or works extent.:1","representation":"planning and built evidence grid cell","timing_note":"Filtered by event effective year. OSM mapped-visibility dates and administrative dates can differ from real-world physical change dates.","caveat":"Planning cells are derived from source-backed event locations; they are not parcel boundaries unless source geometry is separately present.","generated_from":"web/data/city-atlas/cities/belfast/events_2025.json","lifecycle_status":"demolished","status":"source_record","cell_size_m":95,"intensity":0.289,"label":"54 Belmont Avenue partial demolition of side and rear elevation to facilitate single storey extension, fenestration changes and new 1.8..."},"geometry":{"type":"Polygon","coordinates":[[[-5.8747224,54.5983233],[-5.8732493,54.5983233],[-5.8732493,54.5991824],[-5.8747224,54.5991824],[-5.8747224,54.5983233]]]}},{"type":"Feature","properties":{"id":"lens-detail-belfast-2025-planning_cell-93","layer":"planning_cell","category":"built_environment","year":2025,"visible_year":2025,"title":"1 source-backed planning and built record","confidence":"documented","confidence_mix":"documented:1","event_count":1,"source_count":1,"source_ids":"dfi-planning-statistics-2024-25-round577","event_ids":"bfs_arch_round577_54_old_cavehill_road_2024_1408_f_approval_2025","event_ids_all":"bfs_arch_round577_54_old_cavehill_road_2024_1408_f_approval_2025","source_urls":"https://www.infrastructure-ni.gov.uk/publications/northern-ireland-planning-statistics-april-2024-march-2025","geometry_precision_mix":"Application/site navigation point from official planning-statistics row; not a surveyed footprint, legal boundary, facade, room, campus, streetworks area or works extent.:1","representation":"planning and built evidence grid cell","timing_note":"Filtered by event effective year. OSM mapped-visibility dates and administrative dates can differ from real-world physical change dates.","caveat":"Planning cells are derived from source-backed event locations; they are not parcel boundaries unless source geometry is separately present.","generated_from":"web/data/city-atlas/cities/belfast/events_2025.json","lifecycle_status":"permitted","status":"source_record","cell_size_m":95,"intensity":0.289,"label":"54 Old Cavehill Road alterations to the facade, entrance porch and steps approval was recorded"},"geometry":{"type":"Polygon","coordinates":[[[-5.9469043,54.6344077],[-5.9454312,54.6344077],[-5.9454312,54.6352669],[-5.9469043,54.6352669],[-5.9469043,54.6344077]]]}},{"type":"Feature","properties":{"id":"lens-detail-belfast-2025-planning_cell-94","layer":"planning_cell","category":"built_environment","year":2025,"visible_year":2025,"title":"1 source-backed planning and built record","confidence":"documented","confidence_mix":"documented:1","event_count":1,"source_count":1,"source_ids":"dfi-planning-statistics-2024-25-round577","event_ids":"bfs_arch_round577_6_glenhill_park_2025_0192_f_approval_2025","event_ids_all":"bfs_arch_round577_6_glenhill_park_2025_0192_f_approval_2025","source_urls":"https://www.infrastructure-ni.gov.uk/publications/northern-ireland-planning-statistics-april-2024-march-2025","geometry_precision_mix":"Application/site navigation point from official planning-statistics row; not a surveyed footprint, legal boundary, facade, room, campus, streetworks area or works extent.:1","representation":"planning and built evidence grid cell","timing_note":"Filtered by event effective year. OSM mapped-visibility dates and administrative dates can differ from real-world physical change dates.","caveat":"Planning cells are derived from source-backed event locations; they are not parcel boundaries unless source geometry is separately present.","generated_from":"web/data/city-atlas/cities/belfast/events_2025.json","lifecycle_status":"permitted","status":"source_record","cell_size_m":95,"intensity":0.289,"label":"6 Glenhill Park single storey side and front extension with associated front elevation porch approval was recorded"},"geometry":{"type":"Polygon","coordinates":[[[-5.9896242,54.5802811],[-5.9881511,54.5802811],[-5.9881511,54.5811402],[-5.9896242,54.5811402],[-5.9896242,54.5802811]]]}},{"type":"Feature","properties":{"id":"lens-detail-belfast-2025-planning_cell-95","layer":"planning_cell","category":"built_environment","year":2025,"visible_year":2025,"title":"1 source-backed planning and built record","confidence":"documented","confidence_mix":"documented:1","event_count":1,"source_count":1,"source_ids":"dfi-planning-statistics-2024-25-round577","event_ids":"bfs_arch_round577_68_campbell_park_avenue_2024_1598_f_approval_2025","event_ids_all":"bfs_arch_round577_68_campbell_park_avenue_2024_1598_f_approval_2025","source_urls":"https://www.infrastructure-ni.gov.uk/publications/northern-ireland-planning-statistics-april-2024-march-2025","geometry_precision_mix":"Application/site navigation point from official planning-statistics row; not a surveyed footprint, legal boundary, facade, room, campus, streetworks area or works extent.:1","representation":"planning and built evidence grid cell","timing_note":"Filtered by event effective year. OSM mapped-visibility dates and administrative dates can differ from real-world physical change dates.","caveat":"Planning cells are derived from source-backed event locations; they are not parcel boundaries unless source geometry is separately present.","generated_from":"web/data/city-atlas/cities/belfast/events_2025.json","lifecycle_status":"permitted","status":"source_record","cell_size_m":95,"intensity":0.289,"label":"68 Campbell Park Avenue single-storey rear extension, internal alterations & patio/level changes approval was recorded"},"geometry":{"type":"Polygon","coordinates":[[[-5.8614645,54.5974641],[-5.8599914,54.5974641],[-5.8599914,54.5983233],[-5.8614645,54.5983233],[-5.8614645,54.5974641]]]}},{"type":"Feature","properties":{"id":"lens-detail-belfast-2025-planning_cell-96","layer":"planning_cell","category":"built_environment","year":2025,"visible_year":2025,"title":"1 source-backed planning and built record","confidence":"documented","confidence_mix":"documented:1","event_count":1,"source_count":1,"source_ids":"dfi-planning-statistics-2024-25-round577","event_ids":"bfs_arch_round577_76_victoria_gardens_2024_2083_f_approval_2025","event_ids_all":"bfs_arch_round577_76_victoria_gardens_2024_2083_f_approval_2025","source_urls":"https://www.infrastructure-ni.gov.uk/publications/northern-ireland-planning-statistics-april-2024-march-2025","geometry_precision_mix":"Application/site navigation point from official planning-statistics row; not a surveyed footprint, legal boundary, facade, room, campus, streetworks area or works extent.:1","representation":"planning and built evidence grid cell","timing_note":"Filtered by event effective year. OSM mapped-visibility dates and administrative dates can differ from real-world physical change dates.","caveat":"Planning cells are derived from source-backed event locations; they are not parcel boundaries unless source geometry is separately present.","generated_from":"web/data/city-atlas/cities/belfast/events_2025.json","lifecycle_status":"permitted","status":"source_record","cell_size_m":95,"intensity":0.289,"label":"76 Victoria Gardens proposed single storey extension to rear of dwelling, removing existing rear boiler house approval was recorded"},"geometry":{"type":"Polygon","coordinates":[[[-5.9454312,54.6292528],[-5.9439581,54.6292528],[-5.9439581,54.630112],[-5.9454312,54.630112],[-5.9454312,54.6292528]]]}},{"type":"Feature","properties":{"id":"lens-detail-belfast-2025-planning_cell-97","layer":"planning_cell","category":"built_environment","year":2025,"visible_year":2025,"title":"1 source-backed planning and built record","confidence":"documented","confidence_mix":"documented:1","event_count":1,"source_count":1,"source_ids":"dfi-planning-statistics-2024-25-round577","event_ids":"bfs_arch_round577_8_cloona_avenue_2024_2127_f_approval_2025","event_ids_all":"bfs_arch_round577_8_cloona_avenue_2024_2127_f_approval_2025","source_urls":"https://www.infrastructure-ni.gov.uk/publications/northern-ireland-planning-statistics-april-2024-march-2025","geometry_precision_mix":"Application/site navigation point from official planning-statistics row; not a surveyed footprint, legal boundary, facade, room, campus, streetworks area or works extent.:1","representation":"planning and built evidence grid cell","timing_note":"Filtered by event effective year. OSM mapped-visibility dates and administrative dates can differ from real-world physical change dates.","caveat":"Planning cells are derived from source-backed event locations; they are not parcel boundaries unless source geometry is separately present.","generated_from":"web/data/city-atlas/cities/belfast/events_2025.json","lifecycle_status":"permitted","status":"source_record","cell_size_m":95,"intensity":0.289,"label":"8 Cloona Avenue single storey extension to rear of dwelling approval was recorded"},"geometry":{"type":"Polygon","coordinates":[[[-6.01614,54.5622389],[-6.0146669,54.5622389],[-6.0146669,54.563098],[-6.01614,54.563098],[-6.01614,54.5622389]]]}},{"type":"Feature","properties":{"id":"lens-detail-belfast-2025-planning_cell-98","layer":"planning_cell","category":"built_environment","year":2025,"visible_year":2025,"title":"1 source-backed planning and built record","confidence":"documented","confidence_mix":"documented:1","event_count":1,"source_count":1,"source_ids":"dfi-planning-statistics-2024-25-round577","event_ids":"bfs_arch_round577_8_massey_park_2024_1981_f_approval_2025","event_ids_all":"bfs_arch_round577_8_massey_park_2024_1981_f_approval_2025","source_urls":"https://www.infrastructure-ni.gov.uk/publications/northern-ireland-planning-statistics-april-2024-march-2025","geometry_precision_mix":"Application/site navigation point from official planning-statistics row; not a surveyed footprint, legal boundary, facade, room, campus, streetworks area or works extent.:1","representation":"planning and built evidence grid cell","timing_note":"Filtered by event effective year. OSM mapped-visibility dates and administrative dates can differ from real-world physical change dates.","caveat":"Planning cells are derived from source-backed event locations; they are not parcel boundaries unless source geometry is separately present.","generated_from":"web/data/city-atlas/cities/belfast/events_2025.json","lifecycle_status":"permitted","status":"source_record","cell_size_m":95,"intensity":0.289,"label":"8 Massey Park single storey porch extension to front of dwelling approval was recorded"},"geometry":{"type":"Polygon","coordinates":[[[-5.8437873,54.6043374],[-5.8423142,54.6043374],[-5.8423142,54.6051965],[-5.8437873,54.6051965],[-5.8437873,54.6043374]]]}},{"type":"Feature","properties":{"id":"lens-detail-belfast-2025-planning_cell-99","layer":"planning_cell","category":"built_environment","year":2025,"visible_year":2025,"title":"1 source-backed planning and built record","confidence":"documented","confidence_mix":"documented:1","event_count":1,"source_count":1,"source_ids":"dfi-planning-statistics-2024-25-round577","event_ids":"bfs_arch_round577_80_knockvale_park_2024_1928_f_approval_2025","event_ids_all":"bfs_arch_round577_80_knockvale_park_2024_1928_f_approval_2025","source_urls":"https://www.infrastructure-ni.gov.uk/publications/northern-ireland-planning-statistics-april-2024-march-2025","geometry_precision_mix":"Application/site navigation point from official planning-statistics row; not a surveyed footprint, legal boundary, facade, room, campus, streetworks area or works extent.:1","representation":"planning and built evidence grid cell","timing_note":"Filtered by event effective year. OSM mapped-visibility dates and administrative dates can differ from real-world physical change dates.","caveat":"Planning cells are derived from source-backed event locations; they are not parcel boundaries unless source geometry is separately present.","generated_from":"web/data/city-atlas/cities/belfast/events_2025.json","lifecycle_status":"permitted","status":"source_record","cell_size_m":95,"intensity":0.289,"label":"80 Knockvale Park existing mono pitched roof of single storey rear extension to be replaced with a flat roof. two storey rear extension..."},"geometry":{"type":"Polygon","coordinates":[[[-5.8599914,54.5880135],[-5.8585183,54.5880135],[-5.8585183,54.5888726],[-5.8599914,54.5888726],[-5.8599914,54.5880135]]]}}]}
