source_id,city,title,publisher,bucket,source_type,access_url,api_url,licence,coverage_start,coverage_end,spatial_granularity,temporal_granularity,retrieved_at,refresh_policy,ingest_priority,known_limitations,raw_metadata_file,notes
gla-planning-datahub-applications,london,Planning London Datahub - planning applications,"Greater London Authority (GLA), London borough planning authorities",planning/development,discovery_catalog_source,https://planning.data.london.gov.uk/,https://planning.data.london.gov.uk/api-guest/applications,"Requires source-level review; many official sources use OGL/UK Open Government Licence, TfL terms, NYC Open Data Terms, or agency-specific terms.",,,Planning application point/site polygon where supplied; borough/LPA; address/UPRN where available.,Application submitted/validated/decision dates; near-real-time updates by LPA feed.,2026-04-28T12:18:46.277684+00:00,,,Coverage/completeness varies by borough and by historic backfill; schemas may omit drawings/decision notices; not all legacy applications geocoded.,raw_metadata/london__gla-planning-datahub-applications__page.json,
gla-london-development-database,london,London Development Database (LDD) / historic strategic development pipeline,Greater London Authority,planning/development,discovery_catalog_source,https://data.london.gov.uk/,Search London Datastore for 'London Development Database' and LDD CSV/XLS resources,"Requires source-level review; many official sources use OGL/UK Open Government Licence, TfL terms, NYC Open Data Terms, or agency-specific terms.",,,Development site/application; borough; coordinates where published.,"Permission, start and completion years/quarters depending extract.",2026-04-28T12:18:46.277764+00:00,,,Legacy dataset; not always a maintained API; schema differs from Datahub; large schemes may be revised over time.,raw_metadata/london__gla-london-development-database__page.json,
gla-london-plan,london,The London Plan and associated alterations,Mayor of London / GLA,policy,discovery_catalog_source,https://www.london.gov.uk/programmes-strategies/planning/london-plan,Document/PDF landing page,"Requires source-level review; many official sources use OGL/UK Open Government Licence, TfL terms, NYC Open Data Terms, or agency-specific terms.",,,London-wide policies; key diagrams; Opportunity Areas; town centres; strategic industrial locations.,Plan/adoption dates and monitoring years.,2026-04-28T12:18:46.277770+00:00,,,Policy document rather than raw observations; spatial layers often separate; interpretation needed for events.,raw_metadata/london__gla-london-plan__page.json,
gla-opportunity-areas,london,London Opportunity Areas,Greater London Authority,planning/development,discovery_catalog_source,https://www.london.gov.uk/programmes-strategies/planning/implementing-london-plan/londons-opportunity-areas,Policy/area pages and downloadable guidance where provided,"Requires source-level review; many official sources use OGL/UK Open Government Licence, TfL terms, NYC Open Data Terms, or agency-specific terms.",,,Opportunity Area boundaries and area-level housing/jobs capacity estimates.,Designation/adoption dates; planning-framework publication dates.,2026-04-28T12:18:46.277773+00:00,,,"Boundary GIS may need separate download/request; capacities are planning estimates, not delivery.",raw_metadata/london__gla-opportunity-areas__page.json,
gla-statistical-gis-boundaries,london,Statistical GIS boundary files for London,Greater London Authority / London Datastore,imagery/basemaps,discovery_catalog_source,https://data.london.gov.uk/dataset/statistical-gis-boundary-files-for-london-20od9/,Downloadable shapefile/GeoJSON resources,"Requires source-level review; many official sources use OGL/UK Open Government Licence, TfL terms, NYC Open Data Terms, or agency-specific terms.",,,Administrative/statistical polygons.,Boundary vintage/year.,2026-04-28T12:18:46.277775+00:00,,,Boundary changes complicate longitudinal joins; not observations by itself.,raw_metadata/london__gla-statistical-gis-boundaries__page.json,
os-open-zoomstack,london,OS Open Zoomstack,Ordnance Survey,imagery/basemaps,discovery_catalog_source,https://www.ordnancesurvey.co.uk/products/os-open-zoomstack,OS Data Hub downloads/APIs,"Requires source-level review; many official sources use OGL/UK Open Government Licence, TfL terms, NYC Open Data Terms, or agency-specific terms.",,,"Vector tiles/features at national scale including roads, buildings/generalised urban areas, water, greenspace.","Release/update cycle, not event time.",2026-04-28T12:18:46.277777+00:00,,,Not a historical archive; generalised at some zooms; OS licence attribution required.,raw_metadata/london__os-open-zoomstack__page.json,
os-open-map-local,london,OS OpenMap Local,Ordnance Survey,buildings,discovery_catalog_source,https://www.ordnancesurvey.co.uk/products/os-open-map-local,OS Data Hub download,"Requires source-level review; many official sources use OGL/UK Open Government Licence, TfL terms, NYC Open Data Terms, or agency-specific terms.",,,Building footprints/functional sites/roads/water/greenspace as vector features.,Publication vintage.,2026-04-28T12:18:46.277779+00:00,,,Current-state only; not suitable for exact construction dates; generalised compared with premium MasterMap.,raw_metadata/london__os-open-map-local__page.json,
os-open-uprn,london,OS Open UPRN,Ordnance Survey / GeoPlace,buildings,discovery_catalog_source,https://www.ordnancesurvey.co.uk/products/os-open-uprn,OS Data Hub download,"Requires source-level review; many official sources use OGL/UK Open Government Licence, TfL terms, NYC Open Data Terms, or agency-specific terms.",,,UPRN point with coordinates.,Release vintage only.,2026-04-28T12:18:46.277781+00:00,,,No address text in open product; no history of creation/removal; coordinate precision/licence constraints.,raw_metadata/london__os-open-uprn__page.json,
historic-england-nhle,london,National Heritage List for England (NHLE) downloads,Historic England,buildings,discovery_catalog_source,https://historicengland.org.uk/listing/the-list/data-downloads/,Downloadable GIS/CSV; NHLE search API/exports where available,"Requires source-level review; many official sources use OGL/UK Open Government Licence, TfL terms, NYC Open Data Terms, or agency-specific terms.",,,Listed building/monument/registered park point or polygon.,Designation/listing dates and amendment dates.,2026-04-28T12:18:46.277782+00:00,,,"Heritage designations only, not all buildings; some coordinates approximate; 403/web restrictions may require browser/manual download.",raw_metadata/london__historic-england-nhle__page.json,
mhclg-epc-open-data,london,Energy Performance Certificate open data,"Ministry of Housing, Communities and Local Government / OpenDataCommunities",buildings/environment,discovery_catalog_source,https://epc.opendatacommunities.org/,https://epc.opendatacommunities.org/api/v1/,"Requires source-level review; many official sources use OGL/UK Open Government Licence, TfL terms, NYC Open Data Terms, or agency-specific terms.",,,Certificate/address/UPRN-postcode level; local authority.,Assessment/lodgement date.,2026-04-28T12:18:46.277784+00:00,,,Only properties requiring certificates; duplicates and superseded certificates; licence/authentication and privacy constraints; not complete building stock.,raw_metadata/london__mhclg-epc-open-data__page.json,
tfl-unified-api,london,TfL Unified API,Transport for London,traffic/transport,discovery_catalog_source,https://api.tfl.gov.uk/,"https://api.tfl.gov.uk/Line/Mode/tube,overground,dlr,elizabeth-line/Status ; https://api.tfl.gov.uk/StopPoint ; https://api.tfl.gov.uk/Road","Requires source-level review; many official sources use OGL/UK Open Government Licence, TfL terms, NYC Open Data Terms, or agency-specific terms.",,,Stop/station/route/road corridor; WGS84 points/lines for many assets.,Real-time to daily depending endpoint.,2026-04-28T12:18:46.277789+00:00,,,Most historic data not retained in API; rate limits/app keys for high volume; schemas change.,raw_metadata/london__tfl-unified-api__page.json,
tfl-roads-open-data,london,TfL Roads open data file service,Transport for London,traffic/transport,discovery_catalog_source,https://roads.data.tfl.gov.uk/,https://roads.data.tfl.gov.uk/,"Requires source-level review; many official sources use OGL/UK Open Government Licence, TfL terms, NYC Open Data Terms, or agency-specific terms.",,,Road link/junction/count site/signal/site coordinates depending file.,From real-time feeds to annual/periodic datasets.,2026-04-28T12:18:46.277791+00:00,,,Directory-style service; metadata inconsistent; some files large/proprietary formats; historic retention varies.,raw_metadata/london__tfl-roads-open-data__page.json,
tfl-cycling-data,london,TfL Cycling open data,Transport for London,traffic/transport,discovery_catalog_source,https://cycling.data.tfl.gov.uk/,https://cycling.data.tfl.gov.uk/,"Requires source-level review; many official sources use OGL/UK Open Government Licence, TfL terms, NYC Open Data Terms, or agency-specific terms.",,,Hire docking station/trip; cycle count site; route/infrastructure segment where available.,Trip timestamp; daily/monthly aggregates; count interval varies.,2026-04-28T12:18:46.277792+00:00,,,Cycle hire covers Santander/e-bike scheme not all cycling; infrastructure definitions change; station names/IDs can change.,raw_metadata/london__tfl-cycling-data__page.json,
tfl-road-disruptions,london,TfL Road disruptions / planned works API,Transport for London,events/street closures,discovery_catalog_source,https://api.tfl.gov.uk/Road,https://api.tfl.gov.uk/Road/all/Disruption,"Requires source-level review; many official sources use OGL/UK Open Government Licence, TfL terms, NYC Open Data Terms, or agency-specific terms.",,,TfL road corridor/streetworks location and affected streets.,Start/end time for disruption where supplied.,2026-04-28T12:18:46.277794+00:00,,,Live API; historic closures must be archived by user; borough roads may be incomplete.,raw_metadata/london__tfl-road-disruptions__page.json,
dft-road-traffic-counts,london,Road traffic statistics - count points and annual average daily flow,Department for Transport,traffic/transport,discovery_catalog_source,https://roadtraffic.dft.gov.uk/downloads,https://roadtraffic.dft.gov.uk/downloads,"Requires source-level review; many official sources use OGL/UK Open Government Licence, TfL terms, NYC Open Data Terms, or agency-specific terms.",,,Count point/road link; local authority; road class.,Annual AADF and raw counts for selected days.,2026-04-28T12:18:46.277795+00:00,,,AADF estimates not continuous sensors; minor roads sample-based; count locations may move/reclassify.,raw_metadata/london__dft-road-traffic-counts__page.json,
dft-naei-traffic-emissions-context,london,DfT transport statistics and road network/open data,Department for Transport,traffic/transport,discovery_catalog_source,https://www.gov.uk/government/organisations/department-for-transport/about/statistics,Statistical tables/downloads,"Requires source-level review; many official sources use OGL/UK Open Government Licence, TfL terms, NYC Open Data Terms, or agency-specific terms.",,,"National, region, local authority, road class/mode.",Annual/quarterly/monthly depending table.,2026-04-28T12:18:46.277797+00:00,,,"Often aggregate, not street-level; definitions/table numbers change.",raw_metadata/london__dft-naei-traffic-emissions-context__page.json,
ons-census-api,london,ONS Census 2021 and historic census data,Office for National Statistics,demographics,discovery_catalog_source,https://www.ons.gov.uk/census,https://api.beta.ons.gov.uk/v1/ ; https://www.ons.gov.uk/datasets,"Requires source-level review; many official sources use OGL/UK Open Government Licence, TfL terms, NYC Open Data Terms, or agency-specific terms.",,,OA/LSOA/MSOA/ward/borough and custom tables where available.,Census day/decennial.,2026-04-28T12:18:46.277799+00:00,,,Boundary changes and disclosure control; variable definitions differ across censuses; 2021 pandemic context.,raw_metadata/london__ons-census-api__page.json,
nomis-labour-market,london,Nomis official labour market statistics,ONS / Nomis,demographics/economy,discovery_catalog_source,https://www.nomisweb.co.uk/,https://www.nomisweb.co.uk/api/v01/help,"Requires source-level review; many official sources use OGL/UK Open Government Licence, TfL terms, NYC Open Data Terms, or agency-specific terms.",,,"Local authority, parliamentary constituency, ward/MSOA for some datasets.",Monthly/quarterly/annual/census.,2026-04-28T12:18:46.277801+00:00,,,API requires dataset-specific queries; suppression and geography changes; not building/street-level.,raw_metadata/london__nomis-labour-market__page.json,
ons-geoportal-boundaries,london,ONS Open Geography Portal boundary downloads,Office for National Statistics Geography,imagery/basemaps,discovery_catalog_source,https://geoportal.statistics.gov.uk/,ArcGIS REST services via geoportal item pages,"Requires source-level review; many official sources use OGL/UK Open Government Licence, TfL terms, NYC Open Data Terms, or agency-specific terms.",,,"OA, LSOA, MSOA, wards, LAD, regions, parishes and lookups.",Boundary release/vintage year.,2026-04-28T12:18:46.277803+00:00,,,Not observational data; boundary harmonisation needed for time-series.,raw_metadata/london__ons-geoportal-boundaries__page.json,
gla-population-projections,london,GLA population projections,Greater London Authority City Intelligence / London Datastore,demographics,discovery_catalog_source,https://data.london.gov.uk/dataset/projections,London Datastore downloadable CSV/XLS resources,"Requires source-level review; many official sources use OGL/UK Open Government Licence, TfL terms, NYC Open Data Terms, or agency-specific terms.",,,"Borough, ward, MSOA/LSOA depending projection series.",Annual age/sex/population estimates/projections.,2026-04-28T12:18:46.277804+00:00,,,"Modelled projections, not observations; superseded runs differ; scenario assumptions matter.",raw_metadata/london__gla-population-projections__page.json,
gla-economics-datastore,london,"London Datastore economy datasets (employment, GVA, town centres, high streets)",Greater London Authority / London Datastore,economy,discovery_catalog_source,https://data.london.gov.uk/,"Search datasets: 'employment', 'GVA', 'High Streets Data Service'","Requires source-level review; many official sources use OGL/UK Open Government Licence, TfL terms, NYC Open Data Terms, or agency-specific terms.",,,"London, borough, town centre/high street, MSOA/LSOA for selected products.",Annual/quarterly/monthly depending dataset.,2026-04-28T12:18:46.277807+00:00,,,Mixed sources and licences; high-street indicators may be modelled/commercial-derived; historical consistency varies.,raw_metadata/london__gla-economics-datastore__page.json,
ons-business-demography,london,ONS business demography and UK Business Counts,Office for National Statistics / Nomis,economy,discovery_catalog_source,https://www.ons.gov.uk/businessindustryandtrade/business/activitysizeandlocation,Nomis API for UK Business Counts; ONS downloads,"Requires source-level review; many official sources use OGL/UK Open Government Licence, TfL terms, NYC Open Data Terms, or agency-specific terms.",,,Local authority; MSOA/ward for some business counts; industry/SIC and size bands.,Annual.,2026-04-28T12:18:46.277809+00:00,,,Register-based enterprises/local units; disclosure suppression; SIC classification changes.,raw_metadata/london__ons-business-demography__page.json,
gla-laei,london,London Atmospheric Emissions Inventory (LAEI),Greater London Authority,environment,discovery_catalog_source,https://data.london.gov.uk/dataset/london-atmospheric-emissions-inventory--laei--2019,London Datastore downloadable GIS/gridded tables for LAEI vintages,"Requires source-level review; many official sources use OGL/UK Open Government Licence, TfL terms, NYC Open Data Terms, or agency-specific terms.",,,Grid cells/road links/borough/source sector depending release.,Inventory year; sometimes annual emissions by source.,2026-04-28T12:18:46.277810+00:00,,,Modelled inventory not direct measurements; methodology changes by vintage; large downloads.,raw_metadata/london__gla-laei__page.json,
defra-uk-air,london,UK-AIR air quality monitoring data,"Department for Environment, Food and Rural Affairs",environment,discovery_catalog_source,https://uk-air.defra.gov.uk/data/,https://uk-air.defra.gov.uk/sos-ukair/api/v1/ (where available) and downloadable archives,"Requires source-level review; many official sources use OGL/UK Open Government Licence, TfL terms, NYC Open Data Terms, or agency-specific terms.",,,Monitoring station point; pollutant.,Hourly/daily/monthly/annual depending pollutant/station.,2026-04-28T12:18:46.277812+00:00,,,Station coverage changes; not complete spatial surface; calibration/status flags needed.,raw_metadata/london__defra-uk-air__page.json,
environment-agency-flood-water,london,"Environment Agency flood, river and environmental data services",Environment Agency / DEFRA,environment,discovery_catalog_source,https://environment.data.gov.uk/,https://environment.data.gov.uk/flood-monitoring/doc/reference ; https://environment.data.gov.uk/arcgis/rest/services/,"Requires source-level review; many official sources use OGL/UK Open Government Licence, TfL terms, NYC Open Data Terms, or agency-specific terms.",,,Gauge/station point; flood zone polygons; river/waterbody features.,15-minute/hourly live readings; dataset release vintage for polygons.,2026-04-28T12:18:46.277814+00:00,,,Some APIs live/current; historic hydrology may need bulk archives; flood risk maps are modelled.,raw_metadata/london__environment-agency-flood-water__page.json,
natural-england-open-data,london,Natural England Open Data Geoportal,Natural England / DEFRA,environment,discovery_catalog_source,https://naturalengland-defra.opendata.arcgis.com/,ArcGIS REST services exposed from item pages,"Requires source-level review; many official sources use OGL/UK Open Government Licence, TfL terms, NYC Open Data Terms, or agency-specific terms.",,,"Site polygon/line/point (SSSI, Local Nature Reserves, National Character Areas, etc.).",Designation/update dates where present; otherwise release vintage.,2026-04-28T12:18:46.277815+00:00,,,Mostly current designations; not full local parks inventory; attribute completeness varies.,raw_metadata/london__natural-england-open-data__page.json,
met-office-haduk-grid,london,HadUK-Grid climate observations,Met Office,environment,discovery_catalog_source,https://www.metoffice.gov.uk/research/climate/maps-and-data/data/haduk-grid/haduk-grid,CEDA/archive downloads; Met Office pages,"Requires source-level review; many official sources use OGL/UK Open Government Licence, TfL terms, NYC Open Data Terms, or agency-specific terms.",,,1km/5km/12km grid depending product and variable.,Daily/monthly/seasonal/annual.,2026-04-28T12:18:46.277817+00:00,,,"Gridded interpolation, not city sensor network; licence/access via CEDA may be needed; urban heat island not fully resolved.",raw_metadata/london__met-office-haduk-grid__page.json,
environment-agency-lidar,london,National LIDAR Programme data,Environment Agency,imagery/basemaps,discovery_catalog_source,https://environment.data.gov.uk/survey,https://environment.data.gov.uk/survey,"Requires source-level review; many official sources use OGL/UK Open Government Licence, TfL terms, NYC Open Data Terms, or agency-specific terms.",,,Raster tiles (DSM/DTM) at 25cm/50cm/1m/2m resolutions where available.,Survey/acquisition date per tile.,2026-04-28T12:18:46.277819+00:00,,,Patchy dates/resolutions; elevation not imagery; urban canyons and water/vegetation artefacts.,raw_metadata/london__environment-agency-lidar__page.json,
police-data-api,london,Police.uk crime and outcomes API,Home Office / Police.uk / Metropolitan Police Service data contributors,public services,discovery_catalog_source,https://data.police.uk/docs/,https://data.police.uk/api/,"Requires source-level review; many official sources use OGL/UK Open Government Licence, TfL terms, NYC Open Data Terms, or agency-specific terms.",,,Approximate crime location point/street; neighbourhood; force.,Monthly.,2026-04-28T12:18:46.277821+00:00,,,Locations anonymised/blurred; underreporting; category/force boundary changes; API rate constraints.,raw_metadata/london__police-data-api__page.json,
nhs-ods-api,london,NHS Organisation Data Service (ODS),NHS England,public services,discovery_catalog_source,https://digital.nhs.uk/services/organisation-data-service,https://directory.spineservices.nhs.uk/ORD/2-0-0/organisations,"Requires source-level review; many official sources use OGL/UK Open Government Licence, TfL terms, NYC Open Data Terms, or agency-specific terms.",,,Health organisation/site address and code; postcode coordinates via lookup needed.,Publication month; open/close/change dates for some records.,2026-04-28T12:18:46.277823+00:00,,,Not all service capacity/activity; geocoding required; organisational restructures complicate history.,raw_metadata/london__nhs-ods-api__page.json,
dfe-gias,london,Get Information About Schools (GIAS),Department for Education,public services,discovery_catalog_source,https://get-information-schools.service.gov.uk/Downloads,Downloadable CSV extracts,"Requires source-level review; many official sources use OGL/UK Open Government Licence, TfL terms, NYC Open Data Terms, or agency-specific terms.",,,"School/establishment address, postcode, local authority, phase/type.",Open/close/status dates; extract date.,2026-04-28T12:18:46.277824+00:00,,,Current-state downloads overwrite history unless snapshots stored; coordinates need geocoding; independent/early-years coverage limitations.,raw_metadata/london__dfe-gias__page.json,
london-fire-brigade-incidents,london,London Fire Brigade incident records,London Fire Brigade / London Datastore,public services,discovery_catalog_source,https://data.london.gov.uk/dataset/london-fire-brigade-incident-records,Downloadable CSV resources on London Datastore,"Requires source-level review; many official sources use OGL/UK Open Government Licence, TfL terms, NYC Open Data Terms, or agency-specific terms.",,,Incident location generally postcode/ward/borough/station ground; incident type.,Incident timestamp/date and response times.,2026-04-28T12:18:46.277826+00:00,,,Sensitive location generalisation; schema updates; operational context needed for causal interpretation.,raw_metadata/london__london-fire-brigade-incidents__page.json,
camden-open-data-planning-licensing,london,Camden Open Data (borough exemplar for planning/licensing/highways/local assets),London Borough of Camden,borough/local services,discovery_catalog_source,https://opendata.camden.gov.uk/,Socrata API endpoints per dataset,"Requires source-level review; many official sources use OGL/UK Open Government Licence, TfL terms, NYC Open Data Terms, or agency-specific terms.",,,Address/asset/street/ward/point or polygon depending dataset.,Daily/monthly/event date depending dataset.,2026-04-28T12:18:46.277830+00:00,,,Single-borough exemplar; Socrata schemas vary; not London-wide without harvesting all borough portals.,raw_metadata/london__camden-open-data-planning-licensing__page.json,
lldc-planning-authority,london,LLDC Planning Authority planning register and policy,London Legacy Development Corporation,planning/development/policy,discovery_catalog_source,https://www.londonlegacy.co.uk/queen-elizabeth-olympic-park/planning-authority/,Planning register/policy document pages; downloadable policy evidence where available,"Requires source-level review; many official sources use OGL/UK Open Government Licence, TfL terms, NYC Open Data Terms, or agency-specific terms.",,,Application/site within LLDC boundary; policy sub-areas.,Application dates; policy adoption/review dates.,2026-04-28T12:18:46.277832+00:00,,,Special planning authority area only; website availability/timeouts observed; data may be document/register rather than API.,raw_metadata/london__lldc-planning-authority__page.json,
national-archives-webarchive,london,UK Government Web Archive for superseded London/TfL/borough policy pages,The National Archives,policy/history,discovery_catalog_source,https://www.nationalarchives.gov.uk/webarchive/,Memento/CDX-style access via webarchive search and snapshots,"Requires source-level review; many official sources use OGL/UK Open Government Licence, TfL terms, NYC Open Data Terms, or agency-specific terms.",,,Document/page level; not GIS.,Snapshot/crawl date.,2026-04-28T12:18:46.277834+00:00,,,Capture gaps; dynamic downloads may be missing; not structured data without scraping/OCR.,raw_metadata/london__national-archives-webarchive__page.json,
legislation-uk-london-acts-orders,london,"UK legislation API for London transport, planning and local government instruments",The National Archives / legislation.gov.uk,policy,discovery_catalog_source,https://www.legislation.gov.uk/,https://www.legislation.gov.uk/data.xml ; per-document XML/RDF/HTML endpoints,"Requires source-level review; many official sources use OGL/UK Open Government Licence, TfL terms, NYC Open Data Terms, or agency-specific terms.",,,Legal instrument/jurisdiction; not GIS without interpretation.,Made/commencement/revision dates.,2026-04-28T12:18:46.277836+00:00,,,Legal text requires parsing; local traffic orders often not held; spatial extents embedded in schedules/maps.,raw_metadata/london__legislation-uk-london-acts-orders__page.json,
lon-extra-hm-land-registry-inspire-index-polygons,london,HM Land Registry INSPIRE Index Polygons,HM Land Registry,parcels/land ownership/basemap,spatial download/WFS,https://use-land-property-data.service.gov.uk/datasets/inspire,,Requires source-level review before redistribution; official/open source terms vary by publisher.,,,registered title extent polygon,varies by source/vintage,2026-04-28T12:56:37.631412+00:00,,,Not legal boundary; no owner names in open product. Value: parcel-like layer for redevelopment-site tracking,raw_metadata/london__lon-extra-hm-land-registry-inspire-index-polygons__page.json,
lon-extra-hm-land-registry-price-paid-data,london,HM Land Registry Price Paid Data,HM Land Registry,housing/property market/economy,bulk CSV/API,https://www.gov.uk/government/statistical-data-sets/price-paid-data-downloads,,Requires source-level review before redistribution; official/open source terms vary by publisher.,,,address/transaction,varies by source/vintage,2026-04-28T12:56:37.631412+00:00,,,Needs geocoding; excludes some transfers. Value: longitudinal sale-price signal for neighbourhood change,raw_metadata/london__lon-extra-hm-land-registry-price-paid-data__page.json,
lon-extra-uk-house-price-index,london,UK House Price Index,HM Land Registry,housing/property market/economy,linked data/API/CSV,https://landregistry.data.gov.uk/app/ukhpi,,Requires source-level review before redistribution; official/open source terms vary by publisher.,,,local authority/region,varies by source/vintage,2026-04-28T12:56:37.631412+00:00,,,"Aggregated, not parcel level. Value: borough-level house price trend baseline",raw_metadata/london__lon-extra-uk-house-price-index__page.json,
lon-extra-voa-non-domestic-rating-list-business-floorspace,london,VOA Non-Domestic Rating List / business floorspace,Valuation Office Agency,economy/commercial property/buildings,bulk CSV/statistics,https://www.gov.uk/government/collections/non-domestic-rating-business-floorspace,,Requires source-level review before redistribution; official/open source terms vary by publisher.,,,hereditament/address/LA,varies by source/vintage,2026-04-28T12:56:37.631412+00:00,,,Geocoding required; rateable value is not rent. Value: commercial premises and floorspace change,raw_metadata/london__lon-extra-voa-non-domestic-rating-list-business-floorspace__page.json,
lon-extra-planning-data-brownfield-land,london,Planning Data: Brownfield Land,DLUHC Planning Data,planning/development/brownfield,API/geospatial entities,https://www.planning.data.gov.uk/entity.json?dataset=brownfield-land,,Requires source-level review before redistribution; official/open source terms vary by publisher.,,,site polygon/point,varies by source/vintage,2026-04-28T12:56:37.631412+00:00,,,Completeness varies by borough. Value: redevelopment pipeline and land availability,raw_metadata/london__lon-extra-planning-data-brownfield-land__page.json,
lon-extra-planning-data-conservation-areas,london,Planning Data: Conservation Areas,DLUHC Planning Data,heritage/planning constraints/boundaries,API/geospatial entities,https://www.planning.data.gov.uk/entity.json?dataset=conservation-area,,Requires source-level review before redistribution; official/open source terms vary by publisher.,,,conservation area polygon,varies by source/vintage,2026-04-28T12:56:37.631412+00:00,,,Completeness/geometry quality varies. Value: heritage constraints shaping development,raw_metadata/london__lon-extra-planning-data-conservation-areas__page.json,
lon-extra-planning-data-conservation-area-documents,london,Planning Data: Conservation Area Documents,DLUHC Planning Data,heritage/planning policy/source provenance,API/documents,https://www.planning.data.gov.uk/entity.json?dataset=conservation-area-document,,Requires source-level review before redistribution; official/open source terms vary by publisher.,,,document linked to conservation area,varies by source/vintage,2026-04-28T12:56:37.631412+00:00,,,Documents vary in age/machine readability. Value: policy text for character-change evidence,raw_metadata/london__lon-extra-planning-data-conservation-area-documents__page.json,
lon-extra-planning-data-listed-building-outlines,london,Planning Data: Listed Building Outlines,DLUHC Planning Data,heritage/buildings,API/geospatial entities,https://www.planning.data.gov.uk/entity.json?dataset=listed-building-outline,,Requires source-level review before redistribution; official/open source terms vary by publisher.,,,building outline polygon,varies by source/vintage,2026-04-28T12:56:37.631412+00:00,,,Incomplete; NHLE remains authoritative. Value: spatial outlines for listed assets,raw_metadata/london__lon-extra-planning-data-listed-building-outlines__page.json,
lon-extra-planning-data-heritage-at-risk,london,Planning Data: Heritage at Risk,DLUHC Planning Data,heritage/environment/risk,API/geospatial entities,https://www.planning.data.gov.uk/entity.json?dataset=heritage-at-risk,,Requires source-level review before redistribution; official/open source terms vary by publisher.,,,asset record/geometry varies,varies by source/vintage,2026-04-28T12:56:37.631412+00:00,,,Geometry and completeness vary. Value: vulnerable historic assets,raw_metadata/london__lon-extra-planning-data-heritage-at-risk__page.json,
lon-extra-planning-data-article-4-directions,london,Planning Data: Article 4 Directions,DLUHC Planning Data,planning controls/policy,API/legal instruments,https://www.planning.data.gov.uk/entity.json?dataset=article-4-direction,,Requires source-level review before redistribution; official/open source terms vary by publisher.,,,direction area/document,varies by source/vintage,2026-04-28T12:56:37.631412+00:00,,,Completeness depends on LPA publication. Value: permitted-development restrictions,raw_metadata/london__lon-extra-planning-data-article-4-directions__page.json,
lon-extra-planning-data-tree-preservation-orders,london,Planning Data: Tree Preservation Orders,DLUHC Planning Data,trees/planning constraints/environment,API/legal instruments,https://www.planning.data.gov.uk/entity.json?dataset=tree-preservation-order,,Requires source-level review before redistribution; official/open source terms vary by publisher.,,,TPO record,varies by source/vintage,2026-04-28T12:56:37.631412+00:00,,,Geometry/detail varies. Value: protected-tree constraints,raw_metadata/london__lon-extra-planning-data-tree-preservation-orders__page.json,
lon-extra-planning-data-tree-preservation-zones,london,Planning Data: Tree Preservation Zones,DLUHC Planning Data,trees/planning constraints/environment,API/geospatial entities,https://www.planning.data.gov.uk/entity.json?dataset=tree-preservation-zone,,Requires source-level review before redistribution; official/open source terms vary by publisher.,,,TPO zone polygon,varies by source/vintage,2026-04-28T12:56:37.631412+00:00,,,Incomplete by borough. Value: protected tree zone polygons,raw_metadata/london__lon-extra-planning-data-tree-preservation-zones__page.json,
lon-extra-planning-data-protected-trees,london,Planning Data: Protected Trees,DLUHC Planning Data,trees/planning constraints/environment,API/geospatial entities,https://www.planning.data.gov.uk/entity.json?dataset=tree,,Requires source-level review before redistribution; official/open source terms vary by publisher.,,,individual tree/point,varies by source/vintage,2026-04-28T12:56:37.631412+00:00,,,Not a full street-tree inventory. Value: protected individual trees,raw_metadata/london__lon-extra-planning-data-protected-trees__page.json,
lon-extra-planning-data-local-plan-boundaries,london,Planning Data: Local Plan Boundaries,DLUHC Planning Data,planning policy/boundaries,API/geospatial entities,https://www.planning.data.gov.uk/entity.json?dataset=local-plan-boundary,,Requires source-level review before redistribution; official/open source terms vary by publisher.,,,plan boundary polygon,varies by source/vintage,2026-04-28T12:56:37.631412+00:00,,,Not full policy map. Value: align changes to statutory plan geographies,raw_metadata/london__lon-extra-planning-data-local-plan-boundaries__page.json,
lon-extra-planning-data-local-plans,london,Planning Data: Local Plans,DLUHC Planning Data,planning policy/source provenance,API/documents/metadata,https://www.planning.data.gov.uk/entity.json?dataset=local-plan,,Requires source-level review before redistribution; official/open source terms vary by publisher.,,,plan/document,varies by source/vintage,2026-04-28T12:56:37.631412+00:00,,,Policy content often in PDFs. Value: borough planning-policy timeline,raw_metadata/london__lon-extra-planning-data-local-plans__page.json,
lon-extra-planning-data-developer-agreements,london,Planning Data: Developer Agreements,DLUHC Planning Data,planning obligations/development,API/legal records,https://www.planning.data.gov.uk/entity.json?dataset=developer-agreement,,Requires source-level review before redistribution; official/open source terms vary by publisher.,,,agreement/site record,varies by source/vintage,2026-04-28T12:56:37.631412+00:00,,,Early/incomplete; documents may be PDFs. Value: S106/planning obligation evidence,raw_metadata/london__lon-extra-planning-data-developer-agreements__page.json,
lon-extra-planning-data-transport-access-nodes,london,Planning Data: Transport Access Nodes,DLUHC Planning Data,transport/planning access,API/geospatial entities,https://www.planning.data.gov.uk/entity.json?dataset=transport-access-node,,Requires source-level review before redistribution; official/open source terms vary by publisher.,,,access node,varies by source/vintage,2026-04-28T12:56:37.631412+00:00,,,Overlaps with NaPTAN. Value: planning-side accessibility reference,raw_metadata/london__lon-extra-planning-data-transport-access-nodes__page.json,
lon-extra-naptan-public-transport-stops,london,NaPTAN public transport stops,Department for Transport,transport/public transport/stops,API/CSV/XML,https://naptan.api.dft.gov.uk/,,Requires source-level review before redistribution; official/open source terms vary by publisher.,,,stop/access-node,varies by source/vintage,2026-04-28T12:56:37.631412+00:00,,,Stop status and complexes need normalization. Value: authoritative stop inventory,raw_metadata/london__lon-extra-naptan-public-transport-stops__page.json,
lon-extra-national-public-transport-gazetteer,london,National Public Transport Gazetteer,Department for Transport,transport/geography,download/API-linked,https://www.data.gov.uk/dataset/04497521-3043-49f4-85d4-2a98645e1d8c/national-public-transport-gazetteer-nptg,,Requires source-level review before redistribution; official/open source terms vary by publisher.,,,transport locality/admin gazetteer,varies by source/vintage,2026-04-28T12:56:37.631412+00:00,,,Less detailed than NaPTAN. Value: normalise stop/locality geographies,raw_metadata/london__lon-extra-national-public-transport-gazetteer__page.json,
lon-extra-bus-open-data-service,london,Bus Open Data Service,Department for Transport,transport/bus/timetables,API/GTFS-like/SIRI,https://data.bus-data.dft.gov.uk/,,Requires source-level review before redistribution; official/open source terms vary by publisher.,,,route/timetable/vehicle/fare,varies by source/vintage,2026-04-28T12:56:37.631412+00:00,,,Registration/API complexity; London coverage interacts with TfL. Value: bus timetables and cross-boundary services,raw_metadata/london__lon-extra-bus-open-data-service__page.json,
lon-extra-national-rail-open-data,london,National Rail Open Data,National Rail,transport/rail,API/feeds,https://opendata.nationalrail.co.uk/,,Requires source-level review before redistribution; official/open source terms vary by publisher.,,,station/service,varies by source/vintage,2026-04-28T12:56:37.631412+00:00,,,Registration and feed complexity. Value: rail timetable/live running context,raw_metadata/london__lon-extra-national-rail-open-data__page.json,
lon-extra-rail-data-marketplace,london,Rail Data Marketplace,Rail Delivery Group / rail industry,transport/rail/source provenance,catalog/APIs,https://raildata.org.uk/,,Requires source-level review before redistribution; official/open source terms vary by publisher.,,,dataset/service,varies by source/vintage,2026-04-28T12:56:37.631412+00:00,,,Some access restrictions. Value: rail data discovery for station/performance/demand,raw_metadata/london__lon-extra-rail-data-marketplace__page.json,
lon-extra-network-rail-open-data-feeds,london,Network Rail Open Data feeds,Network Rail,transport/rail/infrastructure,API/feeds,https://www.networkrail.co.uk/who-we-are/transparency-and-ethics/transparency/open-data-feeds/,,Requires source-level review before redistribution; official/open source terms vary by publisher.,,,infrastructure/timetable/feed,varies by source/vintage,2026-04-28T12:56:37.631412+00:00,,,Registration; not simple GIS. Value: rail network and operational data,raw_metadata/london__lon-extra-network-rail-open-data-feeds__page.json,
lon-extra-orr-estimates-of-station-usage,london,ORR Estimates of Station Usage,Office of Rail and Road,transport/rail demand/economy,CSV/statistical download,https://dataportal.orr.gov.uk/statistics/usage/estimates-of-station-usage,,Requires source-level review before redistribution; official/open source terms vary by publisher.,,,station/year,varies by source/vintage,2026-04-28T12:56:37.631412+00:00,,,Annual estimates; methodology changes. Value: long-run station demand,raw_metadata/london__lon-extra-orr-estimates-of-station-usage__page.json,
lon-extra-street-manager-roadworks-data,london,Street Manager roadworks data,Department for Transport,roadworks/street works/traffic,API/guidance,https://www.gov.uk/guidance/find-and-use-roadworks-data,,Requires source-level review before redistribution; official/open source terms vary by publisher.,,,work/permit/street,varies by source/vintage,2026-04-28T12:56:37.631412+00:00,,,Access/history varies. Value: utility works and street disruption,raw_metadata/london__lon-extra-street-manager-roadworks-data__page.json,
lon-extra-stats19-road-safety-data,london,STATS19 Road Safety Data,Department for Transport,traffic/road safety/collisions,CSV/data.gov.uk,https://www.data.gov.uk/dataset/cb7ae6f0-4be6-4935-9277-47e5ce24a11f/road-accidents-safety-data,,Requires source-level review before redistribution; official/open source terms vary by publisher.,,,collision point/record,varies by source/vintage,2026-04-28T12:56:37.631412+00:00,,,Location suppression/jitter; publication lag. Value: collision hotspots and safety changes,raw_metadata/london__lon-extra-stats19-road-safety-data__page.json,
lon-extra-webtris-traffic-counts-and-speeds,london,WebTRIS traffic counts and speeds,National Highways,traffic/strategic roads,API,https://webtris.highwaysengland.co.uk/api/swagger/ui/index,,Requires source-level review before redistribution; official/open source terms vary by publisher.,,,count site/time interval,varies by source/vintage,2026-04-28T12:56:37.631412+00:00,,,Limited to SRN corridors. Value: flow/speed for major road corridors,raw_metadata/london__lon-extra-webtris-traffic-counts-and-speeds__page.json,
lon-extra-traffic-regulation-orders-data-service,london,Traffic Regulation Orders data service,Department for Transport,traffic/parking/restrictions/policy,emerging data service,https://www.gov.uk/government/collections/traffic-regulation-orders,,Requires source-level review before redistribution; official/open source terms vary by publisher.,,,TRO document/restriction,varies by source/vintage,2026-04-28T12:56:37.631412+00:00,,,Emerging/incomplete. Value: parking/loading/bus-lane/movement rules,raw_metadata/london__lon-extra-traffic-regulation-orders-data-service__page.json,
lon-extra-london-lorry-control-scheme,london,London Lorry Control Scheme,London Councils,freight/traffic/restricted roads,maps/scheme data,https://www.londoncouncils.gov.uk/services/london-lorry-control,,Requires source-level review before redistribution; official/open source terms vary by publisher.,,,restricted route network,varies by source/vintage,2026-04-28T12:56:37.631412+00:00,,,Bulk GIS may need request/extraction. Value: freight movement restrictions,raw_metadata/london__lon-extra-london-lorry-control-scheme__page.json,
lon-extra-national-cycle-network-gis,london,National Cycle Network GIS,Sustrans,cycling/active travel,GIS/download,https://www.sustrans.org.uk/national-cycle-network/,,Requires source-level review before redistribution; official/open source terms vary by publisher.,,,route segment,varies by source/vintage,2026-04-28T12:56:37.631412+00:00,,,Charity source; NCN only. Value: strategic cycle route layer,raw_metadata/london__lon-extra-national-cycle-network-gis__page.json,
lon-extra-active-travel-england-data-tools,london,Active Travel England data/tools,Active Travel England,walking/cycling/schemes,official guidance/data products,https://www.gov.uk/government/organisations/active-travel-england,,Requires source-level review before redistribution; official/open source terms vary by publisher.,,,scheme/local authority,varies by source/vintage,2026-04-28T12:56:37.631412+00:00,,,Not all products open GIS. Value: active-travel funding/assessment context,raw_metadata/london__lon-extra-active-travel-england-data-tools__page.json,
lon-extra-bgs-geoindex-onshore,london,BGS GeoIndex Onshore,British Geological Survey,geology/ground conditions/environment,WMS/WFS/viewer,https://www.bgs.ac.uk/map-viewers/geoindex-onshore/,,Requires source-level review before redistribution; official/open source terms vary by publisher.,,,geology/borehole/geophysical layer,varies by source/vintage,2026-04-28T12:56:37.631412+00:00,,,Some detailed data paid/licensed. Value: subsurface constraints for development/flooding,raw_metadata/london__lon-extra-bgs-geoindex-onshore__page.json,
lon-extra-ukceh-land-cover-maps,london,UKCEH Land Cover Maps,UK Centre for Ecology & Hydrology,land cover/environment/imagery,raster download,https://www.ceh.ac.uk/data/ukceh-land-cover-maps,,Requires source-level review before redistribution; official/open source terms vary by publisher.,,,raster/grid,varies by source/vintage,2026-04-28T12:56:37.631412+00:00,,,Registration/licence; resolution varies. Value: urbanisation/greenspace/impervious change,raw_metadata/london__lon-extra-ukceh-land-cover-maps__page.json,
lon-extra-national-forest-inventory-woodland-england,london,National Forest Inventory Woodland England,Forestry Commission,trees/woodland/environment,GIS download,https://www.data.gov.uk/dataset/ae333e5d-89f6-4578-8f4d-c64fdb2a8a2b/national-forest-inventory-woodland-england,,Requires source-level review before redistribution; official/open source terms vary by publisher.,,,woodland polygon,varies by source/vintage,2026-04-28T12:56:37.631412+00:00,,,Misses many urban street/private trees. Value: woodland canopy layer,raw_metadata/london__lon-extra-national-forest-inventory-woodland-england__page.json,
lon-extra-tree-cover-outside-woodland,london,Tree Cover Outside Woodland,Forestry Commission,trees/canopy/environment,statistics/GIS,https://www.gov.uk/government/statistics/tree-cover-outside-woodland-in-great-britain,,Requires source-level review before redistribution; official/open source terms vary by publisher.,,,grid/statistical area,varies by source/vintage,2026-04-28T12:56:37.631412+00:00,,,Not individual-tree inventory. Value: urban canopy estimates,raw_metadata/london__lon-extra-tree-cover-outside-woodland__page.json,
lon-extra-strategic-noise-mapping-england,london,Strategic Noise Mapping England,DEFRA,noise/environment/health,GIS downloads,https://www.gov.uk/government/collections/noise-mapping-england,,Requires source-level review before redistribution; official/open source terms vary by publisher.,,,noise contour/model grid,varies by source/vintage,2026-04-28T12:56:37.631412+00:00,,,"Modelled, not measured real-time. Value: official noise exposure surfaces",raw_metadata/london__lon-extra-strategic-noise-mapping-england__page.json,
lon-extra-risk-of-flooding-from-surface-water,london,Risk of Flooding from Surface Water,Environment Agency,flood/climate/environment,open GIS/WMS,https://www.data.gov.uk/dataset/d8e4e6e0-d465-11e4-a3cf-f0def148f590/risk-of-flooding-from-surface-water,,Requires source-level review before redistribution; official/open source terms vary by publisher.,,,modelled flood-risk area,varies by source/vintage,2026-04-28T12:56:37.631412+00:00,,,Modelled risk not observations. Value: pluvial flood risk,raw_metadata/london__lon-extra-risk-of-flooding-from-surface-water__page.json,
lon-extra-real-time-flood-monitoring-api,london,Real Time flood-monitoring API,Environment Agency,flood/hydrology/environment,API,https://environment.data.gov.uk/flood-monitoring/doc/reference,,Requires source-level review before redistribution; official/open source terms vary by publisher.,,,station/readings,varies by source/vintage,2026-04-28T12:56:37.631412+00:00,,,Uneven station coverage; live not full archive. Value: river/rainfall context,raw_metadata/london__lon-extra-real-time-flood-monitoring-api__page.json,
lon-extra-flood-map-for-planning-rivers-and-sea,london,Flood Map for Planning: rivers and sea,Environment Agency,flood/planning/environment,GIS/WMS,https://www.data.gov.uk/dataset/bed63fc1-dd26-4685-b143-2941088923b3/flood-map-for-planning-rivers-and-sea-flood-zone-2,,Requires source-level review before redistribution; official/open source terms vary by publisher.,,,flood-zone polygon,varies by source/vintage,2026-04-28T12:56:37.631412+00:00,,,Planning zones not property risk. Value: statutory flood constraints,raw_metadata/london__lon-extra-flood-map-for-planning-rivers-and-sea__page.json,
lon-extra-os-open-greenspace,london,OS Open Greenspace,Ordnance Survey,greenspace/public realm/basemap,GIS download,https://www.ordnancesurvey.co.uk/products/os-open-greenspace,,Requires source-level review before redistribution; official/open source terms vary by publisher.,,,greenspace site/access point,varies by source/vintage,2026-04-28T12:56:37.631412+00:00,,,Typology can be coarse. Value: parks/open-space atlas layer,raw_metadata/london__lon-extra-os-open-greenspace__page.json,
lon-extra-ancient-woodland-inventory-england,london,Ancient Woodland Inventory England,Natural England,woodland/habitat/environment,GIS download,https://naturalengland-defra.opendata.arcgis.com/datasets/Defra::ancient-woodland-england,,Requires source-level review before redistribution; official/open source terms vary by publisher.,,,ancient woodland polygon,varies by source/vintage,2026-04-28T12:56:37.631412+00:00,,,Some small woods omitted; revised over time. Value: ecological constraints,raw_metadata/london__lon-extra-ancient-woodland-inventory-england__page.json,
lon-extra-magic-map-environmental-designations,london,MAGIC Map environmental designations,DEFRA,environment/designations/source provenance,map services/downloads,https://magic.defra.gov.uk/,,Requires source-level review before redistribution; official/open source terms vary by publisher.,,,designation layer,varies by source/vintage,2026-04-28T12:56:37.631412+00:00,,,Aggregator; cite individual layers in production. Value: SSSI/LNR/habitat designation discovery,raw_metadata/london__lon-extra-magic-map-environmental-designations__page.json,
lon-extra-food-hygiene-rating-scheme-api,london,Food Hygiene Rating Scheme API,Food Standards Agency,facilities/food businesses/economy,API/XML/JSON,https://api.ratings.food.gov.uk/help,,Requires source-level review before redistribution; official/open source terms vary by publisher.,,,premises,varies by source/vintage,2026-04-28T12:56:37.631412+00:00,,,Coordinates incomplete/inaccurate; current snapshot. Value: restaurant/high-street activity,raw_metadata/london__lon-extra-food-hygiene-rating-scheme-api__page.json,
lon-extra-cqc-care-directory-data,london,CQC care directory data,Care Quality Commission,health/care facilities/public services,API/CSV,https://www.cqc.org.uk/about-us/transparency/using-cqc-data,,Requires source-level review before redistribution; official/open source terms vary by publisher.,,,care location/provider,varies by source/vintage,2026-04-28T12:56:37.631412+00:00,,,Status changes need temporal handling. Value: care/health service layer,raw_metadata/london__lon-extra-cqc-care-directory-data__page.json,
lon-extra-active-places-power,london,Active Places Power,Sport England,sport/community facilities/public services,database/API access product,https://www.activeplacespower.com/,,Requires source-level review before redistribution; official/open source terms vary by publisher.,,,facility/site,varies by source/vintage,2026-04-28T12:56:37.631412+00:00,,,Registration/licence may apply. Value: sports/community asset inventory,raw_metadata/london__lon-extra-active-places-power__page.json,
lon-extra-english-indices-of-deprivation-2019,london,English Indices of Deprivation 2019,DLUHC,deprivation/social indicators/demographics,CSV/lookup,https://www.gov.uk/government/statistics/english-indices-of-deprivation-2019,,Requires source-level review before redistribution; official/open source terms vary by publisher.,,,LSOA,varies by source/vintage,2026-04-28T12:56:37.631412+00:00,,,Not annual; latest full IMD 2019. Value: inequality and need context,raw_metadata/london__lon-extra-english-indices-of-deprivation-2019__page.json,
lon-extra-ohid-fingertips-api,london,OHID Fingertips API,Office for Health Improvement and Disparities,health indicators/public services,API,https://fingertips.phe.org.uk/api,,Requires source-level review before redistribution; official/open source terms vary by publisher.,,,LA/MSOA/ward varies,varies by source/vintage,2026-04-28T12:56:37.631412+00:00,,,Geography/update frequency varies. Value: health outcomes and determinants,raw_metadata/london__lon-extra-ohid-fingertips-api__page.json,
lon-extra-dwp-stat-xplore,london,DWP Stat-Xplore,Department for Work and Pensions,welfare/labour market/demographics,API/downloads,https://stat-xplore.dwp.gov.uk/,,Requires source-level review before redistribution; official/open source terms vary by publisher.,,,small area/LA varies,varies by source/vintage,2026-04-28T12:56:37.631412+00:00,,,Registration/disclosure controls; definitions change. Value: socioeconomic change signals,raw_metadata/london__lon-extra-dwp-stat-xplore__page.json,
lon-extra-companies-house-api-and-bulk-data,london,Companies House API and bulk data,Companies House,economy/businesses,API/bulk downloads,https://developer.company-information.service.gov.uk/,,Requires source-level review before redistribution; official/open source terms vary by publisher.,,,registered office/company,varies by source/vintage,2026-04-28T12:56:37.631412+00:00,,,API key; registered office not trading location. Value: business formation/dissolution,raw_metadata/london__lon-extra-companies-house-api-and-bulk-data__page.json,
lon-extra-charity-commission-full-register-download,london,Charity Commission full register download,Charity Commission,civic institutions/economy/public services,bulk download,https://register-of-charities.charitycommission.gov.uk/register/full-register-download,,Requires source-level review before redistribution; official/open source terms vary by publisher.,,,charity/address,varies by source/vintage,2026-04-28T12:56:37.631412+00:00,,,Geocoding; service area may be broader than address. Value: community/voluntary-sector geography,raw_metadata/london__lon-extra-charity-commission-full-register-download__page.json,
lon-extra-local-government-boundary-commission-open-data-reviews,london,Local Government Boundary Commission open data/reviews,Local Government Boundary Commission for England,boundaries/wards/governance,GIS/reports,https://www.lgbce.org.uk/all-reviews,,Requires source-level review before redistribution; official/open source terms vary by publisher.,,,ward/review boundary,varies by source/vintage,2026-04-28T12:56:37.631412+00:00,,,Review history requires parsing. Value: ward-change history,raw_metadata/london__lon-extra-local-government-boundary-commission-open-data-reviews__page.json,
lon-extra-boundary-commission-for-england-review-data,london,Boundary Commission for England review data,Boundary Commission for England,boundaries/constituencies/governance,GIS/reports,https://boundarycommissionforengland.independent.gov.uk/,,Requires source-level review before redistribution; official/open source terms vary by publisher.,,,constituency polygon,varies by source/vintage,2026-04-28T12:56:37.631412+00:00,,,Parliamentary only. Value: political boundary-change timelines,raw_metadata/london__lon-extra-boundary-commission-for-england-review-data__page.json,
lon-extra-city-of-london-open-data,london,City of London Open Data,City of London Corporation,borough/local assets/planning/highways,open data portal,https://data.cityoflondon.gov.uk/,,Requires source-level review before redistribution; official/open source terms vary by publisher.,,,dataset varies,varies by source/vintage,2026-04-28T12:56:37.631412+00:00,,,One borough; heterogeneous schemas. Value: granular Square Mile local data,raw_metadata/london__lon-extra-city-of-london-open-data__page.json,
lon-extra-westminster-open-data,london,Westminster Open Data,Westminster City Council,borough/planning/parking/assets,open data portal/ArcGIS,https://opendata.westminster.gov.uk/,,Requires source-level review before redistribution; official/open source terms vary by publisher.,,,site/street/property,varies by source/vintage,2026-04-28T12:56:37.631412+00:00,,,Borough-specific schema/licence. Value: central London parking/planning/public realm data,raw_metadata/london__lon-extra-westminster-open-data__page.json,
lon-extra-hackney-open-data,london,Hackney Open Data,London Borough of Hackney,borough/local assets/planning/housing,open data portal,https://data.hackney.gov.uk/,,Requires source-level review before redistribution; official/open source terms vary by publisher.,,,site/street/local dataset,varies by source/vintage,2026-04-28T12:56:37.631412+00:00,,,Borough-specific completeness. Value: granular local assets/housing/transport,raw_metadata/london__lon-extra-hackney-open-data__page.json,
lon-extra-islington-open-data,london,Islington Open Data,London Borough of Islington,borough/local assets/planning/parking,open data portal,https://data.islington.gov.uk/,,Requires source-level review before redistribution; official/open source terms vary by publisher.,,,site/street/local dataset,varies by source/vintage,2026-04-28T12:56:37.631412+00:00,,,Borough-specific update cycles. Value: dense inner-London local data,raw_metadata/london__lon-extra-islington-open-data__page.json,
lon-extra-southwark-open-data,london,Southwark Open Data,Southwark Council,borough/planning/housing/environment,open data portal,https://opendata.southwark.gov.uk/,,Requires source-level review before redistribution; official/open source terms vary by publisher.,,,local dataset,varies by source/vintage,2026-04-28T12:56:37.631412+00:00,,,Portal contents vary. Value: fast-changing borough planning/housing layers,raw_metadata/london__lon-extra-southwark-open-data__page.json,
lon-extra-lambeth-open-data,london,Lambeth Open Data,Lambeth Council,borough/local assets/planning,open data portal,https://open-data.lambeth.gov.uk/,,Requires source-level review before redistribution; official/open source terms vary by publisher.,,,site/street/local dataset,varies by source/vintage,2026-04-28T12:56:37.631412+00:00,,,Not all historic versions available. Value: local constraints/facilities/assets,raw_metadata/london__lon-extra-lambeth-open-data__page.json,
lon-extra-rbkc-open-data,london,RBKC Open Data,Royal Borough of Kensington and Chelsea,borough/planning/heritage/parking,open data portal,https://data.rbkc.gov.uk/,,Requires source-level review before redistribution; official/open source terms vary by publisher.,,,site/street/local dataset,varies by source/vintage,2026-04-28T12:56:37.631412+00:00,,,Small area; local schema. Value: conservation/listed/parking/planning detail,raw_metadata/london__lon-extra-rbkc-open-data__page.json,
lon-extra-waltham-forest-open-data,london,Waltham Forest Open Data,London Borough of Waltham Forest,borough/active travel/local assets,open data portal,https://www.walthamforest.gov.uk/council-and-elections/open-data,,Requires source-level review before redistribution; official/open source terms vary by publisher.,,,site/street/local dataset,varies by source/vintage,2026-04-28T12:56:37.631412+00:00,,,Availability varies. Value: active travel/regeneration local data,raw_metadata/london__lon-extra-waltham-forest-open-data__page.json,
lon-extra-national-library-of-scotland-georeferenced-maps-api,london,National Library of Scotland georeferenced maps API,National Library of Scotland,historic maps/imagery,tile/API/download,https://maps.nls.uk/projects/api/,,Requires source-level review before redistribution; official/open source terms vary by publisher.,,,map sheet/tile,varies by source/vintage,2026-04-28T12:56:37.631412+00:00,,,Not a London public body; georeferencing varies. Value: historic basemap comparison,raw_metadata/london__lon-extra-national-library-of-scotland-georeferenced-maps-api__page.json,
lon-extra-historic-england-aerial-photo-explorer-archive,london,Historic England Aerial Photo Explorer / Archive,Historic England,historic imagery/heritage,web viewer/archive,https://historicengland.org.uk/images-books/archive/collections/aerial-photos/,,Requires source-level review before redistribution; official/open source terms vary by publisher.,,,photo/area,varies by source/vintage,2026-04-28T12:56:37.631412+00:00,,,Bulk API/download limited. Value: historical aerial evidence,raw_metadata/london__lon-extra-historic-england-aerial-photo-explorer-archive__page.json,
lon-round3-conservation-areas95,london,Barnet Conservation Areas,London Borough of Barnet,heritage/conservation/planning/boundaries,CKAN package / geospatial polygons,https://www.data.gov.uk/dataset/conservation-areas95,,Requires source-level review; catalog notes may indicate OGL/NYC Open Data Terms or local portal terms.,,,conservation area polygon,snapshot / update frequency varies,2026-04-28T14:31:42.754648+00:00,,,Borough-specific and may duplicate national Planning Data where harvested. Value: adds borough-confirmed conservation polygons and attribution,raw_metadata/london__lon-round3-conservation-areas95__page.json,
lon-round3-statutory-listed-buildings1,london,Barnet Statutory Listed Buildings polygons,London Borough of Barnet,heritage/listed buildings/building polygons,CKAN package / geospatial polygons,https://www.data.gov.uk/dataset/statutory-listed-buildings1,,Requires source-level review; catalog notes may indicate OGL/NYC Open Data Terms or local portal terms.,,,listed building polygon,snapshot / update frequency varies,2026-04-28T14:31:42.754648+00:00,,,Local polygon dataset; NHLE remains official register. Value: fills listed-building polygon gap where national outlines may be incomplete,raw_metadata/london__lon-round3-statutory-listed-buildings1__page.json,
lon-round3-conservation-areas-documentation,london,Barnet Conservation Areas Documentation,London Borough of Barnet,heritage/conservation/documents/source provenance,CKAN package / documents,https://www.data.gov.uk/dataset/conservation-areas-documentation,,Requires source-level review; catalog notes may indicate OGL/NYC Open Data Terms or local portal terms.,,,conservation area document,snapshot / update frequency varies,2026-04-28T14:31:42.754648+00:00,,,Document maps may have PGSA restrictions; extraction needed. Value: adds character appraisals and historic context,raw_metadata/london__lon-round3-conservation-areas-documentation__page.json,
lon-round3-article4-direction-documentation,london,Barnet Article 4 Direction Documentation,London Borough of Barnet,planning controls/article 4/documents,CKAN package / documents,https://www.data.gov.uk/dataset/article4-direction-documentation,,Requires source-level review; catalog notes may indicate OGL/NYC Open Data Terms or local portal terms.,,,Article 4 document / map,snapshot / update frequency varies,2026-04-28T14:31:42.754648+00:00,,,Historic maps may be superseded; needs document parsing. Value: evidence for local permitted-development controls,raw_metadata/london__lon-round3-article4-direction-documentation__page.json,
lon-round3-hackney-metropolitan-open-land,london,Hackney Metropolitan Open Land,London Borough of Hackney,greenspace/planning/open land/boundaries,CKAN package / geospatial polygons,https://www.data.gov.uk/dataset/hackney-metropolitan-open-land,,Requires source-level review; catalog notes may indicate OGL/NYC Open Data Terms or local portal terms.,,,Metropolitan Open Land polygon,snapshot / update frequency varies,2026-04-28T14:31:42.754648+00:00,,,Borough-specific designation layer. Value: adds protected open-land constraints in a fast-changing borough,raw_metadata/london__lon-round3-hackney-metropolitan-open-land__page.json,
lon-round3-conservation-areas64,london,Hammersmith and Fulham Conservation Areas,London Borough of Hammersmith and Fulham,heritage/conservation/planning/boundaries,CKAN package / geospatial polygons,https://www.data.gov.uk/dataset/conservation-areas64,,Requires source-level review; catalog notes may indicate OGL/NYC Open Data Terms or local portal terms.,,,conservation area polygon,snapshot / update frequency varies,2026-04-28T14:31:42.754648+00:00,,,Borough-specific and may duplicate national aggregation. Value: adds inner-west London conservation constraints,raw_metadata/london__lon-round3-conservation-areas64__page.json,
lon-round3-tree-preservation-orders-schedule-items2,london,Barnet Tree Preservation Orders schedule items,London Borough of Barnet,trees/TPO/planning constraints/environment,CKAN package / geospatial polygons,https://www.data.gov.uk/dataset/tree-preservation-orders-schedule-items2,,Requires source-level review; catalog notes may indicate OGL/NYC Open Data Terms or local portal terms.,,,TPO schedule item polygon,snapshot / update frequency varies,2026-04-28T14:31:42.754648+00:00,,,Local schema; individual trees/zones may vary. Value: more detailed protected-tree evidence,raw_metadata/london__lon-round3-tree-preservation-orders-schedule-items2__page.json,
lon-round3-london-public-realm-trees1,london,London Public Realm Trees,Greater London Authority / GiGL,trees/public realm/environment/spatial assets,CKAN package / tree inventory,https://www.data.gov.uk/dataset/london-public-realm-trees1,,Requires source-level review; catalog notes may indicate OGL/NYC Open Data Terms or local portal terms.,,,tree point / location type where supplied,snapshot / update frequency varies,2026-04-28T14:31:42.754648+00:00,,,Some boroughs missing or older; not all private trees. Value: citywide-ish tree asset layer across boroughs/TfL/Royal Parks/LLDC,raw_metadata/london__lon-round3-london-public-realm-trees1__page.json,
lon-round3-map-data-lbrut,london,Richmond upon Thames map data service,London Borough of Richmond upon Thames,borough/geospatial services/planning/assets,CKAN package / map service,https://www.data.gov.uk/dataset/map-data-lbrut,,Requires source-level review; catalog notes may indicate OGL/NYC Open Data Terms or local portal terms.,,,layer/service varies,snapshot / update frequency varies,2026-04-28T14:31:42.754648+00:00,,,Service bundle; individual layers need harvesting. Value: adds borough GIS endpoint for constraints/assets/open space,raw_metadata/london__lon-round3-map-data-lbrut__page.json,
lon-round3-opdc-local-plan-policies-map1,london,OPDC Local Plan Policies Map,Greater London Authority / Old Oak and Park Royal Development Corporation,planning policy/regeneration/boundaries,CKAN package / policies map,https://www.data.gov.uk/dataset/opdc-local-plan-policies-map1,,Requires source-level review; catalog notes may indicate OGL/NYC Open Data Terms or local portal terms.,,,policy designation polygon/map,snapshot / update frequency varies,2026-04-28T14:31:42.754648+00:00,,,Focused on OPDC area; adopted plan map not event record. Value: important major regeneration planning geography,raw_metadata/london__lon-round3-opdc-local-plan-policies-map1__page.json,
lon-round3-conservation-areas114,london,Lambeth Conservation Areas,London Borough of Lambeth,heritage/conservation/planning/boundaries,CKAN package / geospatial layer,https://www.data.gov.uk/dataset/conservation-areas114,,Requires source-level review; catalog notes may indicate OGL/NYC Open Data Terms or local portal terms.,,,conservation area boundary,snapshot / update frequency varies,2026-04-28T14:31:42.754648+00:00,,,Borough-specific. Value: adds heritage constraints in inner south London,raw_metadata/london__lon-round3-conservation-areas114__page.json,
lon-round3-harrow-conservation-areas,london,Harrow Conservation Areas,London Borough of Harrow,heritage/conservation/planning/boundaries,CKAN package / geospatial layer,https://www.data.gov.uk/dataset/harrow-conservation-areas,,Requires source-level review; catalog notes may indicate OGL/NYC Open Data Terms or local portal terms.,,,conservation area boundary,snapshot / update frequency varies,2026-04-28T14:31:42.754648+00:00,,,Borough-specific. Value: adds outer London conservation constraints,raw_metadata/london__lon-round3-harrow-conservation-areas__page.json,
lon-round3-metropolitan-open-land2,london,Lambeth Metropolitan Open Land,London Borough of Lambeth,greenspace/planning/open land/boundaries,CKAN package / geospatial layer,https://www.data.gov.uk/dataset/metropolitan-open-land2,,Requires source-level review; catalog notes may indicate OGL/NYC Open Data Terms or local portal terms.,,,Metropolitan Open Land polygon,snapshot / update frequency varies,2026-04-28T14:31:42.754648+00:00,,,Borough-specific designation layer. Value: adds protected open-land constraints,raw_metadata/london__lon-round3-metropolitan-open-land2__page.json,
lon-round3-open-spaces-strategy,london,Barnet Open Spaces Strategy,London Borough of Barnet,greenspace/policy/public realm/documents,CKAN package / documents,https://www.data.gov.uk/dataset/open-spaces-strategy,,Requires source-level review; catalog notes may indicate OGL/NYC Open Data Terms or local portal terms.,,,borough/open-space policy document,snapshot / update frequency varies,2026-04-28T14:31:42.754648+00:00,,,Document not a direct GIS layer. Value: policy context for open-space quality and investment,raw_metadata/london__lon-round3-open-spaces-strategy__page.json,
lon-hue-planning-london-datahub-core,london,Historical Urban Event Evidence Catalog - Planning London Datahub core,Greater London Authority / London Datastore source family,planning/development,pdf_curated_source_family,https://planninglondondatahub.london.gov.uk/,,Public portal; respect dataset-level terms.,,,"Application, site, authority, development proposal.",Live/current with annual progress items.,2026-04-29T16:09:13+01:00,Live/current with annual progress items.,mvp,London’s single most important urban-event dataset family.,data/evidence-catalog/historical_urban_event_evidence_catalog.json,Extracted from attached Historical Urban Event Evidence Data Catalog PDF. Confidence: high.
lon-hue-planning-london-datahub-api-and-schema,london,Historical Urban Event Evidence Catalog - Planning London Datahub API and schema,Greater London Authority / London Datastore source family,planning/development,pdf_curated_source_family,https://planningdata.london.gov.uk/api-guest/,,Publicly documented access; header required.,,,Application and nested-record level.,Live.,2026-04-29T16:09:13+01:00,Live.,mvp,"Supports direct search by authority, dates, and fields. Excellent for reproducible ETL.",data/evidence-catalog/historical_urban_event_evidence_catalog.json,Extracted from attached Historical Urban Event Evidence Data Catalog PDF. Confidence: high.
lon-hue-residential-approvals-starts-completions-and-pipeline-dashboards,london,"Historical Urban Event Evidence Catalog - Residential approvals, starts, completions, and pipeline dashboards",Greater London Authority / London Datastore source family,evidence catalog/source family,pdf_curated_source_family,https://data.london.gov.uk/dataset/residential-approvals-dashboard-e5now,,London Datastore package-level terms.,,,Development/site/project.,Ongoing dashboards and periodic downloadable resources.,2026-04-29T16:09:13+01:00,Ongoing dashboards and periodic downloadable resources.,mvp,Best for pipeline and housing-delivery monitoring; preserve borough submission caveats.,data/evidence-catalog/historical_urban_event_evidence_catalog.json,Extracted from attached Historical Urban Event Evidence Data Catalog PDF. Confidence: high.
lon-hue-london-development-database-archive-and-planning-comments,london,Historical Urban Event Evidence Catalog - London Development Database archive and planning comments,Greater London Authority / London Datastore source family,planning/development,pdf_curated_source_family,https://data.london.gov.uk/dataset/planning-permissions-on-the-london-development-database-ldd-2jxq0,,London Datastore terms; site-specific planning terms.,,,Application and document.,Archived for LDD; current for PlanApps.,2026-04-29T16:09:13+01:00,Archived for LDD; current for PlanApps.,mvp,Best way to bridge older strategic permissions with current mayoral applications and comments.,data/evidence-catalog/historical_urban_event_evidence_catalog.json,Extracted from attached Historical Urban Event Evidence Data Catalog PDF. Confidence: high.
lon-hue-london-datastore-platform-and-api,london,Historical Urban Event Evidence Catalog - London Datastore platform and API,Greater London Authority / London Datastore source family,evidence catalog/source family,pdf_curated_source_family,https://data.london.gov.uk/,,Terms vary by package; users must check package license details.,,,Dataset/package/resource metadata and files.,Package-specific updates.,2026-04-29T16:09:13+01:00,Package-specific updates.,mvp,"Essential platform layer for production metadata, automated refresh checks, and package discovery.",data/evidence-catalog/historical_urban_event_evidence_catalog.json,Extracted from attached Historical Urban Event Evidence Data Catalog PDF. Confidence: high.
lon-hue-road-network-identifiers-and-open-basemaps,london,"Historical Urban Event Evidence Catalog - Road network, identifiers, and open basemaps",Ordnance Survey,planning/development,pdf_curated_source_family,https://www.ordnancesurvey.co.uk/products/os-open-roads,,OS OpenData products use OGL; premium OS products differ.,,,"Road, street identifier, property identifier, general mapping.",Typically semiannual or product-specific refresh.,2026-04-29T16:09:13+01:00,Typically semiannual or product-specific refresh.,mvp,Important substitute where London parcel/building openness is weaker than NYC.,data/evidence-catalog/historical_urban_event_evidence_catalog.json,Extracted from attached Historical Urban Event Evidence Data Catalog PDF. Confidence: high.
lon-hue-3d-and-building-stock-context,london,Historical Urban Event Evidence Catalog - 3D and building-stock context,Greater London Authority / London Datastore source family,planning/development,pdf_curated_source_family,https://www.ordnancesurvey.co.uk/products/os-3d-mesh,,OS beta access is not equivalent to unrestricted open data; verify access route.,,,Building / mesh / citywide stock model.,Emerging.,2026-04-29T16:09:13+01:00,Emerging.,candidate,"Useful, but weaker than NYC for a clean open municipal 3D history.",data/evidence-catalog/historical_urban_event_evidence_catalog.json,Extracted from attached Historical Urban Event Evidence Data Catalog PDF. Confidence: medium.
lon-hue-historical-aerial-imagery-and-vertical-aerials,london,Historical Urban Event Evidence Catalog - Historical aerial imagery and vertical aerials,Historic England / Environment Agency,environment/imagery,pdf_curated_source_family,https://historicengland.org.uk/images-books/archive/collections/aerial-photos/,,Mixed. Historic England image rights vary per image; Environment Agency data are official open-government-style datasets; OS imagery is licensed.,,,"Photo, scene, ortho.",Archive + programmatic refresh depending provider.,2026-04-29T16:09:13+01:00,Archive + programmatic refresh depending provider.,mvp,"High value, especially where London lacks a single openly tiled orthophoto series like NYC.",data/evidence-catalog/historical_urban_event_evidence_catalog.json,Extracted from attached Historical Urban Event Evidence Data Catalog PDF. Confidence: medium-high.
lon-hue-traffic-counts-and-road-flows,london,Historical Urban Event Evidence Catalog - Traffic counts and road flows,Department for Transport,transport/mobility,pdf_curated_source_family,https://roadtraffic.dft.gov.uk/regions/6,,UK Open Government Licence for published statistics/data; preserve attribution and method fields.,,,"Count point, road link, local authority.",Annual / periodic releases.,2026-04-29T16:09:13+01:00,Annual / periodic releases.,mvp,Always keep estimation method in the model and upweight directly counted observations.,data/evidence-catalog/historical_urban_event_evidence_catalog.json,Extracted from attached Historical Urban Event Evidence Data Catalog PDF. Confidence: high.
lon-hue-tfl-routes-timetables-accessibility-demand-and-cycle-hire,london,"Historical Urban Event Evidence Catalog - TfL routes, timetables, accessibility, demand, and cycle hire",Transport for London,transport/mobility,pdf_curated_source_family,https://api.tfl.gov.uk/,,TfL terms based on OGL with amendments; check caching/branding/commercial rules.,,,"Stop, station, line, route, bike point, grid point.",Live APIs plus periodic datasets.,2026-04-29T16:09:13+01:00,Live APIs plus periodic datasets.,mvp,Strong for integrated network metadata and accessibility/topology; demand history is less consistently open at station level than NYC.,data/evidence-catalog/historical_urban_event_evidence_catalog.json,Extracted from attached Historical Urban Event Evidence Data Catalog PDF. Confidence: high.
lon-hue-workforce-labour-market-and-population,london,"Historical Urban Event Evidence Catalog - Workforce, labour market, and population",Office for National Statistics / Nomis / GLA,economy/demographics,pdf_curated_source_family,https://www.nomisweb.co.uk/api/v01/help,,Open Government Licence with statistical disclosure controls where applicable.,,,"Borough, LAD, small areas depending on source.",Annual or quarterly depending on family.,2026-04-29T16:09:13+01:00,Annual or quarterly depending on family.,mvp,Very strong for long-run labour and demography.,data/evidence-catalog/historical_urban_event_evidence_catalog.json,Extracted from attached Historical Urban Event Evidence Data Catalog PDF. Confidence: high.
lon-hue-property-transactions-price-indices-and-rents,london,"Historical Urban Event Evidence Catalog - Property transactions, price indices, and rents",HM Land Registry / VOA / GLA,housing/property market,pdf_curated_source_family,https://www.gov.uk/government/statistical-data-sets/price-paid-data-downloads,,Official government terms; check Price Paid permitted-use guidance.,,,"Property transaction, local authority, region.",Monthly or biannual.,2026-04-29T16:09:13+01:00,Monthly or biannual.,mvp,Best official stack for property transactions and rent/price trend context.,data/evidence-catalog/historical_urban_event_evidence_catalog.json,Extracted from attached Historical Urban Event Evidence Data Catalog PDF. Confidence: high.
lon-hue-public-opinion-consultation-and-local-sentiment,london,"Historical Urban Event Evidence Catalog - Public opinion, consultation, and local sentiment",Greater London Authority / London Datastore source family,civic sentiment/consultation,pdf_curated_source_family,https://data.london.gov.uk/search?q=Annual%20London%20Survey,,Mixed package/site terms.,,,"Survey, consultation, ward/borough, application.",Survey-cycle / current consultations.,2026-04-29T16:09:13+01:00,Survey-cycle / current consultations.,mvp,"Useful, but there is no citywide 311-style operational complaint ledger equivalent.",data/evidence-catalog/historical_urban_event_evidence_catalog.json,Extracted from attached Historical Urban Event Evidence Data Catalog PDF. Confidence: high.
64uk-42ks,new_york,Primary Land Use Tax Lot Output (PLUTO),NYC Department of City Planning (DCP),planning/development; land use,discovery_catalog_source,https://data.cityofnewyork.us/api/views/64uk-42ks,https://data.cityofnewyork.us/resource/64uk-42ks.json,"Requires source-level review; many official sources use OGL/UK Open Government Licence, TfL terms, NYC Open Data Terms, or agency-specific terms.",,,Tax lot / BBL,"Release snapshot, usually annual/biannual",2026-04-28T12:19:23.839552+00:00,,,"Snapshot table, not transaction history; field definitions/recode changes by release; geometry only in MapPLUTO",raw_metadata/new_york__64uk-42ks__page.json,
f888-ni5f,new_york,MapPLUTO,NYC Department of City Planning (DCP),planning/development; basemap,discovery_catalog_source,https://data.cityofnewyork.us/api/views/f888-ni5f,https://data.cityofnewyork.us/resource/f888-ni5f.json,"Requires source-level review; many official sources use OGL/UK Open Government Licence, TfL terms, NYC Open Data Terms, or agency-specific terms.",,,Tax lot polygon / BBL,Release snapshot,2026-04-28T12:19:23.839569+00:00,,,Large download; geocoding/BBL changes complicate longitudinal joins; not authoritative tax roll,raw_metadata/new_york__f888-ni5f__page.json,
new-003-bytes-of-the-big-apple-archived-pluto-mappluto-releases,new_york,Bytes of the Big Apple archived PLUTO/MapPLUTO releases,NYC DCP,planning/development; basemap,discovery_catalog_source,https://www.nyc.gov/site/planning/data-maps/open-data/bytes-archive.page,,"Requires source-level review; many official sources use OGL/UK Open Government Licence, TfL terms, NYC Open Data Terms, or agency-specific terms.",,,"Layer-specific: tax lots, districts, streets, boundaries",Release snapshot,2026-04-28T12:19:23.839577+00:00,,,Archive coverage varies by layer/year; schemas differ; downloads not Socrata API,raw_metadata/new_york__new-003-bytes-of-the-big-apple-archived-pluto-mappluto-releases__page.json,
hgx4-8ukb,new_york,Zoning Application Portal (ZAP) - Project Data,NYC DCP,planning/development; policy,discovery_catalog_source,https://data.cityofnewyork.us/api/views/hgx4-8ukb,https://data.cityofnewyork.us/resource/hgx4-8ukb.json,"Requires source-level review; many official sources use OGL/UK Open Government Licence, TfL terms, NYC Open Data Terms, or agency-specific terms.",,,Project/application,Application milestone dates/status updates,2026-04-28T12:19:23.839581+00:00,,,Does not include all legacy ULURP actions; project status can change; geometry via related BBL/layers,raw_metadata/new_york__hgx4-8ukb__page.json,
2iga-a6mk,new_york,Zoning Application Portal (ZAP) - BBL,NYC DCP,planning/development; policy,discovery_catalog_source,https://data.cityofnewyork.us/api/views/2iga-a6mk,https://data.cityofnewyork.us/resource/2iga-a6mk.json,"Requires source-level review; many official sources use OGL/UK Open Government Licence, TfL terms, NYC Open Data Terms, or agency-specific terms.",,,Tax lot linked to ZAP project,Application milestone dates/status updates,2026-04-28T12:19:23.839582+00:00,,,Requires joining to project data; some projects affect areas not expressible as simple BBLs,raw_metadata/new_york__2iga-a6mk__page.json,
6umk-irkx,new_york,DCP Housing Database,NYC DCP,planning/development; housing,discovery_catalog_source,https://data.cityofnewyork.us/api/views/6umk-irkx,https://data.cityofnewyork.us/resource/6umk-irkx.json,"Requires source-level review; many official sources use OGL/UK Open Government Licence, TfL terms, NYC Open Data Terms, or agency-specific terms.",,,Geocoded building/project; summarized variants by block/tract/NTA/CD,Project/job dates and annual summaries,2026-04-28T12:19:23.839584+00:00,,,Derived from DOB; lagged and methodological filters; not a permit inventory,raw_metadata/new_york__6umk-irkx__page.json,
8zyi-kxay,new_york,Housing Database by 2020 Census Block,NYC DCP,planning/development; housing,discovery_catalog_source,https://data.cityofnewyork.us/api/views/8zyi-kxay,https://data.cityofnewyork.us/resource/8zyi-kxay.json,"Requires source-level review; many official sources use OGL/UK Open Government Licence, TfL terms, NYC Open Data Terms, or agency-specific terms.",,,2020 census block,Annual summaries,2026-04-28T12:19:23.839586+00:00,,,Aggregated; small-cell interpretation and boundary-crosswalk issues,raw_metadata/new_york__8zyi-kxay__page.json,
br6q-ssj3,new_york,Housing Database Project Level Files,NYC DCP,planning/development; housing,discovery_catalog_source,https://data.cityofnewyork.us/api/views/br6q-ssj3,https://data.cityofnewyork.us/resource/br6q-ssj3.json,"Requires source-level review; many official sources use OGL/UK Open Government Licence, TfL terms, NYC Open Data Terms, or agency-specific terms.",,,Project/building/job,Project/job dates,2026-04-28T12:19:23.839587+00:00,,,Derived and cleaned data; use with DOB for provenance,raw_metadata/new_york__br6q-ssj3__page.json,
ic3t-wcy2,new_york,DOB Job Application Filings,NYC Department of Buildings (DOB),buildings; DOB permits/filings,discovery_catalog_source,https://data.cityofnewyork.us/api/views/ic3t-wcy2,https://data.cityofnewyork.us/resource/ic3t-wcy2.json,"Requires source-level review; many official sources use OGL/UK Open Government Licence, TfL terms, NYC Open Data Terms, or agency-specific terms.",,,Job/application at BIN/BBL/address,Filing/status dates,2026-04-28T12:19:23.839588+00:00,,,Legacy system; excludes/duplicates some DOB NOW work; status/date fields need cleaning,raw_metadata/new_york__ic3t-wcy2__page.json,
w9ak-ipjd,new_york,DOB NOW: Build - Job Application Filings,NYC DOB,buildings; DOB permits/filings,discovery_catalog_source,https://data.cityofnewyork.us/api/views/w9ak-ipjd,https://data.cityofnewyork.us/resource/w9ak-ipjd.json,"Requires source-level review; many official sources use OGL/UK Open Government Licence, TfL terms, NYC Open Data Terms, or agency-specific terms.",,,Job/application at BIN/BBL/address,Filing/status dates,2026-04-28T12:19:23.839590+00:00,,,Does not include certain legacy BIS job types; schema differs from BIS,raw_metadata/new_york__w9ak-ipjd__page.json,
bty7-2jhb,new_york,Historical DOB Permit Issuance,NYC DOB / NYC Open Data,buildings; DOB permits/COs,discovery_catalog_source,https://data.cityofnewyork.us/api/views/bty7-2jhb,https://data.cityofnewyork.us/resource/bty7-2jhb.json,"Requires source-level review; many official sources use OGL/UK Open Government Licence, TfL terms, NYC Open Data Terms, or agency-specific terms.",,,Permit at BIN/BBL/address,Permit issue date,2026-04-28T12:19:23.839591+00:00,,,Static historical table; legacy address/BBL quality; no geometry,raw_metadata/new_york__bty7-2jhb__page.json,
ipu4-2q9a,new_york,DOB Permit Issuance,NYC DOB,buildings; DOB permits/COs,discovery_catalog_source,https://data.cityofnewyork.us/api/views/ipu4-2q9a,https://data.cityofnewyork.us/resource/ipu4-2q9a.json,"Requires source-level review; many official sources use OGL/UK Open Government Licence, TfL terms, NYC Open Data Terms, or agency-specific terms.",,,Permit at BIN/BBL/address,Permit issue/expiration dates,2026-04-28T12:19:23.839593+00:00,,,Current operating data; use historical table for pre-2013; permit issuance != completion,raw_metadata/new_york__ipu4-2q9a__page.json,
rbx6-tga4,new_york,DOB NOW: Build - Approved Permits,NYC DOB,buildings; DOB permits/COs,discovery_catalog_source,https://data.cityofnewyork.us/api/views/rbx6-tga4,https://data.cityofnewyork.us/resource/rbx6-tga4.json,"Requires source-level review; many official sources use OGL/UK Open Government Licence, TfL terms, NYC Open Data Terms, or agency-specific terms.",,,Permit/job at BIN/BBL/address,Approval/issue dates,2026-04-28T12:19:23.839594+00:00,,,Partial permit universe; join to BIS for complete longitudinal series,raw_metadata/new_york__rbx6-tga4__page.json,
bs8b-p36w,new_york,DOB Certificate Of Occupancy,NYC DOB,buildings; DOB permits/COs,discovery_catalog_source,https://data.cityofnewyork.us/api/views/bs8b-p36w,https://data.cityofnewyork.us/resource/bs8b-p36w.json,"Requires source-level review; many official sources use OGL/UK Open Government Licence, TfL terms, NYC Open Data Terms, or agency-specific terms.",,,Certificate at BIN/BBL/address,Issue/effective dates,2026-04-28T12:19:23.839596+00:00,,,"CO data reflect legal occupancy, not all completions; temporary/final distinctions",raw_metadata/new_york__bs8b-p36w__page.json,
pkdm-hqz6,new_york,DOB NOW: Certificate of Occupancy,NYC DOB,buildings; DOB permits/COs,discovery_catalog_source,https://data.cityofnewyork.us/api/views/pkdm-hqz6,https://data.cityofnewyork.us/resource/pkdm-hqz6.json,"Requires source-level review; many official sources use OGL/UK Open Government Licence, TfL terms, NYC Open Data Terms, or agency-specific terms.",,,Certificate at BIN/BBL/address,Issue/effective dates,2026-04-28T12:19:23.839597+00:00,,,Must combine with legacy CO dataset; excludes non-DOB NOW records,raw_metadata/new_york__pkdm-hqz6__page.json,
eabe-havv,new_york,DOB Complaints Received,NYC DOB,buildings; public services,discovery_catalog_source,https://data.cityofnewyork.us/api/views/eabe-havv,https://data.cityofnewyork.us/resource/eabe-havv.json,"Requires source-level review; many official sources use OGL/UK Open Government Licence, TfL terms, NYC Open Data Terms, or agency-specific terms.",,,Complaint at BIN/address/borough,Complaint received/status dates,2026-04-28T12:19:23.839598+00:00,,,Complaint volume affected by reporting behavior; geocoding inconsistencies,raw_metadata/new_york__eabe-havv__page.json,
hg8x-zxpr,new_york,Affordable Housing Production by Building,NYC HPD,planning/development; public services,discovery_catalog_source,https://data.cityofnewyork.us/api/views/hg8x-zxpr,https://data.cityofnewyork.us/resource/hg8x-zxpr.json,"Requires source-level review; many official sources use OGL/UK Open Government Licence, TfL terms, NYC Open Data Terms, or agency-specific terms.",,,Building/project at address/BBL,Project start/completion/fiscal year fields,2026-04-28T12:19:23.839600+00:00,,,Only HPD-financed/regulatory affordable units; not all affordable housing,raw_metadata/new_york__hg8x-zxpr__page.json,
hq68-rnsi,new_york,Affordable Housing Production by Project,NYC HPD,planning/development; public services,discovery_catalog_source,https://data.cityofnewyork.us/api/views/hq68-rnsi,https://data.cityofnewyork.us/resource/hq68-rnsi.json,"Requires source-level review; many official sources use OGL/UK Open Government Licence, TfL terms, NYC Open Data Terms, or agency-specific terms.",,,HPD project,Project/fiscal-year dates,2026-04-28T12:19:23.839601+00:00,,,Project-level aggregation may hide building locations; program definitions change,raw_metadata/new_york__hq68-rnsi__page.json,
ygpa-z7cr,new_york,Housing Maintenance Code Complaints and Problems,NYC HPD,public services; housing conditions,discovery_catalog_source,https://data.cityofnewyork.us/api/views/ygpa-z7cr,https://data.cityofnewyork.us/resource/ygpa-z7cr.json,"Requires source-level review; many official sources use OGL/UK Open Government Licence, TfL terms, NYC Open Data Terms, or agency-specific terms.",,,Complaint/problem at building/address/BIN/BBL,Complaint/open/close dates,2026-04-28T12:19:23.839603+00:00,,,Resident reporting bias; multiple problems per complaint; sensitive to enforcement campaigns,raw_metadata/new_york__ygpa-z7cr__page.json,
6z8x-wfk4,new_york,Evictions,NYC Department of Investigation / Sheriff,public services; economy/housing,discovery_catalog_source,https://data.cityofnewyork.us/api/views/6z8x-wfk4,https://data.cityofnewyork.us/resource/6z8x-wfk4.json,"Requires source-level review; many official sources use OGL/UK Open Government Licence, TfL terms, NYC Open Data Terms, or agency-specific terms.",,,Executed eviction at address/borough/ZIP,Execution date,2026-04-28T12:19:23.839604+00:00,,,"Executed evictions only, not filings/warrants; pandemic moratoria create structural break",raw_metadata/new_york__6z8x-wfk4__page.json,
c9sj-fmsg,new_york,Street Construction Permits (2013-2021),NYC DOT,traffic/transport; street events/closures,discovery_catalog_source,https://data.cityofnewyork.us/api/views/c9sj-fmsg,https://data.cityofnewyork.us/resource/c9sj-fmsg.json,"Requires source-level review; many official sources use OGL/UK Open Government Licence, TfL terms, NYC Open Data Terms, or agency-specific terms.",,,Permit segment/block/intersection,Permit issue/start/end dates,2026-04-28T12:19:23.839606+00:00,,,Static legacy period; permit location text may require geocoding,raw_metadata/new_york__c9sj-fmsg__page.json,
tqtj-sjs8,new_york,Street Construction Permits (2022-Present),NYC DOT,traffic/transport; street events/closures,discovery_catalog_source,https://data.cityofnewyork.us/api/views/tqtj-sjs8,https://data.cityofnewyork.us/resource/tqtj-sjs8.json,"Requires source-level review; many official sources use OGL/UK Open Government Licence, TfL terms, NYC Open Data Terms, or agency-specific terms.",,,Permit segment/block/intersection,Permit issue/start/end dates,2026-04-28T12:19:23.839607+00:00,,,New schema vs 2013-2021; permits do not guarantee actual obstruction timing,raw_metadata/new_york__tqtj-sjs8__page.json,
i6b5-j7bu,new_york,Street Closures due to Construction Activities by Block,NYC DOT,street events/closures; traffic,discovery_catalog_source,https://data.cityofnewyork.us/api/views/i6b5-j7bu,https://data.cityofnewyork.us/resource/i6b5-j7bu.json,"Requires source-level review; many official sources use OGL/UK Open Government Licence, TfL terms, NYC Open Data Terms, or agency-specific terms.",,,Block/segment closure,Closure start/end date-time,2026-04-28T12:19:23.839609+00:00,,,Construction closures only; not all events/emergencies; geometry often approximate,raw_metadata/new_york__i6b5-j7bu__page.json,
ezy6-djsf,new_york,Street Closures due to Construction Activities by Block and Intersection,NYC DOT,street events/closures; traffic,discovery_catalog_source,https://data.cityofnewyork.us/api/views/ezy6-djsf,https://data.cityofnewyork.us/resource/ezy6-djsf.json,"Requires source-level review; many official sources use OGL/UK Open Government Licence, TfL terms, NYC Open Data Terms, or agency-specific terms.",,,Block/intersection closure,Closure start/end date-time,2026-04-28T12:19:23.839610+00:00,,,"May duplicate block/intersection datasets; stipulation-driven, not observed traffic",raw_metadata/new_york__ezy6-djsf__page.json,
as9z-kwsh,new_york,Street Network Changes,NYC DOT,traffic/transport; policy,discovery_catalog_source,https://data.cityofnewyork.us/api/views/as9z-kwsh,https://data.cityofnewyork.us/resource/as9z-kwsh.json,"Requires source-level review; many official sources use OGL/UK Open Government Licence, TfL terms, NYC Open Data Terms, or agency-specific terms.",,,Street segment/intersection,Implementation/date fields,2026-04-28T12:19:23.839611+00:00,,,Programmatic changes only; historical file needed for older records,raw_metadata/new_york__as9z-kwsh__page.json,
bymk-vktx,new_york,Street Network Changes (Historical),NYC DOT,traffic/transport; policy,discovery_catalog_source,https://data.cityofnewyork.us/api/views/bymk-vktx,https://data.cityofnewyork.us/resource/bymk-vktx.json,"Requires source-level review; many official sources use OGL/UK Open Government Licence, TfL terms, NYC Open Data Terms, or agency-specific terms.",,,Street segment/intersection,Change date/year where provided,2026-04-28T12:19:23.839613+00:00,,,"Static, uneven attribution; requires normalization to current street centerline",raw_metadata/new_york__bymk-vktx__page.json,
7ym2-wayt,new_york,Automated Traffic Volume Counts,NYC DOT,traffic/transport,discovery_catalog_source,https://data.cityofnewyork.us/api/views/7ym2-wayt,https://data.cityofnewyork.us/resource/7ym2-wayt.json,"Requires source-level review; many official sources use OGL/UK Open Government Licence, TfL terms, NYC Open Data Terms, or agency-specific terms.",,,Counter location/street direction,Hourly/interval counts by date,2026-04-28T12:19:23.839614+00:00,,,Sampling locations are not continuous citywide sensors; equipment gaps/outliers,raw_metadata/new_york__7ym2-wayt__page.json,
btm5-ppia,new_york,Traffic Volume Counts (Historical),NYC DOT,traffic/transport,discovery_catalog_source,https://data.cityofnewyork.us/api/views/btm5-ppia,https://data.cityofnewyork.us/resource/btm5-ppia.json,"Requires source-level review; many official sources use OGL/UK Open Government Licence, TfL terms, NYC Open Data Terms, or agency-specific terms.",,,Count location/street direction,Hourly/interval counts by date,2026-04-28T12:19:23.839615+00:00,,,Static legacy coverage; inconsistent site recurrence,raw_metadata/new_york__btm5-ppia__page.json,
i4gi-tjb9,new_york,DOT Traffic Speeds,NYC DOT,traffic/transport,discovery_catalog_source,https://data.cityofnewyork.us/api/views/i4gi-tjb9,https://data.cityofnewyork.us/resource/i4gi-tjb9.json,"Requires source-level review; many official sources use OGL/UK Open Government Licence, TfL terms, NYC Open Data Terms, or agency-specific terms.",,,Traffic link/segment,Timestamped speed readings,2026-04-28T12:19:23.839617+00:00,,,Sensor/link network biased to arterials; real-time feed may overwrite/lag,raw_metadata/new_york__i4gi-tjb9__page.json,
h9gi-nx95,new_york,Motor Vehicle Collisions - Crashes,NYPD,traffic/transport; public safety,discovery_catalog_source,https://data.cityofnewyork.us/api/views/h9gi-nx95,https://data.cityofnewyork.us/resource/h9gi-nx95.json,"Requires source-level review; many official sources use OGL/UK Open Government Licence, TfL terms, NYC Open Data Terms, or agency-specific terms.",,,Crash point/intersection/borough/ZIP,Crash date/time,2026-04-28T12:19:23.839618+00:00,,,Police-reported crashes only; location missing for some records; severity coding issues,raw_metadata/new_york__h9gi-nx95__page.json,
gua4-p9wg,new_york,Bicycle Counts for East River Bridges (Historical),NYC DOT,traffic/transport,discovery_catalog_source,https://data.cityofnewyork.us/api/views/gua4-p9wg,https://data.cityofnewyork.us/resource/gua4-p9wg.json,"Requires source-level review; many official sources use OGL/UK Open Government Licence, TfL terms, NYC Open Data Terms, or agency-specific terms.",,,Bridge crossing,Daily/monthly count observations,2026-04-28T12:19:23.839620+00:00,,,Limited to selected bridges; weather/seasonality; historical static series,raw_metadata/new_york__gua4-p9wg__page.json,
wgnh-qwsg,new_york,Citywide Mobility Survey annual datasets,NYC DOT,traffic/transport; demographics,discovery_catalog_source,https://data.cityofnewyork.us/api/views/wgnh-qwsg,https://data.cityofnewyork.us/resource/wgnh-qwsg.json,"Requires source-level review; many official sources use OGL/UK Open Government Licence, TfL terms, NYC Open Data Terms, or agency-specific terms.",,,Respondent/trip/household; survey zones,Survey day/trip records; annual waves,2026-04-28T12:19:23.839621+00:00,,,Survey weights required; methodology changes; sample error,raw_metadata/new_york__wgnh-qwsg__page.json,
new-033-mta-subway-turnstile-data,new_york,MTA Subway Turnstile Data,Metropolitan Transportation Authority (MTA),traffic/transport,discovery_catalog_source,https://data.ny.gov/Transportation/Turnstile-Usage-Data-2022/qaz5-9h7c and https://new.mta.info/developers/turnstile-data,,"Requires source-level review; many official sources use OGL/UK Open Government Licence, TfL terms, NYC Open Data Terms, or agency-specific terms.",,,Turnstile control area/unit/station,4-hour cumulative readings / weekly files,2026-04-28T12:19:23.839624+00:00,,,Cumulative counters need cleaning for resets/rollovers; station mapping required,raw_metadata/new_york__new-033-mta-subway-turnstile-data__page.json,
new-034-mta-subway-bus-gtfs-and-real-time-feeds,new_york,MTA Subway/Bus GTFS and real-time feeds,MTA,traffic/transport; public services,discovery_catalog_source,https://new.mta.info/developers,,"Requires source-level review; many official sources use OGL/UK Open Government Licence, TfL terms, NYC Open Data Terms, or agency-specific terms.",,,Stop/station/route/trip,Scheduled trips; real-time vehicle/trip updates,2026-04-28T12:19:23.839628+00:00,,,Primarily current operations; historical archive not guaranteed; API keys for some feeds,raw_metadata/new_york__new-034-mta-subway-bus-gtfs-and-real-time-feeds__page.json,
new-035-tlc-trip-record-data,new_york,TLC Trip Record Data,NYC Taxi and Limousine Commission,traffic/transport; economy,discovery_catalog_source,https://www.nyc.gov/site/tlc/about/tlc-trip-record-data.page,,"Requires source-level review; many official sources use OGL/UK Open Government Licence, TfL terms, NYC Open Data Terms, or agency-specific terms.",,,Trip pickup/dropoff taxi zone; older exact coords for some years,Trip timestamp,2026-04-28T12:19:23.839632+00:00,,,Privacy aggregation and schema changes; large files; TLC zones not parcels,raw_metadata/new_york__new-035-tlc-trip-record-data__page.json,
inkn-q76z,new_york,Centerline (CSCL),NYC Office of Technology and Innovation,imagery/basemaps; transport; boundaries/geography,discovery_catalog_source,https://data.cityofnewyork.us/api/views/inkn-q76z,https://data.cityofnewyork.us/resource/inkn-q76z.json,"Requires source-level review; many official sources use OGL/UK Open Government Licence, TfL terms, NYC Open Data Terms, or agency-specific terms.",,,Roadbed segment,Release snapshot,2026-04-28T12:19:23.839633+00:00,,,Not full history; use LION/historical changes for longitudinal network,raw_metadata/new_york__inkn-q76z__page.json,
2v4z-66xt,new_york,LION Single Line Street Base Map,NYC DCP,imagery/basemaps; transport; boundaries/geography,discovery_catalog_source,https://data.cityofnewyork.us/api/views/2v4z-66xt,https://data.cityofnewyork.us/resource/2v4z-66xt.json,"Requires source-level review; many official sources use OGL/UK Open Government Licence, TfL terms, NYC Open Data Terms, or agency-specific terms.",,,Street/rail/shoreline linear features,Release snapshot,2026-04-28T12:19:23.839635+00:00,,,Complex topology; historical comparisons require versioned downloads,raw_metadata/new_york__2v4z-66xt__page.json,
ji82-xba5,new_york,Facilities Database,NYC DCP,public services; basemap,discovery_catalog_source,https://data.cityofnewyork.us/api/views/ji82-xba5,https://data.cityofnewyork.us/resource/ji82-xba5.json,"Requires source-level review; many official sources use OGL/UK Open Government Licence, TfL terms, NYC Open Data Terms, or agency-specific terms.",,,Public/nonprofit facility point/site,Release snapshot with facility attributes,2026-04-28T12:19:23.839636+00:00,,,Not complete for all private services; closure/opening dates limited,raw_metadata/new_york__ji82-xba5__page.json,
erm2-nwe9,new_york,311 Service Requests from 2020 to Present,NYC 311,public services; environment; transport,discovery_catalog_source,https://data.cityofnewyork.us/api/views/erm2-nwe9,https://data.cityofnewyork.us/resource/erm2-nwe9.json,"Requires source-level review; many official sources use OGL/UK Open Government Licence, TfL terms, NYC Open Data Terms, or agency-specific terms.",,,Service request point/address/community district/ZIP,Created/closed timestamps,2026-04-28T12:19:23.839638+00:00,,,Reporting behavior and category taxonomy changes; duplicates; older data split,raw_metadata/new_york__erm2-nwe9__page.json,
43nn-pn8j,new_york,DOHMH Restaurant Inspection Results,NYC Department of Health and Mental Hygiene,public services; economy,discovery_catalog_source,https://data.cityofnewyork.us/api/views/43nn-pn8j,https://data.cityofnewyork.us/resource/43nn-pn8j.json,"Requires source-level review; many official sources use OGL/UK Open Government Licence, TfL terms, NYC Open Data Terms, or agency-specific terms.",,,Restaurant/CAMIS at address/ZIP/boro,Inspection/action dates,2026-04-28T12:19:23.839639+00:00,,,Closed businesses may age out; score rules changed; not full business registry,raw_metadata/new_york__43nn-pn8j__page.json,
8cwr-7pqn,new_york,ACS 5-Year Demographic Profiles at NTA level,NYC DCP / U.S. Census Bureau,demographics,discovery_catalog_source,https://data.cityofnewyork.us/api/views/8cwr-7pqn,https://data.cityofnewyork.us/resource/8cwr-7pqn.json,"Requires source-level review; many official sources use OGL/UK Open Government Licence, TfL terms, NYC Open Data Terms, or agency-specific terms.",,,Neighborhood Tabulation Area,5-year survey estimates,2026-04-28T12:19:23.839640+00:00,,,Survey margins of error; older NTA geography; not annual truth,raw_metadata/new_york__8cwr-7pqn__page.json,
swpk-hqdp,new_york,New York City Population by Neighborhood Tabulation Areas,NYC DCP / U.S. Census Bureau,demographics,discovery_catalog_source,https://data.cityofnewyork.us/api/views/swpk-hqdp,https://data.cityofnewyork.us/resource/swpk-hqdp.json,"Requires source-level review; many official sources use OGL/UK Open Government Licence, TfL terms, NYC Open Data Terms, or agency-specific terms.",,,NTA,Decennial counts,2026-04-28T12:19:23.839642+00:00,,,Boundary changes between NTA versions; decennial only,raw_metadata/new_york__swpk-hqdp__page.json,
9nt8-h7nd,new_york,2020 Neighborhood Tabulation Areas,NYC DCP,boundaries/geography; demographics; basemap,discovery_catalog_source,https://data.cityofnewyork.us/api/views/9nt8-h7nd,https://data.cityofnewyork.us/resource/9nt8-h7nd.json,"Requires source-level review; many official sources use OGL/UK Open Government Licence, TfL terms, NYC Open Data Terms, or agency-specific terms.",,,NTA polygon,Release snapshot,2026-04-28T12:19:23.839643+00:00,,,"Geography, not statistics; crosswalk needed to older NTAs Boundary vintage changes over time; use DCP crosswalks when comparing historical NTA versions.",raw_metadata/new_york__9nt8-h7nd__page.json,
new-044-u-s-census-api-decennial-census-and-acs,new_york,U.S. Census API: Decennial Census and ACS,U.S. Census Bureau,demographics; economy,discovery_catalog_source,https://api.census.gov/data.html,,"Requires source-level review; many official sources use OGL/UK Open Government Licence, TfL terms, NYC Open Data Terms, or agency-specific terms.",,,"Block, block group, tract, county, PUMA, place",Decennial or annual survey vintages,2026-04-28T12:19:23.839646+00:00,,,API table IDs/geographies vary; margins of error for ACS; tract boundary changes,raw_metadata/new_york__new-044-u-s-census-api-decennial-census-and-acs__page.json,
new-045-lehd-origin-destination-employment-statistics-lodes,new_york,LEHD Origin-Destination Employment Statistics (LODES),U.S. Census Bureau,economy; transport,discovery_catalog_source,https://lehd.ces.census.gov/data/,,"Requires source-level review; many official sources use OGL/UK Open Government Licence, TfL terms, NYC Open Data Terms, or agency-specific terms.",,,Census block OD/home/work area,Annual,2026-04-28T12:19:23.839651+00:00,,,Noise infusion; excludes some workers; workplace geocoding uncertainty,raw_metadata/new_york__new-045-lehd-origin-destination-employment-statistics-lodes__page.json,
b7aj-ck5a,new_york,NYC Greenhouse Gas Emissions Municipal Inventory,NYC Mayor's Office of Climate and Environmental Justice,environment; policy,discovery_catalog_source,https://data.cityofnewyork.us/api/views/b7aj-ck5a,https://data.cityofnewyork.us/resource/b7aj-ck5a.json,"Requires source-level review; many official sources use OGL/UK Open Government Licence, TfL terms, NYC Open Data Terms, or agency-specific terms.",,,City agency/sector/source,Annual,2026-04-28T12:19:23.839653+00:00,,,"Municipal operations only, not full citywide inventory; accounting method changes",raw_metadata/new_york__b7aj-ck5a__page.json,
c3uy-2p5r,new_york,Air Quality and Health Impacts,NYC DOHMH,environment; public health,discovery_catalog_source,https://data.cityofnewyork.us/api/views/c3uy-2p5r,https://data.cityofnewyork.us/resource/c3uy-2p5r.json,"Requires source-level review; many official sources use OGL/UK Open Government Licence, TfL terms, NYC Open Data Terms, or agency-specific terms.",,,"Citywide, borough, community district, NTA/other areas depending indicator",Annual/seasonal indicator values,2026-04-28T12:19:23.839655+00:00,,,Modeled/surveyed indicators; geography and metric vary,raw_metadata/new_york__c3uy-2p5r__page.json,
q68s-8qxv,new_york,NYCCAS Air Pollution Rasters,NYC DOHMH,environment; imagery/basemaps,discovery_catalog_source,https://data.cityofnewyork.us/api/views/q68s-8qxv,https://data.cityofnewyork.us/resource/q68s-8qxv.json,"Requires source-level review; many official sources use OGL/UK Open Government Licence, TfL terms, NYC Open Data Terms, or agency-specific terms.",,,Raster grid citywide,Annual/seasonal rasters,2026-04-28T12:19:23.839656+00:00,,,Modeled estimates; raster downloads large; not direct monitors,raw_metadata/new_york__q68s-8qxv__page.json,
uvpi-gqnh,new_york,2015 Street Tree Census - Tree Data,NYC Parks,environment; public realm,discovery_catalog_source,https://data.cityofnewyork.us/api/views/uvpi-gqnh,https://data.cityofnewyork.us/resource/uvpi-gqnh.json,"Requires source-level review; many official sources use OGL/UK Open Government Licence, TfL terms, NYC Open Data Terms, or agency-specific terms.",,,Individual street tree point,Census snapshot,2026-04-28T12:19:23.839658+00:00,,,Volunteer census quality; tree survival changes after snapshot unknown,raw_metadata/new_york__uvpi-gqnh__page.json,
5uug-f49n,new_york,Harbor Water Quality,NYC DEP,environment,discovery_catalog_source,https://data.cityofnewyork.us/api/views/5uug-f49n,https://data.cityofnewyork.us/resource/5uug-f49n.json,"Requires source-level review; many official sources use OGL/UK Open Government Licence, TfL terms, NYC Open Data Terms, or agency-specific terms.",,,Sampling station,Sample date/measurement,2026-04-28T12:19:23.839659+00:00,,,Station network/parameters vary; QA flags needed,raw_metadata/new_york__5uug-f49n__page.json,
9i7c-xyvv,new_york,NYC Stormwater Flood Maps,NYC DEP,environment; policy,discovery_catalog_source,https://data.cityofnewyork.us/api/views/9i7c-xyvv,https://data.cityofnewyork.us/resource/9i7c-xyvv.json,"Requires source-level review; many official sources use OGL/UK Open Government Licence, TfL terms, NYC Open Data Terms, or agency-specific terms.",,,Flood hazard polygons/rasters,Scenario snapshot,2026-04-28T12:19:23.839660+00:00,,,"Modeled scenarios, not observed events; update with climate assumptions",raw_metadata/new_york__9i7c-xyvv__page.json,
5xsi-dfpx,new_york,Sandy Inundation Zone,NYC SBS / NYC Open Data,environment; disaster,discovery_catalog_source,https://data.cityofnewyork.us/api/views/5xsi-dfpx,https://data.cityofnewyork.us/resource/5xsi-dfpx.json,"Requires source-level review; many official sources use OGL/UK Open Government Licence, TfL terms, NYC Open Data Terms, or agency-specific terms.",,,Inundation polygon,Event footprint,2026-04-28T12:19:23.839662+00:00,,,Single-event modeled/observed extent; not future risk map,raw_metadata/new_york__5xsi-dfpx__page.json,
enfh-gkve,new_york,Parks Properties,NYC Parks,public services; environment; basemap,discovery_catalog_source,https://data.cityofnewyork.us/api/views/enfh-gkve,https://data.cityofnewyork.us/resource/enfh-gkve.json,"Requires source-level review; many official sources use OGL/UK Open Government Licence, TfL terms, NYC Open Data Terms, or agency-specific terms.",,,Park/property polygon,Release snapshot,2026-04-28T12:19:23.839663+00:00,,,Limited opening/closing dates; management boundaries can differ from public access,raw_metadata/new_york__enfh-gkve__page.json,
new-054-nyc-orthoimagery-aerial-imagery-archives,new_york,NYC Orthoimagery / Aerial imagery archives,"NYC OTI / DoITT, NYC Open Data",imagery/basemaps,discovery_catalog_source,https://data.cityofnewyork.us/browse?q=orthoimagery&sortBy=relevance,,"Requires source-level review; many official sources use OGL/UK Open Government Licence, TfL terms, NYC Open Data Terms, or agency-specific terms.",,,Raster/tile by borough/tile index,Imagery vintage snapshot,2026-04-28T12:19:23.839666+00:00,,,Large files; borough tiles split across datasets; licensing/availability by vintage,raw_metadata/new_york__new-054-nyc-orthoimagery-aerial-imagery-archives__page.json,
new-055-epa-ejscreen-and-environmental-justice-data,new_york,EPA EJScreen and environmental justice data,U.S. Environmental Protection Agency,environment; demographics,discovery_catalog_source,https://www.epa.gov/ejscreen/download-ejscreen-data,,"Requires source-level review; many official sources use OGL/UK Open Government Licence, TfL terms, NYC Open Data Terms, or agency-specific terms.",,,Block group/tract-style national geographies,Annual release snapshot,2026-04-28T12:19:23.839669+00:00,,,Screening tool not risk assessment; variables/methods change by release,raw_metadata/new_york__new-055-epa-ejscreen-and-environmental-justice-data__page.json,
new-056-epa-air-quality-system-aqs-api,new_york,EPA Air Quality System (AQS) API,U.S. EPA,environment,discovery_catalog_source,https://aqs.epa.gov/aqsweb/documents/data_api.html,,"Requires source-level review; many official sources use OGL/UK Open Government Licence, TfL terms, NYC Open Data Terms, or agency-specific terms.",,,Monitoring station,Hourly/daily/annual observations,2026-04-28T12:19:23.839673+00:00,,,Sparse monitors; API registration/email parameter; not neighborhood-resolution,raw_metadata/new_york__new-056-epa-air-quality-system-aqs-api__page.json,
5zhs-2jue,new_york,Building Footprints / BUILDING,NYC Open Data / City agency,building footprints/basemap,Socrata geospatial table,https://data.cityofnewyork.us/api/views/5zhs-2jue,https://data.cityofnewyork.us/resource/5zhs-2jue.json,Requires source-level review before redistribution; official/open source terms vary by publisher.,,,building footprint polygon,varies by source/vintage,2026-04-28T12:56:37.631412+00:00,,,Not legal boundary; update cadence check needed. Value: core built-form geometry,raw_metadata/new_york__5zhs-2jue__page.json,
ipkp-snf6,new_york,Building Footprints Historic / BUILDING_HISTORIC,NYC Open Data / City agency,building footprints/historical,Socrata geospatial table,https://data.cityofnewyork.us/api/views/ipkp-snf6,https://data.cityofnewyork.us/resource/ipkp-snf6.json,Requires source-level review before redistribution; official/open source terms vary by publisher.,,,building footprint polygon,varies by source/vintage,2026-04-28T12:56:37.631412+00:00,,,Vintages/geometry standards vary. Value: before/after footprint change detection,raw_metadata/new_york__ipkp-snf6__page.json,
skyk-mpzq,new_york,Historic Districts,NYC Open Data / City agency,landmarks/historic districts/planning,Socrata geospatial table,https://data.cityofnewyork.us/api/views/skyk-mpzq,https://data.cityofnewyork.us/resource/skyk-mpzq.json,Requires source-level review before redistribution; official/open source terms vary by publisher.,,,district polygon,varies by source/vintage,2026-04-28T12:56:37.631412+00:00,,,Designated districts only. Value: preservation constraints,raw_metadata/new_york__skyk-mpzq__page.json,
buis-pvji,new_york,Individual Landmark Sites,NYC Open Data / City agency,landmarks/historic districts/planning,Socrata geospatial table,https://data.cityofnewyork.us/api/views/buis-pvji,https://data.cityofnewyork.us/resource/buis-pvji.json,Requires source-level review before redistribution; official/open source terms vary by publisher.,,,site geometry,varies by source/vintage,2026-04-28T12:56:37.631412+00:00,,,May omit some interior/scenic context. Value: site-level preservation constraints,raw_metadata/new_york__buis-pvji__page.json,
ncre-qhxs,new_york,Designated and Calendared Buildings and Sites,NYC Open Data / City agency,landmarks/pipeline/planning,Socrata table,https://data.cityofnewyork.us/api/views/ncre-qhxs,https://data.cityofnewyork.us/resource/ncre-qhxs.json,Requires source-level review before redistribution; official/open source terms vary by publisher.,,,building/site record,varies by source/vintage,2026-04-28T12:56:37.631412+00:00,,,May require geocoding/BBL join. Value: pipeline/proposed landmark status,raw_metadata/new_york__ncre-qhxs__page.json,
dpm2-m9mq,new_york,LPC Permit Application Information,NYC Open Data / City agency,landmarks/permits/development,Socrata table,https://data.cityofnewyork.us/api/views/dpm2-m9mq,https://data.cityofnewyork.us/resource/dpm2-m9mq.json,Requires source-level review before redistribution; official/open source terms vary by publisher.,,,application record,varies by source/vintage,2026-04-28T12:56:37.631412+00:00,,,Permits do not guarantee completed work. Value: alteration pressure in landmarked areas,raw_metadata/new_york__dpm2-m9mq__page.json,
fdkv-4t4z,new_york,NYC Zoning Tax Lot Database,NYC Open Data / City agency,zoning/tax lots/planning,Socrata table,https://data.cityofnewyork.us/api/views/fdkv-4t4z,https://data.cityofnewyork.us/resource/fdkv-4t4z.json,Requires source-level review before redistribution; official/open source terms vary by publisher.,,,BBL/tax lot,varies by source/vintage,2026-04-28T12:56:37.631412+00:00,,,Attribute table; join to geometry. Value: lot-level zoning capacity,raw_metadata/new_york__fdkv-4t4z__page.json,
mm69-vrje,new_york,Zoning GIS Data: Geodatabase,NYC Open Data / City agency,zoning GIS/planning,Socrata file/blob,https://data.cityofnewyork.us/api/views/mm69-vrje,https://data.cityofnewyork.us/resource/mm69-vrje.json,Requires source-level review before redistribution; official/open source terms vary by publisher.,,,district/overlay polygons,varies by source/vintage,2026-04-28T12:56:37.631412+00:00,,,File download workflow. Value: authoritative zoning GIS,raw_metadata/new_york__mm69-vrje__page.json,
mxbm-493w,new_york,Georeferenced NYC Zoning Maps,NYC Open Data / City agency,zoning GIS/historic maps,Socrata file/blob,https://data.cityofnewyork.us/api/views/mxbm-493w,https://data.cityofnewyork.us/resource/mxbm-493w.json,Requires source-level review before redistribution; official/open source terms vary by publisher.,,,raster/map sheet,varies by source/vintage,2026-04-28T12:56:37.631412+00:00,,,Raster handling needed. Value: visual zoning context,raw_metadata/new_york__mxbm-493w__page.json,
smk3-tmxj,new_york,Department of Finance Digital Tax Map,NYC Open Data / City agency,tax lots/parcels,Socrata file/blob,https://data.cityofnewyork.us/api/views/smk3-tmxj,https://data.cityofnewyork.us/resource/smk3-tmxj.json,Requires source-level review before redistribution; official/open source terms vary by publisher.,,,tax lot/block map,varies by source/vintage,2026-04-28T12:56:37.631412+00:00,,,File-based; legal/tax representation caveats. Value: parcel backbone,raw_metadata/new_york__smk3-tmxj__page.json,
p8u6-a6it,new_york,Digital Tax Map: Condominiums,NYC Open Data / City agency,tax lots/parcels/condos,Socrata table,https://data.cityofnewyork.us/api/views/p8u6-a6it,https://data.cityofnewyork.us/resource/p8u6-a6it.json,Requires source-level review before redistribution; official/open source terms vary by publisher.,,,condominium record,varies by source/vintage,2026-04-28T12:56:37.631412+00:00,,,Not one-to-one with physical buildings. Value: condo parcel attribution,raw_metadata/new_york__p8u6-a6it__page.json,
eguu-7ie3,new_york,Digital Tax Map: Condominium Units,NYC Open Data / City agency,tax lots/parcels/condos,Socrata table,https://data.cityofnewyork.us/api/views/eguu-7ie3,https://data.cityofnewyork.us/resource/eguu-7ie3.json,Requires source-level review before redistribution; official/open source terms vary by publisher.,,,condo unit,varies by source/vintage,2026-04-28T12:56:37.631412+00:00,,,High volume; join-dependent. Value: fine-grained unit intensity,raw_metadata/new_york__eguu-7ie3__page.json,
mdja-si6a,new_york,Digital Tax Map: Air Lots,NYC Open Data / City agency,tax lots/air rights/development,Socrata table,https://data.cityofnewyork.us/api/views/mdja-si6a,https://data.cityofnewyork.us/resource/mdja-si6a.json,Requires source-level review before redistribution; official/open source terms vary by publisher.,,,air lot,varies by source/vintage,2026-04-28T12:56:37.631412+00:00,,,Specialized legal geography. Value: vertical/air-right parcelization,raw_metadata/new_york__mdja-si6a__page.json,
ag5u-vnw2,new_york,Digital Tax Map: Subterranean Lots,NYC Open Data / City agency,tax lots/infrastructure,Socrata table,https://data.cityofnewyork.us/api/views/ag5u-vnw2,https://data.cityofnewyork.us/resource/ag5u-vnw2.json,Requires source-level review before redistribution; official/open source terms vary by publisher.,,,subterranean lot,varies by source/vintage,2026-04-28T12:56:37.631412+00:00,,,Spatial representation limited. Value: infrastructure/complex mixed-use sites,raw_metadata/new_york__ag5u-vnw2__page.json,
n7gv-k5yt,new_york,Capital Projects,NYC Open Data / City agency,capital projects/public investment,Socrata table,https://data.cityofnewyork.us/api/views/n7gv-k5yt,https://data.cityofnewyork.us/resource/n7gv-k5yt.json,Requires source-level review before redistribution; official/open source terms vary by publisher.,,,project,varies by source/vintage,2026-04-28T12:56:37.631412+00:00,,,Locations may be text/approximate. Value: public investment signal,raw_metadata/new_york__n7gv-k5yt__page.json,
4hcv-tc5r,new_york,Capital Project Tracker,NYC Open Data / City agency,capital projects/status,Socrata table,https://data.cityofnewyork.us/api/views/4hcv-tc5r,https://data.cityofnewyork.us/resource/4hcv-tc5r.json,Requires source-level review before redistribution; official/open source terms vary by publisher.,,,project/status,varies by source/vintage,2026-04-28T12:56:37.631412+00:00,,,May omit phases/agencies. Value: schedule/status evolution,raw_metadata/new_york__4hcv-tc5r__page.json,
2xh6-psuq,new_york,Capital Project Schedules and Budgets,NYC Open Data / City agency,capital projects/budgets,Socrata table,https://data.cityofnewyork.us/api/views/2xh6-psuq,https://data.cityofnewyork.us/resource/2xh6-psuq.json,Requires source-level review before redistribution; official/open source terms vary by publisher.,,,budget/schedule record,varies by source/vintage,2026-04-28T12:56:37.631412+00:00,,,Fiscal fields need interpretation. Value: budget/timing magnitude,raw_metadata/new_york__2xh6-psuq__page.json,
wa2y-rh4b,new_york,Capital Project Detail Data - Dollars,NYC Open Data / City agency,capital projects/finance,Socrata table,https://data.cityofnewyork.us/api/views/wa2y-rh4b,https://data.cityofnewyork.us/resource/wa2y-rh4b.json,Requires source-level review before redistribution; official/open source terms vary by publisher.,,,project/funding line,varies by source/vintage,2026-04-28T12:56:37.631412+00:00,,,Geocoding/joining required. Value: capital dollar concentration,raw_metadata/new_york__wa2y-rh4b__page.json,
rukc-mmqu,new_york,Active Projects - Infrastructure Historical,NYC Open Data / City agency,DDC construction/infrastructure,Socrata table,https://data.cityofnewyork.us/api/views/rukc-mmqu,https://data.cityofnewyork.us/resource/rukc-mmqu.json,Requires source-level review before redistribution; official/open source terms vary by publisher.,,,project,varies by source/vintage,2026-04-28T12:56:37.631412+00:00,,,Historical snapshot; locations parse needed. Value: public infrastructure work,raw_metadata/new_york__rukc-mmqu__page.json,
g9ub-hrve,new_york,Active Projects - Public Buildings Historical,NYC Open Data / City agency,DDC construction/public buildings,Socrata table,https://data.cityofnewyork.us/api/views/g9ub-hrve,https://data.cityofnewyork.us/resource/g9ub-hrve.json,Requires source-level review before redistribution; official/open source terms vary by publisher.,,,project/building,varies by source/vintage,2026-04-28T12:56:37.631412+00:00,,,Historical snapshot. Value: public building change,raw_metadata/new_york__g9ub-hrve__page.json,
3ss8-m844,new_york,DDC Active Projects,NYC Open Data / City agency,DDC/public construction,Socrata table,https://data.cityofnewyork.us/api/views/3ss8-m844,https://data.cityofnewyork.us/resource/3ss8-m844.json,Requires source-level review before redistribution; official/open source terms vary by publisher.,,,project,varies by source/vintage,2026-04-28T12:56:37.631412+00:00,,,Extents may be generalized. Value: live public construction,raw_metadata/new_york__3ss8-m844__page.json,
wye7-nyek,new_york,Interagency Coordination and Construction Permits Data / MOSYS,NYC Open Data / City agency,construction coordination/roadworks,Socrata table,https://data.cityofnewyork.us/api/views/wye7-nyek,https://data.cityofnewyork.us/resource/wye7-nyek.json,Requires source-level review before redistribution; official/open source terms vary by publisher.,,,permit/coordination record,varies by source/vintage,2026-04-28T12:56:37.631412+00:00,,,Operational data; location normalization hard. Value: roadwork/utility conflict explanation,raw_metadata/new_york__wye7-nyek__page.json,
r528-jcks,new_york,Sidewalk Weekly Construction Schedule,NYC Open Data / City agency,sidewalk/public realm/construction,Socrata table,https://data.cityofnewyork.us/api/views/r528-jcks,https://data.cityofnewyork.us/resource/r528-jcks.json,Requires source-level review before redistribution; official/open source terms vary by publisher.,,,schedule/location,varies by source/vintage,2026-04-28T12:56:37.631412+00:00,,,Schedule not completion. Value: near-term public-realm change,raw_metadata/new_york__r528-jcks__page.json,
dntt-gqwq,new_york,Sidewalk Management Database - Inspection,NYC Open Data / City agency,sidewalk/public realm/condition,Socrata table,https://data.cityofnewyork.us/api/views/dntt-gqwq,https://data.cityofnewyork.us/resource/dntt-gqwq.json,Requires source-level review before redistribution; official/open source terms vary by publisher.,,,inspection/defect,varies by source/vintage,2026-04-28T12:56:37.631412+00:00,,,Inspection bias. Value: sidewalk condition/enforcement,raw_metadata/new_york__dntt-gqwq__page.json,
ugc8-s3f6,new_york,Sidewalk Management Database - Built,NYC Open Data / City agency,sidewalk/public realm/built work,Socrata table,https://data.cityofnewyork.us/api/views/ugc8-s3f6,https://data.cityofnewyork.us/resource/ugc8-s3f6.json,Requires source-level review before redistribution; official/open source terms vary by publisher.,,,built work/segment,varies by source/vintage,2026-04-28T12:56:37.631412+00:00,,,Not complete pedestrian inventory. Value: completed sidewalk change,raw_metadata/new_york__ugc8-s3f6__page.json,
i2y3-sx2e,new_york,Curb Metal Protruding Data,NYC Open Data / City agency,curb/sidewalk/hazards,Socrata table,https://data.cityofnewyork.us/api/views/i2y3-sx2e,https://data.cityofnewyork.us/resource/i2y3-sx2e.json,Requires source-level review before redistribution; official/open source terms vary by publisher.,,,hazard/location,varies by source/vintage,2026-04-28T12:56:37.631412+00:00,,,Complaint/inspection-driven. Value: micro-scale streetscape conditions,raw_metadata/new_york__i2y3-sx2e__page.json,
nfid-uabd,new_york,Parking Regulation Locations and Signs,NYC Open Data / City agency,curb/parking/signs,Socrata geospatial table,https://data.cityofnewyork.us/api/views/nfid-uabd,https://data.cityofnewyork.us/resource/nfid-uabd.json,Requires source-level review before redistribution; official/open source terms vary by publisher.,,,sign/regulation location,varies by source/vintage,2026-04-28T12:56:37.631412+00:00,,,Regulation parsing complex. Value: curb-management layer,raw_metadata/new_york__nfid-uabd__page.json,
693u-uax6,new_york,Parking Meters Locations and Status,NYC Open Data / City agency,curb/parking,Socrata geospatial table,https://data.cityofnewyork.us/api/views/693u-uax6,https://data.cityofnewyork.us/resource/693u-uax6.json,Requires source-level review before redistribution; official/open source terms vary by publisher.,,,meter/location,varies by source/vintage,2026-04-28T12:56:37.631412+00:00,,,Inventory may lag. Value: managed curb supply,raw_metadata/new_york__693u-uax6__page.json,
e7yp-wx55,new_york,ParkNYC Block Faces,NYC Open Data / City agency,curb/parking/blockfaces,Socrata geospatial table,https://data.cityofnewyork.us/api/views/e7yp-wx55,https://data.cityofnewyork.us/resource/e7yp-wx55.json,Requires source-level review before redistribution; official/open source terms vary by publisher.,,,blockface,varies by source/vintage,2026-04-28T12:56:37.631412+00:00,,,Only payment geography. Value: blockface curb monetization,raw_metadata/new_york__e7yp-wx55__page.json,
qt6m-xctn,new_york,Street Sign Work Orders,NYC Open Data / City agency,street signs/work orders,Socrata table,https://data.cityofnewyork.us/api/views/qt6m-xctn,https://data.cityofnewyork.us/resource/qt6m-xctn.json,Requires source-level review before redistribution; official/open source terms vary by publisher.,,,work order/sign location,varies by source/vintage,2026-04-28T12:56:37.631412+00:00,,,Work orders not full inventory. Value: operational street changes,raw_metadata/new_york__qt6m-xctn__page.json,
jwvp-gyiq,new_york,DOT Street Lights and Traffic Signals 311 Requests,NYC Open Data / City agency,streetlights/signals/311,Socrata dataset,https://data.cityofnewyork.us/api/views/jwvp-gyiq,https://data.cityofnewyork.us/resource/jwvp-gyiq.json,Requires source-level review before redistribution; official/open source terms vary by publisher.,,,service request,varies by source/vintage,2026-04-28T12:56:37.631412+00:00,,,Complaint-driven. Value: lighting/signal reliability,raw_metadata/new_york__jwvp-gyiq__page.json,
8kuj-2n3u,new_york,Exclusive Pedestrian Signal / Barnes Dance Locations,NYC Open Data / City agency,traffic signals/pedestrian safety,Socrata geospatial table,https://data.cityofnewyork.us/api/views/8kuj-2n3u,https://data.cityofnewyork.us/resource/8kuj-2n3u.json,Requires source-level review before redistribution; official/open source terms vary by publisher.,,,intersection,varies by source/vintage,2026-04-28T12:56:37.631412+00:00,,,Specific treatment only. Value: pedestrian-priority safety interventions,raw_metadata/new_york__8kuj-2n3u__page.json,
mqt5-ctec,new_york,Vision Zero View Leading Pedestrian Interval Signals,NYC Open Data / City agency,traffic signals/pedestrian safety,Socrata map,https://data.cityofnewyork.us/api/views/mqt5-ctec,https://data.cityofnewyork.us/resource/mqt5-ctec.json,Requires source-level review before redistribution; official/open source terms vary by publisher.,,,intersection/signal,varies by source/vintage,2026-04-28T12:56:37.631412+00:00,,,Map/visualization export handling. Value: Vision Zero signal rollout,raw_metadata/new_york__mqt5-ctec__page.json,
tvpp-9vvx,new_york,NYC Permitted Event Information,NYC Open Data / City agency,public events/permits,Socrata table,https://data.cityofnewyork.us/api/views/tvpp-9vvx,https://data.cityofnewyork.us/resource/tvpp-9vvx.json,Requires source-level review before redistribution; official/open source terms vary by publisher.,,,event permit,varies by source/vintage,2026-04-28T12:56:37.631412+00:00,,,Permitted events only; geocoding needed. Value: temporary street/open-space disruptions,raw_metadata/new_york__tvpp-9vvx__page.json,
bkfu-528j,new_york,NYC Permitted Event Information - Historical,NYC Open Data / City agency,public events/permits/historical,Socrata table,https://data.cityofnewyork.us/api/views/bkfu-528j,https://data.cityofnewyork.us/resource/bkfu-528j.json,Requires source-level review before redistribution; official/open source terms vary by publisher.,,,event permit,varies by source/vintage,2026-04-28T12:56:37.631412+00:00,,,Schema may differ. Value: long-run public realm activity,raw_metadata/new_york__bkfu-528j__page.json,
tg4x-b46p,new_york,Film Permits,NYC Open Data / City agency,public events/film permits,Socrata table,https://data.cityofnewyork.us/api/views/tg4x-b46p,https://data.cityofnewyork.us/resource/tg4x-b46p.json,Requires source-level review before redistribution; official/open source terms vary by publisher.,,,permit/location/time,varies by source/vintage,2026-04-28T12:56:37.631412+00:00,,,Location strings messy. Value: street closures/cultural activity,raw_metadata/new_york__tg4x-b46p__page.json,
w7w3-xahh,new_york,Issued Licenses,NYC Open Data / City agency,business licenses/economy,Socrata table,https://data.cityofnewyork.us/api/views/w7w3-xahh,https://data.cityofnewyork.us/resource/w7w3-xahh.json,Requires source-level review before redistribution; official/open source terms vary by publisher.,,,license/business,varies by source/vintage,2026-04-28T12:56:37.631412+00:00,,,Not all business activity; geocoding. Value: regulated business churn,raw_metadata/new_york__w7w3-xahh__page.json,
ptev-4hud,new_york,License Applications,NYC Open Data / City agency,business licenses/economy,Socrata table,https://data.cityofnewyork.us/api/views/ptev-4hud,https://data.cityofnewyork.us/resource/ptev-4hud.json,Requires source-level review before redistribution; official/open source terms vary by publisher.,,,application/business,varies by source/vintage,2026-04-28T12:56:37.631412+00:00,,,Applications may not become active. Value: commercial leading indicator,raw_metadata/new_york__ptev-4hud__page.json,
92iy-9c3n,new_york,Storefronts Reported Vacant or Not,NYC Open Data / City agency,business/storefronts/economy,Socrata table,https://data.cityofnewyork.us/api/views/92iy-9c3n,https://data.cityofnewyork.us/resource/92iy-9c3n.json,Requires source-level review before redistribution; official/open source terms vary by publisher.,,,storefront/report,varies by source/vintage,2026-04-28T12:56:37.631412+00:00,,,Coverage/methodology uneven. Value: retail corridor health,raw_metadata/new_york__92iy-9c3n__page.json,
cqsj-cfgu,new_york,Bi-Annual Pedestrian Counts,NYC Open Data / City agency,foot traffic/mobility/economy,Socrata table,https://data.cityofnewyork.us/api/views/cqsj-cfgu,https://data.cityofnewyork.us/resource/cqsj-cfgu.json,Requires source-level review before redistribution; official/open source terms vary by publisher.,,,count location/time,varies by source/vintage,2026-04-28T12:56:37.631412+00:00,,,Limited locations. Value: observed foot-traffic benchmark,raw_metadata/new_york__cqsj-cfgu__page.json,
ct66-47at,new_york,Bicycle and Pedestrian Counts,NYC Open Data / City agency,foot traffic/active mobility,Socrata table,https://data.cityofnewyork.us/api/views/ct66-47at,https://data.cityofnewyork.us/resource/ct66-47at.json,Requires source-level review before redistribution; official/open source terms vary by publisher.,,,count observation,varies by source/vintage,2026-04-28T12:56:37.631412+00:00,,,Sensor coverage limited. Value: active-mode street use,raw_metadata/new_york__ct66-47at__page.json,
6up2-gnw8,new_york,Bicycle and Pedestrian Count Sensors,NYC Open Data / City agency,foot traffic/sensors/mobility,Socrata table,https://data.cityofnewyork.us/api/views/6up2-gnw8,https://data.cityofnewyork.us/resource/6up2-gnw8.json,Requires source-level review before redistribution; official/open source terms vary by publisher.,,,sensor/site,varies by source/vintage,2026-04-28T12:56:37.631412+00:00,,,Site metadata only. Value: count time-series anchors,raw_metadata/new_york__6up2-gnw8__page.json,
hxm3-23vy,new_york,E-Designations,NYC Open Data / City agency,environment/zoning/noise,Socrata table,https://data.cityofnewyork.us/api/views/hxm3-23vy,https://data.cityofnewyork.us/resource/hxm3-23vy.json,Requires source-level review before redistribution; official/open source terms vary by publisher.,,,tax lot/designation,varies by source/vintage,2026-04-28T12:56:37.631412+00:00,,,Restriction layer not measured pollution. Value: parcel-level environmental constraints,raw_metadata/new_york__hxm3-23vy__page.json,
ebb7-mvp5,new_york,DSNY Monthly Tonnage Data,NYC Open Data / City agency,sanitation/material flows/economy,Socrata table,https://data.cityofnewyork.us/api/views/ebb7-mvp5,https://data.cityofnewyork.us/resource/ebb7-mvp5.json,Requires source-level review before redistribution; official/open source terms vary by publisher.,,,monthly district/material,varies by source/vintage,2026-04-28T12:56:37.631412+00:00,,,Aggregated. Value: consumption/activity proxy,raw_metadata/new_york__ebb7-mvp5__page.json,
8znf-7b2c,new_york,DSNY Litter Basket Inventory,NYC Open Data / City agency,sanitation/public realm/assets,Socrata geospatial table,https://data.cityofnewyork.us/api/views/8znf-7b2c,https://data.cityofnewyork.us/resource/8znf-7b2c.json,Requires source-level review before redistribution; official/open source terms vary by publisher.,,,asset/location,varies by source/vintage,2026-04-28T12:56:37.631412+00:00,,,Inventory may lag. Value: public realm service provision,raw_metadata/new_york__8znf-7b2c__page.json,
sxx4-xhzg,new_york,Public Recycling Bins,NYC Open Data / City agency,sanitation/public realm/assets,Socrata geospatial table,https://data.cityofnewyork.us/api/views/sxx4-xhzg,https://data.cityofnewyork.us/resource/sxx4-xhzg.json,Requires source-level review before redistribution; official/open source terms vary by publisher.,,,bin/location,varies by source/vintage,2026-04-28T12:56:37.631412+00:00,,,Inventory not usage. Value: sustainability amenities,raw_metadata/new_york__sxx4-xhzg__page.json,
if26-z6xq,new_york,Food Scrap Drop-Off Locations in NYC,NYC Open Data / City agency,sanitation/organics/public realm,Socrata geospatial table,https://data.cityofnewyork.us/api/views/if26-z6xq,https://data.cityofnewyork.us/resource/if26-z6xq.json,Requires source-level review before redistribution; official/open source terms vary by publisher.,,,site/location,varies by source/vintage,2026-04-28T12:56:37.631412+00:00,,,Locations change often. Value: organics infrastructure,raw_metadata/new_york__if26-z6xq__page.json,
hn5i-inap,new_york,Forestry Tree Points,NYC Open Data / City agency,trees/parks/open space,Socrata geospatial table,https://data.cityofnewyork.us/api/views/hn5i-inap,https://data.cityofnewyork.us/resource/hn5i-inap.json,Requires source-level review before redistribution; official/open source terms vary by publisher.,,,tree point,varies by source/vintage,2026-04-28T12:56:37.631412+00:00,,,Methodology differs from census. Value: current tree asset layer,raw_metadata/new_york__hn5i-inap__page.json,
82zj-84is,new_york,Forestry Planting Spaces,NYC Open Data / City agency,trees/parks/open space,Socrata geospatial table,https://data.cityofnewyork.us/api/views/82zj-84is,https://data.cityofnewyork.us/resource/82zj-84is.json,Requires source-level review before redistribution; official/open source terms vary by publisher.,,,planting site,varies by source/vintage,2026-04-28T12:56:37.631412+00:00,,,Opportunity not necessarily tree presence. Value: greening opportunity layer,raw_metadata/new_york__82zj-84is__page.json,
he6d-2qns,new_york,"Land Cover Raster Data 2017, 6-inch Resolution",NYC Open Data / City agency,land cover/imagery/environment,Socrata file/blob raster,https://data.cityofnewyork.us/api/views/he6d-2qns,https://data.cityofnewyork.us/resource/he6d-2qns.json,Requires source-level review before redistribution; official/open source terms vary by publisher.,,,6-inch raster pixel,varies by source/vintage,2026-04-28T12:56:37.631412+00:00,,,Raster processing required. Value: impervious/canopy/open-space baseline,raw_metadata/new_york__he6d-2qns__page.json,
by9k-vhck,new_york,Tree Canopy Change 2010-2017,NYC Open Data / City agency,tree canopy/climate/imagery,Socrata file/blob,https://data.cityofnewyork.us/api/views/by9k-vhck,https://data.cityofnewyork.us/resource/by9k-vhck.json,Requires source-level review before redistribution; official/open source terms vary by publisher.,,,raster/vector change,varies by source/vintage,2026-04-28T12:56:37.631412+00:00,,,Only 2010-2017 window. Value: direct vegetation-change layer,raw_metadata/new_york__by9k-vhck__page.json,
3bkj-34v2,new_york,NYC DOE Public School Location Information,NYC Open Data / City agency,schools/facilities/public services,Socrata href/external,https://data.cityofnewyork.us/api/views/3bkj-34v2,https://data.cityofnewyork.us/resource/3bkj-34v2.json,Requires source-level review before redistribution; official/open source terms vary by publisher.,,,school/site,varies by source/vintage,2026-04-28T12:56:37.631412+00:00,,,Campus/co-location care needed. Value: school facility layer,raw_metadata/new_york__3bkj-34v2__page.json,
shkv-c3w7,new_york,School Zones Map 2024-2025,NYC Open Data / City agency,schools/boundaries,Socrata map/geospatial,https://data.cityofnewyork.us/api/views/shkv-c3w7,https://data.cityofnewyork.us/resource/shkv-c3w7.json,Requires source-level review before redistribution; official/open source terms vary by publisher.,,,zone polygon,varies by source/vintage,2026-04-28T12:56:37.631412+00:00,,,School-year specific. Value: education catchment geography,raw_metadata/new_york__shkv-c3w7__page.json,
gy3q-4tzp,new_york,Active NYC Health Code Regulated Child Care Programs,NYC Open Data / City agency,childcare/health/facilities,Socrata table,https://data.cityofnewyork.us/api/views/gy3q-4tzp,https://data.cityofnewyork.us/resource/gy3q-4tzp.json,Requires source-level review before redistribution; official/open source terms vary by publisher.,,,program/site,varies by source/vintage,2026-04-28T12:56:37.631412+00:00,,,Active regulated only; geocoding. Value: family-service availability,raw_metadata/new_york__gy3q-4tzp__page.json,
dsg6-ifza,new_york,Childcare Center Inspections Historical,NYC Open Data / City agency,childcare/health/facilities,Socrata table,https://data.cityofnewyork.us/api/views/dsg6-ifza,https://data.cityofnewyork.us/resource/dsg6-ifza.json,Requires source-level review before redistribution; official/open source terms vary by publisher.,,,inspection/program,varies by source/vintage,2026-04-28T12:56:37.631412+00:00,,,Inspection frequency varies. Value: facility quality/compliance,raw_metadata/new_york__dsg6-ifza__page.json,
5ery-qagt,new_york,School Cafeteria Inspections 2020-Present,NYC Open Data / City agency,schools/health/facilities,Socrata table,https://data.cityofnewyork.us/api/views/5ery-qagt,https://data.cityofnewyork.us/resource/5ery-qagt.json,Requires source-level review before redistribution; official/open source terms vary by publisher.,,,inspection/school,varies by source/vintage,2026-04-28T12:56:37.631412+00:00,,,Inspection-specific. Value: public facility health compliance,raw_metadata/new_york__5ery-qagt__page.json,
qgea-i56i,new_york,NYPD Complaint Data Historic,NYC Open Data / City agency,crime/public safety,Socrata table,https://data.cityofnewyork.us/api/views/qgea-i56i,https://data.cityofnewyork.us/resource/qgea-i56i.json,Requires source-level review before redistribution; official/open source terms vary by publisher.,,,complaint/offense,varies by source/vintage,2026-04-28T12:56:37.631412+00:00,,,Reported crime; location generalized. Value: public-safety context,raw_metadata/new_york__qgea-i56i__page.json,
5uac-w243,new_york,NYPD Complaint Data Current Year To Date,NYC Open Data / City agency,crime/public safety,Socrata table,https://data.cityofnewyork.us/api/views/5uac-w243,https://data.cityofnewyork.us/resource/5uac-w243.json,Requires source-level review before redistribution; official/open source terms vary by publisher.,,,complaint/offense,varies by source/vintage,2026-04-28T12:56:37.631412+00:00,,,Current-year revised. Value: current public-safety signal,raw_metadata/new_york__5uac-w243__page.json,
uip8-fykc,new_york,NYPD Arrest Data Year to Date,NYC Open Data / City agency,crime/public safety,Socrata table,https://data.cityofnewyork.us/api/views/uip8-fykc,https://data.cityofnewyork.us/resource/uip8-fykc.json,Requires source-level review before redistribution; official/open source terms vary by publisher.,,,arrest record,varies by source/vintage,2026-04-28T12:56:37.631412+00:00,,,Enforcement activity not crime incidence. Value: enforcement geography,raw_metadata/new_york__uip8-fykc__page.json,
76xm-jjuj,new_york,EMS Incident Dispatch Data,NYC Open Data / City agency,EMS/public safety/health,Socrata table,https://data.cityofnewyork.us/api/views/76xm-jjuj,https://data.cityofnewyork.us/resource/76xm-jjuj.json,Requires source-level review before redistribution; official/open source terms vary by publisher.,,,dispatch incident,varies by source/vintage,2026-04-28T12:56:37.631412+00:00,,,Operational; location generalized. Value: emergency health demand,raw_metadata/new_york__76xm-jjuj__page.json,
tm6d-hbzd,new_york,Incidents Responded to by Fire Companies,NYC Open Data / City agency,fire/public safety,Socrata table,https://data.cityofnewyork.us/api/views/tm6d-hbzd,https://data.cityofnewyork.us/resource/tm6d-hbzd.json,Requires source-level review before redistribution; official/open source terms vary by publisher.,,,company-incident,varies by source/vintage,2026-04-28T12:56:37.631412+00:00,,,May duplicate by company. Value: fire/emergency burden,raw_metadata/new_york__tm6d-hbzd__page.json,
8m42-w767,new_york,Fire Incident Dispatch Data,NYC Open Data / City agency,fire/public safety,Socrata table,https://data.cityofnewyork.us/api/views/8m42-w767,https://data.cityofnewyork.us/resource/8m42-w767.json,Requires source-level review before redistribution; official/open source terms vary by publisher.,,,dispatch incident,varies by source/vintage,2026-04-28T12:56:37.631412+00:00,,,Dispatch not final cause/outcome. Value: hazard/emergency response,raw_metadata/new_york__8m42-w767__page.json,
iiv7-jaj9,new_york,Fire Companies,NYC Open Data / City agency,fire/facilities/public services,Socrata table,https://data.cityofnewyork.us/api/views/iiv7-jaj9,https://data.cityofnewyork.us/resource/iiv7-jaj9.json,Requires source-level review before redistribution; official/open source terms vary by publisher.,,,fire company/facility,varies by source/vintage,2026-04-28T12:56:37.631412+00:00,,,Roster not response surface. Value: public safety infrastructure,raw_metadata/new_york__iiv7-jaj9__page.json,
epne-qv9x,new_york,Hurricane Evacuation Zones,NYC Open Data / City agency,flood/coastal resiliency,Socrata geospatial table,https://data.cityofnewyork.us/api/views/epne-qv9x,https://data.cityofnewyork.us/resource/epne-qv9x.json,Requires source-level review before redistribution; official/open source terms vary by publisher.,,,zone polygon,varies by source/vintage,2026-04-28T12:56:37.631412+00:00,,,Emergency planning zones not probability maps. Value: coastal-risk planning,raw_metadata/new_york__epne-qv9x__page.json,
uk9f-6y9n,new_york,Hurricane Inundation by Evacuation Zone,NYC Open Data / City agency,flood/coastal resiliency,Socrata geospatial table,https://data.cityofnewyork.us/api/views/uk9f-6y9n,https://data.cityofnewyork.us/resource/uk9f-6y9n.json,Requires source-level review before redistribution; official/open source terms vary by publisher.,,,polygon,varies by source/vintage,2026-04-28T12:56:37.631412+00:00,,,"Scenario-based, not observed flooding. Value: storm-surge exposure",raw_metadata/new_york__uk9f-6y9n__page.json,
hbw8-2bah,new_york,"Sea Level Rise Maps, 2050s 100-Year Floodplain",NYC Open Data / City agency,flood/sea level rise/resiliency,Socrata map/geospatial,https://data.cityofnewyork.us/api/views/hbw8-2bah,https://data.cityofnewyork.us/resource/hbw8-2bah.json,Requires source-level review before redistribution; official/open source terms vary by publisher.,,,floodplain polygon,varies by source/vintage,2026-04-28T12:56:37.631412+00:00,,,Scenario/model assumptions. Value: future flood exposure,raw_metadata/new_york__hbw8-2bah__page.json,
8n8s-np59,new_york,2050s Sea Level Rise Projections,NYC Open Data / City agency,sea level rise/climate,Socrata table/map,https://data.cityofnewyork.us/api/views/8n8s-np59,https://data.cityofnewyork.us/resource/8n8s-np59.json,Requires source-level review before redistribution; official/open source terms vary by publisher.,,,projection/scenario,varies by source/vintage,2026-04-28T12:56:37.631412+00:00,,,Assumptions must be documented. Value: future exposure annotation,raw_metadata/new_york__8n8s-np59__page.json,
qdq3-9eqn,new_york,Hyperlocal Temperature Monitoring,NYC Open Data / City agency,heat/climate/environment,Socrata table,https://data.cityofnewyork.us/api/views/qdq3-9eqn,https://data.cityofnewyork.us/resource/qdq3-9eqn.json,Requires source-level review before redistribution; official/open source terms vary by publisher.,,,temperature observation/site,varies by source/vintage,2026-04-28T12:56:37.631412+00:00,,,Campaign coverage; not continuous network. Value: hyperlocal heat exposure,raw_metadata/new_york__qdq3-9eqn__page.json,
mrjc-v9pm,new_york,NYC Flood Vulnerability Index,NYC Open Data / City agency,flood/vulnerability/resiliency,Socrata table,https://data.cityofnewyork.us/api/views/mrjc-v9pm,https://data.cityofnewyork.us/resource/mrjc-v9pm.json,Requires source-level review before redistribution; official/open source terms vary by publisher.,,,index geography,varies by source/vintage,2026-04-28T12:56:37.631412+00:00,,,Composite index not parcel hazard. Value: social/physical flood vulnerability,raw_metadata/new_york__mrjc-v9pm__page.json,
dpc8-z3jc,new_york,1 Foot Digital Elevation Model DEM,NYC Open Data / City agency,elevation/LiDAR/imagery,Socrata href/external raster,https://data.cityofnewyork.us/api/views/dpc8-z3jc,https://data.cityofnewyork.us/resource/dpc8-z3jc.json,Requires source-level review before redistribution; official/open source terms vary by publisher.,,,1-foot raster,varies by source/vintage,2026-04-28T12:56:37.631412+00:00,,,Large raster/tiling needed. Value: flood/slope/3D analysis,raw_metadata/new_york__dpc8-z3jc__page.json,
7sc8-jtbz,new_york,Topobathymetric LiDAR Data 2017,NYC Open Data / City agency,LiDAR/coastal/elevation,Socrata href/external,https://data.cityofnewyork.us/api/views/7sc8-jtbz,https://data.cityofnewyork.us/resource/7sc8-jtbz.json,Requires source-level review before redistribution; official/open source terms vary by publisher.,,,LiDAR/raster,varies by source/vintage,2026-04-28T12:56:37.631412+00:00,,,Large specialized files. Value: shoreline/elevation resilience layer,raw_metadata/new_york__7sc8-jtbz__page.json,
jxmq-5dde,new_york,NYC Orthoimagery Tile Index,NYC Open Data / City agency,imagery/tile index,Socrata file/blob,https://data.cityofnewyork.us/api/views/jxmq-5dde,https://data.cityofnewyork.us/resource/jxmq-5dde.json,Requires source-level review before redistribution; official/open source terms vary by publisher.,,,tile index,varies by source/vintage,2026-04-28T12:56:37.631412+00:00,,,Index only; imagery fetched separately. Value: imagery ingestion by tile/year,raw_metadata/new_york__jxmq-5dde__page.json,
kmt4-jkta,new_york,Imagery and Map Services,NYC Open Data / City agency,imagery/map services/source provenance,Socrata href,https://data.cityofnewyork.us/api/views/kmt4-jkta,https://data.cityofnewyork.us/resource/kmt4-jkta.json,Requires source-level review before redistribution; official/open source terms vary by publisher.,,,service endpoint,varies by source/vintage,2026-04-28T12:56:37.631412+00:00,,,Requires GIS client/API handling. Value: official map-service entry point,raw_metadata/new_york__kmt4-jkta__page.json,
ruf7-3wgc,new_york,NYC Community Boards,NYC Open Data / City agency,boundaries/community boards,Socrata geospatial table,https://data.cityofnewyork.us/api/views/ruf7-3wgc,https://data.cityofnewyork.us/resource/ruf7-3wgc.json,Requires source-level review before redistribution; official/open source terms vary by publisher.,,,community board polygon,varies by source/vintage,2026-04-28T12:56:37.631412+00:00,,,Administrative geography/vintage caveats. Value: civic planning aggregation boundary,raw_metadata/new_york__ruf7-3wgc__page.json,
5crt-au7u,new_york,Community Districts,NYC Open Data / City agency,boundaries/community districts,Socrata geospatial table,https://data.cityofnewyork.us/api/views/5crt-au7u,https://data.cityofnewyork.us/resource/5crt-au7u.json,Requires source-level review before redistribution; official/open source terms vary by publisher.,,,community district polygon,varies by source/vintage,2026-04-28T12:56:37.631412+00:00,,,Boundary vintages should be versioned. Value: standard planning aggregation,raw_metadata/new_york__5crt-au7u__page.json,
872g-cjhh,new_york,City Council Districts,NYC Open Data / City agency,boundaries/council districts,Socrata geospatial table,https://data.cityofnewyork.us/api/views/872g-cjhh,https://data.cityofnewyork.us/resource/872g-cjhh.json,Requires source-level review before redistribution; official/open source terms vary by publisher.,,,council district polygon,varies by source/vintage,2026-04-28T12:56:37.631412+00:00,,,Redistricting vintages matter. Value: political representation boundary,raw_metadata/new_york__872g-cjhh__page.json,
jgqm-ccbd,new_york,"City Council Districts, Water Areas Included",NYC Open Data / City agency,boundaries/council districts/water,Socrata geospatial table,https://data.cityofnewyork.us/api/views/jgqm-ccbd,https://data.cityofnewyork.us/resource/jgqm-ccbd.json,Requires source-level review before redistribution; official/open source terms vary by publisher.,,,council district polygon,varies by source/vintage,2026-04-28T12:56:37.631412+00:00,,,Use carefully with land-only metrics. Value: waterfront/coastal district views,raw_metadata/new_york__jgqm-ccbd__page.json,
mifw-tguq,new_york,Voting/Poll Sites,NYC Open Data / City agency,civic facilities/elections,Socrata table/geospatial,https://data.cityofnewyork.us/api/views/mifw-tguq,https://data.cityofnewyork.us/resource/mifw-tguq.json,Requires source-level review before redistribution; official/open source terms vary by publisher.,,,polling site,varies by source/vintage,2026-04-28T12:56:37.631412+00:00,,,Election-cycle dependent. Value: civic access geography,raw_metadata/new_york__mifw-tguq__page.json,
5zyy-y8am,new_york,NYC Building Energy and Water Data Disclosure for Local Law 84 2023 to Present,NYC Open Data / Department of Buildings,building energy/emissions/water/environment,Socrata table,https://data.cityofnewyork.us/api/views/5zyy-y8am,https://data.cityofnewyork.us/resource/5zyy-y8am.json,Requires source-level review; catalog notes may indicate OGL/NYC Open Data Terms or local portal terms.,,,building/BBL/BIN/address,snapshot / update frequency varies,2026-04-28T14:31:42.754648+00:00,,,Benchmarking universe only; owner-reported and annual; older years may be separate datasets. Value: key building performance and climate-policy layer,raw_metadata/new_york__5zyy-y8am__page.json,
nyc-hue-nyc-map-tiles-orthophotos-and-aerial-photo-history,new_york,Historical Urban Event Evidence Catalog - NYC Map Tiles orthophotos and aerial photo history,NYC Open Data / NYC agency source family,planning/development,pdf_curated_source_family,https://maps.nyc.gov/tiles/,,CC BY 4.0.,,,Raster tiles and imagery by capture cycle.,Basemap/service updates; imagery by capture cycle.,2026-04-29T16:09:13+01:00,Basemap/service updates; imagery by capture cycle.,mvp,Gold-standard visual before/after evidence and parcel-adjacent context. Recent vintages are true orthos; older vintages remain valuable context.,data/evidence-catalog/historical_urban_event_evidence_catalog.json,Extracted from attached Historical Urban Event Evidence Data Catalog PDF. Confidence: high.
nyc-hue-nyc-planimetrics-and-3d-model,new_york,Historical Urban Event Evidence Catalog - NYC planimetrics and 3D model,NYC Open Data / NYC agency source family,planning/development,pdf_curated_source_family,https://data.cityofnewyork.us/City-Government/NYC-3D-Model-by-Community-District/u5j4-zxpn,,NYC Open Data terms.,,,Buildings and community districts.,"Periodic, not continuous.",2026-04-29T16:09:13+01:00,"Periodic, not continuous.",mvp,"Useful for building snapshots and morphology. Confidence high for 3D snapshot, medium for long historical footprint continuity until each vintage is checked.",data/evidence-catalog/historical_urban_event_evidence_catalog.json,Extracted from attached Historical Urban Event Evidence Data Catalog PDF. Confidence: medium-high.
nyc-hue-pluto-mappluto-and-land-use-lot-files,new_york,Historical Urban Event Evidence Catalog - PLUTO / MapPLUTO and land-use lot files,NYC Open Data / NYC agency source family,planning/development,pdf_curated_source_family,https://data.cityofnewyork.us/search?query=PLUTO%20MapPLUTO,,NYC Open Data unrestricted reuse stated in portal FAQ; verify dataset-level metadata.,,,Tax lot.,Generally annual vintage releases.,2026-04-29T16:09:13+01:00,Generally annual vintage releases.,mvp,"Core layer for zoning, built FAR, land use, year built, units, lot area, and BBL linkage.",data/evidence-catalog/historical_urban_event_evidence_catalog.json,Extracted from attached Historical Urban Event Evidence Data Catalog PDF. Confidence: medium-high.
nyc-hue-digital-tax-map-tax-lot-geometry,new_york,Historical Urban Event Evidence Catalog - Digital Tax Map / tax lot geometry,NYC Open Data / NYC agency source family,planning/development,pdf_curated_source_family,https://data.cityofnewyork.us/Housing-Development/Department-of-Finance-Digital-Tax-Map/smk3-tmxj,,NYC Open Data terms.,,,"Tax lot, tax block, lot face.",Maintained extracts from DOF systems.,2026-04-29T16:09:13+01:00,Maintained extracts from DOF systems.,mvp,"Essential for parcel joins, BBL linkage, and event footprints.",data/evidence-catalog/historical_urban_event_evidence_catalog.json,Extracted from attached Historical Urban Event Evidence Data Catalog PDF. Confidence: high.
nyc-hue-dob-construction-filings-and-permits,new_york,Historical Urban Event Evidence Catalog - DOB construction filings and permits,NYC Open Data / NYC agency source family,planning/development,pdf_curated_source_family,https://data.cityofnewyork.us/Housing-Development/DOB-Job-Application-Filings/ic3t-wcy2,,NYC Open Data terms.,,,"Address, BIN, BBL, job, permit.",Ongoing.,2026-04-29T16:09:13+01:00,Ongoing.,mvp,"Core construction-administration stream for filings, permits, and approvals.",data/evidence-catalog/historical_urban_event_evidence_catalog.json,Extracted from attached Historical Urban Event Evidence Data Catalog PDF. Confidence: high.
nyc-hue-certificates-of-occupancy-and-housing-delivery-rollups,new_york,Historical Urban Event Evidence Catalog - Certificates of occupancy and housing delivery rollups,NYC Open Data / NYC agency source family,planning/development,pdf_curated_source_family,https://data.cityofnewyork.us/Housing-Development/DOB-Certificate-Of-Occupancy/bs8b-p36w,,NYC Open Data terms.,,,"Building, block, tract.",Ongoing for CO modules; periodic housing rollups.,2026-04-29T16:09:13+01:00,Ongoing for CO modules; periodic housing rollups.,mvp,Best proxy for “building became usable” or “housing units delivered.”,data/evidence-catalog/historical_urban_event_evidence_catalog.json,Extracted from attached Historical Urban Event Evidence Data Catalog PDF. Confidence: high.
nyc-hue-zoning-environmental-review-and-land-use-documents,new_york,"Historical Urban Event Evidence Catalog - Zoning, environmental review, and land-use documents",NYC Open Data / NYC agency source family,planning/development,pdf_curated_source_family,https://zap.planning.nyc.gov/,,Agency site terms; public documents should be handled carefully for personal data.,,,"Project, application, document.",Live / portal updates.,2026-04-29T16:09:13+01:00,Live / portal updates.,mvp,"Best for public rationale, consultations, impact studies, mitigation promises, and timelines.",data/evidence-catalog/historical_urban_event_evidence_catalog.json,Extracted from attached Historical Urban Event Evidence Data Catalog PDF. Confidence: high.
nyc-hue-street-network-and-roadway-geometry,new_york,Historical Urban Event Evidence Catalog - Street network and roadway geometry,NYC Open Data / NYC agency source family,transport/mobility,pdf_curated_source_family,https://data.cityofnewyork.us/City-Government/Centerline/inkn-q76z,,NYC Open Data terms.,,,Segment-level geometry.,Maintained.,2026-04-29T16:09:13+01:00,Maintained.,mvp,"Backbone for geocoding road events, traffic counts, curb changes, and transit links.",data/evidence-catalog/historical_urban_event_evidence_catalog.json,Extracted from attached Historical Urban Event Evidence Data Catalog PDF. Confidence: high.
nyc-hue-traffic-volume-and-vehicle-composition,new_york,Historical Urban Event Evidence Catalog - Traffic volume and vehicle composition,NYC Open Data / NYC agency source family,transport/mobility,pdf_curated_source_family,https://data.cityofnewyork.us/Transportation/Traffic-Volume-Counts-Historical-/btm5-ppia,,NYC Open Data terms.,,,Count location and segment.,"Periodic surveys, not continuous sensors.",2026-04-29T16:09:13+01:00,"Periodic surveys, not continuous sensors.",mvp,Good for before/after traffic volume and mode mix. Use repeated nearby stations; do not assume full continuity.,data/evidence-catalog/historical_urban_event_evidence_catalog.json,Extracted from attached Historical Urban Event Evidence Data Catalog PDF. Confidence: high.
nyc-hue-transit-metadata-and-real-time-routes,new_york,Historical Urban Event Evidence Catalog - Transit metadata and real-time routes,Metropolitan Transportation Authority / Open NY,transport/mobility,pdf_curated_source_family,https://api.mta.info/,,MTA / Open NY terms.,,,"Route, trip, stop, vehicle position, service alert.",Static feeds plus live APIs.,2026-04-29T16:09:13+01:00,Static feeds plus live APIs.,mvp,"Strong for route-change detection, stop inventories, service availability, and live operational overlays.",data/evidence-catalog/historical_urban_event_evidence_catalog.json,Extracted from attached Historical Urban Event Evidence Data Catalog PDF. Confidence: high.
nyc-hue-transit-ridership-and-station-access,new_york,Historical Urban Event Evidence Catalog - Transit ridership and station access,Metropolitan Transportation Authority / Open NY,transport/mobility,pdf_curated_source_family,https://data.ny.gov/Transportation/MTA-Subway-Hourly-Ridership-2020-2024/wujg-7c2s,,Open NY terms.,,,"Station complex, turnstile control area, entrance.",Daily to hourly depending on feed.,2026-04-29T16:09:13+01:00,Daily to hourly depending on feed.,mvp,"Powerful for demand deltas, but 2020-era pandemic disruption must be treated as a special context caveat.",data/evidence-catalog/historical_urban_event_evidence_catalog.json,Extracted from attached Historical Urban Event Evidence Data Catalog PDF. Confidence: high.
nyc-hue-311-complaints-and-service-requests,new_york,Historical Urban Event Evidence Catalog - 311 complaints and service requests,NYC Open Data / NYC agency source family,civic sentiment/consultation,pdf_curated_source_family,https://data.cityofnewyork.us/resource/erm2-nwe9.json?$limit=5,,NYC Open Data has no general restrictions on reuse; privacy care required.,,,"Point/address, complaint type, timestamp.",Near-continuous.,2026-04-29T16:09:13+01:00,Near-continuous.,mvp,One of the best public-opinion and nuisance-change proxies available. Minimize exposure of sensitive complaint text/location combinations.,data/evidence-catalog/historical_urban_event_evidence_catalog.json,Extracted from attached Historical Urban Event Evidence Data Catalog PDF. Confidence: high.
nyc-hue-employment-population-and-census,new_york,"Historical Urban Event Evidence Catalog - Employment, population, and census",U.S. Census Bureau,economy/demographics,pdf_curated_source_family,https://lehd.ces.census.gov/data/,,U.S. Census federal data is generally public domain; preserve Census API terms and margins of error.,,,Census tract/block group/place/county and workplace-residence geographies.,Annual / decennial depending source.,2026-04-29T16:09:13+01:00,Annual / decennial depending source.,mvp,"Core for jobs, commuting, demographic and socioeconomic baselines.",data/evidence-catalog/historical_urban_event_evidence_catalog.json,Extracted from attached Historical Urban Event Evidence Data Catalog PDF. Confidence: high.
nyc-hue-sales-valuations-and-rent-context,new_york,"Historical Urban Event Evidence Catalog - Sales, valuations, and rent context",NYC Open Data / NYC agency source family,housing/property market,pdf_curated_source_family,https://data.cityofnewyork.us/City-Government/NYC-Citywide-Annualized-Calendar-Sales-Update/w2pb-icbu,,NYC Open Data terms; survey/report products have their own usage conventions.,,,"Property, borough, neighborhood, survey geography.","Annual, triennial, or report-cycle.",2026-04-29T16:09:13+01:00,"Annual, triennial, or report-cycle.",mvp,High confidence for sales/assessments; medium-high for rent outcomes because they rely on survey/report families.,data/evidence-catalog/historical_urban_event_evidence_catalog.json,Extracted from attached Historical Urban Event Evidence Data Catalog PDF. Confidence: medium-high.
